t,p_x,p_y,p_z,q_w,q_x,q_y,q_z,v_x,v_y,v_z,w_x,w_y,w_z,a_lin_x,a_lin_y,a_lin_z,a_rot_x,a_rot_y,a_rot_z,u_1,u_2,u_3,u_4,jerk_x,jerk_y,jerk_z,snap_x,snap_y,snap_z
0,0,0,-0.02,-0,0,-0.99533,0.096555,0,0,0,0,0,0,0,0,0,0,0,0,2.2869,2.6164,2.6168,2.2865,0,0,0,-673.37,-132.59,-9.98
0.01,-2.7772e-07,-5.4394e-08,-0.02,0.0017116,0.00016487,-0.99533,0.096555,-0.0001108,-2.1673e-05,-1.6011e-06,0.0010447,0.68183,1.0026e-06,-0.033099,-0.0064595,-0.00047414,0,0,0,2.2944,2.6087,2.6074,2.2957,-6.5632,-1.275,-0.092366,-639.39,-122.46,-8.5028
0.02,-4.3982e-06,-8.568e-07,-0.02,0.0067292,0.0006366,-0.9953,0.096553,-0.00087512,-0.00017002,-1.2318e-05,0.0054896,1.3282,1.5703e-05,-0.13014,-0.025168,-0.001799,0,0,0,2.3018,2.601,2.5982,2.3047,-12.79,-2.4503,-0.17025,-606.16,-112.63,-7.083
0.03,-2.2038e-05,-4.2699e-06,-0.02,0.014876,0.0014024,-0.99535,0.095147,-0.0029157,-0.00056258,-3.9944e-05,0.0077385,1.9391,7.7789e-05,-0.28781,-0.055142,-0.0038327,0,0,0,2.3102,2.5932,2.5898,2.3139,-18.689,-3.5286,-0.23422,-573.68,-103.09,-5.7199
0.04,-6.8937e-05,-1.3283e-05,-0.020001,0.025974,0.0024196,-0.99518,0.094482,-0.0068226,-0.0013072,-9.088e-05,0.013651,2.5132,0.00024037,-0.50285,-0.095428,-0.0064388,0,0,0,2.3201,2.5863,2.582,2.3252,-24.266,-4.5131,-0.28483,-541.94,-93.846,-4.4128
0.05,-0.00016657,-3.1917e-05,-0.020002,0.039829,0.0036651,-0.99479,0.09379,-0.013153,-0.0025024,-0.00017019,0.021145,3.0472,0.00057295,-0.77209,-0.1451,-0.0094867,0,0,0,2.3331,2.5805,2.5754,2.3396,-29.53,-5.4065,-0.32266,-510.94,-84.883,-3.161
0.06,-0.00034184,-6.5132e-05,-0.020004,0.056226,0.0051088,-0.99406,0.093064,-0.022435,-0.0042375,-0.00028167,0.030143,3.5364,0.0011575,-1.0924,-0.20326,-0.012851,0,0,0,2.3506,2.5764,2.5709,2.3586,-34.488,-6.2117,-0.34823,-480.66,-76.205,-1.9636
0.07,-0.00062676,-0.00011874,-0.020008,0.074916,0.0067186,-0.99289,0.092297,-0.035162,-0.0065931,-0.00042787,0.040541,3.9746,0.0020835,-1.4608,-0.26905,-0.016412,0,0,0,2.374,2.5752,2.5694,2.3837,-39.146,-6.9315,-0.36211,-451.11,-67.806,-0.82011
0.08,-0.0010581,-0.0001993,-0.020013,0.095616,0.0084595,-0.99117,0.091481,-0.051802,-0.0096411,-0.00061019,0.052202,4.3548,0.0034414,-1.8744,-0.34162,-0.020056,0,0,0,2.4047,2.5777,2.5719,2.416,-43.512,-7.5688,-0.36481,-422.27,-59.683,0.27031
0.09,-0.0016773,-0.00031408,-0.02002,0.118,0.010294,-0.98882,0.090613,-0.072791,-0.013445,-0.0008289,0.064955,4.6702,0.0053152,-2.3301,-0.42016,-0.023673,0,0,0,2.4437,2.5853,2.5798,2.4566,-47.594,-8.1261,-0.35688,-394.13,-51.834,1.3084
0.1,-0.0025298,-0.00047092,-0.02003,0.14172,0.012183,-0.98576,0.089691,-0.098536,-0.018062,-0.0010832,0.078597,4.915,0.007775,-2.8253,-0.50388,-0.02716,0,0,0,2.4917,2.5995,2.5945,2.5061,-51.397,-8.6063,-0.33882,-366.7,-44.255,2.2948
0.11,-0.0036652,-0.00067818,-0.020042,0.16638,0.014085,-0.98196,0.088716,-0.12942,-0.023538,-0.0013713,0.092901,5.0857,0.010869,-3.3572,-0.59204,-0.030417,0,0,0,2.5491,2.6218,2.6176,2.565,-54.93,-9.0121,-0.31115,-339.96,-36.943,3.2302
0.12,-0.0051365,-0.00094468,-0.020057,0.19159,0.01596,-0.97742,0.087694,-0.16579,-0.029915,-0.0016905,0.10763,5.1812,0.01462,-3.923,-0.68389,-0.033353,0,0,0,2.616,2.6538,2.6504,2.6332,-58.199,-9.3461,-0.27438,-313.91,-29.894,4.1155
0.13,-0.0070004,-0.0012796,-0.020076,0.21697,0.017771,-0.97216,0.086632,-0.20798,-0.037226,-0.002037,0.12253,5.2039,0.019022,-4.5203,-0.77873,-0.035876,0,0,0,2.6922,2.6967,2.6944,2.7105,-61.21,-9.6108,-0.22901,-288.53,-23.105,4.9513
0.14,-0.0093166,-0.0016924,-0.020098,0.24216,0.019482,-0.96626,0.085543,-0.2563,-0.045497,-0.0024064,0.13738,5.1593,0.02404,-5.1464,-0.87588,-0.037906,0,0,0,2.7774,2.7516,2.7505,2.7965,-63.971,-9.809,-0.17552,-263.83,-16.573,5.7383
0.15,-0.012148,-0.0021928,-0.020124,0.26683,0.021063,-0.95981,0.08444,-0.311,-0.054749,-0.0027932,0.15198,5.0552,0.029616,-5.7989,-0.9747,-0.039361,0,0,0,2.8711,2.8193,2.8194,2.8909,-66.489,-9.9431,-0.1144,-239.79,-10.295,6.4773
0.16,-0.015559,-0.0027907,-0.020154,0.29071,0.02249,-0.95291,0.083337,-0.37235,-0.064994,-0.0031914,0.16617,4.9014,0.035675,-6.4754,-1.0745,-0.04017,0,0,0,2.9731,2.8999,2.9011,2.9932,-68.77,-10.016,-0.046129,-216.42,-4.2668,7.169
0.17,-0.019618,-0.003496,-0.020188,0.31359,0.023746,-0.94569,0.082248,-0.44058,-0.076241,-0.0035942,0.17981,4.7087,0.042131,-7.1735,-1.1748,-0.040262,0,0,0,3.0828,2.9933,2.9955,3.103,-70.82,-10.029,0.028825,-193.69,1.5142,7.814
0.18,-0.024394,-0.0043188,-0.020226,0.33533,0.024816,-0.93827,0.081189,-0.51589,-0.08849,-0.0039941,0.19282,4.4874,0.048898,-7.891,-1.2749,-0.039572,0,0,0,3.1999,3.0989,3.1021,3.2201,-72.646,-9.9863,0.11,-171.61,7.0515,8.4132
0.19,-0.02996,-0.0052692,-0.020268,0.35582,0.025693,-0.93075,0.08017,-0.59846,-0.10174,-0.0043829,0.20516,4.2476,0.055888,-8.6257,-1.3744,-0.038042,0,0,0,3.3241,3.2159,3.22,3.3441,-74.254,-9.8891,0.19694,-150.17,12.348,8.9672
0.2,-0.036388,-0.0063569,-0.020314,0.37502,0.026374,-0.92325,0.079204,-0.68845,-0.11597,-0.0047519,0.2168,3.9977,0.063026,-9.3754,-1.4725,-0.035616,0,0,0,3.4551,3.3433,3.3482,3.4747,-75.651,-9.7401,0.2892,-129.36,17.408,9.4768
0.21,-0.043754,-0.0075919,-0.020363,0.39291,0.02686,-0.91585,0.078301,-0.78601,-0.13118,-0.005092,0.22776,3.7448,0.070244,-10.138,-1.569,-0.032242,0,0,0,3.5924,3.4801,3.4856,3.6115,-76.843,-9.5417,0.38633,-109.17,22.234,9.9427
0.22,-0.052134,-0.0089837,-0.020415,0.40951,0.027153,-0.90861,0.077466,-0.89125,-0.14735,-0.0053935,0.23806,3.4947,0.077486,-10.912,-1.6632,-0.027875,0,0,0,3.7356,3.6252,3.6312,3.7542,-77.837,-9.2962,0.48791,-89.602,26.829,10.366
0.23,-0.061605,-0.010542,-0.02047,0.42487,0.027258,-0.90159,0.076707,-1.0043,-0.16444,-0.0056461,0.24773,3.2513,0.084708,-11.694,-1.7548,-0.022471,0,0,0,3.8843,3.7774,3.7839,3.9024,-78.637,-9.0059,0.5935,-70.642,31.197,10.746
0.24,-0.072245,-0.012275,-0.020528,0.43905,0.027181,-0.89483,0.076027,-1.1252,-0.18243,-0.0058393,0.25683,3.0178,0.091877,-12.484,-1.8432,-0.015993,0,0,0,4.038,3.9358,3.9426,4.0554,-79.251,-8.673,0.70269,-52.286,35.341,11.085
0.25,-0.084134,-0.014193,-0.020587,0.45211,0.026928,-0.88836,0.07543,-1.254,-0.20129,-0.0059622,0.2654,2.796,0.098969,-13.279,-1.9281,-0.0084063,0,0,0,4.196,4.0992,4.1063,4.2129,-79.685,-8.2998,0.81507,-34.526,39.264,11.384
0.26,-0.097351,-0.016304,-0.020647,0.46414,0.026505,-0.88219,0.074918,-1.3907,-0.22098,-0.0060036,0.2735,2.587,0.10597,-14.077,-2.0091,0.00031805,0,0,0,4.3579,4.2669,4.2743,4.3743,-79.944,-7.8884,0.93023,-17.356,42.97,11.642
0.27,-0.11198,-0.018616,-0.020707,0.4752,0.02592,-0.87634,0.074492,-1.5355,-0.24146,-0.005952,0.28117,2.3912,0.11286,-14.877,-2.0857,0.010206,0,0,0,4.5231,4.438,4.4455,4.5389,-80.034,-7.4411,1.0478,-0.7687,46.462,11.86
0.28,-0.12809,-0.021136,-0.020766,0.48536,0.02518,-0.8708,0.074152,-1.6883,-0.26268,-0.0057955,0.28846,2.2088,0.11966,-15.677,-2.1578,0.02128,0,0,0,4.6909,4.6118,4.6194,4.7062,-79.961,-6.9599,1.1673,15.243,49.743,12.041
0.29,-0.14577,-0.023871,-0.020822,0.49471,0.024289,-0.86557,0.073898,-1.849,-0.2846,-0.0055224,0.29541,2.0392,0.12634,-16.476,-2.2248,0.033558,0,0,0,4.8608,4.7874,4.7951,4.8757,-79.731,-6.4469,1.2885,30.686,52.816,12.183
0.3,-0.1651,-0.02683,-0.020876,0.5033,0.023254,-0.86065,0.073731,-2.0178,-0.30716,-0.0051203,0.30206,1.8821,0.13293,-17.271,-2.2866,0.047053,0,0,0,5.0323,4.9643,4.9721,5.0467,-79.349,-5.9042,1.4108,45.567,55.685,12.288
0.31,-0.18615,-0.030017,-0.020924,0.51119,0.022079,-0.85602,0.073649,-2.1944,-0.33031,-0.0045772,0.30845,1.7367,0.13941,-18.062,-2.3428,0.061777,0,0,0,5.2047,5.1419,5.1497,5.2187,-78.822,-5.3339,1.5341,59.893,58.353,12.356
0.32,-0.20901,-0.033438,-0.020967,0.51846,0.020771,-0.85167,0.073651,-2.379,-0.354,-0.0038807,0.3146,1.6023,0.14581,-18.847,-2.3932,0.077737,0,0,0,5.3776,5.3196,5.3275,5.3913,-78.153,-4.7378,1.6578,73.671,60.824,12.389
0.33,-0.23376,-0.037098,-0.021001,0.52514,0.019332,-0.8476,0.073737,-2.5714,-0.37815,-0.0030183,0.32055,1.478,0.15213,-19.625,-2.4375,0.094935,0,0,0,5.5504,5.4968,5.5048,5.5638,-77.35,-4.1181,1.7817,86.907,63.1,12.386
0.34,-0.26046,-0.041002,-0.021026,0.53129,0.017767,-0.84378,0.073905,-2.7715,-0.40272,-0.0019778,0.32632,1.3631,0.15838,-20.394,-2.4755,0.11337,0,0,0,5.7227,5.6732,5.6812,5.7359,-76.417,-3.4765,1.9055,99.61,65.185,12.35
0.35,-0.28921,-0.045154,-0.02104,0.53695,0.01608,-0.8402,0.074154,-2.9792,-0.42764,-0.0007468,0.33194,1.2569,0.16457,-21.153,-2.507,0.13304,0,0,0,5.894,5.8483,5.8564,5.9069,-75.36,-2.815,2.0286,111.78,67.082,12.279
0.36,-0.32007,-0.049556,-0.021041,0.54215,0.014273,-0.83685,0.074483,-3.1945,-0.45284,0.0006871,0.33741,1.1585,0.17071,-21.9,-2.5317,0.15394,0,0,0,6.0639,6.0217,6.0297,6.0766,-74.183,-2.1355,2.1509,123.44,68.794,12.176
0.37,-0.35313,-0.054211,-0.021026,0.54695,0.01235,-0.83372,0.074891,-3.4172,-0.47825,0.0023361,0.34277,1.0674,0.17681,-22.636,-2.5496,0.17606,0,0,0,6.232,6.1929,6.201,6.2445,-72.892,-1.4397,2.272,134.58,70.326,12.041
0.38,-0.38844,-0.059122,-0.020993,0.55136,0.010314,-0.83079,0.075375,-3.6472,-0.50381,0.0042122,0.34801,0.98283,0.18287,-23.358,-2.5605,0.19938,0,0,0,6.3978,6.3617,6.3698,6.4103,-71.493,-0.72954,2.3916,145.22,71.679,11.874
0.39,-0.42609,-0.064288,-0.020941,0.55542,0.0081664,-0.82805,0.075935,-3.8843,-0.52944,0.0063276,0.35317,0.90423,0.18892,-24.065,-2.5642,0.22388,0,0,0,6.5611,6.5276,6.5357,6.5735,-69.99,-0.0067085,2.5094,155.35,72.858,11.676
0.4,-0.46615,-0.06971,-0.020866,0.55916,0.0059102,-0.8255,0.076569,-4.1284,-0.55507,0.0086938,0.35824,0.83105,0.19495,-24.757,-2.5606,0.24956,0,0,0,6.7215,6.6904,6.6986,6.7338,-68.388,0.72704,2.6251,164.99,73.865,11.449
0.41,-0.50868,-0.075389,-0.020766,0.56259,0.0035474,-0.82311,0.077276,-4.3794,-0.58063,0.011323,0.36323,0.76279,0.20098,-25.433,-2.5496,0.27638,0,0,0,6.8786,6.8497,6.858,6.8909,-66.692,1.47,2.7383,174.15,74.704,11.192
0.42,-0.55376,-0.081322,-0.020638,0.56574,0.0010803,-0.82088,0.078054,-4.637,-0.60604,0.014225,0.36816,0.699,0.20702,-26.091,-2.5312,0.30431,0,0,0,7.0323,7.0053,7.0136,7.0445,-64.906,2.2206,2.8488,182.83,75.378,10.906
0.43,-0.60144,-0.087509,-0.020481,0.56863,-0.0014894,-0.8188,0.078901,-4.9011,-0.63122,0.017412,0.37303,0.63925,0.21307,-26.731,-2.5052,0.33334,0,0,0,7.1821,7.157,7.1654,7.1944,-63.037,2.9771,2.9563,191.03,75.891,10.593
0.44,-0.6518,-0.093946,-0.020289,0.57127,-0.0041595,-0.81686,0.079816,-5.1716,-0.65611,0.020895,0.37785,0.58316,0.21915,-27.351,-2.4716,0.36343,0,0,0,7.3279,7.3044,7.3129,7.3402,-61.087,3.7379,3.0606,198.77,76.246,10.253
0.45,-0.7049,-0.10063,-0.020062,0.57368,-0.0069282,-0.81506,0.080796,-5.4481,-0.68063,0.024684,0.38262,0.53039,0.22526,-27.952,-2.4304,0.39454,0,0,0,7.4694,7.4474,7.4559,7.4818,-59.063,4.5014,3.1613,206.06,76.445,9.8859
0.46,-0.76078,-0.10756,-0.019795,0.57587,-0.0097937,-0.81338,0.081841,-5.7305,-0.7047,0.02879,0.38735,0.48061,0.2314,-28.532,-2.3816,0.42664,0,0,0,7.6064,7.5858,7.5944,7.6188,-56.968,5.2663,3.2582,212.89,76.493,9.4934
0.47,-0.81953,-0.11472,-0.019485,0.57785,-0.012754,-0.81181,0.082947,-6.0187,-0.72824,0.03322,0.39204,0.43355,0.2376,-29.091,-2.3251,0.45969,0,0,0,7.7387,7.7193,7.728,7.7512,-54.806,6.0308,3.3511,219.27,76.393,9.076
0.48,-0.88118,-0.12212,-0.019129,0.57965,-0.015808,-0.81036,0.084114,-6.3123,-0.75117,0.037986,0.39669,0.38893,0.24385,-29.628,-2.261,0.49365,0,0,0,7.8661,7.8478,7.8566,7.8787,-52.584,6.7936,3.4396,225.22,76.147,8.6343
0.49,-0.94579,-0.12974,-0.018724,0.58125,-0.018952,-0.80901,0.085338,-6.6112,-0.77343,0.043096,0.4013,0.34653,0.25017,-30.143,-2.1892,0.52847,0,0,0,7.9884,7.9711,7.98,8.0011,-50.303,7.5533,3.5237,230.74,75.76,8.1692
0.5,-1.0134,-0.13759,-0.018266,0.58268,-0.022186,-0.80777,0.086618,-6.9151,-0.79493,0.048559,0.40589,0.30612,0.25655,-30.634,-2.1099,0.56411,0,0,0,8.1054,8.089,8.0981,8.1182,-47.97,8.3084,3.603,235.84,75.234,7.6812
0.51,-1.0841,-0.14564,-0.017751,0.58394,-0.025508,-0.80661,0.087951,-7.2238,-0.8156,0.054381,0.41044,0.2675,0.26302,-31.102,-2.0231,0.60051,0,0,0,8.2171,8.2015,8.2107,8.2301,-45.588,9.0575,3.6772,240.52,74.573,7.1712
0.52,-1.1579,-0.15389,-0.017177,0.58504,-0.028915,-0.80555,0.089336,-7.537,-0.83537,0.060571,0.41496,0.2305,0.26957,-31.546,-1.9288,0.63763,0,0,0,8.3232,8.3084,8.3177,8.3364,-43.161,9.7994,3.7463,244.78,73.78,6.6398
0.53,-1.2349,-0.16234,-0.016539,0.58599,-0.032405,-0.80457,0.090768,-7.8546,-0.85415,0.067136,0.41946,0.19495,0.27621,-31.965,-1.8271,0.67542,0,0,0,8.4237,8.4096,8.4191,8.4371,-40.694,10.533,3.81,248.65,72.858,6.0878
0.54,-1.315,-0.17097,-0.015833,0.58678,-0.035977,-0.80367,0.092247,-8.1762,-0.87189,0.074082,0.42392,0.16069,0.28295,-32.36,-1.7182,0.71382,0,0,0,8.5185,8.505,8.5146,8.532,-38.189,11.256,3.868,252.12,71.811,5.5159
0.55,-1.3984,-0.17978,-0.015056,0.58743,-0.039628,-0.80285,0.093768,-8.5017,-0.88849,0.081414,0.42836,0.12758,0.2898,-32.729,-1.602,0.75276,0,0,0,8.6075,8.5945,8.6042,8.6212,-35.653,11.969,3.9202,255.2,70.642,4.9248
0.56,-1.4851,-0.18874,-0.014203,0.58793,-0.043357,-0.8021,0.09533,-8.8307,-0.9039,0.089139,0.43277,0.095507,0.29676,-33.073,-1.4788,0.7922,0,0,0,8.6905,8.678,8.6879,8.7044,-33.087,12.669,3.9664,257.9,69.354,4.3153
0.57,-1.575,-0.19785,-0.013272,0.5883,-0.04716,-0.80142,0.096929,-9.1631,-0.91805,0.09726,0.43715,0.064337,0.30384,-33.39,-1.3487,0.83207,0,0,0,8.7675,8.7555,8.7656,8.7817,-30.496,13.355,4.0065,260.23,67.951,3.688
0.58,-1.6683,-0.2071,-0.012257,0.58853,-0.051036,-0.80082,0.098563,-9.4985,-0.93086,0.10578,0.4415,0.033965,0.31105,-33.682,-1.2118,0.87231,0,0,0,8.8385,8.8268,8.8372,8.8529,-27.883,14.027,4.0401,262.18,66.435,3.0437
0.59,-1.765,-0.21646,-0.011155,0.58864,-0.054983,-0.80027,0.10023,-9.8366,-0.94226,0.11471,0.44582,0.004288,0.3184,-33.948,-1.0682,0.91285,0,0,0,8.9035,8.8921,8.9027,8.9181,-25.253,14.684,4.0673,263.78,64.811,2.3831
0.6,-1.8651,-0.22594,-0.0099614,0.58861,-0.058998,-0.7998,0.10192,-10.177,-0.9522,0.12404,0.45011,-0.024788,0.32589,-34.187,-0.91816,0.95363,0,0,0,8.9623,8.9512,8.962,8.9772,-22.609,15.323,4.0877,265.02,63.081,1.7069
0.61,-1.9686,-0.2355,-0.0086727,0.58845,-0.063078,-0.79938,0.10364,-10.52,-0.9606,0.13378,0.45437,-0.053352,0.33352,-34.4,-0.7618,0.99458,0,0,0,9.0149,9.004,9.0151,9.0301,-19.954,15.945,4.1014,265.91,61.248,1.0158
0.62,-2.0755,-0.24514,-0.0072845,0.58816,-0.067222,-0.79902,0.10538,-10.865,-0.96741,0.14393,0.4586,-0.081486,0.34132,-34.586,-0.59932,1.0356,0,0,0,9.0614,9.0507,9.062,9.0768,-17.292,16.548,4.108,266.46,59.317,0.31068
0.63,-2.1859,-0.25485,-0.0057927,0.58776,-0.071426,-0.79873,0.10713,-11.212,-0.97257,0.15449,0.4628,-0.10927,0.34928,-34.746,-0.43091,1.0767,0,0,0,9.1017,9.0912,9.1028,9.1175,-14.626,17.131,4.1075,266.68,57.289,-0.40791
0.64,-2.2997,-0.26459,-0.0041933,0.58722,-0.075689,-0.79849,0.1089,-11.56,-0.97601,0.16547,0.46696,-0.13677,0.35741,-34.879,-0.25678,1.1178,0,0,0,9.1359,9.1255,9.1374,9.1519,-11.96,17.693,4.0998,266.57,55.17,-1.1392
0.65,-2.4171,-0.27436,-0.002482,0.58657,-0.080008,-0.7983,0.11068,-11.909,-0.97769,0.17685,0.47109,-0.16407,0.36572,-34.985,-0.077123,1.1587,0,0,0,9.1639,9.1536,9.1658,9.1803,-9.2957,18.234,4.0847,266.14,52.961,-1.8824
0.66,-2.5379,-0.28414,-0.00065494,0.58579,-0.084379,-0.79818,0.11247,-12.26,-0.97754,0.18864,0.47518,-0.19122,0.37422,-35.065,0.10783,1.1994,0,0,0,9.1858,9.1755,9.188,9.2025,-6.6377,18.752,4.0621,265.4,50.666,-2.6369
0.67,-2.6623,-0.2939,0.0012921,0.58488,-0.088802,-0.7981,0.11426,-12.611,-0.97551,0.20084,0.47924,-0.21829,0.38292,-35.118,0.29784,1.2399,0,0,0,9.2016,9.1913,9.2042,9.2186,-3.9887,19.247,4.0319,264.35,48.288,-3.4019
0.68,-2.7901,-0.30364,0.0033631,0.58386,-0.093272,-0.79809,0.11605,-12.962,-0.97156,0.21344,0.48326,-0.24534,0.39182,-35.145,0.49269,1.28,0,0,0,9.2113,9.201,9.2142,9.2287,-1.3517,19.718,3.9941,263.01,45.831,-4.1768
0.69,-2.9215,-0.31333,0.0055621,0.58271,-0.097788,-0.79812,0.11783,-13.313,-0.96564,0.22643,0.48725,-0.27242,0.40093,-35.145,0.69211,1.3198,0,0,0,9.215,9.2047,9.2183,9.2328,1.2705,20.163,3.9484,261.37,43.298,-4.9607
0.7,-3.0564,-0.32295,0.0078931,0.58144,-0.10235,-0.79821,0.1196,-13.665,-0.95771,0.23983,0.49119,-0.2996,0.41026,-35.119,0.89587,1.359,0,0,0,9.2128,9.2024,9.2164,9.2309,3.8748,20.583,3.8948,259.45,40.693,-5.7529
0.71,-3.1948,-0.33248,0.01036,0.58005,-0.10694,-0.79836,0.12136,-14.016,-0.94771,0.25361,0.49509,-0.32692,0.41983,-35.068,1.1037,1.3976,0,0,0,9.2047,9.1941,9.2086,9.2232,6.4585,20.977,3.8333,257.24,38.017,-6.5528
0.72,-3.3367,-0.34189,0.012967,0.57853,-0.11158,-0.79856,0.12311,-14.366,-0.93562,0.26778,0.49896,-0.35443,0.42963,-34.99,1.3153,1.4356,0,0,0,9.1908,9.1801,9.1949,9.2097,9.0188,21.343,3.7637,254.77,35.276,-7.3597
0.73,-3.4821,-0.35118,0.015717,0.57689,-0.11625,-0.79881,0.12483,-14.715,-0.9214,0.28232,0.50278,-0.3822,0.43968,-34.887,1.5305,1.4729,0,0,0,9.1712,9.1602,9.1756,9.1904,11.553,21.682,3.6861,252.03,32.472,-8.1727
0.74,-3.631,-0.36032,0.018614,0.57512,-0.12096,-0.79912,0.12652,-15.064,-0.905,0.29723,0.50656,-0.41027,0.44999,-34.759,1.7489,1.5093,0,0,0,9.1459,9.1347,9.1505,9.1656,14.059,21.993,3.6003,249.04,29.608,-8.9912
0.75,-3.7834,-0.36927,0.021663,0.57323,-0.12569,-0.79949,0.12819,-15.411,-0.88641,0.31251,0.51029,-0.43868,0.46057,-34.606,1.9702,1.5449,0,0,0,9.1151,9.1036,9.1199,9.1352,16.533,22.274,3.5062,245.79,26.688,-9.8145
0.76,-3.9392,-0.37804,0.024866,0.5712,-0.13045,-0.79991,0.12982,-15.756,-0.86559,0.32813,0.51398,-0.4675,0.47142,-34.429,2.1943,1.5794,0,0,0,9.0788,9.067,9.0839,9.0993,18.974,22.526,3.404,242.3,23.715,-10.642
0.77,-4.0985,-0.38658,0.028226,0.56905,-0.13524,-0.80039,0.13141,-16.099,-0.84252,0.34409,0.51762,-0.49676,0.48257,-34.227,2.4207,1.6129,0,0,0,9.0372,9.0251,9.0425,9.0581,21.378,22.748,3.2934,238.58,20.692,-11.472
0.78,-4.2612,-0.39488,0.031749,0.56677,-0.14005,-0.80093,0.13296,-16.44,-0.81717,0.36038,0.52121,-0.52651,0.494,-34.001,2.6491,1.6453,0,0,0,8.9903,8.9779,8.9959,9.0117,23.744,22.94,3.1745,234.62,17.622,-12.306
0.79,-4.4273,-0.40291,0.035435,0.56435,-0.14489,-0.80152,0.13445,-16.779,-0.78953,0.37699,0.52476,-0.55681,0.50575,-33.752,2.8793,1.6764,0,0,0,8.9384,8.9255,8.9441,8.9602,26.07,23.101,3.0473,230.44,14.51,-13.141
0.8,-4.5968,-0.41066,0.039289,0.56179,-0.14974,-0.80218,0.1359,-17.115,-0.75958,0.39391,0.52825,-0.58771,0.51782,-33.48,3.111,1.7062,0,0,0,8.8814,8.8681,8.8874,8.9037,28.353,23.23,2.9117,226.05,11.357,-13.977
0.81,-4.7696,-0.4181,0.043314,0.5591,-0.1546,-0.8029,0.13729,-17.449,-0.7273,0.41111,0.53169,-0.61924,0.53021,-33.185,3.3438,1.7346,0,0,0,8.8197,8.8058,8.8258,8.8424,30.59,23.328,2.7677,221.44,8.1684,-14.813
0.82,-4.9457,-0.4252,0.047513,0.55627,-0.15949,-0.80369,0.13862,-17.779,-0.6927,0.42859,0.53508,-0.65148,0.54295,-32.868,3.5775,1.7615,0,0,0,8.7532,8.7388,8.7595,8.7764,32.781,23.393,2.6154,216.63,4.9461,-15.65
0.83,-5.1252,-0.43194,0.051887,0.5533,-0.16438,-0.80453,0.13988,-18.106,-0.65575,0.44634,0.53841,-0.68445,0.55603,-32.53,3.8116,1.7869,0,0,0,8.6821,8.6672,8.6886,8.7058,34.922,23.427,2.4547,211.63,1.6938,-16.485
0.84,-5.3078,-0.43831,0.05644,0.55018,-0.16929,-0.80545,0.14108,-18.429,-0.61646,0.46432,0.54169,-0.71822,0.56948,-32.17,4.0459,1.8106,0,0,0,8.6067,8.5911,8.6133,8.6308,37.013,23.427,2.2857,206.44,-1.5853,-17.319
0.85,-5.4937,-0.44427,0.061174,0.54691,-0.1742,-0.80643,0.14219,-18.749,-0.57483,0.48254,0.5449,-0.75284,0.5833,-31.79,4.28,1.8325,0,0,0,8.5269,8.5107,8.5337,8.5516,39.05,23.395,2.1084,201.07,-4.8878,-18.15
0.86,-5.6828,-0.4498,0.066092,0.54349,-0.17912,-0.80748,0.14323,-19.065,-0.53086,0.50097,0.54805,-0.78836,0.59751,-31.389,4.5137,1.8527,0,0,0,8.4431,8.4262,8.4501,8.4682,41.033,23.329,1.9227,195.52,-8.2105,-18.978
0.87,-5.875,-0.45487,0.071194,0.53991,-0.18405,-0.8086,0.14418,-19.377,-0.48456,0.51959,0.55113,-0.82483,0.61211,-30.969,4.7465,1.871,0,0,0,8.3554,8.3377,8.3624,8.381,42.96,23.23,1.7288,189.81,-11.55,-19.802
0.88,-6.0703,-0.45948,0.076484,0.53617,-0.18898,-0.80979,0.14504,-19.684,-0.43594,0.53838,0.55415,-0.86232,0.62713,-30.53,4.9782,1.8873,0,0,0,8.2638,8.2453,8.271,8.2899,44.829,23.098,1.5267,183.93,-14.903,-20.621
0.89,-6.2687,-0.46359,0.081962,0.53227,-0.19391,-0.81106,0.14581,-19.987,-0.385,0.55733,0.55708,-0.90087,0.64256,-30.073,5.2084,1.9015,0,0,0,8.1687,8.1493,8.176,8.1952,46.638,22.932,1.3164,177.91,-18.267,-21.435
0.9,-6.4701,-0.46717,0.087631,0.52821,-0.19885,-0.8124,0.14648,-20.286,-0.33178,0.5764,0.55994,-0.94055,0.65842,-29.598,5.4367,1.9136,0,0,0,8.0701,8.0499,8.0775,8.0972,48.387,22.733,1.098,171.73,-21.637,-22.243
0.91,-6.6744,-0.47021,0.093491,0.52397,-0.20378,-0.81382,0.14705,-20.579,-0.27628,0.59559,0.56271,-0.98141,0.67472,-29.105,5.6629,1.9234,0,0,0,7.9684,7.9471,7.9758,7.9958,50.073,22.5,0.87158,165.41,-25.011,-23.044
0.92,-6.8816,-0.47269,0.099543,0.51955,-0.20872,-0.81532,0.1475,-20.868,-0.21853,0.61486,0.56539,-1.0235,0.69147,-28.597,5.8866,1.931,0,0,0,7.8635,7.8412,7.871,7.8914,51.695,22.233,0.63716,158.97,-28.386,-23.838
0.93,-7.0917,-0.47458,0.10579,0.51495,-0.21365,-0.8169,0.14785,-21.151,-0.15856,0.6342,0.56797,-1.0669,0.70869,-28.072,6.1074,1.9361,0,0,0,7.7558,7.7324,7.7634,7.7842,53.251,21.932,0.39485,152.39,-31.757,-24.624
0.94,-7.3046,-0.47585,0.11223,0.51016,-0.21857,-0.81856,0.14807,-21.429,-0.09639,0.65358,0.57044,-1.1117,0.72637,-27.532,6.3251,1.9388,0,0,0,7.6454,7.6208,7.653,7.6742,54.742,21.598,0.14472,145.7,-35.123,-25.4
0.95,-7.5203,-0.4765,0.11886,0.50518,-0.22349,-0.8203,0.14817,-21.702,-0.032064,0.67297,0.57279,-1.1579,0.74454,-26.977,6.5393,1.939,0,0,0,7.5326,7.5067,7.5401,7.5617,56.165,21.229,-0.11312,138.89,-38.479,-26.167
0.96,-7.7387,-0.47649,0.12569,0.5,-0.2284,-0.82212,0.14814,-21.969,0.034383,0.69235,0.57502,-1.2055,0.76319,-26.409,6.7496,1.9365,0,0,0,7.4174,7.3902,7.425,7.4469,57.52,20.828,-0.37859,131.98,-41.823,-26.923
0.97,-7.9597,-0.4758,0.13271,0.49461,-0.23331,-0.82403,0.14797,-22.23,0.10291,0.71169,0.57711,-1.2548,0.78234,-25.827,6.9557,1.9314,0,0,0,7.3002,7.2716,7.3077,7.33,58.804,20.393,-0.65156,124.97,-45.15,-27.669
0.98,-8.1832,-0.47442,0.13992,0.48901,-0.2382,-0.82603,0.14767,-22.485,0.17348,0.73097,0.57905,-1.3056,0.80198,-25.233,7.1573,1.9235,0,0,0,7.181,7.151,7.1885,7.2112,60.019,19.925,-0.93192,117.87,-48.458,-28.402
0.99,-8.4093,-0.47233,0.14733,0.48318,-0.24309,-0.82811,0.14721,-22.735,0.24604,0.75015,0.58081,-1.3581,0.82213,-24.627,7.3541,1.9127,0,0,0,7.0602,7.0287,7.0676,7.0907,61.161,19.424,-1.2196,110.68,-51.744,-29.123
1,-8.6379,-0.4695,0.15492,0.47713,-0.24796,-0.83028,0.14661,-22.978,0.32055,0.76921,0.5824,-1.4123,0.84278,-24.01,7.5457,1.8991,0,0,0,6.938,6.9048,6.9452,6.9686,62.232,18.89,-1.5143,103.42,-55.003,-29.831
1.01,-8.8689,-0.46591,0.16271,0.47084,-0.25282,-0.83254,0.14584,-23.215,0.39694,0.78812,0.58379,-1.4683,0.86394,-23.382,7.7318,1.8824,0,0,0,6.8144,6.7796,6.8216,6.8453,63.229,18.324,-1.8161,96.082,-58.234,-30.525
1.02,-9.1022,-0.46155,0.17068,0.4643,-0.25766,-0.83488,0.14492,-23.445,0.47516,0.80685,0.58495,-1.5261,0.88561,-22.745,7.9121,1.8627,0,0,0,6.6899,6.6532,6.6968,6.7208,64.153,17.726,-2.1248,88.683,-61.432,-31.203
1.03,-9.3378,-0.4564,0.17885,0.45752,-0.26249,-0.83731,0.14382,-23.67,0.55516,0.82537,0.58587,-1.5858,0.90777,-22.1,8.0862,1.8399,0,0,0,6.5644,6.5259,6.5712,6.5954,65.003,17.096,-2.4402,81.228,-64.594,-31.867
1.04,-9.5756,-0.45044,0.18719,0.45046,-0.26729,-0.83983,0.14255,-23.887,0.63687,0.84364,0.58652,-1.6475,0.93043,-21.446,8.2539,1.8139,0,0,0,6.4384,6.3979,6.4448,6.4692,65.778,16.434,-2.7621,73.722,-67.717,-32.514
1.05,-9.8155,-0.44366,0.19572,0.44314,-0.27208,-0.84243,0.14109,-24.098,0.72022,0.86164,0.58688,-1.711,0.95356,-20.784,8.4148,1.7846,0,0,0,6.3119,6.2693,6.3181,6.3426,66.477,15.741,-3.0904,66.173,-70.798,-33.145
1.06,-10.057,-0.43603,0.20442,0.43553,-0.27684,-0.84512,0.13945,-24.303,0.80514,0.87932,0.5869,-1.7766,0.97717,-20.116,8.5686,1.7521,0,0,0,6.1852,6.1405,6.191,6.2157,67.101,15.018,-3.4249,58.588,-73.834,-33.758
1.07,-10.302,-0.42755,0.2133,0.42763,-0.28157,-0.84789,0.13761,-24.501,0.89157,0.89667,0.58657,-1.8442,1.0012,-19.443,8.7151,1.7161,0,0,0,6.0585,6.0116,6.064,6.0886,67.649,14.265,-3.7655,50.973,-76.82,-34.352
1.08,-10.547,-0.4182,0.22235,0.41943,-0.28628,-0.85073,0.13557,-24.692,0.97942,0.91363,0.58584,-1.9137,1.0257,-18.764,8.8538,1.6767,0,0,0,5.932,5.8828,5.9371,5.9617,68.12,13.482,-4.1119,43.336,-79.754,-34.927
1.09,-10.795,-0.40796,0.23157,0.41091,-0.29095,-0.85365,0.13332,-24.876,1.0686,0.93019,0.58468,-1.9853,1.0506,-18.08,8.9846,1.6339,0,0,0,5.8059,5.7543,5.8105,5.835,68.516,12.67,-4.464,35.684,-82.633,-35.483
1.1,-11.045,-0.39682,0.24096,0.40207,-0.29558,-0.85665,0.13086,-25.053,1.1591,0.9463,0.58304,-2.0589,1.0758,-17.394,9.1071,1.5875,0,0,0,5.6805,5.6264,5.6846,5.7088,68.834,11.829,-4.8215,28.023,-85.453,-36.018
1.11,-11.296,-0.38477,0.2505,0.3929,-0.30018,-0.85971,0.12817,-25.224,1.2507,0.96193,0.58087,-2.1343,1.1014,-16.704,9.2211,1.5374,0,0,0,5.5558,5.4993,5.5594,5.5832,69.076,10.961,-5.1842,20.361,-88.211,-36.532
1.12,-11.549,-0.3718,0.26019,0.38339,-0.30472,-0.86283,0.12526,-25.387,1.3435,0.97703,0.57812,-2.2117,1.1273,-16.012,9.3263,1.4837,0,0,0,5.4322,5.3731,5.4352,5.4585,69.241,10.065,-5.552,12.703,-90.904,-37.024
1.13,-11.804,-0.3579,0.27004,0.37351,-0.30922,-0.866,0.12211,-25.544,1.4372,0.99159,0.57474,-2.2909,1.1534,-15.319,9.4223,1.4264,0,0,0,5.3098,5.2481,5.3121,5.3348,69.33,9.1432,-5.9247,5.0582,-93.528,-37.494
1.14,-12.06,-0.34305,0.28002,0.36328,-0.31366,-0.86922,0.11873,-25.694,1.5319,1.0055,0.57066,-2.3718,1.1796,-14.626,9.509,1.3652,0,0,0,5.1888,5.1244,5.1905,5.2123,69.343,8.1951,-6.3018,-2.5677,-96.08,-37.94
1.15,-12.318,-0.32726,0.29015,0.35267,-0.31804,-0.87248,0.1151,-25.837,1.6274,1.0189,0.56583,-2.4542,1.206,-13.933,9.5861,1.3003,0,0,0,5.0694,5.0023,5.0703,5.0912,69.279,7.2219,-6.6834,-10.168,-98.557,-38.361
1.16,-12.577,-0.3105,0.3004,0.34168,-0.32234,-0.87577,0.11121,-25.973,1.7236,1.0315,0.56017,-2.5381,1.2324,-13.241,9.6534,1.2316,0,0,0,4.9517,4.8819,4.9519,4.9716,69.139,6.2242,-7.069,-17.735,-100.96,-38.758
1.17,-12.837,-0.29278,0.31078,0.3303,-0.32657,-0.87908,0.10707,-26.101,1.8204,1.0435,0.55361,-2.6232,1.2588,-12.55,9.7105,1.1589,0,0,0,4.836,4.7634,4.8354,4.8536,68.924,5.203,-7.4585,-25.262,-103.27,-39.13
1.18,-13.099,-0.27409,0.32127,0.31852,-0.33071,-0.8824,0.10267,-26.224,1.9178,1.0547,0.54607,-2.7093,1.2851,-11.862,9.7574,1.0824,0,0,0,4.7224,4.6471,4.721,4.7376,68.634,4.1591,-7.8515,-32.742,-105.5,-39.475
1.19,-13.362,-0.25443,0.33187,0.30634,-0.33476,-0.88571,0.098006,-26.339,2.0155,1.0651,0.53748,-2.7961,1.3112,-11.178,9.7937,1.0019,0,0,0,4.6109,4.533,4.6087,4.6234,68.27,3.0932,-8.2479,-40.169,-107.65,-39.793
1.2,-13.626,-0.23378,0.34257,0.29375,-0.3387,-0.88901,0.093072,-26.447,2.1136,1.0747,0.52774,-2.8834,1.337,-10.497,9.8192,0.91741,0,0,0,4.5019,4.4214,4.4989,4.5114,67.831,2.0064,-8.6473,-47.535,-109.7,-40.084
1.21,-13.891,-0.21216,0.35336,0.28075,-0.34252,-0.89227,0.087869,-26.549,2.2119,1.0835,0.51675,-2.9709,1.3624,-9.8214,9.8337,0.82893,0,0,0,4.3953,4.3123,4.3915,4.4017,67.319,0.89955,-9.0494,-54.833,-111.66,-40.346
1.22,-14.157,-0.18954,0.36423,0.26733,-0.34622,-0.89548,0.082395,-26.644,2.3102,1.0913,0.50444,-3.0581,1.3873,-9.1511,9.8371,0.73641,0,0,0,4.2913,4.2059,4.2868,4.2942,66.735,-0.22639,-9.4541,-62.057,-113.51,-40.579
1.23,-14.424,-0.16595,0.37518,0.2535,-0.34977,-0.89862,0.07665,-26.732,2.4086,1.0982,0.49069,-3.1448,1.4116,-8.487,9.8291,0.63984,0,0,0,4.1901,4.1023,4.1848,4.1893,66.078,-1.3704,-9.8609,-69.2,-115.27,-40.782
1.24,-14.691,-0.14137,0.38619,0.23926,-0.35317,-0.90169,0.070634,-26.813,2.5068,1.1041,0.47541,-3.2306,1.4353,-7.8298,9.8096,0.53919,0,0,0,4.0915,4.0017,4.0856,4.0868,65.351,-2.5315,-10.27,-76.254,-116.92,-40.954
1.25,-14.96,-0.11582,0.39726,0.22461,-0.3564,-0.90465,0.064351,-26.888,2.6047,1.109,0.45849,-3.315,1.4581,-7.1802,9.7784,0.43444,0,0,0,3.9959,3.904,3.9893,3.987,64.554,-3.7085,-10.68,-83.213,-118.47,-41.096
1.26,-15.229,-0.089281,0.40837,0.20957,-0.35945,-0.90749,0.057804,-26.957,2.7023,1.1128,0.43981,-3.3976,1.4802,-6.5389,9.7354,0.32559,0,0,0,3.903,3.8094,3.896,3.8898,63.687,-4.9005,-11.091,-90.071,-119.9,-41.205
1.27,-15.499,-0.061772,0.41951,0.19413,-0.3623,-0.9102,0.050999,-27.019,2.7994,1.1155,0.41927,-3.478,1.5013,-5.9067,9.6804,0.21261,0,0,0,3.8131,3.7178,3.8058,3.7955,62.753,-6.1062,-11.504,-96.819,-121.22,-41.281
1.28,-15.769,-0.033295,0.43067,0.17831,-0.36493,-0.91274,0.043942,-27.075,2.8959,1.117,0.39676,-3.5559,1.5215,-5.2841,9.6132,0.095506,0,0,0,3.7261,3.6294,3.7186,3.7039,61.751,-7.3245,-11.917,-103.45,-122.42,-41.324
1.29,-16.04,-0.0038569,0.44185,0.16212,-0.36734,-0.91511,0.036642,-27.125,2.9916,1.1173,0.37214,-3.6307,1.5407,-4.6719,9.5339,-0.02573,0,0,0,3.642,3.5441,3.6344,3.6151,60.684,-8.5542,-12.33,-109.96,-123.5,-41.333
1.3,-16.312,0.026534,0.45302,0.14558,-0.36951,-0.91729,0.029108,-27.169,3.0865,1.1165,0.3453,-3.7023,1.5588,-4.0706,9.4421,-0.1511,0,0,0,3.5607,3.4618,3.5533,3.5292,59.552,-9.7941,-12.743,-116.34,-124.45,-41.306
1.31,-16.584,0.05787,0.46417,0.12871,-0.37141,-0.91926,0.021354,-27.206,3.1804,1.1143,0.31612,-3.7702,1.576,-3.481,9.3379,-0.2806,0,0,0,3.4823,3.3825,3.4753,3.4461,58.358,-11.043,-13.156,-122.58,-125.28,-41.244
1.32,-16.856,0.090139,0.4753,0.11153,-0.37303,-0.921,0.013392,-27.238,3.2732,1.1108,0.28446,-3.8343,1.5922,-2.9037,9.2212,-0.41422,0,0,0,3.4066,3.3061,3.4002,3.3659,57.101,-12.299,-13.568,-128.68,-125.98,-41.146
1.33,-17.129,0.12333,0.48638,0.094053,-0.37435,-0.92249,0.0052355,-27.264,3.3648,1.106,0.25018,-3.8943,1.6075,-2.3392,9.0919,-0.55196,0,0,0,3.3336,3.2325,3.3281,3.2886,55.784,-13.562,-13.979,-134.63,-126.54,-41.011
1.34,-17.401,0.15743,0.49741,-0.076307,0.37536,0.92373,0.0030979,-27.285,3.455,1.0998,0.21313,-3.9502,1.622,-1.7882,8.95,-0.6938,0,0,0,3.2631,3.1615,3.2588,3.214,54.409,-14.83,-14.388,-140.42,-126.96,-40.838
1.35,-17.674,0.19243,0.50838,-0.058314,0.37604,0.92469,0.011592,-27.3,3.5438,1.0921,0.17316,-4.0021,1.6359,-1.2512,8.7953,-0.83972,0,0,0,3.195,3.093,3.1923,3.1422,52.977,-16.101,-14.796,-146.05,-127.24,-40.626
1.36,-17.947,0.2283,0.51925,-0.040095,0.37637,0.92538,0.020228,-27.31,3.6309,1.083,0.13009,-4.0499,1.6493,-0.72886,8.628,-0.9897,0,0,0,3.1293,3.0269,3.1284,3.073,51.489,-17.374,-15.201,-151.5,-127.38,-40.375
1.37,-18.22,0.26504,0.53003,-0.021674,0.37633,0.92578,0.028986,-27.315,3.7163,1.0723,0.08373,-4.094,1.6626,-0.22164,8.4479,-1.1437,0,0,0,3.0657,2.9628,3.0671,3.0065,49.947,-18.648,-15.603,-156.78,-127.37,-40.084
1.38,-18.494,0.30262,0.54069,-0.0030712,0.3759,0.92588,0.037848,-27.315,3.7998,1.0601,0.033857,-4.1347,1.6759,0.26991,8.255,-1.3018,0,0,0,3.0042,2.9006,3.0082,2.9424,48.354,-19.921,-16.002,-161.87,-127.21,-39.752
1.39,-18.767,0.34103,0.55123,0.015694,0.37506,0.92569,0.046792,-27.31,3.8813,1.0463,-0.019772,-4.1723,1.6897,0.74527,8.0494,-1.4638,0,0,0,2.9445,2.8401,2.9516,2.8808,46.71,-21.192,-16.398,-166.77,-126.9,-39.379
1.4,-19.04,0.38024,0.56161,0.034603,0.37379,0.92518,0.055796,-27.3,3.9607,1.0308,-0.077444,-4.2074,1.7042,1.204,7.8312,-1.6297,0,0,0,2.8865,2.781,2.8971,2.8214,45.019,-22.458,-16.79,-171.47,-126.43,-38.964
1.41,-19.313,0.42023,0.57184,0.053642,0.37208,0.92438,0.06484,-27.286,4.0379,1.0137,-0.13949,-4.2407,1.7199,1.6455,7.6003,-1.7995,0,0,0,2.8299,2.723,2.8446,2.7642,43.281,-23.72,-17.177,-175.97,-125.8,-38.506
1.42,-19.585,0.46099,0.58188,0.072801,0.36988,0.92327,0.073899,-27.267,4.1127,0.9948,-0.20629,-4.2728,1.7372,2.0694,7.3568,-1.9732,0,0,0,2.7747,2.666,2.7941,2.709,41.5,-24.974,-17.56,-180.25,-125,-38.005
1.43,-19.858,0.50248,0.59173,0.09207,0.36717,0.92186,0.08295,-27.244,4.185,0.97418,-0.2783,-4.3045,1.7568,2.4754,7.1008,-2.1507,0,0,0,2.7207,2.6096,2.7453,2.6558,39.677,-26.219,-17.937,-184.31,-124.04,-37.459
1.44,-20.13,0.54468,0.60136,0.11145,0.36393,0.92015,0.091969,-27.217,4.2547,0.95177,-0.35606,-4.3367,1.779,2.8629,6.8325,-2.3319,0,0,0,2.6677,2.5537,2.6981,2.6042,37.815,-27.454,-18.309,-188.15,-122.91,-36.868
1.45,-20.402,0.58756,0.61076,0.13093,0.36012,0.91814,0.10093,-27.187,4.3216,0.92753,-0.4402,-4.3703,1.8046,3.2315,6.5518,-2.5169,0,0,0,2.6154,2.4979,2.6526,2.5543,35.915,-28.677,-18.674,-191.75,-121.6,-36.231
1.46,-20.674,0.6311,0.6199,0.15053,0.35568,0.91585,0.1098,-27.153,4.3857,0.90142,-0.53147,-4.4062,1.8343,3.581,6.259,-2.7054,0,0,0,2.5639,2.4422,2.6086,2.5059,33.98,-29.885,-19.033,-195.12,-120.11,-35.548
1.47,-20.945,0.67527,0.62878,0.17026,0.35058,0.91326,0.11854,-27.115,4.4468,0.87341,-0.63077,-4.4453,1.8687,3.911,5.9542,-2.8975,0,0,0,2.5128,2.3862,2.5662,2.4588,32.013,-31.078,-19.385,-198.23,-118.45,-34.817
1.48,-21.216,0.72003,0.63736,0.19012,0.34476,0.9104,0.12713,-27.075,4.5047,0.84346,-0.73915,-4.4883,1.9086,4.2212,5.6375,-3.0931,0,0,0,2.4621,2.3297,2.5252,2.4129,30.017,-32.254,-19.729,-201.09,-116.6,-34.039
1.49,-21.487,0.76535,0.64564,0.21015,0.33814,0.90727,0.13552,-27.031,4.5595,0.81154,-0.8579,-4.5363,1.955,4.5113,5.3091,-3.2921,0,0,0,2.4117,2.2727,2.4857,2.3681,27.992,-33.41,-20.066,-203.69,-114.56,-33.212
1.5,-21.757,0.81121,0.65359,0.23036,0.33066,0.90386,0.14364,-26.985,4.6109,0.77761,-0.98853,-4.5897,2.0086,4.781,4.9694,-3.4944,0,0,0,2.3613,2.215,2.4479,2.3244,25.944,-34.544,-20.393,-206.02,-112.34,-32.336
1.51,-22.027,0.85756,0.66119,0.25077,0.3222,0.9002,0.15144,-26.936,4.6588,0.74164,-1.1329,-4.649,2.0706,5.0301,4.6183,-3.6999,0,0,0,2.311,2.1565,2.4119,2.2816,23.873,-35.656,-20.712,-208.08,-109.92,-31.41
1.52,-22.296,0.90437,0.66841,0.27143,0.31265,0.8963,0.15883,-26.884,4.7032,0.7036,-1.2932,-4.7144,2.1419,5.2584,4.2563,-3.9086,0,0,0,2.2607,2.0971,2.3778,2.2396,21.783,-36.742,-21.021,-209.85,-107.3,-30.433
1.53,-22.564,0.95161,0.67525,0.29236,0.30187,0.89215,0.16571,-26.83,4.7439,0.66346,-1.472,-4.7854,2.2236,5.4657,3.8836,-4.1203,0,0,0,2.2102,2.037,2.3459,2.1984,19.677,-37.801,-21.321,-211.34,-104.49,-29.404
1.54,-22.832,0.99924,0.68168,0.31359,0.28969,0.8878,0.17193,-26.775,4.7808,0.62119,-1.6727,-4.8612,2.317,5.6519,3.5004,-4.335,0,0,0,2.1595,1.9764,2.3165,2.1578,17.557,-38.831,-21.609,-212.53,-101.47,-28.323
1.55,-23.1,1.0472,0.68767,0.33514,0.27589,0.88325,0.17733,-26.717,4.8139,0.57675,-1.8992,-4.9396,2.4231,5.8168,3.1071,-4.5525,0,0,0,2.1086,1.9154,2.2899,2.1179,15.427,-39.83,-21.887,-213.41,-98.24,-27.189
1.56,-23.367,1.0955,0.6932,0.35703,0.2602,0.87854,0.18167,-26.659,4.8429,0.53013,-2.1562,-5.0174,2.5431,5.9604,2.7039,-4.7727,0,0,0,2.0574,1.8545,2.2667,2.0784,13.29,-40.795,-22.153,-213.99,-94.804,-26.002
1.57,-23.633,1.1441,0.69826,0.37924,0.24228,0.87372,0.18463,-26.598,4.8679,0.48129,-2.4496,-5.0893,2.6782,6.0826,2.2913,-4.9955,0,0,0,2.0058,1.7945,2.2472,2.0392,11.149,-41.725,-22.407,-214.26,-91.157,-24.761
1.58,-23.899,1.1928,0.70282,0.40175,0.22172,0.86886,0.18581,-26.537,4.8887,0.43021,-2.7864,-5.147,2.8294,6.1833,1.8695,-5.2208,0,0,0,1.9536,1.7364,2.2319,2.0002,9.0059,-42.618,-22.648,-214.22,-87.308,-23.468
1.59,-24.164,1.2418,0.70686,0.42445,0.19796,0.86404,0.18464,-26.475,4.9053,0.37687,-3.175,-5.1782,2.9973,6.2627,1.439,-5.4484,0,0,0,1.9007,1.6814,2.2212,1.9611,6.8652,-43.471,-22.876,-213.88,-83.263,-22.124
1.6,-24.428,1.2909,0.71035,0.44716,0.17028,0.85937,0.18039,-26.412,4.9175,0.32123,-3.6247,-5.1646,3.1825,6.3207,1.0002,-5.6782,0,0,0,1.8466,1.6316,2.2154,1.9219,4.7294,-44.282,-23.09,-213.24,-79.03,-20.733
1.61,-24.692,1.3402,0.71328,0.46952,0.13778,0.85497,0.17204,-26.348,4.9253,0.26329,-4.1455,-5.0792,3.3849,6.3573,0.55354,-5.9102,0,0,0,1.7908,1.5893,2.2144,1.8823,2.6013,-45.051,-23.291,-212.33,-74.615,-19.295
1.62,-24.955,1.3894,0.71561,0.49094,0.099266,0.85092,0.15829,-26.285,4.9285,0.20302,-4.7451,-4.883,3.6037,6.3727,0.099379,-6.144,0,0,0,1.7324,1.5579,2.2178,1.8428,0.48375,-45.774,-23.476,-211.13,-70.028,-17.813
1.63,-25.218,1.4387,0.71733,0.51037,0.053321,0.84722,0.13747,-26.221,4.9272,0.14041,-5.4236,-4.5217,3.8374,6.367,-0.36178,-6.3796,0,0,0,1.6703,1.5411,2.224,1.8045,-1.6205,-46.451,-23.647,-209.67,-65.274,-16.287
1.64,-25.479,1.488,0.71841,0.52613,-0.0016085,0.84355,0.10774,-26.157,4.9213,0.075427,-6.162,-3.9245,4.0833,6.3404,-0.82947,-6.6169,0,0,0,1.6032,1.5432,2.2298,1.7696,-3.7087,-47.079,-23.802,-207.94,-60.361,-14.721
1.65,-25.741,1.5371,0.71883,0.53563,-0.066691,0.8391,0.067551,-26.094,4.9106,0.0080656,-6.9027,-3.0154,4.3377,6.2929,-1.3032,-6.8556,0,0,0,1.5309,1.568,2.23,1.7427,-5.7783,-47.657,-23.941,-205.95,-55.298,-13.116
1.66,-26.001,1.5862,0.71856,0.53557,-0.14165,0.83235,0.016907,-26.032,4.8952,-0.06169,-7.5317,-1.7497,4.5954,6.2249,-1.7825,-7.0956,0,0,0,1.456,1.616,2.2173,1.7303,-7.8268,-48.185,-24.064,-203.71,-50.09,-11.473
1.67,-26.261,1.635,0.71759,-0.52295,0.22343,-0.82153,0.041053,-25.97,4.875,-0.13385,-7.8921,-0.17759,4.8505,6.1365,-2.2667,-7.3368,0,0,0,1.3861,1.6828,2.1843,1.7392,-9.8517,-48.659,-24.17,-201.23,-44.746,-9.7945
1.68,-26.521,1.6836,0.71588,-0.4971,0.30594,-0.80584,0.099584,-25.909,4.8498,-0.20843,-7.8637,1.5169,5.0956,6.0279,-2.7554,-7.579,0,0,0,1.3335,1.7584,2.1293,1.771,-11.851,-49.079,-24.26,-198.51,-39.273,-8.0825
1.69,-26.78,1.732,0.71341,-0.46082,0.3825,-0.7865,0.15086,-25.849,4.8198,-0.28543,-7.455,3.0844,5.3234,5.8995,-3.2481,-7.822,0,0,0,1.3099,1.8323,2.0583,1.8203,-13.821,-49.444,-24.332,-195.56,-33.678,-6.3386
1.7,-27.038,1.78,0.71016,-0.41898,0.44889,-0.76612,0.18975,-25.791,4.7849,-0.36487,-6.7958,4.3459,5.5264,5.7516,-3.7441,-8.0656,0,0,0,1.3203,1.8999,1.9827,1.8774,-15.761,-49.752,-24.386,-192.39,-27.969,-4.5647
1.71,-27.295,1.8277,0.70611,-0.37593,0.50429,-0.74703,0.2152,-25.734,4.7449,-0.44675,-6.0393,5.2509,5.6978,5.5844,-4.243,-8.3096,0,0,0,1.3626,1.9618,1.9128,1.9342,-17.668,-50.003,-24.423,-189,-22.154,-2.7626
1.72,-27.552,1.8749,0.70122,-0.3343,0.5499,-0.73041,0.22882,-25.679,4.7,-0.53106,-5.2923,5.8362,5.8323,5.3984,-4.744,-8.554,0,0,0,1.4311,2.0215,1.8556,1.9868,-19.54,-50.195,-24.442,-185.41,-16.239,-0.93403
1.73,-27.809,1.9217,0.69548,-0.29526,0.58751,-0.71644,0.23316,-25.626,4.6501,-0.61783,-4.6072,6.1675,5.9263,5.1938,-5.2467,-8.7984,0,0,0,1.5195,2.0818,1.8149,2.0349,-21.376,-50.327,-24.442,-181.61,-10.231,0.91909
1.74,-28.065,1.9679,0.68885,-0.25913,0.61875,-0.70484,0.23063,-25.576,4.5951,-0.70703,-4.0011,6.3083,5.9783,4.971,-5.7503,-9.0427,0,0,0,1.6221,2.1448,1.7927,2.0798,-23.172,-50.399,-24.423,-177.62,-4.1396,2.795
1.75,-28.32,2.0135,0.68133,-0.22584,0.64492,-0.69516,0.22322,-25.527,4.535,-0.79868,-3.474,6.3103,5.9889,4.7304,-6.2544,-9.2868,0,0,0,1.7344,2.2113,1.7895,2.1239,-24.928,-50.41,-24.386,-173.44,2.0293,4.6918
1.76,-28.576,2.0586,0.67287,-0.19518,0.66699,-0.68695,0.21244,-25.481,4.47,-0.89277,-3.0188,6.2137,5.9604,4.4726,-6.7583,-9.5304,0,0,0,1.8526,2.2816,1.8053,2.1696,-26.64,-50.358,-24.329,-169.09,8.2681,6.6077
1.77,-28.83,2.1029,0.66346,-0.16692,0.68568,-0.67986,0.19945,-25.438,4.3999,-0.98929,-2.6267,6.0489,5.8966,4.1978,-7.2614,-9.7733,0,0,0,1.9739,2.3556,1.8391,2.2188,-28.309,-50.244,-24.253,-164.55,14.569,8.5409
1.78,-29.084,2.1465,0.65308,-0.14082,0.70155,-0.6736,0.18507,-25.397,4.3248,-1.0882,-2.2889,5.839,5.8023,3.9066,-7.763,-10.015,0,0,0,2.0966,2.4333,1.8898,2.2733,-29.931,-50.067,-24.158,-159.85,20.925,10.49
1.79,-29.338,2.1894,0.64169,-0.11668,0.71506,-0.66799,0.16991,-25.36,4.2446,-1.1896,-1.9974,5.6016,5.6826,3.5993,-8.2625,-10.256,0,0,0,2.2193,2.5145,1.9557,2.3341,-31.505,-49.826,-24.044,-154.99,27.329,12.452
1.8,-29.591,2.2314,0.62928,-0.094312,0.72655,-0.66286,0.15441,-25.325,4.1595,-1.2934,-1.7455,5.3497,5.5429,3.2766,-8.7593,-10.496,0,0,0,2.3415,2.599,2.0351,2.402,-33.03,-49.52,-23.909,-149.98,33.773,14.426
1.81,-29.845,2.2726,0.61582,-0.07354,0.73632,-0.65813,0.1389,-25.294,4.0695,-1.3995,-1.5273,5.0929,5.3881,2.9389,-9.2527,-10.735,0,0,0,2.4628,2.6867,2.126,2.477,-34.504,-49.15,-23.755,-144.82,40.249,16.41
1.82,-30.097,2.3128,0.60128,-0.054215,0.74461,-0.65371,0.12359,-25.267,3.9745,-1.508,-1.3379,4.8381,5.2229,2.5867,-9.7421,-10.971,0,0,0,2.5832,2.7775,2.2269,2.5592,-35.926,-48.715,-23.581,-139.52,46.751,18.402
1.83,-30.35,2.352,0.58565,-0.036198,0.75164,-0.64956,0.10862,-25.242,3.8746,-1.6189,-1.173,4.59,5.0513,2.2206,-10.227,-11.206,0,0,0,2.7029,2.8713,2.3359,2.6481,-37.294,-48.215,-23.387,-134.09,53.271,20.401
1.84,-30.602,2.3903,0.56889,-0.019364,0.75758,-0.64564,0.094105,-25.222,3.77,-1.7322,-1.0292,4.352,4.8768,1.841,-10.706,-11.439,0,0,0,2.8221,2.9681,2.4518,2.7433,-38.608,-47.65,-23.173,-128.54,59.801,22.404
1.85,-30.854,2.4274,0.551,-0.0035984,0.76257,-0.64192,0.080099,-25.206,3.6605,-1.8477,-0.90338,4.1258,4.7021,1.4486,-11.18,-11.669,0,0,0,2.9411,3.0676,2.5731,2.8441,-39.865,-47.019,-22.939,-122.86,66.335,24.41
1.86,-31.106,2.4635,0.53193,0.011202,0.76674,-0.63839,0.066634,-25.193,3.5464,-1.9655,-0.79306,3.9127,4.5295,1.0439,-11.646,-11.898,0,0,0,3.0599,3.1699,2.6988,2.9499,-41.064,-46.323,-22.685,-117.08,72.864,26.417
1.87,-31.358,2.4983,0.51168,0.025129,0.77021,-0.63503,0.053726,-25.185,3.4276,-2.0856,-0.69607,3.713,4.3608,0.62749,-12.106,-12.123,0,0,0,3.1789,3.2746,2.8279,3.0601,-42.206,-45.562,-22.411,-111.19,79.381,28.422
1.88,-31.61,2.532,0.49021,0.03827,0.77306,-0.63183,0.041372,-25.181,3.3043,-2.208,-0.61056,3.5268,4.1973,0.19997,-12.557,-12.346,0,0,0,3.298,3.3815,2.9596,3.1739,-43.288,-44.735,-22.116,-105.2,85.879,30.425
1.89,-31.862,2.5644,0.46751,0.050699,0.77537,-0.62877,0.029563,-25.181,3.1765,-2.3325,-0.53497,3.3537,4.0398,-0.23806,-13,-12.565,0,0,0,3.4174,3.4905,3.0931,3.2909,-44.31,-43.844,-21.802,-99.127,92.351,32.424
1.9,-32.114,2.5955,0.44355,0.062486,0.77722,-0.62585,0.018281,-25.186,3.0443,-2.4593,-0.46798,3.1932,3.8892,-0.68602,-13.434,-12.782,0,0,0,3.5371,3.6013,3.2279,3.4103,-45.27,-42.889,-21.468,-92.967,98.789,34.416
1.91,-32.366,2.6253,0.41832,0.073692,0.77866,-0.62306,0.0075058,-25.195,2.9079,-2.5882,-0.40843,3.0447,3.7457,-1.1433,-13.858,-12.995,0,0,0,3.6569,3.7136,3.3635,3.5317,-46.169,-41.869,-21.114,-86.73,105.19,36.399
1.92,-32.618,2.6537,0.39178,-0.084374,-0.77973,0.6204,0.0027876,-25.208,2.7672,-2.7192,-0.35535,2.9075,3.6096,-1.6092,-14.271,-13.204,0,0,0,3.7769,3.8272,3.4994,3.6546,-47.005,-40.785,-20.74,-80.424,111.53,38.373
1.93,-32.87,2.6806,0.36393,-0.094583,-0.78049,0.61785,0.012624,-25.227,2.6225,-2.8522,-0.30791,2.7808,3.4809,-2.0831,-14.673,-13.409,0,0,0,3.8968,3.9417,3.6352,3.7785,-47.777,-39.638,-20.346,-74.056,117.83,40.335
1.94,-33.122,2.7061,0.33473,-0.10436,-0.78096,0.6154,0.022028,-25.25,2.4738,-2.9873,-0.26538,2.6641,3.3597,-2.5645,-15.064,-13.611,0,0,0,4.0165,4.0568,3.7706,3.903,-48.485,-38.429,-19.933,-67.632,124.05,42.283
1.95,-33.375,2.7301,0.30418,-0.11376,-0.78118,0.61307,0.031027,-25.278,2.3212,-3.1244,-0.22714,2.5565,3.2457,-3.0526,-15.442,-13.808,0,0,0,4.1359,4.1723,3.9052,4.0278,-49.129,-37.157,-19.501,-61.159,130.21,44.216
1.96,-33.628,2.7525,0.27224,-0.1228,-0.78118,0.61083,0.039644,-25.311,2.165,-3.2635,-0.19264,2.4574,3.1389,-3.5469,-15.807,-14.001,0,0,0,4.2548,4.2878,4.0389,4.1524,-49.709,-35.825,-19.049,-54.645,136.29,46.131
1.97,-33.881,2.7734,0.2389,-0.13153,-0.78097,0.60868,0.047903,-25.349,2.0051,-3.4044,-0.16143,2.3663,3.039,-4.0466,-16.158,-14.189,0,0,0,4.3729,4.4032,4.1712,4.2765,-50.222,-34.432,-18.578,-48.096,142.28,48.027
1.98,-34.135,2.7926,0.20414,-0.13997,-0.78058,0.60662,0.055828,-25.392,1.8419,-3.5472,-0.13309,2.2825,2.9457,-4.5511,-16.495,-14.372,0,0,0,4.4901,4.518,4.3021,4.3999,-50.67,-32.979,-18.089,-41.519,148.18,49.902
1.99,-34.389,2.8102,0.16795,-0.14816,-0.78002,0.60464,0.06344,-25.44,1.6753,-3.6919,-0.10727,2.2055,2.8588,-5.0598,-16.817,-14.551,0,0,0,4.6061,4.6321,4.4312,4.5222,-51.053,-31.469,-17.58,-34.921,153.98,51.754
2,-34.644,2.8261,0.1303,-0.15612,-0.77932,0.60273,0.07076,-25.493,1.5056,-3.8382,-0.083647,2.1349,2.778,-5.5719,-17.124,-14.724,0,0,0,4.7207,4.7452,4.5583,4.6431,-51.369,-29.9,-17.054,-28.31,159.67,53.581
2.01,-34.899,2.8403,0.091178,-0.16387,-0.77847,0.6009,0.077808,-25.552,1.3329,-3.9863,-0.061956,2.0701,2.7031,-6.0869,-17.415,-14.892,0,0,0,4.8338,4.8569,4.6833,4.7624,-51.619,-28.275,-16.509,-21.692,165.25,55.382
2.02,-35.155,2.8527,0.050567,-0.17144,-0.77749,0.59914,0.084601,-25.615,1.1573,-4.1361,-0.041951,2.0108,2.6338,-6.6041,-17.69,-15.054,0,0,0,4.945,4.9671,4.8059,4.8798,-51.803,-26.596,-15.946,-15.073,170.7,57.155
2.03,-35.411,2.8634,0.0084511,-0.17884,-0.77638,0.59744,0.091158,-25.684,0.97913,-4.2874,-0.023414,1.9567,2.5699,-7.1228,-17.947,-15.21,0,0,0,5.0541,5.0754,4.926,4.9951,-51.92,-24.862,-15.366,-8.4622,176.02,58.898
2.04,-35.668,2.8723,-0.035186,-0.18609,-0.77517,0.5958,0.097495,-25.758,0.79844,-4.4402,-0.0061525,1.9073,2.5111,-7.6423,-18.187,-15.361,0,0,0,5.1611,5.1818,5.0433,5.1081,-51.972,-23.076,-14.768,-1.865,181.21,60.609
2.05,-35.926,2.8794,-0.080359,-0.19322,-0.77384,0.59422,0.10363,-25.837,0.61545,-4.5946,0.010008,1.8624,2.4572,-8.162,-18.408,-15.506,0,0,0,5.2656,5.2858,5.1577,5.2186,-51.958,-21.238,-14.154,4.7113,186.25,62.285
2.06,-36.185,2.8846,-0.12708,-0.20023,-0.77241,0.59269,0.10957,-25.921,0.43034,-4.7503,0.025225,1.8217,2.4081,-8.6812,-18.611,-15.644,0,0,0,5.3674,5.3873,5.269,5.3263,-51.878,-19.351,-13.523,11.26,191.14,63.927
2.07,-36.445,2.888,-0.17537,-0.20715,-0.77088,0.59121,0.11533,-26.01,0.24329,-4.9075,0.039641,1.785,2.3634,-9.1993,-18.795,-15.776,0,0,0,5.4663,5.4862,5.3771,5.431,-51.733,-17.416,-12.875,17.773,195.87,65.531
2.08,-36.705,2.8895,-0.22524,-0.21399,-0.76925,0.58978,0.12093,-26.105,0.0545,-5.0658,0.053389,1.7521,2.3231,-9.7156,-18.959,-15.902,0,0,0,5.5622,5.5821,5.4817,5.5326,-51.522,-15.434,-12.212,24.245,200.43,67.095
2.09,-36.967,2.8891,-0.27669,-0.22075,-0.76752,0.5884,0.12637,-26.204,-0.13583,-5.2255,0.06659,1.7228,2.2869,-10.23,-19.104,-16.02,0,0,0,5.6549,5.6748,5.5828,5.6309,-51.248,-13.408,-11.533,30.668,204.81,68.619
2.1,-37.229,2.8868,-0.32975,-0.22747,-0.76569,0.58705,0.13168,-26.309,-0.32751,-5.3862,0.079359,1.6968,2.2548,-10.74,-19.227,-16.132,0,0,0,5.7441,5.7643,5.6801,5.7258,-50.909,-11.339,-10.84,37.035,209.02,70.1
2.11,-37.493,2.8825,-0.38442,-0.23414,-0.76377,0.58575,0.13685,-26.419,-0.52031,-5.5481,0.091804,1.6742,2.2265,-11.248,-19.33,-16.237,0,0,0,5.8297,5.8503,5.7736,5.8169,-50.507,-9.2283,-10.132,43.339,213.03,71.536
2.12,-37.758,2.8764,-0.44071,-0.24078,-0.76175,0.58449,0.1419,-26.534,-0.71404,-5.7109,0.10403,1.6546,2.2021,-11.75,-19.412,-16.335,0,0,0,5.9116,5.9326,5.8631,5.9043,-50.043,-7.0787,-9.4093,49.574,216.85,72.925
2.13,-38.024,2.8682,-0.49864,-0.24741,-0.75963,0.58326,0.14683,-26.654,-0.90848,-5.8748,0.11613,1.6381,2.1813,-12.248,-19.472,-16.425,0,0,0,5.9896,6.0111,5.9485,5.9877,-49.516,-4.892,-8.6733,55.732,220.46,74.266
2.14,-38.291,2.8582,-0.55821,-0.25404,-0.75741,0.58206,0.15166,-26.779,-1.1034,-6.0394,0.12822,1.6245,2.1641,-12.74,-19.51,-16.508,0,0,0,6.0634,6.0856,6.0296,6.0671,-48.928,-2.6702,-7.9241,61.807,223.86,75.557
2.15,-38.559,2.8462,-0.61943,-0.26067,-0.75508,0.5809,0.1564,-26.909,-1.2986,-6.2049,0.14038,1.6137,2.1505,-13.227,-19.525,-16.584,0,0,0,6.1331,6.156,6.1063,6.1422,-48.28,-0.41549,-7.1623,67.791,227.05,76.796
2.16,-38.829,2.8322,-0.68231,-0.26733,-0.75264,0.57977,0.16104,-27.044,-1.4938,-6.3711,0.15272,1.6056,2.1402,-13.706,-19.518,-16.651,0,0,0,6.1984,6.2222,6.1786,6.2131,-47.573,1.8699,-6.3884,73.678,230,77.982
2.17,-39.1,2.8163,-0.74686,-0.27402,-0.75009,0.57867,0.16559,-27.183,-1.6889,-6.5379,0.16534,1.6003,2.1334,-14.178,-19.488,-16.711,0,0,0,6.2593,6.2839,6.2463,6.2795,-46.807,4.1838,-5.6028,79.46,232.72,79.111
2.18,-39.373,2.7984,-0.81307,-0.28076,-0.74741,0.57761,0.17007,-27.327,-1.8835,-6.7053,0.17835,1.5976,2.13,-14.642,-19.434,-16.763,0,0,0,6.3155,6.3412,6.3093,6.3414,-45.984,6.5236,-4.8063,85.131,235.2,80.183
2.19,-39.647,2.7786,-0.88096,-0.28756,-0.7446,0.57657,0.17447,-27.476,-2.0775,-6.8731,0.19185,1.5975,2.1299,-15.097,-19.357,-16.808,0,0,0,6.3671,6.3939,6.3676,6.3986,-45.105,8.887,-3.9994,90.683,237.44,81.196
2.2,-39.922,2.7569,-0.95054,-0.29444,-0.74166,0.57557,0.1788,-27.629,-2.2706,-7.0414,0.20597,1.6,2.1331,-15.544,-19.256,-16.843,0,0,0,6.4139,6.4419,6.421,6.4512,-44.171,11.271,-3.1826,96.11,239.41,82.147
2.21,-40.199,2.7332,-1.0218,-0.30142,-0.73857,0.57459,0.18306,-27.787,-2.4625,-7.21,0.22083,1.6051,2.1396,-15.981,-19.132,-16.871,0,0,0,6.4558,6.4851,6.4696,6.499,-43.183,13.674,-2.3566,101.41,241.12,83.036
2.22,-40.478,2.7076,-1.0947,-0.3085,-0.73531,0.57366,0.18725,-27.949,-2.6531,-7.3788,0.23658,1.6127,2.1494,-16.407,-18.983,-16.891,0,0,0,6.4928,6.5235,6.5132,6.5421,-42.143,16.093,-1.5221,106.56,242.57,83.86
2.23,-40.758,2.6802,-1.1694,-0.3157,-0.73189,0.57275,0.19137,-28.115,-2.8421,-7.5478,0.25336,1.6228,2.1626,-16.823,-18.81,-16.902,0,0,0,6.5247,6.557,6.5518,6.5802,-41.052,18.525,-0.67967,111.57,243.73,84.617
2.24,-41.04,2.6508,-1.2457,-0.32306,-0.72827,0.57189,0.19543,-28.285,-3.0292,-7.7168,0.27135,1.6354,2.1791,-17.228,-18.612,-16.904,0,0,0,6.5517,6.5855,6.5855,6.6135,-39.912,20.967,0.17001,116.43,244.61,85.306
2.25,-41.324,2.6196,-1.3237,-0.33057,-0.72445,0.57107,0.19942,-28.459,-3.2143,-7.8858,0.29075,1.6506,2.1989,-17.621,-18.39,-16.898,0,0,0,6.5736,6.6091,6.614,6.642,-38.724,23.416,1.0262,121.12,245.19,85.925
2.26,-41.61,2.5865,-1.4034,-0.33828,-0.72041,0.5703,0.20332,-28.638,-3.397,-8.0547,0.31177,1.6682,2.2222,-18.002,-18.144,-16.884,0,0,0,6.5904,6.6278,6.6375,6.6655,-37.49,25.869,1.8883,125.65,245.47,86.472
2.27,-41.897,2.5517,-1.4848,-0.3462,-0.71611,0.56958,0.20715,-28.819,-3.5771,-8.2235,0.33466,1.6884,2.2489,-18.371,-17.873,-16.86,0,0,0,6.602,6.6414,6.656,6.6841,-36.212,28.324,2.7554,130.01,245.45,86.945
2.28,-42.186,2.515,-1.5679,-0.35437,-0.71153,0.56892,0.21088,-29.005,-3.7543,-8.3919,0.35971,1.711,2.2791,-18.727,-17.577,-16.828,0,0,0,6.6087,6.6501,6.6694,6.6979,-34.891,30.777,3.6269,134.18,245.11,87.342
2.29,-42.477,2.4766,-1.6526,-0.36281,-0.70665,0.56834,0.2145,-29.194,-3.9285,-8.56,0.38725,1.736,2.3128,-19.069,-17.257,-16.788,0,0,0,6.6102,6.6539,6.6779,6.707,-33.529,33.225,4.502,138.17,244.45,87.661
2.3,-42.77,2.4364,-1.7391,-0.37156,-0.70141,0.56784,0.21799,-29.386,-4.0994,-8.7276,0.41767,1.7634,2.3501,-19.397,-16.913,-16.738,0,0,0,6.6068,6.6528,6.6813,6.7112,-32.128,35.665,5.3799,141.96,243.45,87.901
2.31,-43.065,2.3946,-1.8272,-0.38067,-0.69579,0.56744,0.22133,-29.582,-4.2667,-8.8947,0.45142,1.7931,2.391,-19.711,-16.544,-16.68,0,0,0,6.5985,6.6469,6.6799,6.7108,-30.69,38.093,6.2597,145.55,242.12,88.06
2.32,-43.361,2.3511,-1.917,-0.39018,-0.68971,0.56716,0.22449,-29.78,-4.4302,-9.0612,0.48905,1.8249,2.4356,-20.011,-16.151,-16.613,0,0,0,6.5853,6.6363,6.6736,6.7059,-29.218,40.506,7.1408,148.93,240.45,88.136
2.33,-43.66,2.306,-2.0084,-0.40015,-0.68312,0.56702,0.22742,-29.982,-4.5896,-9.227,0.5312,1.8586,2.4839,-20.295,-15.734,-16.537,0,0,0,6.5674,6.621,6.6625,6.6965,-27.712,42.901,8.0222,152.1,238.42,88.128
2.34,-43.961,2.2593,-2.1015,-0.41065,-0.67593,0.56706,0.23007,-30.186,-4.7448,-9.3919,0.57864,1.894,2.5359,-20.565,-15.293,-16.453,0,0,0,6.5449,6.6013,6.6468,6.6828,-26.176,45.274,8.9031,155.04,236.03,88.032
2.35,-44.264,2.2111,-2.1962,-0.42175,-0.66805,0.56731,0.23237,-30.393,-4.8954,-9.556,0.63231,1.9307,2.5917,-20.819,-14.829,-16.359,0,0,0,6.518,6.5772,6.6264,6.6649,-24.612,47.62,9.7825,157.75,233.27,87.848
2.36,-44.569,2.1614,-2.2926,-0.43355,-0.65936,0.56781,0.23423,-30.603,-5.0413,-9.7191,0.69335,1.968,2.6513,-21.057,-14.341,-16.257,0,0,0,6.4869,6.5489,6.6016,6.6431,-23.022,49.938,10.66,160.23,230.14,87.574
2.37,-44.876,2.1103,-2.3906,-0.44616,-0.6497,0.56863,0.23555,-30.814,-5.1822,-9.8811,0.76315,2.0052,2.7146,-21.279,-13.83,-16.146,0,0,0,6.4519,6.5165,6.5725,6.6174,-21.409,52.222,11.534,162.46,226.63,87.208
2.38,-45.185,2.0578,-2.4902,-0.45972,-0.63888,0.56984,0.23615,-31.028,-5.3178,-10.042,0.84342,2.041,2.7816,-21.485,-13.297,-16.026,0,0,0,6.4131,6.4804,6.5392,6.5883,-19.774,54.469,12.404,164.44,222.73,86.748
2.39,-45.497,2.004,-2.5915,-0.4744,-0.62664,0.57152,0.23585,-31.244,-5.448,-10.202,0.93629,2.0739,2.8522,-21.675,-12.741,-15.898,0,0,0,6.371,6.4406,6.5018,6.5558,-18.121,56.675,13.268,166.17,218.43,86.192
2.4,-45.81,1.9489,-2.6943,-0.49039,-0.61265,0.57379,0.23438,-31.462,-5.5726,-10.36,1.0444,2.1015,2.9263,-21.847,-12.163,-15.761,0,0,0,6.3258,6.3975,6.4605,6.5204,-16.451,58.836,14.127,167.63,213.73,85.538
2.41,-46.126,1.8926,-2.7987,-0.50794,-0.59647,0.57678,0.23138,-31.681,-5.6912,-10.517,1.1708,2.1203,3.0037,-22.004,-11.564,-15.616,0,0,0,6.2781,6.3511,6.4156,6.4822,-14.769,60.949,14.979,168.82,208.62,84.785
2.42,-46.444,1.8351,-2.9046,-0.52732,-0.57751,0.58066,0.22639,-31.902,-5.8038,-10.672,1.3196,2.1253,3.0841,-22.143,-10.944,-15.462,0,0,0,6.2284,6.3018,6.367,6.4417,-13.076,63.007,15.822,169.73,203.08,83.931
2.43,-46.764,1.7765,-3.0121,-0.54886,-0.55497,0.58559,0.21874,-32.124,-5.91,-10.826,1.495,2.1092,3.1674,-22.265,-10.304,-15.299,0,0,0,6.1773,6.2496,6.3151,6.3991,-11.375,65.009,16.657,170.35,197.12,82.974
2.44,-47.086,1.7169,-3.1211,-0.57288,-0.52775,0.59177,0.20758,-32.347,-6.0098,-10.978,1.7018,2.0612,3.253,-22.37,-9.6444,-15.128,0,0,0,6.1256,6.1947,6.2601,6.3548,-9.6699,66.948,17.482,170.69,190.73,81.912
2.45,-47.411,1.6563,-3.2316,-0.59964,-0.49441,0.59934,0.19178,-32.571,-6.1029,-11.129,1.9437,1.9657,3.3405,-22.458,-8.9655,-14.95,0,0,0,6.0742,6.137,6.2024,6.3091,-7.9625,68.822,18.295,170.73,183.91,80.746
2.46,-47.738,1.5949,-3.3437,-0.62913,-0.45312,0.60827,0.16994,-32.796,-6.189,-11.277,2.2211,1.8011,3.4294,-22.529,-8.2682,-14.763,0,0,0,6.0242,6.0765,6.1423,6.2622,-6.2562,70.625,19.096,170.49,176.68,79.48
2.47,-48.067,1.5326,-3.4572,-0.66076,-0.40177,0.61824,0.14055,-33.022,-6.2682,-11.424,2.5257,1.5396,3.519,-22.584,-7.5532,-14.568,0,0,0,5.9768,6.013,6.0808,6.2139,-4.5537,72.354,19.884,169.97,169.05,78.117
2.48,-48.398,1.4695,-3.5721,-0.69286,-0.33862,0.62831,0.1025,-33.248,-6.3401,-11.568,2.8333,1.1536,3.6085,-22.621,-6.8214,-14.365,0,0,0,5.9332,5.9464,6.0191,6.1637,-2.8576,74.005,20.658,169.19,161.05,76.66
2.49,-48.732,1.4058,-3.6885,-0.72231,-0.26353,0.63692,0.056039,-33.474,-6.4045,-11.711,3.0992,0.63061,3.6971,-22.641,-6.0734,-14.155,0,0,0,5.894,5.8772,5.959,6.1107,-1.1707,75.574,21.417,168.15,152.69,75.113
2.5,-49.068,1.3415,-3.8064,-0.74512,-0.1795,0.64231,0.0038878,-33.7,-6.4615,-11.852,3.2679,-0.0053977,3.7838,-22.644,-5.3102,-13.937,0,0,0,5.859,5.807,5.9024,6.0538,0.50453,77.058,22.16,166.85,143.98,73.478
2.51,-49.406,1.2766,-3.9256,0.75815,0.092816,-0.64358,0.04891,-33.927,-6.5107,-11.99,3.3032,-0.68803,3.8674,-22.631,-4.5325,-13.711,0,0,0,5.8265,5.7385,5.8504,5.9928,2.1655,78.453,22.886,165.31,134.94,71.758
2.52,-49.746,1.2113,-4.0461,0.76094,0.010629,-0.64144,0.097003,-34.153,-6.5521,-12.126,3.2128,-1.338,3.947,-22.601,-3.7414,-13.479,0,0,0,5.7951,5.6743,5.8027,5.9288,3.81,79.755,23.595,163.53,125.59,69.958
2.53,-50.089,1.1456,-4.1681,0.75548,-0.062201,-0.63765,0.13702,-34.379,-6.5855,-12.259,3.0389,-1.9028,4.0211,-22.555,-2.9378,-13.24,0,0,0,5.7643,5.6163,5.7584,5.8637,5.4354,80.963,24.285,161.52,115.94,68.08
2.54,-50.434,1.0796,-4.2913,0.7446,-0.12411,-0.63395,0.16814,-34.604,-6.6108,-12.39,2.8283,-2.3677,4.0886,-22.492,-2.1225,-12.993,0,0,0,5.7343,5.5653,5.7166,5.7996,7.0397,82.073,24.956,159.29,106.02,66.128
2.55,-50.781,1.0134,-4.4159,0.73067,-0.17583,-0.63141,0.19113,-34.828,-6.6279,-12.519,2.6133,-2.7424,4.1481,-22.414,-1.2966,-12.741,0,0,0,5.706,5.5214,5.6771,5.7376,8.6206,83.083,25.608,156.85,95.826,64.105
2.56,-51.13,0.94705,-4.5417,0.71521,-0.21898,-0.63049,0.20738,-35.052,-6.6367,-12.645,2.411,-3.044,4.1983,-22.32,-0.46118,-12.481,0,0,0,5.6806,5.4847,5.6399,5.679,10.176,83.989,26.238,154.19,85.389,62.014
2.57,-51.482,0.88068,-4.6688,0.6991,-0.25527,-0.63124,0.21824,-35.275,-6.6371,-12.769,2.2275,-3.2885,4.238,-22.21,0.3828,-12.216,0,0,0,5.6589,5.4552,5.6056,5.6243,11.704,84.79,26.848,151.34,74.722,59.858
2.58,-51.836,0.81434,-4.7971,0.68278,-0.28619,-0.63351,0.22486,-35.496,-6.629,-12.89,2.0636,-3.4883,4.2661,-22.086,1.2343,-11.944,0,0,0,5.6414,5.433,5.5748,5.5742,13.202,85.483,27.435,148.3,63.841,57.64
2.59,-52.192,0.74813,-4.9266,0.66646,-0.31287,-0.6371,0.22815,-35.716,-6.6124,-13.008,1.9179,-3.6522,4.2816,-21.946,2.0921,-11.667,0,0,0,5.6288,5.4182,5.548,5.5293,14.669,86.066,28,145.07,52.763,55.365
2.6,-52.55,0.68212,-5.0572,0.6502,-0.33619,-0.64178,0.22877,-35.935,-6.5872,-13.123,1.7879,-3.786,4.2837,-21.793,2.9552,-11.384,0,0,0,5.6214,5.4109,5.526,5.4903,16.103,86.537,28.542,141.66,41.503,53.035
2.61,-52.911,0.61641,-5.189,0.63403,-0.35682,-0.64733,0.22726,-36.152,-6.5533,-13.235,1.6712,-3.8935,4.272,-21.625,3.8225,-11.096,0,0,0,5.6195,5.4113,5.5092,5.4576,17.502,86.895,29.061,138.08,30.079,50.653
2.62,-53.273,0.55108,-5.3219,0.61797,-0.37522,-0.65355,0.22403,-36.368,-6.5107,-13.345,1.5656,-3.9774,4.246,-21.443,4.6927,-10.803,0,0,0,5.6232,5.4193,5.4983,5.4319,18.864,87.138,29.555,134.34,18.506,48.222
2.63,-53.638,0.48623,-5.4559,0.602,-0.39178,-0.66028,0.21938,-36.581,-6.4594,-13.451,1.4692,-4.0394,4.206,-21.247,5.5648,-10.505,0,0,0,5.6327,5.4349,5.4938,5.4138,20.188,87.265,30.025,130.45,6.8004,45.747
2.64,-54.005,0.42193,-5.5909,0.58613,-0.40677,-0.66737,0.21358,-36.793,-6.3994,-13.555,1.3804,-4.0807,4.1521,-21.039,6.4376,-10.203,0,0,0,5.648,5.4578,5.496,5.4037,21.472,87.274,30.47,126.41,-5.0204,43.23
2.65,-54.374,0.35827,-5.727,0.57036,-0.42038,-0.67468,0.20684,-37.002,-6.3307,-13.655,1.2981,-4.1026,4.085,-20.818,7.3099,-9.8961,0,0,0,5.6691,5.4879,5.5052,5.4021,22.716,87.164,30.89,122.23,-16.94,40.674
2.66,-54.745,0.29534,-5.864,0.5547,-0.4328,-0.6821,0.19933,-37.209,-6.2532,-13.753,1.2211,-4.106,4.0056,-20.585,8.1805,-9.5852,0,0,0,5.6959,5.525,5.5219,5.4092,23.917,86.935,31.283,117.92,-28.943,38.082
2.67,-55.118,0.23323,-6.002,0.53917,-0.44414,-0.68955,0.1912,-37.413,-6.1671,-13.847,1.1488,-4.092,3.9149,-20.34,9.0482,-9.2705,0,0,0,5.7285,5.5685,5.5459,5.4252,25.074,86.585,31.651,113.49,-41.013,35.459
2.68,-55.493,0.17203,-6.141,0.52381,-0.4545,-0.69694,0.18258,-37.616,-6.0722,-13.938,1.0803,-4.0619,3.8143,-20.084,9.9118,-8.9523,0,0,0,5.7666,5.6184,5.5774,5.4501,26.186,86.115,31.993,108.94,-53.133,32.807
2.69,-55.87,0.11182,-6.2808,0.50863,-0.46397,-0.7042,0.17358,-37.815,-5.9688,-14.026,1.0154,-4.017,3.7051,-19.816,10.77,-8.6307,0,0,0,5.8103,5.674,5.6164,5.484,27.252,85.523,32.307,104.28,-65.286,30.129
2.7,-56.249,0.052682,-6.4215,0.49366,-0.47262,-0.71129,0.16431,-38.012,-5.8569,-14.111,0.95347,-3.9587,3.5889,-19.539,11.622,-8.3062,0,0,0,5.8593,5.7351,5.6625,5.5264,28.271,84.809,32.595,99.521,-77.457,27.428
2.71,-56.63,-0.005292,-6.563,0.47895,-0.48051,-0.71815,0.15485,-38.206,-5.7364,-14.192,0.8943,-3.8885,3.4672,-19.251,12.466,-7.9789,0,0,0,5.9134,5.8011,5.7156,5.5772,29.242,83.973,32.856,94.667,-89.628,24.709
2.72,-57.013,-0.062019,-6.7053,0.46451,-0.48769,-0.72476,0.14528,-38.397,-5.6076,-14.27,0.83761,-3.8081,3.3413,-18.954,13.301,-7.6492,0,0,0,5.9725,5.8719,5.7753,5.6359,30.164,83.016,33.089,89.726,-101.78,21.974
2.73,-57.398,-0.11742,-6.8484,0.45038,-0.49422,-0.7311,0.13567,-38.585,-5.4704,-14.345,0.7832,-3.7191,3.2128,-18.648,14.126,-7.3172,0,0,0,6.0363,5.9468,5.8413,5.7018,31.037,81.938,33.295,84.707,-113.91,19.226
2.74,-57.785,-0.1714,-6.9922,0.43659,-0.50012,-0.73714,0.12607,-38.77,-5.3251,-14.417,0.7309,-3.623,3.0829,-18.333,14.939,-6.9834,0,0,0,6.1045,6.0255,5.9129,5.7745,31.858,80.738,33.474,79.617,-125.98,16.469
2.75,-58.174,-0.22389,-7.1367,0.42314,-0.50546,-0.74289,0.11653,-38.952,-5.1717,-14.485,0.68057,-3.5213,2.9529,-18.011,15.74,-6.6479,0,0,0,6.1767,6.1075,5.9897,5.8533,32.629,79.418,33.624,74.463,-138,13.705
2.76,-58.564,-0.27481,-7.2819,0.41007,-0.51026,-0.74833,0.1071,-39.13,-5.0103,-14.55,0.63207,-3.4156,2.8237,-17.681,16.527,-6.311,0,0,0,6.2527,6.1926,6.0711,5.9373,33.347,77.979,33.748,69.254,-149.93,10.939
2.77,-58.956,-0.32407,-7.4277,0.39739,-0.51457,-0.75349,0.097809,-39.305,-4.8412,-14.611,0.58528,-3.307,2.6962,-17.344,17.299,-5.973,0,0,0,6.332,6.2801,6.1566,6.0261,34.014,76.42,33.843,63.996,-161.76,8.1731
2.78,-59.35,-0.37161,-7.5741,0.3851,-0.51841,-0.75835,0.088689,-39.477,-4.6644,-14.669,0.5401,-3.197,2.5712,-17.001,18.055,-5.6342,0,0,0,6.4143,6.3698,6.2455,6.1187,34.627,74.744,33.911,58.698,-173.48,5.4109
2.79,-59.746,-0.41734,-7.7211,0.37321,-0.52181,-0.76293,0.079762,-39.645,-4.4802,-14.724,0.49641,-3.0864,2.4493,-16.652,18.794,-5.2949,0,0,0,6.4989,6.4612,6.3371,6.2144,35.188,72.951,33.952,53.366,-185.07,2.6557
2.8,-60.143,-0.46118,-7.8686,0.36174,-0.52482,-0.76725,0.071046,-39.81,-4.2886,-14.775,0.45413,-2.9762,2.3311,-16.297,19.514,-4.9553,0,0,0,6.5856,6.5537,6.431,6.3126,35.694,71.043,33.964,48.009,-196.51,-0.089463
2.81,-60.542,-0.50308,-8.0165,0.35067,-0.52744,-0.77131,0.062555,-39.971,-4.0899,-14.823,0.41313,-2.8672,2.2167,-15.938,20.214,-4.6157,0,0,0,6.6738,6.6471,6.5265,6.4126,36.148,69.021,33.95,42.633,-207.79,-2.8212
2.82,-60.943,-0.54296,-8.165,0.34,-0.52972,-0.77514,0.054299,-40.129,-3.8844,-14.867,0.37332,-2.76,2.1065,-15.575,20.894,-4.2764,0,0,0,6.763,6.7408,6.6229,6.5136,36.547,66.888,33.908,37.247,-218.89,-5.5362
2.83,-61.345,-0.58075,-8.3139,0.32973,-0.53168,-0.77875,0.046283,-40.283,-3.6721,-14.908,0.3346,-2.6553,2.0007,-15.207,21.552,-3.9376,0,0,0,6.8527,6.8344,6.7198,6.615,36.893,64.644,33.839,31.858,-229.79,-8.2314
2.84,-61.748,-0.61638,-8.4632,0.31986,-0.53332,-0.78216,0.038512,-40.433,-3.4534,-14.946,0.29686,-2.5534,1.8993,-14.837,22.186,-3.5997,0,0,0,6.9424,6.9275,6.8165,6.7162,37.184,62.293,33.743,26.474,-240.49,-10.903
2.85,-62.153,-0.6498,-8.6128,0.31037,-0.53469,-0.78538,0.030986,-40.579,-3.2285,-14.98,0.26,-2.4546,1.8023,-14.464,22.797,-3.2628,0,0,0,7.0316,7.0195,6.9124,6.8166,37.422,59.835,33.621,21.102,-250.95,-13.549
2.86,-62.56,-0.68093,-8.7628,0.30126,-0.53579,-0.78843,0.023704,-40.722,-2.9976,-15.011,0.22391,-2.3592,1.7098,-14.089,23.383,-2.9273,0,0,0,7.1198,7.1101,7.0071,6.9156,37.606,57.274,33.473,15.75,-261.17,-16.165
2.87,-62.968,-0.70973,-8.913,0.2925,-0.53663,-0.79132,0.016665,-40.861,-2.7609,-15.039,0.18848,-2.2674,1.6216,-13.712,23.942,-2.5935,0,0,0,7.2065,7.1988,7.1,7.0127,37.737,54.613,33.298,10.426,-271.13,-18.748
2.88,-63.377,-0.73613,-9.0635,0.2841,-0.53725,-0.79408,0.0098629,-40.996,-2.5188,-15.063,0.15362,-2.1793,1.5376,-13.334,24.475,-2.2615,0,0,0,7.2913,7.2852,7.1907,7.1073,37.815,51.853,33.098,5.1357,-280.81,-21.295
2.89,-63.788,-0.76009,-9.2143,0.27604,-0.53763,-0.79671,0.003294,-41.128,-2.2715,-15.084,0.1192,-2.095,1.4577,-12.956,24.979,-1.9316,0,0,0,7.3737,7.3689,7.2786,7.199,37.84,48.998,32.872,-0.11161,-290.19,-23.802
2.9,-64.2,-0.78155,-9.3652,-0.2683,0.53781,0.79923,0.0030479,-41.255,-2.0193,-15.102,0.085133,-2.0144,1.3817,-12.577,25.454,-1.6041,0,0,0,7.4532,7.4494,7.3634,7.2873,37.813,46.05,32.622,-5.3089,-299.27,-26.267
2.91,-64.613,-0.80046,-9.5163,-0.26087,0.53779,0.80165,0.0091691,-41.379,-1.7625,-15.116,0.051295,-1.9375,1.3095,-12.2,25.9,-1.2792,0,0,0,7.5295,7.5263,7.4446,7.3719,37.734,43.013,32.347,-10.448,-308.01,-28.686
2.92,-65.027,-0.81678,-9.6675,-0.25374,0.53757,0.80399,0.015076,-41.499,-1.5014,-15.127,0.017578,-1.8643,1.2408,-11.823,26.314,-0.95724,0,0,0,7.602,7.5993,7.5217,7.4521,37.604,39.891,32.048,-15.523,-316.42,-31.055
2.93,-65.443,-0.83047,-9.8188,-0.2469,0.53716,0.80626,0.020777,-41.616,-1.2363,-15.135,-0.016129,-1.7948,1.1756,-11.448,26.697,-0.63835,0,0,0,7.6704,7.668,7.5944,7.5278,37.424,36.686,31.726,-20.524,-324.46,-33.372
2.94,-65.859,-0.8415,-9.9702,-0.24034,0.53658,0.80847,0.026278,-41.728,-0.96759,-15.14,-0.049942,-1.7288,1.1136,-11.075,27.048,-0.32279,0,0,0,7.7344,7.7321,7.6624,7.5986,37.194,33.403,31.381,-25.446,-332.13,-35.634
2.95,-66.277,-0.84981,-10.122,-0.23403,0.53582,0.81064,0.031588,-41.837,-0.6955,-15.142,-0.083979,-1.6663,1.0546,-10.704,27.365,-0.010804,0,0,0,7.7935,7.7912,7.7253,7.664,36.915,30.045,31.014,-30.279,-339.41,-37.836
2.96,-66.696,-0.8554,-10.273,-0.22798,0.53488,0.81276,0.036712,-41.942,-0.4204,-15.14,-0.11836,-1.6071,0.99855,-10.336,27.649,0.2974,0,0,0,7.8475,7.8449,7.7827,7.7237,36.589,26.616,30.624,-35.017,-346.28,-39.977
2.97,-67.116,-0.85821,-10.424,-0.22216,0.53378,0.81486,0.041659,-42.044,-0.14264,-15.136,-0.15321,-1.5513,0.94517,-9.9724,27.897,0.60162,0,0,0,7.8961,7.8931,7.8344,7.7776,36.215,23.121,30.214,-39.652,-352.72,-42.052
2.98,-67.537,-0.85824,-10.576,-0.21656,0.5325,0.81694,0.046437,-42.142,0.13743,-15.128,-0.18866,-1.4985,0.89431,-9.6123,28.111,0.90162,0,0,0,7.9389,7.9353,7.8801,7.8253,35.796,19.563,29.784,-44.176,-358.72,-44.058
2.99,-67.959,-0.85546,-10.727,-0.21118,0.53106,0.81901,0.051051,-42.236,0.41945,-15.118,-0.22484,-1.4489,0.84584,-9.2566,28.288,1.1972,0,0,0,7.9756,7.9715,7.9196,7.8665,35.332,15.948,29.333,-48.582,-364.26,-45.992
3,-68.382,-0.84985,-10.878,-0.20601,0.52944,0.82108,0.055509,-42.327,0.70307,-15.105,-0.2619,-1.4022,0.79958,-8.9058,28.429,1.4882,0,0,0,8.0061,8.0012,7.9526,7.9011,34.825,12.28,28.864,-52.862,-369.33,-47.851
3.01,-68.805,-0.84139,-11.029,-0.20102,0.52766,0.82316,0.059817,-42.414,0.98792,-15.088,-0.29998,-1.3584,0.7554,-8.5602,28.534,1.7744,0,0,0,8.0301,8.0243,7.9788,7.9288,34.275,8.5629,28.377,-57.009,-373.91,-49.632
3.02,-69.23,-0.83009,-11.18,-0.19623,0.52569,0.82526,0.063983,-42.498,1.2736,-15.069,-0.33923,-1.3173,0.71315,-8.2204,28.601,2.0557,0,0,0,8.0474,8.0407,7.9982,7.9494,33.685,4.8031,27.872,-61.015,-377.98,-51.331
3.03,-69.655,-0.81592,-11.33,-0.1916,0.52355,0.82738,0.068011,-42.579,1.5598,-15.047,-0.37983,-1.279,0.6727,-7.8867,28.63,2.3318,0,0,0,8.0579,8.05,8.0105,7.9628,33.056,1.0051,27.35,-64.872,-381.52,-52.945
3.04,-70.082,-0.79889,-11.481,-0.18714,0.52123,0.82954,0.071909,-42.656,1.8461,-15.022,-0.42196,-1.2432,0.63392,-7.5594,28.621,2.6027,0,0,0,8.0613,8.0522,8.0156,7.9688,32.388,-2.8256,26.813,-68.574,-384.53,-54.471
3.05,-70.508,-0.779,-11.631,-0.18283,0.51871,0.83174,0.075681,-42.73,2.1321,-14.995,-0.46579,-1.2101,0.5967,-7.239,28.573,2.868,0,0,0,8.0576,8.0471,8.0134,7.9673,31.685,-6.6837,26.261,-72.112,-386.98,-55.905
3.06,-70.936,-0.75625,-11.781,-0.17867,0.51599,0.83399,0.079334,-42.801,2.4174,-14.965,-0.51153,-1.1794,0.56092,-6.9258,28.487,3.1278,0,0,0,8.0466,8.0347,8.0037,7.9582,30.947,-10.563,25.695,-75.478,-388.86,-57.245
3.07,-71.364,-0.73065,-11.93,-0.17464,0.51307,0.83629,0.082872,-42.869,2.7017,-14.933,-0.55939,-1.1512,0.52647,-6.6202,28.362,3.3819,0,0,0,8.0283,8.0147,7.9865,7.9415,30.176,-14.459,25.117,-78.666,-390.15,-58.487
3.08,-71.793,-0.70222,-12.079,-0.17075,0.50993,0.83867,0.086299,-42.933,2.9845,-14.897,-0.60962,-1.1254,0.49325,-6.3224,28.198,3.6301,0,0,0,8.0026,7.9873,7.9618,7.9171,29.374,-18.364,24.526,-81.668,-390.83,-59.627
3.09,-72.223,-0.67097,-12.228,-0.16697,0.50657,0.84112,0.089622,-42.995,3.2655,-14.86,-0.66246,-1.1021,0.46116,-6.0328,27.994,3.8724,0,0,0,7.9695,7.9523,7.9296,7.885,28.543,-22.273,23.924,-84.475,-390.89,-60.663
3.1,-72.653,-0.63692,-12.377,-0.16331,0.50296,0.84365,0.092843,-43.054,3.5443,-14.82,-0.71818,-1.081,0.43011,-5.7517,27.752,4.1086,0,0,0,7.9291,7.9097,7.8898,7.8451,27.685,-26.18,23.313,-87.082,-390.31,-61.591
3.11,-73.084,-0.60009,-12.525,-0.15976,0.4991,0.84627,0.095967,-43.11,3.8204,-14.778,-0.77708,-1.0624,0.40001,-5.4792,27.471,4.3386,0,0,0,7.8812,7.8596,7.8424,7.7976,26.802,-30.077,22.693,-89.479,-389.08,-62.409
3.12,-73.516,-0.56052,-12.672,-0.1563,0.49496,0.84899,0.098997,-43.164,4.0936,-14.733,-0.83946,-1.0461,0.37079,-5.2157,27.151,4.5624,0,0,0,7.8261,7.802,7.7877,7.7425,25.896,-33.959,22.065,-91.659,-387.18,-63.112
3.13,-73.947,-0.51823,-12.819,-0.15293,0.49054,0.85182,0.10194,-43.214,4.3633,-14.687,-0.90569,-1.0323,0.34236,-4.9614,26.792,4.7799,0,0,0,7.7637,7.737,7.7255,7.6798,24.97,-37.819,21.431,-93.616,-384.59,-63.697
3.14,-74.38,-0.47326,-12.966,-0.14964,0.48581,0.85476,0.10479,-43.263,4.6293,-14.638,-0.97613,-1.0208,0.31464,-4.7164,26.394,4.991,0,0,0,7.6943,7.6647,7.6562,7.6097,24.025,-41.649,20.792,-95.341,-381.29,-64.162
3.15,-74.813,-0.42566,-13.112,-0.14643,0.48075,0.85783,0.10755,-43.309,4.8911,-14.587,-1.0512,-1.0118,0.28758,-4.4809,25.959,5.1957,0,0,0,7.6179,7.5852,7.5797,7.5324,23.064,-45.442,20.148,-96.826,-377.28,-64.503
3.16,-75.246,-0.37546,-13.258,-0.14328,0.47533,0.86103,0.11023,-43.352,5.1483,-14.534,-1.1313,-1.0053,0.26111,-4.2551,25.486,5.394,0,0,0,7.5349,7.4987,7.4965,7.448,22.089,-49.192,19.502,-98.072,-372.55,-64.721
3.17,-75.68,-0.32271,-13.403,-0.14019,0.46954,0.86438,0.11283,-43.394,5.4007,-14.479,-1.2169,-1.0014,0.23515,-4.0392,24.975,5.5858,0,0,0,7.4453,7.4055,7.4065,7.3569,21.103,-52.891,18.854,-99.083,-367.12,-64.817
3.18,-76.114,-0.26746,-13.547,-0.13714,0.46333,0.86788,0.11534,-43.433,5.6477,-14.422,-1.3085,-1.0002,0.20965,-3.8331,24.428,5.7711,0,0,0,7.3496,7.3058,7.3103,7.2591,20.108,-56.532,18.206,-99.865,-361.01,-64.797
3.19,-76.548,-0.20977,-13.691,-0.13413,0.45669,0.87154,0.11777,-43.471,5.8891,-14.364,-1.4067,-1.0016,0.18455,-3.637,23.845,5.9499,0,0,0,7.248,7.1998,7.208,7.1551,19.106,-60.109,17.559,-100.42,-354.26,-64.663
3.2,-76.983,-0.1497,-13.834,-0.13116,0.44956,0.87537,0.12011,-43.506,6.1245,-14.303,-1.5121,-1.0059,0.15979,-3.451,23.226,6.1222,0,0,0,7.1409,7.088,7.1,7.0452,18.1,-63.615,16.913,-100.77,-346.87,-64.418
3.21,-77.419,-0.087305,-13.977,-0.1282,0.44192,0.87937,0.12236,-43.54,6.3535,-14.241,-1.6253,-1.013,0.13531,-3.275,22.573,6.2881,0,0,0,7.0287,6.9707,6.9868,6.9298,17.092,-67.044,16.271,-100.89,-338.86,-64.065
3.22,-77.854,-0.022652,-14.119,-0.12525,0.43372,0.88357,0.12452,-43.572,6.5758,-14.177,-1.7469,-1.023,0.11105,-3.1092,21.886,6.4477,0,0,0,6.9118,6.8483,6.8687,6.8093,16.083,-70.39,15.632,-100.82,-330.27,-63.609
3.23,-78.29,0.044189,-14.261,-0.1223,0.42492,0.88796,0.12658,-43.602,6.7911,-14.112,-1.8777,-1.0361,0.086974,-2.9534,21.165,6.6008,0,0,0,6.7907,6.7213,6.7462,6.6842,15.076,-73.648,14.999,-100.54,-321.1,-63.052
3.24,-78.726,0.11315,-14.401,-0.11934,0.41545,0.89254,0.12854,-43.631,6.999,-14.045,-2.0184,-1.0522,0.063032,-2.8076,20.413,6.7477,0,0,0,6.666,6.5903,6.62,6.555,14.073,-76.81,14.372,-100.07,-311.39,-62.398
3.25,-79.163,0.18414,-14.542,-0.11635,0.40528,0.89734,0.13037,-43.658,7.1993,-13.977,-2.1698,-1.0714,0.039187,-2.6719,19.629,6.8883,0,0,0,6.5382,6.4558,6.4906,6.4224,13.075,-79.874,13.751,-99.402,-301.15,-61.651
3.26,-79.599,0.2571,-14.681,-0.11332,0.39434,0.90233,0.13207,-43.684,7.3915,-13.908,-2.3324,-1.0936,0.015411,-2.5461,18.816,7.0227,0,0,0,6.4079,6.3185,6.3586,6.2871,12.086,-82.832,13.139,-98.555,-290.4,-60.812
3.27,-80.036,0.33195,-14.82,-0.11025,0.38257,0.90754,0.13362,-43.709,7.5755,-13.837,-2.5069,-1.1189,-0.0083126,-2.4302,17.973,7.1511,0,0,0,6.2759,6.1791,6.2247,6.1497,11.105,-85.68,12.535,-97.53,-279.17,-59.886
3.28,-80.473,0.40859,-14.958,-0.10712,0.3699,0.91295,0.135,-43.733,7.7509,-13.765,-2.6939,-1.1469,-0.031987,-2.324,17.103,7.2734,0,0,0,6.1429,6.0384,6.0898,6.0111,10.136,-88.414,11.941,-96.331,-267.47,-58.877
3.29,-80.911,0.48694,-15.095,-0.10391,0.35626,0.91855,0.13619,-43.756,7.9175,-13.691,-2.8938,-1.1775,-0.055598,-2.2274,16.205,7.3899,0,0,0,6.0095,5.8974,5.9547,5.8721,9.1789,-91.028,11.358,-94.966,-255.34,-57.786
3.3,-81.349,0.5669,-15.232,-0.10062,0.34158,0.92433,0.13716,-43.777,8.0749,-13.617,-3.1066,-1.2102,-0.079111,-2.1403,15.282,7.5006,0,0,0,5.8768,5.757,5.8202,5.7339,8.2367,-93.519,10.786,-93.44,-242.77,-56.619
3.31,-81.786,0.6484,-15.367,-0.097233,0.32579,0.93027,0.13787,-43.798,8.223,-13.541,-3.3322,-1.2444,-0.10247,-2.0626,14.335,7.6057,0,0,0,5.7453,5.6183,5.6873,5.5973,7.3106,-95.882,10.226,-91.757,-229.81,-55.377
3.32,-82.225,0.73133,-15.502,-0.093748,0.30881,0.93634,0.13829,-43.819,8.3615,-13.465,-3.57,-1.2793,-0.12557,-1.9941,13.365,7.7052,0,0,0,5.6162,5.4825,5.5569,5.4638,6.4021,-98.114,9.6786,-89.924,-216.47,-54.065
3.33,-82.663,0.8156,-15.637,-0.090158,0.29058,0.94249,0.13836,-43.838,8.4903,-13.387,-3.8186,-1.3138,-0.14831,-1.9345,12.373,7.7993,0,0,0,5.4902,5.351,5.4303,5.3344,5.5126,-100.21,9.1448,-87.947,-202.77,-52.685
3.34,-83.101,0.9011,-15.77,-0.086464,0.27104,0.94869,0.13804,-43.857,8.6089,-13.309,-4.0762,-1.3465,-0.17051,-1.8837,11.361,7.8881,0,0,0,5.3683,5.2251,5.3084,5.2106,4.6436,-102.17,8.6251,-85.831,-188.73,-51.242
3.35,-83.54,0.98775,-15.903,-0.082675,0.25015,0.95485,0.13728,-43.876,8.7174,-13.23,-4.3399,-1.3757,-0.19197,-1.8416,10.331,7.9719,0,0,0,5.2515,5.1064,5.1924,5.094,3.7964,-103.98,8.1201,-83.581,-174.38,-49.738
3.36,-83.979,1.0754,-16.035,-0.078805,0.22787,0.96092,0.13602,-43.894,8.8155,-13.149,-4.6058,-1.3994,-0.21245,-1.8077,9.2823,8.0506,0,0,0,5.1407,4.9964,5.0836,4.9859,2.9724,-105.65,7.6305,-81.203,-159.73,-48.176
3.37,-84.418,1.164,-16.166,-0.07488,0.20421,0.96679,0.1342,-43.912,8.903,-13.069,-4.869,-1.4154,-0.23167,-1.782,8.218,8.1245,0,0,0,5.037,4.8969,4.983,4.8881,2.1728,-107.18,7.1568,-78.704,-144.8,-46.561
3.38,-84.857,1.2534,-16.296,-0.070935,0.17918,0.97237,0.13177,-43.93,8.9798,-12.987,-5.1235,-1.4212,-0.2493,-1.7642,7.1392,8.1938,0,0,0,4.9415,4.8093,4.8919,4.802,1.3987,-108.55,6.6995,-76.088,-129.63,-44.895
3.39,-85.296,1.3436,-16.425,-0.067018,0.15286,0.97754,0.12869,-43.947,9.0458,-12.905,-5.3624,-1.4144,-0.26502,-1.754,6.0475,8.2586,0,0,0,4.8552,4.7353,4.8114,4.7292,0.65139,-109.77,6.259,-73.361,-114.22,-43.182
3.4,-85.736,1.4343,-16.554,-0.063186,0.12536,0.98218,0.12493,-43.965,9.1007,-12.822,-5.578,-1.393,-0.2785,-1.7511,4.9444,8.319,0,0,0,4.7794,4.6761,4.7427,4.6711,-0.068146,-110.83,5.836,-70.529,-98.597,-41.425
3.41,-86.176,1.5256,-16.682,-0.059506,0.096808,0.98619,0.12047,-43.983,9.1446,-12.738,-5.7625,-1.3553,-0.28943,-1.7552,3.8313,8.3753,0,0,0,4.7155,4.6328,4.6869,4.6288,-0.75886,-111.74,5.4307,-67.597,-82.788,-39.627
3.42,-86.616,1.6172,-16.809,-0.056051,0.067417,0.98945,0.11533,-44,9.1773,-12.654,-5.9083,-1.3007,-0.29755,-1.7662,2.7101,8.4277,0,0,0,4.6646,4.6062,4.6451,4.6031,-1.4198,-112.49,5.0436,-64.571,-66.81,-37.791
3.43,-87.056,1.7091,-16.935,-0.052895,0.037414,0.99187,0.10954,-44.018,9.1988,-12.57,-6.009,-1.2292,-0.30267,-1.7835,1.5821,8.4763,0,0,0,4.6283,4.5967,4.6181,4.5947,-2.05,-113.08,4.675,-61.457,-50.685,-35.922
3.44,-87.496,1.8011,-17.06,-0.050106,0.0070655,0.99337,0.10318,-44.036,9.2089,-12.485,-6.0598,-1.1423,-0.30471,-1.807,0.44908,8.5213,0,0,0,4.6077,4.6043,4.6067,4.6036,-2.6486,-113.5,4.3252,-58.26,-34.434,-34.022
3.45,-87.936,1.8932,-17.185,-0.047744,-0.023345,0.99393,0.096326,-44.054,9.2078,-12.399,-6.0581,-1.0425,-0.3037,-1.8364,-0.68739,8.5628,0,0,0,4.604,4.6286,4.6116,4.6295,-3.2149,-113.76,3.9946,-54.986,-18.078,-32.095
3.46,-88.377,1.9852,-17.308,-0.04585,-0.053528,0.99353,0.089096,-44.073,9.1952,-12.314,-6.0038,-0.93288,-0.29977,-1.8712,-1.8257,8.6012,0,0,0,4.6181,4.6692,4.6332,4.6721,-3.7481,-113.86,3.6834,-51.641,-1.6377,-30.144
3.47,-88.818,2.0771,-17.431,-0.044449,-0.083205,0.99219,0.081613,-44.091,9.1712,-12.227,-5.8995,-0.81748,-0.29318,-1.9112,-2.9641,8.6366,0,0,0,4.6502,4.7252,4.6716,4.7303,-4.2475,-113.8,3.3918,-48.229,14.865,-28.172
3.48,-89.259,2.1686,-17.553,-0.043544,-0.11212,0.98998,0.074005,-44.111,9.1359,-12.141,-5.7499,-0.70027,-0.28425,-1.9561,-4.1011,8.6691,0,0,0,4.7005,4.7956,4.7267,4.8034,-4.7125,-113.57,3.12,-44.758,31.41,-26.183
3.49,-89.7,2.2598,-17.674,-0.043118,-0.14005,0.98697,0.066399,-44.131,9.0892,-12.054,-5.5613,-0.58504,-0.27337,-2.0054,-5.2349,8.699,0,0,0,4.7686,4.8796,4.798,4.89,-5.1425,-113.17,2.8682,-41.232,47.976,-24.18
3.5,-90.142,2.3504,-17.794,-0.04314,-0.16682,0.98328,0.058906,-44.151,9.0312,-11.967,-5.3413,-0.47502,-0.26095,-2.0588,-6.3639,8.7266,0,0,0,4.8534,4.976,4.8846,4.9891,-5.537,-112.61,2.6365,-37.656,64.541,-22.166
3.51,-90.583,2.4403,-17.913,-0.043563,-0.1923,0.97901,0.051626,-44.172,8.962,-11.879,-5.0976,-0.37273,-0.24743,-2.116,-7.4864,8.7518,0,0,0,4.9539,5.084,4.9857,5.0996,-5.8955,-111.88,2.4249,-34.038,81.084,-20.144
3.52,-91.025,2.5296,-18.031,-0.044335,-0.2164,0.97428,0.044634,-44.193,8.8815,-11.792,-4.838,-0.2799,-0.23319,-2.1766,-8.6009,8.7751,0,0,0,5.0685,5.2024,5.0999,5.2202,-6.2176,-110.98,2.2336,-30.381,97.584,-18.119
3.53,-91.467,2.6179,-18.149,-0.045398,-0.23906,0.9692,0.037988,-44.215,8.79,-11.704,-4.5692,-0.19748,-0.21859,-2.2402,-9.7056,8.7966,0,0,0,5.1958,5.3303,5.226,5.3499,-6.503,-109.93,2.0625,-26.693,114.02,-16.093
3.54,-91.909,2.7053,-18.266,-0.046696,-0.26027,0.96388,0.031727,-44.238,8.6875,-11.616,-4.2974,-0.12577,-0.20394,-2.3065,-10.799,8.8164,0,0,0,5.334,5.4666,5.3625,5.4877,-6.7514,-108.7,1.9117,-22.978,130.37,-14.07
3.55,-92.352,2.7916,-18.381,-0.048175,-0.28005,0.95843,0.025871,-44.261,8.5741,-11.528,-4.0275,-0.064577,-0.18949,-2.3751,-11.879,8.8349,0,0,0,5.4815,5.6102,5.5079,5.6323,-6.9625,-107.32,1.7811,-19.242,146.62,-12.053
3.56,-92.795,2.8768,-18.496,-0.049785,-0.29844,0.95291,0.020427,-44.286,8.4499,-11.439,-3.7632,-0.013319,-0.17545,-2.4457,-12.945,8.8521,0,0,0,5.6367,5.7602,5.6608,5.7829,-7.1362,-105.77,1.6706,-15.491,162.74,-10.045
3.57,-93.237,2.9606,-18.61,-0.051485,-0.31549,0.94741,0.015391,-44.31,8.3152,-11.351,-3.5076,0.028801,-0.16198,-2.5177,-13.994,8.8684,0,0,0,5.7981,5.9155,5.8198,5.9384,-7.2723,-104.07,1.5802,-11.73,178.71,-8.0491
3.58,-93.681,3.043,-18.723,-0.053237,-0.33126,0.94198,0.010749,-44.336,8.1701,-11.262,-3.2624,0.062704,-0.14918,-2.591,-15.026,8.8838,0,0,0,5.9642,6.075,5.9836,6.0979,-7.3708,-102.2,1.5096,-7.9653,194.51,-6.0697
3.59,-94.124,3.124,-18.835,-0.055009,-0.34582,0.93666,0.006483,-44.362,8.0148,-11.173,-3.0291,0.089345,-0.13712,-2.665,-16.038,8.8986,0,0,0,6.1338,6.2378,6.1509,6.2603,-7.4316,-100.18,1.4587,-4.2022,210.12,-4.1095
3.6,-94.568,3.2033,-18.947,-0.056778,-0.35925,0.93151,0.0025705,-44.389,7.8494,-11.084,-2.8081,0.10966,-0.12586,-2.7395,-17.029,8.913,0,0,0,6.3057,6.4028,6.3206,6.4248,-7.4548,-97.998,1.4273,-0.44621,225.51,-2.172
3.61,-95.012,3.2809,-19.057,0.058522,0.37162,-0.92654,0.0010133,-44.417,7.6743,-10.995,-2.5998,0.12452,-0.11541,-2.814,-17.997,8.9272,0,0,0,6.4786,6.5692,6.4915,6.5905,-7.4406,-95.666,1.4152,3.2969,240.68,-0.26042
3.62,-95.456,3.3568,-19.166,0.060226,0.383,-0.92178,0.0042938,-44.446,7.4896,-10.905,-2.4039,0.13472,-0.10578,-2.8882,-18.941,8.9414,0,0,0,6.6518,6.7359,6.6627,6.7564,-7.389,-93.185,1.422,7.0215,255.59,1.6219
3.63,-95.901,3.4307,-19.275,0.061877,0.39345,-0.91723,0.0072966,-44.475,7.2955,-10.816,-2.2201,0.14096,-0.096952,-2.9616,-19.86,8.9557,0,0,0,6.8241,6.9022,6.8332,6.9218,-7.3002,-90.556,1.4475,10.722,270.23,3.4716
3.64,-96.346,3.5026,-19.383,0.063467,0.40306,-0.91292,0.010046,-44.505,7.0925,-10.726,-2.0479,0.14386,-0.088906,-3.034,-20.752,8.9704,0,0,0,6.9947,7.0673,7.0022,7.0859,-7.1746,-87.781,1.4913,14.393,284.56,5.2853
3.65,-96.791,3.5725,-19.49,0.064988,0.41187,-0.90884,0.012567,-44.535,6.8806,-10.636,-1.8865,0.14394,-0.081617,-3.105,-21.615,8.9856,0,0,0,7.1629,7.2303,7.1688,7.2479,-7.0125,-84.865,1.5531,18.028,298.59,7.0598
3.66,-97.237,3.6402,-19.596,0.066437,0.41994,-0.90499,0.01488,-44.567,6.6602,-10.546,-1.7353,0.14165,-0.075053,-3.1742,-22.449,9.0015,0,0,0,7.328,7.3905,7.3324,7.4071,-6.8142,-81.811,1.6324,21.623,312.27,8.7917
3.67,-97.682,3.7057,-19.701,0.06781,0.42733,-0.90139,0.017008,-44.599,6.4317,-10.456,-1.5935,0.13737,-0.069179,-3.2412,-23.251,9.0183,0,0,0,7.4891,7.5472,7.4922,7.5629,-6.5802,-78.621,1.7288,25.171,325.59,10.478
3.68,-98.129,3.7688,-19.805,0.069105,0.43407,-0.89802,0.018969,-44.632,6.1953,-10.366,-1.4604,0.1314,-0.063961,-3.3057,-24.021,9.0362,0,0,0,7.6458,7.6998,7.6476,7.7146,-6.311,-75.3,1.8418,28.666,338.54,12.114
3.69,-98.575,3.8296,-19.908,0.070321,0.44022,-0.89489,0.02078,-44.665,5.9514,-10.276,-1.3352,0.12401,-0.059365,-3.3673,-24.757,9.0552,0,0,0,7.7974,7.8478,7.7981,7.8617,-6.0071,-71.852,1.9709,32.104,351.08,13.698
3.7,-99.022,3.8878,-20.01,0.071459,0.44582,-0.89199,0.02246,-44.699,5.7003,-10.185,-1.2172,0.11539,-0.055357,-3.4257,-25.457,9.0756,0,0,0,7.9434,7.9905,7.943,8.0035,-5.6691,-68.28,2.1156,35.478,363.2,15.227
3.71,-99.469,3.9436,-20.112,0.072518,0.45089,-0.88931,0.024022,-44.734,5.4424,-10.094,-1.1058,0.10573,-0.051906,-3.4806,-26.122,9.0976,0,0,0,8.0833,8.1273,8.0819,8.1396,-5.2977,-64.589,2.2752,38.784,374.87,16.695
3.72,-99.916,3.9967,-20.212,0.073498,0.45546,-0.88685,0.02548,-44.769,5.178,-10.003,-1.0003,0.095145,-0.048982,-3.5315,-26.749,9.1212,0,0,0,8.2166,8.2579,8.2142,8.2694,-4.8937,-60.784,2.4493,42.014,386.08,18.102
3.73,-100.36,4.0471,-20.312,0.074401,0.45958,-0.88461,0.026848,-44.804,4.9075,-9.9117,-0.90008,0.083748,-0.046557,-3.5783,-27.337,9.1466,0,0,0,8.3429,8.3818,8.3395,8.3925,-4.4577,-56.869,2.637,45.164,396.8,19.442
3.74,-100.81,4.0948,-20.41,0.075228,0.46326,-0.88258,0.028137,-44.84,4.6314,-9.8201,-0.8046,0.071613,-0.044605,-3.6206,-27.886,9.174,0,0,0,8.4617,8.4985,8.4575,8.5085,-3.9907,-52.85,2.8379,48.228,407.02,20.713
3.75,-101.26,4.1397,-20.508,0.075979,0.46652,-0.88075,0.029357,-44.877,4.35,-9.7282,-0.71331,0.058797,-0.043105,-3.658,-28.394,9.2034,0,0,0,8.5728,8.6076,8.5678,8.6171,-3.4934,-48.731,3.0511,51.201,416.7,21.912
3.76,-101.71,4.1818,-20.605,0.076655,0.46938,-0.87913,0.030519,-44.913,4.0637,-9.636,-0.62571,0.045338,-0.042035,-3.6904,-28.86,9.235,0,0,0,8.6758,8.7089,8.6699,8.7177,-2.967,-44.517,3.2759,54.076,425.84,23.035
3.77,-102.16,4.221,-20.701,0.077257,0.47186,-0.87771,0.031631,-44.95,3.7729,-9.5435,-0.54133,0.031255,-0.041378,-3.7173,-29.284,9.269,0,0,0,8.7703,8.8019,8.7636,8.8102,-2.4123,-40.216,3.5115,56.849,434.41,24.078
3.78,-102.61,4.2572,-20.796,0.077785,0.47398,-0.87648,0.032703,-44.988,3.4781,-9.4506,-0.4597,0.016557,-0.041117,-3.7385,-29.664,9.3053,0,0,0,8.8562,8.8864,8.8486,8.8942,-1.8304,-35.831,3.7571,59.513,442.38,25.039
3.79,-103.06,4.2905,-20.89,0.078241,0.47574,-0.87545,0.033742,-45.025,3.1798,-9.3574,-0.38042,0.0012345,-0.041239,-3.7538,-30,9.3441,0,0,0,8.933,8.962,8.9246,8.9694,-1.2224,-31.37,4.012,62.063,449.74,25.914
3.8,-103.51,4.3208,-20.983,0.078623,0.47716,-0.8746,0.034755,-45.063,2.8783,-9.2637,-0.30307,-0.014729,-0.041733,-3.7629,-30.291,9.3856,0,0,0,9.0007,9.0287,8.9915,9.0356,-0.58949,-26.839,4.2751,64.493,456.47,26.7
3.81,-103.96,4.3481,-21.075,0.078933,0.47824,-0.87395,0.03575,-45.1,2.5741,-9.1697,-0.22727,-0.031362,-0.042589,-3.7655,-30.537,9.4297,0,0,0,9.0589,9.0861,9.0489,9.0926,0.067073,-22.243,4.5457,66.798,462.54,27.393
3.82,-104.41,4.3723,-21.166,0.079169,0.47898,-0.87347,0.036734,-45.138,2.2677,-9.0751,-0.15265,-0.048704,-0.0438,-3.7615,-30.736,9.4765,0,0,0,9.1076,9.1341,9.0967,9.1403,0.74604,-17.59,4.8227,68.972,467.93,27.99
3.83,-104.86,4.3934,-21.257,0.079331,0.47941,-0.87319,0.037712,-45.176,1.9595,-8.9801,-0.078843,-0.066803,-0.045363,-3.7505,-30.888,9.5261,0,0,0,9.1466,9.1725,9.1348,9.1784,1.4461,-12.887,5.1052,71.01,472.63,28.489
3.84,-105.32,4.4115,-21.346,0.079418,0.4795,-0.87308,0.03869,-45.213,1.6501,-8.8846,-0.0054991,-0.085717,-0.047272,-3.7325,-30.994,9.5786,0,0,0,9.1757,9.2012,9.163,9.2068,2.1658,-8.14,5.3921,72.905,476.61,28.884
3.85,-105.77,4.4264,-21.434,0.079429,0.47928,-0.87316,0.039675,-45.25,1.3398,-8.7886,0.067726,-0.10551,-0.049528,-3.7071,-31.051,9.634,0,0,0,9.1949,9.2201,9.1813,9.2255,2.9037,-3.3571,5.6825,74.653,479.84,29.174
3.86,-106.22,4.4383,-21.522,0.079361,0.47873,-0.87342,0.040671,-45.287,1.0292,-8.6919,0.14117,-0.12627,-0.052132,-3.6743,-31.061,9.6923,0,0,0,9.2042,9.2292,9.1896,9.2344,3.6583,1.4544,5.9752,76.247,482.32,29.354
3.87,-106.67,4.447,-21.608,0.079213,0.47786,-0.87387,0.041685,-45.324,0.71875,-8.5947,0.21519,-0.14807,-0.055085,-3.6339,-31.022,9.7535,0,0,0,9.2035,9.2285,9.1879,9.2334,4.4281,6.2867,6.2692,77.681,484.02,29.422
3.88,-107.13,4.4526,-21.693,0.078982,0.47665,-0.87449,0.042721,-45.36,0.40893,-8.4968,0.2901,-0.17101,-0.058392,-3.5857,-30.935,9.8177,0,0,0,9.1928,9.2179,9.1761,9.2227,5.2114,11.132,6.5633,78.952,484.91,29.375
3.89,-107.58,4.4552,-21.778,0.078665,0.47511,-0.87531,0.043784,-45.395,0.10022,-8.3983,0.36627,-0.1952,-0.062059,-3.5297,-30.799,9.8848,0,0,0,9.1722,9.1974,9.1544,9.2021,6.0065,15.982,6.8563,80.052,484.97,29.207
3.9,-108.03,4.4547,-21.861,0.078257,0.47322,-0.87631,0.04488,-45.43,-0.2069,-8.2991,0.44403,-0.22076,-0.066094,-3.4656,-30.615,9.9548,0,0,0,9.1417,9.1673,9.1227,9.1719,6.8118,20.829,7.147,80.975,484.2,28.918
3.91,-108.49,4.4511,-21.944,0.077754,0.47098,-0.87751,0.046012,-45.465,-0.51193,-8.1992,0.52375,-0.2478,-0.070507,-3.3934,-30.383,10.028,0,0,0,9.1014,9.1275,9.0812,9.132,7.6254,25.663,7.4342,81.718,482.55,28.502
3.92,-108.94,4.4444,-22.025,0.077151,0.46837,-0.87889,0.047187,-45.498,-0.81439,-8.0986,0.6058,-0.27648,-0.075307,-3.313,-30.102,10.103,0,0,0,9.0516,9.0782,9.03,9.0828,8.4456,30.477,7.7166,82.273,480.02,27.958
3.93,-109.4,4.4348,-22.106,0.076442,0.46538,-0.88047,0.048408,-45.531,-1.1138,-7.9971,0.69054,-0.30694,-0.080508,-3.2245,-29.773,10.182,0,0,0,8.9923,9.0196,8.9693,9.0242,9.2703,35.26,7.9929,82.635,476.58,27.281
3.94,-109.85,4.4222,-22.185,0.075621,0.462,-0.88225,0.049679,-45.563,-1.4097,-7.8949,0.77836,-0.33935,-0.086122,-3.1276,-29.397,10.263,0,0,0,8.9238,8.952,8.8994,8.9566,10.098,40.005,8.2618,82.799,472.2,26.468
3.95,-110.31,4.4066,-22.264,0.074679,0.4582,-0.88424,0.051005,-45.593,-1.7016,-7.7919,0.86967,-0.37387,-0.092164,-3.0225,-28.973,10.347,0,0,0,8.8464,8.8756,8.8204,8.8803,10.926,44.701,8.5218,82.759,466.88,25.516
3.96,-110.77,4.3881,-22.341,0.073608,0.45397,-0.88642,0.052389,-45.623,-1.989,-7.688,0.96487,-0.4107,-0.09865,-2.9091,-28.503,10.434,0,0,0,8.7604,8.7907,8.7327,8.7956,11.752,49.339,8.7716,82.509,460.59,24.421
3.97,-111.22,4.3668,-22.418,0.072398,0.44929,-0.88882,0.053835,-45.651,-2.2715,-7.5832,1.0644,-0.45004,-0.10559,-2.7875,-27.987,10.523,0,0,0,8.6662,8.6976,8.6367,8.7027,12.575,53.91,9.0098,82.044,453.3,23.18
3.98,-111.68,4.3427,-22.493,0.071038,0.44412,-0.89143,0.055345,-45.679,-2.5486,-7.4775,1.1686,-0.49208,-0.11301,-2.6576,-27.425,10.614,0,0,0,8.564,8.5969,8.5326,8.6022,13.392,58.402,9.2347,81.358,444.99,21.791
3.99,-112.14,4.3159,-22.567,0.069517,0.43845,-0.89425,0.056922,-45.705,-2.8199,-7.3709,1.278,-0.53703,-0.12092,-2.5197,-26.819,10.707,0,0,0,8.4545,8.4889,8.4211,8.4945,14.201,62.806,9.4451,80.452,435.68,20.253
4,-112.59,4.2864,-22.64,0.06782,0.43224,-0.8973,0.058568,-45.729,-3.0848,-7.2634,1.393,-0.58512,-0.12934,-2.3736,-26.169,10.803,0,0,0,8.3381,8.3741,8.3026,8.3801,15.001,67.112,9.6393,79.334,425.4,18.574
4.01,-113.05,4.2542,-22.712,0.065933,0.42546,-0.90056,0.060282,-45.752,-3.3431,-7.1549,1.514,-0.63656,-0.13827,-2.2197,-25.477,10.9,0,0,0,8.2153,8.2531,8.1777,8.2595,15.787,71.311,9.8161,78.012,414.19,16.761
4.02,-113.51,4.2195,-22.783,0.063839,0.41808,-0.90404,0.062065,-45.773,-3.5942,-7.0454,1.6415,-0.69157,-0.14774,-2.0579,-24.744,10.999,0,0,0,8.0868,8.1266,8.0469,8.1334,16.56,75.393,9.9741,76.496,402.09,14.82
4.03,-113.97,4.1823,-22.853,0.06152,0.41005,-0.90774,0.063913,-45.793,-3.8378,-6.9349,1.7759,-0.75035,-0.15775,-1.8885,-23.97,11.099,0,0,0,7.9532,7.9952,7.911,8.0024,17.317,79.35,10.112,74.793,389.14,12.758
4.04,-114.42,4.1428,-22.922,0.058958,0.40134,-0.91165,0.065823,-45.811,-4.0735,-6.8234,1.9175,-0.81307,-0.16831,-1.7117,-23.157,11.201,0,0,0,7.8154,7.8595,7.7708,7.8673,18.055,83.173,10.229,72.912,375.38,10.582
4.05,-114.88,4.1009,-22.99,0.056131,0.39191,-0.91578,0.067789,-45.827,-4.3009,-6.7108,2.0667,-0.87986,-0.17942,-1.5275,-22.307,11.304,0,0,0,7.674,7.7205,7.627,7.7288,18.774,86.855,10.323,70.863,360.85,8.2987
4.06,-115.34,4.0568,-23.056,0.053018,0.3817,-0.92012,0.069801,-45.842,-4.5195,-6.5973,2.2237,-0.95082,-0.19107,-1.3362,-21.42,11.408,0,0,0,7.53,7.5789,7.4805,7.5878,19.472,90.388,10.395,68.653,345.59,5.9156
4.07,-115.8,4.0105,-23.122,0.049596,0.37068,-0.92465,0.071846,-45.854,-4.7292,-6.4827,2.3886,-1.0259,-0.20325,-1.1381,-20.5,11.512,0,0,0,7.3842,7.4356,7.3324,7.4451,20.147,93.765,10.441,66.291,329.64,3.4392
4.08,-116.26,3.9622,-23.186,0.04584,0.35878,-0.92936,0.073909,-45.864,-4.9294,-6.367,2.5614,-1.105,-0.21592,-0.93339,-19.546,11.616,0,0,0,7.2376,7.2916,7.1837,7.3017,20.798,96.978,10.463,63.787,313.04,0.87645
4.09,-116.72,3.912,-23.249,0.041729,0.34597,-0.93423,0.07597,-45.873,-5.12,-6.2504,2.7418,-1.1879,-0.22904,-0.72227,-18.561,11.721,0,0,0,7.0914,7.1478,7.0355,7.1584,21.422,100.02,10.459,61.147,295.84,-1.7658
4.1,-117.18,3.8599,-23.311,0.037239,0.3322,-0.93924,0.078001,-45.879,-5.3005,-6.1326,2.9294,-1.274,-0.24255,-0.50504,-17.546,11.825,0,0,0,6.9467,7.0054,6.8891,7.0165,22.02,102.89,10.427,58.382,278.06,-4.4806
4.11,-117.63,3.806,-23.372,0.03235,0.31741,-0.94435,0.079972,-45.883,-5.4708,-6.0139,3.1233,-1.3627,-0.25635,-0.28196,-16.503,11.929,0,0,0,6.8046,6.8654,6.7459,6.8768,22.59,105.58,10.369,55.5,259.76,-7.2611
4.12,-118.09,3.7505,-23.431,0.027046,0.30158,-0.94954,0.081846,-45.885,-5.6305,-5.894,3.3223,-1.453,-0.27034,-0.053342,-15.435,12.033,0,0,0,6.6663,6.729,6.6071,6.7405,23.13,108.09,10.282,52.509,240.97,-10.101
4.13,-118.55,3.6934,-23.49,0.021313,0.28467,-0.95474,0.083579,-45.884,-5.7794,-5.7732,3.5247,-1.5436,-0.28437,0.18053,-14.342,12.135,0,0,0,6.5333,6.5974,6.4744,6.6087,23.639,110.4,10.167,49.419,221.74,-12.992
4.14,-119.01,3.6349,-23.547,0.015149,0.26664,-0.95991,0.085122,-45.881,-5.9173,-5.6514,3.7284,-1.6329,-0.29828,0.41934,-13.227,12.236,0,0,0,6.4068,6.4716,6.3492,6.4825,24.118,112.52,10.022,46.237,202.09,-15.928
4.15,-119.47,3.5751,-23.603,0.0085575,0.2475,-0.96499,0.086419,-45.875,-6.0439,-5.5285,3.9307,-1.7189,-0.31185,0.66278,-12.092,12.335,0,0,0,6.2883,6.3531,6.233,6.3631,24.564,114.44,9.848,42.972,182.08,-18.903
4.16,-119.93,3.5141,-23.657,0.0015542,0.22724,-0.96991,0.087411,-45.868,-6.1591,-5.4047,4.1283,-1.7992,-0.32486,0.91051,-10.939,12.433,0,0,0,6.179,6.2429,6.1273,6.2516,24.977,116.16,9.6439,39.633,161.75,-21.909
4.17,-120.39,3.452,-23.711,-0.0058313,0.2059,-0.97459,0.088037,-45.857,-6.2626,-5.2799,4.3174,-1.8713,-0.33706,1.1622,-9.7699,12.528,0,0,0,6.0804,6.1423,6.0337,6.1492,25.356,117.68,9.4097,36.229,141.12,-24.939
4.18,-120.85,3.3889,-23.763,-0.013555,0.18352,-0.97895,0.088234,-45.844,-6.3544,-5.1541,4.494,-1.9326,-0.34817,1.4175,-8.5864,12.621,0,0,0,5.9938,6.0524,5.9535,6.057,25.701,118.98,9.1451,32.768,120.25,-27.986
4.19,-121.3,3.3249,-23.814,-0.021556,0.16017,-0.98293,0.087944,-45.829,-6.4343,-5.0274,4.6536,-1.9803,-0.35792,1.6761,-7.3909,12.711,0,0,0,5.9203,5.9742,5.8877,5.9763,26.011,120.08,8.8499,29.259,99.178,-31.045
4.2,-121.76,3.2602,-23.863,-0.029759,0.13596,-0.98643,0.087117,-45.811,-6.5022,-4.8999,4.7919,-2.0119,-0.36605,1.9376,-6.1855,12.798,0,0,0,5.861,5.9089,5.8374,5.908,26.286,120.97,8.5242,25.71,77.937,-34.107
4.21,-122.22,3.1949,-23.912,-0.038075,0.11101,-0.98938,0.085713,-45.79,-6.558,-4.7715,4.9046,-2.0256,-0.3723,2.2017,-4.9723,12.881,0,0,0,5.8169,5.8573,5.8031,5.8532,26.526,121.64,8.1678,22.13,56.57,-37.166
4.22,-122.68,3.1291,-23.959,-0.046405,0.085462,-0.99173,0.083707,-45.767,-6.6016,-4.6423,4.9881,-2.0199,-0.37648,2.468,-3.7535,12.961,0,0,0,5.7884,5.8201,5.785,5.8129,26.729,122.1,7.7809,18.528,35.118,-40.215
4.23,-123.14,3.0629,-24.005,-0.054643,0.059501,-0.99343,0.081092,-45.741,-6.633,-4.5123,5.0395,-1.9944,-0.37844,2.7362,-2.5311,13.037,0,0,0,5.7762,5.7979,5.7833,5.788,26.896,122.34,7.3636,14.913,13.621,-43.247
4.24,-123.59,2.9965,-24.049,-0.062681,0.033307,-0.99443,0.077882,-45.712,-6.6522,-4.3816,5.0573,-1.9495,-0.3781,3.0058,-1.3074,13.108,0,0,0,5.7802,5.7913,5.7976,5.7789,27.027,122.37,6.916,11.292,-7.8806,-46.255
4.25,-124.05,2.9299,-24.092,-0.07042,0.0070751,-0.99474,0.074109,-45.681,-6.6592,-4.2501,5.0407,-1.8866,-0.37546,3.2766,-0.084457,13.175,0,0,0,5.8003,5.8003,5.8274,5.7861,27.122,122.18,6.4386,7.6753,-29.347,-49.233
4.26,-124.51,2.8634,-24.134,-0.077768,-0.019001,-0.99434,0.069825,-45.647,-6.6539,-4.1181,4.9906,-1.808,-0.37057,3.5481,1.1355,13.237,0,0,0,5.8362,5.8249,5.8718,5.8097,27.181,121.78,5.9315,4.0706,-50.738,-52.172
4.27,-124.96,2.7969,-24.175,-0.084651,-0.044734,-0.99328,0.065095,-45.61,-6.6365,-3.9854,4.9089,-1.7167,-0.36356,3.8201,2.3505,13.293,0,0,0,5.8872,5.8649,5.9299,5.8495,27.203,121.17,5.3953,0.48671,-72.013,-55.068
4.28,-125.42,2.7307,-24.214,-0.091012,-0.069951,-0.99158,0.059998,-45.57,-6.6069,-3.8522,4.7986,-1.6157,-0.35461,4.0921,3.5582,13.345,0,0,0,5.9524,5.9198,6.0007,5.905,27.191,120.34,4.8303,-3.0677,-93.131,-57.912
4.29,-125.87,2.6648,-24.252,-0.096815,-0.094499,-0.9893,0.054616,-45.528,-6.5654,-3.7186,4.6635,-1.5087,-0.34396,4.3638,4.7566,13.39,0,0,0,6.0307,5.9888,6.0831,5.9753,27.142,119.31,4.2372,-6.5839,-114.05,-60.698
4.3,-126.33,2.5994,-24.288,-0.10204,-0.11825,-0.98651,0.049036,-45.483,-6.5119,-3.5845,4.5078,-1.3988,-0.33184,4.6348,5.9436,13.429,0,0,0,6.1211,6.071,6.1761,6.0595,27.059,118.06,3.6166,-10.053,-134.74,-63.419
4.31,-126.78,2.5346,-24.323,-0.1067,-0.1411,-0.98327,0.043337,-45.435,-6.4465,-3.45,4.3359,-1.2889,-0.31851,4.9049,7.1172,13.462,0,0,0,6.2223,6.1654,6.2786,6.1562,26.941,116.61,2.9691,-13.467,-155.15,-66.068
4.32,-127.24,2.4705,-24.357,-0.1108,-0.16297,-0.97967,0.037597,-45.385,-6.3696,-3.3152,4.1523,-1.1817,-0.30422,5.1735,8.2752,13.489,0,0,0,6.3329,6.2705,6.3893,6.2641,26.79,114.96,2.2955,-16.818,-175.24,-68.637
4.33,-127.69,2.4073,-24.39,-0.11437,-0.18381,-0.97576,0.03188,-45.332,-6.2811,-3.1802,3.961,-1.0791,-0.2892,5.4405,9.4157,13.508,0,0,0,6.4518,6.3852,6.5074,6.3817,26.605,113.11,1.5966,-20.095,-194.97,-71.122
4.34,-128.14,2.3449,-24.421,-0.11746,-0.20359,-0.97163,0.026245,-45.276,-6.1813,-3.0451,3.7657,-0.98258,-0.27367,5.7055,10.537,13.52,0,0,0,6.5775,6.508,6.6316,6.5074,26.388,111.06,0.87337,-23.291,-214.31,-73.513
4.35,-128.6,2.2837,-24.451,-0.1201,-0.2223,-0.96733,0.020734,-45.218,-6.0704,-2.9099,3.5696,-0.89308,-0.2578,5.9682,11.636,13.525,0,0,0,6.7088,6.6376,6.7609,6.6399,26.14,108.82,0.12669,-26.397,-233.21,-75.805
4.36,-129.05,2.2236,-24.479,-0.12235,-0.23994,-0.96292,0.015385,-45.157,-5.9487,-2.7746,3.3753,-0.81118,-0.24175,6.2282,12.713,13.523,0,0,0,6.8444,6.7725,6.8941,6.7775,25.861,106.4,-0.64237,-29.405,-251.63,-77.99
4.37,-129.5,2.1647,-24.506,-0.12424,-0.25655,-0.95846,0.010222,-45.093,-5.8163,-2.6394,3.1849,-0.7371,-0.22564,6.4853,13.764,13.513,0,0,0,6.9832,6.9113,7.0303,6.919,25.552,103.79,-1.4327,-32.306,-269.53,-80.063
4.38,-129.95,2.1073,-24.532,-0.12584,-0.27214,-0.95398,0.0052605,-45.027,-5.6735,-2.5044,3,-0.67078,-0.20957,6.7392,14.788,13.494,0,0,0,7.124,7.0528,7.1685,7.0629,25.215,101.01,-2.2432,-35.09,-286.88,-82.015
4.39,-130.4,2.0513,-24.556,-0.12717,-0.28675,-0.94953,0.00051153,-44.958,-5.5206,-2.3696,2.8218,-0.61198,-0.19362,6.9895,15.783,13.468,0,0,0,7.2657,7.1957,7.3075,7.2079,24.851,98.058,-3.0726,-37.751,-303.62,-83.84
4.4,-130.85,1.9969,-24.579,0.12829,0.30044,0.94513,0.004022,-44.887,-5.3579,-2.2351,2.6511,-0.56032,-0.17782,7.2361,16.749,13.433,0,0,0,7.4071,7.3389,7.4464,7.3531,24.46,94.941,-3.9196,-40.278,-319.73,-85.53
4.41,-131.3,1.9442,-24.601,0.12923,0.31324,0.9408,0.0083416,-44.814,-5.1857,-2.101,2.4884,-0.51535,-0.16222,7.4786,17.682,13.389,0,0,0,7.5475,7.4812,7.5843,7.4971,24.045,91.666,-4.7827,-42.664,-335.15,-87.081
4.42,-131.75,1.8932,-24.621,0.13002,0.3252,0.93658,0.012452,-44.738,-5.0044,-1.9673,2.3338,-0.47657,-0.14682,7.7169,18.581,13.337,0,0,0,7.6857,7.6216,7.7202,7.6391,23.608,88.24,-5.6607,-44.899,-349.86,-88.483
4.43,-132.19,1.8441,-24.64,0.13069,0.33637,0.93247,0.016362,-44.659,-4.8142,-1.8342,2.1875,-0.44348,-0.13163,7.9507,19.446,13.276,0,0,0,7.821,7.7591,7.8534,7.7781,23.148,84.671,-6.5519,-46.975,-363.81,-89.731
4.44,-132.64,1.797,-24.658,0.13127,0.3468,0.92849,0.02008,-44.579,-4.6156,-1.7018,2.0493,-0.41558,-0.11663,8.1798,20.274,13.206,0,0,0,7.9525,7.8929,7.9829,7.9132,22.669,80.966,-7.4548,-48.884,-376.96,-90.817
4.45,-133.08,1.7518,-24.674,0.13179,0.35653,0.92464,0.023619,-44.496,-4.4089,-1.5702,1.9189,-0.39241,-0.10181,8.404,21.065,13.127,0,0,0,8.0795,8.0222,8.1082,8.0437,22.171,77.135,-8.3677,-50.617,-389.27,-91.734
4.46,-133.53,1.7088,-24.689,0.13226,0.36561,0.92093,0.026989,-44.411,-4.1944,-1.4393,1.7962,-0.37353,-0.08713,8.6232,21.817,13.038,0,0,0,8.2013,8.1462,8.2284,8.1688,21.657,73.184,-9.2889,-52.164,-400.69,-92.477
4.47,-133.97,1.668,-24.703,0.13271,0.37408,0.91736,0.030205,-44.323,-3.9727,-1.3094,1.6807,-0.35856,-0.072568,8.8371,22.528,12.941,0,0,0,8.3172,8.2643,8.3429,8.288,21.128,69.124,-10.217,-53.519,-411.2,-93.037
4.48,-134.42,1.6294,-24.715,0.13314,0.38197,0.91393,0.033277,-44.234,-3.744,-1.1805,1.572,-0.34713,-0.058083,9.0457,23.199,12.834,0,0,0,8.4267,8.3758,8.4511,8.4006,20.587,64.963,-11.149,-54.671,-420.74,-93.408
4.49,-134.86,1.5931,-24.727,0.13358,0.38933,0.91064,0.03622,-44.142,-3.5088,-1.0528,1.4697,-0.33895,-0.043634,9.2488,23.827,12.718,0,0,0,8.5292,8.4802,8.5526,8.506,20.036,60.712,-12.084,-55.612,-429.29,-93.584
4.5,-135.3,1.5592,-24.736,0.13402,0.39618,0.9075,0.039046,-44.049,-3.2676,-0.92621,1.3735,-0.33374,-0.029175,9.4464,24.413,12.592,0,0,0,8.6243,8.5771,8.6467,8.6039,19.476,56.381,-13.02,-56.334,-436.79,-93.556
4.51,-135.74,1.5278,-24.745,0.1345,0.40257,0.90449,0.041766,-43.953,-3.0207,-0.80095,1.2829,-0.33127,-0.01466,9.6383,24.955,12.458,0,0,0,8.7114,8.6659,8.733,8.6937,18.91,51.98,-13.955,-56.829,-443.22,-93.319
4.52,-136.18,1.4988,-24.753,0.13501,0.40851,0.90162,0.044392,-43.856,-2.7687,-0.67709,1.1976,-0.33133,-3.8829e-05,9.8246,25.452,12.313,0,0,0,8.7903,8.7463,8.8112,8.7752,18.34,47.52,-14.886,-57.096,-448.56,-92.873
4.53,-136.62,1.4724,-24.759,0.13556,0.41404,0.89888,0.046937,-43.757,-2.5118,-0.55471,1.117,-0.33378,0.014741,10.005,25.905,12.16,0,0,0,8.8605,8.8179,8.881,8.848,17.768,43.012,-15.811,-57.143,-452.84,-92.224
4.54,-137.05,1.4486,-24.764,0.13616,0.41918,0.89627,0.04941,-43.656,-2.2507,-0.43392,1.041,-0.33846,0.029734,10.18,26.312,11.997,0,0,0,8.9219,8.8805,8.942,8.9118,17.198,38.467,-16.729,-56.976,-456.1,-91.378
4.55,-137.49,1.4274,-24.767,0.13683,0.42395,0.89379,0.051822,-43.553,-1.9857,-0.3148,0.969,-0.34528,0.045,10.349,26.674,11.825,0,0,0,8.9742,8.9338,8.994,8.9665,16.63,33.894,-17.638,-56.604,-458.35,-90.341
4.56,-137.92,1.4089,-24.77,0.13756,0.42838,0.89142,0.054184,-43.449,-1.7174,-0.19744,0.90079,-0.35416,0.060599,10.513,26.99,11.644,0,0,0,9.0172,8.9777,9.0368,9.0117,16.066,29.303,-18.536,-56.034,-459.63,-89.12
4.57,-138.36,1.3931,-24.771,0.13836,0.43247,0.88917,0.056505,-43.343,-1.4461,-0.081941,0.83602,-0.36503,0.076597,10.67,27.26,11.455,0,0,0,9.0507,9.0119,9.0703,9.0474,15.51,24.704,-19.42,-55.272,-459.97,-87.72
4.58,-138.79,1.38,-24.772,0.13924,0.43626,0.88704,0.058795,-43.236,-1.1723,0.03162,0.77435,-0.37788,0.09306,10.823,27.484,11.256,0,0,0,9.0746,9.0364,9.0943,9.0735,14.961,20.107,-20.29,-54.327,-459.38,-86.149
4.59,-139.22,1.3696,-24.771,0.14021,0.43975,0.885,0.061062,-43.127,-0.89656,0.14315,0.7155,-0.39268,0.11006,10.97,27.662,11.049,0,0,0,9.0888,9.051,9.1087,9.09,14.424,15.52,-21.142,-53.205,-457.91,-84.411
4.6,-139.65,1.362,-24.769,0.14127,0.44296,0.88308,0.063315,-43.016,-0.61924,0.25257,0.65918,-0.40945,0.12768,11.111,27.795,10.833,0,0,0,9.0934,9.0558,9.1135,9.0967,13.898,10.951,-21.977,-51.914,-455.58,-82.514
4.61,-140.08,1.3572,-24.766,0.14243,0.44589,0.88125,0.065563,-42.904,-0.34082,0.35979,0.60512,-0.42821,0.14598,11.248,27.881,10.609,0,0,0,9.0882,9.0508,9.1088,9.0937,13.386,6.4109,-22.792,-50.462,-452.41,-80.463
4.62,-140.51,1.3552,-24.762,0.1437,0.44857,0.87951,0.067814,-42.791,-0.061759,0.46473,0.55306,-0.44901,0.16507,11.379,27.923,10.378,0,0,0,9.0733,9.0358,9.0945,9.081,12.889,1.9061,-23.586,-48.855,-448.43,-78.265
4.63,-140.94,1.356,-24.756,0.14508,0.45099,0.87786,0.070077,-42.677,0.21749,0.56731,0.50275,-0.47192,0.18502,11.506,27.92,10.138,0,0,0,9.0488,9.0111,9.0706,9.0587,12.409,-2.5551,-24.357,-47.101,-443.67,-75.926
4.64,-141.36,1.3596,-24.75,0.14658,0.45317,0.87631,0.072359,-42.561,0.49649,0.66746,0.45396,-0.49702,0.20594,11.627,27.872,9.8905,0,0,0,9.0148,8.9766,9.0374,9.0269,11.948,-6.9649,-25.104,-45.208,-438.16,-73.451
4.65,-141.79,1.3659,-24.743,0.14821,0.45512,0.87483,0.074668,-42.444,0.77479,0.7651,0.40646,-0.52442,0.22793,11.745,27.781,9.6358,0,0,0,8.9713,8.9326,8.9948,8.9858,11.506,-11.316,-25.826,-43.182,-431.93,-70.849
4.66,-142.21,1.3751,-24.735,0.14998,0.45683,0.87343,0.077013,-42.326,1.052,0.86015,0.36002,-0.55424,0.2511,11.857,27.646,9.374,0,0,0,8.9186,8.8791,8.9431,8.9354,11.084,-15.601,-26.521,-41.031,-425,-68.123
4.67,-142.64,1.387,-24.726,0.1519,0.45831,0.87211,0.079401,-42.207,1.3276,0.95256,0.31444,-0.58663,0.27557,11.966,27.469,9.1055,0,0,0,8.8567,8.8162,8.8825,8.8761,10.685,-19.814,-27.188,-38.763,-417.41,-65.282
4.68,-143.06,1.4016,-24.716,0.15398,0.45956,0.87086,0.081841,-42.087,1.6012,1.0422,0.26949,-0.62173,0.30148,12.071,27.25,8.8304,0,0,0,8.786,8.7443,8.8131,8.8079,10.31,-23.947,-27.826,-36.384,-409.17,-62.33
4.69,-143.48,1.419,-24.705,0.15622,0.46058,0.86968,0.08434,-41.966,1.8724,1.1291,0.22497,-0.65975,0.32895,12.173,26.99,8.549,0,0,0,8.7065,8.6635,8.7351,8.7311,9.958,-27.995,-28.434,-33.902,-400.32,-59.274
4.7,-143.9,1.4391,-24.693,0.15865,0.46138,0.86856,0.086907,-41.844,2.1409,1.2132,0.18066,-0.70088,0.35814,12.271,26.69,8.2618,0,0,0,8.6187,8.574,8.6489,8.6461,9.6318,-31.952,-29.011,-31.324,-390.88,-56.121
4.71,-144.31,1.4618,-24.681,0.16127,0.46196,0.86751,0.089551,-41.72,2.4061,1.2944,0.13634,-0.74535,0.38921,12.365,26.351,7.9689,0,0,0,8.5227,8.4762,8.5548,8.5531,9.3318,-35.811,-29.556,-28.658,-380.89,-52.877
4.72,-144.73,1.4872,-24.667,0.1641,0.4623,0.86651,0.092279,-41.596,2.6678,1.3726,0.091816,-0.79342,0.42234,12.457,25.974,7.6708,0,0,0,8.4188,8.3702,8.453,8.4524,9.0589,-39.568,-30.068,-25.911,-370.36,-49.547
4.73,-145.15,1.5151,-24.653,0.16716,0.4624,0.86556,0.095101,-41.471,2.9255,1.4478,0.046847,-0.84536,0.45772,12.547,25.56,7.3677,0,0,0,8.3074,8.2565,8.344,8.3443,8.8139,-43.216,-30.547,-23.091,-359.33,-46.138
4.74,-145.56,1.5457,-24.638,0.17045,0.46227,0.86467,0.098025,-41.345,3.1788,1.5199,0.0012074,-0.90148,0.49556,12.634,25.11,7.06,0,0,0,8.1889,8.1353,8.228,8.2293,8.5973,-46.753,-30.991,-20.204,-347.83,-42.656
4.75,-145.97,1.5787,-24.623,0.174,0.46188,0.86382,0.10106,-41.219,3.4276,1.5889,-0.045341,-0.96211,0.53607,12.719,24.626,6.748,0,0,0,8.0637,8.007,8.1055,8.1077,8.41,-50.172,-31.4,-17.258,-335.88,-39.107
4.76,-146.38,1.6142,-24.607,0.17783,0.46123,0.86301,0.10422,-41.091,3.6713,1.6548,-0.093051,-1.0276,0.5795,12.802,24.107,6.4321,0,0,0,7.932,7.872,7.9769,7.98,8.2524,-53.469,-31.773,-14.26,-323.52,-35.498
4.77,-146.8,1.6521,-24.59,0.18196,0.46032,0.86223,0.1075,-40.963,3.9096,1.7176,-0.14219,-1.0984,0.6261,12.884,23.557,6.1126,0,0,0,7.7944,7.7307,7.8426,7.8466,8.1249,-56.641,-32.109,-11.219,-310.76,-31.835
4.78,-147.2,1.6924,-24.572,0.18641,0.45912,0.86149,0.11093,-40.833,4.1423,1.7771,-0.19303,-1.1748,0.67614,12.965,22.975,5.79,0,0,0,7.6514,7.5835,7.7033,7.708,8.0281,-59.683,-32.409,-8.1398,-297.63,-28.124
4.79,-147.61,1.7349,-24.554,0.19121,0.45761,0.86077,0.1145,-40.703,4.369,1.8334,-0.24588,-1.2574,0.72993,13.044,22.364,5.4646,0,0,0,7.5033,7.431,7.5593,7.5646,7.9622,-62.592,-32.672,-5.0313,-284.17,-24.37
4.8,-148.02,1.7797,-24.536,0.19639,0.45579,0.86006,0.11823,-40.572,4.5895,1.8864,-0.30105,-1.3465,0.78776,13.124,21.724,5.1367,0,0,0,7.3509,7.2735,7.4112,7.417,7.9276,-65.365,-32.897,-1.9006,-270.41,-20.582
4.81,-148.42,1.8267,-24.517,0.20197,0.45363,0.85937,0.12213,-40.441,4.8034,1.9361,-0.3589,-1.4427,0.84997,13.203,21.057,4.8068,0,0,0,7.1945,7.1116,7.2596,7.2658,7.9243,-67.999,-33.083,1.2451,-256.36,-16.763
4.82,-148.83,1.8758,-24.497,0.20799,0.4511,0.85867,0.1262,-40.308,5.0105,1.9825,-0.4198,-1.5463,0.91689,13.282,20.364,4.4752,0,0,0,7.0348,6.946,7.1052,7.1115,7.9525,-70.492,-33.232,4.3985,-242.06,-12.922
4.83,-149.23,1.9269,-24.477,0.21449,0.44818,0.85797,0.13045,-40.175,5.2106,2.0256,-0.48413,-1.6581,0.98885,13.362,19.647,4.1423,0,0,0,6.8723,6.7771,6.9485,6.9546,8.0122,-72.84,-33.342,7.5521,-227.53,-9.0632
4.84,-149.63,1.98,-24.456,0.22149,0.44483,0.85725,0.13488,-40.041,5.4034,2.0653,-0.55234,-1.7782,1.0662,13.443,18.908,3.8085,0,0,0,6.7079,6.6056,6.7902,6.7959,8.1035,-75.042,-33.413,10.699,-212.8,-5.1938
4.85,-150.03,2.0349,-24.436,0.22904,0.44101,0.8565,0.13951,-39.906,5.5887,2.1018,-0.62487,-1.9072,1.1493,13.524,18.147,3.4741,0,0,0,6.5421,6.4323,6.631,6.6359,8.2262,-77.095,-33.446,13.831,-197.91,-1.3198
4.86,-150.43,2.0917,-24.414,0.23717,0.43669,0.8557,0.14433,-39.771,5.7663,2.1348,-0.70223,-2.0454,1.2384,13.607,17.366,3.1397,0,0,0,6.3756,6.2578,6.4717,6.4753,8.38,-78.999,-33.439,16.941,-182.87,2.5526
4.87,-150.83,2.1502,-24.393,0.24594,0.43182,0.85484,0.14933,-39.634,5.9359,2.1646,-0.78494,-2.193,1.3338,13.692,16.568,2.8055,0,0,0,6.2093,6.0831,6.3131,6.3147,8.5649,-80.752,-33.395,20.023,-167.72,6.4173
4.88,-151.22,2.2104,-24.371,0.25537,0.42634,0.8539,0.15451,-39.497,6.0975,2.1909,-0.87354,-2.3499,1.4358,13.779,15.752,2.4719,0,0,0,6.0441,5.9091,6.156,6.1549,8.7804,-82.353,-33.311,23.068,-152.48,10.268
4.89,-151.62,2.2722,-24.349,0.26552,0.42019,0.85287,0.15985,-39.359,6.2509,2.214,-0.96862,-2.516,1.5443,13.868,14.921,2.1394,0,0,0,5.8807,5.7367,6.0011,5.9964,9.0261,-83.802,-33.189,26.069,-137.18,14.098
4.9,-152.01,2.3354,-24.327,0.27643,0.41332,0.85172,0.16534,-39.219,6.3959,2.2337,-1.0708,-2.6907,1.6594,13.959,14.076,1.8083,0,0,0,5.72,5.567,5.8494,5.8399,9.3016,-85.097,-33.029,29.019,-121.85,17.903
4.91,-152.4,2.4,-24.304,0.28813,0.40563,0.85043,0.17094,-39.079,6.5324,2.2502,-1.1805,-2.873,1.7808,14.054,13.22,1.4789,0,0,0,5.5632,5.4014,5.7017,5.6862,9.6063,-86.239,-32.831,31.911,-106.52,21.674
4.92,-152.79,2.466,-24.282,0.30066,0.39705,0.84898,0.17659,-38.938,6.6603,2.2633,-1.2986,-3.0613,1.9082,14.152,12.352,1.1518,0,0,0,5.4111,5.2412,5.5589,5.5358,9.9396,-87.227,-32.596,34.737,-91.21,25.407
4.93,-153.18,2.5332,-24.259,0.31404,0.38749,0.84735,0.18225,-38.796,6.7794,2.2732,-1.4254,-3.2534,2.0408,14.253,11.476,0.82714,0,0,0,5.2648,5.0879,5.4217,5.3895,10.301,-88.063,-32.323,37.49,-75.952,29.095
4.94,-153.57,2.6016,-24.236,0.3283,0.37685,0.84553,0.18782,-38.653,6.8898,2.2799,-1.5615,-3.4463,2.1775,14.358,10.591,0.50542,0,0,0,5.1254,4.9431,5.2911,5.2477,10.689,-88.747,-32.014,40.163,-60.774,32.731
4.95,-153.95,2.671,-24.214,0.34342,0.36502,0.8435,0.19321,-38.509,6.9912,2.2833,-1.7072,-3.6361,2.3169,14.467,9.7011,0.18697,0,0,0,4.9941,4.8085,5.1677,5.1113,11.104,-89.279,-31.669,42.747,-45.702,36.31
4.96,-154.34,2.7414,-24.191,0.35939,0.35187,0.84125,0.19828,-38.364,7.0838,2.2836,-1.8628,-3.8179,2.457,14.58,8.8063,-0.12784,0,0,0,4.8718,4.6861,5.0523,4.9808,11.544,-89.661,-31.288,45.237,-30.765,39.826
4.97,-154.72,2.8126,-24.168,0.37618,0.33728,0.83879,0.20286,-38.218,7.1673,2.2808,-2.0284,-3.9857,2.5956,14.698,7.9084,-0.43867,0,0,0,4.7596,4.5775,4.9454,4.857,12.008,-89.895,-30.873,47.624,-15.991,43.272
4.98,-155.1,2.8847,-24.145,0.39371,0.32111,0.83614,0.20677,-38.07,7.2419,2.2749,-2.2038,-4.1325,2.7298,14.82,7.0089,-0.74518,0,0,0,4.6586,4.4847,4.8476,4.7407,12.496,-89.982,-30.423,49.902,-1.4068,46.641
4.99,-155.48,2.9574,-24.122,0.41189,0.30321,0.83332,0.20975,-37.921,7.3075,2.2659,-2.3884,-4.2507,2.8563,14.948,6.1092,-1.047,0,0,0,4.5696,4.409,4.7592,4.6329,13.006,-89.924,-29.94,52.062,12.96,49.929
5,-155.86,3.0308,-24.1,0.43057,0.28341,0.83039,0.21153,-37.771,7.3641,2.2539,-2.5813,-4.3319,2.9718,15.08,5.2109,-1.3439,0,0,0,4.4934,4.352,4.6806,4.5348,13.537,-89.723,-29.425,54.098,27.081,53.128
5.01,-156.24,3.1047,-24.077,0.44958,0.26154,0.82742,0.21178,-37.619,7.4118,2.239,-2.7811,-4.3675,3.0727,15.218,4.3152,-1.6354,0,0,0,4.4308,4.3142,4.6118,4.4475,14.087,-89.383,-28.878,56.003,40.928,56.233
5.02,-156.61,3.179,-24.055,0.4687,0.2374,0.8245,0.21014,-37.467,7.4504,2.2213,-2.9858,-4.3493,3.1557,15.362,3.4237,-1.9213,0,0,0,4.3821,4.296,4.5531,4.3727,14.656,-88.906,-28.3,57.768,54.475,59.236
5.03,-156.99,3.2537,-24.033,0.48764,0.21079,0.82174,0.20621,-37.312,7.4802,2.2006,-3.1924,-4.27,3.2175,15.512,2.5376,-2.2013,0,0,0,4.3477,4.2971,4.5045,4.3119,15.242,-88.295,-27.693,59.386,67.693,62.133
5.04,-157.36,3.3286,-24.011,0.50606,0.18151,0.81923,0.19955,-37.156,7.5012,2.1772,-3.397,-4.1234,3.256,15.667,1.6582,-2.4751,0,0,0,4.3277,4.3164,4.4662,4.2667,15.844,-87.553,-27.058,60.851,80.555,64.916
5.05,-157.73,3.4037,-23.989,0.52358,0.14933,0.81705,0.18973,-36.999,7.5134,2.1512,-3.5942,-3.9057,3.2694,15.829,0.78693,-2.7424,0,0,0,4.3222,4.3523,4.4383,4.2385,16.459,-86.685,-26.395,62.155,93.033,67.58
5.06,-158.1,3.4788,-23.968,0.53971,0.11409,0.81523,0.17634,-36.84,7.517,2.1224,-3.7766,-3.6155,3.2572,15.996,-0.075059,-3.0029,0,0,0,4.3312,4.4028,4.4208,4.2285,17.086,-85.694,-25.707,63.29,105.1,70.119
5.07,-158.47,3.554,-23.947,0.55391,0.075692,0.81373,0.15907,-36.679,7.512,2.0911,-3.935,-3.255,3.2199,16.17,-0.92655,-3.2564,0,0,0,4.3544,4.4655,4.414,4.2373,17.724,-84.584,-24.994,64.25,116.73,72.525
5.08,-158.83,3.629,-23.926,0.56557,0.034181,0.81239,0.13776,-36.516,7.4985,2.0573,-4.0581,-2.8312,3.1587,16.351,-1.7664,-3.5027,0,0,0,4.3917,4.5378,4.4182,4.265,18.37,-83.361,-24.257,65.026,127.89,74.794
5.09,-159.2,3.7039,-23.906,0.57409,-0.01015,0.81096,0.11252,-36.352,7.4767,2.0211,-4.1333,-2.3561,3.0759,16.538,-2.5934,-3.7415,0,0,0,4.4427,4.6174,4.4336,4.311,19.024,-82.028,-23.498,65.612,138.55,76.918
5.1,-159.56,3.7785,-23.886,0.5789,-0.056696,0.8091,0.083824,-36.186,7.4467,1.9825,-4.1487,-1.8485,2.9741,16.731,-3.4066,-3.9726,0,0,0,4.5072,4.7021,4.4607,4.3738,19.682,-80.591,-22.719,66.002,148.7,78.893
5.11,-159.92,3.8528,-23.866,0.57965,-0.10451,0.80643,0.052523,-36.017,7.4086,1.9417,-4.0961,-1.3322,2.8564,16.931,-4.2049,-4.1958,0,0,0,4.5844,4.7901,4.4999,4.4513,20.343,-79.056,-21.921,66.198,158.33,80.721
5.12,-160.28,3.9267,-23.847,0.57628,-0.15238,0.80268,0.019812,-35.847,7.3626,1.8986,-3.9735,-0.83411,2.7262,17.138,-4.9874,-4.411,0,0,0,4.6733,4.8804,4.5518,4.5413,21.005,-77.426,-21.105,66.206,167.46,82.403
5.13,-160.64,4.0001,-23.828,-0.5691,0.199,-0.79772,0.012947,-35.674,7.3089,1.8535,-3.787,-0.37974,2.5865,17.352,-5.7531,-4.6179,0,0,0,4.7724,4.9726,4.6164,4.6411,21.667,-75.708,-20.273,66.028,176.09,83.941
5.14,-160.99,4.0728,-23.81,-0.55874,0.24316,-0.79165,0.044463,-35.5,7.2476,1.8063,-3.5497,0.011425,2.4403,17.571,-6.5013,-4.8164,0,0,0,4.8801,5.0668,4.6935,4.7485,22.325,-73.906,-19.427,65.67,184.22,85.34
5.15,-161.35,4.145,-23.792,-0.54603,0.28397,-0.78471,0.073717,-35.323,7.1789,1.7572,-3.2789,0.32869,2.2904,17.798,-7.231,-5.0064,0,0,0,4.9944,5.1632,4.7823,4.8615,22.979,-72.025,-18.567,65.136,191.87,86.6
5.16,-161.7,4.2164,-23.775,-0.53186,0.32093,-0.77724,0.10008,-35.144,7.1031,1.7062,-2.9923,0.57033,2.1388,18.031,-7.9415,-5.1877,0,0,0,5.1137,5.2624,4.8817,4.9788,23.627,-70.07,-17.695,64.43,199.05,87.724
5.17,-162.05,4.287,-23.758,-0.51703,0.35389,-0.76958,0.12328,-34.962,7.0202,1.6534,-2.7046,0.7416,1.9876,18.271,-8.6322,-5.3602,0,0,0,5.2365,5.3645,4.9902,5.0993,24.268,-68.046,-16.813,63.556,205.76,88.715
5.18,-162.4,4.3568,-23.742,-0.50215,0.38295,-0.762,0.14338,-34.778,6.9305,1.599,-2.4268,0.85182,1.8383,18.516,-9.3022,-5.5239,0,0,0,5.3615,5.4697,5.106,5.2223,24.898,-65.957,-15.921,62.519,212,89.575
5.19,-162.74,4.4256,-23.726,-0.48768,0.40841,-0.75471,0.16058,-34.592,6.8342,1.543,-2.1656,0.9118,1.6922,18.768,-9.9511,-5.6786,0,0,0,5.4879,5.5778,5.2278,5.3472,25.517,-63.807,-15.022,61.322,217.8,90.307
5.2,-163.09,4.4934,-23.711,-0.47391,0.43062,-0.74784,0.17523,-34.403,6.7315,1.4855,-1.9246,0.93211,1.55,19.027,-10.578,-5.8243,0,0,0,5.6148,5.6884,5.3539,5.4735,26.124,-61.602,-14.116,59.971,223.15,90.912
5.21,-163.43,4.5602,-23.696,-0.46102,0.44998,-0.74146,0.18768,-34.211,6.6227,1.4265,-1.705,0.9221,1.4125,19.291,-11.183,-5.9609,0,0,0,5.7419,5.8012,5.4832,5.6008,26.716,-59.346,-13.204,58.47,228.06,91.395
5.22,-163.77,4.6259,-23.682,-0.44909,0.46683,-0.73558,0.19826,-34.017,6.508,1.3663,-1.5064,0.88959,1.28,19.561,-11.765,-6.0884,0,0,0,5.8686,5.9157,5.6144,5.7285,27.293,-57.043,-12.288,56.822,232.54,91.756
5.23,-164.11,4.6904,-23.669,-0.43814,0.48151,-0.73021,0.2073,-33.82,6.3875,1.3048,-1.3277,0.84085,1.1529,19.837,-12.324,-6.2067,0,0,0,5.9947,6.0313,5.7467,5.8563,27.852,-54.697,-11.369,55.033,236.6,91.999
5.24,-164.45,4.7536,-23.656,-0.42816,0.49432,-0.72531,0.21508,-33.62,6.2616,1.2422,-1.1672,0.78077,1.0312,20.118,-12.859,-6.3158,0,0,0,6.1197,6.1476,5.8791,5.9838,28.393,-52.312,-10.449,53.106,240.24,92.125
5.25,-164.79,4.8156,-23.644,-0.4191,0.50549,-0.72086,0.22181,-33.418,6.1304,1.1785,-1.023,0.71311,0.91503,20.404,-13.37,-6.4156,0,0,0,6.2434,6.2641,6.0111,6.1105,28.914,-49.893,-9.5271,51.046,243.48,92.138
5.26,-165.12,4.8762,-23.633,-0.41092,0.51523,-0.71682,0.2277,-33.212,5.9942,1.1139,-0.89353,0.64069,0.80423,20.696,-13.857,-6.5063,0,0,0,6.3656,6.3803,6.1421,6.2362,29.414,-47.444,-8.6061,48.857,246.31,92.039
5.27,-165.45,4.9354,-23.622,-0.40356,0.52374,-0.71315,0.23292,-33.004,5.8534,1.0484,-0.77695,0.56561,0.69871,20.993,-14.319,-6.5878,0,0,0,6.4861,6.4959,6.2715,6.3605,29.891,-44.968,-7.6867,46.543,248.76,91.832
5.28,-165.78,4.9933,-23.612,-0.39698,0.53115,-0.70982,0.23758,-32.792,5.708,0.98218,-0.67178,0.48944,0.59829,21.294,-14.756,-6.6601,0,0,0,6.6046,6.6104,6.3991,6.483,30.344,-42.47,-6.7699,44.109,250.82,91.518
5.29,-166.11,5.0496,-23.602,-0.3911,0.53761,-0.70679,0.24181,-32.578,5.5583,0.91525,-0.57663,0.41329,0.50277,21.599,-15.168,-6.7232,0,0,0,6.721,6.7237,6.5245,6.6036,30.772,-39.953,-5.8567,41.559,252.51,91.1
5.3,-166.43,5.1044,-23.593,-0.38588,0.54321,-0.70403,0.24568,-32.36,5.4047,0.84774,-0.4903,0.33797,0.41196,21.909,-15.555,-6.7772,0,0,0,6.8351,6.8352,6.6473,6.722,31.175,-37.421,-4.9482,38.897,253.82,90.581
5.31,-166.75,5.1577,-23.585,-0.38128,0.54805,-0.70152,0.24929,-32.14,5.2473,0.77974,-0.41169,0.26404,0.32562,22.223,-15.916,-6.8222,0,0,0,6.9468,6.9449,6.7675,6.838,31.55,-34.878,-4.0454,36.127,254.78,89.963
5.32,-167.07,5.2093,-23.578,-0.37724,0.55221,-0.69922,0.25267,-31.916,5.0864,0.71133,-0.33988,0.1919,0.24354,22.54,-16.252,-6.8581,0,0,0,7.0558,7.0525,6.8848,6.9513,31.897,-32.327,-3.1493,33.255,255.39,89.248
5.33,-167.39,5.2594,-23.571,-0.37373,0.55575,-0.69713,0.25588,-31.689,4.9223,0.64261,-0.27405,0.1218,0.16549,22.861,-16.563,-6.8852,0,0,0,7.1621,7.1577,6.9991,7.062,32.215,-29.771,-2.2607,30.284,255.64,88.439
5.34,-167.71,5.3078,-23.565,-0.37071,0.55873,-0.69522,0.25897,-31.459,4.7553,0.57366,-0.21348,0.053882,0.091268,23.184,-16.848,-6.9034,0,0,0,7.2656,7.2605,7.1102,7.1698,32.502,-27.215,-1.3808,27.218,255.56,87.538
5.35,-168.02,5.3545,-23.56,-0.36815,0.5612,-0.69347,0.26196,-31.225,4.5855,0.50457,-0.15756,-0.011753,0.02066,23.511,-17.107,-6.9128,0,0,0,7.3662,7.3606,7.2181,7.2746,32.759,-24.661,-0.51028,24.062,255.15,86.548
5.36,-168.33,5.3995,-23.555,-0.36601,0.56321,-0.69186,0.26488,-30.989,4.4132,0.43543,-0.10572,-0.075078,-0.046525,23.839,-17.341,-6.9136,0,0,0,7.4639,7.458,7.3227,7.3763,32.983,-22.113,0.34988,20.82,254.42,85.471
5.37,-168.64,5.4427,-23.551,-0.36426,0.56479,-0.69039,0.26775,-30.749,4.2387,0.36632,-0.057506,-0.13609,-0.11047,24.17,-17.549,-6.9059,0,0,0,7.5585,7.5525,7.424,7.475,33.175,-19.574,1.1989,17.496,253.38,84.31
5.38,-168.95,5.4842,-23.548,-0.36289,0.56597,-0.68904,0.27058,-30.505,4.0623,0.29734,-0.012496,-0.19483,-0.17134,24.503,-17.733,-6.8897,0,0,0,7.65,7.6442,7.5218,7.5704,33.333,-17.046,2.0358,14.095,252.02,83.067
5.39,-169.25,5.524,-23.545,-0.36186,0.56677,-0.68781,0.2734,-30.258,3.8842,0.22856,0.029673,-0.25132,-0.22931,24.837,-17.89,-6.8652,0,0,0,7.7384,7.7329,7.6163,7.6627,33.457,-14.534,2.8599,10.621,250.37,81.744
5.4,-169.55,5.5619,-23.543,-0.36116,0.56723,-0.68667,0.27621,-30.008,3.7046,0.16006,0.069321,-0.30563,-0.28451,25.172,-18.023,-6.8325,0,0,0,7.8237,7.8186,7.7074,7.7518,33.545,-12.04,3.6704,7.0788,248.43,80.344
5.41,-169.85,5.5981,-23.542,-0.36077,0.56737,-0.68564,0.27901,-29.755,3.5238,0.091935,0.10673,-0.3578,-0.33709,25.508,-18.131,-6.7918,0,0,0,7.9059,7.9012,7.7951,7.8376,33.598,-9.5665,4.4666,3.4717,246.2,78.87
5.42,-170.15,5.6324,-23.541,-0.36066,0.56719,-0.68469,0.28182,-29.498,3.342,0.024253,0.14215,-0.40792,-0.38717,25.844,-18.215,-6.7432,0,0,0,7.985,7.9809,7.8795,7.9202,33.614,-7.1168,5.2476,-0.19548,243.7,77.323
5.43,-170.44,5.6649,-23.541,-0.36083,0.56672,-0.68382,0.28464,-29.238,3.1596,-0.042904,0.17579,-0.45602,-0.43487,26.18,-18.274,-6.6869,0,0,0,8.061,8.0575,7.9605,7.9997,33.594,-4.6934,6.0128,-3.9185,240.92,75.707
5.44,-170.73,5.6956,-23.542,-0.36126,0.56598,-0.68302,0.28747,-28.975,2.9766,-0.10946,0.20786,-0.50217,-0.48028,26.515,-18.309,-6.623,0,0,0,8.1338,8.131,8.0383,8.0759,33.536,-2.2991,6.7615,-7.693,237.89,74.024
5.45,-171.02,5.7244,-23.543,-0.36193,0.56496,-0.6823,0.29032,-28.708,2.7935,-0.17534,0.23851,-0.54643,-0.5235,26.85,-18.32,-6.5518,0,0,0,8.2037,8.2016,8.1129,8.1491,33.44,0.06356,7.493,-11.515,234.61,72.275
5.46,-171.31,5.7515,-23.546,-0.36284,0.5637,-0.68165,0.29318,-28.438,2.6103,-0.24047,0.26791,-0.58884,-0.56463,27.184,-18.307,-6.4732,0,0,0,8.2705,8.2692,8.1842,8.2192,33.305,2.3922,8.2068,-15.379,231.07,70.465
5.47,-171.59,5.7766,-23.548,-0.36397,0.56218,-0.68105,0.29605,-28.164,2.4274,-0.30478,0.29619,-0.62945,-0.60374,27.516,-18.272,-6.3877,0,0,0,8.3344,8.3339,8.2525,8.2862,33.132,4.6843,8.9021,-19.283,227.31,68.594
5.48,-171.87,5.8,-23.552,-0.3653,0.56043,-0.68052,0.29893,-27.887,2.245,-0.3682,0.32348,-0.66829,-0.64089,27.847,-18.214,-6.2953,0,0,0,8.3953,8.3957,8.3177,8.3503,32.92,6.9375,9.5785,-23.22,223.31,66.666
5.49,-172.15,5.8215,-23.556,-0.36684,0.55844,-0.68005,0.30183,-27.607,2.0632,-0.43066,0.34986,-0.7054,-0.67617,28.175,-18.133,-6.1962,0,0,0,8.4534,8.4547,8.38,8.4114,32.668,9.1497,10.235,-27.188,219.09,64.683
5.5,-172.42,5.8413,-23.56,-0.36857,0.55624,-0.67963,0.30474,-27.324,1.8824,-0.4921,0.37546,-0.74082,-0.70961,28.5,-18.031,-6.0906,0,0,0,8.5088,8.511,8.4394,8.4697,32.376,11.319,10.872,-31.181,214.65,62.647
5.51,-172.69,5.8592,-23.565,-0.37047,0.55381,-0.67927,0.30765,-27.037,1.7027,-0.55246,0.40034,-0.77455,-0.74128,28.822,-17.907,-5.9788,0,0,0,8.5614,8.5645,8.4959,8.5253,32.044,13.442,11.488,-35.196,210.01,60.561
5.52,-172.96,5.8753,-23.571,-0.37255,0.55116,-0.67896,0.31056,-26.747,1.5243,-0.61166,0.42458,-0.80663,-0.77122,29.141,-17.762,-5.8609,0,0,0,8.6114,8.6154,8.5498,8.5781,31.672,15.518,12.083,-39.228,205.17,58.428
5.53,-173.23,5.8897,-23.578,-0.3748,0.54831,-0.6787,0.31347,-26.454,1.3475,-0.66966,0.44826,-0.83706,-0.79948,29.455,-17.597,-5.7372,0,0,0,8.6588,8.6637,8.6009,8.6283,31.259,17.545,12.656,-43.273,200.13,56.249
5.54,-173.49,5.9023,-23.585,-0.3772,0.54524,-0.67849,0.31637,-26.158,1.1724,-0.72639,0.47144,-0.86586,-0.8261,29.766,-17.412,-5.6079,0,0,0,8.7037,8.7096,8.6496,8.676,30.806,19.52,13.208,-47.326,194.92,54.027
5.55,-173.75,5.9131,-23.592,-0.37975,0.54198,-0.67833,0.31926,-25.859,0.99931,-0.78179,0.49416,-0.89303,-0.8511,30.071,-17.207,-5.4731,0,0,0,8.7462,8.753,8.6957,8.7212,30.313,21.442,13.737,-51.383,189.52,51.765
5.56,-174.01,5.9223,-23.6,-0.38244,0.53851,-0.67822,0.32213,-25.557,0.82835,-0.83583,0.51648,-0.91858,-0.87454,30.372,-16.983,-5.3332,0,0,0,8.7864,8.794,8.7394,8.764,29.779,23.31,14.243,-55.44,183.96,49.465
5.57,-174.26,5.9297,-23.609,-0.38526,0.53484,-0.67817,0.32498,-25.252,0.65971,-0.88844,0.53844,-0.94249,-0.89642,30.667,-16.741,-5.1883,0,0,0,8.8243,8.8328,8.7808,8.8045,29.204,25.121,14.726,-59.493,178.24,47.129
5.58,-174.51,5.9355,-23.618,-0.38821,0.53097,-0.67816,0.3278,-24.944,0.49359,-0.93958,0.56007,-0.96478,-0.91679,30.956,-16.481,-5.0388,0,0,0,8.86,8.8694,8.82,8.8427,28.589,26.874,15.186,-63.538,172.37,44.761
5.59,-174.76,5.9396,-23.628,-0.39129,0.52691,-0.67821,0.33058,-24.633,0.33015,-0.9892,0.58142,-0.98543,-0.93567,31.238,-16.204,-4.8847,0,0,0,8.8936,8.9039,8.857,8.8788,27.933,28.568,15.621,-67.569,166.35,42.362
5.6,-175.01,5.9421,-23.638,-0.39448,0.52265,-0.67832,0.33332,-24.319,0.16957,-1.0373,0.60251,-1.0044,-0.95309,31.514,-15.91,-4.7264,0,0,0,8.9251,8.9363,8.8919,8.9128,27.238,30.201,16.033,-71.583,160.19,39.935
5.61,-175.25,5.943,-23.648,-0.39778,0.5182,-0.67848,0.33602,-24.002,0.012014,-1.0837,0.62336,-1.0218,-0.96908,31.783,-15.6,-4.5641,0,0,0,8.9547,8.9667,8.9248,8.9447,26.502,31.771,16.42,-75.575,153.9,37.482
5.62,-175.49,5.9423,-23.66,-0.40118,0.51356,-0.67869,0.33866,-23.683,-0.14237,-1.1285,0.644,-1.0375,-0.98364,32.044,-15.274,-4.3981,0,0,0,8.9824,8.9952,8.9557,8.9747,25.726,33.278,16.782,-79.541,147.49,35.005
5.63,-175.72,5.9402,-23.671,-0.40467,0.50873,-0.67897,0.34123,-23.362,-0.29343,-1.1717,0.66445,-1.0515,-0.99682,32.297,-14.934,-4.2286,0,0,0,9.0082,9.0218,8.9847,9.0028,24.911,34.721,17.12,-83.478,140.96,32.508
5.64,-175.95,5.9365,-23.683,-0.40826,0.5037,-0.6793,0.34374,-23.037,-0.44101,-1.2131,0.68472,-1.0638,-1.0086,32.542,-14.58,-4.0558,0,0,0,9.0323,9.0466,9.0119,9.0291,24.057,36.097,17.432,-87.379,134.33,29.993
5.65,-176.18,5.9314,-23.695,-0.41193,0.49849,-0.6797,0.34617,-22.711,-0.58498,-1.2528,0.70482,-1.0744,-1.0191,32.778,-14.213,-3.88,0,0,0,9.0546,9.0697,9.0374,9.0535,23.164,37.407,17.72,-91.242,127.6,27.462
5.66,-176.41,5.9248,-23.708,-0.41568,0.49308,-0.68017,0.34851,-22.382,-0.72522,-1.2907,0.72477,-1.0833,-1.0283,33.005,-13.832,-3.7015,0,0,0,9.0753,9.091,9.0611,9.0763,22.232,38.649,17.982,-95.062,120.78,24.917
5.67,-176.63,5.9169,-23.721,-0.4195,0.48748,-0.6807,0.35076,-22.051,-0.86159,-1.3268,0.74456,-1.0904,-1.0362,33.223,-13.44,-3.5205,0,0,0,9.0943,9.1107,9.0831,9.0973,21.262,39.822,18.218,-98.834,113.88,22.361
5.68,-176.85,5.9076,-23.735,-0.42338,0.4817,-0.6813,0.35291,-21.717,-0.99398,-1.3611,0.76422,-1.0959,-1.0428,33.43,-13.036,-3.3372,0,0,0,9.1118,9.1288,9.1035,9.1167,20.255,40.926,18.429,-102.56,106.89,19.797
5.69,-177.06,5.897,-23.748,-0.42732,0.47572,-0.68198,0.35495,-21.382,-1.1223,-1.3935,0.78372,-1.0995,-1.0482,33.628,-12.622,-3.152,0,0,0,9.1277,9.1453,9.1223,9.1344,19.212,41.96,18.614,-106.22,99.843,17.226
5.7,-177.28,5.8852,-23.762,-0.43131,0.46956,-0.68273,0.35687,-21.045,-1.2464,-1.4241,0.80309,-1.1015,-1.0524,33.815,-12.197,-2.965,0,0,0,9.142,9.1603,9.1395,9.1506,18.131,42.923,18.773,-109.82,92.732,14.652
5.71,-177.48,5.8721,-23.777,-0.43535,0.46321,-0.68357,0.35867,-20.706,-1.3662,-1.4528,0.8223,-1.1016,-1.0554,33.99,-11.763,-2.7766,0,0,0,9.1549,9.1737,9.1551,9.1652,17.015,43.814,18.907,-113.36,85.568,12.076
5.72,-177.69,5.8578,-23.791,-0.43943,0.45667,-0.68449,0.36033,-20.365,-1.4816,-1.4796,0.84136,-1.1,-1.0573,34.155,-11.321,-2.587,0,0,0,9.1663,9.1855,9.1692,9.1782,15.864,44.634,19.015,-116.83,78.359,9.5021
5.73,-177.89,5.8425,-23.806,-0.44353,0.44994,-0.68549,0.36186,-20.023,-1.5926,-1.5046,0.86026,-1.0966,-1.058,34.307,-10.871,-2.3964,0,0,0,9.1763,9.1959,9.1818,9.1897,14.679,45.382,19.097,-120.23,71.113,6.9315
5.74,-178.09,5.826,-23.822,-0.44767,0.44302,-0.68658,0.36323,-19.679,-1.699,-1.5276,0.87898,-1.0914,-1.0577,34.448,-10.414,-2.2051,0,0,0,9.1848,9.2048,9.1928,9.1996,13.46,46.056,19.153,-123.55,63.836,4.3669
5.75,-178.29,5.8085,-23.837,-0.45182,0.43591,-0.68776,0.36445,-19.334,-1.8008,-1.5487,0.89752,-1.0844,-1.0564,34.577,-9.95,-2.0134,0,0,0,9.1918,9.2121,9.2022,9.208,12.208,46.658,19.184,-126.79,56.537,1.8108
5.76,-178.48,5.79,-23.852,-0.45598,0.42862,-0.68904,0.36551,-18.987,-1.898,-1.5678,0.91585,-1.0757,-1.054,34.692,-9.4808,-1.8215,0,0,0,9.1973,9.2179,9.2101,9.2148,10.924,47.187,19.19,-129.94,49.224,-0.73425
5.77,-178.66,5.7706,-23.868,-0.46014,0.42114,-0.69042,0.36639,-18.64,-1.9904,-1.5851,0.93396,-1.0652,-1.0507,34.795,-9.0066,-1.6297,0,0,0,9.2014,9.2222,9.2165,9.22,9.6095,47.643,19.17,-133,41.904,-3.2659
5.78,-178.85,5.7502,-23.884,-0.46429,0.41347,-0.69189,0.36709,-18.292,-2.0781,-1.6004,0.95182,-1.053,-1.0465,34.884,-8.5282,-1.4382,0,0,0,9.2039,9.225,9.2212,9.2237,8.2646,48.025,19.124,-135.97,34.585,-5.7817
5.79,-179.03,5.729,-23.9,-0.46844,0.40562,-0.69347,0.36761,-17.942,-2.161,-1.6139,0.96942,-1.039,-1.0414,34.96,-8.0463,-1.2473,0,0,0,9.205,9.2262,9.2243,9.2257,6.8904,48.334,19.054,-138.84,27.274,-8.2792
5.8,-179.21,5.707,-23.916,-0.47256,0.39759,-0.69515,0.36793,-17.592,-2.239,-1.6254,0.98672,-1.0232,-1.0354,35.022,-7.5617,-1.0572,0,0,0,9.2044,9.2257,9.2257,9.2261,5.4881,48.571,18.959,-141.6,19.98,-10.756
5.81,-179.38,5.6842,-23.933,-0.47665,0.38937,-0.69694,0.36806,-17.242,-2.3122,-1.635,1.0037,-1.0058,-1.0286,35.07,-7.0751,-0.86821,0,0,0,9.2023,9.2236,9.2255,9.2248,4.0587,48.734,18.839,-144.26,12.71,-13.209
5.82,-179.55,5.6608,-23.949,-0.4807,0.38097,-0.69883,0.36798,-16.891,-2.3805,-1.6428,1.0203,-0.98665,-1.0211,35.103,-6.5873,-0.68052,0,0,0,9.1984,9.2198,9.2234,9.2217,2.6032,48.825,18.695,-146.81,5.471,-15.637
5.83,-179.72,5.6367,-23.966,-0.48471,0.3724,-0.70084,0.3677,-16.54,-2.444,-1.6486,1.0365,-0.96585,-1.0128,35.122,-6.0989,-0.4944,0,0,0,9.1929,9.2143,9.2196,9.2169,1.1229,48.844,18.526,-149.24,-1.7282,-18.037
5.84,-179.88,5.6119,-23.982,-0.48866,0.36366,-0.70295,0.3672,-16.189,-2.5025,-1.6526,1.0523,-0.9434,-1.0038,35.126,-5.6106,-0.31008,0,0,0,9.1856,9.2069,9.214,9.2102,-0.38108,48.791,18.334,-151.54,-8.8805,-20.406
5.85,-180.04,5.5866,-23.999,-0.49254,0.35474,-0.70517,0.36648,-15.838,-2.5562,-1.6548,1.0676,-0.91934,-0.99424,35.114,-5.1233,-0.12779,0,0,0,9.1765,9.1977,9.2064,9.2016,-1.9075,48.666,18.118,-153.73,-15.978,-22.743
5.86,-180.2,5.5608,-24.015,-0.49634,0.34566,-0.70749,0.36555,-15.487,-2.605,-1.6552,1.0824,-0.89372,-0.98403,35.087,-4.6375,0.052214,0,0,0,9.1656,9.1866,9.1968,9.191,-3.4552,48.471,17.879,-155.78,-23.013,-25.044
5.87,-180.35,5.5345,-24.032,-0.50005,0.33641,-0.70992,0.36439,-15.136,-2.6489,-1.6538,1.0967,-0.86655,-0.97326,35.045,-4.1541,0.22972,0,0,0,9.1526,9.1734,9.1852,9.1785,-5.0227,48.206,17.618,-157.7,-29.978,-27.307
5.88,-180.5,5.5078,-24.048,-0.50367,0.32701,-0.71246,0.36301,-14.786,-2.6881,-1.6506,1.1103,-0.8379,-0.96196,34.987,-3.6737,0.40449,0,0,0,9.1377,9.1582,9.1714,9.1638,-6.6088,47.872,17.333,-159.49,-36.865,-29.529
5.89,-180.65,5.4808,-24.065,-0.50718,0.31746,-0.7151,0.36141,-14.436,-2.7224,-1.6457,1.1234,-0.80779,-0.95017,34.913,-3.1969,0.57631,0,0,0,9.1206,9.1409,9.1555,9.1469,-8.212,47.469,17.027,-161.13,-43.667,-31.709
5.9,-180.79,5.4534,-24.081,-0.51058,0.30777,-0.71784,0.35958,-14.087,-2.752,-1.6391,1.1357,-0.7763,-0.93793,34.823,-2.7245,0.74496,0,0,0,9.1014,9.1214,9.1373,9.1279,-9.8309,46.999,16.699,-162.62,-50.375,-33.844
5.91,-180.93,5.4258,-24.098,-0.51384,0.29794,-0.72067,0.35753,-13.74,-2.7769,-1.6308,1.1472,-0.74346,-0.92528,34.716,-2.2571,0.91023,0,0,0,9.0799,9.0996,9.1167,9.1065,-11.464,46.462,16.35,-163.97,-56.982,-35.931
5.92,-181.07,5.3979,-24.114,-0.51697,0.28799,-0.7236,0.35527,-13.393,-2.7972,-1.6209,1.158,-0.70933,-0.91225,34.593,-1.7955,1.0719,0,0,0,9.056,9.0754,9.0937,9.0826,-13.11,45.86,15.981,-165.16,-63.481,-37.968
5.93,-181.2,5.3698,-24.13,-0.51994,0.27792,-0.72661,0.35279,-13.048,-2.8129,-1.6094,1.1679,-0.67399,-0.89888,34.454,-1.3402,1.2298,0,0,0,9.0298,9.0488,9.0682,9.0564,-14.767,45.193,15.591,-166.19,-69.863,-39.952
5.94,-181.33,5.3416,-24.146,-0.52275,0.26775,-0.7297,0.35011,-12.704,-2.824,-1.5963,1.1769,-0.63748,-0.8852,34.298,-0.89183,1.3837,0,0,0,9.001,9.0196,9.0401,9.0275,-16.433,44.463,15.182,-167.05,-76.122,-41.882
5.95,-181.45,5.3134,-24.162,-0.52539,0.25749,-0.73287,0.34723,-12.362,-2.8307,-1.5817,1.185,-0.59989,-0.87124,34.125,-0.45111,1.5334,0,0,0,8.9696,8.9879,9.0093,8.996,-18.107,43.671,14.754,-167.75,-82.249,-43.754
5.96,-181.58,5.285,-24.178,-0.52785,0.24714,-0.7361,0.34415,-12.022,-2.8331,-1.5657,1.1922,-0.56127,-0.85704,33.936,-0.018618,1.6787,0,0,0,8.9355,8.9534,8.9758,8.9618,-19.787,42.818,14.307,-168.28,-88.236,-45.566
5.97,-181.69,5.2567,-24.193,-0.53012,0.23674,-0.7394,0.3409,-11.683,-2.8311,-1.5482,1.1983,-0.52171,-0.84262,33.729,0.40505,1.8194,0,0,0,8.8987,8.9162,8.9394,8.9248,-21.472,41.907,13.843,-168.63,-94.076,-47.316
5.98,-181.81,5.2284,-24.209,-0.53219,0.22628,-0.74275,0.33747,-11.347,-2.825,-1.5293,1.2034,-0.48126,-0.82801,33.506,0.81932,1.9555,0,0,0,8.859,8.8761,8.9002,8.8849,-23.159,40.937,13.361,-168.8,-99.762,-49.001
5.99,-181.92,5.2002,-24.224,-0.53405,0.21579,-0.74615,0.33389,-11.013,-2.8148,-1.5091,1.2073,-0.44001,-0.81324,33.266,1.2236,2.0866,0,0,0,8.8164,8.8331,8.8579,8.842,-24.847,39.912,12.863,-168.78,-105.28,-50.619
6,-182.03,5.1722,-24.239,-0.5357,0.20527,-0.74959,0.33016,-10.682,-2.8006,-1.4876,1.2102,-0.39803,-0.79834,33.009,1.6174,2.2127,0,0,0,8.7708,8.7871,8.8126,8.7962,-26.534,38.832,12.349,-168.58,-110.64,-52.167
6.01,-182.13,5.1442,-24.254,-0.53712,0.19476,-0.75306,0.32631,-10.353,-2.7825,-1.4649,1.212,-0.35538,-0.78332,32.736,2.0001,2.3335,0,0,0,8.7221,8.738,8.7641,8.7472,-28.218,37.7,11.82,-168.18,-115.81,-53.643
6.02,-182.24,5.1165,-24.268,-0.53831,0.18427,-0.75655,0.32233,-10.027,-2.7606,-1.4409,1.2127,-0.31215,-0.76821,32.445,2.3712,2.449,0,0,0,8.6702,8.6857,8.7125,8.695,-29.897,36.516,11.276,-167.58,-120.8,-55.045
6.03,-182.33,5.089,-24.282,-0.53926,0.17381,-0.76007,0.31826,-9.7043,-2.7351,-1.4159,1.2122,-0.26838,-0.75302,32.138,2.7302,2.559,0,0,0,8.6151,8.6303,8.6576,8.6395,-31.569,35.284,10.719,-166.78,-125.6,-56.369
6.04,-182.43,5.0618,-24.296,-0.53997,0.1634,-0.76359,0.31411,-9.3846,-2.706,-1.3898,1.2105,-0.22415,-0.73779,31.814,3.0767,2.6634,0,0,0,8.5567,8.5716,8.5993,8.5808,-33.232,34.005,10.149,-165.78,-130.19,-57.615
6.05,-182.52,5.0349,-24.31,-0.54043,0.15307,-0.76711,0.3099,-9.0681,-2.6736,-1.3627,1.2078,-0.17949,-0.72252,31.473,3.4102,2.762,0,0,0,8.4949,8.5095,8.5377,8.5187,-34.884,32.681,9.5671,-164.56,-134.58,-58.778
6.06,-182.61,5.0084,-24.324,-0.54065,0.14282,-0.77064,0.30564,-8.7552,-2.6379,-1.3346,1.2039,-0.13447,-0.70723,31.116,3.7302,2.8547,0,0,0,8.4298,8.4441,8.4727,8.4532,-36.523,31.314,8.9739,-163.13,-138.75,-59.857
6.07,-182.7,4.9822,-24.337,-0.54062,0.13268,-0.77415,0.30135,-8.4459,-2.599,-1.3056,1.199,-0.089113,-0.69193,30.743,4.0363,2.9414,0,0,0,8.3611,8.3752,8.4042,8.3842,-38.146,29.907,8.3703,-161.48,-142.7,-60.849
6.08,-182.78,4.9564,-24.35,-0.54033,0.12267,-0.77766,0.29706,-8.1404,-2.5572,-1.2758,1.1929,-0.043451,-0.67665,30.353,4.3282,3.022,0,0,0,8.289,8.3029,8.3321,8.3117,-39.752,28.461,7.7572,-159.61,-146.41,-61.752
6.09,-182.86,4.9311,-24.362,-0.53979,0.1128,-0.78115,0.29277,-7.8389,-2.5125,-1.2452,1.1859,0.0025014,-0.66138,29.948,4.6054,3.0965,0,0,0,8.2133,8.2271,8.2566,8.2357,-41.338,26.979,7.1356,-157.5,-149.89,-62.563
6.1,-182.94,4.9062,-24.375,-0.539,0.10309,-0.78461,0.28851,-7.5415,-2.4651,-1.2138,1.1778,0.048739,-0.64614,29.526,4.8677,3.1647,0,0,0,8.1341,8.1477,8.1774,8.1561,-42.901,25.464,6.5063,-155.17,-153.11,-63.28
6.11,-183.01,4.8818,-24.387,-0.53795,0.09355,-0.78806,0.28429,-7.2484,-2.4152,-1.1819,1.1688,0.095271,-0.63094,29.09,5.1146,3.2266,0,0,0,8.0512,8.0648,8.0947,8.0729,-44.44,23.918,5.8703,-152.6,-156.09,-63.901
6.12,-183.08,4.8579,-24.398,-0.53666,0.084203,-0.79147,0.28014,-6.9597,-2.3629,-1.1493,1.1589,0.14212,-0.61579,28.638,5.346,3.2821,0,0,0,7.9647,7.9783,8.0084,7.9861,-45.952,22.343,5.2286,-149.79,-158.8,-64.423
6.13,-183.15,4.8345,-24.41,-0.53511,0.07506,-0.79487,0.27606,-6.6757,-2.3083,-1.1163,1.1481,0.18932,-0.60068,28.171,5.5614,3.3312,0,0,0,7.8746,7.8883,7.9186,7.8957,-47.435,20.743,4.5822,-146.73,-161.24,-64.843
6.14,-183.22,4.8117,-24.421,-0.53331,0.066133,-0.79824,0.27208,-6.3964,-2.2517,-1.0827,1.1366,0.23693,-0.58564,27.689,5.7607,3.3737,0,0,0,7.7809,7.7948,7.8251,7.8016,-48.886,19.119,3.9321,-143.42,-163.4,-65.159
6.15,-183.28,4.7895,-24.431,-0.53126,0.057435,-0.80158,0.2682,-6.1219,-2.1932,-1.0488,1.1242,0.28501,-0.57065,27.193,5.9437,3.4098,0,0,0,7.6836,7.6976,7.7281,7.704,-50.303,17.476,3.2793,-139.86,-165.28,-65.369
6.16,-183.34,4.7678,-24.442,-0.52897,0.048977,-0.8049,0.26444,-5.8526,-2.1329,-1.0146,1.1112,0.33366,-0.55573,26.683,6.1102,3.4393,0,0,0,7.5828,7.597,7.6276,7.6028,-51.682,15.815,2.625,-136.04,-166.86,-65.47
6.17,-183.4,4.7468,-24.452,-0.52644,0.040767,-0.80819,0.26082,-5.5883,-2.071,-0.98004,1.0975,0.38297,-0.54087,26.16,6.26,3.4623,0,0,0,7.4783,7.4929,7.5236,7.4981,-53.023,14.14,1.9703,-131.96,-168.14,-65.46
6.18,-183.45,4.7264,-24.461,-0.52366,0.032816,-0.81147,0.25734,-5.3294,-2.0077,-0.94533,1.0832,0.43306,-0.52608,25.623,6.3929,3.4787,0,0,0,7.3704,7.3854,7.4161,7.3899,-54.321,12.453,1.3162,-127.61,-169.12,-65.337
6.19,-183.5,4.7067,-24.47,-0.52064,0.025131,-0.81473,0.25401,-5.0759,-1.9432,-0.91049,1.0683,0.48407,-0.51135,25.073,6.509,3.4886,0,0,0,7.259,7.2745,7.3053,7.2782,-55.574,10.758,0.66395,-122.99,-169.78,-65.097
6.2,-183.55,4.6876,-24.479,-0.51737,0.017719,-0.81798,0.25085,-4.828,-1.8776,-0.87558,1.053,0.53617,-0.49668,24.512,6.6081,3.492,0,0,0,7.1442,7.1603,7.1912,7.1632,-56.78,9.0585,0.014669,-118.1,-170.11,-64.739
6.21,-183.6,4.6691,-24.488,-0.51386,0.010587,-0.82122,0.24786,-4.5857,-1.8111,-0.84067,1.0371,0.58952,-0.48208,23.938,6.6902,3.4889,0,0,0,7.0262,7.043,7.0738,7.0448,-57.935,7.3571,-0.63042,-112.92,-170.11,-64.259
6.22,-183.64,4.6514,-24.496,-0.5101,0.0037382,-0.82446,0.24505,-4.3493,-1.7439,-0.80583,1.0209,0.64432,-0.46753,23.353,6.7552,3.4794,0,0,0,6.9049,6.9225,6.9534,6.9233,-59.037,5.6574,-1.2701,-107.46,-169.77,-63.656
6.23,-183.69,4.6343,-24.504,-0.50609,-0.0028209,-0.8277,0.24243,-4.1187,-1.6761,-0.77111,1.0042,0.70079,-0.45304,22.757,6.8033,3.4636,0,0,0,6.7805,6.7989,6.83,6.7987,-60.083,3.9628,-1.9031,-101.72,-169.09,-62.928
6.24,-183.73,4.6178,-24.512,-0.50183,-0.0090868,-0.83096,0.23999,-3.8941,-1.6079,-0.73657,0.98718,0.75916,-0.4386,22.152,6.8345,3.4414,0,0,0,6.6531,6.6726,6.7037,6.671,-61.07,2.2768,-2.5282,-95.677,-168.05,-62.071
6.25,-183.76,4.6021,-24.519,-0.4973,-0.015056,-0.83423,0.23776,-3.6757,-1.5394,-0.7023,0.96981,0.81969,-0.42419,21.536,6.8489,3.413,0,0,0,6.5229,6.5434,6.5747,6.5405,-61.996,0.60299,-3.1441,-89.341,-166.65,-61.083
6.26,-183.8,4.587,-24.526,-0.49251,-0.020725,-0.83752,0.23572,-3.4635,-1.4709,-0.66833,0.95212,0.88267,-0.40983,20.912,6.8466,3.3786,0,0,0,6.3899,6.4117,6.4431,6.4074,-62.856,-1.0549,-3.7494,-82.704,-164.88,-59.962
6.27,-183.83,4.5727,-24.532,-0.48745,-0.026091,-0.84084,0.23388,-3.2575,-1.4026,-0.63475,0.93413,0.94839,-0.39549,20.279,6.8279,3.3381,0,0,0,6.2544,6.2776,6.3091,6.2716,-63.649,-2.6933,-4.3429,-75.761,-162.73,-58.705
6.28,-183.86,4.559,-24.538,-0.4821,-0.031152,-0.8442,0.23225,-3.0579,-1.3344,-0.60159,0.91584,1.0172,-0.38118,19.639,6.7929,3.2917,0,0,0,6.1166,6.1412,6.1729,6.1335,-64.37,-4.3082,-4.9231,-68.508,-160.19,-57.311
6.29,-183.89,4.546,-24.544,-0.47644,-0.035904,-0.8476,0.23083,-2.8647,-1.2668,-0.56893,0.89727,1.0894,-0.36688,18.992,6.7418,3.2397,0,0,0,5.9766,6.0028,6.0347,5.9933,-65.018,-5.8958,-5.4886,-60.942,-157.26,-55.775
6.3,-183.92,4.5337,-24.55,-0.47048,-0.040344,-0.85106,0.22962,-2.6781,-1.1997,-0.53682,0.87841,1.1653,-0.35259,18.339,6.675,3.182,0,0,0,5.8346,5.8627,5.8948,5.851,-65.588,-7.4521,-6.0381,-53.056,-153.93,-54.097
6.31,-183.95,4.522,-24.555,-0.46418,-0.044471,-0.85457,0.22862,-2.498,-1.1333,-0.50531,0.85925,1.2454,-0.33831,17.681,6.5929,3.119,0,0,0,5.6909,5.7209,5.7533,5.7071,-66.078,-8.973,-6.5701,-44.849,-150.19,-52.273
6.32,-183.97,4.511,-24.56,-0.45753,-0.048281,-0.85815,0.22783,-2.3245,-1.0679,-0.47446,0.83979,1.3301,-0.32401,17.018,6.4957,3.0507,0,0,0,5.5458,5.5779,5.6106,5.5617,-66.484,-10.455,-7.0831,-36.314,-146.04,-50.301
6.33,-183.99,4.5006,-24.564,-0.45051,-0.05177,-0.86181,0.22724,-2.1576,-1.0034,-0.44431,0.82,1.4197,-0.3097,16.351,6.3839,2.9774,0,0,0,5.3994,5.4338,5.4669,5.415,-66.803,-11.892,-7.5756,-27.448,-141.46,-48.179
6.34,-184.01,4.4909,-24.569,-0.4431,-0.054934,-0.86555,0.22687,-1.9975,-0.94022,-0.41492,0.79986,1.5147,-0.29537,15.682,6.258,2.8992,0,0,0,5.2522,5.289,5.3225,5.2675,-67.032,-13.282,-8.0462,-18.247,-136.45,-45.904
6.35,-184.03,4.4818,-24.573,-0.43527,-0.05777,-0.86937,0.22671,-1.844,-0.87833,-0.38634,0.77935,1.6154,-0.28102,15.011,6.1185,2.8165,0,0,0,5.1044,5.1437,5.1777,5.1194,-67.167,-14.62,-8.4932,-8.7051,-131,-43.474
6.36,-184.05,4.4733,-24.576,-0.42699,-0.060272,-0.87329,0.22675,-1.6972,-0.81789,-0.35861,0.75842,1.7223,-0.26665,14.339,5.9658,2.7295,0,0,0,4.9565,4.9984,5.0328,4.971,-67.205,-15.901,-8.9151,1.1805,-125.1,-40.887
6.37,-184.07,4.4655,-24.58,-0.41822,-0.062434,-0.8773,0.227,-1.5572,-0.75905,-0.33177,0.73703,1.8357,-0.25224,13.667,5.8007,2.6383,0,0,0,4.8086,4.8534,4.8883,4.8227,-67.142,-17.12,-9.3104,11.415,-118.75,-38.139
6.38,-184.08,4.4582,-24.583,-0.40895,-0.06425,-0.88142,0.22745,-1.4239,-0.70192,-0.30586,0.71515,1.9559,-0.23782,12.996,5.6236,2.5433,0,0,0,4.6614,4.7089,4.7444,4.675,-66.975,-18.274,-9.6774,22.001,-111.93,-35.228
6.39,-184.1,4.4514,-24.586,-0.39912,-0.065714,-0.88564,0.2281,-1.2973,-0.64662,-0.28091,0.69272,2.0832,-0.22337,12.328,5.4354,2.4449,0,0,0,4.5151,4.5655,4.6016,4.5282,-66.701,-19.357,-10.014,32.945,-104.65,-32.153
6.4,-184.11,4.4452,-24.589,-0.38871,-0.066818,-0.88996,0.22895,-1.1773,-0.59325,-0.25697,0.66967,2.2174,-0.20893,11.663,5.2367,2.3432,0,0,0,4.3704,4.4235,4.4602,4.3828,-66.315,-20.365,-10.32,44.251,-96.882,-28.91
6.41,-184.12,4.4395,-24.591,-0.37767,-0.067554,-0.89437,0.22999,-1.064,-0.54191,-0.23406,0.64597,2.3587,-0.1945,11.002,5.0284,2.2386,0,0,0,4.2276,4.2834,4.3207,4.2393,-65.815,-21.293,-10.592,55.922,-88.633,-25.497
6.42,-184.13,4.4344,-24.593,-0.36598,-0.067915,-0.89888,0.23121,-0.95727,-0.49271,-0.21221,0.62154,2.5067,-0.1801,10.347,4.8112,2.1314,0,0,0,4.0873,4.1454,4.1834,4.0982,-65.196,-22.136,-10.829,67.963,-79.891,-21.912
6.43,-184.14,4.4297,-24.595,-0.35359,-0.067893,-0.90347,0.23261,-0.85705,-0.44572,-0.19144,0.59634,2.6607,-0.16578,9.6985,4.5859,2.0221,0,0,0,3.9501,4.0102,4.0487,3.96,-64.454,-22.889,-11.03,80.378,-70.647,-18.152
6.44,-184.15,4.4254,-24.597,-0.34047,-0.06748,-0.90812,0.23418,-0.76327,-0.40101,-0.17177,0.57029,2.8198,-0.15157,9.0582,4.3537,1.911,0,0,0,3.8166,3.878,3.9171,3.8255,-63.587,-23.548,-11.192,93.172,-60.895,-14.215
6.45,-184.15,4.4217,-24.599,-0.3266,-0.06667,-0.91282,0.23591,-0.67586,-0.35866,-0.15322,0.54337,2.9825,-0.13753,8.4272,4.1153,1.7984,0,0,0,3.6874,3.7493,3.7889,3.6952,-62.59,-24.106,-11.313,106.35,-50.627,-10.098
6.46,-184.16,4.4183,-24.6,-0.31195,-0.065457,-0.91753,0.23779,-0.59469,-0.31872,-0.1358,0.51554,3.1468,-0.12372,7.8069,3.8719,1.6848,0,0,0,3.5632,3.6245,3.6645,3.5697,-61.459,-24.558,-11.393,119.91,-39.834,-5.7992
6.47,-184.17,4.4153,-24.602,-0.29652,-0.063841,-0.92223,0.2398,-0.51968,-0.28124,-0.11953,0.48678,3.3103,-0.11023,7.1985,3.6245,1.5707,0,0,0,3.4448,3.504,3.5443,3.4497,-60.19,-24.901,-11.429,133.87,-28.51,-1.3156
6.48,-184.17,4.4126,-24.603,-0.2803,-0.061822,-0.92687,0.24192,-0.45068,-0.24624,-0.10439,0.45709,3.4694,-0.097129,6.6035,3.3743,1.4564,0,0,0,3.3326,3.3881,3.4285,3.3359,-58.78,-25.127,-11.419,148.22,-16.646,3.3549
6.49,-184.18,4.4103,-24.604,-0.26333,-0.059407,-0.93141,0.24414,-0.38756,-0.21376,-0.090397,0.42652,3.6204,-0.084526,6.0234,3.1224,1.3425,0,0,0,3.2275,3.2772,3.3175,3.2291,-57.224,-25.232,-11.361,162.97,-4.2345,8.215
6.5,-184.18,4.4083,-24.605,-0.24564,-0.056606,-0.9358,0.24644,-0.33016,-0.1838,-0.077538,0.39515,3.7583,-0.072525,5.4595,2.8701,1.2294,0,0,0,3.13,3.1715,3.2115,3.1297,-55.519,-25.21,-11.254,178.13,8.7315,13.267
6.51,-184.18,4.4067,-24.605,-0.22731,-0.05344,-0.93999,0.2488,-0.27831,-0.15635,-0.065805,0.36309,3.8778,-0.061237,4.9135,2.6186,1.1176,0,0,0,3.0406,3.0715,3.1107,3.0384,-53.66,-25.055,-11.095,193.69,22.26,18.513
6.52,-184.18,4.4052,-24.606,-0.20843,-0.049935,-0.94391,0.25118,-0.23182,-0.13142,-0.05518,0.33052,3.973,-0.050769,4.3869,2.3694,1.0076,0,0,0,2.9598,2.9773,3.0156,2.9556,-51.644,-24.763,-10.883,209.67,36.359,23.956
6.53,-184.19,4.404,-24.606,-0.18913,-0.046128,-0.94752,0.25357,-0.1905,-0.10895,-0.045644,0.29767,4.0378,-0.041221,3.8812,2.1239,0.90011,0,0,0,2.8879,2.8892,2.9261,2.8817,-49.466,-24.326,-10.615,226.06,51.036,29.599
6.54,-184.19,4.403,-24.607,-0.16959,-0.042065,-0.95077,0.25595,-0.15412,-0.088921,-0.037168,0.2648,4.0661,-0.032678,3.3981,1.8834,0.79553,0,0,0,2.8248,2.8073,2.8426,2.8168,-47.121,-23.74,-10.29,242.88,66.298,35.443
6.55,-184.19,4.4022,-24.607,-0.14998,-0.037804,-0.95361,0.25828,-0.12246,-0.071262,-0.029721,0.23225,4.0521,-0.025202,2.9393,1.6496,0.6945,0,0,0,2.7706,2.732,2.7653,2.7608,-44.607,-22.998,-9.9057,260.12,82.154,41.491
6.56,-184.19,4.4016,-24.607,-0.13053,-0.033408,-0.95601,0.26055,-0.095251,-0.055902,-0.023264,0.20038,3.9909,-0.018824,2.5066,1.424,0.59762,0,0,0,2.7248,2.6634,2.6944,2.7136,-41.917,-22.095,-9.4597,277.79,98.611,47.745
6.57,-184.19,4.4011,-24.608,-0.11149,-0.028953,-0.95796,0.26275,-0.072234,-0.042749,-0.017753,0.16959,3.8786,-0.013541,2.1016,1.2083,0.50552,0,0,0,2.687,2.6015,2.6299,2.6747,-39.049,-21.024,-8.9501,295.9,115.68,54.209
6.58,-184.19,4.4007,-24.608,-0.09311,-0.02452,-0.95947,0.26487,-0.053121,-0.031698,-0.013136,0.14029,3.7126,-0.0093129,1.7262,1.0041,0.41884,0,0,0,2.6566,2.5464,2.572,2.6436,-35.998,-19.779,-8.3748,314.45,133.36,60.884
6.59,-184.19,4.4005,-24.608,-0.075665,-0.020194,-0.96054,0.26689,-0.037606,-0.022623,-0.0093559,0.11287,3.4919,-0.0060647,1.3822,0.81328,0.33825,0,0,0,2.6328,2.4979,2.5207,2.6195,-32.759,-18.355,-7.7317,333.43,151.67,67.773
6.6,-184.19,4.4003,-24.608,-0.059424,-0.016065,-0.96122,0.26883,-0.025365,-0.015382,-0.0063484,0.087734,3.2165,-0.0036887,1.0716,0.63763,0.26444,0,0,0,2.6147,2.4559,2.4757,2.6017,-29.328,-16.744,-7.0186,352.87,170.6,74.879
6.61,-184.19,4.4001,-24.608,-0.044652,-0.012222,-0.96156,0.27068,-0.016055,-0.0098134,-0.0040422,0.065226,2.8878,-0.0020539,0.79634,0.47904,0.19812,0,0,0,2.6017,2.42,2.4368,2.5893,-25.7,-14.94,-6.2334,372.76,190.18,82.203
6.62,-184.19,4.4001,-24.608,-0.031603,-0.008754,-0.96161,0.27246,-0.0093141,-0.0057374,-0.0023587,0.045663,2.508,-0.0010147,0.55831,0.33948,0.14002,0,0,0,2.5929,2.3898,2.4037,2.5817,-21.871,-12.938,-5.3738,393.1,210.41,89.749
6.63,-184.19,4.4,-24.608,-0.020517,-0.0057492,-0.96145,0.27417,-0.0047581,-0.0029536,-0.0012119,0.029317,2.08,-0.00042176,0.3596,0.22097,0.090896,0,0,0,2.5877,2.3648,2.3758,2.5782,-17.836,-10.73,-4.4377,413.91,231.29,97.518
6.64,-184.19,4.4,-24.608,-0.011616,-0.0032917,-0.96113,0.27583,-0.0019841,-0.001241,-0.00050822,0.016413,1.6066,-0.00013334,0.20228,0.12559,0.051527,0,0,0,2.5857,2.3445,2.3526,2.5782,-13.591,-8.3101,-3.4227,435.18,252.83,105.51
6.65,-184.19,4.4,-24.608,-0.0047526,-0.0023751,-0.99531,0.096554,-0.00056741,-0.00035756,-0.00014616,-0.38671,1.0201,-2.5426e-05,0.088488,0.055496,0.022712,0,0,0,2.533,2.3818,2.2957,2.6193,-9.1314,-5.6713,-2.3267,456.91,275.04,113.74
6.66,-184.19,4.4,-24.608,-0.0010976,-0.00055468,-0.99533,0.096555,-6.2032e-05,-3.9379e-05,-1.6067e-05,-0.19344,0.49995,-1.3416e-06,0.020388,0.012914,0.005272,0,0,0,2.5314,2.3746,2.2786,2.6273,-4.4516,-2.807,-1.1472,479.12,297.93,122.19
6.6691,-184.19,4.4,-24.608,-0,0,-0.99533,0.096555,0,-1.4211e-13,-2.8422e-14,-1.004e-13,9.0543e-14,0,0,0,5.6843e-14,0,0,0,2.532,2.3713,2.2668,2.6365,-6.8212e-13,-1.1369e-12,-3.4106e-13,499.74,319.35,130.09
