t,p_x,p_y,p_z,v_x,v_y,v_z,q_w,q_x,q_y,q_z,w_x,w_y,w_z,a_lin_x,a_lin_y,a_lin_z,a_rot_x,a_rot_y,a_rot_z,u_1,u_2,u_3,u_4,jerk_x,jerk_y,jerk_z,snap_x,snap_y,snap_z
0.0,0.0,0.0,-0.02,0.0,0.0,0.0,-0.0,0.0,-0.9933,0.1156,0.0,0.0,0.0,0.0,0.0,0.0,0.0,0.0,0.0,9.23049671915613,9.0816846432777,6.062131593855365,1.1820408607328504e-06,0.0,0.0,0.0,0.0,0.0,0.0
0.01710238849438632,-5.524933041103105e-05,-0.0007623802169430294,-0.024909611290265494,-0.01310099149942613,-0.08275265775311028,-0.5746671523945339,0.04914041692558152,0.020795832458745722,-0.9962528917114856,0.06806561931864363,-10.99898951890375,10.999997285314794,-6.161914411825712,0.0,0.0,0.0,0.0,0.0,0.0,0.8180756666281239,0.3491675073098262,1.428699146680459e-05,2.7408091677312588e-06,0.0,0.0,0.0,0.0,0.0,0.0
0.03420477698877264,-0.00030640039745341384,-0.0021885342007026604,-0.03632001851652339,-0.016930637398375234,-0.08345570109981387,-0.7594833991692136,0.14758180895813316,0.06440160973267732,-0.9865839255821186,-0.026910966379183263,-10.9999885813001,10.999997224907379,-6.749042500415292,0.0,0.0,0.0,0.0,0.0,0.0,0.499068813282004,4.739133640832937e-06,2.2929820098964897e-05,0.00014738613484895834,0.0,0.0,0.0,0.0,0.0,0.0
0.05130716548315896,-0.0006217749358029379,-0.0036070392436412225,-0.05078572305863069,-0.020227541804659778,-0.08222278625449864,-0.931926460994007,0.2429052665260873,0.11019337185981623,-0.9560474273437648,-0.12176932684967652,-10.999988522546783,10.999998045577923,-6.999996528975807,0.0,0.0,0.0,0.0,0.0,0.0,0.508192945488131,1.8522950420793017e-05,0.2541119916341439,0.2541107321731759,0.0,0.0,0.0,0.0,0.0,0.0
0.06840955397754528,-0.0010491782076878166,-0.004978316924132065,-0.06824679899298035,-0.03026230991645865,-0.07783560009924116,-1.1094332325673986,0.33300069817114114,0.1546934986327649,-0.9051404131757173,-0.21424586095040238,-10.999992430473155,10.999998063758433,-6.9999908673967095,0.0,0.0,0.0,0.0,0.0,0.0,7.5378839846279835,7.099512266560974,9.23049413319706,9.229656151562672,0.0,0.0,0.0,0.0,0.0,0.0
0.0855119424719316,-0.005049939562664315,-0.004818648778503106,-0.09160703237935235,-0.4508312765813962,0.10194193426806364,-1.601807715700535,0.4182708872976352,0.18880777874362592,-0.836627521687467,-0.2990910855913861,-10.999982559874818,10.999997121889086,-5.077101908555247,0.0,0.0,0.0,0.0,0.0,0.0,3.0604917753808993,2.920674247411366,9.230492321504418,9.230496214883908,0.0,0.0,0.0,0.0,0.0,0.0
0.10261433096631792,-0.015778988846376643,-0.0018307472543995327,-0.12177988973274831,-0.8100906616947521,0.2486390348069964,-1.909264098869857,0.5066561917055044,0.19079342620748846,-0.7585665441591927,-0.36259367066299253,-10.996754355668457,10.999995961052521,1.2003914140479495,0.0,0.0,0.0,0.0,0.0,0.0,9.141490569503878,9.230469176686077,9.230250632128884,9.230498235655611,0.0,0.0,0.0,0.0,0.0,0.0
0.11971671946070424,-0.03457208301452805,0.004326788676669343,-0.15654024785225842,-1.3903761387863975,0.47040086814416704,-2.127961166248621,0.5949684163807801,0.16770405633660168,-0.6723026630674253,-0.4073046307495712,-10.99592502852452,10.9999948722541,1.2450533567416302,0.0,0.0,0.0,0.0,0.0,0.0,6.678593121980288,9.230486919373293,6.732445148897957,9.230498526857833,0.0,0.0,0.0,0.0,0.0,0.0
0.13681910795509056,-0.06265564779878119,0.013906816358688151,-0.19374954617850496,-1.892805106821467,0.6433335781373734,-2.204670644366658,0.6677193141089358,0.16554321733845404,-0.5913963909015223,-0.420709721289846,-2.000986007142161,10.999992232920698,1.2721473803082817,0.0,0.0,0.0,0.0,0.0,0.0,9.21305202480331,9.230490673581901,9.230475148935303,9.230498573962114,0.0,0.0,0.0,0.0,0.0,0.0
0.1539214964494769,-0.0999565884962119,0.02615820248096245,-0.23123339824365188,-2.4667581619663412,0.7762207968439346,-2.1637212816920326,0.7276829356852469,0.18603601098479924,-0.5203195387830872,-0.4063689521726773,-2.137417057359345,10.999961433270702,1.2809153848101316,0.0,0.0,0.0,0.0,0.0,0.0,9.230486500563947,9.230479861270913,9.230426839901162,9.230498709810377,0.0,0.0,0.0,0.0,0.0,0.0
0.17102388494386322,-0.14688223315648927,0.04000414564121711,-0.2672589102341421,-3.0145998887124694,0.8297749752781817,-2.035252458647919,0.7810740298734055,0.20377191954461885,-0.44399769738388023,-0.3889298257786773,-2.305719474478758,10.965751541434612,1.2808948558457702,0.0,0.0,0.0,0.0,0.0,0.0,9.230491360731993,9.23041430090073,5.747222412115129,9.230498766268934,0.0,0.0,0.0,0.0,0.0,0.0
0.18812627343824956,-0.20241085228662797,0.05410982840409982,-0.30073443394720845,-3.474777622486857,0.8089593626203903,-1.8740945554157558,0.808634738079149,0.23333448173494273,-0.3941088001968806,-0.36924671103819845,3.9638908811602307,4.63997204762213,-0.47118673915825576,0.0,0.0,0.0,0.0,0.0,0.0,9.23049166837449,6.8223865772781,9.227268389900603,9.2304987714613,0.0,0.0,0.0,0.0,0.0,0.0
0.2052286619326359,-0.26580284595784226,0.0673546018487141,-0.331244470432124,-3.9375855514660327,0.7348990838803567,-1.694094509799903,0.8134676835604955,0.25289646038185576,-0.3829915177479158,-0.35725509858110915,-0.39715417707479256,0.2634402876885292,0.7384998644389238,0.0,0.0,0.0,0.0,0.0,0.0,9.230491411250075,9.19604844495476,8.98678635687515,9.230498759893509,0.0,0.0,0.0,0.0,0.0,0.0
0.22233105042702223,-0.33732113230117716,0.07916552310642679,-0.35849220604125803,-4.425514378904823,0.6465711663125138,-1.492190005253929,0.8160302430317935,0.24923480218697092,-0.3837627375732034,-0.3531328603891377,-0.01767842258122383,-0.2428744171545676,0.6332423394939515,0.0,0.0,0.0,0.0,0.0,0.0,9.230491182271177,9.22961102953636,9.187577452766595,9.23049874401035,0.0,0.0,0.0,0.0,0.0,0.0
0.23943343892140856,-0.41719807339185505,0.0894786042501529,-0.38227168639279896,-4.915466332254035,0.5598845532120673,-1.2890262733296542,0.8169236799747511,0.24648431683983704,-0.3871196336856942,-0.34931299984908015,0.06068818957327597,-0.3221711271060026,0.6121027737314774,0.0,0.0,0.0,0.0,0.0,0.0,9.230490999207944,9.229823900908906,9.22574961073899,9.230498727466617,0.0,0.0,0.0,0.0,0.0,0.0
0.2565358274157949,-0.5054580583753455,0.09832990664084061,-0.4025949883226805,-5.4059163822868195,0.47563220439700304,-1.0881093605466785,0.8175143380405334,0.2439389769675844,-0.3908798797692489,-0.34550977150543016,0.07048399612143282,-0.33151629685538553,0.6100572466243436,0.0,0.0,0.0,0.0,0.0,0.0,9.230490840586514,9.229802256478532,9.227622165451288,9.230498710630707,0.0,0.0,0.0,0.0,0.0,0.0
0.2736382159101812,-0.6021073135774491,0.10576179236847212,-0.41950662842622183,-5.896541015882479,0.39388910612050665,-0.8900773029186213,0.8180288338798006,0.2414242695176196,-0.39470027121337137,-0.34169408091629067,0.07689360268080919,-0.3374457114663892,0.6089645946494086,0.0,0.0,0.0,0.0,0.0,0.0,9.23049069204224,9.22965844016776,9.228148556015137,9.230498693507368,0.0,0.0,0.0,0.0,0.0,0.0
0.29074060440456756,-0.7071491146736899,0.11181693350824894,-0.43305700092542576,-6.387370595478649,0.3146264236240903,-0.6950491494913046,0.8184804973444298,0.23892848131820252,-0.3985605053799018,-0.33786444002456,0.08212452127661092,-0.3426392469772464,0.6082091304966263,0.0,0.0,0.0,0.0,0.0,0.0,9.230490542557655,9.229364184118058,9.22831761963546,9.230498676061755,0.0,0.0,0.0,0.0,0.0,0.0
0.3078429928989539,-0.8205872409832399,0.11653748280153342,-0.4432982933509464,-6.878436059061581,0.2378132949304992,-0.5031186585349224,0.8188728448806963,0.23644475080943572,-0.4024560060750139,-0.3340214168370158,0.08655112145628192,-0.3480250399365308,0.607686787849012,0.0,0.0,0.0,0.0,0.0,0.0,9.230490384161872,9.22882755047072,9.22833625883233,9.230498658251538,0.0,0.0,0.0,0.0,0.0,0.0
0.3249453813933402,-0.9424259714917584,0.11996510486188074,-0.4502842340154863,-7.369765669089285,0.16342450404311504,-0.31437314080074674,0.8192061947388122,0.2339646560507139,-0.4063882414797103,-0.3301671507095391,0.09001162391484957,-0.3543218518444557,0.6074438245028968,0.0,0.0,0.0,0.0,0.0,0.0,9.230490212095928,9.227909463955012,9.228278376895187,9.23049864003443,0.0,0.0,0.0,0.0,0.0,0.0
0.34204776988772656,-1.0726700494869426,0.12214113400793804,-0.4540700311031451,-7.861385884987468,0.09144809599766104,-0.12889871162788105,0.8194789944531968,0.23147476111010706,-0.4103633593467203,-0.32630587785798626,0.09196405842325833,-0.36236905888896037,0.6076336312764821,0.0,0.0,0.0,0.0,0.0,0.0,9.230490024633012,9.226572907094212,9.228179268295404,9.230498621370646,0.0,0.0,0.0,0.0,0.0,0.0
0.3591501583821129,-1.2113246789321552,0.12310688279211597,-0.454712362065559,-8.353324440011923,0.02189530351081798,0.05321871619993937,0.8196881431338182,0.2289544735127975,-0.41439208503423935,-0.322444409046407,0.09174226752109339,-0.37301333270571585,0.6084459735727161,0.0,0.0,0.0,0.0,0.0,0.0,9.23048982242564,9.225233687762026,9.228056882296988,9.23049860222354,0.0,0.0,0.0,0.0,0.0,0.0
0.3762525468764992,-1.3583956137061888,0.12290411888066835,-0.45226934588779777,-8.845618104470892,-0.045190946282989475,0.23189620439962508,0.8198293731188006,0.22637956759479025,-0.418487694911903,-0.3185908654600008,0.08940573972669696,-0.3863166465403997,0.6098704890211483,0.0,0.0,0.0,0.0,0.0,0.0,9.23048960734798,9.224533066314669,9.22792047548711,9.230498582560598,0.0,0.0,0.0,0.0,0.0,0.0
0.39335493537088556,-1.513889345475234,0.12157561524534653,-0.44680049244360187,-9.33831634521965,-0.10973751367803118,0.40705361241480853,0.8198981717428968,0.22373237609545996,-0.42266117186617524,-0.3147512440897515,0.08615609681623308,-0.4011566220811703,0.6115789091749587,0.0,0.0,0.0,0.0,0.0,0.0,9.230489381225828,9.2244380047436,9.22777828297005,9.230498562354779,0.0,0.0,0.0,0.0,0.0,0.0
0.4104573238652719,-1.6778132333653797,0.11916556377711067,-0.4383667318244851,-9.831470923677818,-0.1716545074296479,0.5786046220113018,0.8198905819046315,0.2210075620320454,-0.4269182808818263,-0.3109274395701392,0.08311077712417428,-0.4164478210495299,0.6132637255026719,0.0,0.0,0.0,0.0,0.0,0.0,9.230489145083778,9.22450929733051,9.227639533785746,9.230498541583966,0.0,0.0,0.0,0.0,0.0,0.0
0.42755971235965823,-1.8501754823484935,0.11571972922240141,-0.4270305673985186,-10.325128811407613,-0.23084970325079893,0.7464514232107727,0.8198031695702995,0.21820736403064242,-0.4312613714821584,-0.307118770042824,0.08056777498749455,-0.43187980578369983,0.6148429967536565,0.0,0.0,0.0,0.0,0.0,0.0,9.230488899072407,9.224499024675874,9.227510985571344,9.230498520228714,0.0,0.0,0.0,0.0,0.0,0.0
0.44466210085404456,-2.0309850764416986,0.11128542337942213,-0.41285626073236387,-10.819334059231762,-0.28723464404653914,0.9104862358401511,0.819632616415555,0.21533481629943432,-0.43569222483589604,-0.3033242097403824,0.07836231534285638,-0.44757910440127047,0.6163628870512198,0.0,0.0,0.0,0.0,0.0,0.0,9.230488642750682,9.224355121275323,9.22739440098198,9.23049849827009,0.0,0.0,0.0,0.0,0.0,0.0
0.4617644893484309,-2.2202517488997837,0.10591144141704349,-0.39590998486963047,-11.314130203877736,-0.340723860166036,1.0705933602592719,0.8193754631040416,0.21239080535239527,-0.4402133190869298,-0.29954336908579304,0.07623354890081803,-0.4637649798100944,0.6178966369102824,0.0,0.0,0.0,0.0,0.0,0.0,9.230488375400752,9.224100595562351,9.227287343480914,9.23049847568827,0.0,0.0,0.0,0.0,0.0,0.0
0.47886687784281723,-2.417985980852364,0.09964803589415015,-0.37625995183094474,-11.809561147535696,-0.3912318662523501,1.2266500780141754,0.8190280082536886,0.2093738089865355,-0.44482798624735764,-0.2957765921393824,0.07396866178875865,-0.4806210570353407,0.6195046880861064,0.0,0.0,0.0,0.0,0.0,0.0,9.230488096240789,9.22377490254125,9.227185793544924,9.230498452461791,0.0,0.0,0.0,0.0,0.0,0.0
0.49596926633720356,-2.624199008396424,0.0925469415909609,-0.3539765309845028,-12.305671252639707,-0.43867043487878066,1.378526804860788,0.8185862729604226,0.20628054661966053,-0.4495402027963975,-0.292024752164662,0.07143518198938811,-0.49826792402278747,0.621225614532336,0.0,0.0,0.0,0.0,0.0,0.0,9.230487804523607,9.223411747114614,9.227086742659118,9.230498428567275,0.0,0.0,0.0,0.0,0.0,0.0
0.5130716548315899,-2.8389028285977234,0.08466143885140855,-0.32913236838948995,-12.80250511438916,-0.48294684504591834,1.526086832402043,0.8180459952618615,0.20310673002139182,-0.45435432568108025,-0.2882890087931538,0.0685682096617359,-0.5167712148033106,0.6230795232982012,0.0,0.0,0.0,0.0,0.0,0.0,9.230487499555075,9.223031192033952,9.22698982048007,9.230498403979455,0.0,0.0,0.0,0.0,0.0,0.0
0.5301740433259762,-3.062110200300177,0.07604643872516825,-0.3018025124632093,-13.300107178210446,-0.5239630398809554,1.669185863672,0.8174026434957118,0.1998476039029899,-0.4592748761402356,-0.28457062702750496,0.06534049669841083,-0.5361612036559907,0.6250762436891552,0.0,0.0,0.0,0.0,0.0,0.0,9.230487180674492,9.222639989260129,9.226897611388036,9.230498378671408,0.0,0.0,0.0,0.0,0.0,0.0
0.5472764318203625,-3.293834637814963,0.06675857702898455,-0.2720645480760064,-13.79852128757417,-0.5616153631090496,1.807671508632258,0.8166514415387482,0.19649819589926,-0.4643063941620142,-0.2808708856063385,0.061732731810487745,-0.5564514345052883,0.6272235089887842,0.0,0.0,0.0,0.0,0.0,0.0,9.230486847229944,9.222236365408474,9.226814327693521,9.230498352615019,0.0,0.0,0.0,0.0,0.0,0.0
0.5643788203147487,-3.534090396566668,0.05685631052083455,-0.2399987387826499,-14.297790194836764,-0.5957945241102844,1.9413828477943498,0.8157873966674475,0.19305333219224516,-0.4694533529597966,-0.27719106003409255,0.05771506672746633,-0.5776512498063245,0.6295320636675156,0.0,0.0,0.0,0.0,0.0,0.0,9.230486498567574,9.221814195572657,9.226742282630482,9.230498325781745,0.0,0.0,0.0,0.0,0.0,0.0
0.581481208809135,-3.7828924497264147,0.04640001357501375,-0.20568817587051474,-14.797954999700048,-0.6263855443241229,2.0701500698409525,0.8148053067474532,0.18950753112844715,-0.47472013465396845,-0.27353245053541164,0.05324272488205597,-0.5997772314069809,0.6320168969912989,0.0,0.0,0.0,0.0,0.0,0.0,9.230486134041938,9.221362248527853,9.226675690763154,9.230498298143901,0.0,0.0,0.0,0.0,0.0,0.0
0.5985835973035213,-4.0402564539241945,0.03545207699680479,-0.16921893388866588,-15.299054446421191,-0.6532675416113545,2.193794053145086,0.8136996901129518,0.18585486019047912,-0.48011113033493125,-0.269896438994994,0.0482616268204877,-0.6228772559025137,0.6346957378309482,0.0,0.0,0.0,0.0,0.0,0.0,9.23048575304542,9.220857726051436,9.226591718551898,9.23049826967649,0.0,0.0,0.0,0.0,0.0,0.0
0.6156859857979076,-4.306198701410015,0.024077012821943647,-0.13068023586173294,-15.801124070292126,-0.6763132170262116,2.31212559428726,0.8124645322354881,0.1820887717384535,-0.4856311169594894,-0.2662845870620938,0.042718813275067845,-0.6470824484663845,0.6375862975854778,0.0,0.0,0.0,0.0,0.0,0.0,9.23048535503983,9.220261593953987,9.22643751754891,9.230498240359346,0.0,0.0,0.0,0.0,0.0,0.0
0.6327883742922938,-4.580736057536251,0.012341571913491183,-0.09016463802815032,-16.304195383259714,-0.6953878287702562,2.4249437872477992,0.8110926908739788,0.17820193653959332,-0.49128613144807537,-0.262698788864988,0.03658841652739818,-0.6726909941841479,0.6406993391846606,0.0,0.0,0.0,0.0,0.0,0.0,9.230484939542363,9.219541144534055,9.226103657211993,9.230498210178583,0.0,0.0,0.0,0.0,0.0,0.0
0.6498907627866801,-4.863885888864652,0.0003148846827723182,-0.04776825444170344,-16.808295667723428,-0.7103475339471274,2.532032790136926,0.8095747458619903,0.17418646630461643,-0.4970850605034369,-0.259141367680074,0.02998728716359665,-0.7002586749678237,0.6440070333285902,0.0,0.0,0.0,0.0,0.0,0.0,9.23048450598528,9.218770215815956,9.225341935084458,9.23049817912508,0.0,0.0,0.0,0.0,0.0,0.0
0.6669931512810664,-5.155665999907129,-0.01193136937335148,-0.0035910599183003613,-17.31344933521469,-0.7210380292960875,2.6331555150746966,0.8078968974151456,0.17003627118200496,-0.5030422083416182,-0.2556145658140188,0.02362142028383436,-0.7306545261320958,0.6473195609566716,0.0,0.0,0.0,0.0,0.0,0.0,9.230484053440735,9.218292661585195,9.223439409556715,9.230498147184985,0.0,0.0,0.0,0.0,0.0,0.0
0.6840955397754527,-5.4560945924609685,-0.02432279732375959,0.042262636430394594,-17.819679666417663,-0.7272976554178138,2.728038887299456,0.8060361511075994,0.16575621836857166,-0.5091827605203832,-0.25211805879119414,0.020119425170617176,-0.7654042930640286,0.6499155233090571,0.0,0.0,0.0,0.0,0.0,0.0,9.230483580682721,9.21845925284774,9.217724778254139,9.230498114308268,0.0,0.0,0.0,0.0,0.0,0.0
0.701197928269839,-5.765190084680038,-0.03678228137539949,0.08968320717709224,-18.326992766213547,-0.7289739487909921,2.816324130762232,0.8039421923910214,0.161387036609907,-0.5155656551039155,-0.24864277786628117,0.027605986128884905,-0.8102014272510356,0.6495533847758609,0.0,0.0,0.0,0.0,0.0,0.0,9.230483087601856,9.218538079145041,9.209049574293893,9.230498080310387,0.0,0.0,0.0,0.0,0.0,0.0
0.7183003167642252,-6.082971395003552,-0.04923041554426135,0.13855376655362914,-18.835446251104177,-0.7259566978940555,2.8975074107292818,0.8015258911286658,0.15701205267861024,-0.522298473407936,-0.2451688516916191,0.05135567948966555,-0.8704711663295627,0.644788099920882,0.0,0.0,0.0,0.0,0.0,0.0,9.230482575532307,9.21712791484566,9.22463782957771,9.230498044642962,0.0,0.0,0.0,0.0,0.0,0.0
0.7354027052586115,-6.409462287621758,-0.061586280096142185,0.18874900336137423,-19.345528899138678,-0.7181663646730808,2.9711495982449976,0.798817026133907,0.15258485522579368,-0.5293285652579921,-0.24170331134723805,0.04463352901361391,-0.9049552660736415,0.6485734539810964,0.0,0.0,0.0,0.0,0.0,0.0,9.230482042550907,9.215552679826807,9.229010972253391,9.230498006228062,0.0,0.0,0.0,0.0,0.0,0.0
0.7525050937529978,-6.744689371739031,-0.07376709289277206,0.24013572085636734,-19.857073866799485,-0.7054549014601822,3.0367951597092078,0.7959174058171482,0.14797207091892906,-0.5365113162606393,-0.23827580000818532,0.027427862398644358,-0.9344534102019726,0.6553511587622435,0.0,0.0,0.0,0.0,0.0,0.0,9.230481488048568,9.214623654135439,9.229943192967283,9.230497963728604,0.0,0.0,0.0,0.0,0.0,0.0
0.7696074822473841,-7.088676817496167,-0.08568698029242695,0.29257476931460685,-20.36997690723212,-0.6876158010520862,3.0941728138773716,0.7928447094144656,0.14312417347865047,-0.5438151198693119,-0.23489966607270982,0.007159985729548081,-0.964089470285765,0.6630653492957049,0.0,0.0,0.0,0.0,0.0,0.0,9.2304809117386,9.213964300851119,9.230233950623123,9.23049791575844,0.0,0.0,0.0,0.0,0.0,0.0
0.7867098707417703,-7.441447105750783,-0.09725628701132341,0.3459227196654636,-20.884148242978522,-0.664417290174007,3.143045044455709,0.7895944659913577,0.13802246379020053,-0.551235804341916,-0.231580367856661,-0.014499990936444617,-0.994558852417624,0.6712577222492828,0.0,0.0,0.0,0.0,0.0,0.0,9.230480311848531,9.21318466978951,9.230351351790443,9.230497860924995,0.0,0.0,0.0,0.0,0.0,0.0
0.8038122592361566,-7.803021070665349,-0.10838128958247216,0.40003203111912633,-21.399485594036417,-0.6356162694670726,3.1831667342622403,0.7861571265944073,0.1326542789085876,-0.5587745548920077,-0.2283217278256854,-0.03743545516898388,-1.0264090688612482,0.6799015868334866,0.0,0.0,0.0,0.0,0.0,0.0,9.230479684970414,9.212217888260582,9.23040756849663,9.23049779781778,0.0,0.0,0.0,0.0,0.0,0.0
0.8209146477305429,-8.173417696430166,-0.11896401818952772,0.4547508484506362,-21.915874885702888,-0.6009588754826554,3.2142776143913228,0.7825201200274626,0.1270056982623764,-0.5664354349806204,-0.2251282131573187,-0.06184933539685623,-1.0601065964625247,0.6890603148022485,0.0,0.0,0.0,0.0,0.0,0.0,9.230479026233297,9.21114162125505,9.23043789095494,9.230497724984987,0.0,0.0,0.0,0.0,0.0,0.0
0.8380170362249292,-8.55265392045907,-0.12890204908010244,0.5099227077178249,-22.43319062699284,-0.5601777293677631,3.2360984162708286,0.7786685397759544,0.12106090020446365,-0.574224109494882,-0.22200503525748594,-0.08786288997122621,-1.0959152449500842,0.6987759646321227,0.0,0.0,0.0,0.0,0.0,0.0,9.230478329223443,9.21002420984134,9.230455737709516,9.230497640909158,0.0,0.0,0.0,0.0,0.0,0.0
0.8551194247193155,-8.940744421079344,-0.13808825943818467,0.565386182378544,-22.95129379993364,-0.5129906464986239,3.2483276437202027,0.7745856773631097,0.11480327306869986,-0.5821467089003465,-0.21895763570412813,-0.11549441960699454,-1.1339521263109738,0.709062970605271,0.0,0.0,0.0,0.0,0.0,0.0,9.230477585676935,9.208884649129791,9.230466962367087,9.23049754398697,0.0,0.0,0.0,0.0,0.0,0.0
0.8722218132137017,-9.337701360353401,-0.14641057707292673,0.6209744801753201,-23.47002876431257,-0.4591012014581216,3.250638973625933,0.7702532792448179,0.10821613997911651,-0.5902091917868862,-0.21599134887975396,-0.14473587974245658,-1.1742904415970905,0.7199291600277321,0.0,0.0,0.0,0.0,0.0,0.0,9.23047678509678,9.20771751994511,9.23047439789997,9.230497432518428,0.0,0.0,0.0,0.0,0.0,0.0
0.889324201708088,-9.743534074528716,-0.15375174810954587,0.6765150005918034,-23.98922024587542,-0.39820011028611507,3.24267918702518,0.7656515468613699,0.10128287276332561,-0.5984171231329266,-0.21311132117959283,-0.17559170572578814,-1.2170092655978542,0.731386515555078,0.0,0.0,0.0,0.0,0.0,0.0,9.230475914363092,9.20652059566605,9.230479531290214,9.230497304712827,0.0,0.0,0.0,0.0,0.0,0.0
0.9064265902024743,-10.158248714196842,-0.15998913031177195,0.7318288592977577,-24.50867046941246,-0.32996680497710035,3.2240663571386685,0.7607590436376085,0.09398684379892012,-0.6067755737673297,-0.21032249949930912,-0.20807033575666398,-1.2621903525310552,0.7434488935264805,0.0,0.0,0.0,0.0,0.0,0.0,9.23047495731852,9.205301700047915,9.230483195510047,9.230497158722178,0.0,0.0,0.0,0.0,0.0,0.0
0.9235289786968606,-10.581847833684623,-0.1649945150579933,0.7867303824123317,-25.028156087660026,-0.25407124526588265,3.194388141180528,0.75555263060655,0.08631151271025812,-0.6152889644911324,-0.2076295627617114,-0.24216467849858123,-1.3099011232594622,0.7561266410351117,0.0,0.0,0.0,0.0,0.0,0.0,9.230473894291428,9.204074146256243,9.230485882669464,9.230496992717628,0.0,0.0,0.0,0.0,0.0,0.0
0.9406313671912468,-11.014329924511618,-0.16863398427187232,0.8410265725742943,-25.547424712702988,-0.1701762337838666,3.1532002098818186,0.7500074571241492,0.07824066015198167,-0.6239608388987435,-0.20503678908411982,-0.27784160579462436,-1.3601852040800821,0.7694236650118392,0.0,0.0,0.0,0.0,0.0,0.0,9.230472701540407,9.202853038644893,9.230487896609166,9.230496805030779,0.0,0.0,0.0,0.0,0.0,0.0
0.9577337556856331,-11.455688886326334,-0.17076781259838342,0.894516550165269,-26.066191077589174,-0.07794041184408582,3.1000249291885775,0.7440969930010392,0.06975869053942699,-0.6327936014390039,-0.20254789082804872,-0.31503854215382837,-1.413059299573275,0.783336438663267,0.0,0.0,0.0,0.0,0.0,0.0,9.230471350633199,9.201655352520696,9.230489431961528,9.230496594389102,0.0,0.0,0.0,0.0,0.0,0.0
0.9748361441800194,-11.905913429787319,-0.17125042720456146,0.9469909749908896,-26.584132923444425,0.022977986884819477,3.0343504101064904,0.7377930987824393,0.060850969219665714,-0.6417882380478357,-0.2001658323428039,-0.35366013766360554,-1.4685097012145085,0.797853007986668,0.0,0.0,0.0,0.0,0.0,0.0,9.230469807811263,9.200502080934019,9.230490617280816,9.230496360280627,0.0,0.0,0.0,0.0,0.0,0.0
0.9919385326744057,-12.36498640741425,-0.1699304386799176,0.9982314556828894,-27.100886700194067,0.13291656170997526,2.955630044131613,0.7310661519075381,0.051504211399643895,-0.6509440125021804,-0.1978926232348402,-0.3935712539019373,-1.5264847163946267,0.8129509406227716,0.0,0.0,0.0,0.0,0.0,0.0,9.230468033465263,9.199420566177277,9.230491539621399,9.2304961034823,0.0,0.0,0.0,0.0,0.0,0.0
1.009040921168792,-12.832884069912069,-0.16665075787202463,1.0480099562968563,-27.616043167723152,0.25220324959982265,2.8632826682166628,0.7238852593973136,0.04170695851263314,-0.660258124698994,-0.19572907195375275,-0.4345859759000954,-1.586882658434041,0.8285941148309054,0.0,0.0,0.0,0.0,0.0,0.0,9.2304659820009,9.19844015139691,9.23049225906854,9.230495826768902,0.0,0.0,0.0,0.0,0.0,0.0
1.0261433096631785,-13.309575246313832,-0.16124881560604498,1.0960882122439106,-28.129142909626903,0.38114977637720726,2.7566935213629966,0.7162185646556082,0.03145012012562356,-0.6697253478846505,-0.1936745104228441,-0.4764647533315551,-1.6495475346324964,0.8447317034862292,0.0,0.0,0.0,0.0,0.0,0.0,9.23046360266558,9.19756811482216,9.230492817591351,9.230495535768759,0.0,0.0,0.0,0.0,0.0,0.0
1.0432456981575648,-13.795020444881528,-0.15355690390998036,1.142217170143827,-28.639671573240527,0.5200440442341908,2.635216088428455,0.7080335311216776,0.020727335807174733,-0.6793377703461242,-0.1917266025851957,-0.5189550495214941,-1.7143084994409885,0.8613092679026219,0.0,0.0,0.0,0.0,0.0,0.0,9.23046084235216,9.196775761287102,9.230493244557307,9.230495239831319,0.0,0.0,0.0,0.0,0.0,0.0
1.0603480866519512,-14.289170872320724,-0.14340265293743054,1.1861364666059282,-29.147055078333374,0.6691419974699446,2.4981747633721265,0.6992970032059579,0.00953484154396171,-0.6890847904137559,-0.18988138330107013,-0.5618564728222591,-1.781045106409949,0.8782868495788513,0.0,0.0,0.0,0.0,0.0,0.0,9.230457651921114,9.196175726886942,9.230493560202623,9.23049495261547,0.0,0.0,0.0,0.0,0.0,0.0
1.0774504751463376,-14.791967398163214,-0.13060964175298825,1.2275739601717102,-29.650658056620465,0.8286599084059227,2.3448685164218697,0.6899758025698068,-0.002127778595854331,-0.698952702233428,-0.18813289044446063,-0.6047658836670622,-1.8494297497318002,0.8955678745381563,0.0,0.0,0.0,0.0,0.0,0.0,9.230453998517952,9.196490122345644,9.230493777787736,9.230494691938599,0.0,0.0,0.0,0.0,0.0,0.0
1.094552863640724,-15.303339567889351,-0.11499814812301025,1.2662453465395171,-30.149791572023965,0.9987644695614737,2.1745778384493164,0.6800413377442768,-0.014250660600433524,-0.7089214814452879,-0.18646991922785963,-0.6459852240344728,-1.9178120300183148,0.9126925710172445,0.0,0.0,0.0,0.0,0.0,0.0,9.230449890289597,9.198303062861648,9.230493904842627,9.23049447836723,0.0,0.0,0.0,0.0,0.0,0.0
1.1116552521351104,-15.823204682643452,-0.09638619786099434,1.3018539591383493,-30.643713834838405,1.1795469969496992,1.9865802512067232,0.6694776445981696,-0.026803164392734526,-0.7189603165482858,-0.18487113617493636,-0.6827945633434273,-1.9834523641701765,0.9289073606685979,0.0,0.0,0.0,0.0,0.0,0.0,9.230445429035214,9.197722973864462,9.230493943709527,9.23049433227024,0.0,0.0,0.0,0.0,0.0,0.0
1.1287576406294968,-16.351466332226263,-0.07459128292970973,1.3340909140719945,-31.131563043913047,1.370979557925167,1.7801699274992686,0.6582652427292681,-0.03976139636691612,-0.7290406666475715,-0.1833183240911709,-0.7195209643141642,-2.0506792685370834,0.94541613183778,0.0,0.0,0.0,0.0,0.0,0.0,9.230440890732774,9.169457035719557,9.230493891462194,9.230494269694917,0.0,0.0,0.0,0.0,0.0,0.0
1.1458600291238832,-16.888009175937494,-0.04943283106213706,1.362635316679254,-31.611965361884984,1.5729147227226454,1.5546136071104182,0.646212929699336,-0.05334256468768579,-0.7392378243749275,-0.1819089313237953,-0.8058675576635833,-2.170080916325873,0.9761452179299674,0.0,0.0,0.0,0.0,0.0,0.0,9.23043664706656,9.140015666984603,9.230493739125057,9.230494298211118,0.0,0.0,0.0,0.0,0.0,0.0
1.1629624176182696,-17.432695776686767,-0.020728593530638724,1.3871509827349586,-32.08367752755336,1.7857388374557805,1.3088158200140596,0.6329374552786957,-0.06798504552373233,-0.7497091785896676,-0.18084346498801462,-0.9428881245915735,-2.3445699251410566,1.0216857212311596,0.0,0.0,0.0,0.0,0.0,0.0,9.23043251413849,9.225562654235773,9.230493469846152,9.230494414499859,0.0,0.0,0.0,0.0,0.0,0.0
1.180064806112656,-17.9853802851874,0.011718623616222622,1.4072779725662912,-32.54704050805688,2.010615837585774,1.0412279347475593,0.6187101114147338,-0.08321420539248707,-0.7602107314643755,-0.17986894623715394,-0.9228835700833609,-2.3648301711388933,1.0241971144132465,0.0,0.0,0.0,0.0,0.0,0.0,9.230427122301235,9.229464638363536,9.230493055637332,9.230494605277297,0.0,0.0,0.0,0.0,0.0,0.0
1.1971671946070424,-18.545899271851383,0.04810583899467678,1.4226399983268165,-32.99971663206049,2.246310013794934,0.7515572466038545,0.6040558089150878,-0.0983081219580855,-0.7704195109632705,-0.1786221430845801,-0.8955434185679766,-2.3777302602785597,1.0247483647610165,0.0,0.0,0.0,0.0,0.0,0.0,9.230418415834475,9.23011835425136,9.230492451339979,9.230494850262252,0.0,0.0,0.0,0.0,0.0,0.0
1.2142695831014287,-19.11406219979734,0.08860821517092968,1.4328582189964523,-33.44080639515224,2.4916582346719838,0.43968357734574104,0.5890143370007261,-0.11322447022021735,-0.7803107195188485,-0.17708052167001076,-0.8668402165750142,-2.3890906745127904,1.0249749872616742,0.0,0.0,0.0,0.0,0.0,0.0,9.230403321194286,9.230312152818136,9.23049158387705,9.2304951264062,0.0,0.0,0.0,0.0,0.0,0.0
1.2313719715958151,-19.689663904249727,0.13338068672874798,1.4375524282238723,-33.86949604548262,2.745465426828678,0.1055625123884659,0.5736044214591917,-0.12795064487995378,-0.7898725478855607,-0.1752368632852193,-0.8376158976278587,-2.3997207122208306,1.0251114222051307,0.0,0.0,0.0,0.0,0.0,0.0,9.23037569635722,9.230389837001905,9.23049033183535,9.23049541179815,0.0,0.0,0.0,0.0,0.0,0.0
1.2484743600902015,-20.272485655317208,0.18255752101636022,1.4363422503025511,-34.285012919552955,3.006511368042369,-0.2507820777102833,0.5578418869330775,-0.14247877892996025,-0.7990952815123818,-0.1730865615876013,-0.808067112511278,-2.409803104305302,1.0252221904893317,0.0,0.0,0.0,0.0,0.0,0.0,9.230319748540317,9.230427252153342,9.230488484943997,9.230495688075731,0.0,0.0,0.0,0.0,0.0,0.0
1.265576748584588,-20.862295827979295,0.23625193654630577,1.4288482897848744,-34.68662197828351,3.273555580420855,-0.6292596121188305,0.5417422589494126,-0.1568023356112547,-0.8079697979695016,-0.1706257834688699,-0.7782212929543474,-2.4193566008389866,1.025341490879348,0.0,0.0,0.0,0.0,0.0,0.0,9.23018110352071,9.230447575084554,9.230485659071233,9.230495941175837,0.0,0.0,0.0,0.0,0.0,0.0
1.2826791370789743,-21.45885055178552,0.2945557877082597,1.414693270237887,-35.07362671265016,3.545340719396929,-1.0297128575254324,0.5253219110342149,-0.17091508462447935,-0.8164870390629334,-0.16785064395888216,-0.7479639395940004,-2.428259801832376,1.0255190144977662,0.0,0.0,0.0,0.0,0.0,0.0,9.22963988251076,9.230459531852008,9.230481108279507,9.230496160826158,0.0,0.0,0.0,0.0,0.0,0.0
1.2997815255733607,-22.061894368150735,0.35753928036216637,1.3935031974545213,-35.445369556353555,3.8205925683815174,-1.4519146826891538,0.5086013612541048,-0.18480958284453258,-0.8246368400537225,-0.16475483436158342,-0.7165845668027526,-2.435792567836509,1.0259605854640812,0.0,0.0,0.0,0.0,0.0,0.0,9.143776020929101,9.230466904586873,9.230473310705797,9.230496339445287,0.0,0.0,0.0,0.0,0.0,0.0
1.316883914067747,-22.671152523071658,0.42524412821231916,1.3649150024328631,-35.800387987131536,4.097154752369044,-1.8946943292604914,0.4923145684914608,-0.19819039285996345,-0.8321563890549951,-0.16081877373003417,-0.5296749185641363,-2.2863861000303114,1.0695851189215904,0.0,0.0,0.0,0.0,0.0,0.0,8.557330284285223,9.230471368523697,9.230459386971273,9.230496471871012,0.0,0.0,0.0,0.0,0.0,0.0
1.3339863025621335,-23.286297813526797,0.4976350358363321,1.328630388994741,-36.13495284547485,4.367576507314106,-2.3508613329467525,0.4821842532866251,-0.20891558503253382,-0.8370929647214514,-0.15207890263539098,0.7159112339048305,-1.0635714057429821,1.4081893762219653,0.0,0.0,0.0,0.0,0.0,0.0,9.204233624592133,9.2304619852416,9.230410858372114,9.230495240172072,0.0,0.0,0.0,0.0,0.0,0.0
1.3465406753277853,-23.74151121080957,0.5537095978434236,1.2969521603154264,-36.38354205434826,4.564572312536287,-2.696458916037611,0.4789961255237726,-0.21508076244076962,-0.83903875341598,-0.14253753059201635,0.7638834426102582,-1.0195695882199463,1.4178675010937571,0.0,0.0,0.0,0.0,0.0,0.0,8.48680234979839,9.23045911969401,9.230339859457134,9.230495238833281,0.0,0.0,0.0,0.0,0.0,0.0
1.3590950480934372,-24.199799058300037,0.6121951588214299,1.260938327631258,-36.62520966290639,4.751350994554839,-3.0410953318223264,0.479335001028931,-0.21993072016503915,-0.839546098263973,-0.13050204598404413,1.7612039430011979,-0.012059162388474563,1.6924292809360724,0.0,0.0,0.0,0.0,0.0,0.0,9.187975337244257,9.230455043960887,9.23016547409503,9.230495206382152,0.0,0.0,0.0,0.0,0.0,0.0
1.371649420859089,-24.661181069475305,0.6729965867080849,1.2205669978805789,-36.87694658490464,4.933161587798591,-3.3901524708219806,0.483295324501642,-0.22345689053607196,-0.8384754475597198,-0.11598090888732536,1.8177701742777628,0.07080757225063265,1.7080226609086062,0.0,0.0,0.0,0.0,0.0,0.0,9.20627786268244,9.230449924530433,9.22959476484284,9.230495145205863,0.0,0.0,0.0,0.0,0.0,0.0
1.3842037936247409,-25.125753387239467,0.7360211566872666,1.1758213627031868,-37.133482099922425,5.105491848256318,-3.737840910754486,0.48758069032722967,-0.22680628075667314,-0.8370006813223475,-0.10126125070960476,1.849650545081127,0.12939115939367662,1.716649037340311,0.0,0.0,0.0,0.0,0.0,0.0,9.213766934133803,9.230443627225966,9.226306480992047,9.230495059719836,0.0,0.0,0.0,0.0,0.0,0.0
1.3967581663903927,-25.593576454592824,0.8011487928569346,1.1267231649139748,-37.394829135109774,5.268185437944279,-4.083448455464847,0.49206014696034683,-0.23001276168493717,-0.8351662940021927,-0.08641876299781964,1.8751422544120366,0.17415537109065884,1.721298209348283,0.0,0.0,0.0,0.0,0.0,0.0,9.210846085311704,9.23043590579752,8.962615852830522,9.230494957292567,0.0,0.0,0.0,0.0,0.0,0.0
1.4093125391560446,-26.064694446898173,0.8682491770775698,1.0733119767558337,-37.65839992471615,5.41956767870437,-4.424965973859743,0.4960124521451626,-0.23236456503344802,-0.8336768560747734,-0.07043618302435896,2.2575643814631254,-0.12607040139032308,1.6296619294720482,0.0,0.0,0.0,0.0,0.0,0.0,9.212752180073357,9.230426126065135,8.865926764430396,9.230494846924406,0.0,0.0,0.0,0.0,0.0,0.0
1.4218669119216965,-26.539146472266626,0.9371736313915248,1.015628588241835,-37.92598478667872,5.5582818378575345,-4.764222363122299,0.4985114609930019,-0.2328324497461694,-0.833415773756988,-0.051899148903051175,2.7711944762791507,-0.5534511837612545,1.501623317551465,0.0,0.0,0.0,0.0,0.0,0.0,9.220370719534692,9.23041328688416,9.151765538653146,9.230494734847497,0.0,0.0,0.0,0.0,0.0,0.0
1.4344212846873483,-27.017008121339355,1.0077540445412019,0.9536797057778191,-38.20157587216227,5.682989851061256,-5.104554425149624,0.49999797948824637,-0.23189341970904453,-0.8338055637044884,-0.031555416947909545,2.8970001744294906,-0.6078320668270182,1.4763211856000185,0.0,0.0,0.0,0.0,0.0,0.0,9.222402881584605,9.230396347859593,9.150940898837604,9.23049462244819,0.0,0.0,0.0,0.0,0.0,0.0
1.4469756574530002,-27.498360754802817,1.0797972011088672,0.8874634254883966,-38.48208825801411,5.79116575806337,-5.443974345301161,0.5011540760942892,-0.23033703366453046,-0.8340733194060966,-0.010542333309085302,3.0217608556676363,-0.6650718448397382,1.4499704034188463,0.0,0.0,0.0,0.0,0.0,0.0,9.221128235667479,9.230373709184827,9.158864279510205,9.230494510066968,0.0,0.0,0.0,0.0,0.0,0.0
1.459530030218652,-27.983265047913907,1.153090369354,0.8169939281323872,-38.767334094446326,5.8819907407549445,-5.782033810386274,0.5019870321278355,-0.22817004537454366,-0.8341607658445699,0.01110255352911137,3.1381410367435207,-0.7092097906348428,1.427024275884794,0.0,0.0,0.0,0.0,0.0,0.0,9.212694725116467,9.230342537989536,8.760755762881631,9.230494398912832,0.0,0.0,0.0,0.0,0.0,0.0
1.4720844029843039,-28.471751000776692,1.2274022566409735,0.7423070605213249,-39.05259632653449,5.953029697885926,-6.115866048661017,0.5015397317496606,-0.2241323011361754,-0.8348677400081068,0.03490652886835745,3.798762253055108,-1.2703416156174996,1.2602035793971937,0.0,0.0,0.0,0.0,0.0,0.0,9.208988907238334,9.230295083538874,8.871866511620176,9.230494289121475,0.0,0.0,0.0,0.0,0.0,0.0
1.4846387757499557,-28.96384964679712,1.3024702402915727,0.6634327951775001,-39.34273631888218,6.001719045031728,-6.449189986553047,0.4990745363741805,-0.21721357066919525,-0.8365991347719933,0.06200612517152972,4.3201573201806385,-1.6768279377128894,1.1357959523060488,0.0,0.0,0.0,0.0,0.0,0.0,9.216636227323496,9.230215248002468,9.22662630369066,9.230494173191246,0.0,0.0,0.0,0.0,0.0,0.0
1.4971931485156076,-29.459634213799127,1.3779913860040645,0.5803669919516824,-39.63962618096415,6.024854182976809,-6.7834807995753295,0.49566692195546036,-0.20885537810189472,-0.8381463377851587,0.0905784189221748,4.359873296866926,-1.6205041797343156,1.1395877427020589,0.0,0.0,0.0,0.0,0.0,0.0,9.217359458498727,9.230070281456694,9.229643839646739,9.230494036482815,0.0,0.0,0.0,0.0,0.0,0.0
1.5097475212812594,-29.959158892446567,1.4536342323858318,0.4931184459444504,-39.93839745680256,6.021102860464825,-7.115288554222821,0.49216276669662756,-0.2002492255633467,-0.8387296480104084,0.1191999844259106,4.39389401602351,-1.560786384360757,1.1442801744281397,0.0,0.0,0.0,0.0,0.0,0.0,9.212249912349234,9.229770627793824,9.230175357074437,9.230493863177443,0.0,0.0,0.0,0.0,0.0,0.0
1.5223018940469113,-30.462440483254785,1.5290613693252422,0.4017277898044806,-40.23796324337759,5.990508018925965,-7.443102811069975,0.4885876149563675,-0.19142639673682665,-0.8383198974002908,0.14784392705271795,4.433051281414188,-1.493363926141453,1.151166129771479,0.0,0.0,0.0,0.0,0.0,0.0,9.195089893364516,9.229000370651033,9.230339462560476,9.230493637675615,0.0,0.0,0.0,0.0,0.0,0.0
1.5348562668125632,-30.969481891572915,1.603936767865773,0.3062550161542612,-40.53720399742823,5.933240833758564,-7.765338110277607,0.485029865239476,-0.18240387311986944,-0.8368421528949219,0.17655046880379074,4.493148453992241,-1.402995966996364,1.164733284547361,0.0,0.0,0.0,0.0,0.0,0.0,8.678766963202134,9.22585813029257,9.230407029341942,9.230493344496422,0.0,0.0,0.0,0.0,0.0,0.0
1.547410639578215,-31.4802397445101,1.6779317611007478,0.2068009728453362,-40.83005402732882,5.850243730975701,-8.076683084374334,0.48361424937855335,-0.17306704387461455,-0.8326487637886494,0.20702920635445257,5.2329320370340335,-0.6203248532181193,1.3701358501282952,0.0,0.0,0.0,0.0,0.0,0.0,8.780858877231672,7.954825126821659,9.230440017023282,9.230492967217838,0.0,0.0,0.0,0.0,0.0,0.0
1.5599650123438669,-31.994590358763993,1.7507357238275247,0.10354986622894023,-41.109288626640556,5.743808468997998,-8.370266408272016,0.4803084195943746,-0.1660479545743031,-0.8277628227303429,0.23778269103099028,4.150410716148537,-1.651243101062358,2.007177579858831,0.0,0.0,0.0,0.0,0.0,0.0,9.227519962987904,9.20056135385261,9.230457964267437,9.230492475447756,0.0,0.0,0.0,0.0,0.0,0.0
1.5725193851095187,-32.51254308457461,1.822018817218342,-0.003389051022914263,-41.403441475066735,5.60805141751107,-8.66453904492435,0.4729172343152909,-0.16149246682582713,-0.8240074644525968,0.2669853388717964,4.143442513046726,-1.6138166583837377,2.019314380477912,0.0,0.0,0.0,0.0,0.0,0.0,9.229618515900288,9.205570682709913,9.230468898344993,9.230491836889188,0.0,0.0,0.0,0.0,0.0,0.0
1.5850737578751706,-33.0341578295259,1.8914467801198611,-0.11397031717901475,-41.692538508726024,5.448396794696343,-8.950305598317778,0.46526255911478237,-0.15692333516321708,-0.8193582539342601,0.29590179059447574,4.139787171068125,-1.572198553991414,2.0288304239344157,0.0,0.0,0.0,0.0,0.0,0.0,9.230077093501833,9.175678289940032,9.23047597442947,9.230491007380463,0.0,0.0,0.0,0.0,0.0,0.0
1.5976281306408224,-33.55936359378321,1.9587254651560106,-0.2280782282285194,-41.97537949791916,5.265803139948305,-9.226178493403317,0.45723265547588676,-0.15239305184219223,-0.8139120323974881,0.3244408421196107,4.0955305008382,-1.570872049694934,2.049217100019715,0.0,0.0,0.0,0.0,0.0,0.0,9.230250393434304,9.081030682800554,9.23048075459603,9.230489922893774,0.0,0.0,0.0,0.0,0.0,0.0
1.6101825034064743,-34.08807215742795,2.02357490921557,-0.3455810851981894,-42.250395063054505,5.0615801736348915,-9.491082526870105,0.4482862018065355,-0.14809087981751504,-0.8080784821232456,0.35230347615959756,3.926662455408089,-1.696387025231839,2.104489425116668,0.0,0.0,0.0,0.0,0.0,0.0,9.230335053479461,9.082703245671544,9.230484101368635,9.230488489055361,0.0,0.0,0.0,0.0,0.0,0.0
1.6227368761721261,-34.62018505444023,2.085727426822505,-0.46634323587474413,-42.51753067986143,4.836341257855159,-9.745428836793247,0.4380278725377871,-0.1441260676011753,-0.802189088016126,0.3792781651844695,3.763033680272066,-1.8209588280060478,2.1591136085714817,0.0,0.0,0.0,0.0,0.0,0.0,9.230382628241498,9.098964916975982,9.230486515506275,9.230486563010317,0.0,0.0,0.0,0.0,0.0,0.0
1.635291248937778,-35.15559758304297,2.144925201986936,-0.5902333114062265,-42.77588352486705,4.591038015216314,-9.989396531976523,0.42655148510242413,-0.14043989184939035,-0.7962267162649945,0.4054053325255009,3.6239804701083767,-1.92509218324165,2.207715844174857,0.0,0.0,0.0,0.0,0.0,0.0,9.230411878930068,9.095521498935861,9.230488297783632,9.230483920258726,0.0,0.0,0.0,0.0,0.0,0.0
1.6478456217034299,-35.69419219876484,2.2009234132724593,-0.7171208663650275,-43.024308383647636,4.326793386344522,-10.222957841136003,0.41392664888263075,-0.13698170576665383,-0.7901819826136585,0.43071240518796433,3.4832073777860093,-2.0349916485640507,2.25757843056945,0.0,0.0,0.0,0.0,0.0,0.0,9.230431089857014,9.094499331278127,9.230489636425839,9.230480193023778,0.0,0.0,0.0,0.0,0.0,0.0
1.6603999944690817,-36.23583880866089,2.2534903268977056,-0.8468757895856924,-43.261943579261995,4.044568183201327,-10.446206008815981,0.4001459785274138,-0.13371919068727148,-0.7840956447325234,0.4551883058930316,3.34414261459375,-2.147515307774894,2.3078104730047047,0.0,0.0,0.0,0.0,0.0,0.0,9.230444365943587,9.095515190592037,9.230490653829694,9.230474748653958,0.0,0.0,0.0,0.0,0.0,0.0
1.6729543672347336,-36.78039673645206,2.3024060749767856,-0.9793693597793579,-43.48796462678837,3.74529168281339,-10.65926385446871,0.38522070767464184,-0.13061382533063282,-0.7779876910513763,0.4788321079289645,3.209630137006376,-2.259998378609291,2.3576608764039313,0.0,0.0,0.0,0.0,0.0,0.0,9.230453918066107,9.089106509564289,9.230491432105714,9.230466432237796,0.0,0.0,0.0,0.0,0.0,0.0
1.6855087400003854,-37.32771465237483,2.34746273224997,-1.1144743053543995,-43.701496152756675,3.4299377955513966,-10.862242964953305,0.3691378549048894,-0.1276278681033835,-0.7718907830235963,0.501630332458895,3.0700080737735473,-2.3824188151303547,2.4098713507746403,0.0,0.0,0.0,0.0,0.0,0.0,9.230461015654384,9.096036111314314,9.230492027978084,9.230452974109296,0.0,0.0,0.0,0.0,0.0,0.0
1.6980631127660373,-37.87763151652528,2.3884633317421144,-1.2520653959029366,-43.90186587306511,3.0992774602018827,-11.055349464593467,0.35190941845180007,-0.12471934026331855,-0.76581075692065,0.5235825932494506,2.9431596687614414,-2.4970472879266485,2.4595157255331617,0.0,0.0,0.0,0.0,0.0,0.0,9.23046642022713,8.794417959979103,9.230492482329561,9.230429512278679,0.0,0.0,0.0,0.0,0.0,0.0
1.7106174855316891,-38.42996058063133,2.4252385169664232,-1.3920162644865683,-44.085564823819304,2.756928815933233,-11.238448324364098,0.3322661670751411,-0.12186979937517826,-0.7607796531010668,0.5440232216044357,2.4240345763522146,-3.017789493781057,2.6205209829169367,0.0,0.0,0.0,0.0,0.0,0.0,9.230470558368008,9.101269797509394,9.230492827047701,9.230384519088412,0.0,0.0,0.0,0.0,0.0,0.0
1.723171858297341,-38.98451391899719,2.4576103102540694,-1.5342236553359478,-44.25594361111988,2.397861570374196,-11.415061461010756,0.31022052720734733,-0.11898623422438569,-0.7567378071302996,0.5629861382164935,2.323335496575565,-3.1345376389811297,2.668204333315238,0.0,0.0,0.0,0.0,0.0,0.0,9.230473630333861,9.227589752399696,9.23049308352179,9.230284449776615,0.0,0.0,0.0,0.0,0.0,0.0
1.7357262310629928,-39.54110740080933,2.485382805655244,-1.6786065814978732,-44.41048123041625,2.0243651859937564,-11.584900455744057,0.2876493402058867,-0.11603589260740461,-0.7521332580568372,0.5814542895453848,2.3921275346714945,-3.082802327188551,2.6692065232544495,0.0,0.0,0.0,0.0,0.0,0.0,9.230475801689728,9.229784359964526,9.230493268410422,9.23000240890065,0.0,0.0,0.0,0.0,0.0,0.0
1.7482806038286447,-40.099533943144635,2.508388153053852,-1.8250716766938917,-44.54794367440533,1.638592881993224,-11.74654345945887,0.2651293043038972,-0.11305850109578457,-0.7465148129979221,0.5996998093246182,2.4622066588797904,-3.0261314734146225,2.6692934865293854,0.0,0.0,0.0,0.0,0.0,0.0,9.230477228433113,9.230210829304585,9.230493397493701,9.228777372767478,0.0,0.0,0.0,0.0,0.0,0.0
1.7608349765942966,-40.65957855462798,2.5264790321196204,-1.9735077177397087,-44.66824964319009,1.2416398745354313,-11.898671030961323,0.2427000289354766,-0.11008647958428,-0.7398828323824244,0.6176981927391565,2.5298404682776487,-2.965652623453629,2.6687701584324346,0.0,0.0,0.0,0.0,0.0,0.0,9.230478029306651,9.230351276900114,9.23049348711116,9.211543320058341,0.0,0.0,0.0,0.0,0.0,0.0
1.7733893493599484,-41.221025463425406,2.539523313625966,-2.1237871838461273,-44.77136736729192,0.8348366125165886,-12.04001883084817,0.22044819787831924,-0.10719795348559272,-0.732279620975606,0.6353563941006064,2.5729103720094635,-2.8808230836073334,2.6618310984879643,0.0,0.0,0.0,0.0,0.0,0.0,9.230478268121567,9.230411835416225,9.230493555380145,8.613305208574753,0.0,0.0,0.0,0.0,0.0,0.0
1.7859437221256003,-41.78364232635679,2.5474472878640575,-2.2757656998650986,-44.85511183273806,0.42637993157052184,-12.169517900953213,0.20044793285134033,-0.10609199624450227,-0.7249673727690982,0.6503748326686332,1.8058377854587209,-2.0098722181404005,2.4339724306179904,0.0,0.0,0.0,0.0,0.0,0.0,9.230477931184701,9.23044273278554,9.230493618482935,9.146485349283383,0.0,0.0,0.0,0.0,0.0,0.0
1.7984980948912521,-42.34724792249806,2.5501688631904185,-2.429312988641772,-44.92933634044625,0.006414116265007395,-12.290156442185511,0.18289797276584172,-0.10694406343640551,-0.7183823932942672,0.6625994535604871,1.7350550212607234,-1.8604176117914322,2.402977273420192,0.0,0.0,0.0,0.0,0.0,0.0,9.23047699086076,9.230460009815955,9.230493680241233,9.143816324089306,0.0,0.0,0.0,0.0,0.0,0.0
1.811052467656904,-42.911715888824034,2.547591101308317,-2.5843185351603646,-44.99264643471758,-0.4176888748680528,-12.401822096022308,0.1660180572752717,-0.10831262604695335,-0.7116088906198913,0.6740320218565918,1.6570556788966622,-1.7094349961342639,2.370990579193761,0.0,0.0,0.0,0.0,0.0,0.0,9.230475364512651,9.230470451005424,9.23049373964299,9.143331496868955,0.0,0.0,0.0,0.0,0.0,0.0
1.8236068404225558,-43.47691510885035,2.539667508557874,-2.7406696994807054,-45.04598804513053,-0.8450744674573061,-12.504534937547241,0.14981648971983907,-0.11020878421916185,-0.7047228981087655,0.6846712204921003,1.5748141811187546,-1.559927028218839,2.33882163141722,0.0,0.0,0.0,0.0,0.0,0.0,9.230472899651728,9.230477158482929,9.230493795927188,9.159996979151815,0.0,0.0,0.0,0.0,0.0,0.0
1.8361612131882077,-44.042726821646156,2.526360683795909,-2.898254701257969,-45.090369192477375,-1.2751535463196544,-12.598398328464272,0.1342360379175369,-0.11259008948649174,-0.6977507767691239,0.694584776245283,1.5115485521520624,-1.434500499564946,2.312804804820713,0.0,0.0,0.0,0.0,0.0,0.0,9.230469374880613,9.230481668057118,9.23049384882913,9.17266306749319,0.0,0.0,0.0,0.0,0.0,0.0
1.8487155859538595,-44.60904375443673,2.50764145347399,-3.0569630011716784,-45.126604021016334,-1.7072047760564533,-12.683496703279946,0.11917685996175406,-0.1153787325910998,-0.6906748748100526,0.7038841107891598,1.4624957238103886,-1.3273878587207386,2.2914645398443843,0.0,0.0,0.0,0.0,0.0,0.0,9.230464515276035,9.23048480452913,9.230493898892481,9.058444628299535,0.0,0.0,0.0,0.0,0.0,0.0
1.8612699587195114,-45.175765624753666,2.4834983881858785,-3.216685724648755,-45.155074825460865,-2.139096279851598,-12.760098619188467,0.1049584215993211,-0.11884057574401706,-0.6838132815489575,0.7122219059179914,1.2572436510917107,-1.07123738356909,2.2279501983684824,0.0,0.0,0.0,0.0,0.0,0.0,9.230458012809933,9.23048704238582,9.230493946612878,8.631222941310604,0.0,0.0,0.0,0.0,0.0,0.0
1.8738243314851633,-45.7427976743691,2.4539617652275436,-3.377324348843407,-45.17653190563345,-2.5662600366985826,-12.82988673231659,0.09327355094393922,-0.12437709939116107,-0.6787313626454317,0.7177423766246669,0.4717613965520872,-0.2569753658344937,2.00668744002688,0.0,0.0,0.0,0.0,0.0,0.0,9.230449667259542,9.230488664013363,9.23049398523026,9.226751576777529,0.0,0.0,0.0,0.0,0.0,0.0
1.886378704250815,-46.310098045983864,2.4190211533521326,-3.5388109514116755,-45.19819323675154,-2.9998768843333163,-12.895566186767711,0.08352971734348365,-0.1315092366291909,-0.6751299515891758,0.7210600914410134,0.47124249397053203,-0.24362766444453837,2.0053238987947677,0.0,0.0,0.0,0.0,0.0,0.0,9.230440903233466,9.230489829123965,9.230493991863309,9.22978514204795,0.0,0.0,0.0,0.0,0.0,0.0
1.898933077016467,-46.877662446915004,2.378642255640896,-3.701103224994739,-45.21861497987215,-3.4326071251489254,-12.958231697516903,0.07382459600534223,-0.13866627961457487,-0.6714023488936747,0.7242516674627384,0.4745746823995998,-0.234284849345878,2.0050832985069214,0.0,0.0,0.0,0.0,0.0,0.0,9.230430112242907,9.230491681991916,9.230494639836678,9.229793086465317,0.0,0.0,0.0,0.0,0.0,0.0
1.9133969074314319,-47.531858602547885,2.3253953670913092,-3.889028619981857,-45.240750223204316,-3.929932840775042,-13.026655548660095,0.06268180759716867,-0.14693243461176678,-0.6669433565790498,0.7277832161918004,0.4782388107248912,-0.2234429521841604,2.0048135617112743,0.0,0.0,0.0,0.0,0.0,0.0,9.230374172467354,9.230491761403663,9.230494277917321,8.884750064578622,0.0,0.0,0.0,0.0,0.0,0.0
1.9278607378463968,-48.186356507641044,2.264999973342847,-4.077919499215918,-45.260649057163,-4.4210041832275735,-13.092118656338327,0.05294636565024243,-0.1563671925208162,-0.6636878538939961,0.7295645386538263,-0.052805191863635165,0.31139309589455366,1.8577837944936437,0.0,0.0,0.0,0.0,0.0,0.0,9.23023479307509,9.230491676829597,9.230493811379741,9.19206392223044,0.0,0.0,0.0,0.0,0.0,0.0
1.9423245682613617,-48.8411614289526,2.1974853642876067,-4.26775108136867,-45.28351374260288,-4.914281144964962,-13.15717486780481,0.04471899641570159,-0.1670581163209693,-0.6618546093861266,0.7294109083124544,-0.11774062783179946,0.3691488435234427,1.8415465554078427,0.0,0.0,0.0,0.0,0.0,0.0,9.229774386238507,9.23049145383423,9.230493221292374,9.22948386948464,0.0,0.0,0.0,0.0,0.0,0.0
1.9567883986763266,-49.49631547551359,2.122848217068883,-4.458531089148099,-45.308945715221846,-5.405875617141119,-13.223326742860348,0.03662232379804143,-0.17784407641466293,-0.6600895495900312,0.7289115696748658,-0.12507540523616134,0.36953380507639483,1.8414237195006147,0.0,0.0,0.0,0.0,0.0,0.0,9.227210757925185,9.230491110907348,9.230492467969682,9.230122847246635,0.0,0.0,0.0,0.0,0.0,0.0
1.9712522290912915,-50.15185481544241,2.041116787841604,-4.650277452666423,-45.33678320708608,-5.895251160799553,-13.29081625364212,0.0285183145351688,-0.1886106006778233,-0.6582267388966955,0.7282515411926334,-0.12753216117106395,0.37277782615592703,1.842663119336443,0.0,0.0,0.0,0.0,0.0,0.0,9.088602418475848,9.230490669662728,9.230491489437364,9.230293540412628,0.0,0.0,0.0,0.0,0.0,0.0
1.9857160595062564,-50.80781061305283,1.9523370651587852,-4.8430103906531015,-45.36668112241406,-6.3804286045375145,-13.359664169630014,0.02091398063606958,-0.20004794402337914,-0.655632532507198,0.7277976420847839,0.08070206208837961,0.590328820929214,1.9029398315741204,0.0,0.0,0.0,0.0,0.0,0.0,8.834401329567681,9.23049015735551,9.230490186383065,9.23036400619913,0.0,0.0,0.0,0.0,0.0,0.0
2.0001798899212213,-51.46422069081212,1.8565857252087339,-5.036743571838458,-45.40019525449505,-6.859028042852804,-13.428801672115625,0.015256722776931912,-0.21411384615264936,-0.6505635997387649,0.7284843828049904,0.6700213203235514,1.2058296774717214,2.071385049965373,0.0,0.0,0.0,0.0,0.0,0.0,9.18172804564137,9.230489588329837,9.230488388638683,9.230400406394407,0.0,0.0,0.0,0.0,0.0,0.0
2.014643720336186,-52.12118759759249,1.7539103927886595,-5.231462020422789,-45.44419829007995,-7.337621234439978,-13.49569059963334,0.011245939115580344,-0.23038355619059478,-0.6434369107802835,0.7299218367304195,0.7183337360219957,1.2954065050775256,2.0920900917212117,0.0,0.0,0.0,0.0,0.0,0.0,9.01548527066367,9.230488945614972,9.230485784856665,9.230422269178746,0.0,0.0,0.0,0.0,0.0,0.0
2.029107550751151,-52.77886003751647,1.6443689180008898,-5.427132111200869,-45.49804967989977,-7.808288345443538,-13.560337788848633,0.00824451898976078,-0.24797279724430266,-0.6350522189759104,0.731539608570333,1.0162512402089088,1.6441568398719788,2.1835244028903738,0.0,0.0,0.0,0.0,0.0,0.0,9.172573728824144,9.230488202677906,9.230481746851982,9.230436151267073,0.0,0.0,0.0,0.0,0.0,0.0
2.043571381166116,-53.43740858969556,1.528053227186182,-5.623715787895132,-45.56566308088748,-8.274131850959767,-13.621990164041632,0.006302205632533385,-0.2669317379815788,-0.6253563537566056,0.7332374514974956,1.0672303806348795,1.756241122667331,2.208136723173969,0.0,0.0,0.0,0.0,0.0,0.0,9.211348207053824,9.230487331798559,9.230474779623176,9.230445302608851,0.0,0.0,0.0,0.0,0.0,0.0
2.058035211581081,-54.097037181349116,1.4050516166371907,-5.821171913293966,-45.64747099956927,-8.732681170314708,-13.681082276624233,0.00468245068052994,-0.2862764222314344,-0.6152237905629345,0.7345226832817136,1.0566146278510269,1.8094352062624115,2.2162554172619173,0.0,0.0,0.0,0.0,0.0,0.0,3.650614585381452,9.230486318336128,9.230460389815407,9.230451140685345,0.0,0.0,0.0,0.0,0.0,0.0
2.072499041996046,-54.757738358518296,1.2760200550689635,-6.019499833775237,-45.719020512326686,-9.104812608880286,-13.740746685919481,0.024932176187712006,-0.33339552194376076,-0.5789245961900726,0.7436881903489886,9.387253158619247,10.567578872573336,4.589944671774016,0.0,0.0,0.0,0.0,0.0,0.0,9.226352314243188,9.230484872471234,9.23041427542885,9.230455028435415,0.0,0.0,0.0,0.0,0.0,0.0
2.0869628724110107,-55.42023968021452,1.1414236256309467,-6.218499856545139,-45.90281463453521,-9.495209039170318,-13.773128652712277,0.06713372898637986,-0.40693514352466753,-0.5135096868663548,0.7524657154258657,8.892360388372822,10.998755787338297,4.591659961734856,0.0,0.0,0.0,0.0,0.0,0.0,9.230047931169466,9.230482200385273,8.966076907676198,9.230456694891775,0.0,0.0,0.0,0.0,0.0,0.0
2.1014267028259757,-56.085950198528515,1.001734534661536,-6.417873949409677,-46.160409891208126,-9.806553231476464,-13.794646226238438,0.10885029665781558,-0.476882146328062,-0.44388947709624943,0.7507976848354454,8.793466907274855,10.99986473410232,4.479354049222974,0.0,0.0,0.0,0.0,0.0,0.0,8.495543629139936,9.230480283428154,8.20711723433525,9.230427128175089,0.0,0.0,0.0,0.0,0.0,0.0
2.1158905332409406,-56.755714046102334,0.8582593908711971,-6.61756351191395,-46.46028818160671,-10.016598921165428,-13.817481987725499,0.153699220428275,-0.5398358836648076,-0.3637687388521814,0.7433882383932842,10.999119297811522,10.999854947685462,4.356632893628247,0.0,0.0,0.0,0.0,0.0,0.0,9.230225546581375,9.230475494312248,8.918683163831881,9.230338617978765,0.0,0.0,0.0,0.0,0.0,0.0
2.1303543636559055,-57.43028059021156,0.712437700814833,-6.817559112103959,-46.821343971638484,-10.127977174628077,-13.837812647555129,0.2013540416956624,-0.5942484380822852,-0.2733965297225194,0.7290951112613974,10.999751330036974,10.999864522663422,4.2240424245918335,0.0,0.0,0.0,0.0,0.0,0.0,9.230377840308226,9.230469140045605,8.927827418288139,9.229825748789315,0.0,0.0,0.0,0.0,0.0,0.0
2.1448181940708704,-58.11024038868152,0.5658441865398447,-7.017906722943316,-47.201852252225095,-10.122797779439411,-13.867982477384084,0.24696591232305531,-0.640335844647299,-0.1798705883553646,0.7047158403604719,10.999892389795578,10.999900247160296,4.095061721706656,0.0,0.0,0.0,0.0,0.0,0.0,9.230277918407108,9.230471715881325,2.1469196697577835,2.226654653065621,0.0,0.0,0.0,0.0,0.0,0.0
2.1592820244858353,-58.79427268596804,0.41997621423359327,-7.21897221992708,-47.38139669294905,-10.035310644255471,-13.93687596517248,0.3044653266879745,-0.6749563124968152,-0.09855644420223898,0.6648469510885174,10.999537752387145,10.999611955307135,-1.897718123320166,0.0,0.0,0.0,0.0,0.0,0.0,9.23045901871738,9.230444384604734,9.229914630171127,9.089910944516987,0.0,0.0,0.0,0.0,0.0,0.0
2.1737458549008,-59.48213876425399,0.2763905286416391,-7.421064202824062,-47.726450895993906,-9.801207291837104,-14.011561430478356,0.3731536830770921,-0.6978695782178087,-0.030375464007421384,0.6105830916349001,10.99943058245862,10.999699321246233,-1.95773358769292,0.0,0.0,0.0,0.0,0.0,0.0,9.23047624372093,9.23033487606588,9.230342436210558,9.085840286124236,0.0,0.0,0.0,0.0,0.0,0.0
2.188209685315765,-60.174611026827854,0.13694191753551177,-7.6244033657026975,-48.014381866201646,-9.465377901058845,-14.108875640761191,0.4373159535547148,-0.7118083929783663,0.0378883539527374,0.5483138162465344,10.998997525768488,10.9997317250519,-2.0192594881027466,0.0,0.0,0.0,0.0,0.0,0.0,9.230482225787876,9.226848867718756,9.2304250064568,9.07799465092278,0.0,0.0,0.0,0.0,0.0,0.0
2.20267351573073,-60.87069949934758,0.002996596231441571,-7.82929424929636,-48.22314226731607,-9.043173329581306,-14.2254767671672,0.49607477027852437,-0.716634643798461,0.10532259158418347,0.4788024240779837,10.98799873157179,10.999736591069508,-2.0826074221907054,0.0,0.0,0.0,0.0,0.0,0.0,9.230484968413446,9.207057707857857,9.230454149601574,9.108847325330684,0.0,0.0,0.0,0.0,0.0,0.0
2.217137346145695,-61.569125973077796,-0.12433215818328498,-8.035984857107449,-48.33510792411865,-8.554060357347787,-14.3568762825372,0.548686314635642,-0.7121551966072536,0.17097614152363277,0.4031692735148996,10.998880137786358,10.916229976183525,-2.124399895012188,0.0,0.0,0.0,0.0,0.0,0.0,9.230486974678861,5.7951207133833975,9.230456013383902,9.230378100397987,0.0,0.0,0.0,0.0,0.0,0.0
2.23160117656066,-62.26831277278975,-0.24457446654937168,-8.24461911061931,-48.33257440123201,-8.068648509670258,-14.49291289099854,0.5840705649889883,-0.7016575667078563,0.22023789013276293,0.34356004707317594,5.85087551995232,5.520611778173215,-0.6630312932882141,0.0,0.0,0.0,0.0,0.0,0.0,9.23048839247035,6.551731296876495,9.23045854072678,9.23043840921434,0.0,0.0,0.0,0.0,0.0,0.0
2.2460650069756247,-62.96701950009314,-0.3576036907238143,-8.455242027305284,-48.27577105396762,-7.559673268699738,-14.631107710868076,0.5977207120008959,-0.6938225679879165,0.2436452104077238,0.3193387011327799,1.7485274578882846,1.4035659472451378,0.4764961665252734,0.0,0.0,0.0,0.0,0.0,0.0,9.230489503550482,9.19978029845599,9.230459484426188,9.230460730451586,0.0,0.0,0.0,0.0,0.0,0.0
2.2605288373905896,-63.664757310055485,-0.4629761883095248,-8.667879106729108,-48.20182300334174,-7.010686179450474,-14.771238776489225,0.6027246997567838,-0.6886335131562045,0.25599500293630584,0.3114054902099181,1.6946487942481365,1.3648710260677908,0.4895350598758375,0.0,0.0,0.0,0.0,0.0,0.0,9.230490427528794,9.09866374033383,9.230459439534714,9.230471877360337,0.0,0.0,0.0,0.0,0.0,0.0
2.2749926678055545,-64.36130636224087,-0.5604149113369491,-8.882531648685237,-48.11162208020213,-6.462735105321104,-14.90981489905518,0.6070631765592002,-0.683518865622316,0.2676496766620395,0.30436805119286364,1.4857948502671106,1.1709369042352002,0.5455939521162074,0.0,0.0,0.0,0.0,0.0,0.0,9.230491201374232,9.024427403624781,9.23045848223825,9.230478456000704,0.0,0.0,0.0,0.0,0.0,0.0
2.2894564982205194,-65.05644581198405,-0.6499369900106945,-9.099177935886301,-48.0073795082403,-5.916111328694124,-15.046929129556835,0.6102981130321803,-0.6787427789549411,0.2779196461085115,0.29934114911385656,1.163653253321445,0.8626606692156796,0.6332355472443324,0.0,0.0,0.0,0.0,0.0,0.0,9.230491859880201,9.12025588409578,9.230456482356553,9.230482759374555,0.0,0.0,0.0,0.0,0.0,0.0
2.3039203286354843,-65.74999552762822,-0.7315481565773305,-9.31779819900676,-47.892233307727224,-5.368917726609985,-15.182768338042807,0.61255548704358,-0.6743240157443182,0.2869066189885168,0.2962220266351529,0.9893873612856281,0.7006551258088555,0.680111757147308,0.0,0.0,0.0,0.0,0.0,0.0,9.230492427484641,9.144054365602225,9.230453233965271,9.230485764385318,0.0,0.0,0.0,0.0,0.0,0.0
2.3183841590504493,-66.44181300530535,-0.8052502260413723,-9.538373553120598,-47.768125123123724,-4.8225144513078595,-15.317277165362437,0.6141996864183866,-0.6701300813217995,0.2950964041427555,0.2942830806777875,0.8523254241508278,0.5745064123385253,0.7168635867387584,0.0,0.0,0.0,0.0,0.0,0.0,9.230492921685377,9.161027021837057,9.23044835562743,9.23048796175409,0.0,0.0,0.0,0.0,0.0,0.0
2.332847989465414,-67.13177950171556,-0.8710568929064949,-9.760884959053914,-47.63650345527327,-4.277200164908488,-15.450483444277912,0.615364464401026,-0.666117825328232,0.3026551485735518,0.293280547896288,0.7419366609607886,0.47377820369925777,0.7463937826069823,0.0,0.0,0.0,0.0,0.0,0.0,9.230493355942171,9.17398984281312,9.230441171814808,9.230489624265148,0.0,0.0,0.0,0.0,0.0,0.0
2.347311819880379,-67.81979505750417,-0.9289853409960613,-9.985313783857311,-47.49853170122553,-3.7331637634402646,-15.582415136360632,0.6161458152429131,-0.6622527195385679,0.3097039199424214,0.29303438671035753,0.6520037019057903,0.39237022631829693,0.7704069730492239,0.0,0.0,0.0,0.0,0.0,0.0,9.230493740639018,9.184418057840086,9.230430478284864,9.230490915071078,0.0,0.0,0.0,0.0,0.0,0.0
2.361775650295344,-68.50577489280379,-0.9790549826963096,-10.211641781531254,-47.35515430235885,-3.1905276490673957,-15.713097773130631,0.6166165753659094,-0.6585057677173507,0.31633664333964634,0.2934029327522236,0.5785724808262832,0.32645062252467016,0.7899797665127478,0.0,0.0,0.0,0.0,0.0,0.0,9.230494083797819,9.19623213877786,9.230414010865553,9.230491937484826,0.0,0.0,0.0,0.0,0.0,0.0
2.376239480710309,-69.18964653490289,-1.0212863612600407,-10.439851080337787,-47.20713008372414,-2.649327963282377,-15.842558225174697,0.6168414786260378,-0.6548478650401152,0.3226422459523755,0.2942496304596721,0.523690004374336,0.27821687996162575,0.8045200534902566,0.0,0.0,0.0,0.0,0.0,0.0,9.230494391728167,9.207494405955767,9.230387154159054,9.230492759907362,0.0,0.0,0.0,0.0,0.0,0.0
2.390703311125274,-69.87134709832293,-1.055700601095669,-10.66992420026014,-47.055024888351525,-2.1096106112520676,-15.970824884223479,0.6168826348400664,-0.6512481891997313,0.32871296820296425,0.29543086404782726,0.48641569023724146,0.24690845596086738,0.8142580895304169,0.0,0.0,0.0,0.0,0.0,0.0,9.23049466971449,9.213817221669057,9.23033932210323,9.230493429267302,0.0,0.0,0.0,0.0,0.0,0.0
2.4051671415402387,-70.55082056344344,-1.0823198709896178,-10.901844096652038,-46.899230073099275,-1.57147515630795,-16.09792961549707,0.6167859359834509,-0.6476829899483483,0.33461895059324703,0.29683667497204697,0.45911325537542247,0.22500087971374225,0.8212861753292734,0.0,0.0,0.0,0.0,0.0,0.0,9.230494922565326,9.212410832279692,9.23024168775085,9.230493978676558,0.0,0.0,0.0,0.0,0.0,0.0
2.4196309719552036,-71.22801575565589,-1.1011680279813492,-11.13559419891792,-46.740041847063466,-1.0350555823406131,-16.223904308400186,0.6165672511949954,-0.6441445521843021,0.3403788841797072,0.29843732315129357,0.42997953510227677,0.20058392603023384,0.8288711405481411,0.0,0.0,0.0,0.0,0.0,0.0,9.230495154641275,9.07132948641532,9.229987817370247,9.230494432050712,0.0,0.0,0.0,0.0,0.0,0.0
2.4340948023701685,-71.90288763389036,-1.1122845115305922,-11.371157274998144,-46.578215798576814,-0.5023616395549643,-16.348593358764415,0.6159316432466212,-0.6408048245242263,0.3454079374571111,0.3011490402701246,0.18589593417331945,-0.04169861257575473,0.8963651623547916,0.0,0.0,0.0,0.0,0.0,0.0,9.230495367527762,9.184375113875074,9.228770407979711,9.230494806908506,0.0,0.0,0.0,0.0,0.0,0.0
2.4485586327851334,-72.57541065994107,-1.1156962315085728,-11.608514536071429,-46.41552937233735,0.030340441159132592,-16.471952576797815,0.6148448473036738,-0.6376806615092477,0.34958315984819843,0.30515701209672225,0.11850062291058953,-0.11370387013124289,0.9152509828386185,0.0,0.0,0.0,0.0,0.0,0.0,9.230495556187895,9.228016488720348,9.107836753627476,9.230495115790296,0.0,0.0,0.0,0.0,0.0,0.0
2.4630224632000983,-73.24558116807164,-1.111422347218908,-11.847642977589237,-46.2529488199095,0.560384505655421,-16.593326361684216,0.614371119319157,-0.6340149140526241,0.35321740612042574,0.30953300392515176,0.30474348752878966,-0.3037828013063274,0.8641255217346488,0.0,0.0,0.0,0.0,0.0,0.0,9.230495713279772,9.229881230929486,9.228978546171884,9.230495365850151,0.0,0.0,0.0,0.0,0.0,0.0
2.4774862936150632,-73.9133992576031,-1.0994798922933708,-12.088505102477509,-46.09020770545363,1.090724193505191,-16.71151054139275,0.6146055015630302,-0.6297489513690041,0.35650569873026183,0.31397455704394894,0.30878757495297937,-0.30436918677104735,0.8637413657224363,0.0,0.0,0.0,0.0,0.0,0.0,9.23049583266637,9.230268904271055,9.230177481779275,9.230495556518909,0.0,0.0,0.0,0.0,0.0,0.0
2.491950124030028,-74.57886205768276,-1.0798772348083812,-12.331050426884495,-45.92725823424335,1.619603152018139,-16.826073749207428,0.6148242563402926,-0.6254390554060325,0.3597862465970441,0.31838809423096703,0.31158089828024393,-0.3024927427211518,0.8637023564998707,0.0,0.0,0.0,0.0,0.0,0.0,9.230496130189277,9.23027701682187,9.230197404370367,9.230495914198082,0.0,0.0,0.0,0.0,0.0,0.0
2.5075524775249733,-75.29406218505929,-1.0501678251186755,-12.594514758859502,-45.75117514422569,2.1884273707975934,-16.945612463103448,0.6150351255001186,-0.6207468436250911,0.3633218104206411,0.3231136218162394,0.31455579316415516,-0.3003962036348388,0.8636657238062857,0.0,0.0,0.0,0.0,0.0,0.0,9.230495986212535,9.229802457679654,9.229156308161274,9.230495793206936,0.0,0.0,0.0,0.0,0.0,0.0
2.5231548310199186,-76.00651201422134,-1.0115974105891705,-12.859811593138751,-45.57469595808183,2.7554539672675626,-17.06097719843804,0.6152256253640749,-0.6160054233268007,0.3668486727193892,0.32780603968105076,0.31845963691572315,-0.30077560455746993,0.8633691219081101,0.0,0.0,0.0,0.0,0.0,0.0,9.230495797001701,9.226535887935391,9.095369202288033,9.230495629254511,0.0,0.0,0.0,0.0,0.0,0.0
2.5387571845148638,-76.71620514793949,-0.9642106594094617,-13.12687368816141,-45.39774119937434,3.318555490052722,-17.171669880531102,0.6163208554209465,-0.6104839845229852,0.3699523393411671,0.3325555208234112,0.5392802686883437,-0.527057158519554,0.8031776038645405,0.0,0.0,0.0,0.0,0.0,0.0,9.230495568718885,9.112868305710034,9.017201936773748,9.23049543867049,0.0,0.0,0.0,0.0,0.0,0.0
2.554359538009809,-77.42313139313487,-0.9080754864446586,-13.395611044505737,-45.22004925449411,3.8768774077770045,-17.275096003436275,0.6195301398397465,-0.6031383235047496,0.3714297465453241,0.33829944122227057,0.7043861822871186,-1.069395101488218,0.7592769410768111,0.0,0.0,0.0,0.0,0.0,0.0,9.230495309100853,9.113517976420832,9.214553998370198,9.230495231271801,0.0,0.0,0.0,0.0,0.0,0.0
2.569961891504754,-78.12728221655796,-0.843219294061707,-13.665879609300701,-45.04222555936589,4.436447986703981,-17.36745432972088,0.6237753643041152,-0.5946985247079802,0.3710462564620424,0.34577830348783367,0.5472477785084209,-1.2840195998771249,0.8056416033080068,0.0,0.0,0.0,0.0,0.0,0.0,9.230495021016402,9.200846108706136,9.200478155014572,9.230495005556959,0.0,0.0,0.0,0.0,0.0,0.0
2.5855642449996994,-78.82866900179893,-0.7696388977509341,-13.937491164524571,-44.86592141545495,4.995158665716418,-17.447101237418547,0.6279708022904894,-0.5860344562680094,0.36976878620630915,0.35424191209512523,0.5595664960732754,-1.3778909705713356,0.8054727449324405,0.0,0.0,0.0,0.0,0.0,0.0,9.230494700012224,9.201918440119982,9.151041140115309,9.230494758092762,0.0,0.0,0.0,0.0,0.0,0.0
2.6011665984946446,-79.52732084924232,-0.6873646195311951,-14.210240743470502,-44.691641942599944,5.550819573972733,-17.51312815044238,0.6327218130229993,-0.5766621039126506,0.36786846862385214,0.36303817296293506,0.6564570789639046,-1.551399060417386,0.7821255474810225,0.0,0.0,0.0,0.0,0.0,0.0,9.230494338891578,9.19143952863403,9.139345065611694,9.230494487225075,0.0,0.0,0.0,0.0,0.0,0.0
2.61676895198959,-80.22326838711525,-0.5964440965427988,-14.483904113186886,-44.519241865871535,6.103397180113101,-17.563927030086614,0.638398223431489,-0.5662064857955629,0.3651174174721488,0.37221928378447355,0.7565942101529284,-1.760931505815241,0.7582198441618409,0.0,0.0,0.0,0.0,0.0,0.0,9.230493930247832,9.175085695913587,9.133647022349674,9.230494190797495,0.0,0.0,0.0,0.0,0.0,0.0
2.632371305484535,-80.91654006714683,-0.4969299485752726,-14.758228642796016,-44.348636684541816,6.652282426835404,-17.597533098918127,0.6450249549011934,-0.5545454467171197,0.36131031455623064,0.3819384920053244,0.8405696811667098,-2.006368265452781,0.739204056864256,0.0,0.0,0.0,0.0,0.0,0.0,9.230493466565354,9.133391030770653,9.15264882874663,9.230493865184595,0.0,0.0,0.0,0.0,0.0,0.0
2.6479736589794802,-81.60716501559982,-0.38888588018801556,-15.032929710761138,-44.18006403095437,7.196661996496058,-17.611844357389796,0.6523540116137175,-0.5417592563193192,0.3561374052618566,0.3925522898891053,0.8261463389958033,-2.289118871639646,0.7480415036570133,0.0,0.0,0.0,0.0,0.0,0.0,9.230492938712242,9.168054574888936,9.08468011157056,9.230493506880029,0.0,0.0,0.0,0.0,0.0,0.0
2.6635760124744254,-82.29518040362265,-0.27239113152276395,-15.307689817887718,-44.01419671302184,7.735331967888369,-17.604678611861956,0.6606281549196059,-0.5274798604984964,0.3494033798228243,0.4040454378710287,0.9836774267059649,-2.626553096281789,0.7097818276455428,0.0,0.0,0.0,0.0,0.0,0.0,9.230492333998097,9.169673777225203,8.984880746024107,9.230493114786977,0.0,0.0,0.0,0.0,0.0,0.0
2.6791783659693706,-82.98062899074378,-0.1475538037610935,-15.582152866196186,-43.85093708573069,8.265734952080184,-17.57312421149226,0.6708814043589216,-0.5105210740670699,0.34084331552194197,0.41606755278778523,1.3104136841653977,-3.1253244499005333,0.6249820037026662,0.0,0.0,0.0,0.0,0.0,0.0,9.230491640228841,8.989003872157138,9.202409467776242,9.230492685608873,0.0,0.0,0.0,0.0,0.0,0.0
2.694780719464316,-83.66354796574734,-0.014503999232716329,-15.855903291363953,-43.69018652796637,8.78766167126144,-17.51278822658906,0.6818901631250324,-0.4916847831857361,0.3296005034632682,0.42969220092255905,0.9819083481050511,-3.5630289490346145,0.7229127640272949,0.0,0.0,0.0,0.0,0.0,0.0,9.230490844305022,9.22196973658808,9.20748811824062,9.230492214158371,0.0,0.0,0.0,0.0,0.0,0.0
2.710383072959261,-84.34399441029734,0.12663144363412485,-16.128465731621297,-43.534281710472825,9.301832785900862,-17.42067755518163,0.6922622441914151,-0.47224155578613647,0.31652680283441303,0.4444903613613906,1.0340520228396435,-3.6072779057824054,0.716267882977301,0.0,0.0,0.0,0.0,0.0,0.0,9.230489926369422,9.226466765324654,7.677711553920502,9.230491716632676,0.0,0.0,0.0,0.0,0.0,0.0
2.7259854264542063,-85.02204465216842,0.2755079395382901,-16.399401497092263,-43.381979495412764,9.778704024047636,-17.302364706868463,0.7110160823726347,-0.44137043019454125,0.29930166000290703,0.4583304378686414,3.6146769196207598,-6.176098921698844,0.005556166708300528,0.0,0.0,0.0,0.0,0.0,0.0,9.230488893626111,8.21426335753342,9.22723525216775,9.230491191310714,0.0,0.0,0.0,0.0,0.0,0.0
2.7415877799491515,-85.6976998540231,0.4316902992969463,-16.66807938412593,-43.22787126376689,10.236100802367902,-17.128803059210092,0.7349507043323799,-0.3996100746919986,0.2705461958206534,0.47640739533824045,1.9572836475893327,-7.856686954714011,0.47040267934996466,0.0,0.0,0.0,0.0,0.0,0.0,9.230487741457617,9.223823868417675,9.229968339967556,9.230490508161413,0.0,0.0,0.0,0.0,0.0,0.0
2.7571901334440967,-86.37100773295512,0.5948252893456093,-16.93353153694172,-43.082669129225906,10.668252090308536,-16.888820818347572,0.7544425762440798,-0.3573292282001114,0.23377957878025932,0.49847701087355384,1.9876097417102385,-7.8584150448842305,0.4732236024161856,0.0,0.0,0.0,0.0,0.0,0.0,9.23048631090998,9.22982954179135,9.230343669661016,9.230489480698505,0.0,0.0,0.0,0.0,0.0,0.0
2.772792486939042,-87.04214341367643,0.7643458334962832,-17.19480549067639,-42.94927626553248,11.053460848140483,-16.594195935466075,0.7709944917871926,-0.3134208000373402,0.196238327778665,0.5184837648841047,2.0273663366394414,-7.849365132281465,0.4734609865610457,0.0,0.0,0.0,0.0,0.0,0.0,9.23048432102669,9.23029404236484,9.230431359120368,9.230487861804482,0.0,0.0,0.0,0.0,0.0,0.0
2.788394840433987,-87.71128341988977,0.9394659550113188,-17.45109729737426,-42.82666238383847,11.385000286979357,-16.2513027346535,0.7845357730569847,-0.2680528475649557,0.1581298819497761,0.5363266095773617,2.0677103545694044,-7.839185012759853,0.47352562506184837,0.0,0.0,0.0,0.0,0.0,0.0,9.230481346227192,9.230406009224094,9.230461839810696,9.230485247534482,0.0,0.0,0.0,0.0,0.0,0.0
2.8039971939289323,-88.37858661682837,1.1193019750397004,-17.70170839950538,-42.713607194706,11.65708705110991,-15.867253002782778,0.7950005836794932,-0.22140581315037944,0.1196195874864943,0.551946276499847,2.1081399359997977,-7.828550006574121,0.47355303559489076,0.0,0.0,0.0,0.0,0.0,0.0,9.23047664516971,9.230446753073558,9.230475307704532,9.230480861345244,0.0,0.0,0.0,0.0,0.0,0.0
2.8195995474238775,-89.04419165285498,1.30288740594208,-17.946056491702265,-42.608743638106276,11.86490364407583,-15.44981633028221,0.8023350566511502,-0.17366625279046125,0.08087019268535917,0.5652950569794044,2.1485611750933624,-7.817600680785926,0.47356807388040517,0.0,0.0,0.0,0.0,0.0,0.0,9.230468737805605,9.230465357406748,9.230482220660743,9.230473006126259,0.0,0.0,0.0,0.0,0.0,0.0
2.8352019009188227,-89.7082148587321,1.4891886173835254,-18.18368482595797,-42.51058196468927,12.004672366487366,-15.00729601971596,0.8064977553908013,-0.12502598281343028,0.04204372961941141,0.5763351446604875,2.188945555035542,-7.8063737824043695,0.473577771006804,0.0,0.0,0.0,0.0,0.0,0.0,9.230454242748085,9.230475159063115,9.230486127817649,9.230457403899491,0.0,0.0,0.0,0.0,0.0,0.0
2.850804254413768,-90.37074852292373,1.6771215529001107,-18.414269503608786,-42.41753422957741,12.073715713454316,-14.54839519313768,0.8074599096688582,-0.07568135547164233,0.003301382267651128,0.5850383983865136,2.2292797510632223,-7.794865448210277,0.4735842551181959,0.0,0.0,0.0,0.0,0.0,0.0,9.23042404431754,9.230480846527975,9.230488474107265,9.230420946480873,0.0,0.0,0.0,0.0,0.0,0.0
2.866406607908713,-91.03185955862725,1.8655692564780835,-18.637624625410073,-42.327940015179244,12.07049966922888,-14.082076435172867,0.8052056172060535,-0.025832607762029457,-0.03519690653256102,0.5913863104321655,2.269549099132092,-7.7830249535539995,0.47358633378424536,0.0,0.0,0.0,0.0,0.0,0.0,9.230346974316943,9.230484379876263,9.230489935542137,9.230309287114485,0.0,0.0,0.0,0.0,0.0,0.0
2.8820089614036584,-91.69158858025077,2.053399936341172,-18.85370522076924,-42.240093145392535,11.994659284188447,-13.617417797393927,0.7997321142138037,0.02431640131341467,-0.07329260545788746,0.595370012771452,2.3097014870312607,-7.770656042021195,0.4735715888550667,0.0,0.0,0.0,0.0,0.0,0.0,9.230066332670368,9.230486692596372,9.230490874140205,9.229724298534657,0.0,0.0,0.0,0.0,0.0,0.0
2.8976113148986036,-92.3499493995091,2.2394853067375404,-19.062607955436558,-42.152268831598285,11.847009475517257,-13.16347210447104,0.7910509433217422,0.07455525617647435,-0.11082701416221713,0.5969901940385035,2.3492770707906483,-7.756645205309582,0.4734165507501337,0.0,0.0,0.0,0.0,0.0,0.0,9.227921264460727,9.230488284014566,9.230491521787059,8.83556319586573,0.0,0.0,0.0,0.0,0.0,0.0
2.913213668393549,-93.0069275395583,2.4227373940380397,-19.26461399164205,-42.06293244697251,11.632578717601671,-12.734579016811082,0.7802550413988049,0.12124166170779271,-0.1471166131143764,0.5957006227828181,1.73115716076279,-7.090187985587219,0.2933677635165412,0.0,0.0,0.0,0.0,0.0,0.0,9.107548424405907,9.23048946143154,9.230492053066968,7.939743198548519,0.0,0.0,0.0,0.0,0.0,0.0
2.928816021888494,-93.66251023857001,2.6022259856747834,-19.460225699739272,-41.974506135657116,11.367698975378747,-12.343846731509895,0.7718274871301242,0.1532969313871266,-0.17939244979117816,0.5904241948765387,-0.19863950059145166,-4.749546230591957,-0.24252839858519865,0.0,0.0,0.0,0.0,0.0,0.0,8.418863089331992,9.230490434956563,9.230492562598062,9.224983938192507,0.0,0.0,0.0,0.0,0.0,0.0
2.944418375383439,-94.31678160549835,2.777243675360286,-19.649842745962186,-41.89457473603279,11.062053673860133,-11.965488923546996,0.7654071196486821,0.17483928368354812,-0.20163094909686569,0.5856006544040315,1.1323736142851133,-3.3971290110843073,0.12739559082014898,0.0,0.0,0.0,0.0,0.0,0.0,9.217617501064003,9.230491308397646,9.23049303800929,9.216551937021643,0.0,0.0,0.0,0.0,0.0,0.0
2.9600207288783844,-94.96982458258773,2.9472239899275916,-19.83361487541908,-41.815812347400374,10.7226686541907,-11.59446049730967,0.7576774712203547,0.19675343784014734,-0.21669224681822621,0.5833158702384853,1.1352930926879996,-3.351179002282932,0.1269074049128507,0.0,0.0,0.0,0.0,0.0,0.0,9.218083614528192,9.230492081334956,9.230493468377391,8.896762525646052,0.0,0.0,0.0,0.0,0.0,0.0
2.9756230823733296,-95.62161558999885,3.111734665847613,-20.011770221807335,-41.73433752570531,10.36158108430028,-11.245405554722396,0.750691461481127,0.21569736784931867,-0.2308500371513558,0.580211371406521,0.605399924432975,-2.7777830884701222,-0.02054387664577913,0.0,0.0,0.0,0.0,0.0,0.0,9.192855070567479,9.23049274956719,9.23049386311199,9.105738161659396,0.0,0.0,0.0,0.0,0.0,0.0
2.991225435868275,-96.27213522941959,3.2704392046817348,-20.184591994723625,-41.65317001398005,9.979118011887927,-10.910537527579176,0.7450531256347197,0.2308085634332121,-0.24379778395240836,0.5763556953546426,0.4600696362583597,-2.509272193962673,-0.06052068353552263,0.0,0.0,0.0,0.0,0.0,0.0,9.08305009653773,9.230493327776484,9.230494223870462,9.174366422314446,0.0,0.0,0.0,0.0,0.0,0.0
3.00682778936322,-96.92139420758647,3.423047769576034,-20.35231439988951,-41.572624842588006,9.58060631568525,-10.591561951606797,0.7396819770185205,0.24447591108472486,-0.25488581934527976,0.5728309705925146,0.610161182133032,-2.1726121481298404,-0.01861587248249606,0.0,0.0,0.0,0.0,0.0,0.0,9.192224187897672,9.23049383399918,9.230494550875717,9.1032761274735,0.0,0.0,0.0,0.0,0.0,0.0
3.0224301428581652,-97.56939441705003,3.5693237939306495,-20.515168871746983,-41.491705604431026,9.167787259060885,-10.28632300639524,0.7346869441557403,0.2567123859127758,-0.26412654389650875,0.5697113425370492,0.46210416701335477,-1.8989723691284959,-0.059433163555041316,0.0,0.0,0.0,0.0,0.0,0.0,9.188888312320518,9.230494278640299,9.230494848551096,9.14608998851897,0.0,0.0,0.0,0.0,0.0,0.0
3.0380324963531105,-98.21612997250068,3.709062637994553,-20.6733597590278,-41.41059175069626,8.742986913132274,-9.993561606009196,0.7303673282683472,0.2672473970620248,-0.2723533398319013,0.5665386596200989,0.3899233208395472,-1.6907605788575213,-0.07907274252542819,0.0,0.0,0.0,0.0,0.0,0.0,9.182090202176667,9.230494670333313,9.230495120279844,9.16947093152682,0.0,0.0,0.0,0.0,0.0,0.0
3.0536348498480557,-98.8615999661823,3.8420942240818925,-20.827075285310272,-41.329482594637064,8.308279721846706,-9.712481282491286,0.7264792493079085,0.276630548573312,-0.2796042521393953,0.5634934800923755,0.3676074503205926,-1.5100082971860251,-0.08486342785785264,0.0,0.0,0.0,0.0,0.0,0.0,9.19241699807414,9.230495017388078,9.230495368406086,9.172009158831527,0.0,0.0,0.0,0.0,0.0,0.0
3.069237203343001,-99.50580399938637,3.9682759778835104,-20.9764905972712,-41.24830013707411,7.865158439249146,-9.442183285063171,0.7229496189914796,0.28507860167884136,-0.28595944698486164,0.5606257521243769,0.3324369187263747,-1.3505481519702696,-0.09422827624680086,0.0,0.0,0.0,0.0,0.0,0.0,9.19929675915761,9.230495326545729,9.230495595434096,9.179050766995994,0.0,0.0,0.0,0.0,0.0,0.0
3.084839556837946,-100.14874065247369,4.087486441396085,-21.121766899335427,-41.16702627773573,7.41485039157535,-9.18177836959823,0.7197823001080468,0.29266883504168845,-0.29157857061998277,0.5578891741212751,0.2975482034611438,-1.2141231429823967,-0.10351889187239088,0.0,0.0,0.0,0.0,0.0,0.0,9.202770615835515,9.230495603223893,9.230495803727035,9.187474421440962,0.0,0.0,0.0,0.0,0.0,0.0
3.1004419103328913,-100.79040872489836,4.199622084160492,-21.263052384032058,-41.0856912363388,6.9584267017875066,-8.930491599571207,0.7169389733364828,0.2995255344388231,-0.2965740910213598,0.5552717994507029,0.27088426913365776,-1.0973784797318153,-0.11053811257093034,0.0,0.0,0.0,0.0,0.0,0.0,9.206066672951566,9.230495851945157,9.230495995301762,9.193692043835652,0.0,0.0,0.0,0.0,0.0,0.0
3.1160442638278365,-101.43080740649938,4.304594733010582,-21.400483872370263,-41.00431003147116,6.496789979733788,-8.687639180477303,0.7143748188398151,0.3057660906231289,-0.3010272854674203,0.5527732712756165,0.249109724024513,-0.9963668549857133,-0.11621667436901542,0.0,0.0,0.0,0.0,0.0,0.0,9.210051792094989,9.230496076489173,9.230496171927706,9.198078491019723,0.0,0.0,0.0,0.0,0.0,0.0
3.1316466173227817,-102.06993603208836,4.402329063796902,-21.534188031986215,-40.922890569953665,6.030690346827745,-8.452601531791355,0.7120599534590817,0.31147464710022754,-0.30501540209249295,0.550381478049538,0.22805769843730916,-0.9091965486790947,-0.12171109162818954,0.0,0.0,0.0,0.0,0.0,0.0,9.213940741650648,9.230496280017954,9.230496335198358,9.200874325889437,0.0,0.0,0.0,0.0,0.0,0.0
3.147248970817727,-102.70779416606737,4.492760625634099,-21.664282444388515,-40.84145835622996,5.560776026256878,-8.224831682955946,0.7099783336575726,0.31670745095912095,-0.30861346959143104,0.5480737930521139,0.2052481661005986,-0.8330732297702718,-0.12770714976566525,0.0,0.0,0.0,0.0,0.0,0.0,9.216167284185316,9.230496465252699,9.230496486515113,9.203100634087392,0.0,0.0,0.0,0.0,0.0,0.0
3.162851324312672,-103.34438200682077,4.575834460003069,-21.79087663198636,-40.76006854544124,5.087619617567598,-8.00384067794436,0.7081203710684241,0.3215041413947567,-0.3118786735511146,0.5458317690716938,0.18248463425180522,-0.7642999452690249,-0.13370333100328013,0.0,0.0,0.0,0.0,0.0,0.0,9.21440489436752,9.230496634619648,9.230496627026923,9.207774632927109,0.0,0.0,0.0,0.0,0.0,0.0
3.1784536778076173,-103.97970070968043,4.651503965046005,-21.914072739802585,-40.67877852031048,4.611721351236308,-7.789169922620567,0.7064592230996612,0.32592049222439634,-0.314827951222547,0.5436676925978257,0.1704310017876862,-0.7003284564546436,-0.1367459133921502,0.0,0.0,0.0,0.0,0.0,0.0,9.193095775568821,9.23049679023461,9.230496757624888,9.213941550962353,0.0,0.0,0.0,0.0,0.0,0.0
3.1940560313025625,-104.61375144092639,4.7197315392354176,-22.033967071561076,-40.59749401839197,4.133742278673109,-7.580514012808417,0.7049216494611255,0.33005286165266823,-0.3173083519519304,0.5417250099611801,0.2039823314323247,-0.6113069085612793,-0.1271799531633948,0.0,0.0,0.0,0.0,0.0,0.0,9.17751571707517,9.230496933437854,9.23049687908402,9.216121001242978,0.0,0.0,0.0,0.0,0.0,0.0
3.2096583847975078,-105.24653143603764,4.780488024267724,-22.150648948916803,-40.51578740670601,3.6541116831486167,-7.377269888729519,0.7034310923677983,0.3339856742156525,-0.3190609065315059,0.5402207008549893,0.2671495783227514,-0.500142404442866,-0.10946429309541728,0.0,0.0,0.0,0.0,0.0,0.0,9.226532901304642,9.230497063795472,9.230496992250208,9.213544480255344,0.0,0.0,0.0,0.0,0.0,0.0
3.225260738292453,-105.87803002112655,4.833745277872383,-22.264193569782815,-40.433183437568964,3.1725076307389375,-7.178281347967826,0.7020288388600628,0.3377033144755109,-0.3203359844734402,0.5389775856679738,0.24506245749271702,-0.46584222619322785,-0.11542461817855955,0.0,0.0,0.0,0.0,0.0,0.0,9.229597645762437,9.230497179248925,9.23049709806968,9.214498935835165,0.0,0.0,0.0,0.0,0.0,0.0
3.240863091787398,-106.50823207506906,4.87947904560763,-22.374667406240818,-40.3496166537278,2.689745387829983,-6.983598395850424,0.7007814275523826,0.3411702973877466,-0.3215189030820327,0.5377116457162963,0.21948929918215698,-0.43818001635715437,-0.12235334394886054,0.0,0.0,0.0,0.0,0.0,0.0,9.230173609150837,9.230497278014413,9.230497197391728,9.218105303737607,0.0,0.0,0.0,0.0,0.0,0.0
3.2564654452823434,-107.13712386231434,4.917672905773902,-22.48213584056933,-40.265252973958575,2.2060295639454597,-6.792998652100063,0.6996712933340556,0.34441991784622167,-0.32264461086449114,0.5364097841717216,0.1989333352518159,-0.41742308498654984,-0.12789143880315004,0.0,0.0,0.0,0.0,0.0,0.0,9.230348179554957,9.230497359050412,9.230497290891918,9.220896161496896,0.0,0.0,0.0,0.0,0.0,0.0
3.2720677987772886,-107.76469412627291,4.948313434250457,-22.58666125610256,-40.18023828213125,1.7215397282088365,-6.606319968637356,0.6986674508752938,0.3475001039640108,-0.32372952505291563,0.5350763173991485,0.1827098881653688,-0.4015584909884206,-0.13222893263889646,0.0,0.0,0.0,0.0,0.0,0.0,9.230417408913576,9.230497421743834,9.230497379183713,9.222155530717501,0.0,0.0,0.0,0.0,0.0,0.0
3.287670152272234,-108.39093366437714,4.971389770087027,-22.68830384642836,-40.09469145611017,1.236427424551175,-6.423440760031598,0.6977501366662299,0.3504413404358743,-0.32478232227724124,0.5337153331430224,0.16845938337978666,-0.38787848299507605,-0.13602026817376042,0.0,0.0,0.0,0.0,0.0,0.0,9.230450041198,9.230497465597324,9.230497462910392,9.220673970482862,0.0,0.0,0.0,0.0,0.0,0.0
3.303272505767179,-109.01583500383144,4.986893388835645,-22.78712212607813,-40.008719138388024,0.7508445297378171,-6.244262215583817,0.6969217947518378,0.35324251093988956,-0.32580341652635886,0.5323268490734909,0.15170766231985314,-0.3717849723387394,-0.14050643737998542,0.0,0.0,0.0,0.0,0.0,0.0,9.230467372835129,9.230497489983932,9.230497542705136,9.188032978267355,0.0,0.0,0.0,0.0,0.0,0.0
3.318874859262124,-109.63939236511354,4.994821287933558,-22.883174516384766,-39.922463194196844,0.2653759769497115,-6.068829570963831,0.696366243606769,0.35565360457689743,-0.32673534521943076,0.530875298446629,0.08093247579575368,-0.3016510044029054,-0.15997924919808862,0.0,0.0,0.0,0.0,0.0,0.0,9.230477391014272,9.230497493993854,9.230497618572972,9.055770174754258,0.0,0.0,0.0,0.0,0.0,0.0
3.3344772127570694,-110.26160441109184,4.995189239569928,-22.976520730351012,-39.836470879537465,-0.21804669019439357,-5.897103225242142,0.6969704378894106,0.35646683577958393,-0.32729603003904256,0.52918891940234,-0.2085091366008774,-0.012304281080503115,-0.24015106691806276,0.0,0.0,0.0,0.0,0.0,0.0,9.230483579609922,9.230497476252664,9.230497687239147,9.229165863025177,0.0,0.0,0.0,0.0,0.0,0.0
3.3500795662520146,-110.88248920720532,4.988008020486729,-23.067184258153706,-39.75249115663487,-0.7021683532354787,-5.724732943565698,0.6985159774350133,0.35598503487581457,-0.32755104334800167,0.5273143258191538,-0.21071881376382656,-0.00952679534977668,-0.24075566068499363,0.0,0.0,0.0,0.0,0.0,0.0,9.230487666422524,9.230497434359746,9.23049774006421,9.23023511912941,0.0,0.0,0.0,0.0,0.0,0.0
3.36568191974696,-111.50208032099967,4.973288049641704,-23.15516109444203,-39.67063901260357,-1.184405279659771,-5.552704259506025,0.7000671672643078,0.3554869308123311,-0.3277981675779583,0.5254363564435651,-0.21116098909868433,-0.008521235036029626,-0.24087141252123628,0.0,0.0,0.0,0.0,0.0,0.0,9.230490839656701,9.230497576097545,9.230497959629744,9.230243285167218,0.0,0.0,0.0,0.0,0.0,0.0
3.3830030933882598,-112.18845311446488,4.948152170045213,-23.249689266753972,-39.58225389125775,-1.7175315991006184,-5.362117151000945,0.7017890709404921,0.35492411701058707,-0.3280654632043119,0.5233488539447435,-0.21163978755125917,-0.007423412195806847,-0.24099733284682995,0.0,0.0,0.0,0.0,0.0,0.0,9.23049198768827,9.230497342102579,9.2304978786115,9.228597269857831,0.0,0.0,0.0,0.0,0.0,0.0
3.4003242670295597,-112.87331753845187,4.913802592311484,-23.340919824817036,-39.49647454368756,-2.2482668711089064,-5.1719377709432495,0.7035215433112263,0.35433618363719727,-0.32832167110653415,0.5212563547279107,-0.2151374191425211,-0.003297012935932497,-0.24196231648147998,0.0,0.0,0.0,0.0,0.0,0.0,9.2304930267195,9.230497033557818,9.230497775606004,9.00987959448093,0.0,0.0,0.0,0.0,0.0,0.0
3.4176454406708596,-113.55671805220388,4.870310582399146,-23.428873674509134,-39.41348739590154,-2.7729020135401794,-4.983397537335951,0.7067099595144495,0.35173384594659374,-0.32806785244676234,0.5188601149921549,-0.6196779852780889,0.40358284442726644,-0.35435263160683184,0.0,0.0,0.0,0.0,0.0,0.0,9.230493884166988,9.230496629793361,9.230497659034228,9.213031599502479,0.0,0.0,0.0,0.0,0.0,0.0
3.4349666143121595,-114.23872756153385,4.817747526247132,-23.51351946227685,-39.33614212469054,-3.2953566043107885,-4.789573059314984,0.7114334445669586,0.3469668398238191,-0.3272419534331059,0.5161290244963457,-0.6499295729087392,0.43843830991760036,-0.3632482032888319,0.0,0.0,0.0,0.0,0.0,0.0,9.230494571846062,9.230496098354637,9.230497529008218,9.208828209275776,0.0,0.0,0.0,0.0,0.0,0.0
3.4522877879534595,-114.91944873696305,4.756186805025086,-23.594770563872476,-39.26475861586753,-3.8117570134316225,-4.591367308303146,0.7163735808114812,0.34182546411857606,-0.3262804102796397,0.5133277107883483,-0.6876809463177599,0.4812426246184334,-0.3742853223375424,0.0,0.0,0.0,0.0,0.0,0.0,9.230495112207329,9.230495389679723,9.230497382273041,9.195602567812195,0.0,0.0,0.0,0.0,0.0,0.0
3.4696089615947594,-115.59898642844355,4.685738159301993,-23.672548352880863,-39.19953733575337,-4.3215146977236545,-4.388437486127808,0.7216344880769608,0.33614912007206377,-0.3251342792336072,0.5104264248252854,-0.749395242162994,0.5486909950341945,-0.39206018428460315,0.0,0.0,0.0,0.0,0.0,0.0,9.230495529768636,9.230494427117144,9.23049721520258,9.188501171380947,0.0,0.0,0.0,0.0,0.0,0.0
3.4869301352360593,-116.27745031634765,4.606521259691685,-23.74676534174996,-39.140837544635076,-4.82406483049021,-4.180099480737426,0.72733326380528,0.32974896718967883,-0.32374283652199537,0.5073879361991096,-0.82367315725711,0.6296863430072047,-0.413452633716253,0.0,0.0,0.0,0.0,0.0,0.0,9.230495846891428,9.230493087364065,9.230497023335312,9.182748855302679,0.0,0.0,0.0,0.0,0.0,0.0
3.5042513088773593,-116.95495699528732,4.518667665090765,-23.81732131298346,-39.08908756306022,-5.318606647537679,-3.9655813930335637,0.733532987196078,0.3225020714940287,-0.3220584818859184,0.5041826105912386,-0.9079112566040144,0.7218739045780841,-0.43777515596675376,0.0,0.0,0.0,0.0,0.0,0.0,9.230496081508987,9.230491163425913,9.230496800796095,9.174085563554826,0.0,0.0,0.0,0.0,0.0,0.0
3.521572482518659,-117.63163079037282,4.422324663484801,-23.88410223395318,-39.04475127256408,-5.804120004887954,-3.744059355252758,0.7402997866177328,0.31426933261520956,-0.3200247896809056,0.5007745465786196,-1.0072996994568908,0.8307559310882618,-0.46651041275533905,0.0,0.0,0.0,0.0,0.0,0.0,9.230496247096315,9.2304882894616,9.230496539790794,9.163222172392448,0.0,0.0,0.0,0.0,0.0,0.0
3.538893656159959,-118.30760455758531,4.3176588697011065,-23.94697874674676,-39.00835268674606,-6.279382615735809,-3.5145821486203737,0.7477221080418113,0.30486235554085794,-0.317565651886345,0.4971143229294347,-1.1256536973307112,0.9605955477343378,-0.5007787369941299,0.0,0.0,0.0,0.0,0.0,0.0,9.230496353357488,9.230483776131933,9.230496229833099,9.149762472940544,0.0,0.0,0.0,0.0,0.0,0.0
3.556214829801259,-118.98302080909482,4.204860426460299,-24.00580382086615,-38.98048384584053,-6.742888042301884,-3.276056827531261,0.7559040078326366,0.29404520845832477,-0.3145831048272275,0.49313691454049496,-1.267429478469561,1.116465734604073,-0.5419019678387617,0.0,0.0,0.0,0.0,0.0,0.0,9.230496406996926,9.230476215409567,9.23049585651801,9.132792577985832,0.0,0.0,0.0,0.0,0.0,0.0
3.573536003442559,-119.65803291989988,4.084148665628301,-24.060410170283006,-38.961807536802056,-7.19275627655231,-3.027234001205724,0.7649664708187901,0.2815210190597747,-0.3109499547086089,0.48875591046789935,-1.4386363452011237,1.3052359485933664,-0.5916668143290907,0.0,0.0,0.0,0.0,0.0,0.0,9.230496412449984,9.23046241524958,9.230495399591726,9.111273094153459,0.0,0.0,0.0,0.0,0.0,0.0
3.590857177083859,-120.33280635931227,3.955779512977897,-24.110607384293246,-38.953057080944575,-7.626619939313144,-2.766689739792189,0.7750489883437798,0.26691213975537903,-0.30649882428076003,0.4838547778342178,-1.6470064123242512,1.5358577151894028,-0.6523878869993371,0.0,0.0,0.0,0.0,0.0,0.0,9.230496372626282,9.230434051127885,9.230494829809933,9.083903828540683,0.0,0.0,0.0,0.0,0.0,0.0
3.608178350725159,-121.00751984443974,3.8200552099943903,-24.156178801699504,-38.95502626027788,-8.04146867569745,-2.4928154802849405,0.7863077028191288,0.2497361316646552,-0.30100740214425165,0.47827461241722563,-1.902385708893475,1.819921565326656,-0.7270379503087839,0.0,0.0,0.0,0.0,0.0,0.0,9.230496289827762,9.230364638663511,9.230494103620092,9.049095719660327,0.0,0.0,0.0,0.0,0.0,0.0
3.6254995243664587,-121.68236616932775,3.6773371692099692,-24.196878349247296,-38.96853989420343,-8.433440490046571,-2.203826474233356,0.798907809498511,0.22937607607417485,-0.2941783163764417,0.4717966148893261,-2.2171481362837895,2.1722867438436357,-0.819385841176653,0.0,0.0,0.0,0.0,0.0,0.0,9.230496167126711,9.230139638195023,9.230493153752036,9.006708659913796,0.0,0.0,0.0,0.0,0.0,0.0
3.6428206980077587,-122.35755230095856,3.5280628186430834,-24.232427659838176,-38.99439400321711,-8.797570205845542,-1.8977922056672294,0.8129965756149029,0.20506169041044214,-0.28561830453103726,0.46412116444013735,-2.6034962501594,2.6084269783162592,-0.9332134578484363,0.0,0.0,0.0,0.0,0.0,0.0,9.23049601063706,9.228891510512387,9.230491871818737,8.965318633121043,0.0,0.0,0.0,0.0,0.0,0.0
3.6601418716490586,-123.03329812107827,3.372766554552201,-24.26251375923603,-39.0332493136762,-9.127585548246142,-1.572690264834505,0.828610573250008,0.1759471536404131,-0.2748550581754191,0.4548646106475169,-3.0587738042946597,3.12706424193642,-1.067491789190301,0.0,0.0,0.0,0.0,0.0,0.0,9.230495833116079,9.044929108323062,9.230490074331813,8.847726475184553,0.0,0.0,0.0,0.0,0.0,0.0
3.6774630452903585,-123.70982370472944,3.2121260330168147,-24.28682297093155,-39.08483745234107,-9.4131242807539,-1.2306614760808554,0.8455749725374664,0.13978229182152294,-0.26301047112690323,0.44304556062440115,-4.057720828103977,3.5376863794055287,-1.1679588715437117,0.0,0.0,0.0,0.0,0.0,0.0,9.230495655303159,9.115926137376139,9.230487425998698,8.836532139210963,0.0,0.0,0.0,0.0,0.0,0.0
3.6947842189316584,-124.38739440611477,3.0469717727743526,-24.30501905600727,-39.15441960884203,-9.646754266076405,-0.8670004465000947,0.8633242745905895,0.09481438823672146,-0.2503874179557276,0.4277704637014957,-4.934403762637249,4.118665649745886,-1.3102992979486432,0.0,0.0,0.0,0.0,0.0,0.0,9.230495499851322,9.223129260386656,9.23048325715759,8.868904702117671,0.0,0.0,0.0,0.0,0.0,0.0
3.7121053925729584,-125.06634047194778,2.8783079152786524,-24.316730001030923,-39.24339151862036,-9.816183411197377,-0.4823048631605466,0.88093380487934,0.04193582440442989,-0.23463529769485741,0.4088316219765483,-5.535899301299776,4.858460732576981,-1.4907639197019915,0.0,0.0,0.0,0.0,0.0,0.0,9.230495396541743,7.822454863642522,9.230476077528609,8.39991018549509,0.0,0.0,0.0,0.0,0.0,0.0
3.7294265662142583,-125.74688105147906,2.7074376759897416,-24.321899896703478,-39.34045058631136,-9.899099807397727,-0.11394574474523522,0.8946477230568491,-0.028658795226831388,-0.22668191295852627,0.3839263411421584,-9.576910217197586,3.9193959471873323,-1.1965912940572838,0.0,0.0,0.0,0.0,0.0,0.0,9.230495363882929,9.225914609273529,9.230461682271653,9.080858007043474,0.0,0.0,0.0,0.0,0.0,0.0
3.746747739855558,-126.4295431809373,2.535916092040849,-24.32043825069587,-39.48992976666944,-9.887733067320047,0.27989465213341475,0.9006722762156659,-0.1147628745993811,-0.2262980318281893,0.3527153728728955,-9.798463275971807,4.330753625549322,-1.2705069999420244,0.0,0.0,0.0,0.0,0.0,0.0,9.230495350277229,9.230220283956,9.23042490008831,9.012690371476012,0.0,0.0,0.0,0.0,0.0,0.0
3.764068913496858,-127.11508098155434,2.3655435552601785,-24.31235882630807,-39.6700224755687,-9.765589130646658,0.6473124936583023,0.8997384689687519,-0.20327863905176122,-0.22107951326146133,0.31665806665724694,-10.124826575651731,4.890475045408358,-1.38136269600667,0.0,0.0,0.0,0.0,0.0,0.0,9.23049529860648,9.230421977463596,9.230270930658431,8.703029522995235,0.0,0.0,0.0,0.0,0.0,0.0
3.781390087138158,-127.80386593757086,2.1982676401986048,-24.298301749859327,-39.861649444304675,-9.5294181036856,0.9669329709012994,0.8909567953331821,-0.29637923474427025,-0.2089721692720441,0.27328734059916304,-10.992799909074058,6.053330810147771,-1.6501551253344808,0.0,0.0,0.0,0.0,0.0,0.0,9.23049517127978,9.230465561794807,8.339156842876998,8.24782041090203,0.0,0.0,0.0,0.0,0.0,0.0
3.798711260779458,-128.49583371345466,2.0360108660730787,-24.279371896047547,-40.03370491968722,-9.187244209309707,1.2071177407875284,0.8735869950606181,-0.3902431249786064,-0.19100148273837514,0.2192589771471933,-10.998521488910818,6.504905021989087,-2.604849044328774,0.0,0.0,0.0,0.0,0.0,0.0,9.230494938567206,9.230480420288655,7.000417117210664,9.22976888301849,0.0,0.0,0.0,0.0,0.0,0.0
3.816032434420758,-129.19054854297204,1.8805324217302928,-24.256944615071685,-40.17767758535135,-8.75284052346197,1.3712730489288814,0.8535804534848173,-0.45924360431468914,-0.182988570157793,0.1643499452884409,-6.729050125847063,2.7449910379060753,-3.7413163925034074,0.0,0.0,0.0,0.0,0.0,0.0,9.230494482456448,9.230487527483033,9.181036531556245,9.230393357324658,0.0,0.0,0.0,0.0,0.0,0.0
3.833353608062058,-129.88770767031934,1.733344482363948,-24.232047915936214,-40.31616184692036,-8.234409000962216,1.4937320352481502,0.8350195721781802,-0.505098485818797,-0.18583068986360476,0.11438875997118061,-6.508615911304368,2.9555962423939866,-3.7665605364195947,0.0,0.0,0.0,0.0,0.0,0.0,9.230493752203133,9.230491292783592,8.510260251887512,9.230454964598575,0.0,0.0,0.0,0.0,0.0,0.0
3.8506747817033578,-130.58699142033333,1.5954355822886463,-24.20556409328618,-40.422479440534936,-7.68358424321259,1.555744164343168,0.8157806150546663,-0.5419742462914461,-0.19091129096594908,0.06571745156017465,-5.069211298091875,1.9090190365516857,-4.133499323715153,0.0,0.0,0.0,0.0,0.0,0.0,9.230492593072086,9.230493500132631,8.810465520602905,9.2304743506815,0.0,0.0,0.0,0.0,0.0,0.0
3.8679959553446577,-131.28790686106453,1.4673643554452653,-24.178403153655832,-40.505093905747714,-7.100515071824783,1.573478102586171,0.7978264685474181,-0.5678296289247436,-0.20156753958310739,0.020321554732751202,-4.213109718327125,1.3757276973561812,-4.347490310399086,0.0,0.0,0.0,0.0,0.0,0.0,9.230490706184533,9.230494890135898,8.845884617427323,9.230483011597386,0.0,0.0,0.0,0.0,0.0,0.0
3.8853171289859576,-131.9900510962305,1.349567317776951,-24.151271816759913,-40.56481318279804,-6.498530854172403,1.5535833763923985,0.780667648626987,-0.5859717884896636,-0.21606566363169127,-0.022598992916341733,-3.445810854086543,0.8753044264956326,-4.543432504431236,0.0,0.0,0.0,0.0,0.0,0.0,9.230487454482123,9.230495808812556,8.88194064786661,9.23048766456062,0.0,0.0,0.0,0.0,0.0,0.0
3.9026383026272575,-132.69305456251624,1.242313031140823,-24.124759341335448,-40.60495056510352,-5.884109239106892,1.5031088634455414,0.7642650688758325,-0.5975025283450563,-0.23437079630834104,-0.06292823654988636,-2.769312228672296,0.4092716805446673,-4.721002528769762,0.0,0.0,0.0,0.0,0.0,0.0,9.230481304548006,9.230496434419258,9.048445767630719,9.230490471363796,0.0,0.0,0.0,0.0,0.0,0.0
3.9199594762685575,-133.39661645299674,1.1457934623031345,-24.099340350415524,-40.62974487752745,-5.259604367698,1.4280924042136676,0.7480470032439082,-0.6041553506223031,-0.25526783931996516,-0.10129325476638158,-2.416445923952289,0.22464402038671238,-4.8137428943859595,0.0,0.0,0.0,0.0,0.0,0.0,9.230467993496797,9.23049686512461,8.615690622080535,9.230492305254568,0.0,0.0,0.0,0.0,0.0,0.0
3.9372806499098574,-134.10047319625065,1.0600709478874282,-24.075415606532616,-40.640240293993244,-4.6380396191590565,1.3313651719773052,0.7325222050763798,-0.6048514538303161,-0.2812117338206495,-0.13596285754195958,-1.3040443536250559,-0.793367744430344,-5.126941264484308,0.0,0.0,0.0,0.0,0.0,0.0,9.230435571803625,9.23049715895751,9.147633855689858,9.230493556152336,0.0,0.0,0.0,0.0,0.0,0.0
3.9546018235511573,-134.8044950347969,0.9851994979897897,-24.053305916939703,-40.649926614030335,-4.007107225637562,1.218864924905018,0.7170846860610207,-0.6005958921528586,-0.311656730537476,-0.16716521664679582,-1.2035034017080972,-0.8672546108512442,-5.169126126467198,0.0,0.0,0.0,0.0,0.0,0.0,9.230379731896216,9.230497345944347,9.230125756086291,9.230494382478197,0.0,0.0,0.0,0.0,0.0,0.0
3.9719229971924572,-135.5086776103551,0.9212641205412205,-24.033281913705306,-40.65857142396112,-3.3753197477369326,1.0906026639507083,0.7001997994652139,-0.594825327657691,-0.3415648109293685,-0.19808218077499978,-1.2545821298654158,-0.790659801135081,-5.169257023226496,0.0,0.0,0.0,0.0,0.0,0.0,9.230235237177743,9.23049742669819,9.23015077993713,9.230494763977559,0.0,0.0,0.0,0.0,0.0,0.0
3.989503892957627,-136.22354446073157,0.8675564026703645,-24.01536837821267,-40.66376039824828,-2.7345283027513974,0.9446498657552352,0.6814904313891662,-0.5878120079060875,-0.37059373484111213,-0.2295824884065368,-1.3011845688871049,-0.7094906281378468,-5.169302071666428,0.0,0.0,0.0,0.0,0.0,0.0,9.034657786547704,9.230497344877456,9.083513896869906,9.230494690601926,0.0,0.0,0.0,0.0,0.0,0.0
4.007084788722796,-136.93844396107053,0.8250588973884998,-24.000152240596403,-40.66232566688761,-2.100135175690037,0.7843549994684544,0.6631169184881368,-0.5776581910278428,-0.3986002961184623,-0.2602014040844363,-0.7018318740442724,-0.5547565411793822,-5.144040674062756,0.0,0.0,0.0,0.0,0.0,0.0,8.92073827114207,9.230497224491117,9.210871929492635,9.230494525527803,0.0,0.0,0.0,0.0,0.0,0.0
4.024665684487966,-137.65328613909935,0.79370557134183,-23.987839134879547,-40.65764405337136,-1.4669087110032943,0.6156531950953236,0.6478662105340464,-0.562289802589808,-0.42460278895323217,-0.28950306175394147,-0.10445062645536887,0.011698180976093889,-4.9940182577322885,0.0,0.0,0.0,0.0,0.0,0.0,9.228509794323699,9.230497085555546,9.230087686409796,9.230494278895582,0.0,0.0,0.0,0.0,0.0,0.0
4.042246580253135,-138.36804280466413,0.7735172291004593,-23.97850984784929,-40.65278517741689,-0.8300635454183319,0.44569158818851023,0.6340961677793899,-0.5436530614162587,-0.44851655139272534,-0.3181136619936314,-0.09898330728803623,0.020899631072806554,-4.993203804417639,0.0,0.0,0.0,0.0,0.0,0.0,9.229390585536859,9.23049693241096,9.230348095317803,9.230493943984179,0.0,0.0,0.0,0.0,0.0,0.0
4.059827476018304,-139.08270459759086,0.7645069494488097,-23.972165558133543,-40.64684996205639,-0.19529286988984199,0.2761149785396522,0.6191616806497097,-0.5239215434347202,-0.4715286121407896,-0.3461297408091198,-0.09512454818841189,0.028656767629543674,-4.992710235581369,0.0,0.0,0.0,0.0,0.0,0.0,9.229673593548645,9.230496763311974,9.230417629257584,9.230493506920206,0.0,0.0,0.0,0.0,0.0,0.0
4.0774083717834735,-139.79725254967107,0.7666381915306518,-23.9687977293602,-40.63983674595278,0.4373946655609003,0.10712173006166699,0.6030837565425845,-0.5031393502063228,-0.4936011162910871,-0.3734952675264261,-0.09146723622175668,0.03578471112258698,-4.992327189582542,0.0,0.0,0.0,0.0,0.0,0.0,9.229800875140404,9.230496575630495,9.230446774279068,9.230492946495177,0.0,0.0,0.0,0.0,0.0,0.0
4.094989267548643,-140.51166788487112,0.7798743078750773,-23.968394453779393,-40.63176976136257,1.0679954050962996,-0.061101930310717714,0.5858917546715552,-0.4813470527798922,-0.5146967398970644,-0.400153886058016,-0.08767784026134151,0.04250105999159024,-4.991995081288955,0.0,0.0,0.0,0.0,0.0,0.0,9.229862851036936,9.230496366055572,9.230461861998993,9.230492232149235,0.0,0.0,0.0,0.0,0.0,0.0
4.112570163313812,-141.22593247978654,0.8041785551931522,-23.97094063891727,-40.62269904488982,1.6965021021700737,-0.22838010098170813,0.5676186248281566,-0.4585858962505202,-0.534779721724584,-0.42605013993716273,-0.08363140397973914,0.04888977184507478,-4.991687479185728,0.0,0.0,0.0,0.0,0.0,0.0,9.229889189080945,9.230496130403159,9.230470707391715,9.230491320027797,0.0,0.0,0.0,0.0,0.0,0.0
4.130151059078981,-141.94002931195314,0.8395140201843824,-23.97641820380798,-40.61269963402748,2.322902708834932,-0.39454913995387525,0.5482997877187085,-0.43489867639061586,-0.5538162034209893,-0.4511298004894723,-0.07926924309654176,0.054988449351139376,-4.991389272065159,0.0,0.0,0.0,0.0,0.0,0.0,9.229891594373669,9.230495863342787,9.23047633113509,9.230490146560728,0.0,0.0,0.0,0.0,0.0,0.0
4.147731954844151,-142.65394288753942,0.885843534629901,-23.984806318625957,-40.6018701060369,2.9471803461945516,-0.5594604712151869,0.5279727009680557,-0.4103299944947385,-0.571774391010241,-0.47534005557633346,-0.07455854254175505,0.060815781858106925,-4.991089869420948,0.0,0.0,0.0,0.0,0.0,0.0,9.229874295742803,9.230495558005465,9.230480109098728,9.230488617815501,0.0,0.0,0.0,0.0,0.0,0.0
4.16531285060932,-143.36765963840696,0.9431295932711227,-23.996081695625243,-40.590330582868916,3.569313643293341,-0.7229835456815874,0.5066766440912005,-0.3849263118859755,-0.5886246500283754,-0.4986296562874217,-0.06947619669490476,0.0663835757670381,-4.9907802009883815,0.0,0.0,0.0,0.0,0.0,0.0,9.229836859408362,9.230495205411973,9.230482742681346,9.230486591287592,0.0,0.0,0.0,0.0,0.0,0.0
4.182893746374489,-144.08116828009958,1.0113342791296778,-24.01021893123266,-40.57822030185716,4.189277239652697,-0.8850086659143731,0.4844526070148124,-0.35873590871655303,-0.6043395726936217,-0.5209490380357291,-0.06399913346667573,0.07170458292553152,-4.990450678562617,0.0,0.0,0.0,0.0,0.0,0.0,9.229773774004313,9.230494793619716,9.23048461959765,9.230483843489564,0.0,0.0,0.0,0.0,0.0,0.0
4.200474642139659,-144.79446012410557,1.09041919829346,-24.027190895426383,-40.565694867717575,4.807042353831531,-1.0454495212412331,0.4613432611948647,-0.331808768937134,-0.6188940376063838,-0.5422504093329745,-0.05809409251631682,0.07680122228609461,-4.990088772998358,0.0,0.0,0.0,0.0,0.0,0.0,9.22967036890305,9.230494306413366,9.230485966979726,9.23048000941582,0.0,0.0,0.0,0.0,0.0,0.0
4.218055537904828,-145.50752934017297,1.1803454243923026,-24.046969162457252,-40.55292335912749,5.422577308070453,-1.2042453449913884,0.43739305085591274,-0.3041963659627485,-0.6322652839280596,-0.5624877783004577,-0.05169943967937821,0.08172143767789675,-4.989674432093985,0.0,0.0,0.0,0.0,0.0,0.0,9.22948869245146,9.230493721227203,9.230486922977445,9.230474462803501,0.0,0.0,0.0,0.0,0.0,0.0
4.235636433669997,-146.2203731685445,1.2810734498436782,-24.069524475877866,-40.54008561242808,6.035847754733626,-1.3613626584553722,0.4126485571493302,-0.27595123605852,-0.6444330470662357,-0.5816168252804227,-0.044679277553257964,0.08657928093052185,-4.989168220138479,0.0,0.0,0.0,0.0,0.0,0.0,9.229108032155033,9.230493005714736,9.230487572685814,9.230466062584252,0.0,0.0,0.0,0.0,0.0,0.0
4.2532173294351665,-146.93299209055166,1.392563130276608,-24.09482724091103,-40.52737046810173,6.646815616309817,-1.516796653263968,0.3871597557407819,-0.24712587593666235,-0.6553799192241694,-0.5995942681972509,-0.03666146933817763,0.09170059012197665,-4.988468812082395,0.0,0.0,0.0,0.0,0.0,0.0,9.227873157777662,9.230492111803011,9.230487966937396,9.230452570729668,0.0,0.0,0.0,0.0,0.0,0.0
4.270798225200336,-147.6453899892548,1.5147735343386577,-24.12284804048902,-40.51497790310714,7.2554290585947925,-1.670572579270029,0.3609865050852344,-0.21776771657178803,-0.6650929856544828,-0.6163743060824838,-0.026000612515384484,0.09857561025985713,-4.987137179147271,0.0,0.0,0.0,0.0,0.0,0.0,8.85563954398074,9.230490963564677,9.230488135093958,9.23042893481446,0.0,0.0,0.0,0.0,0.0,0.0
4.288379120965505,-148.35757028088233,1.6476052246392983,-24.153559243200355,-40.50355287488489,7.854889068900594,-1.8228822995223146,0.3373583103568271,-0.18554409284867102,-0.6742773907221634,-0.6301688348395702,0.6993379193124618,0.777767073265006,-4.793340605997561,0.0,0.0,0.0,0.0,0.0,0.0,8.883789230641188,9.230489401776339,9.230488101195714,9.23037839980014,0.0,0.0,0.0,0.0,0.0,0.0
4.305960016730674,-149.06963540753162,1.7909414796992633,-24.18693920189359,-40.50361275949509,8.449997817390418,-1.9744899204524993,0.31904511603040264,-0.14844963510733417,-0.683986858235171,-0.6390108743481809,1.407700186988375,1.3637729823083709,-4.614125159204976,0.0,0.0,0.0,0.0,0.0,0.0,9.229871467466252,9.230486946002072,9.230487870400399,9.230205567082702,0.0,0.0,0.0,0.0,0.0,0.0
4.323540912495844,-149.78188092416906,1.9447313377508222,-24.22299715615153,-40.52484551946477,9.043797080328302,-2.1280794031192927,0.30266407321215216,-0.1090865554664062,-0.6937486132025482,-0.6443659238993359,1.4834976633462968,1.2833396944079247,-4.6139519232554855,0.0,0.0,0.0,0.0,0.0,0.0,9.230338051017565,9.23048201914767,9.230487382451424,5.269732224013735,0.0,0.0,0.0,0.0,0.0,0.0
4.341121808261013,-150.49452228619862,2.1082981553596967,-24.261727415028812,-40.55026376200848,9.561158301776544,-2.270398977320648,0.2990995259546936,-0.051399455802883964,-0.6725091255154159,-0.6750029967454484,-5.538501359495224,8.828576303494852,-6.661919685602346,0.0,0.0,0.0,0.0,0.0,0.0,9.230433080529634,9.230466149343096,9.23048592238181,8.576978719588839,0.0,0.0,0.0,0.0,0.0,0.0
4.358702704026182,-151.20814420987676,2.281232176501181,-24.3022797557628,-40.641130921214035,10.104099667673438,-2.325864698037729,0.31109167431329293,0.031505447428766604,-0.6117020503806523,-0.7266704745036578,-5.943132102729741,10.531281138037038,-6.9998010202865535,0.0,0.0,0.0,0.0,0.0,0.0,9.230469546466873,9.228316738321901,9.230478654296277,9.230349331264852,0.0,0.0,0.0,0.0,0.0,0.0
4.376283599791352,-151.9239711803519,2.4632920630527604,-24.342907466345235,-40.8031539894589,10.593819745575647,-2.281353474938357,0.3232769719461408,0.1225375959806578,-0.54088359347648,-0.7667603767074725,-5.019494575269537,10.999943758006987,-6.998745287096481,0.0,0.0,0.0,0.0,0.0,0.0,9.230448552054858,7.195123084324035,9.23047384795994,7.559408935226128,0.0,0.0,0.0,0.0,0.0,0.0
4.393864495556521,-152.64293729838238,2.652778882465911,-24.382267994945792,-40.99497410240525,10.945144252749921,-2.183002863067807,0.3354719212253129,0.20510621469001272,-0.44371397721806455,-0.8052999051199862,-10.999712438283591,10.999950196681747,-6.810365395975706,0.0,0.0,0.0,0.0,0.0,0.0,9.230357979000752,8.74501029471494,9.230447104255308,9.230259366067976,0.0,0.0,0.0,0.0,0.0,0.0
4.41144539132169,-153.3659788099889,2.8476717749233793,-24.41888537305143,-41.2634743772224,11.200582952335225,-1.96920360055074,0.3471356988865373,0.27414754544228354,-0.31693034032407735,-0.8389845584208273,-10.99992651583051,10.999959644168067,-6.559404212287073,0.0,0.0,0.0,0.0,0.0,0.0,4.549939714030568,4.254959457932442,9.230387059178975,9.228870896578464,0.0,0.0,0.0,0.0,0.0,0.0
4.4290262870868595,-154.092998448262,3.045295541578757,-24.452121217864946,-41.443636050352914,11.259906004381305,-1.8069102234305803,0.3708186962197928,0.3315167650668636,-0.19029730054331678,-0.8463906110179753,-10.9999475395716,10.999958740866811,-1.5672784635388657,0.0,0.0,0.0,0.0,0.0,0.0,0.0019013928536037751,0.1990737054090649,8.383586600861541,8.385316508183005,0.0,0.0,0.0,0.0,0.0,0.0
4.446607182852029,-154.8221037230253,3.2428509645910295,-24.483479281585534,-41.49774113373124,11.200558243939525,-1.7600825162834177,0.437391601166339,0.37213189490548415,-0.08003516798291145,-0.8147397203457968,-10.999951283712832,10.999960984820433,6.99975140123729,0.0,0.0,0.0,0.0,0.0,0.0,9.058959975912865,9.229899625088786,0.16253016953642022,0.16090229819074248,0.0,0.0,0.0,0.0,0.0,0.0
4.464188078617198,-155.55219138652922,3.4385937459113576,-24.513858360935295,-41.5520537127983,11.053317708567139,-1.697938581804845,0.4942520849128652,0.40049662850719725,0.03455724194998124,-0.7707938272602243,-10.9999543932462,10.999953391711621,-2.289904534258234,0.0,0.0,0.0,0.0,0.0,0.0,9.230435016471207,9.067104055815681,9.226321331996004,9.226314106636387,0.0,0.0,0.0,0.0,0.0,0.0
4.481768974382367,-156.2844397514188,3.6295761296197697,-24.54146938675305,-41.734068269895396,10.64923967914361,-1.4526917222665945,0.5096098307826571,0.42267787257276973,0.16405167183694194,-0.73125117803292,-10.999950740114112,10.999934136947246,-2.2097065033677383,0.0,0.0,0.0,0.0,0.0,0.0,9.230471720482612,9.072975187710478,9.230075886173061,9.230094477931658,0.0,0.0,0.0,0.0,0.0,0.0
4.499349870147537,-157.01907830406404,3.8122938348272912,-24.565375399681038,-41.82121822434013,10.118415669952,-1.2819052185332076,0.5157778450433897,0.43692445922346484,0.2901231120740455,-0.6774207048320493,-10.99993505136498,10.999833247425475,-2.128667128593047,0.0,0.0,0.0,0.0,0.0,0.0,9.230483073166253,8.675603031969711,8.816964162284373,9.23041553868919,0.0,0.0,0.0,0.0,0.0,0.0
4.516930765912706,-157.7542847852173,3.984941266686805,-24.587192926105764,-41.7975326101194,9.510969754257303,-1.217598328932148,0.515004512666353,0.4388651078368516,0.4070631320750875,-0.6135693730637641,-10.999913418233339,9.477263980132292,-2.055606305631082,0.0,0.0,0.0,0.0,0.0,0.0,9.23048801922738,7.955782284171211,8.053954045001035,9.230448456245965,0.0,0.0,0.0,0.0,0.0,0.0
4.534511661677875,-158.4880854581323,4.146686702105526,-24.608842868530406,-41.661498217858885,8.885860224705892,-1.2596033888526992,0.5170791263761078,0.4185889095735996,0.5041221572317911,-0.5507025989007781,-10.999692512278347,5.181024669922192,-2.004863601466969,0.0,0.0,0.0,0.0,0.0,0.0,9.230488751030972,9.230438884066489,7.912028743486961,9.23046185279895,0.0,0.0,0.0,0.0,0.0,0.0
4.552092557443045,-159.2185394219536,4.297199653323051,-24.631876566746516,-41.41860138233023,8.238231824119566,-1.3707146066266116,0.5211896231691311,0.3819563020262415,0.5758857629983255,-0.5008256662942646,-8.42469804095748,3.000904984455384,-2.686607841240048,0.0,0.0,0.0,0.0,0.0,0.0,9.230486245852115,9.230468573935426,7.219233007068939,9.230458716788704,0.0,0.0,0.0,0.0,0.0,0.0
4.5677873172562276,-159.86643581520582,4.422132530491023,-24.654448924105168,-41.13497987001864,7.684705794953278,-1.5096220685409087,0.521720498198717,0.3452148335145044,0.6165170771618912,-0.4780597599135429,-5.0292790417330755,-0.11746886734601308,-3.615028170997069,0.0,0.0,0.0,0.0,0.0,0.0,9.23048367682344,9.230478614887094,7.301528659682621,9.230451957429088,0.0,0.0,0.0,0.0,0.0,0.0
4.5834820770694105,-160.509536150413,4.538487252859728,-24.6793071455224,-40.81107431958056,7.144649639211862,-1.6570180214562997,0.5234745155957709,0.3049496458861686,0.6330651227737318,-0.4818803744947012,-1.8938273717112015,-3.177232856110018,-4.5054665259047235,0.0,0.0,0.0,0.0,0.0,0.0,9.230479616324649,9.230483988420545,9.222479381838214,9.230444570067535,0.0,0.0,0.0,0.0,0.0,0.0
4.599176836882593,-161.14726522598622,4.646241930449271,-24.706363456638147,-40.45164911422352,6.588747764124729,-1.7872029629084996,0.5261535941035776,0.26232371388178743,0.6377398120282733,-0.4976309844666993,-2.0358415337089917,-3.0931714308473657,-4.509177714736972,0.0,0.0,0.0,0.0,0.0,0.0,9.230473095097352,9.230487224336322,9.207248598324552,9.230436644776166,0.0,0.0,0.0,0.0,0.0,0.0
4.614871596695776,-161.77917279725582,4.745379354247476,-24.7353020789511,-40.06903318054562,6.046962303978813,-1.8974075581464918,0.5275909396547583,0.21887662766835014,0.6418970119151659,-0.5115750661917771,-2.1490397361315914,-3.0279540303108057,-4.519921736286362,0.0,0.0,0.0,0.0,0.0,0.0,9.230461880114019,9.230489312146943,8.977982318536348,9.230427349653075,0.0,0.0,0.0,0.0,0.0,0.0
4.630566356508959,-162.4049000940006,4.83616309915492,-24.765833709757487,-39.66410400114655,5.524575878137888,-1.9903794686135161,0.5281752003259508,0.17444598993738952,0.6439652250667541,-0.5252697814077361,-1.8890592444732943,-3.346707152246924,-4.636497576379243,0.0,0.0,0.0,0.0,0.0,0.0,9.230440680629622,9.230490719110792,9.010526333132239,9.230416299158405,0.0,0.0,0.0,0.0,0.0,0.0
4.646261116322142,-163.02408503624278,4.918885505424176,-24.797685024580016,-39.235404467579876,5.02008005246128,-2.0654319801532326,0.528318595273927,0.12878008036229277,0.6425993283495474,-0.5397788954695957,-1.7023082347505083,-3.620294506866328,-4.738046719518136,0.0,0.0,0.0,0.0,0.0,0.0,9.23039475630801,9.230491691682772,9.052605216431,9.230403259283067,0.0,0.0,0.0,0.0,0.0,0.0
4.661955876135325,-163.63635594365792,4.993845619495768,-24.830570152060126,-38.78304653823852,4.535865350386506,-2.122144355088926,0.5278926867975746,0.08191969242395378,0.638200872025324,-0.554362807342735,-1.6017424781688703,-3.8294411373082533,-4.820157073957522,0.0,0.0,0.0,0.0,0.0,0.0,9.230271721011128,9.23049237401933,9.075100666197004,9.23038809996232,0.0,0.0,0.0,0.0,0.0,0.0
4.677650635948508,-164.24134238618234,5.06138555536936,-24.86420562363831,-38.30711843057907,4.075001473994895,-2.161247401447606,0.5267274583598661,0.03394882808611658,0.6311438872175608,-0.5683863609458286,-1.551818734241495,-4.00351549066768,-4.891833809002977,0.0,0.0,0.0,0.0,0.0,0.0,9.22979629649519,9.23049285976552,9.122074092510713,9.230371152787557,0.0,0.0,0.0,0.0,0.0,0.0
4.693345395761691,-164.83867151074637,5.121892677278575,-24.898326339430522,-37.8072480562752,3.640154331063552,-2.184366113141162,0.5245808911121035,-0.014984598555688162,0.6218813005437338,-0.5812520954974618,-1.5892007523254585,-4.09783328913569,-4.9416156995873814,0.0,0.0,0.0,0.0,0.0,0.0,9.225753222276998,9.230493218087208,9.076047935745631,9.230353687576176,0.0,0.0,0.0,0.0,0.0,0.0
4.709040155574874,-165.42797503821015,5.17580645032203,-24.932704671538104,-37.28444443071277,3.2352684158929,-2.1945400888384268,0.5213776395576838,-0.06475415656533708,0.6104039384043968,-0.592772543356363,-1.5529360498389806,-4.260979286587844,-5.010785652902993,0.0,0.0,0.0,0.0,0.0,0.0,8.403443334007338,9.230493508412806,9.068919076962354,9.230336639875683,0.0,0.0,0.0,0.0,0.0,0.0
4.724734915388057,-166.00897333306014,5.223672125423927,-24.967180423027894,-36.75002060636131,2.868777649784012,-2.1968986637411985,0.515443048640485,-0.10844124916143118,0.5960049334192425,-0.6060833923054114,-0.10403556767805938,-3.107966868216559,-4.703667419574575,0.0,0.0,0.0,0.0,0.0,0.0,9.096376554022704,9.230493775326813,9.224195876602492,9.23031659530893,0.0,0.0,0.0,0.0,0.0,0.0
4.74042967520124,-166.58139832476564,5.265915266094494,-25.001574214040517,-36.19295055887702,2.5180403628294115,-2.1840108325384997,0.5067021816514523,-0.14471514150944537,0.5796382755477907,-0.62155441953826,-0.024622470452169594,-2.8915299732613158,-4.644746455764308,0.0,0.0,0.0,0.0,0.0,0.0,9.08879873644399,9.230494028101095,9.228297313015227,9.230293640287035,0.0,0.0,0.0,0.0,0.0,0.0
4.7561244350144225,-167.14500127805687,5.302827694939963,-25.035680990284284,-35.62604237820242,2.1893437107890157,-2.1606839821319643,0.49641171530979317,-0.1789973658111712,0.562729607711105,-0.6362945391413921,0.07391820107108966,-2.660161270451112,-4.580444937677386,0.0,0.0,0.0,0.0,0.0,0.0,9.077888975117647,9.23049426636247,9.229469341831242,9.230262660903922,0.0,0.0,0.0,0.0,0.0,0.0
4.771819194827605,-167.6996392147238,5.334748296417488,-25.069352883780958,-35.050770942770164,1.881726875109225,-2.1288694703387065,0.4847055626854343,-0.21104115603711654,0.5453049936584593,-0.6505110389927765,0.20258346425086035,-2.414279437900684,-4.510580747797364,0.0,0.0,0.0,0.0,0.0,0.0,9.091391097364829,9.23049449081398,9.229924883280999,9.230214619444764,0.0,0.0,0.0,0.0,0.0,0.0
4.787513954640788,-168.24519000682616,5.3619964434270155,-25.102467392483238,-34.46828970264172,1.593711088397967,-2.089853150606939,0.4717678234149677,-0.24080363862147092,0.527359801317476,-0.6643345304674115,0.3212157767364367,-2.1960279996540675,-4.4467612777371635,0.0,0.0,0.0,0.0,0.0,0.0,9.101438089752419,9.230494702339564,9.230132324463725,9.230134563274719,0.0,0.0,0.0,0.0,0.0,0.0
4.803208714453971,-168.78155123703826,5.384870101304364,-25.134920047765817,-33.87993537433304,1.324081757977197,-2.0446730813736345,0.4577924205951238,-0.26843540741621136,0.5088908703436662,-0.6777895055043387,0.43426803607035047,-1.9994745898520565,-4.387520901060302,0.0,0.0,0.0,0.0,0.0,0.0,9.111429356840421,9.23049490180805,9.230239254634464,9.229991656389794,0.0,0.0,0.0,0.0,0.0,0.0
4.818903474267154,-169.30863973074037,5.40364882141265,-25.166620172963693,-33.28682814340096,1.0717112722037592,-1.994058257955508,0.4429461759967075,-0.2940697588633402,0.489890701958709,-0.6908898336394553,0.5404910166540251,-1.8241597315596612,-4.332909298315017,0.0,0.0,0.0,0.0,0.0,0.0,9.121757151011133,9.23049509008836,9.230299690179631,9.229711343822352,0.0,0.0,0.0,0.0,0.0,0.0
4.834598234080337,-169.82638860911666,5.418595550257818,-25.197486666655813,-32.68992558578401,0.8356164172810197,-1.9385124893581644,0.42737233898183263,-0.3178511183739842,0.4703548392275493,-0.7036262329083753,0.6378466155579924,-1.6700144975327111,-4.2831666991278645,0.0,0.0,0.0,0.0,0.0,0.0,9.13181736867449,9.23049526800971,9.230336212570698,9.22908105602894,0.0,0.0,0.0,0.0,0.0,0.0
4.85029299389352,-170.3347449129491,5.429959150246548,-25.22744511477879,-32.090045563365365,0.614987251839675,-1.8783962995872605,0.4111889786479039,-0.33993002044596377,0.4502865614227586,-0.7159701234270665,0.7250077232259832,-1.5355243125358407,-4.238342173402561,0.0,0.0,0.0,0.0,0.0,0.0,9.139110518751925,9.23049543633544,9.23035948398283,9.227354463523582,0.0,0.0,0.0,0.0,0.0,0.0
4.865987753706703,-170.83366778161238,5.437977210959135,-25.25642617703408,-31.487916596926496,0.4091924641295605,-1.814003434555849,0.39448581039844327,-0.3604339452233264,0.42970072346175475,-0.7278912039456694,0.803804029413677,-1.4137908376618415,-4.197670591677893,0.0,0.0,0.0,0.0,0.0,0.0,9.144759569205053,9.230495595719365,9.230375198556924,9.221091125006598,0.0,0.0,0.0,0.0,0.0,0.0
4.881682513519886,-171.32312722808703,5.442878438744549,-25.284364800164813,-30.884202191588507,0.217718372866359,-1.7455928559279,0.37730274843316425,-0.37944763031230827,0.4086482929031049,-0.7393704785711508,0.8689025942390505,-1.2939960491056446,-4.162490714327154,0.0,0.0,0.0,0.0,0.0,0.0,9.159594448517158,9.230495746560996,9.230386804743134,9.191364433879485,0.0,0.0,0.0,0.0,0.0,0.0
4.897377273333069,-171.8031039976071,5.44488378596893,-25.311200512996454,-30.27960798409292,0.04004689282457026,-1.673524557033982,0.3594752233243963,-0.39706334050837977,0.38738098308487184,-0.7503694032837426,0.8661700530054574,-1.150585857641586,-4.147875641566416,0.0,0.0,0.0,0.0,0.0,0.0,9.170366623148805,9.23049588895854,9.230396463633511,9.171352735313839,0.0,0.0,0.0,0.0,0.0,0.0
4.913072033146252,-172.2735872382239,5.444202936262311,-25.336879524871744,-29.674501479726974,-0.12476881677433063,-1.5982981223265031,0.34072604588314914,-0.4133611108353203,0.3662509525943971,-0.7608538581288268,0.8191851133359788,-0.9905720656432057,-4.147466337537493,0.0,0.0,0.0,0.0,0.0,0.0,9.168492114084009,9.23049602325272,9.230405186297382,9.197734109087651,0.0,0.0,0.0,0.0,0.0,0.0
4.9287667929594345,-172.73456845255578,5.441027615476251,-25.361355497957135,-29.068817587538625,-0.27799118004986517,-1.52029584172489,0.321154131394246,-0.4283771829830851,0.3452134397166707,-0.7708311708972778,0.8256857526315875,-0.8703609577014428,-4.134009854483249,0.0,0.0,0.0,0.0,0.0,0.0,9.174464824832322,9.230496150227152,9.230413123638403,9.2005252727508,0.0,0.0,0.0,0.0,0.0,0.0
4.9444615527726175,-173.1860430941735,5.435533699364552,-25.38458833045311,-28.46312206810049,-0.42033955791104316,-1.4399202072827422,0.3010084240386868,-0.4421711387492492,0.32406974825130747,-0.7802931570783334,0.8321247113759921,-0.7649067058921019,-4.122018401885133,0.0,0.0,0.0,0.0,0.0,0.0,9.186634020627517,9.230496270479147,9.230420229813404,9.19364787085388,0.0,0.0,0.0,0.0,0.0,0.0
4.9601563125858,-173.62801369480397,5.427887016074729,-25.406542663503867,-27.857749190700098,-0.5524256059717388,-1.3574188943835368,0.2802879278730436,-0.45484469630800045,0.30287013765617843,-0.7891924096475117,0.8114937396800483,-0.6678611095055798,-4.118815835570912,0.0,0.0,0.0,0.0,0.0,0.0,9.190295520439147,9.230496384472453,9.230426516019467,9.194664758761274,0.0,0.0,0.0,0.0,0.0,0.0
4.975851072398983,-174.06048718467898,5.418243586519304,-25.427187415132607,-27.252928682212726,-0.6748947212991376,-1.2730872254523489,0.25897498967813526,-0.4664716296401161,0.2816768210162875,-0.7974925341119266,0.790706705448005,-0.5776337977015398,-4.1168312009402,0.0,0.0,0.0,0.0,0.0,0.0,9.143269749516028,9.23049649282676,9.230432042425559,9.20710618205546,0.0,0.0,0.0,0.0,0.0,0.0
4.991545832212166,-174.48347831032848,5.406750595260795,-25.446497291888758,-26.649463281304445,-0.7881910872506953,-1.187270851656636,0.2373301624088769,-0.47674663656766403,0.26027439634366106,-0.8053845523353044,0.8743602764215277,-0.4310912767662817,-4.087393379102843,0.0,0.0,0.0,0.0,0.0,0.0,9.105840881853956,9.230496595850315,9.230436935929632,9.209817999000107,0.0,0.0,0.0,0.0,0.0,0.0
5.007240592025349,-174.89701214581646,5.393549560618244,-25.464444448665116,-26.047890558031845,-0.8925574193764078,-1.099241257831467,0.21577276850877164,-0.4851070643266354,0.23829058114823085,-0.813222507956151,1.0327679554771234,-0.23178364281430924,-4.039423981116067,0.0,0.0,0.0,0.0,0.0,0.0,9.225612296077738,9.2304966918528,9.230441276881205,9.197138930892027,0.0,0.0,0.0,0.0,0.0,0.0
5.022935351838532,-175.3011081407322,5.37877792757515,-25.480977803869834,-25.446847709665338,-0.9883319587116663,-1.0070410891849013,0.19407895456549273,-0.49212891776329837,0.21597955954500592,-0.8206676047917544,0.9755703933160439,-0.21284734043306644,-4.052593167949362,0.0,0.0,0.0,0.0,0.0,0.0,9.229497598007903,9.230496776915984,9.230445068296396,9.19304894475454,0.0,0.0,0.0,0.0,0.0,0.0
5.038630111651715,-175.69578729772064,5.362571718800565,-25.496038661703967,-24.847872778785074,-1.0754312792273346,-0.9117198756607185,0.17180081480198225,-0.49861298309464436,0.19381824680296447,-0.8272267284904787,0.9059638161792639,-0.1908998194751321,-4.06944212126378,0.0,0.0,0.0,0.0,0.0,0.0,9.230143834586979,9.2304968476661,9.230448469507532,9.199271575253263,0.0,0.0,0.0,0.0,0.0,0.0
5.054324871464898,-176.08108036056814,5.345063648155774,-25.509583253493982,-24.25074725494298,-1.1543023831453294,-0.8139353918396093,0.14895788491973305,-0.5045589351287835,0.17183115017888484,-0.8328900799806354,0.8463895550108614,-0.1776507237900314,-4.083715414755305,0.0,0.0,0.0,0.0,0.0,0.0,9.230332810060643,9.230496902065429,9.230451579416453,9.20136767526825,0.0,0.0,0.0,0.0,0.0,0.0
5.070019631278081,-176.4570158683859,5.326379626755058,-25.5215783737927,-23.655408447243506,-1.2253529057245762,-0.7143732525071735,0.1256192702490788,-0.509967463509982,0.14999682596466424,-0.8376478599649201,0.79052275139058,-0.16573984152193147,-4.0971069489203895,0.0,0.0,0.0,0.0,0.0,0.0,9.230407190703973,9.230496938971505,9.230454448302796,9.200795500441659,0.0,0.0,0.0,0.0,0.0,0.0
5.085714391091264,-176.8236212090651,5.306639130137942,-25.532000995069744,-23.061775877960127,-1.2890050446991,-0.6136419770146776,0.10181636258472111,-0.5148106540836884,0.1283293679508925,-0.8415075710136338,0.7341593881678306,-0.1505865333570161,-4.110795632660657,0.0,0.0,0.0,0.0,0.0,0.0,9.230442383045425,9.23049695779029,9.230457115021995,9.20000289358509,0.0,0.0,0.0,0.0,0.0,0.0
5.101409150904447,-177.18092240343748,5.285954611367508,-25.540836878512685,-22.469757604809065,-1.3457340622571832,-0.5122505760205095,0.07756632070828982,-0.5190472520436746,0.10685567944715581,-0.8444852158608672,0.677158884060363,-0.13171917571851985,-4.124865214972261,0.0,0.0,0.0,0.0,0.0,0.0,9.23046125387588,9.230496958255808,9.23045961014893,9.199922596131968,0.0,0.0,0.0,0.0,0.0,0.0
5.1171039107176295,-177.52894414938945,5.264430688307654,-25.548079010583916,-21.879277038374212,-1.396060056907306,-0.4106102276848194,0.05289185536673724,-0.522637582507281,0.08559704562976202,-0.8465964533154304,0.6208821322418178,-0.11028309774966753,-4.138979422850926,0.0,0.0,0.0,0.0,0.0,0.0,9.230472329847036,9.230496940295678,9.230461953544822,9.200309824417243,0.0,0.0,0.0,0.0,0.0,0.0
5.132798670530812,-177.86771018296872,5.242163631276803,-25.553726130576983,-21.29028770087871,-1.4405227108389231,-0.3090434993104279,0.02782472487791287,-0.5255479803568233,0.0645661901391711,-0.8478539450396188,0.5662258161359522,-0.08707946735303465,-4.152918904813742,0.0,0.0,0.0,0.0,0.0,0.0,9.230479288350404,9.23049690397021,9.230464155930797,9.200827663329724,0.0,0.0,0.0,0.0,0.0,0.0
5.148493430343995,-178.19724373986168,5.219241224640117,-25.557781381118886,-20.702771956709547,-1.4796609023600646,-0.20778978883861035,0.0024020394306879843,-0.5277490360875159,0.0437708787825357,-0.8482684099304156,0.5134960493085806,-0.06238190775365008,-4.166621525560303,0.0,0.0,0.0,0.0,0.0,0.0,9.230483896896406,9.230496849480742,9.23046622249123,9.201411016169695,0.0,0.0,0.0,0.0,0.0,0.0
5.164188190157178,-178.51756796468948,5.19574289277565,-25.56025102744751,-20.11673560147513,-1.5139990355582957,-0.10700848684631666,-0.023336202676244103,-0.5292141286377733,0.023216269480974133,-0.8478495341310287,0.4628778106732,-0.0363707720033624,-4.180056012716987,0.0,0.0,0.0,0.0,0.0,0.0,9.230487079367471,9.230496777244696,9.230468155866818,9.202095908683694,0.0,0.0,0.0,0.0,0.0,0.0
5.179882949970361,-178.8287062559422,5.171740017792336,-25.561143240356028,-19.53220488334671,-1.5440357249251997,-0.006784135177683227,-0.04934746026517291,-0.5299196322334431,0.002905316993258678,-0.8466059122591326,0.4146049853538729,-0.00929870835503213,-4.193174889491935,0.0,0.0,0.0,0.0,0.0,0.0,9.23048935202475,9.230496688037174,9.230469958032534,9.202893994432657,0.0,0.0,0.0,0.0,0.0,0.0
5.195577709783544,-179.13068257334058,5.1472964279181905,-25.560466979587687,-18.949224651319124,-1.570233304991884,0.09286587959526642,-0.07558661660081034,-0.5298455235596133,-0.017161147507253633,-0.8445447765340306,0.3689178550095762,0.01854919972364074,-4.205925537443977,0.0,0.0,0.0,0.0,0.0,0.0,9.230491019442061,9.230496583201411,9.230471631410404,9.203791092148679,0.0,0.0,0.0,0.0,0.0,0.0
5.211272469596727,-179.42352171145603,5.122469040850375,-25.558231010363304,-18.367855944204923,-1.593008680227801,0.19198213624857993,-0.1020062457136425,-0.5289757049173653,-0.036984071760619935,-0.8416719122547632,0.32601971711364414,0.04689932117990616,-4.218262024451798,0.0,0.0,0.0,0.0,0.0,0.0,9.230492269538754,9.230496464927466,9.230473179483857,9.204770583860887,0.0,0.0,0.0,0.0,0.0,0.0
5.22696722940991,-179.70724952984878,5.097308636536961,-25.554443071065084,-17.78817289106709,-1.612726034486307,0.29065318739075835,-0.1285570359831562,-0.5272981180992887,-0.056565714729319524,-0.8379917082318508,0.2860734615393124,0.07549535037783962,-4.230146175573823,0.0,0.0,0.0,0.0,0.0,0.0,9.230493222665574,9.230496336585658,9.230474607039001,9.20581935171162,0.0,0.0,0.0,0.0,0.0,0.0
5.242661989223093,-179.98189313194277,5.071860728864111,-25.549109202363475,-17.210259292120057,-1.6296915229484648,0.3890050299416945,-0.15518821139854075,-0.5248048048929963,-0.07590919929250425,-0.8335072460794308,0.2492080216463618,0.10409421004036627,-4.241545926112041,0.0,0.0,0.0,0.0,0.0,0.0,9.230493958327665,9.230496203074523,9.230475920132989,9.206924996945187,0.0,0.0,0.0,0.0,0.0,0.0
5.258356749036276,-180.247480989172,5.046166505183627,-25.542233244441064,-16.63420507597911,-1.6441499305912184,0.4871902595563428,-0.18184793345704414,-0.5214919359545571,-0.09501810028998865,-0.8282204117558636,0.21552009512591092,0.13246641149233393,-4.252434970930859,0.0,0.0,0.0,0.0,0.0,0.0,9.230494530393802,9.230496071100568,9.230477125889044,9.208077439601407,0.0,0.0,0.0,0.0,0.0,0.0
5.274051508849459,-180.50404300859321,5.0202638030428455,-25.53381650486486,-16.06010265162267,-1.656283263937624,0.5853772145352167,-0.20848368840615347,-0.5173598044568234,-0.11389606386292818,-0.8221320277409798,0.1850784847694214,0.16039363541341264,-4.262791682585019,0.0,0.0,0.0,0.0,0.0,0.0,9.230494976083552,9.230495949255172,9.230478232201593,9.209279250472065,0.0,0.0,0.0,0.0,0.0,0.0
5.2897462686626415,-180.7516105418875,4.994188094322519,-25.52385759494598,-15.488043091715774,-1.6662111956774035,0.6837393839779877,-0.2350426108003311,-0.5124128720734392,-0.13254649333756371,-0.815241955952666,0.1579451193744794,0.18764854769395867,-4.272593264427231,0.0,0.0,0.0,0.0,0.0,0.0,9.23049532144521,9.230495847714206,9.230479247419767,9.21055549688826,0.0,0.0,0.0,0.0,0.0,0.0
5.305441028475824,-180.99021633309886,4.967973448751406,-25.512352429970996,-14.918112130037757,-1.673993226674166,0.782445102893401,-0.2614716777849104,-0.5066600283235602,-0.1509723398634993,-0.8075490882984472,0.1342110934068664,0.21395690883933732,-4.281805361332302,0.0,0.0,0.0,0.0,0.0,0.0,9.230495584775191,9.230495777401158,9.230480180077693,9.211932458469064,0.0,0.0,0.0,0.0,0.0,0.0
5.321135788289007,-181.21989440497086,4.941653450681284,-25.499294391352347,-14.350386334198062,-1.6796324830976765,0.8816472220872206,-0.2877178520616433,-0.5001150116336183,-0.16917592406280102,-0.79905126209852,0.11399627200325402,0.2389942814890468,-4.290381496773536,0.0,0.0,0.0,0.0,0.0,0.0,9.230495778782105,9.230495748573906,9.230481038733883,9.213355511725057,0.0,0.0,0.0,0.0,0.0,0.0
5.33683054810219,-181.44067989398687,4.915262042909109,-25.484674652679875,-13.784930472654903,-1.6830812419572976,0.9814727167738154,-0.3137285603481814,-0.4927962312106945,-0.18715852269102284,-0.7897454984426989,0.0973153472804013,0.2625225937281635,-4.2983004156558975,0.0,0.0,0.0,0.0,0.0,0.0,9.230495911951028,9.230495769031412,9.230481831911167,9.214592107001133,0.0,0.0,0.0,0.0,0.0,0.0
5.352525307915373,-181.65260886024677,4.8888342696232705,-25.468482659398425,-13.221797162834527,-1.684248210447999,1.0820139557644053,-0.33945300418313296,-0.48472454101905066,-0.20491946636471264,-0.7796292641953084,0.08379307659840939,0.2846981224824827,-4.30564821384881,0.0,0.0,0.0,0.0,0.0,0.0,9.23049598936709,9.230495842408763,9.230482567954864,9.215244304887463,0.0,0.0,0.0,0.0,0.0,0.0
5.368220067728556,-181.85571810804427,4.862406896000629,-25.450706705457762,-12.661028873610483,-1.6830066860231843,1.1833256402453125,-0.3648442431799074,-0.4759180999809604,-0.2224549659169445,-0.7687030821246161,0.07241523028475523,0.3063713246878135,-4.312694680437627,0.0,0.0,0.0,0.0,0.0,0.0,9.230496013138033,9.23049596716182,9.23048325443255,9.214978498103768,0.0,0.0,0.0,0.0,0.0,0.0
5.383914827541739,-182.05004504179217,4.836018907615168,-25.431334483758302,-12.102660501668321,-1.6792012207787055,1.2854313025865614,-0.389860888227836,-0.4663860149601215,-0.23975755945042163,-0.7569735038732847,0.06166768580141981,0.32900701550394235,-4.319863597925648,0.0,0.0,0.0,0.0,0.0,0.0,9.230495982473558,9.230496136679632,9.230483896710583,9.214589195282308,0.0,0.0,0.0,0.0,0.0,0.0
5.399609587354922,-182.23562746689214,4.809711934464756,-25.410353432530123,-11.546708807396074,-1.672650507443708,1.388340793543254,-0.41446473027421793,-0.4561311694621048,-0.256818121261834,-0.7444513390379484,0.05139911584149875,0.35278619601151867,-4.327211989329778,0.0,0.0,0.0,0.0,0.0,0.0,9.230495893415172,9.2304963405322,9.230484495996716,9.217968292499656,0.0,0.0,0.0,0.0,0.0,0.0
5.415304347168105,-182.4125029531681,4.783530637075986,-25.387750810069672,-10.99312394307732,-1.6631517753843952,1.49206094211496,-0.438608242307296,-0.44518777506842083,-0.2736322220902357,-0.7311334089916104,0.04778612585047476,0.3712667979520042,-4.33300033005166,0.0,0.0,0.0,0.0,0.0,0.0,9.230495738150848,9.230496566409464,9.23048504897586,9.224099296181594,0.0,0.0,0.0,0.0,0.0,0.0
5.430999106981288,-182.58070812145178,4.757522877488181,-25.363514427157963,-10.441829704487436,-1.650505853868717,1.5965047311741347,-0.4622313469829776,-0.43364651248873565,-0.2901991940953052,-0.7169918491999017,0.05503328534657929,0.37945185952758753,-4.3359583119257925,0.0,0.0,0.0,0.0,0.0,0.0,9.230495503726189,9.230496802102705,9.230485551591578,9.227576121862292,0.0,0.0,0.0,0.0,0.0,0.0
5.446693866794471,-182.74027852719468,4.731739355834308,-25.337634705154404,-9.892766755679347,-1.6345550227137464,1.7014276805473738,-0.4852810671055527,-0.4216033888212133,-0.3065109724542045,-0.7019999232254537,0.06831862366996753,0.381359187838278,-4.337311122844227,0.0,0.0,0.0,0.0,0.0,0.0,9.230495169747618,9.230497036990153,9.23048600420004,9.22900742355948,0.0,0.0,0.0,0.0,0.0,0.0
5.462388626607654,-182.8912483742958,4.706232823738713,-25.310106565535417,-9.345826323926772,-1.6151959830324558,1.8065093423633878,-0.5077210663980033,-0.40911870565539626,-0.322549451082743,-0.6861508981446784,0.0840092200911524,0.3801938547184623,-4.338002975081776,0.0,0.0,0.0,0.0,0.0,0.0,9.230494704353893,9.230497262809733,9.230486413409716,9.229621863635899,0.0,0.0,0.0,0.0,0.0,0.0
5.4780833864208365,-183.0336498462759,4.681057237264128,-25.28093022777126,-8.80086236974852,-1.5923780168587087,1.9114004246445435,-0.5295243714747525,-0.3962302128795269,-0.3382916828969849,-0.6694507418013956,0.10062736895224378,0.3772367733760177,-4.338410895792113,0.0,0.0,0.0,0.0,0.0,0.0,9.230494056989476,9.230497473796271,9.230486791047367,9.22991467793797,0.0,0.0,0.0,0.0,0.0,0.0
5.493778146234019,-183.16751270044705,4.656266952729976,-25.25011150184198,-8.257713032408176,-1.5661005168261104,2.015740441205936,-0.5506682155463859,-0.38296649713682895,-0.3537128905763393,-0.6519113202712749,0.11756364738994114,0.37299403734929837,-4.338683274563653,0.0,0.0,0.0,0.0,0.0,0.0,9.230493144829698,9.230497666399522,9.230487152197387,9.230065910092216,0.0,0.0,0.0,0.0,0.0,0.0
5.509472906047202,-183.2928641038249,4.631915952821765,-25.217661878665805,-7.716210827071735,-1.5364114741615535,2.119167502945725,-0.5711321312878793,-0.3693522511938126,-0.368787563020025,-0.6335477381463677,0.13452645022550272,0.36769356434081785,-4.338885344106765,0.0,0.0,0.0,0.0,0.0,0.0,9.230491825715625,9.230497838804192,9.230487513124388,9.230145431107744,0.0,0.0,0.0,0.0,0.0,0.0
5.525167665860385,-183.40972858789377,4.608057094508593,-25.18359849294743,-7.176187926834924,-1.5034060956644866,2.221325447936709,-0.5908972477694948,-0.35541019291177606,-0.3834899015537616,-0.6143773537160502,0.15134927671777348,0.3614580975877085,-4.3390500099666385,0.0,0.0,0.0,0.0,0.0,0.0,9.230489840009184,9.230497990412877,9.23048788920286,9.230180954551772,0.0,0.0,0.0,0.0,0.0,0.0
5.540862425673568,-183.5181280715445,4.584741380878305,-25.147943985212898,-6.6374796827077835,-1.4672250878133464,2.3218697839504547,-0.6099459930609451,-0.34116178012636783,-0.3977940608203848,-0.5944193894094751,0.1679172058059817,0.3543713872285555,-4.339197257588077,0.0,0.0,0.0,0.0,0.0,0.0,9.230486673417037,9.230498121380702,9.230488292897702,9.230178625411094,0.0,0.0,0.0,0.0,0.0,0.0
5.556557185486751,-183.61808193371579,4.56201726394957,-25.110726276539665,-6.099927479626028,-1.428052397111352,2.4204729523710413,-0.6282619412671352,-0.32662742149845764,-0.41167433033710005,-0.5736947850747989,0.18413034803051784,0.34651293098602304,-4.339343992739377,0.0,0.0,0.0,0.0,0.0,0.0,9.230481192763579,9.230498232233359,9.230488731979198,9.230118171056327,0.0,0.0,0.0,0.0,0.0,0.0
5.572251945299934,-183.70960712970006,4.539929988267493,-25.071978265128056,-5.563381467816473,-1.3861122292278867,2.5168290631282244,-0.6458297070977783,-0.3118262998314621,-0.42510533553959606,-0.5522262234439654,0.19986178202501237,0.3380032498457394,-4.339515952819068,0.0,0.0,0.0,0.0,0.0,0.0,9.230470524036672,9.230498323564314,9.230489208286745,9.229848910307593,0.0,0.0,0.0,0.0,0.0,0.0
5.587946705113117,-183.792718361563,4.518520989578343,-25.03173745625319,-5.027704792233475,-1.3416647790889327,2.6106577436734275,-0.6626348213865244,-0.2967748730501866,-0.43806248488807675,-0.5300387038186724,0.21475081540569144,0.32923002306997745,-4.339807104003377,0.0,0.0,0.0,0.0,0.0,0.0,9.23044560208784,9.23049839556877,9.230489713418137,8.820406428904036,0.0,0.0,0.0,0.0,0.0,0.0
5.6036414649263,-183.86747484877066,4.497828737115449,-24.990065373450623,-4.498891838109252,-1.2941875696841378,2.6994507483516226,-0.6785992953499511,-0.27797891958864585,-0.4511676363615785,-0.5086044440572511,-0.4350216712313636,1.0175956209022081,-4.529089533455871,0.0,0.0,0.0,0.0,0.0,0.0,9.2303574735185,9.23049844700734,9.230490150333408,8.12329945188505,0.0,0.0,0.0,0.0,0.0,0.0
5.619336224739483,-183.93402993012245,4.477949128150936,-24.947038137173298,-3.9832038572610045,-1.2357415365400333,2.7840132594007394,-0.6929380360401243,-0.24598347487520908,-0.46652402103669344,-0.49161402145680083,-2.1736692908729407,2.930814971005594,-5.040123061782321,0.0,0.0,0.0,0.0,0.0,0.0,8.843361856384984,9.23049847578255,9.2304900290474,9.23036242686505,0.0,0.0,0.0,0.0,0.0,0.0
5.635030984552666,-183.9924646099924,4.459201065261477,-24.90262257277859,-3.4643158055696834,-1.1478491319169921,2.8756996561281585,-0.7025445337955384,-0.2052663845793054,-0.486689377623424,-0.47689657065686103,-1.3497687770120428,3.671596108082402,-4.861483402024378,0.0,0.0,0.0,0.0,0.0,0.0,4.773911120622506,9.230498479455987,9.230487905523121,9.23046546283451,0.0,0.0,0.0,0.0,0.0,0.0
5.6507257443658485,-184.04322059014254,4.442010585599492,-24.857072621914813,-3.001982951310813,-1.0362178417034216,2.921036363504133,-0.6834285454691646,-0.17668541074127772,-0.5416447071733106,-0.45643038906302735,6.365061573250886,10.999886074355997,-2.8042956361397033,0.0,0.0,0.0,0.0,0.0,0.0,9.108899896276972,9.230498457109675,9.230480115177338,9.230482279025365,0.0,0.0,0.0,0.0,0.0,0.0
5.666420504179031,-184.08612309931263,4.427044709436267,-24.81119170486265,-2.4627821421684537,-0.8635910495146081,2.9079373891219675,-0.6339004908393218,-0.16013319470079604,-0.6252257478877327,-0.42616932297715804,6.903024494451587,10.999972879087577,-2.748180388418292,0.0,0.0,0.0,0.0,0.0,0.0,9.101718945329644,9.230498379832037,9.230428824743882,9.230487039962107,0.0,0.0,0.0,0.0,0.0,0.0
5.682115263992214,-184.12050100878787,4.4150934096110594,-24.766375273940152,-1.9188040910620208,-0.6546294674887028,2.7839658046999425,-0.5766293347122872,-0.14481193796055625,-0.7037501790158561,-0.38892646928246444,7.44605306058948,10.999988917081492,-2.6887717805813693,0.0,0.0,0.0,0.0,0.0,0.0,8.244309105958706,9.23049821892458,8.403716338405383,9.230484947808304,0.0,0.0,0.0,0.0,0.0,0.0
5.697810023805397,-184.14661576629965,4.4065092238066645,-24.724407302602874,-1.412686050090589,-0.438938767096858,2.543946123630929,-0.5101767063948809,-0.13667348785655326,-0.7796488584894785,-0.33643386188855817,10.784757960332701,10.999993958415756,-2.6151938412062985,0.0,0.0,0.0,0.0,0.0,0.0,9.16681609271525,9.23049789214414,9.230470071539578,9.10513408108397,0.0,0.0,0.0,0.0,0.0,0.0
5.71350478361858,-184.16483997722904,4.4013162295888915,-24.68724341463324,-0.9173623669601839,-0.22728176932067132,2.17049503797167,-0.4344562096743175,-0.13409737706387068,-0.8491655562766753,-0.2686699711045878,10.999912940008905,10.99999457576964,-2.643679752825515,0.0,0.0,0.0,0.0,0.0,0.0,9.23049105242031,9.230495681914887,9.230342668463619,9.03516653367472,0.0,0.0,0.0,0.0,0.0,0.0
5.729199543431763,-184.17572197347914,4.399186087926666,-24.65691149266043,-0.48120401204098673,-0.05155037542925629,1.6760920900087841,-0.3521093716933924,-0.1294600026075801,-0.9060218738612885,-0.1959169777620337,10.999981599167919,10.999996438207475,-2.7339142503756166,0.0,0.0,0.0,0.0,0.0,0.0,9.230494415342582,9.229118960726128,4.7856288782484055,4.432315747803405,0.0,0.0,0.0,0.0,0.0,0.0
5.744894303244946,-184.1810871001369,4.3991699207197446,-24.634345495333722,-0.2138713657449014,0.04188854259106969,1.1885402418188715,-0.26692344239247406,-0.10689101775702838,-0.9508541974084933,-0.11490205174350938,10.999993236463311,10.999997691411453,-6.99996634756724,0.0,0.0,0.0,0.0,0.0,0.0,5.224227067272962,5.22422699598239,5.47828968862078,4.970117379927575,0.0,0.0,0.0,0.0,0.0,0.0
5.760589063058129,-184.18321824915333,4.400133018811662,-24.619166057952246,-0.06738162850336478,0.07354861516459468,0.7404265899433634,-0.1797951627272504,-0.06694232946578137,-0.9810625572860593,-0.026621094585198277,10.999993147852884,10.999997931575889,-6.999988040821322,0.0,0.0,0.0,0.0,0.0,0.0,5.859362450265046e-06,0.0005520939978588293,1.945626133996263,1.49499306066747,0.0,0.0,0.0,0.0,0.0,0.0
5.776283822871312,-184.1841488363182,4.401275858977893,-24.609174427100243,-0.0528545861031876,0.07069218255316524,0.5325485305009968,-0.08961108625306546,-0.031970569659919096,-0.9935720878320327,0.06133711908185349,10.999643685266722,10.99999740269218,-5.412019366559626,0.0,0.0,0.0,0.0,0.0,0.0,6.6065484063190745,2.216841343094273e-06,9.230493146747966,9.09961482749758,0.0,0.0,0.0,0.0,0.0,0.0
5.791978582684495,-184.18458023509277,4.401864775041372,-24.605031218976094,-0.008073177974451761,-0.0009024194845591172,-0.004149178348101193,-0.044305044554403844,-0.01732544038733112,-0.9933313935752622,0.10502206758698217,0.00010076229102431002,0.00018741727409041668,-0.0003012259314520193,0.0,0.0,0.0,0.0,0.0,0.0,6.6065484063190745,2.216841343094273e-06,9.230493146747966,9.09961482749758,0.0,0.0,0.0,0.0,0.0,0.0
