t,p_x,p_y,p_z,q_w,q_x,q_y,q_z,v_x,v_y,v_z,w_x,w_y,w_z,a_lin_x,a_lin_y,a_lin_z,a_rot_x,a_rot_y,a_rot_z,u_1,u_2,u_3,u_4,jerk_x,jerk_y,jerk_z,snap_x,snap_y,snap_z
0,0,0,-0.02,-0,0,-0.99102,0.13368,0,0,0,0,0,0,0,0,0,0,0,0,2.2921,2.6112,2.6116,2.2917,0,0,0,-640.68,-176.84,50.923
0.01,-2.6429e-07,-7.2624e-08,-0.02,0.0016502,0.00022132,-0.99102,0.13368,-0.00010545,-2.8944e-05,8.3801e-06,0.0011398,0.66005,1.0593e-06,-0.031503,-0.0086308,0.0025034,0,0,0,2.3002,2.6044,2.6029,2.3016,-6.2477,-1.7052,0.49643,-608.98,-164.27,48.371
0.02,-4.1864e-06,-1.1452e-06,-0.02,0.0064837,0.00085688,-0.991,0.13368,-0.00083306,-0.00022738,6.6192e-05,0.0059839,1.2838,1.6575e-05,-0.12391,-0.033691,0.0098443,0,0,0,2.3101,2.5985,2.5954,2.3133,-12.182,-3.2865,0.96759,-577.97,-152.05,45.87
0.03,-2.0981e-05,-5.7137e-06,-0.019998,0.014316,0.0018866,-0.99113,0.1321,-0.0027763,-0.00075346,0.00022056,0.008435,1.8696,8.1941e-05,-0.27412,-0.07396,0.021773,0,0,0,2.3227,2.5934,2.5897,2.3268,-17.81,-4.7474,1.414,-547.65,-140.18,43.419
0.04,-6.5644e-05,-1.7795e-05,-0.019995,0.024954,0.0032568,-0.99102,0.13135,-0.006498,-0.0017533,0.00051612,0.014862,2.4147,0.00025245,-0.4791,-0.12825,0.038043,0,0,0,2.3381,2.5901,2.5854,2.3436,-23.137,-6.0912,1.8361,-518.01,-128.65,41.018
0.05,-0.00015865,-4.2808e-05,-0.019987,0.038187,0.0049342,-0.99069,0.13057,-0.012531,-0.0033613,0.0009951,0.022983,2.9157,0.00059947,-0.73589,-0.1954,0.058416,0,0,0,2.3576,2.5888,2.5834,2.3646,-28.172,-7.3214,2.2345,-489.04,-117.45,38.667
0.06,-0.00032565,-8.746e-05,-0.019974,0.05378,0.0068777,-0.99006,0.12975,-0.021379,-0.0057005,0.0016973,0.032702,3.3677,0.0012058,-1.0416,-0.27431,0.082656,0,0,0,2.3823,2.5903,2.5843,2.3908,-32.92,-8.4413,2.6096,-460.74,-106.59,36.364
0.07,-0.00059719,-0.00015963,-0.019953,0.07147,0.0090433,-0.98904,0.12888,-0.033516,-0.008883,0.0026603,0.043891,3.7658,0.0021598,-1.3934,-0.36388,0.11053,0,0,0,2.4132,2.5954,2.5892,2.4234,-37.389,-9.4544,2.962,-433.1,-96.066,34.109
0.08,-0.0010084,-0.00026827,-0.01992,0.090966,0.011384,-0.98753,0.12795,-0.04939,-0.01301,0.0039194,0.056396,4.1045,0.0035489,-1.7885,-0.46305,0.14182,0,0,0,2.4513,2.6052,2.5989,2.4631,-41.584,-10.364,3.292,-406.11,-85.865,31.903
0.09,-0.0015989,-0.00042329,-0.019873,0.11195,0.013851,-0.98547,0.12696,-0.069421,-0.018173,0.0055074,0.070028,4.3793,0.0054524,-2.2242,-0.57082,0.1763,0,0,0,2.4973,2.6208,2.6148,2.5107,-45.513,-11.173,3.6002,-379.77,-75.987,29.744
0.1,-0.002412,-0.00063545,-0.019809,0.13408,0.016392,-0.9828,0.1259,-0.094,-0.024452,0.0074553,0.084575,4.5869,0.0079343,-2.6978,-0.68618,0.21375,0,0,0,2.5516,2.6436,2.6381,2.5666,-49.182,-11.885,3.887,-354.07,-66.428,27.633
0.11,-0.0034953,-0.00091628,-0.019723,0.15699,0.018957,-0.9795,0.12477,-0.1235,-0.031918,0.0097917,0.099805,4.7262,0.011038,-3.207,-0.80819,0.25397,0,0,0,2.6146,2.6747,2.67,2.631,-52.597,-12.502,4.153,-329.01,-57.185,25.568
0.12,-0.0048995,-0.001278,-0.019611,0.18035,0.021496,-0.97557,0.12359,-0.15825,-0.040635,0.012543,0.11548,4.7982,0.014781,-3.749,-0.93593,0.29675,0,0,0,2.6862,2.7155,2.7116,2.7038,-55.764,-13.029,4.3986,-304.58,-48.254,23.55
0.13,-0.0066788,-0.0017333,-0.01947,0.20381,0.023963,-0.97104,0.12237,-0.19858,-0.050653,0.015734,0.13136,4.8068,0.019156,-4.3214,-1.0685,0.34188,0,0,0,2.7662,2.7668,2.764,2.7849,-58.691,-13.468,4.6242,-280.78,-39.632,21.578
0.14,-0.0088906,-0.0022955,-0.019295,0.22707,0.026315,-0.96596,0.1211,-0.24477,-0.062018,0.019388,0.14724,4.7579,0.024132,-4.922,-1.205,0.38916,0,0,0,2.8544,2.8294,2.8278,2.874,-61.382,-13.823,4.8303,-257.58,-31.313,19.652
0.15,-0.011595,-0.0029783,-0.019081,0.24984,0.028518,-0.96042,0.11982,-0.2971,-0.074764,0.023524,0.16291,4.659,0.029654,-5.5483,-1.3447,0.43842,0,0,0,2.9506,2.9038,2.9032,2.9707,-63.844,-14.096,5.0173,-235.01,-23.296,17.771
0.16,-0.014854,-0.0037955,-0.018823,0.27192,0.030542,-0.9545,0.11854,-0.35582,-0.088919,0.028162,0.17823,4.519,0.035657,-6.1981,-1.4867,0.48945,0,0,0,3.0543,2.9898,2.9904,3.0748,-66.084,-14.29,5.1858,-213.03,-15.576,15.934
0.17,-0.018733,-0.0047614,-0.018516,0.29311,0.032366,-0.94831,0.11727,-0.42114,-0.1045,0.033319,0.19307,4.3468,0.042065,-6.8693,-1.6302,0.54207,0,0,0,3.1652,3.0873,3.089,3.186,-68.107,-14.408,5.3362,-191.65,-8.1486,14.142
0.18,-0.023299,-0.0058903,-0.018155,0.31331,0.033974,-0.94192,0.11602,-0.49326,-0.12153,0.039008,0.20735,4.1514,0.048799,-7.5596,-1.7746,0.59611,0,0,0,3.2832,3.1958,3.1984,3.3039,-69.919,-14.454,5.4688,-170.87,-1.0111,12.394
0.19,-0.028622,-0.0071967,-0.017734,0.33242,0.035357,-0.93545,0.11482,-0.57238,-0.13999,0.045245,0.22102,3.9407,0.055783,-8.267,-1.9191,0.65139,0,0,0,3.4078,3.3144,3.3179,3.4283,-71.526,-14.429,5.5842,-150.67,5.8405,10.69
0.2,-0.034771,-0.008695,-0.017248,0.35041,0.036509,-0.92895,0.11368,-0.65865,-0.15991,0.05204,0.23406,3.7217,0.062948,-8.9894,-2.063,0.70774,0,0,0,3.5386,3.4422,3.4466,3.5589,-72.934,-14.338,5.6828,-131.05,12.41,9.0286
0.21,-0.041819,-0.0104,-0.016691,0.36726,0.03743,-0.92252,0.1126,-0.75222,-0.18125,0.059403,0.24647,3.5002,0.070231,-9.725,-2.2056,0.76499,0,0,0,3.6754,3.5785,3.5835,3.6953,-74.149,-14.182,5.7649,-112.01,18.701,7.4102
0.22,-0.04984,-0.012325,-0.016058,0.38299,0.038124,-0.91619,0.1116,-0.85319,-0.20401,0.067342,0.25827,3.2808,0.077582,-10.472,-2.3464,0.82299,0,0,0,3.8177,3.7221,3.7277,3.8371,-75.176,-13.965,5.8311,-93.531,24.717,5.8341
0.23,-0.058908,-0.014485,-0.015343,0.39764,0.038593,-0.91002,0.11068,-0.96168,-0.22817,0.075865,0.26948,3.0669,0.084958,-11.228,-2.4847,0.88156,0,0,0,3.965,3.8722,3.8783,3.984,-76.022,-13.689,5.8817,-75.615,30.463,4.3001
0.24,-0.069099,-0.016893,-0.014539,0.41124,0.038845,-0.90405,0.10986,-1.0778,-0.25369,0.084975,0.28016,2.861,0.092326,-11.992,-2.62,0.94057,0,0,0,4.1169,4.0279,4.0344,4.1354,-76.691,-13.356,5.9173,-58.253,35.941,2.8075
0.25,-0.080489,-0.019563,-0.013641,0.42386,0.038886,-0.89829,0.10912,-1.2015,-0.28056,0.094677,0.29034,2.6647,0.099662,-12.761,-2.7517,0.99986,0,0,0,4.2728,4.1882,4.1951,4.2908,-77.189,-12.971,5.938,-41.439,41.156,1.3562
0.26,-0.093155,-0.022508,-0.012643,0.43555,0.038724,-0.89276,0.10849,-1.333,-0.30871,0.10497,0.30006,2.479,0.10695,-13.535,-2.8792,1.0593,0,0,0,4.4323,4.3524,4.3596,4.4498,-77.521,-12.534,5.9445,-25.168,46.111,-0.054458
0.27,-0.10718,-0.025741,-0.01154,0.44638,0.038365,-0.88748,0.10795,-1.4722,-0.33813,0.11586,0.30938,2.3044,0.11418,-14.311,-3.0022,1.1187,0,0,0,4.5947,4.5197,4.5272,4.6117,-77.694,-12.049,5.9371,-9.4324,50.809,-1.4247
0.28,-0.12263,-0.029275,-0.010324,0.45641,0.037817,-0.88244,0.10752,-1.6192,-0.36874,0.12735,0.31834,2.141,0.12134,-15.088,-3.1201,1.178,0,0,0,4.7595,4.6895,4.6971,4.7761,-77.712,-11.519,5.9161,5.7732,55.256,-2.7551
0.29,-0.13959,-0.03312,-0.0089908,0.4657,0.037086,-0.87764,0.10719,-1.774,-0.40051,0.13942,0.32697,1.9886,0.12843,-15.865,-3.2324,1.237,0,0,0,4.9262,4.8611,4.8688,4.9424,-77.58,-10.945,5.8821,20.455,59.454,-4.0459
0.3,-0.15813,-0.037288,-0.0075337,0.47431,0.036179,-0.87309,0.10696,-1.9365,-0.43337,0.15208,0.33533,1.8467,0.13546,-16.639,-3.3388,1.2956,0,0,0,5.0943,5.0338,5.0417,5.1102,-77.304,-10.331,5.8354,34.62,63.407,-5.2977
0.31,-0.17834,-0.041791,-0.0059471,0.48228,0.035102,-0.86877,0.10683,-2.1068,-0.46726,0.16533,0.34344,1.7149,0.14243,-17.41,-3.4389,1.3536,0,0,0,5.2632,5.2071,5.2152,5.2788,-76.889,-9.6778,5.7763,48.274,67.119,-6.5107
0.32,-0.20029,-0.046637,-0.0042252,0.48967,0.033859,-0.86468,0.10681,-2.2847,-0.50212,0.17916,0.35133,1.5926,0.14934,-18.177,-3.5323,1.4111,0,0,0,5.4325,5.3806,5.3887,5.4478,-76.34,-8.989,5.7053,61.423,70.594,-7.6854
0.33,-0.22406,-0.051836,-0.0023621,0.49653,0.032456,-0.8608,0.10689,-2.4703,-0.53789,0.19355,0.35904,1.4791,0.1562,-18.937,-3.6186,1.4677,0,0,0,5.6017,5.5537,5.5619,5.6167,-75.663,-8.2667,5.6227,74.074,73.835,-8.8222
0.34,-0.24972,-0.057397,-0.00035229,0.5029,0.030896,-0.85713,0.10707,-2.6634,-0.57447,0.20851,0.36659,1.3739,0.16302,-19.69,-3.6975,1.5235,0,0,0,5.7703,5.7259,5.7342,5.7852,-74.861,-7.5131,5.529,86.232,76.846,-9.9215
0.35,-0.27736,-0.063328,0.0018099,0.50881,0.029183,-0.85366,0.10735,-2.8641,-0.61181,0.22402,0.374,1.2763,0.16981,-20.434,-3.7687,1.5783,0,0,0,5.938,5.8969,5.9053,5.9527,-73.94,-6.7305,5.4244,97.904,79.631,-10.984
0.36,-0.30703,-0.069636,0.0041298,0.51431,0.027322,-0.85037,0.10773,-3.0721,-0.64982,0.24007,0.3813,1.1856,0.17658,-21.168,-3.832,1.6319,0,0,0,6.1043,6.0663,6.0747,6.1188,-72.904,-5.9212,5.3094,109.1,82.193,-12.009
0.37,-0.33882,-0.076327,0.006613,0.51942,0.025314,-0.84726,0.10821,-3.2874,-0.68842,0.25665,0.38851,1.1014,0.18334,-21.891,-3.8871,1.6844,0,0,0,6.2688,6.2336,6.2421,6.2832,-71.759,-5.0874,5.1843,119.82,84.537,-12.999
0.38,-0.3728,-0.083406,0.0092646,0.52417,0.023162,-0.84432,0.1088,-3.5099,-0.72753,0.27375,0.39564,1.0231,0.19009,-22.603,-3.9337,1.7356,0,0,0,6.4311,6.3985,6.4072,6.4455,-70.509,-4.2312,5.0496,130.07,86.665,-13.952
0.39,-0.40904,-0.090879,0.01209,0.52859,0.020869,-0.84153,0.10948,-3.7394,-0.76707,0.29136,0.40271,0.95006,0.19685,-23.301,-3.9716,1.7854,0,0,0,6.591,6.5608,6.5695,6.6053,-69.159,-3.3548,4.9054,139.86,88.582,-14.87
0.4,-0.44761,-0.098748,0.015093,0.53271,0.018436,-0.83889,0.11025,-3.9758,-0.80694,0.30945,0.40972,0.88194,0.20362,-23.986,-4.0007,1.8337,0,0,0,6.7481,6.7201,6.7289,6.7624,-67.714,-2.4602,4.7523,149.19,90.292,-15.753
0.41,-0.48858,-0.10702,0.01828,0.53654,0.015866,-0.83638,0.11113,-4.2191,-0.84705,0.32803,0.4167,0.81826,0.21042,-24.655,-4.0208,1.8804,0,0,0,6.9021,6.8761,6.8849,6.9164,-66.177,-1.5496,4.5905,158.08,91.798,-16.601
0.42,-0.53202,-0.11569,0.021655,0.5401,0.01316,-0.834,0.1121,-4.4689,-0.88732,0.34706,0.42364,0.75863,0.21726,-25.309,-4.0317,1.9255,0,0,0,7.0527,7.0285,7.0375,7.0671,-64.554,-0.62494,4.4204,166.53,93.103,-17.415
0.43,-0.57798,-0.12476,0.025223,0.54341,0.010319,-0.83174,0.11316,-4.7252,-0.92765,0.36653,0.43057,0.70267,0.22414,-25.946,-4.0332,1.9688,0,0,0,7.1997,7.1771,7.1862,7.2141,-62.848,0.31181,4.2423,174.53,94.213,-18.196
0.44,-0.62654,-0.13424,0.028987,0.54649,0.0073454,-0.82959,0.11432,-4.9877,-0.96795,0.38643,0.43748,0.65004,0.23108,-26.566,-4.0254,2.0103,0,0,0,7.3427,7.3217,7.3309,7.3572,-61.064,1.2587,4.0566,182.11,95.129,-18.942
0.45,-0.67776,-0.14412,0.032953,0.54935,0.0042398,-0.82755,0.11557,-5.2564,-1.0081,0.40673,0.44439,0.60043,0.23808,-27.167,-4.008,2.0499,0,0,0,7.4817,7.462,7.4713,7.4963,-59.207,2.2138,3.8635,189.27,95.857,-19.656
0.46,-0.73169,-0.1544,0.037123,0.552,0.0010035,-0.8256,0.11691,-5.531,-1.0481,0.42742,0.45129,0.55356,0.24516,-27.749,-3.9811,2.0875,0,0,0,7.6162,7.5979,7.6073,7.631,-57.28,3.1752,3.6635,196.01,96.4,-20.337
0.47,-0.7884,-0.16508,0.041502,0.55446,-0.0023623,-0.82375,0.11835,-5.8113,-1.0877,0.44847,0.4582,0.50916,0.25232,-28.312,-3.9445,2.1231,0,0,0,7.7463,7.7291,7.7387,7.7612,-55.288,4.1412,3.4569,202.33,96.761,-20.987
0.48,-0.84793,-0.17616,0.046094,0.55673,-0.0058566,-0.82198,0.11987,-6.0972,-1.1269,0.46987,0.46512,0.467,0.25957,-28.855,-3.8983,2.1566,0,0,0,7.8716,7.8555,7.8652,7.8867,-53.235,5.1098,3.2439,208.26,96.944,-21.604
0.49,-0.91036,-0.18762,0.050901,0.55882,-0.0094782,-0.82029,0.12147,-6.3884,-1.1657,0.4916,0.47204,0.42685,0.26692,-29.377,-3.8423,2.188,0,0,0,7.992,7.9769,7.9867,8.0074,-51.125,6.0795,3.0249,213.78,96.953,-22.19
0.5,-0.97572,-0.19947,0.055927,0.56074,-0.013226,-0.81868,0.12316,-6.6847,-1.2038,0.51363,0.47898,0.38852,0.27439,-29.877,-3.7767,2.2171,0,0,0,8.1074,8.0931,8.1032,8.123,-48.961,7.0483,2.8002,218.91,96.792,-22.744
0.51,-1.0441,-0.21169,0.061174,0.56249,-0.017099,-0.81713,0.12494,-6.9859,-1.2412,0.53593,0.48594,0.35183,0.28197,-30.356,-3.7014,2.244,0,0,0,8.2176,8.2041,8.2143,8.2334,-46.748,8.0147,2.5701,223.65,96.465,-23.269
0.52,-1.1155,-0.22429,0.066646,0.56409,-0.021096,-0.81565,0.12679,-7.2917,-1.2777,0.5585,0.4929,0.31659,0.28968,-30.812,-3.6164,2.2685,0,0,0,8.3225,8.3097,8.3201,8.3385,-44.489,8.9771,2.3349,228.02,95.974,-23.763
0.53,-1.1899,-0.23725,0.072345,0.56553,-0.025215,-0.81423,0.12873,-7.602,-1.3134,0.58129,0.49989,0.28266,0.29753,-31.246,-3.5218,2.2907,0,0,0,8.4219,8.4098,8.4204,8.4382,-42.189,9.9337,2.095,232.01,95.325,-24.227
0.54,-1.2675,-0.25055,0.078273,0.56683,-0.029455,-0.81286,0.13074,-7.9165,-1.3482,0.6043,0.50689,0.24989,0.30552,-31.656,-3.4177,2.3104,0,0,0,8.5158,8.5043,8.5151,8.5324,-39.85,10.883,1.8505,235.63,94.52,-24.662
0.55,-1.3483,-0.26421,0.084432,0.56798,-0.033816,-0.81155,0.13282,-8.2351,-1.3818,0.62749,0.5139,0.21815,0.31368,-32.042,-3.3042,2.3276,0,0,0,8.604,8.593,8.6041,8.621,-37.477,11.824,1.6018,238.9,93.563,-25.069
0.56,-1.4322,-0.27819,0.090823,0.56899,-0.038294,-0.81029,0.13497,-8.5573,-1.4142,0.65085,0.52093,0.18732,0.322,-32.405,-3.1813,2.3424,0,0,0,8.6865,8.676,8.6873,8.7038,-35.073,12.754,1.3492,241.81,92.459,-25.446
0.57,-1.5194,-0.29249,0.097449,0.56986,-0.042889,-0.80907,0.1372,-8.8831,-1.4454,0.67433,0.52797,0.15728,0.33049,-32.744,-3.0492,2.3546,0,0,0,8.7633,8.7532,8.7648,8.7809,-32.642,13.672,1.093,244.36,91.21,-25.796
0.58,-1.6099,-0.30709,0.10431,0.57059,-0.047599,-0.8079,0.13949,-9.2121,-1.4752,0.69793,0.53502,0.12792,0.33918,-33.058,-2.9079,2.3643,0,0,0,8.8341,8.8245,8.8363,8.8522,-30.187,14.578,0.8334,246.58,89.821,-26.117
0.59,-1.7037,-0.32198,0.11141,0.57119,-0.052423,-0.80677,0.14184,-9.5442,-1.5035,0.72161,0.54208,0.099152,0.34805,-33.348,-2.7577,2.3713,0,0,0,8.8991,8.8898,8.9019,8.9176,-27.712,15.468,0.57073,248.46,88.295,-26.412
0.6,-1.8008,-0.33715,0.11874,0.57165,-0.057357,-0.80568,0.14424,-9.879,-1.5303,0.74535,0.54915,0.070878,0.35714,-33.612,-2.5986,2.3757,0,0,0,8.9582,8.9492,8.9616,8.977,-25.219,16.343,0.30526,250.01,86.636,-26.679
0.61,-1.9013,-0.35258,0.12632,0.57198,-0.0624,-0.80462,0.14671,-10.216,-1.5554,0.76911,0.55622,0.043014,0.36644,-33.852,-2.4309,2.3774,0,0,0,9.0113,9.0025,9.0153,9.0306,-22.712,17.201,0.037236,251.24,84.848,-26.92
0.62,-2.0051,-0.36826,0.13413,0.57218,-0.067549,-0.8036,0.14922,-10.556,-1.5789,0.79289,0.56329,0.015477,0.37597,-34.066,-2.2546,2.3764,0,0,0,9.0585,9.0499,9.063,9.0782,-20.195,18.04,-0.23306,252.15,82.935,-27.135
0.63,-2.1124,-0.38416,0.14217,0.57225,-0.072803,-0.80261,0.15178,-10.898,-1.6005,0.81663,0.57036,-0.011808,0.38574,-34.256,-2.0701,2.3727,0,0,0,9.0996,9.0912,9.1047,9.1198,-17.67,18.859,-0.50538,252.75,80.899,-27.325
0.64,-2.2231,-0.40026,0.15046,0.57219,-0.078159,-0.80166,0.15438,-11.241,-1.6202,0.84033,0.57742,-0.038912,0.39576,-34.42,-1.8775,2.3663,0,0,0,9.1348,9.1265,9.1404,9.1555,-15.141,19.657,-0.77947,253.04,78.746,-27.489
0.65,-2.3372,-0.41655,0.15898,0.57199,-0.083613,-0.80073,0.15702,-11.586,-1.638,0.86395,0.58448,-0.065905,0.40605,-34.559,-1.6771,2.3571,0,0,0,9.164,9.1558,9.1701,9.1852,-12.611,20.433,-1.0551,253.04,76.478,-27.628
0.66,-2.4548,-0.43301,0.16774,0.57167,-0.089164,-0.79984,0.15969,-11.932,-1.6538,0.88746,0.59152,-0.09285,0.41661,-34.672,-1.4689,2.3452,0,0,0,9.1873,9.1791,9.1938,9.2089,-10.082,21.186,-1.3319,252.74,74.099,-27.742
0.67,-2.5759,-0.44962,0.17673,0.57121,-0.094808,-0.79897,0.16239,-12.279,-1.6674,0.91084,0.59855,-0.11981,0.42745,-34.76,-1.2534,2.3305,0,0,0,9.2046,9.1965,9.2117,9.2268,-7.5569,21.915,-1.6098,252.15,71.613,-27.833
0.68,-2.7004,-0.46635,0.18595,0.57062,-0.10054,-0.79813,0.16512,-12.627,-1.6788,0.93406,0.60555,-0.14684,0.4386,-34.823,-1.0307,2.313,0,0,0,9.216,9.2079,9.2236,9.2388,-5.0394,22.618,-1.8885,251.29,69.025,-27.9
0.69,-2.8284,-0.48319,0.19541,0.5699,-0.10637,-0.79733,0.16786,-12.976,-1.688,0.95709,0.61254,-0.174,0.45006,-34.861,-0.80114,2.2927,0,0,0,9.2216,9.2135,9.2296,9.245,-2.532,23.295,-2.1678,250.15,66.337,-27.944
0.7,-2.9599,-0.50011,0.20509,0.56904,-0.11227,-0.79654,0.17061,-13.324,-1.6948,0.97991,0.61949,-0.20135,0.46185,-34.874,-0.56492,2.2696,0,0,0,9.2214,9.2132,9.2299,9.2454,-0.03726,23.945,-2.4473,248.75,63.553,-27.965
0.71,-3.0949,-0.51708,0.21501,0.56804,-0.11826,-0.79579,0.17336,-13.673,-1.6993,1.0025,0.62642,-0.22893,0.47399,-34.862,-0.32234,2.2438,0,0,0,9.2155,9.2072,9.2244,9.2401,2.4421,24.566,-2.727,247.08,60.677,-27.963
0.72,-3.2334,-0.53408,0.22514,0.56691,-0.12432,-0.79507,0.17612,-14.021,-1.7012,1.0248,0.63331,-0.25679,0.48648,-34.825,-0.073699,2.2151,0,0,0,9.2039,9.1954,9.2133,9.2291,4.9035,25.158,-3.0065,245.16,57.713,-27.94
0.73,-3.3753,-0.5511,0.2355,0.56564,-0.13046,-0.79437,0.17887,-14.369,-1.7007,1.0468,0.64016,-0.285,0.49934,-34.764,0.18072,2.1836,0,0,0,9.1867,9.1781,9.1966,9.2126,7.3445,25.72,-3.2857,242.99,54.664,-27.894
0.74,-3.5207,-0.56809,0.24608,0.56424,-0.13667,-0.79371,0.18161,-14.717,-1.6976,1.0684,0.64697,-0.31358,0.5126,-34.678,0.4406,2.1494,0,0,0,9.164,9.1551,9.1743,9.1906,9.7625,26.251,-3.5643,240.58,51.534,-27.828
0.75,-3.6696,-0.58504,0.25687,0.56269,-0.14295,-0.79308,0.18433,-15.063,-1.6919,1.0897,0.65374,-0.3426,0.52626,-34.569,0.70563,2.1123,0,0,0,9.1359,9.1268,9.1467,9.1632,12.155,26.75,-3.8422,237.93,48.328,-27.741
0.76,-3.822,-0.60192,0.26787,0.561,-0.14929,-0.79248,0.18703,-15.408,-1.6835,1.1107,0.66046,-0.3721,0.54034,-34.435,0.97549,2.0725,0,0,0,9.1025,9.0931,9.1137,9.1305,14.52,27.217,-4.1191,235.05,45.048,-27.633
0.77,-3.9778,-0.6187,0.27908,0.55916,-0.15569,-0.79191,0.18969,-15.752,-1.6724,1.1312,0.66713,-0.40212,0.55487,-34.278,1.2499,2.03,0,0,0,9.0638,9.0541,9.0755,9.0926,16.855,27.651,-4.3948,231.95,41.698,-27.506
0.78,-4.137,-0.63536,0.29049,0.55718,-0.16214,-0.79138,0.19231,-16.093,-1.6585,1.1513,0.67374,-0.43272,0.56986,-34.098,1.5284,1.9846,0,0,0,9.0201,9.0099,9.0322,9.0496,19.158,28.051,-4.6691,228.63,38.283,-27.359
0.79,-4.2997,-0.65186,0.3021,0.55505,-0.16865,-0.79088,0.19489,-16.433,-1.6418,1.1709,0.68031,-0.46393,0.58532,-33.895,1.8108,1.9366,0,0,0,8.9713,8.9608,8.9839,9.0016,21.427,28.416,-4.9419,225.09,34.805,-27.192
0.8,-4.4657,-0.66818,0.31391,0.55277,-0.17521,-0.79042,0.19742,-16.771,-1.6222,1.19,0.68681,-0.4958,0.60128,-33.67,2.0966,1.8858,0,0,0,8.9177,8.9067,8.9307,8.9488,23.66,28.747,-5.2129,221.36,31.269,-27.007
0.81,-4.6351,-0.68429,0.3259,0.55035,-0.18182,-0.79,0.19989,-17.107,-1.5998,1.2086,0.69325,-0.52838,0.61776,-33.422,2.3856,1.8323,0,0,0,8.8593,8.8478,8.8728,8.8912,25.854,29.042,-5.482,217.42,27.678,-26.804
0.82,-4.8078,-0.70017,0.33808,0.54776,-0.18847,-0.78963,0.20229,-17.44,-1.5745,1.2266,0.69963,-0.56171,0.63479,-33.153,2.6773,1.7762,0,0,0,8.7963,8.7842,8.8103,8.8291,28.007,29.3,-5.7489,213.29,24.036,-26.583
0.83,-4.9839,-0.71577,0.35043,0.54503,-0.19515,-0.7893,0.20462,-17.77,-1.5463,1.2441,0.70595,-0.59585,0.65237,-32.862,2.9715,1.7174,0,0,0,8.7288,8.7162,8.7433,8.7625,30.119,29.522,-6.0136,208.98,20.347,-26.344
0.84,-5.1632,-0.73108,0.36296,0.54213,-0.20188,-0.78901,0.20687,-18.097,-1.5151,1.261,0.7122,-0.63084,0.67054,-32.551,3.2676,1.6559,0,0,0,8.657,8.6437,8.672,8.6916,32.186,29.707,-6.2757,204.48,16.615,-26.088
0.85,-5.3458,-0.74607,0.37565,0.53908,-0.20864,-0.78878,0.20903,-18.421,-1.4809,1.2772,0.71839,-0.66672,0.68931,-32.219,3.5655,1.5919,0,0,0,8.581,8.567,8.5965,8.6165,34.208,29.854,-6.5353,199.82,12.842,-25.815
0.86,-5.5316,-0.76069,0.3885,0.53586,-0.21543,-0.78859,0.2111,-18.741,-1.4438,1.2928,0.72451,-0.70354,0.70872,-31.867,3.8646,1.5252,0,0,0,8.501,8.4862,8.5169,8.5374,36.182,29.964,-6.792,194.98,9.0338,-25.526
0.87,-5.7206,-0.77493,0.4015,0.53248,-0.22225,-0.78846,0.21307,-19.058,-1.4036,1.3077,0.73056,-0.74136,0.72878,-31.495,4.1646,1.456,0,0,0,8.4171,8.4015,8.4335,8.4544,38.107,30.035,-7.0457,189.98,5.193,-25.221
0.88,-5.9127,-0.78875,0.41465,0.52894,-0.22909,-0.78839,0.21492,-19.371,-1.3605,1.3219,0.73654,-0.78023,0.74952,-31.105,4.4652,1.3843,0,0,0,8.3295,8.313,8.3464,8.3678,39.981,30.068,-7.2964,184.83,1.3235,-24.901
0.89,-6.108,-0.80213,0.42794,0.52522,-0.23596,-0.78837,0.21666,-19.68,-1.3143,1.3354,0.74245,-0.82018,0.77097,-30.696,4.7659,1.3101,0,0,0,8.2384,8.221,8.2558,8.2776,41.803,30.061,-7.5437,179.53,-2.5708,-24.565
0.9,-6.3063,-0.81503,0.44136,0.52133,-0.24284,-0.78842,0.21828,-19.985,-1.2652,1.3481,0.74828,-0.86129,0.79314,-30.269,5.0663,1.2334,0,0,0,8.1438,8.1254,8.1618,8.1841,43.571,30.016,-7.7876,174.09,-6.4863,-24.215
0.91,-6.5077,-0.82742,0.4549,0.51726,-0.24975,-0.78853,0.21976,-20.285,-1.213,1.36,0.75405,-0.90359,0.81608,-29.824,5.366,1.1544,0,0,0,8.0461,8.0266,8.0646,8.0874,45.285,29.932,-8.028,168.51,-10.419,-23.85
0.92,-6.712,-0.83928,0.46856,0.51301,-0.25667,-0.7887,0.22111,-20.581,-1.1578,1.3712,0.75973,-0.94714,0.83979,-29.363,5.6648,1.0729,0,0,0,7.9454,7.9248,7.9644,7.9877,46.941,29.808,-8.2646,162.8,-14.366,-23.472
0.93,-6.9193,-0.85057,0.48232,0.50858,-0.26361,-0.78895,0.22231,-20.873,-1.0997,1.3815,0.76534,-0.99199,0.86431,-28.886,5.9621,0.98909,0,0,0,7.8418,7.82,7.8614,7.8851,48.54,29.644,-8.4974,156.96,-18.322,-23.08
0.94,-7.1295,-0.86127,0.49618,0.50396,-0.27056,-0.78926,0.22336,-21.159,-1.0386,1.391,0.77086,-1.0382,0.88967,-28.393,6.2575,0.90297,0,0,0,7.7356,7.7125,7.7558,7.78,50.08,29.441,-8.7261,151.01,-22.285,-22.675
0.95,-7.3425,-0.87133,0.51014,0.49914,-0.27752,-0.78965,0.22425,-21.44,-0.97456,1.3995,0.7763,-1.0858,0.91589,-27.884,6.5508,0.81458,0,0,0,7.6269,7.6025,7.6477,7.6723,51.56,29.199,-8.9508,144.95,-26.251,-22.258
0.96,-7.5582,-0.88075,0.52417,0.49414,-0.2845,-0.79012,0.22496,-21.717,-0.9076,1.4072,0.78166,-1.1349,0.94299,-27.362,6.8414,0.72397,0,0,0,7.516,7.4901,7.5373,7.5624,52.979,28.916,-9.1713,138.78,-30.215,-21.828
0.97,-7.7768,-0.88948,0.53828,0.48893,-0.29148,-0.79066,0.2255,-21.988,-0.83774,1.414,0.78692,-1.1855,0.971,-26.825,7.129,0.63117,0,0,0,7.403,7.3755,7.4249,7.4504,54.335,28.594,-9.3873,132.51,-34.174,-21.386
0.98,-7.998,-0.89749,0.55245,0.48351,-0.29846,-0.79128,0.22586,-22.253,-0.76503,1.4199,0.79208,-1.2376,0.99994,-26.275,7.4131,0.53624,0,0,0,7.2881,7.2591,7.3106,7.3366,55.629,28.233,-9.5989,126.15,-38.125,-20.933
0.99,-8.2218,-0.90477,0.56667,0.47788,-0.30546,-0.79198,0.22603,-22.513,-0.68949,1.4247,0.79714,-1.2914,1.0298,-25.713,7.6935,0.43921,0,0,0,7.1716,7.1408,7.1947,7.221,56.858,27.832,-9.806,119.71,-42.063,-20.469
1,-8.4482,-0.91127,0.58094,0.47204,-0.31245,-0.79277,0.22599,-22.767,-0.61117,1.4286,0.80209,-1.3468,1.0607,-25.138,7.9696,0.34013,0,0,0,7.0537,7.021,7.0773,7.104,58.022,27.392,-10.008,113.18,-45.985,-19.994
1.01,-8.6771,-0.91698,0.59524,0.46598,-0.31945,-0.79363,0.22575,-23.016,-0.53012,1.4315,0.80692,-1.4039,1.0926,-24.552,8.2412,0.23906,0,0,0,6.9344,6.8999,6.9587,6.9857,59.121,26.912,-10.206,106.58,-49.887,-19.509
1.02,-8.9085,-0.92187,0.60957,0.45968,-0.32646,-0.79458,0.22529,-23.258,-0.44637,1.4334,0.81162,-1.4628,1.1255,-23.956,8.5077,0.13603,0,0,0,6.8142,6.7776,6.839,6.8663,60.154,26.394,-10.398,99.912,-53.766,-19.014
1.03,-9.1423,-0.9259,0.6239,0.45315,-0.33346,-0.79562,0.22461,-23.495,-0.35998,1.4342,0.81618,-1.5234,1.1593,-23.35,8.7689,0.031105,0,0,0,6.6931,6.6544,6.7185,6.746,61.119,25.837,-10.586,93.182,-57.617,-18.51
1.04,-9.3784,-0.92906,0.63825,0.44638,-0.34046,-0.79674,0.22369,-23.725,-0.27101,1.434,0.82058,-1.5859,1.1943,-22.734,9.0243,-0.075672,0,0,0,6.5714,6.5305,6.5973,6.625,62.017,25.242,-10.769,86.398,-61.438,-17.997
1.05,-9.6168,-0.93131,0.65258,0.43936,-0.34746,-0.79794,0.22253,-23.949,-0.17951,1.4327,0.82481,-1.6501,1.2302,-22.11,9.2736,-0.18425,0,0,0,6.4492,6.406,6.4757,6.5035,62.847,24.608,-10.946,79.564,-65.223,-17.475
1.06,-9.8574,-0.93264,0.6669,0.43209,-0.35446,-0.79923,0.22113,-24.167,-0.085556,1.4303,0.82885,-1.7161,1.2672,-21.477,9.5164,-0.29457,0,0,0,6.3269,6.2813,6.3539,6.3818,63.608,23.937,-11.118,72.688,-68.97,-16.946
1.07,-10.1,-0.93301,0.68118,0.42455,-0.36145,-0.80059,0.21946,-24.379,0.010793,1.4268,0.83269,-1.784,1.3052,-20.838,9.7523,-0.40659,0,0,0,6.2046,6.1564,6.2321,6.2599,64.301,23.229,-11.285,65.775,-72.675,-16.408
1.08,-10.345,-0.93242,0.69543,0.41675,-0.36843,-0.80204,0.21753,-24.584,0.10946,1.4222,0.8363,-1.8537,1.3442,-20.191,9.9808,-0.52025,0,0,0,6.0825,6.0317,6.1105,6.1381,64.924,22.484,-11.446,58.832,-76.334,-15.863
1.09,-10.592,-0.93082,0.70962,0.40866,-0.3754,-0.80356,0.21532,-24.783,0.21038,1.4164,0.83966,-1.9251,1.3842,-19.539,10.202,-0.6355,0,0,0,5.9609,5.9073,5.9892,6.0166,65.477,21.703,-11.602,51.865,-79.943,-15.311
1.1,-10.841,-0.9282,0.72375,0.4003,-0.38235,-0.80515,0.21283,-24.975,0.31347,1.4095,0.84274,-1.9983,1.4252,-18.882,10.415,-0.75228,0,0,0,5.8399,5.7835,5.8686,5.8956,65.961,20.885,-11.752,44.881,-83.499,-14.752
1.11,-11.091,-0.92454,0.73781,0.39164,-0.38929,-0.80682,0.21005,-25.16,0.41865,1.4014,0.84551,-2.0731,1.467,-18.22,10.619,-0.87053,0,0,0,5.7198,5.6605,5.7488,5.7752,66.375,20.033,-11.897,37.885,-86.998,-14.188
1.12,-11.344,-0.91982,0.75178,0.38268,-0.3962,-0.80854,0.20697,-25.339,0.52583,1.3921,0.84794,-2.1494,1.5097,-17.555,10.815,-0.9902,0,0,0,5.6007,5.5384,5.63,5.6557,66.719,19.146,-12.036,30.883,-90.435,-13.617
1.13,-11.598,-0.91402,0.76565,0.37342,-0.40309,-0.81033,0.20357,-25.511,0.63493,1.3816,0.84999,-2.2272,1.5532,-16.886,11.002,-1.1112,0,0,0,5.4829,5.4175,5.5124,5.5372,66.993,18.224,-12.169,23.883,-93.809,-13.042
1.14,-11.854,-0.90712,0.77941,0.36385,-0.40995,-0.81216,0.19986,-25.677,0.74585,1.3698,0.85163,-2.3064,1.5974,-16.215,11.18,-1.2336,0,0,0,5.3665,5.298,5.3962,5.4199,67.196,17.27,-12.297,16.89,-97.114,-12.461
1.15,-12.112,-0.8991,0.79304,0.35396,-0.41677,-0.81404,0.19583,-25.836,0.85849,1.3569,0.85282,-2.3866,1.6423,-15.543,11.347,-1.3572,0,0,0,5.2518,5.1801,5.2815,5.3039,67.33,16.282,-12.419,9.9106,-100.35,-11.876
1.16,-12.371,-0.88994,0.80654,0.34375,-0.42355,-0.81595,0.19146,-25.988,0.97276,1.3427,0.85351,-2.4678,1.6877,-14.869,11.505,-1.4819,0,0,0,5.1389,5.064,5.1686,5.1894,67.395,15.263,-12.534,2.9508,-103.5,-11.287
1.17,-12.631,-0.87964,0.81989,0.33322,-0.43028,-0.81789,0.18676,-26.133,1.0886,1.3272,0.85365,-2.5498,1.7334,-14.195,11.653,-1.6078,0,0,0,5.0281,4.9499,5.0575,5.0766,67.389,14.212,-12.644,-3.983,-106.58,-10.694
1.18,-12.893,-0.86816,0.83308,0.32235,-0.43695,-0.81985,0.18171,-26.272,1.2058,1.3105,0.85321,-2.6321,1.7795,-13.521,11.789,-1.7348,0,0,0,4.9193,4.838,4.9486,4.9656,67.315,13.132,-12.748,-10.885,-109.58,-10.097
1.19,-13.157,-0.85552,0.8461,0.31116,-0.44355,-0.8218,0.17631,-26.404,1.3243,1.2925,0.85212,-2.7147,1.8256,-12.849,11.915,-1.8628,0,0,0,4.8129,4.7284,4.8418,4.8566,67.172,12.021,-12.846,-17.748,-112.48,-9.4983
1.2,-13.421,-0.84167,0.85893,0.29963,-0.45008,-0.82375,0.17056,-26.529,1.444,1.2733,0.85034,-2.7971,1.8718,-12.178,12.03,-1.9917,0,0,0,4.709,4.6214,4.7374,4.7496,66.96,10.882,-12.938,-24.566,-115.3,-8.8967
1.21,-13.687,-0.82663,0.87156,0.28778,-0.45651,-0.82567,0.16445,-26.647,1.5649,1.2527,0.84781,-2.879,1.9177,-11.51,12.133,-2.1215,0,0,0,4.6077,4.517,4.6354,4.6448,66.681,9.7155,-13.024,-31.334,-118.02,-8.293
1.22,-13.954,-0.81037,0.88398,0.27559,-0.46286,-0.82756,0.15799,-26.759,1.6867,1.2308,0.84448,-2.96,1.9632,-10.845,12.224,-2.2522,0,0,0,4.509,4.4154,4.5361,4.5423,66.334,8.522,-13.104,-38.044,-120.65,-7.6877
1.23,-14.222,-0.79289,0.89617,0.26309,-0.46909,-0.82939,0.15116,-26.864,1.8093,1.2077,0.84029,-3.0397,2.0081,-10.183,12.303,-2.3836,0,0,0,4.4132,4.3168,4.4394,4.4421,65.92,7.3029,-13.178,-44.691,-123.17,-7.0811
1.24,-14.491,-0.77419,0.90812,0.25026,-0.4752,-0.83116,0.14398,-26.963,1.9327,1.1832,0.8352,-3.1177,2.0523,-9.5265,12.37,-2.5157,0,0,0,4.3203,4.2212,4.3455,4.3445,65.44,6.059,-13.246,-51.268,-125.59,-6.4737
1.25,-14.762,-0.75424,0.91983,0.23713,-0.48117,-0.83284,0.13644,-27.055,2.0567,1.1573,0.82914,-3.1936,2.0954,-8.8748,12.424,-2.6485,0,0,0,4.2303,4.1288,4.2545,4.2494,64.895,4.7915,-13.307,-57.769,-127.89,-5.8659
1.26,-15.033,-0.73305,0.93127,0.2237,-0.487,-0.83443,0.12855,-27.14,2.1811,1.1302,0.82208,-3.267,2.1374,-8.2288,12.466,-2.7818,0,0,0,4.1433,4.0396,4.1663,4.157,64.285,3.5015,-13.363,-64.188,-130.09,-5.258
1.27,-15.304,-0.71062,0.94243,0.20998,-0.49266,-0.83589,0.12032,-27.219,2.3059,1.1017,0.81396,-3.3373,2.1779,-7.5893,12.494,-2.9157,0,0,0,4.0594,3.9536,4.081,4.0672,63.612,2.1902,-13.413,-70.518,-132.16,-4.6504
1.28,-15.577,-0.68693,0.9533,0.196,-0.49815,-0.83723,0.11174,-27.292,2.431,1.0719,0.80474,-3.4043,2.2169,-6.9568,12.509,-3.0501,0,0,0,3.9784,3.8708,3.9987,3.9802,62.875,0.85865,-13.456,-76.754,-134.12,-4.0437
1.29,-15.85,-0.662,0.96386,0.18176,-0.50345,-0.83841,0.10284,-27.358,2.5561,1.0407,0.79439,-3.4676,2.2542,-6.332,12.511,-3.1848,0,0,0,3.9005,3.7913,3.9194,3.896,62.077,-0.49184,-13.494,-82.889,-135.95,-3.4381
1.3,-16.124,-0.63581,0.97411,0.16728,-0.50854,-0.83943,0.093628,-27.419,2.6811,1.0082,0.78287,-3.5267,2.2896,-5.7155,12.499,-3.3199,0,0,0,3.8255,3.7151,3.8429,3.8145,61.218,-1.86,-13.525,-88.917,-137.66,-2.8342
1.31,-16.399,-0.60837,0.98402,0.15259,-0.51342,-0.84027,0.084107,-27.473,2.806,0.9743,0.77015,-3.5815,2.3229,-5.1078,12.474,-3.4553,0,0,0,3.7534,3.6419,3.7694,3.7359,60.299,-3.2446,-13.55,-94.831,-139.23,-2.2322
1.32,-16.674,-0.57969,0.99359,0.1377,-0.51806,-0.84091,0.074296,-27.521,2.9306,0.93907,0.75622,-3.6317,2.3542,-4.5097,12.435,-3.5909,0,0,0,3.6841,3.5718,3.6987,3.6601,59.321,-4.6442,-13.57,-100.63,-140.67,-1.6327
1.33,-16.949,-0.54976,1.0028,0.12265,-0.52246,-0.84135,0.064211,-27.563,3.0547,0.90248,0.74105,-3.6771,2.3834,-3.9216,12.381,-3.7267,0,0,0,3.6176,3.5047,3.6307,3.587,58.287,-6.0575,-13.583,-106.29,-141.97,-1.036
1.34,-17.225,-0.5186,1.0116,0.10744,-0.52661,-0.84157,0.053869,-27.599,3.1781,0.86454,0.72464,-3.7178,2.4104,-3.3441,12.313,-3.8625,0,0,0,3.5536,3.4403,3.5655,3.5167,57.196,-7.4831,-13.59,-111.83,-143.13,-0.44247
1.35,-17.501,-0.4862,1.0201,0.092115,-0.53049,-0.84156,0.043287,-27.63,3.3009,0.82523,0.707,-3.7537,2.4353,-2.7778,12.231,-3.9985,0,0,0,3.492,3.3785,3.5028,3.4491,56.051,-8.9196,-13.592,-117.23,-144.13,0.1474
1.36,-17.777,-0.45258,1.0281,0.076689,-0.53409,-0.84132,0.032483,-27.655,3.4227,0.78457,0.68811,-3.7849,2.4583,-2.2233,12.135,-4.1344,0,0,0,3.4327,3.3191,3.4425,3.3841,54.852,-10.365,-13.587,-122.48,-144.99,0.73323
1.37,-18.054,-0.41775,1.0358,0.061186,-0.5374,-0.84083,0.021476,-27.674,3.5435,0.74254,0.66799,-3.8118,2.4794,-1.681,12.024,-4.2702,0,0,0,3.3756,3.2618,3.3846,3.3217,53.601,-11.819,-13.577,-127.59,-145.7,1.3146
1.38,-18.331,-0.38172,1.043,0.045629,-0.54042,-0.84009,0.010283,-27.689,3.6632,0.69916,0.64665,-3.8345,2.4989,-1.1514,11.899,-4.4059,0,0,0,3.3203,3.2065,3.3289,3.2618,52.301,-13.279,-13.561,-132.53,-146.24,1.8911
1.39,-18.608,-0.34449,1.0497,-0.030038,0.54314,0.8391,0.0010782,-27.697,3.7815,0.65443,0.62411,-3.8535,2.517,-0.63513,11.758,-4.5414,0,0,0,3.2668,3.153,3.2752,3.2041,50.951,-14.743,-13.539,-137.31,-146.63,2.4624
1.4,-18.885,-0.30609,1.0561,-0.014433,0.54555,0.83786,0.01259,-27.701,3.8983,0.60834,0.60037,-3.8693,2.5341,-0.13256,11.604,-4.6766,0,0,0,3.2148,3.1008,3.2234,3.1488,49.555,-16.211,-13.512,-141.93,-146.85,3.028
1.41,-19.162,-0.26653,1.0619,0.0011708,0.54765,0.83635,0.024237,-27.7,4.0135,0.56089,0.57544,-3.8825,2.5504,0.35582,11.434,-4.8116,0,0,0,3.1641,3.0498,3.1734,3.0955,48.113,-17.68,-13.479,-146.36,-146.9,3.5875
1.42,-19.439,-0.22583,1.0673,0.016759,0.54943,0.8346,0.036004,-27.694,4.1269,0.51211,0.54934,-3.8939,2.5665,0.82956,11.25,-4.9462,0,0,0,3.1145,2.9997,3.1249,3.0441,46.628,-19.148,-13.44,-150.62,-146.78,4.1406
1.43,-19.716,-0.184,1.0721,0.03232,0.55088,0.83258,0.047879,-27.684,4.2384,0.46197,0.52208,-3.904,2.5828,1.2882,11.051,-5.0804,0,0,0,3.0658,2.9502,3.0778,2.9945,45.102,-20.615,-13.396,-154.69,-146.48,4.6868
1.44,-19.992,-0.14107,1.0765,0.047848,0.552,0.83032,0.059851,-27.668,4.3479,0.4105,0.49364,-3.9137,2.5998,1.7315,10.838,-5.2141,0,0,0,3.0178,2.901,3.032,2.9465,43.535,-22.077,-13.346,-158.56,-146,5.2256
1.45,-20.269,-0.097052,1.0804,0.063338,0.55279,0.82779,0.071912,-27.649,4.4551,0.35769,0.46401,-3.924,2.6181,2.1588,10.61,-5.3473,0,0,0,2.9703,2.8519,2.9873,2.9,41.931,-23.534,-13.291,-162.23,-145.34,5.7568
1.46,-20.545,-0.051974,1.0837,0.07879,0.55323,0.82502,0.084054,-27.625,4.56,0.30356,0.43317,-3.9357,2.6383,2.57,10.367,-5.4799,0,0,0,2.9231,2.8027,2.9435,2.8547,40.291,-24.984,-13.231,-165.69,-144.49,6.2798
1.47,-20.821,-0.0058593,1.0864,0.094208,0.55333,0.822,0.096274,-27.598,4.6624,0.2481,0.40109,-3.9497,2.6609,2.9645,10.11,-5.6119,0,0,0,2.8761,2.7529,2.9005,2.8106,38.618,-26.423,-13.166,-168.94,-143.45,6.7944
1.48,-21.097,0.041266,1.0886,0.1096,0.55307,0.81873,0.10857,-27.566,4.7622,0.19132,0.36769,-3.9671,2.6868,3.3422,9.8387,-5.7432,0,0,0,2.8289,2.7025,2.8583,2.7674,36.913,-27.852,-13.095,-171.97,-142.22,7.3
1.49,-21.373,0.089375,1.0902,0.12498,0.55245,0.8152,0.12094,-27.531,4.8592,0.13323,0.33291,-3.989,2.7166,3.7027,9.5531,-5.8738,0,0,0,2.7815,2.6512,2.8167,2.7251,35.179,-29.267,-13.02,-174.78,-140.78,7.7962
1.5,-21.648,0.13844,1.0913,0.14036,0.55145,0.81143,0.13339,-27.492,4.9532,0.073847,0.29664,-4.0163,2.7512,4.0457,9.2534,-6.0036,0,0,0,2.7338,2.5987,2.7756,2.6834,33.418,-30.667,-12.94,-177.35,-139.14,8.2828
1.51,-21.923,0.18843,1.0917,0.15576,0.55006,0.80739,0.14593,-27.45,5.0442,0.013165,0.25877,-4.0503,2.7913,4.371,8.9398,-6.1326,0,0,0,2.6855,2.5449,2.735,2.6424,31.633,-32.049,-12.854,-179.69,-137.3,8.7592
1.52,-22.197,0.23931,1.0915,0.17121,0.54825,0.8031,0.15855,-27.405,5.132,-0.048802,0.21911,-4.092,2.8379,4.6783,8.6125,-6.2607,0,0,0,2.6367,2.4895,2.6948,2.6018,29.825,-33.412,-12.764,-181.78,-135.25,9.225
1.53,-22.471,0.29106,1.0907,0.18673,0.54602,0.79853,0.17128,-27.357,5.2164,-0.11204,0.17749,-4.1426,2.8919,4.9674,8.2716,-6.3878,0,0,0,2.5872,2.4324,2.6552,2.5616,27.998,-34.753,-12.67,-183.62,-132.98,9.6799
1.54,-22.744,0.34363,1.0893,0.20237,0.54333,0.79369,0.18412,-27.305,5.2973,-0.17656,0.13366,-4.2033,2.9543,5.2382,7.9175,-6.514,0,0,0,2.5369,2.3735,2.616,2.5218,26.154,-36.071,-12.571,-185.2,-130.49,10.123
1.55,-23.017,0.39699,1.0872,0.21814,0.54016,0.78855,0.19708,-27.252,5.3747,-0.24232,0.08732,-4.2754,3.0261,5.4905,7.5503,-6.6392,0,0,0,2.4859,2.3125,2.5774,2.4824,24.295,-37.363,-12.467,-186.52,-127.79,10.555
1.56,-23.289,0.45111,1.0844,0.23411,0.53645,0.78309,0.21018,-27.196,5.4483,-0.30934,0.038112,-4.3601,3.1084,5.7241,7.1703,-6.7634,0,0,0,2.4341,2.2495,2.5396,2.4432,22.424,-38.626,-12.36,-187.58,-124.87,10.975
1.57,-23.561,0.50595,1.081,0.2503,0.53218,0.77731,0.22342,-27.137,5.5181,-0.37759,-0.014406,-4.4586,3.2024,5.9389,6.7779,-6.8864,0,0,0,2.3817,2.1844,2.5027,2.4043,20.544,-39.859,-12.248,-188.39,-121.74,11.384
1.58,-23.832,0.56146,1.0769,0.26678,0.52729,0.77118,0.23683,-27.077,5.5838,-0.44706,-0.070782,-4.572,3.3093,6.1349,6.3733,-7.0083,0,0,0,2.3286,2.1171,2.4668,2.3657,18.657,-41.06,-12.132,-188.94,-118.4,11.781
1.59,-24.102,0.61761,1.0721,0.28359,0.52171,0.76466,0.25039,-27.015,5.6455,-0.51775,-0.13169,-4.7016,3.4303,6.312,5.9568,-7.129,0,0,0,2.2751,2.0478,2.4323,2.3274,16.766,-42.227,-12.012,-189.26,-114.87,12.167
1.6,-24.372,0.67435,1.0665,0.30078,0.51537,0.75774,0.26412,-26.951,5.7029,-0.58964,-0.19799,-4.8483,3.5667,6.4702,5.5289,-7.2486,0,0,0,2.2214,1.9766,2.3994,2.2894,14.873,-43.357,-11.889,-189.33,-111.15,12.542
1.61,-24.641,0.73165,1.0603,0.31843,0.50818,0.75037,0.27801,-26.885,5.756,-0.66272,-0.27073,-5.0128,3.7194,6.6095,5.0898,-7.3668,0,0,0,2.1678,1.9038,2.3685,2.2516,12.98,-44.449,-11.762,-189.17,-107.24,12.907
1.62,-24.91,0.78946,1.0533,0.33659,0.50004,0.74255,0.29204,-26.819,5.8047,-0.73697,-0.35129,-5.1957,3.8897,6.7299,4.64,-7.4838,0,0,0,2.1145,1.8297,2.3399,2.2139,11.09,-45.501,-11.631,-188.78,-103.16,13.26
1.63,-25.178,0.84773,1.0455,0.35533,0.49081,0.73424,0.30617,-26.751,5.8488,-0.81239,-0.44147,-5.3969,4.0782,6.8313,4.1799,-7.5994,0,0,0,2.0621,1.7551,2.3139,2.1761,9.2056,-46.511,-11.496,-188.16,-98.9,13.603
1.64,-25.445,0.90642,1.037,0.37471,0.48034,0.72543,0.32033,-26.682,5.8882,-0.88895,-0.54367,-5.6156,4.2855,6.914,3.7099,-7.7137,0,0,0,2.0111,1.6808,2.291,2.1378,7.328,-47.479,-11.359,-187.33,-94.479,13.936
1.65,-25.711,0.96548,1.0277,0.39483,0.46843,0.71614,0.33441,-26.613,5.923,-0.96666,-0.6612,-5.8501,4.5115,6.9779,3.2305,-7.8266,0,0,0,1.9622,1.608,2.2713,2.0987,5.4597,-48.401,-11.218,-186.28,-89.9,14.259
1.66,-25.977,1.0249,1.0177,0.41576,0.45483,0.7064,0.34824,-26.543,5.9528,-1.0455,-0.79883,-6.0971,4.7556,7.0232,2.7421,-7.938,0,0,0,1.9161,1.5384,2.2552,2.058,3.603,-49.276,-11.074,-185.03,-85.168,14.572
1.67,-26.242,1.0845,1.0068,0.43762,0.43917,0.69636,0.36153,-26.472,5.9778,-1.1254,-0.96368,-6.3513,5.0159,7.05,2.2451,-8.048,0,0,0,1.8735,1.474,2.2427,2.0148,1.7598,-50.103,-10.926,-183.57,-80.291,14.875
1.68,-26.506,1.1444,0.99517,0.46056,0.42096,0.68624,0.37382,-26.402,5.9977,-1.2064,-1.167,-6.6046,5.2896,7.0585,1.7402,-8.1565,0,0,0,1.8353,1.4175,2.2339,1.968,-0.067789,-50.881,-10.776,-181.92,-75.275,15.168
1.69,-26.77,1.2045,0.98269,0.48485,0.39939,0.67654,0.38432,-26.331,6.0125,-1.2885,-1.4276,-6.8438,5.5725,7.0487,1.2277,-8.2635,0,0,0,1.8019,1.3724,2.2287,1.9164,-1.8779,-51.608,-10.623,-180.07,-70.126,15.452
1.7,-27.033,1.2646,0.96939,0.51094,0.373,0.6682,0.39157,-26.261,6.0222,-1.3717,-1.7799,-7.047,5.8584,7.021,0.70817,-8.369,0,0,0,1.7731,1.343,2.2272,1.8583,-3.6685,-52.283,-10.467,-178.03,-64.851,15.727
1.71,-27.295,1.3249,0.95526,0.53973,0.33885,0.66314,0.39257,-26.191,6.0267,-1.4559,-2.2932,-7.1705,6.1399,6.9754,0.18218,-8.4729,0,0,0,1.7469,1.3355,2.2298,1.7919,-5.4379,-52.905,-10.308,-175.81,-59.455,15.993
1.72,-27.557,1.3852,0.94027,0.57313,0.28973,0.66575,0.37995,-26.121,6.0259,-1.5412,-3.1254,-7.1024,6.4077,6.9123,-0.34975,-8.5752,0,0,0,1.7164,1.3605,2.2379,1.715,-7.1842,-53.472,-10.147,-173.42,-53.947,16.25
1.73,-27.818,1.4454,0.92443,0.61451,0.20346,0.68672,0.33076,-26.053,6.0197,-1.6274,-4.68,-6.4276,6.6516,6.8318,-0.88707,-8.6758,0,0,0,1.6568,1.4455,2.2525,1.6267,-8.9057,-53.984,-9.9835,-170.85,-48.331,16.498
1.74,-28.078,1.5055,0.90772,0.6526,0.00049826,0.74107,0.15787,-25.985,6.0081,-1.7147,-7.4942,-3.049,6.8611,6.7343,-1.4292,-8.7748,0,0,0,1.4818,1.6777,2.2281,1.5735,-10.601,-54.438,-9.8173,-168.12,-42.615,16.738
1.75,-28.337,1.5655,0.89013,-0.57003,0.3287,-0.73265,0.17389,-25.918,5.9911,-1.8029,-6.8425,4.4637,7.0262,6.6199,-1.9757,-8.8722,0,0,0,1.2851,1.9627,1.9488,1.7747,-12.267,-54.836,-9.6487,-165.22,-36.804,16.969
1.76,-28.596,1.6253,0.87166,-0.45684,0.48114,-0.6769,0.31876,-25.852,5.9686,-1.8921,-3.9157,7.184,7.1386,6.489,-2.5257,-8.9678,0,0,0,1.3445,2.0198,1.7173,1.9319,-13.905,-55.174,-9.4779,-162.17,-30.906,17.192
1.77,-28.855,1.6849,0.85229,-0.3895,0.54383,-0.65329,0.35461,-25.788,5.9406,-1.9823,-2.4365,7.7503,7.1925,6.3419,-3.0789,-9.0617,0,0,0,1.4531,2.0513,1.6017,1.9829,-15.51,-55.453,-9.3049,-158.96,-24.927,17.407
1.78,-29.112,1.7441,0.83201,-0.34274,0.58068,-0.64598,0.35784,-25.726,5.907,-2.0733,-1.6478,7.8275,7.1856,6.1789,-3.6346,-9.1539,0,0,0,1.5694,2.0929,1.5346,2.0014,-17.083,-55.673,-9.1298,-155.61,-18.872,17.614
1.79,-29.369,1.803,0.81082,-0.3052,0.60709,-0.64557,0.34862,-25.665,5.8679,-2.1653,-1.1642,7.7244,7.1191,6.0004,-4.1922,-9.2443,0,0,0,1.6893,2.143,1.4978,2.0113,-18.622,-55.831,-8.9527,-152.12,-12.749,17.814
1.8,-29.625,1.8615,0.7887,-0.27257,0.62786,-0.64817,0.33373,-25.606,5.8231,-2.2582,-0.83735,7.5246,6.9974,5.8066,-4.751,-9.3329,0,0,0,1.8103,2.1985,1.4866,2.0221,-20.125,-55.927,-8.7736,-148.5,-6.5646,18.006
1.81,-29.881,1.9194,0.76565,-0.24303,0.6449,-0.65203,0.31606,-25.549,5.7728,-2.352,-0.60152,7.2631,6.8276,5.598,-5.3105,-9.4198,0,0,0,1.9302,2.2576,1.4991,2.0389,-21.592,-55.962,-8.5926,-144.74,-0.32419,18.191
1.82,-30.136,1.9769,0.74166,-0.21573,0.65918,-0.65626,0.2971,-25.494,5.7169,-2.4466,-0.42378,6.9613,6.6183,5.3749,-5.8701,-9.5048,0,0,0,2.0471,2.3193,1.5339,2.0645,-23.02,-55.934,-8.4098,-140.85,5.9653,18.368
1.83,-30.391,2.0338,0.71672,-0.19023,0.67122,-0.66042,0.27771,-25.441,5.6554,-2.5421,-0.28578,6.6347,6.379,5.1377,-6.429,-9.5879,0,0,0,2.1603,2.3831,1.5888,2.1004,-24.408,-55.842,-8.2252,-136.85,12.298,18.539
1.84,-30.645,2.09,0.69082,-0.1663,0.68139,-0.66429,0.2584,-25.391,5.5884,-2.6384,-0.17639,6.2957,6.1188,4.8869,-6.9867,-9.6693,0,0,0,2.2694,2.4493,1.6613,2.1472,-25.756,-55.688,-8.039,-132.73,18.666,18.703
1.85,-30.899,2.1455,0.66395,-0.1438,0.68996,-0.66776,0.2395,-25.343,5.5157,-2.7354,-0.08841,5.9542,5.8463,4.6227,-7.5425,-9.7487,0,0,0,2.3749,2.5179,1.749,2.2048,-27.063,-55.469,-7.8512,-128.5,25.064,18.86
1.86,-31.152,2.2003,0.6361,-0.1226,0.69717,-0.67081,0.22123,-25.299,5.4375,-2.8333,-0.016901,5.6177,5.5687,4.3458,-8.0959,-9.8263,0,0,0,2.4774,2.5895,1.849,2.2726,-28.326,-55.186,-7.6618,-124.17,31.486,19.011
1.87,-31.405,2.2542,0.60728,-0.10263,0.70318,-0.67343,0.20371,-25.257,5.3538,-2.932,0.041672,5.2917,5.292,4.0564,-8.646,-9.902,0,0,0,2.5779,2.6643,1.9589,2.3497,-29.546,-54.839,-7.471,-119.74,37.925,19.156
1.88,-31.657,2.3073,0.57746,-0.083796,0.70816,-0.67566,0.18701,-25.218,5.2646,-3.0314,0.089931,4.98,5.0209,3.755,-9.1924,-9.9757,0,0,0,2.6772,2.7425,2.0765,2.435,-30.72,-54.428,-7.2788,-115.21,44.374,19.294
1.89,-31.909,2.3595,0.54665,-0.066032,0.71225,-0.67753,0.17115,-25.182,5.17,-3.1315,0.12988,4.6851,4.7587,3.4421,-9.7344,-10.048,0,0,0,2.7761,2.8244,2.1999,2.5274,-31.849,-53.952,-7.0851,-110.59,50.827,19.427
1.9,-32.161,2.4107,0.51483,-0.049259,0.71557,-0.67908,0.15615,-25.149,5.0699,-3.2323,0.16307,4.4081,4.5079,3.1182,-10.271,-10.117,0,0,0,2.8752,2.9099,2.3276,2.6259,-32.932,-53.411,-6.8902,-105.89,57.278,19.554
1.91,-32.412,2.4609,0.482,-0.033405,0.71823,-0.68035,0.14197,-25.119,4.9646,-3.3338,0.19074,4.1497,4.27,2.7836,-10.802,-10.185,0,0,0,2.975,2.9989,2.4583,2.7295,-33.967,-52.806,-6.6941,-101.11,63.72,19.675
1.92,-32.663,2.51,0.44815,-0.018402,0.7203,-0.68139,0.1286,-25.093,4.8539,-3.436,0.21387,3.9097,4.0457,2.439,-11.327,-10.251,0,0,0,3.0758,3.0912,2.591,2.8373,-34.954,-52.137,-6.4968,-96.256,70.147,19.791
1.93,-32.914,2.558,0.41328,-0.004183,0.72188,-0.68221,0.116,-25.07,4.738,-3.5388,0.23326,3.6876,3.8355,2.0847,-11.845,-10.315,0,0,0,3.1778,3.1866,2.7248,2.9485,-35.892,-51.403,-6.2983,-91.333,76.553,19.902
1.94,-33.165,2.6047,0.37737,0.0093147,0.72302,-0.68287,0.10412,-25.051,4.617,-3.6423,0.24956,3.4825,3.6391,1.7213,-12.355,-10.377,0,0,0,3.2811,3.2848,2.8592,3.0623,-36.78,-50.606,-6.0987,-86.347,82.93,20.007
1.95,-33.415,2.6503,0.34043,0.02215,0.72379,-0.68338,0.09293,-25.036,4.491,-3.7464,0.26331,3.2935,3.4563,1.3493,-12.857,-10.437,0,0,0,3.3855,3.3854,2.9936,3.1783,-37.619,-49.745,-5.8982,-81.302,89.273,20.108
1.96,-33.665,2.6945,0.30244,0.034377,0.72423,-0.68376,0.082377,-25.024,4.3599,-3.851,0.27493,3.1196,3.2865,0.96911,-13.35,-10.495,0,0,0,3.491,3.4881,3.1277,3.2957,-38.406,-48.821,-5.6966,-76.205,95.575,20.204
1.97,-33.916,2.7375,0.26341,0.046047,0.72438,-0.68404,0.072422,-25.017,4.224,-3.9563,0.28481,2.9597,3.1292,0.58133,-13.833,-10.551,0,0,0,3.5975,3.5925,3.2612,3.4141,-39.143,-47.833,-5.4941,-71.059,101.83,20.296
1.98,-34.166,2.779,0.22332,0.057207,0.72428,-0.68423,0.063025,-25.013,4.0833,-4.062,0.29324,2.8127,2.9835,0.18644,-14.306,-10.605,0,0,0,3.7047,3.6982,3.3936,3.5331,-39.827,-46.784,-5.2907,-65.871,108.03,20.384
1.99,-34.416,2.8191,0.18217,0.0679,0.72397,-0.68435,0.054146,-25.013,3.9379,-4.1684,0.30048,2.6777,2.8489,-0.21504,-14.768,-10.657,0,0,0,3.8123,3.805,3.5249,3.6523,-40.46,-45.673,-5.0864,-60.645,114.17,20.467
2,-34.666,2.8578,0.13995,0.078167,0.72346,-0.6844,0.045748,-25.017,3.788,-4.2752,0.30674,2.5537,2.7244,-0.62259,-15.219,-10.707,0,0,0,3.9202,3.9123,3.6548,3.7713,-41.04,-44.501,-4.8814,-55.386,120.24,20.546
2.01,-34.916,2.8949,0.09666,0.088043,0.72277,-0.68441,0.037798,-25.025,3.6336,-4.3825,0.31221,2.4397,2.6095,-1.0357,-15.658,-10.755,0,0,0,4.0281,4.02,3.7831,3.8899,-41.567,-43.268,-4.6755,-50.101,126.24,20.621
2.02,-35.167,2.9304,0.052297,0.097563,0.72193,-0.68438,0.030263,-25.038,3.4748,-4.4903,0.31704,2.335,2.5035,-1.4538,-16.085,-10.8,0,0,0,4.1358,4.1276,3.9096,4.0077,-42.042,-41.976,-4.4689,-44.793,132.17,20.693
2.03,-35.417,2.9643,0.0068531,0.10676,0.72096,-0.68432,0.023113,-25.055,3.3119,-4.5985,0.32136,2.2388,2.4057,-1.8763,-16.498,-10.844,0,0,0,4.2428,4.2349,4.0342,4.1244,-42.463,-40.625,-4.2617,-39.468,138,20.762
2.04,-35.668,2.9966,-0.039675,0.11565,0.71986,-0.68422,0.01632,-25.075,3.1449,-4.7071,0.3253,2.1505,2.3156,-2.3028,-16.897,-10.886,0,0,0,4.3491,4.3415,4.1567,4.2399,-42.831,-39.217,-4.0537,-34.132,143.74,20.827
2.05,-35.919,3.0272,-0.087291,0.12428,0.71865,-0.68411,0.009859,-25.101,2.974,-4.8162,0.32894,2.0693,2.2326,-2.7328,-17.282,-10.925,0,0,0,4.4543,4.4472,4.2769,4.3538,-43.146,-37.751,-3.8451,-28.788,149.39,20.889
2.06,-36.17,3.0561,-0.136,0.13266,0.71733,-0.68398,0.0037061,-25.13,2.7994,-4.9256,0.33238,1.9947,2.1562,-3.1656,-17.652,-10.962,0,0,0,4.5582,4.5517,4.3948,4.4659,-43.407,-36.229,-3.636,-23.444,154.93,20.948
2.07,-36.421,3.0832,-0.1858,-0.14081,-0.71592,0.68383,0.0021609,-25.164,2.621,-5.0354,0.33569,1.9262,2.0858,-3.6007,-18.006,-10.998,0,0,0,4.6605,4.6547,4.5101,4.576,-43.615,-34.653,-3.4262,-18.103,160.35,21.004
2.08,-36.673,3.1085,-0.23671,-0.14876,-0.71442,0.68368,0.0077621,-25.202,2.4393,-5.1456,0.33895,1.8634,2.0212,-4.0377,-18.345,-11.031,0,0,0,4.7611,4.7559,4.6227,4.6839,-43.769,-33.023,-3.2159,-12.771,165.66,21.058
2.09,-36.925,3.132,-0.28872,-0.15653,-0.71283,0.68352,0.013117,-25.245,2.2542,-5.256,0.34222,1.8058,1.9619,-4.4759,-18.666,-11.062,0,0,0,4.8596,4.8552,4.7324,4.7894,-43.87,-31.34,-3.005,-7.4536,170.85,21.109
2.1,-37.178,3.1536,-0.34183,-0.16413,-0.71117,0.68335,0.018241,-25.292,2.066,-5.3668,0.34555,1.753,1.9076,-4.9149,-18.971,-11.091,0,0,0,4.9559,4.9523,4.8392,4.8923,-43.918,-29.606,-2.7937,-2.1551,175.9,21.158
2.11,-37.431,3.1733,-0.39605,-0.17157,-0.70943,0.68318,0.023153,-25.343,1.8748,-5.4779,0.34899,1.7047,1.8579,-5.3541,-19.258,-11.118,0,0,0,5.0497,5.0469,4.9428,4.9924,-43.913,-27.822,-2.5819,3.1189,180.82,21.206
2.12,-37.685,3.1911,-0.45139,-0.17889,-0.70762,0.683,0.027866,-25.399,1.6809,-5.5892,0.35261,1.6606,1.8127,-5.793,-19.528,-11.143,0,0,0,5.1408,5.1389,5.0432,5.0896,-43.856,-25.99,-2.3696,8.3634,185.59,21.251
2.13,-37.939,3.2069,-0.50784,-0.18608,-0.70574,0.68283,0.032394,-25.459,1.4844,-5.7007,0.35644,1.6205,1.7715,-6.2311,-19.778,-11.165,0,0,0,5.2291,5.228,5.1401,5.1837,-43.746,-24.111,-2.1569,13.573,190.21,21.294
2.14,-38.194,3.2207,-0.5654,-0.19317,-0.70378,0.68266,0.036751,-25.523,1.2854,-5.8125,0.36053,1.584,1.7342,-6.6678,-20.01,-11.186,0,0,0,5.3143,5.3141,5.2335,5.2744,-43.585,-22.186,-1.9437,18.743,194.67,21.336
2.15,-38.45,3.2326,-0.62409,-0.20016,-0.70176,0.68249,0.040947,-25.592,1.0842,-5.9244,0.36493,1.5511,1.7006,-7.1026,-20.222,-11.204,0,0,0,5.3962,5.397,5.3232,5.3618,-43.372,-20.218,-1.7302,23.867,198.98,21.377
2.16,-38.706,3.2424,-0.68389,-0.20708,-0.69967,0.68232,0.044995,-25.665,0.88104,-6.0365,0.36969,1.5214,1.6704,-7.535,-20.414,-11.22,0,0,0,5.4748,5.4765,5.4091,5.4455,-43.107,-18.208,-1.5162,28.942,203.11,21.416
2.17,-38.963,3.2502,-0.74482,-0.21393,-0.69751,0.68215,0.048903,-25.743,0.67602,-6.1488,0.37484,1.4948,1.6437,-7.9646,-20.586,-11.235,0,0,0,5.5497,5.5524,5.4911,5.5255,-42.793,-16.156,-1.3018,33.961,207.07,21.455
2.18,-39.221,3.2559,-0.80687,-0.22072,-0.69527,0.68199,0.052683,-25.825,0.46939,-6.2612,0.38044,1.4712,1.6201,-8.3907,-20.737,-11.246,0,0,0,5.6209,5.6247,5.5691,5.6017,-42.428,-14.067,-1.0871,38.919,210.84,21.493
2.19,-39.479,3.2596,-0.87005,-0.22747,-0.69296,0.68183,0.056342,-25.911,0.26136,-6.3737,0.38654,1.4504,1.5996,-8.813,-20.867,-11.256,0,0,0,5.6882,5.693,5.6429,5.6738,-42.015,-11.94,-0.87198,43.811,214.42,21.53
2.2,-39.739,3.2612,-0.93435,-0.23418,-0.69057,0.68168,0.059889,-26.001,0.052127,-6.4863,0.39318,1.4323,1.5821,-9.2309,-20.975,-11.264,0,0,0,5.7515,5.7573,5.7124,5.7419,-41.552,-9.779,-0.6565,48.633,217.81,21.566
2.21,-39.999,3.2606,-0.99977,-0.24087,-0.68811,0.68153,0.063331,-26.095,-0.15808,-6.599,0.40042,1.4169,1.5675,-9.6439,-21.062,-11.269,0,0,0,5.8106,5.8175,5.7776,5.8057,-41.042,-7.5848,-0.44065,53.378,221,21.603
2.22,-40.261,3.258,-1.0663,-0.24756,-0.68556,0.68138,0.066675,-26.194,-0.36905,-6.7117,0.40833,1.404,1.5557,-10.052,-21.127,-11.273,0,0,0,5.8654,5.8734,5.8383,5.8652,-40.485,-5.3597,-0.22445,58.042,223.98,21.639
2.23,-40.523,3.2533,-1.134,-0.25424,-0.68292,0.68125,0.069927,-26.296,-0.58055,-6.8245,0.41695,1.3935,1.5467,-10.453,-21.169,-11.274,0,0,0,5.9157,5.9249,5.8944,5.9202,-39.882,-3.1059,-0.0078791,62.62,226.75,21.675
2.24,-40.787,3.2464,-1.2028,-0.26093,-0.68019,0.68112,0.073093,-26.403,-0.79236,-6.9372,0.42636,1.3854,1.5404,-10.849,-21.189,-11.273,0,0,0,5.9616,5.9719,5.9459,5.9708,-39.233,-0.8255,0.20905,67.106,229.29,21.711
2.25,-41.051,3.2374,-1.2728,-0.26765,-0.67736,0.68099,0.076179,-26.513,-1.0043,-7.0499,0.43663,1.3797,1.5368,-11.238,-21.186,-11.27,0,0,0,6.0027,6.0144,5.9927,6.0167,-38.54,1.4792,0.42635,71.495,231.61,21.748
2.26,-41.317,3.2263,-1.3438,-0.27439,-0.67442,0.68087,0.079189,-26.628,-1.216,-7.1626,0.44784,1.3763,1.5359,-11.62,-21.159,-11.264,0,0,0,6.0392,6.0521,6.0347,6.058,-37.804,3.8058,0.64402,75.782,233.69,21.786
2.27,-41.584,3.2131,-1.416,-0.28119,-0.67138,0.68077,0.082126,-26.746,-1.4274,-7.2752,0.46008,1.3751,1.5376,-11.994,-21.11,-11.257,0,0,0,6.0708,6.0851,6.0719,6.0945,-37.025,6.1521,0.86207,79.962,235.53,21.824
2.28,-41.852,3.1978,-1.4893,-0.28804,-0.66821,0.68067,0.084995,-26.867,-1.6381,-7.3877,0.47344,1.3762,1.542,-12.36,-21.036,-11.247,0,0,0,6.0976,6.1133,6.1041,6.1263,-36.205,8.5156,1.0805,84.03,237.13,21.863
2.29,-42.121,3.1803,-1.5638,-0.29496,-0.66491,0.68058,0.087797,-26.993,-1.848,-7.5001,0.48802,1.3795,1.5491,-12.718,-20.939,-11.235,0,0,0,6.1193,6.1365,6.1315,6.1532,-35.344,10.894,1.2993,87.98,238.47,21.903
2.3,-42.392,3.1608,-1.6393,-0.30196,-0.66147,0.6805,0.090536,-27.122,-2.0568,-7.6124,0.50395,1.3851,1.559,-13.067,-20.818,-11.221,0,0,0,6.1361,6.1549,6.1539,6.1753,-34.445,13.284,1.5186,91.807,239.55,21.945
2.31,-42.664,3.1392,-1.716,-0.30905,-0.65789,0.68043,0.093211,-27.254,-2.2643,-7.7245,0.52136,1.3928,1.5716,-13.407,-20.674,-11.205,0,0,0,6.1478,6.1682,6.1713,6.1925,-33.509,15.684,1.7382,95.507,240.37,21.988
2.32,-42.937,3.1155,-1.7938,-0.31626,-0.65413,0.68037,0.095823,-27.39,-2.4702,-7.8365,0.54039,1.4028,1.5871,-13.737,-20.505,-11.186,0,0,0,6.1544,6.1766,6.1836,6.2048,-32.536,18.091,1.9583,99.074,240.91,22.033
2.33,-43.212,3.0898,-1.8727,-0.32359,-0.6502,0.68033,0.098371,-27.529,-2.6743,-7.9483,0.5612,1.415,1.6054,-14.057,-20.312,-11.166,0,0,0,6.1559,6.1799,6.191,6.2122,-31.528,20.501,2.1789,102.5,241.18,22.079
2.34,-43.488,3.062,-1.9528,-0.33106,-0.64607,0.68031,0.10085,-27.671,-2.8764,-8.0598,0.58397,1.4294,1.6268,-14.367,-20.095,-11.143,0,0,0,6.1523,6.1782,6.1934,6.2148,-30.486,22.913,2.3999,105.79,241.15,22.128
2.35,-43.765,3.0323,-2.0339,-0.33869,-0.64173,0.68031,0.10327,-27.816,-3.0761,-8.1711,0.60891,1.446,1.6512,-14.667,-19.854,-11.118,0,0,0,6.1435,6.1715,6.1908,6.2126,-29.413,25.323,2.6215,108.92,240.84,22.178
2.36,-44.044,3.0005,-2.1162,-0.34649,-0.63715,0.68032,0.1056,-27.964,-3.2734,-8.2822,0.63625,1.4648,1.6788,-14.955,-19.588,-11.09,0,0,0,6.1297,6.1597,6.1833,6.2055,-28.308,27.729,2.8435,111.91,240.23,22.231
2.37,-44.324,2.9668,-2.1996,-0.35449,-0.63231,0.68036,0.10786,-28.115,-3.4678,-8.3929,0.66624,1.4859,1.7096,-15.233,-19.299,-11.061,0,0,0,6.1108,6.1431,6.1708,6.1937,-27.175,30.127,3.0661,114.73,239.32,22.287
2.38,-44.606,2.9312,-2.2841,-0.3627,-0.62718,0.68043,0.11003,-28.269,-3.6593,-8.5034,0.69919,1.5091,1.7439,-15.499,-18.986,-11.029,0,0,0,6.0868,6.1215,6.1535,6.1773,-26.014,32.514,3.2892,117.39,238.09,22.345
2.39,-44.89,2.8936,-2.3696,-0.37115,-0.62174,0.68053,0.11209,-28.425,-3.8475,-8.6135,0.73541,1.5344,1.7818,-15.753,-18.649,-10.995,0,0,0,6.0579,6.0951,6.1314,6.1563,-24.828,34.888,3.513,119.88,236.55,22.406
2.4,-45.175,2.8542,-2.4563,-0.37986,-0.61595,0.68067,0.11404,-28.584,-4.0322,-8.7233,0.7753,1.5619,1.8233,-15.995,-18.288,-10.959,0,0,0,6.024,6.0639,6.1047,6.1309,-23.617,37.244,3.7374,122.2,234.68,22.47
2.41,-45.461,2.813,-2.5441,-0.38886,-0.60976,0.68085,0.11586,-28.745,-4.2131,-8.8327,0.81926,1.5913,1.8687,-16.225,-17.904,-10.92,0,0,0,5.9854,6.028,6.0733,6.1012,-22.384,39.58,3.9624,124.33,232.48,22.537
2.42,-45.75,2.77,-2.633,-0.39819,-0.60313,0.68108,0.11751,-28.908,-4.3902,-8.9417,0.8678,1.6225,1.9181,-16.443,-17.497,-10.88,0,0,0,5.9421,5.9876,6.0375,6.0672,-21.131,41.893,4.1881,126.29,229.94,22.608
2.43,-46.04,2.7252,-2.7229,-0.40786,-0.59601,0.68137,0.11898,-29.074,-4.563,-9.0502,0.92147,1.6554,1.9718,-16.648,-17.066,-10.836,0,0,0,5.8942,5.9427,5.9972,6.0293,-19.859,44.178,4.4146,128.05,227.07,22.682
2.44,-46.331,2.6788,-2.814,-0.41791,-0.58834,0.68173,0.12023,-29.241,-4.7314,-9.1584,0.9809,1.6896,2.0297,-16.84,-16.613,-10.791,0,0,0,5.842,5.8936,5.9528,5.9875,-18.571,46.433,4.6418,129.62,223.84,22.76
2.45,-46.624,2.6306,-2.9061,-0.42839,-0.58004,0.68216,0.12121,-29.411,-4.8952,-9.266,1.0468,1.7248,2.0922,-17.019,-16.138,-10.744,0,0,0,5.7856,5.8404,5.9043,5.9422,-17.268,48.653,4.8698,130.98,220.25,22.842
2.46,-46.919,2.5809,-2.9993,-0.43933,-0.57102,0.68269,0.12187,-29.582,-5.0541,-9.3732,1.12,1.7604,2.1594,-17.185,-15.64,-10.694,0,0,0,5.7252,5.7833,5.8518,5.8934,-15.952,50.837,5.0986,132.14,216.31,22.928
2.47,-47.216,2.5295,-3.0936,-0.45077,-0.5612,0.68333,0.12215,-29.754,-5.2079,-9.4799,1.2015,1.7958,2.2315,-17.338,-15.121,-10.642,0,0,0,5.6612,5.7225,5.7957,5.8415,-14.625,52.978,5.3284,133.1,211.99,23.018
2.48,-47.514,2.4767,-3.1889,-0.46277,-0.55044,0.68409,0.12197,-29.928,-5.3564,-9.5861,1.2922,1.83,2.3086,-17.478,-14.581,-10.587,0,0,0,5.5937,5.6582,5.7359,5.7867,-13.291,55.075,5.559,133.83,207.3,23.113
2.49,-47.815,2.4224,-3.2853,-0.47536,-0.53862,0.685,0.12123,-30.104,-5.4995,-9.6917,1.3934,1.8618,2.3908,-17.604,-14.02,-10.531,0,0,0,5.5232,5.5907,5.6729,5.7294,-11.949,57.123,5.7906,134.36,202.25,23.212
2.5,-48.116,2.3668,-3.3827,-0.4886,-0.52556,0.68608,0.11982,-30.28,-5.6368,-9.7967,1.5065,1.8897,2.4783,-17.717,-13.438,-10.471,0,0,0,5.45,5.5202,5.6067,5.6699,-10.604,59.119,6.0233,134.67,196.84,23.314
2.51,-48.42,2.3097,-3.4812,-0.50253,-0.51107,0.68734,0.11759,-30.458,-5.7682,-9.9011,1.6327,1.9114,2.5711,-17.816,-12.837,-10.41,0,0,0,5.3745,5.4471,5.5377,5.6084,-9.2566,61.059,6.2569,134.79,191.09,23.42
2.52,-48.726,2.2514,-3.5807,-0.5172,-0.49493,0.68882,0.11437,-30.637,-5.8934,-10.005,1.7738,1.9243,2.6691,-17.902,-12.217,-10.346,0,0,0,5.2974,5.3716,5.466,5.5454,-7.909,62.939,6.4917,134.71,185.01,23.528
2.53,-49.033,2.1919,-3.6813,-0.53263,-0.47685,0.69053,0.10996,-30.816,-6.0124,-10.108,1.931,1.9249,2.7725,-17.974,-11.579,-10.28,0,0,0,5.2191,5.294,5.392,5.4812,-6.5632,64.758,6.7275,134.43,178.61,23.639
2.54,-49.342,2.1312,-3.7829,-0.54882,-0.45651,0.6925,0.10412,-30.996,-6.125,-10.21,2.106,1.9087,2.8809,-18.033,-10.923,-10.212,0,0,0,5.1403,5.2147,5.316,5.4162,-5.221,66.511,6.9645,133.97,171.91,23.752
2.55,-49.653,2.0694,-3.8855,-0.56576,-0.43354,0.69472,0.096565,-31.177,-6.2308,-10.312,2.2997,1.8701,2.9943,-18.079,-10.249,-10.141,0,0,0,5.0618,5.1339,5.2382,5.3506,-3.8843,68.195,7.2026,133.33,164.92,23.866
2.56,-49.966,2.0066,-3.9891,-0.58336,-0.40752,0.69718,0.08699,-31.358,-6.3299,-10.413,2.5124,1.8022,3.1121,-18.111,-9.5589,-10.068,0,0,0,4.9844,5.0519,5.1591,5.285,-2.555,69.808,7.4418,132.5,157.64,23.982
2.57,-50.28,1.9428,-4.0938,-0.60143,-0.37799,0.69984,0.075066,-31.539,-6.422,-10.514,2.743,1.6966,3.2339,-18.13,-8.853,-9.9921,0,0,0,4.909,4.9692,5.0792,5.2194,-1.2348,71.347,7.6822,131.51,150.1,24.098
2.58,-50.596,1.8782,-4.1994,-0.61969,-0.34452,0.70259,0.060482,-31.72,-6.5069,-10.613,2.9884,1.5441,3.3591,-18.136,-8.1322,-9.914,0,0,0,4.8368,4.8859,4.999,5.1541,0.074604,72.809,7.9237,130.35,142.3,24.214
2.59,-50.914,1.8127,-4.306,-0.63767,-0.3067,0.70531,0.042998,-31.902,-6.5846,-10.712,3.2426,1.335,3.4868,-18.128,-7.3971,-9.8336,0,0,0,4.7687,4.8025,4.9193,5.089,1.3716,74.192,8.1665,129.02,134.26,24.33
2.6,-51.234,1.7465,-4.4136,-0.65474,-0.26432,0.70777,0.022525,-32.083,-6.6548,-10.81,3.4955,1.061,3.6158,-18.108,-6.6486,-9.7507,0,0,0,4.7058,4.7195,4.8409,5.0241,2.6546,75.494,8.4103,127.54,125.98,24.446
2.61,-51.556,1.6796,-4.5222,0.67007,0.21745,-0.70973,0.00077035,-32.264,-6.7175,-10.907,3.7333,0.71727,3.745,-18.075,-5.8875,-9.6654,0,0,0,4.649,4.6376,4.7649,4.9591,3.9219,76.711,8.6554,125.91,117.48,24.56
2.62,-51.88,1.6122,-4.6318,0.68274,0.16659,-0.71092,0.026376,-32.444,-6.7725,-11.003,3.9392,0.3055,3.8726,-18.03,-5.1147,-9.5776,0,0,0,4.5989,4.5577,4.6925,4.8937,5.1722,77.843,8.9015,124.12,108.78,24.673
2.63,-52.205,1.5442,-4.7423,0.69185,0.11273,-0.71118,0.0534,-32.624,-6.8197,-11.098,4.0963,-0.16422,3.9971,-17.972,-4.3309,-9.4873,0,0,0,4.5558,4.4811,4.6248,4.8275,6.4039,78.886,9.1488,122.2,99.879,24.784
2.64,-52.532,1.4758,-4.8537,0.69673,0.057292,-0.71048,0.08065,-32.804,-6.8591,-11.193,4.1914,-0.67326,4.1163,-17.902,-3.5372,-9.3946,0,0,0,4.5197,4.4096,4.5629,4.7605,7.6156,79.84,9.3972,120.13,90.795,24.893
2.65,-52.861,1.4071,-4.9661,0.69709,0.0019013,-0.70898,0.10681,-32.982,-6.8905,-11.286,4.219,-1.1974,4.2281,-17.82,-2.7344,-9.2994,0,0,0,4.4904,4.3448,4.5072,4.693,8.8061,80.701,9.6467,117.93,81.538,24.999
2.66,-53.192,1.338,-5.0795,0.69308,-0.051877,-0.70702,0.1307,-33.16,-6.9138,-11.379,4.1817,-1.7114,4.3303,-17.726,-1.9235,-9.2017,0,0,0,4.4674,4.2886,4.4583,4.6258,9.9739,81.47,9.8972,115.61,72.122,25.102
2.67,-53.524,1.2688,-5.1937,0.68518,-0.10281,-0.705,0.15144,-33.337,-6.9289,-11.47,4.0893,-2.1943,4.4204,-17.62,-1.1054,-9.1014,0,0,0,4.4506,4.2423,4.4162,4.56,11.118,82.143,10.149,113.16,62.558,25.201
2.68,-53.858,1.1995,-5.3089,0.6741,-0.15013,-0.70331,0.16853,-33.512,-6.9358,-11.561,3.955,-2.6311,4.4962,-17.504,-0.28096,-8.9987,0,0,0,4.4397,4.2071,4.3808,4.4969,12.237,82.721,10.401,110.59,52.859,25.296
2.69,-54.194,1.1301,-5.4249,0.66056,-0.19347,-0.70226,0.18183,-33.687,-6.9345,-11.65,3.7924,-3.0138,4.5555,-17.376,0.54872,-8.8934,0,0,0,4.4349,4.1835,4.3521,4.4379,13.329,83.2,10.655,107.91,43.036,25.387
2.7,-54.532,1.0608,-5.5419,0.64523,-0.23283,-0.70201,0.19146,-33.86,-6.9248,-11.739,3.6129,-3.3392,4.5966,-17.237,1.3827,-8.7856,0,0,0,4.4361,4.1719,4.3301,4.3845,14.395,83.581,10.909,105.12,33.102,25.473
2.71,-54.872,0.99165,-5.6597,0.62865,-0.2684,-0.70261,0.19773,-34.031,-6.9068,-11.826,3.4256,-3.608,4.6178,-17.088,2.22,-8.6752,0,0,0,4.4435,4.1721,4.3151,4.3379,15.431,83.862,11.164,102.23,23.069,25.553
2.72,-55.213,0.92271,-5.7784,0.61126,-0.30047,-0.70404,0.20098,-34.202,-6.8804,-11.912,3.2367,-3.8226,4.6183,-16.929,3.0596,-8.5623,0,0,0,4.4572,4.1838,4.3073,4.2995,16.439,84.042,11.42,99.234,12.949,25.628
2.73,-55.556,0.85407,-5.8979,0.59339,-0.32939,-0.70622,0.20161,-34.37,-6.8456,-11.997,3.0503,-3.9864,4.5977,-16.759,3.9005,-8.4468,0,0,0,4.477,4.2065,4.307,4.2703,17.416,84.121,11.677,96.148,2.754,25.697
2.74,-55.9,0.78583,-6.0183,0.57528,-0.35547,-0.70901,0.2,-34.537,-6.8024,-12.081,2.869,-4.1034,4.5561,-16.58,4.7417,-8.3288,0,0,0,4.5029,4.2395,4.3145,4.2514,18.361,84.097,11.934,92.973,-7.5039,25.759
2.75,-56.246,0.71805,-6.1396,0.55712,-0.37902,-0.71228,0.1965,-34.702,-6.7508,-12.164,2.6941,-4.1776,4.4942,-16.392,5.5821,-8.2082,0,0,0,4.5348,4.2819,4.3301,4.2433,19.275,83.97,12.192,89.714,-17.813,25.814
2.76,-56.594,0.65084,-6.2616,0.53906,-0.40031,-0.71591,0.19144,-34.864,-6.6908,-12.245,2.5266,-4.2134,4.4134,-16.195,6.4207,-8.0849,0,0,0,4.5726,4.3329,4.354,4.2467,20.155,83.741,12.45,86.376,-28.16,25.861
2.77,-56.944,0.58426,-6.3845,0.5212,-0.41956,-0.71976,0.18511,-35.025,-6.6224,-12.325,2.3668,-4.2149,4.3155,-15.989,7.2566,-7.9592,0,0,0,4.6161,4.3916,4.3862,4.2618,21.002,83.407,12.709,82.964,-38.534,25.901
2.78,-57.295,0.51842,-6.5081,0.50366,-0.43697,-0.72373,0.17775,-35.184,-6.5457,-12.404,2.2148,-4.1864,4.2026,-15.775,8.0885,-7.8308,0,0,0,4.665,4.4572,4.4268,4.2886,21.814,82.97,12.968,79.483,-48.922,25.932
2.79,-57.647,0.45338,-6.6325,0.48649,-0.45273,-0.72773,0.1696,-35.341,-6.4606,-12.482,2.0704,-4.1323,4.077,-15.553,8.9156,-7.6998,0,0,0,4.7193,4.5288,4.4756,4.3268,22.592,82.429,13.228,75.937,-59.313,25.955
2.8,-58.002,0.38923,-6.7577,0.46977,-0.46699,-0.73169,0.16084,-35.495,-6.3674,-12.558,1.9336,-4.0565,3.9413,-15.323,9.7368,-7.5662,0,0,0,4.7788,4.6057,4.5323,4.3761,23.333,81.784,13.487,72.332,-69.694,25.968
2.81,-58.357,0.32606,-6.8837,0.45353,-0.47989,-0.73554,0.15165,-35.647,-6.2659,-12.633,1.8042,-3.9631,3.7978,-15.086,10.551,-7.43,0,0,0,4.8432,4.6872,4.5966,4.4356,24.038,81.035,13.747,68.673,-80.053,25.972
2.82,-58.714,0.26394,-7.0104,0.43783,-0.49154,-0.73924,0.14216,-35.797,-6.1564,-12.707,1.6817,-3.8557,3.649,-14.843,11.357,-7.2913,0,0,0,4.9123,4.7729,4.6679,4.5047,24.706,80.183,14.007,64.964,-90.378,25.966
2.83,-59.073,0.20296,-7.1378,0.42268,-0.50206,-0.74277,0.13251,-35.944,-6.0388,-12.779,1.5661,-3.7377,3.497,-14.592,12.154,-7.1499,0,0,0,4.9859,4.8621,4.7457,4.5825,25.337,79.227,14.266,61.211,-100.66,25.949
2.84,-59.433,0.14319,-7.266,0.40811,-0.51156,-0.74611,0.12278,-36.089,-5.9133,-12.85,1.457,-3.6122,3.3438,-14.336,12.941,-7.006,0,0,0,5.0637,4.9543,4.8293,4.6678,25.93,78.17,14.526,57.418,-110.88,25.922
2.85,-59.795,0.084717,-7.3948,0.39412,-0.52011,-0.74924,0.11306,-36.231,-5.78,-12.919,1.354,-3.4818,3.1911,-14.074,13.717,-6.8594,0,0,0,5.1454,5.0493,4.9182,4.7598,26.485,77.01,14.785,53.59,-121.03,25.883
2.86,-60.158,0.027615,-7.5244,0.38073,-0.52781,-0.75218,0.10343,-36.37,-5.639,-12.987,1.2568,-3.3487,3.0403,-13.807,14.481,-6.7103,0,0,0,5.2306,5.1465,5.0116,4.8575,27.002,75.749,15.043,49.733,-131.1,25.833
2.87,-60.522,-0.028039,-7.6546,0.36791,-0.53473,-0.75491,0.093928,-36.507,-5.4905,-13.054,1.1651,-3.215,2.8926,-13.534,15.232,-6.5585,0,0,0,5.3189,5.2456,5.1089,4.9599,27.48,74.389,15.301,45.85,-141.07,25.77
2.88,-60.888,-0.082169,-7.7854,0.35568,-0.54093,-0.75745,0.084603,-36.641,-5.3344,-13.118,1.0786,-3.0822,2.749,-13.257,15.969,-6.4042,0,0,0,5.4099,5.3462,5.2094,5.066,27.919,72.928,15.559,41.948,-150.94,25.695
2.89,-61.255,-0.1347,-7.9169,0.34401,-0.54649,-0.75981,0.075486,-36.772,-5.1711,-13.182,0.99689,-2.9516,2.61,-12.976,16.69,-6.2474,0,0,0,5.5032,5.4479,5.3123,5.175,28.319,71.37,15.815,38.031,-160.68,25.607
2.9,-61.624,-0.18557,-8.0491,0.33288,-0.55145,-0.76201,0.0666,-36.9,-5.0007,-13.243,0.91964,-2.8242,2.4763,-12.691,17.396,-6.0879,0,0,0,5.5982,5.5503,5.4171,5.286,28.68,69.715,16.071,34.103,-170.3,25.505
2.91,-61.993,-0.23469,-8.1818,0.32229,-0.55588,-0.76405,0.057961,-37.026,-4.8233,-13.303,0.84653,-2.7007,2.3481,-12.402,18.084,-5.926,0,0,0,5.6946,5.6531,5.5231,5.3983,29.001,67.965,16.325,30.171,-179.78,25.389
2.92,-62.364,-0.28201,-8.3151,0.31221,-0.55981,-0.76595,0.049582,-37.148,-4.6391,-13.362,0.77725,-2.5816,2.2256,-12.111,18.755,-5.7615,0,0,0,5.7918,5.7558,5.6298,5.5113,29.283,66.12,16.578,26.238,-189.1,25.26
2.93,-62.736,-0.32745,-8.449,0.30261,-0.56328,-0.76774,0.041467,-37.268,-4.4482,-13.419,0.71147,-2.4675,2.109,-11.817,19.406,-5.5944,0,0,0,5.8893,5.8582,5.7365,5.6241,29.526,64.183,16.83,22.31,-198.25,25.115
2.94,-63.109,-0.37095,-8.5835,0.29349,-0.56634,-0.76941,0.033618,-37.385,-4.251,-13.474,0.64891,-2.3584,1.9981,-11.521,20.038,-5.4249,0,0,0,5.9867,5.9597,5.8428,5.7363,29.729,62.156,17.081,18.391,-207.22,24.955
2.95,-63.484,-0.41245,-8.7185,0.2848,-0.56901,-0.771,0.026036,-37.499,-4.0476,-13.527,0.58928,-2.2545,1.8928,-11.222,20.649,-5.2528,0,0,0,6.0835,6.06,5.9481,5.8472,29.894,60.04,17.329,14.487,-216,24.78
2.96,-63.859,-0.45189,-8.854,0.27654,-0.57133,-0.7725,0.018716,-37.609,-3.8381,-13.579,0.5323,-2.1559,1.7932,-10.923,21.239,-5.0783,0,0,0,6.1793,6.1587,6.0519,5.9564,30.019,57.836,17.576,10.603,-224.58,24.589
2.97,-64.236,-0.48919,-8.9901,0.26868,-0.57332,-0.77394,0.011653,-37.717,-3.6229,-13.629,0.47771,-2.0625,1.6988,-10.622,21.806,-4.9013,0,0,0,6.2736,6.2555,6.1537,6.0634,30.106,55.549,17.821,6.7423,-232.94,24.381
2.98,-64.614,-0.52432,-9.1266,0.26119,-0.57501,-0.77532,0.0048403,-37.822,-3.4021,-13.677,0.42527,-1.9743,1.6096,-10.321,22.349,-4.7219,0,0,0,6.366,6.3499,6.2533,6.1677,30.154,53.178,18.064,2.9113,-241.08,24.157
2.99,-64.992,-0.55722,-9.2636,-0.25407,0.57641,0.77666,0.0017289,-37.923,-3.176,-13.723,0.37474,-1.891,1.5252,-10.019,22.869,-4.54,0,0,0,6.4561,6.4416,6.35,6.269,30.164,50.728,18.304,-0.88537,-248.97,23.915
3,-65.372,-0.58783,-9.401,-0.24727,0.57755,0.77796,0.0080633,-38.022,-2.9448,-13.768,0.32589,-1.8125,1.4456,-9.7176,23.364,-4.3558,0,0,0,6.5435,6.5304,6.4437,6.3669,30.136,48.2,18.542,-4.6429,-256.62,23.655
3.01,-65.753,-0.6161,-9.5389,-0.2408,0.57844,0.77925,0.014172,-38.118,-2.7088,-13.81,0.27852,-1.7387,1.3703,-9.4166,23.833,-4.1692,0,0,0,6.6278,6.6158,6.5338,6.4609,30.071,45.596,18.777,-8.3565,-263.99,23.378
3.02,-66.134,-0.64199,-9.6772,-0.23462,0.57909,0.78052,0.020063,-38.21,-2.4682,-13.851,0.23242,-1.6694,1.2991,-9.1163,24.275,-3.9803,0,0,0,6.7086,6.6975,6.6201,6.5509,29.969,42.921,19.009,-12.021,-271.1,23.082
3.03,-66.517,-0.66545,-9.8159,-0.22872,0.57951,0.78179,0.025746,-38.3,-2.2234,-13.89,0.1874,-1.6044,1.2319,-8.8173,24.691,-3.789,0,0,0,6.7858,6.7752,6.7023,6.6364,29.831,40.175,19.239,-15.632,-277.91,22.766
3.04,-66.9,-0.68644,-9.955,-0.22309,0.57972,0.78306,0.031231,-38.387,-1.9745,-13.927,0.14326,-1.5435,1.1683,-8.5198,25.079,-3.5955,0,0,0,6.8588,6.8486,6.78,6.7172,29.657,37.364,19.465,-19.183,-284.43,22.432
3.05,-67.285,-0.70492,-10.094,-0.2177,0.57972,0.78434,0.036525,-38.47,-1.7219,-13.962,0.099825,-1.4864,1.1082,-8.2243,25.438,-3.3997,0,0,0,6.9275,6.9176,6.8531,6.7931,29.448,34.488,19.687,-22.671,-290.63,22.077
3.06,-67.67,-0.72087,-10.234,-0.21255,0.57953,0.78564,0.041639,-38.551,-1.4658,-13.995,0.056922,-1.4331,1.0513,-7.931,25.768,-3.2018,0,0,0,6.9916,6.9817,6.9212,6.8638,29.204,31.552,19.906,-26.091,-296.51,21.702
3.07,-68.056,-0.73423,-10.374,-0.20762,0.57914,0.78697,0.046581,-38.629,-1.2066,-14.026,0.014379,-1.3834,0.99737,-7.6403,26.069,-3.0016,0,0,0,7.0507,7.0408,6.984,6.9291,28.926,28.559,20.121,-29.436,-302.05,21.307
3.08,-68.442,-0.74499,-10.515,-0.20289,0.57855,0.78834,0.05136,-38.704,-0.94455,-14.055,-0.027975,-1.337,0.94628,-7.3526,26.339,-2.7993,0,0,0,7.1048,7.0946,7.0415,6.9887,28.615,25.512,20.332,-32.704,-307.24,20.89
3.09,-68.83,-0.75311,-10.655,-0.19835,0.57779,0.78974,0.055983,-38.776,-0.67993,-14.082,-0.070304,-1.2939,0.89781,-7.0681,26.579,-2.595,0,0,0,7.1534,7.143,7.0934,7.0425,28.272,22.415,20.539,-35.887,-312.07,20.452
3.1,-69.218,-0.75858,-10.796,-0.19399,0.57683,0.79119,0.060459,-38.845,-0.41308,-14.107,-0.11277,-1.2539,0.85179,-6.7872,26.787,-2.3886,0,0,0,7.1966,7.1857,7.1394,7.0904,27.898,19.272,20.741,-38.983,-316.53,19.992
3.11,-69.607,-0.76137,-10.938,-0.1898,0.5757,0.79269,0.064795,-38.912,-0.14429,-14.129,-0.15555,-1.2169,0.80806,-6.5103,26.964,-2.1802,0,0,0,7.234,7.2225,7.1795,7.1321,27.493,16.086,20.939,-41.985,-320.6,19.51
3.12,-69.996,-0.76146,-11.079,-0.18577,0.57437,0.79424,0.068999,-38.976,0.1261,-14.15,-0.1988,-1.1827,0.76646,-6.2375,27.109,-1.9698,0,0,0,7.2656,7.2534,7.2135,7.1675,27.059,12.861,21.131,-44.888,-324.28,19.004
3.13,-70.386,-0.75884,-11.221,-0.18188,0.57287,0.79587,0.073077,-39.037,0.39778,-14.169,-0.24269,-1.1512,0.72684,-5.9692,27.221,-1.7576,0,0,0,7.2911,7.2782,7.2413,7.1965,26.596,9.6018,21.319,-47.689,-327.55,18.476
3.14,-70.777,-0.7535,-11.362,-0.17814,0.57117,0.79756,0.077037,-39.095,0.67041,-14.185,-0.2874,-1.1224,0.68908,-5.7057,27.301,-1.5435,0,0,0,7.3105,7.2967,7.2627,7.2191,26.105,6.3118,21.501,-50.381,-330.39,17.923
3.15,-71.168,-0.74543,-11.504,-0.17452,0.56928,0.79932,0.080885,-39.151,0.94368,-14.2,-0.3331,-1.0961,0.65303,-5.4472,27.347,-1.3276,0,0,0,7.3237,7.3088,7.2777,7.235,25.588,2.9954,21.677,-52.961,-332.8,17.347
3.16,-71.56,-0.73463,-11.646,-0.17101,0.5672,0.80117,0.084627,-39.204,1.2172,-14.212,-0.37997,-1.0724,0.61859,-5.194,27.361,-1.1099,0,0,0,7.3305,7.3145,7.2862,7.2443,25.046,-0.34285,21.848,-55.423,-334.77,16.746
3.17,-71.952,-0.72109,-11.788,-0.16762,0.56491,0.80311,0.088269,-39.255,1.4908,-14.222,-0.42821,-1.051,0.58564,-4.9463,27.34,-0.89064,0,0,0,7.331,7.3137,7.2882,7.2469,24.48,-3.6985,22.012,-57.761,-336.28,16.12
3.18,-72.345,-0.70481,-11.931,-0.16433,0.56242,0.80514,0.091816,-39.303,1.7639,-14.23,-0.47801,-1.0321,0.55408,-4.7044,27.287,-0.66972,0,0,0,7.325,7.3064,7.2835,7.2428,23.891,-7.0669,22.17,-59.972,-337.32,15.468
3.19,-72.738,-0.68581,-12.073,-0.16114,0.55971,0.80727,0.095274,-39.349,2.0364,-14.235,-0.52958,-1.0155,0.52381,-4.4686,27.199,-0.44726,0,0,0,7.3126,7.2925,7.2723,7.232,23.281,-10.443,22.321,-62.051,-337.88,14.791
3.2,-73.132,-0.66409,-12.215,-0.15802,0.55677,0.80951,0.098647,-39.392,2.3078,-14.239,-0.58313,-1.0012,0.49475,-4.2389,27.078,-0.22332,0,0,0,7.2937,7.272,7.2545,7.2144,22.651,-13.823,22.466,-63.991,-337.94,14.088
3.21,-73.526,-0.63966,-12.358,-0.15499,0.5536,0.81186,0.10194,-39.434,2.5778,-14.24,-0.6389,-0.98924,0.46681,-4.0156,26.923,0.0020285,0,0,0,7.2685,7.245,7.2301,7.1902,22.002,-17.2,22.603,-65.789,-337.5,13.358
3.22,-73.921,-0.61254,-12.5,-0.15202,0.55019,0.81432,0.10516,-39.473,2.8462,-14.239,-0.69713,-0.97958,0.43992,-3.7989,26.734,0.22871,0,0,0,7.2368,7.2114,7.1992,7.1593,21.336,-20.571,22.733,-67.44,-336.54,12.6
3.23,-74.316,-0.58274,-12.643,-0.14912,0.54651,0.81692,0.10831,-39.51,3.1124,-14.235,-0.75807,-0.97224,0.414,-3.5889,26.511,0.45666,0,0,0,7.1989,7.1714,7.1619,7.1218,20.654,-23.929,22.855,-68.938,-335.04,11.816
3.24,-74.711,-0.5503,-12.785,-0.14626,0.54256,0.81965,0.11139,-39.545,3.3763,-14.229,-0.82199,-0.96723,0.38899,-3.3859,26.255,0.68578,0,0,0,7.1548,7.1251,7.1183,7.078,19.957,-27.27,22.969,-70.28,-333.01,11.003
3.25,-75.106,-0.51523,-12.927,-0.14346,0.53833,0.82252,0.1144,-39.577,3.6374,-14.221,-0.88918,-0.96459,0.36483,-3.1898,25.966,0.91601,0,0,0,7.1046,7.0725,7.0685,7.0277,19.249,-30.588,23.075,-71.464,-330.44,10.163
3.26,-75.502,-0.47756,-13.069,-0.14069,0.53378,0.82554,0.11736,-39.608,3.8955,-14.211,-0.95995,-0.96436,0.34145,-3.0009,25.644,1.1473,0,0,0,7.0484,7.0137,7.0126,6.9713,18.529,-33.877,23.172,-72.496,-327.35,9.2961
3.27,-75.899,-0.43733,-13.211,-0.13795,0.52891,0.82871,0.12025,-39.637,4.1502,-14.198,-1.0346,-0.96657,0.3188,-2.8193,25.288,1.3794,0,0,0,6.9866,6.949,6.9509,6.9089,17.799,-37.133,23.261,-73.377,-323.75,8.4041
3.28,-76.295,-0.39457,-13.353,-0.13522,0.5237,0.83205,0.12309,-39.665,4.4011,-14.184,-1.1136,-0.97129,0.29683,-2.645,24.901,1.6124,0,0,0,6.9192,6.8786,6.8835,6.8406,17.062,-40.35,23.34,-74.111,-319.65,7.4876
3.29,-76.692,-0.34932,-13.495,-0.13251,0.51811,0.83556,0.12587,-39.69,4.6481,-14.166,-1.1971,-0.97857,0.27549,-2.4781,24.482,1.8462,0,0,0,6.8464,6.8026,6.8106,6.7668,16.317,-43.524,23.41,-74.702,-315.07,6.5476
3.3,-77.089,-0.30162,-13.637,-0.1298,0.51214,0.83925,0.12859,-39.714,4.8907,-14.147,-1.2857,-0.98848,0.25472,-2.3187,24.031,2.0806,0,0,0,6.7686,6.7213,6.7326,6.6877,15.568,-46.65,23.471,-75.152,-310.03,5.5851
3.31,-77.486,-0.25152,-13.778,-0.12708,0.50573,0.84312,0.13125,-39.737,5.1286,-14.125,-1.3798,-1.0011,0.23449,-2.1667,23.549,2.3156,0,0,0,6.6861,6.635,6.6497,6.6035,14.815,-49.724,23.522,-75.466,-304.53,4.6011
3.32,-77.884,-0.19907,-13.919,-0.12435,0.49888,0.84719,0.13386,-39.758,5.3615,-14.1,-1.4797,-1.0164,0.21475,-2.0224,23.036,2.551,0,0,0,6.5991,6.5439,6.5622,6.5145,14.059,-52.739,23.563,-75.645,-298.59,3.5965
3.33,-78.281,-0.14431,-14.06,-0.12158,0.49154,0.85147,0.1364,-39.777,5.5892,-14.074,-1.586,-1.0346,0.19545,-1.8856,22.494,2.7868,0,0,0,6.508,6.4486,6.4705,6.4212,13.302,-55.694,23.594,-75.694,-292.22,2.5724
3.34,-78.679,-0.0873,-14.201,-0.11877,0.48369,0.85595,0.13888,-39.795,5.8113,-14.045,-1.6991,-1.0557,0.17657,-1.7563,21.923,3.0229,0,0,0,6.4133,6.3492,6.375,6.324,12.546,-58.582,23.614,-75.615,-285.44,1.5297
3.35,-79.077,-0.028101,-14.341,-0.11592,0.47527,0.86065,0.14129,-39.812,6.0276,-14.013,-1.8195,-1.0796,0.15807,-1.6346,21.323,3.2591,0,0,0,6.3152,6.2463,6.2761,6.2232,11.79,-61.401,23.624,-75.413,-278.26,0.46937
3.36,-79.475,0.033231,-14.481,-0.11299,0.46626,0.86557,0.14361,-39.828,6.2377,-13.979,-1.9476,-1.1065,0.13993,-1.5205,20.695,3.4953,0,0,0,6.2143,6.1403,6.1743,6.1193,11.038,-64.146,23.624,-75.089,-270.7,-0.60756
3.37,-79.874,0.096631,-14.62,-0.10999,0.4566,0.87072,0.14584,-39.843,6.4414,-13.943,-2.0839,-1.1363,0.12212,-1.4139,20.04,3.7315,0,0,0,6.1111,6.0318,6.07,6.0128,10.289,-66.814,23.612,-74.648,-262.76,-1.7001
3.38,-80.272,0.16204,-14.76,-0.1069,0.44626,0.87609,0.14797,-39.856,6.6384,-13.905,-2.2287,-1.1689,0.10464,-1.3147,19.359,3.9675,0,0,0,6.006,5.9212,5.9639,5.9043,9.5452,-69.4,23.59,-74.092,-254.47,-2.8073
3.39,-80.671,0.22938,-14.899,-0.10371,0.43517,0.88169,0.14997,-39.869,6.8285,-13.864,-2.3825,-1.2042,0.087461,-1.223,18.652,4.2032,0,0,0,5.8996,5.8093,5.8565,5.7945,8.8076,-71.902,23.556,-73.426,-245.83,-3.9282
3.4,-81.07,0.29858,-15.037,-0.1004,0.4233,0.88752,0.15184,-39.881,7.0114,-13.821,-2.5453,-1.2419,0.070594,-1.1385,17.921,4.4386,0,0,0,5.7925,5.6966,5.7484,5.6839,8.0771,-74.316,23.511,-72.651,-236.86,-5.0618
3.41,-81.469,0.36958,-15.175,-0.096965,0.41058,0.89356,0.15354,-39.892,7.1868,-13.775,-2.7174,-1.2818,0.054045,-1.0614,17.166,4.6734,0,0,0,5.6854,5.584,5.6403,5.5733,7.3549,-76.638,23.455,-71.772,-227.58,-6.2071
3.42,-81.867,0.44229,-15.312,-0.093388,0.39697,0.89981,0.15505,-39.902,7.3546,-13.727,-2.8985,-1.3233,0.037835,-0.99141,16.389,4.9076,0,0,0,5.5788,5.4721,5.5329,5.4635,6.642,-78.867,23.387,-70.791,-218,-7.363
3.43,-82.267,0.51664,-15.449,-0.089661,0.3824,0.90625,0.15633,-39.912,7.5145,-13.677,-3.0882,-1.3657,0.021993,-0.92851,15.589,5.1411,0,0,0,5.4734,5.362,5.427,5.3553,5.9394,-80.997,23.307,-69.713,-208.12,-8.5288
3.44,-82.666,0.59256,-15.586,-0.085778,0.36684,0.91286,0.15735,-39.921,7.6663,-13.624,-3.286,-1.4083,0.0065623,-0.87258,14.769,5.3738,0,0,0,5.37,5.2546,5.3233,5.2496,5.248,-83.028,23.216,-68.539,-197.97,-9.7032
3.45,-83.065,0.66994,-15.722,-0.081735,0.35023,0.91961,0.15806,-39.929,7.8098,-13.569,-3.4906,-1.45,-0.0083984,-0.82351,13.929,5.6054,0,0,0,5.2692,5.1508,5.2227,5.1473,4.5689,-84.956,23.113,-67.274,-187.56,-10.885
3.46,-83.464,0.74872,-15.857,-0.077531,0.33254,0.92645,0.15842,-39.937,7.9449,-13.512,-3.7006,-1.4895,-0.022817,-0.78116,13.07,5.836,0,0,0,5.1719,5.0518,5.1261,5.0496,3.9029,-86.778,22.998,-65.921,-176.9,-12.075
3.47,-83.864,0.82881,-15.992,-0.073175,0.31373,0.93335,0.15838,-39.945,8.0712,-13.453,-3.9137,-1.5253,-0.036608,-0.7454,12.194,6.0653,0,0,0,5.0788,4.9586,5.0343,4.9574,3.2508,-88.493,22.872,-64.482,-166.01,-13.269
3.48,-84.263,0.91012,-16.126,-0.06868,0.29378,0.94024,0.15789,-39.952,8.1887,-13.391,-4.1273,-1.5556,-0.04967,-0.7161,11.301,6.2934,0,0,0,4.9906,4.8725,4.9482,4.872,2.6135,-90.098,22.733,-62.962,-154.9,-14.469
3.49,-84.663,0.99256,-16.26,-0.064069,0.2727,0.94706,0.15688,-39.959,8.2972,-13.327,-4.338,-1.5784,-0.061891,-0.69308,10.392,6.52,0,0,0,4.9083,4.7946,4.8687,4.7943,1.9918,-91.59,22.582,-61.363,-143.58,-15.673
3.5,-85.062,1.076,-16.393,-0.059375,0.25051,0.95373,0.15532,-39.966,8.3965,-13.261,-4.5418,-1.5917,-0.073153,-0.6762,9.4694,6.745,0,0,0,4.8327,4.7261,4.7967,4.7255,1.3865,-92.969,22.42,-59.688,-132.07,-16.879
3.51,-85.462,1.1605,-16.525,-0.054641,0.22724,0.96017,0.15314,-39.973,8.4865,-13.192,-4.7344,-1.5935,-0.083331,-0.6653,8.5333,6.9683,0,0,0,4.7646,4.668,4.7332,4.6667,0.79829,-94.231,22.245,-57.942,-120.38,-18.087
3.52,-85.862,1.2457,-16.657,-0.049918,0.20298,0.96629,0.15032,-39.979,8.5671,-13.121,-4.9108,-1.5821,-0.092308,-0.66018,7.5852,7.1898,0,0,0,4.7049,4.6212,4.679,4.6188,0.22789,-95.376,22.058,-56.126,-108.53,-19.296
3.53,-86.262,1.3318,-16.788,-0.045271,0.17782,0.972,0.14682,-39.986,8.6382,-13.048,-5.0659,-1.5558,-0.099976,-0.66068,6.6262,7.4094,0,0,0,4.6547,4.5867,4.6348,4.5829,-0.32402,-96.401,21.859,-54.245,-96.52,-20.505
3.54,-86.662,1.4185,-16.918,-0.040767,0.15188,0.9772,0.14264,-39.993,8.6996,-12.973,-5.195,-1.5139,-0.10625,-0.6666,5.6576,7.627,0,0,0,4.6149,4.5649,4.6015,4.5595,-0.85681,-97.306,21.648,-52.302,-84.378,-21.713
3.55,-87.062,1.5057,-17.047,-0.036479,0.12533,0.98182,0.13779,-39.999,8.7513,-12.896,-5.2936,-1.456,-0.11106,-0.67775,4.6805,7.8424,0,0,0,4.5864,4.5564,4.5797,4.5492,-1.3699,-98.088,21.425,-50.3,-72.112,-22.919
3.56,-87.462,1.5935,-17.176,-0.03248,0.098347,0.98578,0.13229,-40.006,8.7932,-12.816,-5.3581,-1.3827,-0.11439,-0.69393,3.6962,8.0554,0,0,0,4.5701,4.5611,4.57,4.5524,-1.8626,-98.748,21.189,-48.241,-59.737,-24.122
3.57,-87.862,1.6816,-17.303,-0.028839,0.071122,0.98903,0.12621,-40.013,8.8252,-12.735,-5.3861,-1.2956,-0.11624,-0.71493,2.706,8.2661,0,0,0,4.5668,4.5792,4.5729,4.5692,-2.3345,-99.283,20.942,-46.13,-47.266,-25.321
3.58,-88.262,1.7699,-17.43,-0.025614,0.043864,0.99152,0.11962,-40.021,8.8473,-12.651,-5.3764,-1.1967,-0.11668,-0.74054,1.711,8.4742,0,0,0,4.5772,4.6102,4.5888,4.5994,-2.7851,-99.693,20.683,-43.97,-34.713,-26.515
3.59,-88.662,1.8585,-17.556,-0.022852,0.016781,0.99324,0.1126,-40.028,8.8594,-12.565,-5.3295,-1.0888,-0.11578,-0.77056,0.71254,8.6797,0,0,0,4.6016,4.6539,4.6179,4.6427,-3.2138,-99.977,20.412,-41.764,-22.091,-27.703
3.6,-89.062,1.9471,-17.682,-0.020582,-0.0099246,0.99418,0.10526,-40.036,8.8615,-12.477,-5.2472,-0.97515,-0.11368,-0.80475,-0.28812,8.8824,0,0,0,4.6402,4.7096,4.6601,4.6987,-3.6202,-100.13,20.129,-39.515,-9.4144,-28.883
3.61,-89.463,2.0357,-17.806,-0.018819,-0.036068,0.99438,0.097714,-40.044,8.8536,-12.387,-5.1325,-0.85897,-0.11053,-0.84289,-1.2897,9.0823,0,0,0,4.6929,4.7768,4.7154,4.7666,-4.0039,-100.16,19.834,-37.226,3.3027,-30.056
3.62,-89.863,2.1241,-17.929,-0.017559,-0.061486,0.99388,0.090063,-40.053,8.8357,-12.296,-4.9894,-0.74338,-0.10648,-0.88475,-2.291,9.2791,0,0,0,4.7593,4.8547,4.7833,4.8458,-4.3646,-100.07,19.528,-34.901,16.047,-31.22
3.63,-90.264,2.2123,-18.052,-0.016782,-0.086038,0.99274,0.082414,-40.062,8.8078,-12.202,-4.8227,-0.63115,-0.10171,-0.9301,-3.2907,9.4728,0,0,0,4.8387,4.9428,4.8634,4.9354,-4.7018,-99.844,19.21,-32.542,28.804,-32.374
3.64,-90.664,2.3002,-18.173,-0.016458,-0.10962,0.99101,0.074858,-40.071,8.7699,-12.106,-4.6374,-0.52456,-0.0964,-0.9787,-4.2875,9.6632,0,0,0,4.9305,5.0403,4.9549,5.0347,-5.0153,-99.492,18.88,-30.154,41.561,-33.518
3.65,-91.065,2.3877,-18.294,-0.016547,-0.13214,0.98879,0.067476,-40.081,8.7221,-12.009,-4.4383,-0.42531,-0.0907,-1.0303,-5.2801,9.8504,0,0,0,5.0335,5.1464,5.0571,5.1428,-5.3048,-99.013,18.54,-27.74,54.304,-34.649
3.66,-91.466,2.4747,-18.414,-0.017002,-0.15355,0.98615,0.060334,-40.092,8.6643,-11.909,-4.2302,-0.33455,-0.084761,-1.0847,-6.2673,10.034,0,0,0,5.1468,5.2606,5.169,5.2588,-5.57,-98.406,18.187,-25.302,67.019,-35.767
3.67,-91.867,2.561,-18.532,-0.017773,-0.17383,0.98316,0.053481,-40.103,8.5968,-11.808,-4.0173,-0.2529,-0.078715,-1.1416,-7.2478,10.214,0,0,0,5.2692,5.3819,5.2897,5.382,-5.8108,-97.673,17.824,-22.844,79.691,-36.872
3.68,-92.268,2.6466,-18.65,-0.018811,-0.19297,0.9799,0.046955,-40.115,8.5194,-11.705,-3.8032,-0.18054,-0.072673,-1.2009,-8.2203,10.39,0,0,0,5.3995,5.5097,5.4181,5.5115,-6.0269,-96.813,17.45,-20.369,92.308,-37.962
3.69,-92.669,2.7313,-18.766,-0.020068,-0.21097,0.97644,0.040776,-40.127,8.4324,-11.6,-3.5908,-0.11729,-0.066726,-1.2621,-9.1836,10.563,0,0,0,5.5366,5.6433,5.5533,5.6466,-6.2181,-95.827,17.065,-17.88,104.86,-39.036
3.7,-93.071,2.8152,-18.882,-0.021499,-0.22786,0.97283,0.034959,-40.14,8.3358,-11.494,-3.3827,-0.062728,-0.060947,-1.3251,-10.136,10.732,0,0,0,5.6795,5.7817,5.6942,5.7863,-6.3844,-94.716,16.669,-15.381,117.32,-40.093
3.71,-93.472,2.898,-18.996,-0.023064,-0.24368,0.96913,0.029504,-40.154,8.2297,-11.386,-3.1806,-0.016257,-0.055394,-1.3897,-11.078,10.896,0,0,0,5.8271,5.9244,5.8399,5.93,-6.5257,-93.481,16.263,-12.875,129.69,-41.132
3.72,-93.874,2.9797,-19.109,-0.024726,-0.25847,0.96539,0.024409,-40.168,8.1143,-11.276,-2.9858,0.022819,-0.050107,-1.4556,-12.006,11.057,0,0,0,5.9784,6.0704,5.9894,6.077,-6.6419,-92.122,15.847,-10.366,141.95,-42.153
3.73,-94.276,3.0603,-19.222,-0.026455,-0.27228,0.96165,0.019661,-40.183,7.9896,-11.164,-2.7993,0.055237,-0.045116,-1.5225,-12.92,11.213,0,0,0,6.1325,6.2192,6.1418,6.2264,-6.733,-90.642,15.42,-7.8552,154.08,-43.154
3.74,-94.677,3.1395,-19.333,-0.028225,-0.28516,0.95794,0.015248,-40.198,7.8559,-11.052,-2.6215,0.081736,-0.040438,-1.5901,-13.818,11.365,0,0,0,6.2885,6.3699,6.2962,6.3775,-6.799,-89.041,14.984,-5.3475,166.07,-44.134
3.75,-95.08,3.2173,-19.443,-0.030011,-0.29716,0.95429,0.011153,-40.215,7.7133,-10.937,-2.4527,0.10302,-0.036085,-1.6584,-14.7,11.513,0,0,0,6.4456,6.5218,6.4519,6.5298,-6.84,-87.321,14.538,-2.8457,177.91,-45.092
3.76,-95.482,3.2937,-19.551,-0.031797,-0.30834,0.95072,0.0073566,-40.232,7.562,-10.821,-2.2929,0.11976,-0.032059,-1.7269,-15.564,11.656,0,0,0,6.6032,6.6744,6.6082,6.6825,-6.856,-85.483,14.082,-0.35305,189.59,-46.028
3.77,-95.884,3.3686,-19.659,-0.033567,-0.31874,0.94724,0.0038403,-40.249,7.4021,-10.704,-2.142,0.13256,-0.028358,-1.7954,-16.409,11.795,0,0,0,6.7603,6.8268,6.7642,6.835,-6.8471,-83.53,13.617,2.1272,201.09,-46.94
3.78,-96.287,3.4417,-19.766,-0.035309,-0.32841,0.94388,0.00058433,-40.267,7.2339,-10.585,-1.9996,0.14195,-0.024977,-1.8637,-17.234,11.928,0,0,0,6.9166,6.9785,6.9193,6.9867,-6.8135,-81.462,13.143,4.5917,212.39,-47.827
3.79,-96.69,3.5132,-19.871,0.037012,0.3374,-0.94063,0.0024304,-40.286,7.0575,-10.465,-1.8654,0.14842,-0.021905,-1.9316,-18.038,12.057,0,0,0,7.0712,7.129,7.073,7.1371,-6.7553,-79.283,12.661,7.0374,223.49,-48.689
3.8,-97.092,3.5829,-19.975,0.03867,0.34575,-0.93751,0.0052225,-40.306,6.8732,-10.344,-1.7391,0.1524,-0.019134,-1.9987,-18.82,12.182,0,0,0,7.2236,7.2775,7.2246,7.2855,-6.6728,-76.993,12.17,9.4608,234.36,-49.524
3.81,-97.496,3.6506,-20.078,0.040276,0.35351,-0.93453,0.0078099,-40.326,6.6812,-10.222,-1.62,0.15424,-0.016651,-2.065,-19.578,12.301,0,0,0,7.3734,7.4237,7.3736,7.4314,-6.5662,-74.596,11.67,11.859,245,-50.332
3.82,-97.899,3.7165,-20.179,0.041827,0.36071,-0.93168,0.010209,-40.347,6.4817,-10.098,-1.5079,0.15426,-0.014443,-2.13,-20.311,12.415,0,0,0,7.52,7.5669,7.5195,7.5744,-6.4357,-72.094,11.163,14.228,255.39,-51.111
3.83,-98.303,3.7803,-20.28,0.04332,0.36738,-0.92898,0.012437,-40.369,6.275,-9.9736,-1.4021,0.15273,-0.012498,-2.1936,-21.019,12.524,0,0,0,7.6628,7.7067,7.6617,7.714,-6.2817,-69.489,10.648,16.566,265.52,-51.86
3.84,-98.706,3.8419,-20.379,0.044751,0.37356,-0.92641,0.014508,-40.391,6.0614,-9.8478,-1.3023,0.14988,-0.010803,-2.2555,-21.701,12.628,0,0,0,7.8016,7.8427,7.7999,7.8497,-6.1045,-66.785,10.126,18.868,275.38,-52.579
3.85,-99.11,3.9015,-20.477,0.04612,0.37928,-0.92398,0.016436,-40.414,5.8411,-9.721,-1.2079,0.14591,-0.009345,-2.3156,-22.355,12.726,0,0,0,7.9359,7.9743,7.9336,7.9811,-5.9045,-63.983,9.5968,21.132,284.94,-53.266
3.86,-99.515,3.9587,-20.573,0.047427,0.38457,-0.9217,0.018234,-40.438,5.6144,-9.5933,-1.1186,0.14097,-0.0081132,-2.3736,-22.98,12.82,0,0,0,8.0652,8.1013,8.0625,8.1078,-5.682,-61.087,9.0609,23.354,294.2,-53.921
3.87,-99.919,4.0137,-20.668,0.04867,0.38945,-0.91955,0.019914,-40.462,5.3816,-9.4647,-1.0339,0.1352,-0.0070959,-2.4292,-23.576,12.908,0,0,0,8.1892,8.2232,8.1861,8.2294,-5.4376,-58.1,8.5185,25.531,303.15,-54.542
3.88,-100.32,4.0664,-20.762,0.04985,0.39394,-0.91753,0.021486,-40.486,5.143,-9.3352,-0.95337,0.12871,-0.0062827,-2.4822,-24.142,12.99,0,0,0,8.3076,8.3396,8.304,8.3456,-5.1716,-55.025,7.9701,27.66,311.76,-55.129
3.89,-100.73,4.1166,-20.855,0.050967,0.39806,-0.91565,0.022963,-40.511,4.8989,-9.2049,-0.87671,0.12159,-0.0056639,-2.5325,-24.676,13.067,0,0,0,8.42,8.4502,8.416,8.456,-4.8845,-51.866,7.4161,29.738,320.02,-55.68
3.9,-101.13,4.1643,-20.947,0.052023,0.40184,-0.91391,0.024352,-40.537,4.6496,-9.0738,-0.80352,0.11392,-0.0052305,-2.5799,-25.179,13.138,0,0,0,8.5261,8.5547,8.5218,8.5602,-4.577,-48.626,6.8566,31.761,327.93,-56.195
3.91,-101.54,4.2095,-21.037,0.053017,0.40528,-0.91229,0.025663,-40.563,4.3954,-8.9421,-0.73347,0.10576,-0.0049743,-2.624,-25.648,13.204,0,0,0,8.6256,8.6529,8.621,8.6581,-4.2495,-45.308,6.2923,33.726,335.47,-56.672
3.92,-101.95,4.2522,-21.125,0.05395,0.40841,-0.9108,0.026904,-40.589,4.1367,-8.8098,-0.66624,0.097156,-0.0048883,-2.6648,-26.085,13.264,0,0,0,8.7184,8.7443,8.7133,8.7493,-3.9027,-41.918,5.7233,35.63,342.62,-57.111
3.93,-102.35,4.2923,-21.213,0.054823,0.41124,-0.90944,0.028083,-40.616,3.8738,-8.6769,-0.60152,0.088135,-0.0049658,-2.702,-26.487,13.319,0,0,0,8.804,8.8287,8.7986,8.8336,-3.5371,-38.457,5.1502,37.47,349.37,-57.511
3.94,-102.76,4.3297,-21.299,0.055638,0.41377,-0.90821,0.029206,-40.643,3.6071,-8.5434,-0.53903,0.078726,-0.0052014,-2.7355,-26.854,13.367,0,0,0,8.8823,8.906,8.8766,8.9107,-3.1535,-34.932,4.5733,39.241,355.7,-57.87
3.95,-103.16,4.3644,-21.384,0.056393,0.41602,-0.9071,0.030281,-40.671,3.3369,-8.4095,-0.47849,0.068943,-0.00559,-2.765,-27.185,13.41,0,0,0,8.9531,8.9759,8.9471,8.9804,-2.7525,-31.345,3.9929,40.942,361.61,-58.188
3.96,-103.57,4.3964,-21.467,0.057092,0.418,-0.90611,0.031314,-40.699,3.0635,-8.2752,-0.41964,0.058796,-0.0061279,-2.7905,-27.48,13.447,0,0,0,9.0162,9.0382,9.0098,9.0425,-2.3349,-27.701,3.4096,42.569,367.08,-58.463
3.97,-103.98,4.4257,-21.549,0.057733,0.41972,-0.90524,0.03231,-40.727,2.7874,-8.1406,-0.36224,0.048282,-0.0068115,-2.8117,-27.739,13.478,0,0,0,9.0714,9.0926,9.0646,9.0968,-1.9014,-24.004,2.8238,44.118,372.09,-58.695
3.98,-104.39,4.4521,-21.63,0.058317,0.42117,-0.90449,0.033275,-40.755,2.5089,-8.0057,-0.30604,0.037398,-0.0076385,-2.8284,-27.96,13.504,0,0,0,9.1185,9.1391,9.1114,9.1431,-1.4528,-20.26,2.2359,45.587,376.63,-58.883
3.99,-104.79,4.4758,-21.709,0.058846,0.42238,-0.90386,0.034214,-40.783,2.2283,-7.8706,-0.25081,0.026129,-0.0086071,-2.8407,-28.144,13.523,0,0,0,9.1574,9.1775,9.15,9.1814,-0.98996,-16.473,1.6463,46.971,380.7,-59.026
4,-105.2,4.4967,-21.787,0.059318,0.42333,-0.90335,0.035133,-40.812,1.9461,-7.7353,-0.19633,0.014459,-0.0097162,-2.8482,-28.29,13.536,0,0,0,9.188,9.2077,9.1802,9.2115,-0.51369,-12.648,1.0555,48.269,384.26,-59.122
4.01,-105.61,4.5148,-21.864,0.059734,0.42404,-0.90295,0.036036,-40.84,1.6627,-7.5999,-0.14237,0.002363,-0.010966,-2.8509,-28.397,13.544,0,0,0,9.2101,9.2295,9.202,9.2332,-0.024889,-8.7899,0.46401,49.476,387.31,-59.171
4.02,-106.02,4.53,-21.939,0.060094,0.42451,-0.90267,0.036926,-40.869,1.3783,-7.4644,-0.088719,-0.010187,-0.012356,-2.8487,-28.465,13.546,0,0,0,9.2238,9.243,9.2152,9.2466,0.47551,-4.9037,-0.12774,50.589,389.84,-59.172
4.03,-106.43,4.5423,-22.013,0.060398,0.42473,-0.90251,0.03781,-40.897,1.0935,-7.329,-0.035162,-0.023227,-0.013887,-2.8414,-28.495,13.542,0,0,0,9.2289,9.2479,9.2199,9.2514,0.98657,-0.99486,-0.71926,51.605,391.83,-59.123
4.04,-106.84,4.5518,-22.086,0.060644,0.4247,-0.90247,0.038691,-40.925,0.80856,-7.1936,0.018519,-0.036795,-0.015563,-2.8289,-28.485,13.531,0,0,0,9.2254,9.2442,9.2159,9.2478,1.5073,2.9312,-1.31,52.522,393.27,-59.025
4.05,-107.25,4.5585,-22.157,0.060833,0.42444,-0.90254,0.039573,-40.954,0.52392,-7.0583,0.072541,-0.050937,-0.017385,-2.8112,-28.436,13.515,0,0,0,9.2132,9.232,9.2032,9.2356,2.0367,6.8688,-1.8996,53.334,394.15,-58.875
4.06,-107.66,4.5623,-22.227,0.060963,0.42392,-0.90274,0.04046,-40.982,0.23997,-6.9233,0.12712,-0.065704,-0.019356,-2.7881,-28.348,13.493,0,0,0,9.1923,9.2113,9.1818,9.2148,2.5736,10.812,-2.4874,54.04,394.45,-58.673
4.07,-108.07,4.5633,-22.296,0.061033,0.42315,-0.90305,0.041355,-41.009,-0.0429,-6.7885,0.18249,-0.081154,-0.021481,-2.7597,-28.22,13.466,0,0,0,9.1628,9.1819,9.1518,9.1855,3.1171,14.756,-3.0729,54.637,394.15,-58.418
4.08,-108.48,4.5615,-22.363,0.061041,0.42213,-0.90349,0.042264,-41.037,-0.32429,-6.654,0.23887,-0.09735,-0.023765,-2.7258,-28.053,13.432,0,0,0,9.1247,9.1441,9.1131,9.1476,3.666,18.693,-3.6555,55.119,393.25,-58.108
4.09,-108.89,4.5568,-22.429,0.060986,0.42085,-0.90405,0.043189,-41.064,-0.60382,-6.5199,0.29651,-0.11436,-0.026213,-2.6864,-27.846,13.393,0,0,0,9.0781,9.0978,9.0658,9.1014,4.2191,22.619,-4.2348,55.486,391.72,-57.744
4.1,-109.3,4.5494,-22.493,0.060865,0.41929,-0.90473,0.044134,-41.09,-0.88108,-6.3862,0.35564,-0.13227,-0.028832,-2.6414,-27.6,13.347,0,0,0,9.0229,9.0431,9.01,9.0467,4.7753,26.526,-4.8102,55.733,389.56,-57.323
4.11,-109.71,4.5392,-22.556,0.060675,0.41746,-0.90554,0.045103,-41.117,-1.1557,-6.253,0.41653,-0.15116,-0.031628,-2.5908,-27.316,13.296,0,0,0,8.9594,8.9801,8.9458,8.9839,5.3333,30.408,-5.3811,55.857,386.76,-56.846
4.12,-110.12,4.5263,-22.618,0.060414,0.41534,-0.90648,0.046099,-41.142,-1.4273,-6.1203,0.47944,-0.17112,-0.03461,-2.5347,-26.992,13.24,0,0,0,8.8877,8.9089,8.8733,8.9128,5.892,34.258,-5.9469,55.854,383.29,-56.31
4.13,-110.53,4.5107,-22.679,0.060078,0.41293,-0.90756,0.047127,-41.167,-1.6954,-5.9882,0.54466,-0.19225,-0.037787,-2.473,-26.631,13.177,0,0,0,8.8079,8.8298,8.7927,8.8339,6.45,38.071,-6.5071,55.722,379.15,-55.715
4.14,-110.94,4.4924,-22.738,0.059662,0.4102,-0.90877,0.048189,-41.192,-1.9598,-5.8567,0.61249,-0.21468,-0.041168,-2.4057,-26.231,13.11,0,0,0,8.7202,8.7429,8.7041,8.7471,7.006,41.839,-7.0611,55.458,374.31,-55.06
4.15,-111.35,4.4715,-22.796,0.059163,0.40714,-0.91011,0.049289,-41.215,-2.2199,-5.726,0.68324,-0.23852,-0.044763,-2.3329,-25.794,13.036,0,0,0,8.6247,8.6483,8.6077,8.6528,7.5587,45.555,-7.6081,55.058,368.78,-54.344
4.16,-111.77,4.448,-22.853,0.058574,0.40375,-0.9116,0.050429,-41.238,-2.4755,-5.596,0.75724,-0.2639,-0.048584,-2.2546,-25.32,12.957,0,0,0,8.5218,8.5465,8.5037,8.5512,8.1067,49.212,-8.1477,54.518,362.53,-53.567
4.17,-112.18,4.422,-22.908,0.057891,0.39999,-0.91323,0.051615,-41.26,-2.7262,-5.4669,0.83484,-0.29097,-0.052643,-2.1708,-24.81,12.873,0,0,0,8.4117,8.4375,8.3925,8.4425,8.6486,52.803,-8.6793,53.841,355.57,-52.728
4.18,-112.59,4.3935,-22.962,0.057106,0.39586,-0.91501,0.052848,-41.282,-2.9716,-5.3386,0.91642,-0.31988,-0.056953,-2.0816,-24.264,12.784,0,0,0,8.2947,8.3217,8.2743,8.327,9.1831,56.321,-9.2021,53.032,347.92,-51.83
4.19,-113,4.3626,-23.015,0.056212,0.39132,-0.91694,0.05413,-41.302,-3.2114,-5.2112,1.0024,-0.35082,-0.061529,-1.9871,-23.684,12.689,0,0,0,8.1711,8.1995,8.1494,8.2052,9.7088,59.76,-9.7157,52.095,339.62,-50.874
4.2,-113.42,4.3293,-23.066,0.055201,0.38636,-0.91902,0.055466,-41.321,-3.4452,-5.0848,1.0932,-0.38396,-0.066387,-1.8875,-23.069,12.59,0,0,0,8.0412,8.0712,8.0181,8.0773,10.225,63.112,-10.219,51.037,330.69,-49.864
4.21,-113.83,4.2937,-23.116,0.054063,0.38094,-0.92127,0.056856,-41.34,-3.6726,-4.9594,1.1892,-0.41952,-0.071542,-1.7827,-22.422,12.485,0,0,0,7.9055,7.9372,7.881,7.9437,10.729,66.371,-10.713,49.862,321.16,-48.801
4.22,-114.24,4.2559,-23.165,0.052787,0.37504,-0.92367,0.058303,-41.357,-3.8935,-4.8351,1.2911,-0.45771,-0.077015,-1.6729,-21.742,12.375,0,0,0,7.7644,7.798,7.7382,7.805,11.221,69.533,-11.195,48.575,311.04,-47.687
4.23,-114.66,4.2158,-23.213,0.051361,0.36863,-0.92623,0.059807,-41.373,-4.1074,-4.712,1.3992,-0.49875,-0.082822,-1.5583,-21.032,12.261,0,0,0,7.6184,7.654,7.5904,7.6615,11.7,72.591,-11.666,47.183,300.38,-46.525
4.24,-115.07,4.1737,-23.26,0.049774,0.36166,-0.92895,0.061369,-41.388,-4.314,-4.5899,1.5141,-0.5429,-0.088984,-1.439,-20.291,12.142,0,0,0,7.4678,7.5057,7.4381,7.5139,12.165,75.539,-12.126,45.691,289.18,-45.316
4.25,-115.49,4.1296,-23.305,0.048009,0.35411,-0.93184,0.062987,-41.402,-4.5131,-4.4691,1.6364,-0.59039,-0.09552,-1.3151,-19.521,12.019,0,0,0,7.3134,7.3536,7.2816,7.3625,12.614,78.372,-12.573,44.103,277.49,-44.063
4.26,-115.9,4.0835,-23.349,0.046052,0.34592,-0.9349,0.06466,-41.415,-4.7043,-4.3496,1.7666,-0.64148,-0.10245,-1.1867,-18.724,11.891,0,0,0,7.1556,7.1984,7.1217,7.208,13.047,81.087,-13.007,42.425,265.32,-42.767
4.27,-116.31,4.0355,-23.392,0.043885,0.33706,-0.93811,0.066383,-41.426,-4.8875,-4.2313,1.9054,-0.69641,-0.10979,-1.0542,-17.9,11.758,0,0,0,6.9951,7.0406,6.959,7.0511,13.462,83.677,-13.428,40.663,252.7,-41.431
4.28,-116.73,3.9858,-23.434,0.04149,0.32748,-0.94148,0.068151,-41.436,-5.0623,-4.1144,2.0531,-0.7554,-0.11755,-0.91757,-17.051,11.622,0,0,0,6.8325,6.881,6.7941,6.8923,13.86,86.139,-13.835,38.821,239.66,-40.058
4.29,-117.14,3.9343,-23.474,0.038846,0.31712,-0.94501,0.069956,-41.444,-5.2284,-3.9989,2.2104,-0.81863,-0.12576,-0.77706,-16.177,11.482,0,0,0,6.6686,6.7202,6.6278,6.7324,14.238,88.469,-14.229,36.906,226.22,-38.648
4.3,-117.56,3.8812,-23.514,0.035931,0.30592,-0.94867,0.071786,-41.451,-5.3857,-3.8848,2.3776,-0.88622,-0.13441,-0.63287,-15.282,11.338,0,0,0,6.5042,6.559,6.4609,6.5721,14.597,90.663,-14.608,34.921,212.41,-37.204
4.31,-117.97,3.8266,-23.552,0.032724,0.29384,-0.95245,0.073626,-41.457,-5.534,-3.7722,2.555,-0.95823,-0.1435,-0.48518,-14.365,11.19,0,0,0,6.34,6.3981,6.2943,6.4121,14.936,92.716,-14.973,32.874,198.25,-35.729
4.32,-118.39,3.7706,-23.589,0.029202,0.2808,-0.95635,0.075457,-41.461,-5.673,-3.661,2.7427,-1.0346,-0.15304,-0.33421,-13.428,11.038,0,0,0,6.177,6.2384,6.1289,6.2534,15.255,94.626,-15.323,30.768,183.78,-34.224
4.33,-118.8,3.7132,-23.625,0.025343,0.26676,-0.96033,0.077256,-41.463,-5.8025,-3.5514,2.9406,-1.115,-0.16299,-0.18016,-12.473,10.883,0,0,0,6.0161,6.0808,5.9657,6.0966,15.552,96.391,-15.657,28.61,169.01,-32.692
4.34,-119.22,3.6546,-23.66,0.021125,0.25165,-0.96436,0.078992,-41.464,-5.9224,-3.4434,3.1483,-1.1991,-0.17333,-0.023251,-11.501,10.725,0,0,0,5.8583,5.9262,5.806,5.9428,15.827,98.006,-15.976,26.404,153.97,-31.134
4.35,-119.63,3.5948,-23.694,0.016531,0.23541,-0.9684,0.08063,-41.464,-6.0324,-3.3369,3.3649,-1.2861,-0.18399,0.1363,-10.513,10.564,0,0,0,5.7047,5.7755,5.6508,5.7927,16.08,99.469,-16.28,24.156,138.7,-29.553
4.36,-120.05,3.534,-23.727,0.011545,0.218,-0.97242,0.082127,-41.462,-6.1326,-3.2321,3.5891,-1.375,-0.19491,0.29827,-9.5117,10.4,0,0,0,5.5564,5.6298,5.5016,5.6472,16.31,100.78,-16.567,21.871,123.21,-27.951
4.37,-120.46,3.4722,-23.759,0.0061597,0.19936,-0.97635,0.083434,-41.458,-6.2226,-3.1289,3.8188,-1.4643,-0.20598,0.46242,-8.498,10.233,0,0,0,5.4147,5.4899,5.3596,5.5072,16.517,101.93,-16.839,19.555,107.53,-26.329
4.38,-120.87,3.4095,-23.789,0.00037561,0.17948,-0.98013,0.084495,-41.452,-6.3025,-3.0275,4.0516,-1.5522,-0.21707,0.62853,-7.4735,10.063,0,0,0,5.2807,5.357,5.2263,5.3738,16.701,102.93,-17.094,17.213,91.687,-24.691
4.39,-121.29,3.3462,-23.819,-0.0057961,0.15834,-0.98368,0.085248,-41.445,-6.3721,-2.9277,4.2839,-1.6365,-0.22802,0.79635,-6.4399,9.8907,0,0,0,5.1557,5.232,5.1032,5.2477,16.861,103.77,-17.332,14.85,75.707,-23.038
4.4,-121.7,3.2821,-23.848,-0.01233,0.13595,-0.98693,0.085627,-41.437,-6.4313,-2.8296,4.5115,-1.7143,-0.23866,0.96567,-5.3987,9.7163,0,0,0,5.041,5.116,4.9917,5.1299,16.998,104.44,-17.555,12.471,59.617,-21.372
4.41,-122.12,3.2176,-23.876,-0.019187,0.11233,-0.98979,0.085566,-41.426,-6.48,-2.7334,4.7296,-1.7829,-0.24875,1.1362,-4.3516,9.5397,0,0,0,4.9377,5.0099,4.8931,5.0214,17.11,104.96,-17.76,10.083,43.441,-19.696
4.42,-122.53,3.1526,-23.903,-0.026307,0.087567,-0.99218,0.085,-41.414,-6.5183,-2.6389,4.9326,-1.8388,-0.25806,1.3078,-3.3001,9.3611,0,0,0,4.8472,4.9147,4.8087,4.9231,17.199,105.31,-17.948,7.6891,27.206,-18.011
4.43,-122.95,3.0872,-23.929,-0.033615,0.061747,-0.99399,0.083871,-41.4,-6.546,-2.5461,5.1145,-1.879,-0.26635,1.4801,-2.2459,9.1808,0,0,0,4.7703,4.8312,4.7394,4.836,17.264,105.5,-18.12,5.296,10.938,-16.32
4.44,-123.36,3.0217,-23.954,-0.041018,0.03501,-0.99516,0.082132,-41.384,-6.5632,-2.4552,5.2694,-1.9008,-0.27336,1.653,-1.1906,8.9988,0,0,0,4.708,4.7604,4.686,4.761,17.305,105.53,-18.275,2.9086,-5.3372,-14.625
4.45,-123.77,2.956,-23.978,-0.04841,0.0075236,-0.99561,0.079754,-41.367,-6.5698,-2.3662,5.3916,-1.9019,-0.27888,1.8262,-0.13584,8.8153,0,0,0,4.661,4.7029,4.6488,4.6991,17.322,105.4,-18.413,0.53223,-21.593,-12.927
4.46,-124.19,2.8903,-24.001,-0.055676,-0.020512,-0.99529,0.076727,-41.348,-6.5659,-2.2789,5.4765,-1.8811,-0.28272,1.9994,0.91677,8.6306,0,0,0,4.6297,4.6593,4.6278,4.6512,17.316,105.1,-18.533,-1.8277,-37.805,-11.229
4.47,-124.6,2.8247,-24.023,-0.062699,-0.048872,-0.99415,0.073067,-41.327,-6.5515,-2.1936,5.5205,-1.8384,-0.28472,2.1724,1.9656,8.4447,0,0,0,4.6141,4.6302,4.6226,4.6181,17.286,104.64,-18.637,-4.1659,-53.945,-9.5339
4.48,-125.01,2.7593,-24.045,-0.069367,-0.077318,-0.99221,0.068812,-41.304,-6.5266,-2.1101,5.5217,-1.7748,-0.28481,2.345,3.009,8.2579,0,0,0,4.6141,4.6158,4.6325,4.6004,17.233,104.02,-18.724,-6.4771,-69.989,-7.8426
4.49,-125.43,2.6942,-24.065,-0.075581,-0.10561,-0.98946,0.064024,-41.28,-6.4913,-2.0284,5.4802,-1.6927,-0.28297,2.517,4.0455,8.0703,0,0,0,4.6294,4.6164,4.6567,4.5985,17.157,103.24,-18.794,-8.756,-85.91,-6.1576
4.5,-125.84,2.6295,-24.085,-0.081259,-0.1335,-0.98596,0.058784,-41.254,-6.4457,-1.9486,5.3978,-1.5954,-0.27927,2.6881,5.0733,7.8821,0,0,0,4.6591,4.6317,4.694,4.6124,17.058,102.3,-18.847,-10.997,-101.68,-4.481
4.51,-126.25,2.5653,-24.104,-0.086345,-0.16078,-0.98177,0.053187,-41.226,-6.3899,-1.8708,5.2777,-1.4866,-0.27382,2.8581,6.091,7.6934,0,0,0,4.7023,4.6614,4.7433,4.6418,16.937,101.21,-18.884,-13.195,-117.28,-2.8149
4.52,-126.66,2.5018,-24.123,-0.090805,-0.18724,-0.97696,0.047333,-41.197,-6.324,-1.7948,5.1249,-1.3706,-0.26678,3.0267,7.0969,7.5045,0,0,0,4.7581,4.705,4.8034,4.686,16.794,99.957,-18.904,-15.345,-132.68,-1.1615
4.53,-127.08,2.4389,-24.14,-0.09463,-0.21274,-0.97164,0.041323,-41.166,-6.248,-1.7207,4.9447,-1.2513,-0.25836,3.1939,8.0896,7.3154,0,0,0,4.8252,4.7616,4.8733,4.7442,16.63,98.555,-18.907,-17.442,-147.84,0.47723
4.54,-127.49,2.3768,-24.157,-0.097835,-0.23715,-0.96589,0.035255,-41.133,-6.1622,-1.6485,4.7433,-1.1324,-0.24878,3.3593,9.0675,7.1264,0,0,0,4.9024,4.8301,4.9519,4.815,16.445,97.001,-18.894,-19.479,-162.76,2.099
4.55,-127.9,2.3157,-24.173,-0.10045,-0.26036,-0.95983,0.029212,-41.098,-6.0667,-1.5782,4.5265,-1.0169,-0.23824,3.5227,10.029,6.9376,0,0,0,4.9885,4.9095,5.0381,4.8972,16.241,95.3,-18.865,-21.452,-177.4,3.7019
4.56,-128.31,2.2555,-24.189,-0.10252,-0.28233,-0.95354,0.023268,-41.062,-5.9617,-1.5097,4.2998,-0.90722,-0.22698,3.684,10.973,6.7491,0,0,0,5.0823,4.9985,5.1309,4.9891,16.017,93.454,-18.82,-23.356,-191.73,5.2836
4.57,-128.72,2.1965,-24.203,-0.10409,-0.30303,-0.94712,0.017483,-41.025,-5.8473,-1.4432,4.0683,-0.80492,-0.21518,3.843,11.898,6.5612,0,0,0,5.1824,5.0956,5.2295,5.0894,15.774,91.467,-18.759,-25.185,-205.73,6.8422
4.58,-129.13,2.1386,-24.218,-0.10523,-0.32246,-0.94064,0.0119,-40.986,-5.7238,-1.3785,3.8362,-0.71107,-0.20302,3.9994,12.802,6.374,0,0,0,5.2879,5.1995,5.3328,5.1964,15.513,89.341,-18.683,-26.933,-219.38,8.3754
4.59,-129.54,2.082,-24.231,-0.106,-0.34063,-0.93418,0.0065521,-40.945,-5.5914,-1.3157,3.6069,-0.62617,-0.19064,4.1532,13.684,6.1876,0,0,0,5.3975,5.3089,5.4399,5.3087,15.235,87.08,-18.592,-28.596,-232.64,9.8812
4.6,-129.95,2.0268,-24.244,-0.10644,-0.35758,-0.92779,0.0014582,-40.902,-5.4502,-1.2547,3.383,-0.5503,-0.17817,4.3041,14.543,6.0022,0,0,0,5.5101,5.4224,5.55,5.425,14.941,84.689,-18.486,-30.169,-245.5,11.357
4.61,-130.36,1.9731,-24.256,0.10662,0.37337,0.92153,0.0033713,-40.859,-5.3006,-1.1956,3.1666,-0.48321,-0.16568,4.452,15.377,5.8179,0,0,0,5.6249,5.5389,5.6621,5.544,14.632,82.172,-18.365,-31.645,-257.92,12.802
4.62,-130.77,1.9208,-24.268,0.10657,0.38803,0.91543,0.007934,-40.813,-5.1427,-1.1384,2.9591,-0.42446,-0.15326,4.5967,16.186,5.635,0,0,0,5.7408,5.6571,5.7754,5.6644,14.309,79.533,-18.23,-33.019,-269.87,14.213
4.63,-131.17,1.8702,-24.279,0.10635,0.40165,0.90952,0.012234,-40.767,-4.9769,-1.0829,2.7612,-0.37347,-0.14094,4.7381,16.968,5.4534,0,0,0,5.8568,5.7759,5.8891,5.7853,13.972,76.776,-18.081,-34.287,-281.35,15.588
4.64,-131.58,1.8213,-24.29,0.106,0.41427,0.90381,0.01628,-40.719,-4.8035,-1.0293,2.5735,-0.3296,-0.12877,4.8761,17.721,5.2734,0,0,0,5.9723,5.8944,6.0022,5.9056,13.624,73.907,-17.918,-35.443,-292.31,16.925
4.65,-131.99,1.7742,-24.3,0.10554,0.42595,0.89834,0.020083,-40.669,-4.6226,-0.97746,2.3962,-0.29218,-0.11675,5.0105,18.446,5.0951,0,0,0,6.0863,6.0116,6.1142,6.0243,13.264,70.932,-17.742,-36.482,-302.73,18.222
4.66,-132.39,1.7289,-24.309,0.10501,0.43677,0.89311,0.023657,-40.619,-4.4347,-0.9274,2.229,-0.26058,-0.10489,5.1413,19.14,4.9186,0,0,0,6.1981,6.1267,6.2241,6.1408,12.894,67.855,-17.554,-37.397,-312.58,19.476
4.67,-132.8,1.6855,-24.318,0.10443,0.44678,0.88812,0.027018,-40.566,-4.2399,-0.87908,2.0718,-0.23417,-0.09317,5.2684,19.802,4.744,0,0,0,6.3071,6.239,6.3314,6.2543,12.516,64.682,-17.353,-38.185,-321.85,20.687
4.68,-133.21,1.6441,-24.327,0.10381,0.45602,0.88338,0.030182,-40.513,-4.0387,-0.83251,1.924,-0.2124,-0.081582,5.3916,20.433,4.5715,0,0,0,6.4127,6.3477,6.4354,6.3641,12.131,61.42,-17.14,-38.839,-330.49,21.85
4.69,-133.61,1.6048,-24.335,0.10319,0.46457,0.87888,0.033163,-40.459,-3.8314,-0.78765,1.7853,-0.19475,-0.070099,5.511,21.03,4.4013,0,0,0,6.5141,6.4521,6.5355,6.4696,11.74,58.074,-16.916,-39.355,-338.5,22.966
4.7,-134.01,1.5675,-24.342,0.10257,0.47246,0.87463,0.035979,-40.403,-3.6182,-0.74448,1.6551,-0.18077,-0.058693,5.6264,21.594,4.2333,0,0,0,6.611,6.5519,6.6312,6.5703,11.344,54.652,-16.681,-39.727,-345.84,24.03
4.71,-134.42,1.5324,-24.35,0.10196,0.47973,0.87061,0.038645,-40.346,-3.3996,-0.70297,1.5328,-0.17006,-0.047327,5.7379,22.123,4.0677,0,0,0,6.7027,6.6464,6.722,6.6657,10.946,51.16,-16.436,-39.949,-352.48,25.042
4.72,-134.82,1.4995,-24.356,0.10137,0.48644,0.86683,0.041175,-40.288,-3.1759,-0.66311,1.4179,-0.16229,-0.035966,5.8453,22.617,3.9046,0,0,0,6.789,6.7351,6.8074,6.7553,10.546,47.605,-16.181,-40.017,-358.4,25.999
4.73,-135.22,1.4689,-24.363,0.10082,0.49262,0.86328,0.043583,-40.229,-2.9474,-0.62487,1.3099,-0.15715,-0.024569,5.9488,23.075,3.7441,0,0,0,6.8693,6.8178,6.8871,6.8389,10.146,43.994,-15.916,-39.925,-363.58,26.899
4.74,-135.63,1.4406,-24.369,0.1003,0.49831,0.85996,0.045884,-40.169,-2.7145,-0.58822,1.2081,-0.15439,-0.013091,6.0483,23.497,3.5863,0,0,0,6.9433,6.894,6.9606,6.9159,9.7481,40.336,-15.643,-39.668,-367.98,27.74
4.75,-136.03,1.4146,-24.375,0.099835,0.50353,0.85684,0.048089,-40.108,-2.4776,-0.55314,1.112,-0.15382,-0.0014882,6.1438,23.882,3.4313,0,0,0,7.0108,6.9633,7.0276,6.9862,9.3534,36.637,-15.361,-39.243,-371.59,28.521
4.76,-136.43,1.3911,-24.38,0.099419,0.50831,0.85394,0.050211,-40.046,-2.237,-0.51959,1.0212,-0.15525,0.010288,6.2353,24.229,3.2791,0,0,0,7.0714,7.0257,7.0879,7.0495,8.9637,32.907,-15.073,-38.656,-374.44,29.242
4.77,-136.83,1.3699,-24.385,0.09906,0.51269,0.85124,0.052261,-39.984,-1.9931,-0.48755,0.93524,-0.15855,0.022288,6.3231,24.54,3.1298,0,0,0,7.1249,7.0807,7.1412,7.1056,8.5808,29.151,-14.777,-37.912,-376.54,29.905
4.78,-137.23,1.3512,-24.39,0.09876,0.51668,0.84873,0.05425,-39.92,-1.7463,-0.45698,0.85358,-0.1636,0.034563,6.407,24.812,2.9836,0,0,0,7.171,7.1282,7.1873,7.1542,8.206,25.378,-14.475,-37.017,-377.91,30.512
4.79,-137.63,1.335,-24.394,0.098526,0.52031,0.84641,0.056188,-39.855,-1.497,-0.42787,0.77582,-0.17033,0.047168,6.4872,25.047,2.8404,0,0,0,7.2098,7.1681,7.2261,7.1953,7.8409,21.595,-14.167,-35.977,-378.56,31.063
4.8,-138.03,1.3213,-24.398,0.098359,0.52359,0.84428,0.058084,-39.79,-1.2455,-0.40016,0.70155,-0.17868,0.060159,6.5638,25.244,2.7003,0,0,0,7.2409,7.2002,7.2574,7.2287,7.4869,17.809,-13.854,-34.797,-378.53,31.559
4.81,-138.42,1.3101,-24.402,0.098265,0.52654,0.84232,0.059948,-39.724,-0.99223,-0.37385,0.63039,-0.18861,0.073597,6.637,25.404,2.5633,0,0,0,7.2644,7.2245,7.281,7.2543,7.1454,14.027,-13.536,-33.482,-377.82,32.003
4.82,-138.82,1.3014,-24.406,0.098246,0.52918,0.84053,0.06179,-39.657,-0.73756,-0.34889,0.56197,-0.20009,0.087543,6.7068,25.525,2.4296,0,0,0,7.2801,7.2407,7.2971,7.2721,6.8177,10.255,-13.214,-32.039,-376.45,32.394
4.83,-139.22,1.2953,-24.409,0.098307,0.53152,0.83892,0.063616,-39.59,-0.48186,-0.32525,0.49594,-0.21315,0.10206,6.7734,25.609,2.299,0,0,0,7.2879,7.249,7.3054,7.282,6.505,6.5001,-12.888,-30.472,-374.45,32.734
4.84,-139.61,1.2918,-24.412,0.098452,0.53356,0.83746,0.065435,-39.522,-0.22551,-0.3029,0.43197,-0.22779,0.11723,6.837,25.655,2.1718,0,0,0,7.288,7.2493,7.306,7.2841,6.2086,2.7682,-12.559,-28.789,-371.83,33.025
4.85,-140.01,1.2908,-24.415,0.098684,0.53532,0.83616,0.067256,-39.453,0.031119,-0.2818,0.36973,-0.24406,0.13311,6.8976,25.664,2.0479,0,0,0,7.2802,7.2416,7.2989,7.2783,5.9296,-0.93459,-12.228,-26.993,-368.62,33.267
4.86,-140.4,1.2924,-24.418,0.09901,0.53681,0.83502,0.069086,-39.384,0.28765,-0.26193,0.30893,-0.26201,0.14978,6.9556,25.636,1.9273,0,0,0,7.2647,7.226,7.2841,7.2647,5.6691,-4.6023,-11.894,-25.092,-364.83,33.463
4.87,-140.79,1.2966,-24.421,0.099433,0.53803,0.83403,0.070932,-39.314,0.54373,-0.24324,0.24926,-0.28171,0.16734,7.0111,25.572,1.81,0,0,0,7.2414,7.2024,7.2617,7.2434,5.4281,-8.2293,-11.559,-23.09,-360.48,33.612
4.88,-141.19,1.3033,-24.423,0.09996,0.53898,0.83319,0.072803,-39.244,0.79898,-0.22572,0.19043,-0.30326,0.18585,7.0642,25.472,1.6961,0,0,0,7.2105,7.171,7.2318,7.2145,5.2076,-11.81,-11.222,-20.993,-355.59,33.717
4.89,-141.58,1.3126,-24.425,0.1006,0.53967,0.8325,0.074705,-39.173,1.053,-0.20931,0.13216,-0.32676,0.20543,7.1153,25.336,1.5856,0,0,0,7.1721,7.1318,7.1944,7.178,5.0086,-15.339,-10.884,-18.808,-350.18,33.778
4.9,-141.97,1.3244,-24.427,0.10135,0.5401,0.83195,0.076646,-39.102,1.3056,-0.19399,0.074164,-0.35233,0.22617,7.1645,25.165,1.4784,0,0,0,7.1262,7.0851,7.1498,7.1342,4.8318,-18.812,-10.546,-16.538,-344.27,33.797
4.91,-142.36,1.3387,-24.429,0.10223,0.54028,0.83155,0.078633,-39.03,1.5562,-0.17973,0.016163,-0.38012,0.24818,7.212,24.96,1.3746,0,0,0,7.0731,7.0308,7.098,7.0831,4.6781,-22.223,-10.209,-14.191,-337.88,33.774
4.92,-142.75,1.3555,-24.431,0.10323,0.54018,0.83129,0.080674,-38.957,1.8047,-0.16649,-0.042128,-0.41028,0.27157,7.2581,24.721,1.2742,0,0,0,7.0129,6.9693,7.0392,7.025,4.5482,-25.568,-9.8711,-11.771,-331.03,33.712
4.93,-143.14,1.3748,-24.432,0.10438,0.53983,0.83117,0.082776,-38.885,2.0506,-0.15424,-0.101,-0.443,0.29647,7.3031,24.449,1.1772,0,0,0,6.9458,6.9006,6.9737,6.96,4.4429,-28.842,-9.5345,-9.2847,-323.73,33.611
4.94,-143.53,1.3965,-24.434,0.10568,0.5392,0.83119,0.084948,-38.811,2.2935,-0.14294,-0.16074,-0.47849,0.32302,7.3471,24.145,1.0835,0,0,0,6.8719,6.825,6.9017,6.8884,4.3627,-32.041,-9.199,-6.7374,-316.01,33.473
4.95,-143.92,1.4206,-24.435,0.10715,0.53829,0.83136,0.087196,-38.738,2.5333,-0.13255,-0.22166,-0.51696,0.35136,7.3904,23.808,0.99322,0,0,0,6.7916,6.7426,6.8233,6.8104,4.3083,-35.161,-8.8651,-4.1346,-307.88,33.298
4.96,-144.3,1.4471,-24.436,0.10878,0.5371,0.83167,0.089529,-38.663,2.7696,-0.12306,-0.28408,-0.55866,0.38164,7.4333,23.442,0.90623,0,0,0,6.7051,6.6537,6.7389,6.7263,4.2802,-38.198,-8.5332,-1.4821,-299.37,33.088
4.97,-144.69,1.476,-24.438,0.11061,0.53562,0.83212,0.091954,-38.589,3.0021,-0.11442,-0.34832,-0.60387,0.41403,7.4761,23.045,0.82255,0,0,0,6.6126,6.5586,6.6488,6.6363,4.2788,-41.147,-8.2035,1.2145,-290.49,32.845
4.98,-145.08,1.5072,-24.439,0.11264,0.53382,0.83272,0.09448,-38.514,3.2304,-0.1066,-0.41474,-0.65289,0.44871,7.519,22.619,0.74215,0,0,0,6.5144,6.4575,6.5532,6.5408,4.3046,-44.006,-7.8764,3.9496,-281.26,32.569
4.99,-145.46,1.5406,-24.44,0.11489,0.5317,0.83346,0.097115,-38.439,3.4544,-0.099565,-0.48369,-0.70604,0.48587,7.5623,22.165,0.66501,0,0,0,6.4109,6.3507,6.4524,6.44,4.3579,-46.771,-7.5522,6.7175,-271.7,32.261
5,-145.84,1.5762,-24.441,0.11737,0.52925,0.83436,0.099866,-38.363,3.6736,-0.093287,-0.55559,-0.76367,0.52571,7.6062,21.684,0.5911,0,0,0,6.3024,6.2385,6.3469,6.3343,4.439,-49.439,-7.2313,9.5127,-261.84,31.923
5.01,-146.23,1.614,-24.442,0.12012,0.52643,0.8354,0.10274,-38.286,3.8879,-0.087732,-0.63083,-0.82617,0.56844,7.6512,21.177,0.52037,0,0,0,6.1893,6.1213,6.237,6.224,4.5482,-52.007,-6.9138,12.329,-251.68,31.556
5.02,-146.61,1.654,-24.442,0.12315,0.52323,0.83659,0.10575,-38.21,4.0971,-0.082869,-0.70987,-0.89394,0.61429,7.6973,20.644,0.45281,0,0,0,6.0718,5.9994,6.123,6.1096,4.6857,-54.472,-6.6002,15.162,-241.25,31.162
5.03,-146.99,1.696,-24.443,0.12648,0.51962,0.83793,0.1089,-38.132,4.3007,-0.078666,-0.79319,-0.96742,0.66349,7.745,20.087,0.38836,0,0,0,5.9506,5.8732,6.0055,5.9915,4.8515,-56.831,-6.2907,18.005,-230.57,30.74
5.04,-147.37,1.74,-24.444,0.13014,0.51558,0.83943,0.11219,-38.055,4.4987,-0.075092,-0.88129,-1.047,0.71628,7.7944,19.508,0.32698,0,0,0,5.8258,5.7431,5.8849,5.8699,5.0458,-59.083,-5.9855,20.853,-219.66,30.294
5.05,-147.75,1.7859,-24.445,0.13417,0.51107,0.84109,0.11564,-37.977,4.6908,-0.072116,-0.97472,-1.1333,0.7729,7.846,18.906,0.26863,0,0,0,5.6982,5.6095,5.7616,5.7455,5.2686,-61.224,-5.6849,23.7,-208.53,29.823
5.06,-148.13,1.8338,-24.445,0.13859,0.50605,0.8429,0.11924,-37.898,4.8768,-0.069709,-1.074,-1.2265,0.8336,7.8999,18.284,0.21326,0,0,0,5.568,5.473,5.6361,5.6186,5.5198,-63.253,-5.3891,26.54,-197.21,29.329
5.07,-148.51,1.8834,-24.446,0.14344,0.50048,0.84487,0.123,-37.819,5.0564,-0.067841,-1.1799,-1.3273,0.89861,7.9565,17.641,0.16083,0,0,0,5.436,5.3341,5.509,5.4897,5.7993,-65.167,-5.0984,29.368,-185.71,28.814
5.08,-148.89,1.9349,-24.447,0.14876,0.49432,0.847,0.12692,-37.739,5.2296,-0.066483,-1.2929,-1.436,0.96814,8.016,16.981,0.11128,0,0,0,5.3025,5.1933,5.3808,5.3593,6.1071,-66.966,-4.8129,32.178,-174.06,28.278
5.09,-149.27,1.988,-24.447,0.15458,0.48751,0.84928,0.13099,-37.658,5.396,-0.065606,-1.4136,-1.5529,1.0424,8.0787,16.303,0.064555,0,0,0,5.1683,5.0513,5.2521,5.228,6.4428,-68.648,-4.5329,34.964,-162.27,27.722
5.1,-149.64,2.0428,-24.448,0.16095,0.48,0.85172,0.13521,-37.577,5.5556,-0.065182,-1.5429,-1.6783,1.1214,8.1449,15.608,0.020602,0,0,0,5.0339,4.9088,5.1236,5.0962,6.8063,-70.212,-4.2585,37.722,-150.37,27.149
5.11,-150.02,2.0991,-24.449,0.16791,0.47171,0.8543,0.13956,-37.495,5.7081,-0.065185,-1.6812,-1.8122,1.2054,8.2149,14.899,-0.020636,0,0,0,4.9001,4.7665,4.9958,4.9646,7.1971,-71.655,-3.99,40.444,-138.36,26.558
5.12,-150.39,2.1569,-24.449,0.17551,0.46258,0.85702,0.14402,-37.413,5.8535,-0.065586,-1.8293,-1.9543,1.2942,8.2889,14.175,-0.059217,0,0,0,4.7676,4.6254,4.8695,4.8337,7.615,-72.978,-3.7274,43.127,-126.27,25.952
5.13,-150.76,2.2161,-24.45,0.18378,0.45253,0.85987,0.14857,-37.33,5.9916,-0.066361,-1.9876,-2.1042,1.3878,8.3673,13.44,-0.095204,0,0,0,4.637,4.4865,4.7452,4.704,8.0595,-74.18,-3.471,45.763,-114.13,25.332
5.14,-151.14,2.2767,-24.451,0.19278,0.44147,0.86283,0.15315,-37.245,6.1222,-0.067482,-2.1566,-2.261,1.4857,8.4502,12.692,-0.12866,0,0,0,4.5093,4.3508,4.6237,4.5762,8.5301,-75.261,-3.2208,48.348,-101.94,24.698
5.15,-151.51,2.3386,-24.451,0.20254,0.42932,0.8659,0.15773,-37.16,6.2454,-0.068925,-2.3364,-2.4231,1.5874,8.538,11.935,-0.15964,0,0,0,4.3852,4.2196,4.5057,4.4508,9.0263,-76.219,-2.9771,50.875,-89.73,24.052
5.16,-151.88,2.4016,-24.452,0.21308,0.41597,0.86905,0.16222,-37.075,6.3609,-0.070667,-2.5272,-2.5883,1.6922,8.6308,11.168,-0.18822,0,0,0,4.2656,4.0944,4.3918,4.3285,9.5474,-77.055,-2.7398,53.339,-77.517,23.395
5.17,-152.25,2.4657,-24.453,0.22443,0.40133,0.87226,0.16653,-36.988,6.4687,-0.072682,-2.7283,-2.7536,1.799,8.729,10.394,-0.21446,0,0,0,4.1513,3.9765,4.2827,4.21,10.093,-77.77,-2.5092,55.735,-65.321,22.729
5.18,-152.62,2.5309,-24.454,0.2366,0.38529,0.87549,0.17057,-36.9,6.5688,-0.074948,-2.939,-2.9151,1.9063,8.8328,9.6133,-0.23843,0,0,0,4.0433,3.8677,4.1791,4.0958,10.662,-78.362,-2.2853,58.057,-53.16,22.054
5.19,-152.99,2.5971,-24.454,0.24955,0.36776,0.87871,0.17418,-36.811,6.661,-0.077443,-3.1577,-3.0679,2.0124,8.9423,8.8272,-0.26019,0,0,0,3.9424,3.7695,4.0814,3.9869,11.254,-78.833,-2.0681,60.299,-41.053,21.372
5.2,-153.36,2.6641,-24.455,0.26324,0.34864,0.8819,0.17723,-36.721,6.7453,-0.080145,-3.3822,-3.206,2.1152,9.0579,8.037,-0.27981,0,0,0,3.8496,3.6838,3.9903,3.8841,11.868,-79.183,-1.8578,62.455,-29.02,20.684
5.21,-153.72,2.732,-24.456,0.2776,0.32784,0.885,0.17952,-36.63,6.8217,-0.083033,-3.6094,-3.3225,2.2121,9.1797,7.2439,-0.29737,0,0,0,3.7655,3.6122,3.9061,3.7883,12.502,-79.414,-1.6545,64.52,-17.08,19.991
5.22,-154.09,2.8005,-24.457,0.29249,0.30532,0.88799,0.18087,-36.538,6.8902,-0.086086,-3.8353,-3.41,2.3005,9.308,6.4491,-0.31293,0,0,0,3.6912,3.5558,3.8293,3.7006,13.158,-79.525,-1.458,66.489,-5.252,19.295
5.23,-154.45,2.8698,-24.458,0.30776,0.28102,0.8908,0.18105,-36.444,6.9507,-0.089285,-4.0548,-3.4611,2.3776,9.443,5.6538,-0.32655,0,0,0,3.6273,3.5159,3.7604,3.6224,13.832,-79.519,-1.2686,68.355,6.445,18.596
5.24,-154.82,2.9395,-24.459,0.3232,0.25495,0.89341,0.17988,-36.349,7.0032,-0.092611,-4.262,-3.4688,2.4405,9.5847,4.8591,-0.33832,0,0,0,3.5747,3.4929,3.6996,3.5551,14.524,-79.397,-1.0861,70.113,17.992,17.896
5.25,-155.18,3.0098,-24.46,0.33855,0.22714,0.89577,0.17714,-36.252,7.0479,-0.096045,-4.4503,-3.4275,2.4868,9.7335,4.0663,-0.3483,0,0,0,3.534,3.4867,3.6474,3.5,15.234,-79.16,-0.91066,71.758,29.369,17.196
5.26,-155.54,3.0805,-24.461,0.35353,0.19771,0.89784,0.17267,-36.154,7.0846,-0.099571,-4.6126,-3.3338,2.5144,9.8895,3.2763,-0.35656,0,0,0,3.506,3.4966,3.6043,3.4586,15.959,-78.81,-0.7422,73.283,40.557,16.497
5.27,-155.9,3.1515,-24.462,0.36782,0.16679,0.89956,0.16636,-36.054,7.1134,-0.10317,-4.7418,-3.1873,2.522,10.053,2.4904,-0.36317,0,0,0,3.4912,3.5213,3.5709,3.4322,16.699,-78.349,-0.58071,74.684,51.538,15.801
5.28,-156.26,3.2227,-24.463,0.38112,0.1346,0.9009,0.15817,-35.953,7.1344,-0.10683,-4.8315,-2.991,2.5089,10.223,1.7097,-0.36819,0,0,0,3.4901,3.5591,3.5479,3.4217,17.452,-77.78,-0.42617,75.953,62.292,15.108
5.29,-156.62,3.2941,-24.464,0.39311,0.10142,0.90179,0.14814,-35.85,7.1476,-0.11053,-4.8766,-2.7515,2.4754,10.402,0.93518,-0.37171,0,0,0,3.5029,3.608,3.536,3.4275,18.218,-77.104,-0.27853,77.087,72.8,14.421
5.3,-156.98,3.3656,-24.465,0.40355,0.067575,0.90221,0.1364,-35.745,7.1531,-0.11426,-4.8738,-2.4784,2.4227,10.588,0.16795,-0.37379,0,0,0,3.5297,3.6659,3.5361,3.4496,18.994,-76.325,-0.13773,78.079,83.043,13.739
5.31,-157.34,3.4372,-24.466,0.41225,0.033443,0.90209,0.12317,-35.638,7.151,-0.118,-4.8221,-2.1834,2.3526,10.782,-0.59098,-0.37449,0,0,0,3.5702,3.7312,3.5487,3.4873,19.779,-75.445,-0.0037208,78.923,93.001,13.065
5.32,-157.69,3.5086,-24.467,0.41908,-0.00058148,0.90141,0.10875,-35.529,7.1413,-0.12174,-4.723,-1.8796,2.2674,10.983,-1.3406,-0.37388,0,0,0,3.6238,3.8023,3.5743,3.5395,20.572,-74.466,0.12359,79.615,102.66,12.399
5.33,-158.05,3.58,-24.468,0.42403,-0.0341,0.90017,0.093486,-35.418,7.1242,-0.12547,-4.5806,-1.5795,2.1698,11.193,-2.08,-0.37204,0,0,0,3.6895,3.8783,3.6131,3.605,21.371,-73.392,0.24429,80.147,111.99,11.743
5.34,-158.4,3.6511,-24.47,0.42715,-0.066738,0.89836,0.077733,-35.305,7.0998,-0.12918,-4.401,-1.2941,2.0625,11.411,-2.8082,-0.36902,0,0,0,3.7663,3.9585,3.665,3.6821,22.174,-72.227,0.35848,80.516,120.98,11.098
5.35,-158.76,3.7219,-24.471,0.4286,-0.098167,0.89601,0.061849,-35.19,7.0681,-0.13285,-4.1915,-1.0323,1.9484,11.637,-3.5242,-0.36489,0,0,0,3.8529,4.0427,3.7294,3.7692,22.98,-70.974,0.46628,80.714,129.61,10.465
5.36,-159.11,3.7924,-24.472,0.42856,-0.12812,0.89319,0.046149,-35.073,7.0293,-0.13647,-3.9605,-0.80014,1.8298,11.871,-4.2274,-0.35972,0,0,0,3.9479,4.1305,3.8056,3.8647,23.788,-69.636,0.56782,80.737,137.86,9.845
5.37,-159.46,3.8625,-24.474,0.42726,-0.1564,0.88996,0.030895,-34.953,6.9836,-0.14004,-3.7158,-0.60076,1.709,12.112,-4.9167,-0.35355,0,0,0,4.0501,4.2221,3.8926,3.9673,24.594,-68.218,0.66323,80.578,145.71,9.2399
5.38,-159.81,3.9321,-24.475,0.42495,-0.18288,0.8864,0.016285,-34.83,6.9311,-0.14354,-3.4649,-0.43504,1.5878,12.362,-5.5915,-0.34647,0,0,0,4.1582,4.3175,3.989,4.0758,25.399,-66.724,0.75267,80.234,153.14,8.6504
5.39,-160.15,4.0011,-24.477,0.42188,-0.2075,0.88258,0.0024512,-34.705,6.8718,-0.14697,-3.2139,-0.30187,1.4678,12.62,-6.2509,-0.33852,0,0,0,4.2711,4.4164,4.0937,4.1891,26.198,-65.157,0.83629,79.705,160.16,8.0768
5.4,-160.5,4.0695,-24.478,-0.41826,0.23027,-0.87859,0.010529,-34.578,6.8061,-0.15031,-2.9678,-0.19884,1.3501,12.886,-6.8944,-0.32976,0,0,0,4.3878,4.5189,4.2054,4.3063,26.992,-63.522,0.91426,78.997,166.76,7.5188
5.41,-160.84,4.1372,-24.48,-0.41429,0.25121,-0.8745,0.022628,-34.448,6.734,-0.15356,-2.7303,-0.12275,1.2356,13.16,-7.5212,-0.32025,0,0,0,4.5076,4.6247,4.3227,4.4266,27.778,-61.823,0.98672,78.113,172.97,6.9762
5.42,-161.19,4.2041,-24.481,-0.41014,0.2704,-0.87036,0.033854,-34.315,6.6557,-0.15671,-2.5041,-0.070083,1.125,13.442,-8.1306,-0.31005,0,0,0,4.6296,4.7334,4.4445,4.5494,28.554,-60.064,1.0538,77.058,178.78,6.449
5.43,-161.53,4.2703,-24.483,-0.40595,0.28794,-0.86622,0.044241,-34.179,6.5714,-0.15976,-2.2906,-0.037283,1.0186,13.731,-8.7223,-0.29919,0,0,0,4.7533,4.8447,4.5699,4.674,29.318,-58.249,1.1158,75.836,184.19,5.9369
5.44,-161.87,4.3356,-24.484,-0.40182,0.30393,-0.86213,0.053841,-34.04,6.4813,-0.1627,-2.0906,-0.021006,0.91678,14.028,-9.2954,-0.28775,0,0,0,4.8781,4.9582,4.6978,4.7999,30.07,-56.381,1.1726,74.451,189.22,5.4397
5.45,-162.21,4.3999,-24.486,-0.39784,0.31848,-0.85812,0.062715,-33.898,6.3856,-0.16551,-1.9044,-0.018225,0.81952,14.333,-9.8497,-0.27576,0,0,0,5.0035,5.0735,4.8274,4.9268,30.807,-54.466,1.2246,72.908,193.88,4.9572
5.46,-162.55,4.4633,-24.488,-0.39406,0.33169,-0.8542,0.070928,-33.753,6.2844,-0.16821,-1.7318,-0.026286,0.72686,14.644,-10.385,-0.26327,0,0,0,5.1292,5.1902,4.9581,5.054,31.528,-52.505,1.2718,71.211,198.16,4.4894
5.47,-162.89,4.5256,-24.489,-0.39055,0.34369,-0.8504,0.078547,-33.605,6.178,-0.17078,-1.5722,-0.042914,0.63873,14.963,-10.9,-0.25034,0,0,0,5.2548,5.3078,5.0892,5.1813,32.231,-50.504,1.3144,69.365,202.08,4.036
5.48,-163.22,4.5868,-24.491,-0.38732,0.35456,-0.84672,0.085635,-33.454,6.0665,-0.17321,-1.4249,-0.066199,0.555,15.289,-11.395,-0.237,0,0,0,5.38,5.426,5.2203,5.3083,32.914,-48.465,1.3526,67.373,205.64,3.5967
5.49,-163.56,4.6469,-24.493,-0.38439,0.3644,-0.84318,0.092251,-33.299,5.9502,-0.17552,-1.2892,-0.094555,0.47549,15.621,-11.869,-0.2233,0,0,0,5.5044,5.5444,5.3508,5.4347,33.578,-46.392,1.3864,65.24,208.85,3.1716
5.5,-163.89,4.7058,-24.495,-0.38178,0.37331,-0.83976,0.098451,-33.142,5.8292,-0.17768,-1.1641,-0.12668,0.40001,15.96,-12.322,-0.20928,0,0,0,5.6279,5.6626,5.4803,5.5602,34.219,-44.289,1.4161,62.971,211.71,2.7603
5.51,-164.22,4.7634,-24.496,-0.37949,0.38135,-0.83647,0.10428,-32.98,5.7038,-0.1797,-1.0489,-0.16153,0.32838,16.306,-12.755,-0.19499,0,0,0,5.7502,5.7804,5.6087,5.6846,34.837,-42.159,1.4417,60.569,214.23,2.3627
5.52,-164.55,4.8198,-24.498,-0.37752,0.3886,-0.83331,0.1098,-32.815,5.5742,-0.18158,-0.94274,-0.19826,0.26036,16.657,-13.165,-0.18046,0,0,0,5.8712,5.8974,5.7356,5.8077,35.43,-40.005,1.4634,58.04,216.42,1.9787
5.53,-164.87,4.8749,-24.5,-0.37587,0.39513,-0.83028,0.11503,-32.647,5.4405,-0.18331,-0.84477,-0.23618,0.19577,17.014,-13.555,-0.16574,0,0,0,5.9905,6.0135,5.8608,5.9292,35.997,-37.832,1.4813,55.386,218.28,1.608
5.54,-165.2,4.9286,-24.502,-0.37453,0.401,-0.82736,0.12001,-32.475,5.3031,-0.18489,-0.75429,-0.27476,0.13439,17.377,-13.922,-0.15085,0,0,0,6.1082,6.1283,5.9841,6.049,36.537,-35.641,1.4956,52.613,219.83,1.2504
5.55,-165.52,4.981,-24.504,-0.37349,0.40625,-0.82456,0.12478,-32.3,5.1622,-0.18633,-0.67062,-0.31357,0.07604,17.745,-14.267,-0.13584,0,0,0,6.224,6.2417,6.1053,6.1669,37.049,-33.436,1.5063,49.725,221.06,0.90591
5.56,-165.85,5.0319,-24.506,-0.37274,0.41094,-0.82186,0.12936,-32.12,5.0179,-0.18761,-0.59311,-0.35228,0.020523,18.118,-14.591,-0.12074,0,0,0,6.3378,6.3534,6.2243,6.2828,37.531,-31.221,1.5137,46.727,221.98,0.57419
5.57,-166.17,5.0813,-24.507,-0.37228,0.4151,-0.81927,0.13377,-31.937,4.8704,-0.18874,-0.5212,-0.39064,-0.032332,18.495,-14.892,-0.10557,0,0,0,6.4495,6.4635,6.341,6.3966,37.983,-28.997,1.5179,43.622,222.6,0.25511
5.58,-166.49,5.1293,-24.509,-0.37208,0.41878,-0.81678,0.13804,-31.75,4.7201,-0.18972,-0.45436,-0.42845,-0.082686,18.877,-15.171,-0.090389,0,0,0,6.559,6.5716,6.4553,6.5082,38.403,-26.77,1.5189,40.414,222.93,-0.051506
5.59,-166.8,5.1757,-24.511,-0.37215,0.42201,-0.81437,0.14218,-31.56,4.5671,-0.19055,-0.39212,-0.46554,-0.13069,19.263,-15.427,-0.075207,0,0,0,6.6663,6.6777,6.5671,6.6175,38.791,-24.54,1.5169,37.109,222.96,-0.34583
5.6,-167.12,5.2206,-24.513,-0.37246,0.42482,-0.81205,0.14621,-31.365,4.4116,-0.19122,-0.33404,-0.5018,-0.17649,19.653,-15.661,-0.060061,0,0,0,6.7712,6.7817,6.6765,6.7244,39.145,-22.311,1.512,33.711,222.72,-0.62805
5.61,-167.43,5.2639,-24.515,-0.37301,0.42724,-0.80981,0.15014,-31.167,4.2539,-0.19175,-0.27974,-0.53715,-0.22021,20.046,-15.873,-0.044977,0,0,0,6.8738,6.8836,6.7832,6.829,39.465,-20.086,1.5044,30.223,222.2,-0.89833
5.62,-167.74,5.3057,-24.517,-0.37378,0.42929,-0.80764,0.15398,-30.964,4.0942,-0.19212,-0.22886,-0.57152,-0.26196,20.442,-16.063,-0.029983,0,0,0,6.974,6.9832,6.8874,6.9311,39.749,-17.868,1.4941,26.651,221.42,-1.1568
5.63,-168.05,5.3458,-24.519,-0.37478,0.431,-0.80554,0.15775,-30.758,3.9328,-0.19235,-0.1811,-0.60485,-0.30187,20.841,-16.231,-0.015104,0,0,0,7.0717,7.0805,6.9889,7.0307,39.998,-15.659,1.4813,22.998,220.37,-1.4038
5.64,-168.35,5.3843,-24.521,-0.37598,0.43238,-0.80351,0.16144,-30.547,3.7697,-0.19243,-0.13617,-0.63711,-0.34002,21.242,-16.376,-0.00036562,0,0,0,7.167,7.1755,7.0879,7.1278,40.209,-13.462,1.466,19.269,219.06,-1.6393
5.65,-168.66,5.4212,-24.523,-0.37738,0.43345,-0.80153,0.16507,-30.333,3.6053,-0.19236,-0.093803,-0.66828,-0.3765,21.645,-16.5,0.014209,0,0,0,7.2598,7.2681,7.1842,7.2224,40.383,-11.279,1.4485,15.468,217.5,-1.8636
5.66,-168.96,5.4564,-24.525,-0.37897,0.43423,-0.79962,0.16865,-30.114,3.4398,-0.19214,-0.053782,-0.69834,-0.4114,22.049,-16.602,0.028597,0,0,0,7.3501,7.3583,7.2779,7.3145,40.518,-9.1123,1.4288,11.599,215.71,-2.0769
5.67,-169.26,5.49,-24.527,-0.38073,0.43473,-0.79775,0.17217,-29.892,3.2733,-0.19179,-0.015894,-0.72727,-0.44479,22.455,-16.682,0.042778,0,0,0,7.438,7.4461,7.369,7.4041,40.615,-6.9653,1.407,7.6674,213.67,-2.2793
5.68,-169.56,5.5219,-24.528,-0.38267,0.43496,-0.79594,0.17564,-29.665,3.1062,-0.19129,0.020048,-0.75506,-0.47674,22.862,-16.741,0.056731,0,0,0,7.5233,7.5316,7.4575,7.4912,40.671,-4.8397,1.3832,3.6766,211.4,-2.4709
5.69,-169.85,5.5521,-24.53,-0.38478,0.43494,-0.79417,0.17907,-29.435,2.9386,-0.19065,0.054213,-0.78172,-0.5073,23.268,-16.779,0.070436,0,0,0,7.6062,7.6146,7.5434,7.5758,40.688,-2.7379,1.3576,-0.36875,208.91,-2.6521
5.7,-170.15,5.5807,-24.532,-0.38703,0.43468,-0.79245,0.18245,-29.2,2.7707,-0.18988,0.086753,-0.80723,-0.53654,23.675,-16.796,0.083877,0,0,0,7.6867,7.6953,7.6269,7.6579,40.664,-0.66213,1.3302,-4.4644,206.21,-2.8229
5.71,-170.44,5.6075,-24.534,-0.38944,0.43419,-0.79076,0.18578,-28.961,2.6027,-0.18898,0.11781,-0.83159,-0.56449,24.082,-16.793,0.097036,0,0,0,7.7648,7.7736,7.7078,7.7376,40.599,1.3855,1.3012,-8.606,203.29,-2.9836
5.72,-170.73,5.6327,-24.536,-0.39198,0.43347,-0.78912,0.18908,-28.718,2.4349,-0.18794,0.1475,-0.8548,-0.5912,24.487,-16.769,0.1099,0,0,0,7.8404,7.8496,7.7863,7.815,40.492,3.403,1.2706,-12.789,200.17,-3.1342
5.73,-171.01,5.6562,-24.538,-0.39466,0.43254,-0.78751,0.19233,-28.471,2.2674,-0.18678,0.17594,-0.87685,-0.61671,24.891,-16.725,0.12244,0,0,0,7.9138,7.9232,7.8623,7.8899,40.343,5.3882,1.2385,-17.01,196.84,-3.2751
5.74,-171.3,5.6781,-24.54,-0.39746,0.43139,-0.78593,0.19554,-28.22,2.1005,-0.18549,0.20323,-0.89774,-0.64106,25.294,-16.661,0.13466,0,0,0,7.9847,7.9946,7.936,7.9625,40.151,7.3392,1.2051,-21.263,193.33,-3.4063
5.75,-171.58,5.6982,-24.542,-0.40038,0.43004,-0.78439,0.19871,-27.965,1.9343,-0.18409,0.22947,-0.91748,-0.66427,25.694,-16.578,0.14654,0,0,0,8.0535,8.0637,8.0073,8.0327,39.917,9.2542,1.1704,-25.546,189.63,-3.528
5.76,-171.86,5.7168,-24.543,-0.40342,0.4285,-0.78289,0.20183,-27.707,1.769,-0.18256,0.25473,-0.93605,-0.68638,26.092,-16.476,0.15807,0,0,0,8.1199,8.1305,8.0764,8.1008,39.64,11.131,1.1346,-29.852,185.75,-3.6404
5.77,-172.13,5.7336,-24.545,-0.40656,0.42676,-0.78141,0.20491,-27.444,1.6048,-0.18093,0.2791,-0.95346,-0.7074,26.487,-16.355,0.16923,0,0,0,8.1842,8.1952,8.1431,8.1665,39.32,12.969,1.0977,-34.179,181.7,-3.7438
5.78,-172.4,5.7489,-24.547,-0.4098,0.42484,-0.77996,0.20794,-27.177,1.4419,-0.17918,0.30263,-0.9697,-0.72737,26.878,-16.217,0.18002,0,0,0,8.2462,8.2577,8.2077,8.2301,38.957,14.765,1.0598,-38.521,177.48,-3.8382
5.79,-172.68,5.7625,-24.549,-0.41313,0.42273,-0.77855,0.21092,-26.906,1.2805,-0.17733,0.3254,-0.98476,-0.7463,27.266,-16.06,0.19042,0,0,0,8.3062,8.3181,8.2701,8.2916,38.55,16.518,1.0209,-42.875,173.11,-3.9238
5.8,-172.94,5.7745,-24.551,-0.41656,0.42044,-0.77716,0.21385,-26.632,1.1208,-0.17537,0.34746,-0.99865,-0.76421,27.649,-15.887,0.20043,0,0,0,8.364,8.3763,8.3303,8.3509,38.099,18.226,0.9813,-47.236,168.58,-4.0009
5.81,-173.21,5.7849,-24.552,-0.42006,0.41798,-0.7758,0.21673,-26.353,0.96285,-0.17332,0.36886,-1.0114,-0.78111,28.028,-15.696,0.21004,0,0,0,8.4198,8.4326,8.3884,8.4081,37.605,19.889,0.94094,-51.6,163.9,-4.0696
5.82,-173.47,5.7937,-24.554,-0.42364,0.41535,-0.77447,0.21955,-26.071,0.80692,-0.17117,0.38965,-1.0229,-0.79703,28.401,-15.489,0.21925,0,0,0,8.4735,8.4868,8.4445,8.4633,37.067,21.504,0.89994,-55.962,159.08,-4.13
5.83,-173.73,5.801,-24.556,-0.42729,0.41255,-0.77318,0.22232,-25.785,0.65313,-0.16894,0.40986,-1.0332,-0.81197,28.769,-15.266,0.22804,0,0,0,8.5252,8.539,8.4986,8.5164,36.486,23.07,0.85837,-60.318,154.13,-4.1824
5.84,-173.99,5.8068,-24.558,-0.43101,0.40958,-0.77191,0.22502,-25.496,0.50165,-0.16661,0.42954,-1.0423,-0.82595,29.131,-15.028,0.23642,0,0,0,8.575,8.5892,8.5507,8.5676,35.861,24.586,0.81632,-64.664,149.04,-4.227
5.85,-174.24,5.8111,-24.559,-0.43479,0.40645,-0.77067,0.22765,-25.203,0.35262,-0.16421,0.44871,-1.0503,-0.83899,29.486,-14.774,0.24437,0,0,0,8.6229,8.6375,8.6008,8.6168,35.193,26.05,0.77386,-68.996,143.84,-4.2638
5.86,-174.49,5.8139,-24.561,-0.43862,0.40316,-0.76947,0.23022,-24.906,0.20621,-0.16173,0.46742,-1.057,-0.85109,29.834,-14.507,0.25189,0,0,0,8.6688,8.6838,8.6489,8.6641,34.481,27.462,0.73107,-73.308,138.53,-4.2931
5.87,-174.74,5.8152,-24.562,-0.44249,0.39971,-0.76829,0.23272,-24.606,0.062533,-0.15917,0.48568,-1.0626,-0.86228,30.175,-14.225,0.25899,0,0,0,8.7129,8.7283,8.6952,8.7095,33.726,28.821,0.68802,-77.598,133.1,-4.3151
5.88,-174.98,5.8151,-24.564,-0.44641,0.39611,-0.76715,0.23514,-24.302,-0.078258,-0.15655,0.50352,-1.067,-0.87255,30.509,-13.931,0.26565,0,0,0,8.755,8.7709,8.7396,8.753,32.929,30.124,0.64479,-81.86,127.57,-4.3299
5.89,-175.22,5.8137,-24.566,-0.45037,0.39235,-0.76605,0.23748,-23.996,-0.21604,-0.15386,0.52097,-1.0701,-0.88193,30.834,-13.623,0.27188,0,0,0,8.7954,8.8117,8.782,8.7946,32.089,31.372,0.60144,-86.09,121.95,-4.3377
5.9,-175.46,5.8108,-24.567,-0.45437,0.38844,-0.76498,0.23975,-23.686,-0.35068,-0.15111,0.53804,-1.0721,-0.89043,31.15,-13.303,0.27768,0,0,0,8.8339,8.8505,8.8227,8.8344,31.207,32.563,0.55806,-90.285,116.23,-4.3387
5.91,-175.7,5.8067,-24.569,-0.45838,0.38437,-0.76395,0.24192,-23.373,-0.48207,-0.14831,0.55475,-1.0728,-0.89805,31.458,-12.972,0.28304,0,0,0,8.8706,8.8876,8.8614,8.8723,30.284,33.696,0.51469,-94.438,110.44,-4.333
5.92,-175.93,5.8012,-24.57,-0.46243,0.38016,-0.76295,0.24401,-23.057,-0.61008,-0.14545,0.57111,-1.0724,-0.90483,31.756,-12.63,0.28797,0,0,0,8.9054,8.9228,8.8983,8.9083,29.319,34.771,0.47142,-98.548,104.56,-4.3209
5.93,-176.16,5.7945,-24.571,-0.46648,0.3758,-0.762,0.24601,-22.738,-0.73462,-0.14255,0.58715,-1.0708,-0.91076,32.044,-12.277,0.29247,0,0,0,8.9385,8.9562,8.9334,8.9425,28.313,35.787,0.4283,-102.61,98.62,-4.3025
5.94,-176.38,5.7865,-24.573,-0.47055,0.3713,-0.76109,0.24791,-22.416,-0.85559,-0.13961,0.60286,-1.068,-0.91586,32.322,-11.914,0.29654,0,0,0,8.9697,8.9877,8.9666,8.9749,27.267,36.743,0.38539,-106.61,92.613,-4.2781
5.95,-176.61,5.7774,-24.574,-0.47463,0.36665,-0.76022,0.24971,-22.091,-0.97288,-0.13662,0.61826,-1.064,-0.92016,32.589,-11.542,0.30018,0,0,0,8.9992,9.0174,8.998,9.0054,26.181,37.639,0.34275,-110.56,86.548,-4.2476
5.96,-176.83,5.7671,-24.576,-0.47871,0.36186,-0.7594,0.2514,-21.764,-1.0864,-0.1336,0.63337,-1.0589,-0.92365,32.846,-11.162,0.3034,0,0,0,9.0267,9.0452,9.0274,9.034,25.056,38.474,0.30045,-114.45,80.432,-4.2115
5.97,-177.04,5.7556,-24.577,-0.48278,0.35693,-0.75863,0.253,-21.434,-1.1961,-0.13056,0.64817,-1.0526,-0.92638,33.09,-10.773,0.30619,0,0,0,9.0525,9.0712,9.055,9.0607,23.892,39.248,0.25854,-118.27,74.272,-4.1697
5.98,-177.25,5.7432,-24.578,-0.48684,0.35185,-0.75791,0.25448,-21.102,-1.3018,-0.12748,0.66268,-1.0451,-0.92834,33.323,-10.377,0.30857,0,0,0,9.0763,9.0953,9.0807,9.0855,22.691,39.959,0.21708,-122.02,68.074,-4.1226
5.99,-177.46,5.7296,-24.579,-0.49089,0.34664,-0.75724,0.25585,-20.768,-1.4036,-0.12439,0.67691,-1.0366,-0.92956,33.544,-9.9739,0.31054,0,0,0,9.0983,9.1174,9.1044,9.1084,21.452,40.609,0.17611,-125.7,61.844,-4.0702
6,-177.67,5.7151,-24.581,-0.49492,0.34129,-0.75662,0.2571,-20.431,-1.5013,-0.12127,0.69085,-1.0269,-0.93006,33.752,-9.5648,0.31209,0,0,0,9.1183,9.1376,9.1261,9.1293,20.177,41.196,0.13569,-129.29,55.588,-4.0128
6.01,-177.87,5.6996,-24.582,-0.49893,0.33581,-0.75605,0.25824,-20.093,-1.5949,-0.11815,0.7045,-1.016,-0.92985,33.947,-9.1502,0.31325,0,0,0,9.1364,9.1558,9.1459,9.1483,18.866,41.721,0.095871,-132.8,49.314,-3.9505
6.02,-178.07,5.6832,-24.583,-0.50291,0.33019,-0.75555,0.25925,-19.753,-1.6843,-0.11501,0.71787,-1.0041,-0.92896,34.129,-8.7306,0.31401,0,0,0,9.1525,9.1721,9.1636,9.1652,17.521,42.182,0.056697,-136.23,43.027,-3.8835
6.03,-178.27,5.6659,-24.584,-0.50685,0.32444,-0.7551,0.26014,-19.41,-1.7695,-0.11187,0.73095,-0.99111,-0.92741,34.298,-8.3068,0.31439,0,0,0,9.1666,9.1862,9.1792,9.18,16.142,42.581,0.018216,-139.56,36.734,-3.812
6.04,-178.46,5.6478,-24.585,-0.51075,0.31856,-0.75471,0.2609,-19.067,-1.8504,-0.10872,0.74374,-0.97704,-0.92522,34.452,-7.8792,0.31438,0,0,0,9.1786,9.1983,9.1927,9.1927,14.73,42.917,-0.019528,-142.79,30.441,-3.7362
6.05,-178.65,5.6289,-24.586,-0.51461,0.31255,-0.75438,0.26154,-18.721,-1.927,-0.10558,0.75624,-0.96192,-0.92241,34.592,-7.4486,0.314,0,0,0,9.1885,9.2082,9.204,9.2032,13.287,43.19,-0.056493,-145.93,24.155,-3.6561
6.06,-178.83,5.6093,-24.587,-0.51841,0.30641,-0.75412,0.26204,-18.375,-1.9994,-0.10244,0.76843,-0.94577,-0.919,34.718,-7.0156,0.31325,0,0,0,9.1962,9.2159,9.2131,9.2116,11.812,43.4,-0.092638,-148.96,17.882,-3.5722
6.07,-179.02,5.589,-24.588,-0.52216,0.30015,-0.75392,0.26242,-18.027,-2.0674,-0.099316,0.78032,-0.92861,-0.91502,34.828,-6.5808,0.31215,0,0,0,9.2017,9.2214,9.2199,9.2177,10.308,43.548,-0.12792,-151.88,11.628,-3.4843
6.08,-179.19,5.568,-24.589,-0.52585,0.29377,-0.75379,0.26266,-17.678,-2.131,-0.096202,0.79189,-0.91044,-0.91048,34.924,-6.1449,0.3107,0,0,0,9.2049,9.2246,9.2244,9.2214,8.7749,43.633,-0.16231,-154.68,5.4005,-3.3929
6.09,-179.37,5.5464,-24.59,-0.52947,0.28726,-0.75372,0.26276,-17.329,-2.1902,-0.093103,0.80314,-0.8913,-0.90542,35.004,-5.7084,0.30891,0,0,0,9.2058,9.2254,9.2265,9.2228,7.2145,43.656,-0.19577,-157.37,-0.79483,-3.298
6.1,-179.54,5.5242,-24.591,-0.53302,0.28064,-0.75372,0.26273,-16.978,-2.2451,-0.090025,0.81406,-0.87121,-0.89985,35.068,-5.272,0.30679,0,0,0,9.2043,9.2238,9.2262,9.2217,5.6278,43.617,-0.22826,-159.94,-6.9514,-3.1998
6.11,-179.71,5.5015,-24.592,-0.5365,0.2739,-0.75379,0.26257,-16.627,-2.2957,-0.086969,0.82464,-0.85017,-0.89379,35.116,-4.8362,0.30434,0,0,0,9.2003,9.2198,9.2233,9.2181,4.0161,43.517,-0.25976,-162.38,-13.063,-3.0986
6.12,-179.87,5.4783,-24.593,-0.53989,0.26706,-0.75394,0.26227,-16.276,-2.3419,-0.083939,0.83485,-0.82822,-0.88727,35.148,-4.4018,0.30159,0,0,0,9.1938,9.2132,9.2179,9.212,2.3807,43.356,-0.29022,-164.68,-19.123,-2.9944
6.13,-180.03,5.4547,-24.594,-0.54319,0.2601,-0.75415,0.26183,-15.924,-2.3837,-0.080938,0.84471,-0.80536,-0.88032,35.164,-3.9693,0.29854,0,0,0,9.1847,9.2039,9.2098,9.2032,0.72294,43.135,-0.31963,-166.86,-25.125,-2.8874
6.14,-180.19,5.4306,-24.595,-0.5464,0.25304,-0.75443,0.26126,-15.573,-2.4213,-0.077969,0.85418,-0.78163,-0.87295,35.163,-3.5393,0.2952,0,0,0,9.1729,9.1921,9.199,9.1918,-0.95589,42.854,-0.34796,-168.89,-31.063,-2.7779
6.15,-180.35,5.4062,-24.595,-0.54951,0.24588,-0.75478,0.26056,-15.221,-2.4545,-0.075035,0.86326,-0.75704,-0.86519,35.145,-3.1124,0.29159,0,0,0,9.1585,9.1774,9.1854,9.1776,-2.6543,42.514,-0.37518,-170.78,-36.929,-2.6659
6.16,-180.5,5.3816,-24.596,-0.55251,0.23863,-0.7552,0.25973,-14.87,-2.4835,-0.072138,0.87193,-0.73162,-0.85705,35.109,-2.6893,0.2877,0,0,0,9.1412,9.16,9.1689,9.1605,-4.3709,42.115,-0.40127,-172.51,-42.719,-2.5518
6.17,-180.64,5.3566,-24.597,-0.55541,0.23128,-0.75569,0.25877,-14.519,-2.5083,-0.069281,0.88018,-0.70537,-0.84856,35.057,-2.2703,0.28357,0,0,0,9.121,9.1397,9.1496,9.1406,-6.1041,41.66,-0.42621,-174.1,-48.425,-2.4356
6.18,-180.79,5.3314,-24.598,-0.55819,0.22385,-0.75625,0.25768,-14.169,-2.529,-0.066467,0.88799,-0.67832,-0.83975,34.987,-1.8562,0.27918,0,0,0,9.098,9.1165,9.1273,9.1177,-7.8524,41.147,-0.44998,-175.53,-54.041,-2.3175
6.19,-180.93,5.306,-24.598,-0.56085,0.21634,-0.75688,0.25646,-13.819,-2.5455,-0.063699,0.89535,-0.65048,-0.83062,34.9,-1.4476,0.27457,0,0,0,9.0719,9.0902,9.1019,9.0917,-9.6142,40.579,-0.47256,-176.8,-59.561,-2.1978
6.2,-181.06,5.2805,-24.599,-0.56338,0.20876,-0.75758,0.25513,-13.471,-2.5579,-0.060977,0.90225,-0.62189,-0.82121,34.795,-1.0448,0.26974,0,0,0,9.0427,9.0609,9.0734,9.0627,-11.388,39.956,-0.49393,-177.9,-64.978,-2.0765
6.21,-181.2,5.2549,-24.599,-0.56578,0.20111,-0.75835,0.25369,-13.124,-2.5664,-0.058304,0.90866,-0.59254,-0.81152,34.672,-0.64862,0.2647,0,0,0,9.0105,9.0284,9.0418,9.0305,-13.172,39.28,-0.51408,-178.84,-70.286,-1.9539
6.22,-181.33,5.2292,-24.6,-0.56804,0.1934,-0.75918,0.25213,-12.778,-2.5709,-0.055684,0.91458,-0.56246,-0.80159,34.532,-0.25942,0.25946,0,0,0,8.975,8.9928,9.0069,8.9951,-14.964,38.551,-0.533,-179.59,-75.478,-1.8301
6.23,-181.45,5.2035,-24.6,-0.57016,0.18564,-0.76008,0.25046,-12.433,-2.5716,-0.053116,0.92,-0.53166,-0.79142,34.373,0.12223,0.25404,0,0,0,8.9363,8.9539,8.9687,8.9563,-16.763,37.771,-0.55068,-180.17,-80.548,-1.7054
6.24,-181.57,5.1778,-24.601,-0.57214,0.17783,-0.76104,0.2487,-12.09,-2.5685,-0.050603,0.92489,-0.50015,-0.78103,34.196,0.49582,0.24845,0,0,0,8.8942,8.9117,8.9272,8.9143,-18.567,36.94,-0.56711,-180.57,-85.49,-1.5798
6.25,-181.69,5.1521,-24.601,-0.57396,0.16998,-0.76207,0.24684,-11.749,-2.5617,-0.048147,0.92925,-0.46795,-0.77044,34.002,0.86087,0.2427,0,0,0,8.8488,8.8661,8.8823,8.8689,-20.374,36.061,-0.58228,-180.78,-90.297,-1.4536
6.26,-181.81,5.1265,-24.602,-0.57563,0.16211,-0.76315,0.24489,-11.41,-2.5513,-0.04575,0.93306,-0.43506,-0.75967,33.789,1.2169,0.23681,0,0,0,8.7999,8.8171,8.8339,8.82,-22.182,35.135,-0.59618,-180.8,-94.962,-1.327
6.27,-181.92,5.1011,-24.602,-0.57713,0.15422,-0.7643,0.24287,-11.073,-2.5374,-0.043412,0.93632,-0.40148,-0.74873,33.558,1.5634,0.23078,0,0,0,8.7476,8.7646,8.782,8.7676,-23.989,34.163,-0.60882,-180.62,-99.48,-1.2001
6.28,-182.03,5.0758,-24.603,-0.57847,0.14632,-0.76551,0.24076,-10.739,-2.5201,-0.041135,0.93901,-0.36722,-0.73763,33.309,1.9,0.22464,0,0,0,8.6917,8.7086,8.7266,8.7117,-25.794,33.146,-0.62018,-180.24,-103.84,-1.073
6.29,-182.14,5.0507,-24.603,-0.57963,0.13841,-0.76677,0.2386,-10.407,-2.4994,-0.038919,0.94113,-0.33228,-0.72639,33.042,2.2262,0.21838,0,0,0,8.6322,8.6491,8.6676,8.6522,-27.593,32.086,-0.63028,-179.66,-108.05,-0.94608
6.3,-182.24,5.0258,-24.604,-0.58063,0.13052,-0.76809,0.23638,-10.078,-2.4756,-0.036767,0.94268,-0.29666,-0.71502,32.757,2.5416,0.21204,0,0,0,8.5692,8.586,8.605,8.589,-29.386,30.985,-0.6391,-178.87,-112.08,-0.81938
6.31,-182.34,5.0012,-24.604,-0.58144,0.12265,-0.76946,0.23411,-9.7522,-2.4486,-0.034679,0.94364,-0.26033,-0.70353,32.454,2.8458,0.20561,0,0,0,8.5025,8.5192,8.5387,8.5223,-31.17,29.845,-0.64667,-177.87,-115.95,-0.69311
6.32,-182.43,4.9769,-24.604,-0.58208,0.1148,-0.77089,0.2318,-9.4293,-2.4187,-0.032655,0.94403,-0.22329,-0.69192,32.134,3.1384,0.19911,0,0,0,8.4321,8.4488,8.4688,8.4518,-32.943,28.667,-0.65297,-176.64,-119.63,-0.56744
6.33,-182.53,4.9528,-24.605,-0.58253,0.107,-0.77238,0.22945,-9.1096,-2.3859,-0.030697,0.94382,-0.18553,-0.68022,31.796,3.419,0.19255,0,0,0,8.3581,8.3748,8.3952,8.3776,-34.702,27.453,-0.65802,-175.2,-123.13,-0.44255
6.34,-182.62,4.9292,-24.605,-0.58278,0.099243,-0.77391,0.22709,-8.7934,-2.3504,-0.028804,0.94304,-0.147,-0.66843,31.44,3.6873,0.18595,0,0,0,8.2803,8.2971,8.3179,8.2998,-36.446,26.205,-0.66182,-173.53,-126.43,-0.31863
6.35,-182.7,4.9058,-24.605,-0.58285,0.091551,-0.7755,0.22472,-8.4809,-2.3122,-0.026978,0.94167,-0.10768,-0.65656,31.067,3.943,0.17932,0,0,0,8.1988,8.2157,8.2368,8.2182,-38.172,24.925,-0.66439,-171.63,-129.54,-0.19583
6.36,-182.79,4.8829,-24.605,-0.58272,0.08393,-0.77714,0.22234,-8.1722,-2.2716,-0.025218,0.93973,-0.06752,-0.64461,30.676,4.1857,0.17267,0,0,0,8.1136,8.1306,8.1521,8.1329,-39.878,23.615,-0.66574,-169.49,-132.44,-0.074352
6.37,-182.87,4.8604,-24.606,-0.5824,0.076392,-0.77884,0.21997,-7.8674,-2.2285,-0.023525,0.93721,-0.02648,-0.63259,30.269,4.4152,0.16601,0,0,0,8.0247,8.0419,8.0637,8.0438,-41.561,22.277,-0.66589,-167.12,-135.13,0.045642
6.38,-182.94,4.8384,-24.606,-0.58187,0.068946,-0.78059,0.21762,-7.5668,-2.1833,-0.021898,0.93413,0.015504,-0.6205,29.845,4.6312,0.15935,0,0,0,7.9321,7.9495,7.9716,7.9511,-43.219,20.913,-0.66484,-164.5,-137.6,0.16397
6.39,-183.02,4.8168,-24.606,-0.58113,0.061604,-0.78239,0.21529,-7.2706,-2.136,-0.020338,0.9305,0.058501,-0.60836,29.405,4.8334,0.15271,0,0,0,7.8357,7.8534,7.8759,7.8547,-44.85,19.526,-0.66261,-161.64,-139.85,0.28046
6.4,-183.09,4.7956,-24.606,-0.58019,0.054375,-0.78425,0.213,-6.9788,-2.0867,-0.018844,0.92632,0.10259,-0.59615,28.948,5.0216,0.1461,0,0,0,7.7358,7.7538,7.7766,7.7546,-46.451,18.117,-0.65923,-158.52,-141.86,0.39493
6.41,-183.16,4.775,-24.607,-0.57904,0.047268,-0.78617,0.21076,-6.6917,-2.0356,-0.017415,0.92161,0.14787,-0.58389,28.476,5.1957,0.13953,0,0,0,7.6322,7.6506,7.6736,7.6509,-48.02,16.689,-0.65472,-155.14,-143.64,0.50721
6.42,-183.22,4.7549,-24.607,-0.57767,0.040295,-0.78815,0.20857,-6.4093,-1.9828,-0.016053,0.91638,0.19444,-0.57158,27.988,5.3554,0.13301,0,0,0,7.525,7.5439,7.5672,7.5436,-49.553,15.245,-0.6491,-151.51,-145.17,0.61711
6.43,-183.29,4.7354,-24.607,-0.57608,0.033464,-0.79019,0.20644,-6.1319,-1.9285,-0.014755,0.91063,0.24243,-0.55921,27.485,5.5005,0.12655,0,0,0,7.4143,7.4337,7.4573,7.4328,-51.049,13.787,-0.64239,-147.61,-146.46,0.72447
6.44,-183.35,4.7164,-24.607,-0.57427,0.026784,-0.79229,0.20438,-5.8597,-1.8729,-0.013521,0.90439,0.29196,-0.54679,26.967,5.631,0.12017,0,0,0,7.3001,7.3201,7.3441,7.3185,-52.505,12.317,-0.63462,-143.44,-147.49,0.8291
6.45,-183.4,4.6979,-24.607,-0.57223,0.020264,-0.79447,0.2024,-5.5926,-1.816,-0.012351,0.89767,0.3432,-0.53431,26.435,5.7468,0.11387,0,0,0,7.1826,7.2033,7.2275,7.2009,-53.917,10.838,-0.62581,-139,-148.25,0.93083
6.46,-183.46,4.6801,-24.607,-0.56995,0.013913,-0.79672,0.20051,-5.331,-1.758,-0.011244,0.89047,0.39631,-0.52178,25.889,5.8478,0.10766,0,0,0,7.0617,7.0832,7.1077,7.0799,-55.284,9.3527,-0.61601,-134.28,-148.74,1.0295
6.47,-183.51,4.6628,-24.607,-0.56743,0.0077388,-0.79904,0.19872,-5.0749,-1.699,-0.010198,0.88281,0.45148,-0.50919,25.33,5.9339,0.10155,0,0,0,6.9376,6.9601,6.9848,6.9558,-56.602,7.8639,-0.60524,-129.28,-148.96,1.1249
6.48,-183.56,4.6461,-24.607,-0.56467,0.0017495,-0.80145,0.19703,-4.8245,-1.6393,-0.0092125,0.8747,0.50893,-0.49654,24.757,6.0051,0.095554,0,0,0,6.8105,6.8339,6.859,6.8286,-57.868,6.3744,-0.59352,-123.99,-148.9,1.2169
6.49,-183.61,4.63,-24.608,-0.56165,-0.0040472,-0.80395,0.19545,-4.5798,-1.579,-0.0082864,0.86615,0.56889,-0.48381,24.172,6.0614,0.089682,0,0,0,6.6804,6.7049,6.7303,6.6984,-59.08,4.8869,-0.58091,-118.41,-148.55,1.3052
6.5,-183.65,4.6145,-24.608,-0.55836,-0.0096439,-0.80654,0.19398,-4.341,-1.5182,-0.0074184,0.85717,0.63161,-0.47101,23.576,6.1028,0.083939,0,0,0,6.5474,6.5732,6.5989,6.5653,-60.235,3.4044,-0.56743,-112.53,-147.9,1.3898
6.51,-183.69,4.5996,-24.608,-0.55479,-0.015033,-0.80924,0.19264,-4.1083,-1.457,-0.0066071,0.84776,0.69739,-0.45813,22.968,6.1295,0.078336,0,0,0,6.4117,6.4389,6.4649,6.4296,-61.33,1.9298,-0.55313,-106.36,-146.95,1.4704
6.52,-183.73,4.5854,-24.608,-0.55094,-0.020208,-0.81204,0.19143,-3.8817,-1.3956,-0.0058512,0.83794,0.76652,-0.44517,22.349,6.1414,0.072879,0,0,0,6.2735,6.3022,6.3286,6.2913,-62.361,0.4663,-0.53804,-99.876,-145.7,1.5469
6.53,-183.77,4.5717,-24.608,-0.54679,-0.025162,-0.81496,0.19035,-3.6614,-1.3342,-0.005149,0.82769,0.83935,-0.4321,21.721,6.1389,0.067577,0,0,0,6.1329,6.1633,6.1901,6.1507,-63.327,-0.9831,-0.5222,-93.089,-144.13,1.6191
6.54,-183.81,4.5587,-24.608,-0.54231,-0.029887,-0.818,0.18941,-3.4473,-1.2729,-0.0044991,0.81702,0.91625,-0.41894,21.083,6.1218,0.062437,0,0,0,5.9902,6.0224,6.0497,6.0079,-64.222,-2.4152,-0.50567,-85.989,-142.24,1.6867
6.55,-183.84,4.5463,-24.608,-0.5375,-0.034378,-0.82118,0.18861,-3.2397,-1.2118,-0.0038997,0.80593,0.9976,-0.40565,20.437,6.0906,0.057466,0,0,0,5.8455,5.8797,5.9075,5.8631,-65.045,-3.8268,-0.48848,-78.573,-140.02,1.7498
6.56,-183.87,4.5344,-24.608,-0.53234,-0.038626,-0.8245,0.18797,-3.0386,-1.1511,-0.0033492,0.79441,1.0838,-0.39225,19.782,6.0454,0.05267,0,0,0,5.6991,5.7355,5.7638,5.7167,-65.793,-5.2145,-0.47069,-70.835,-137.47,1.8079
6.57,-183.9,4.5232,-24.608,-0.52679,-0.042624,-0.82796,0.18748,-2.8441,-1.091,-0.0028457,0.78244,1.1754,-0.3787,19.121,5.9864,0.048054,0,0,0,5.5512,5.59,5.6188,5.5687,-66.461,-6.575,-0.45234,-62.772,-134.58,1.8611
6.58,-183.93,4.5126,-24.608,-0.52085,-0.046366,-0.83159,0.18714,-2.6562,-1.0314,-0.0023875,0.77001,1.2728,-0.36502,18.454,5.914,0.043625,0,0,0,5.4021,5.4435,5.4729,5.4195,-67.047,-7.9049,-0.43349,-54.379,-131.34,1.909
6.59,-183.95,4.5026,-24.608,-0.51447,-0.049844,-0.83539,0.18697,-2.4751,-0.97272,-0.0019726,0.7571,1.3766,-0.35117,17.78,5.8284,0.039386,0,0,0,5.252,5.2962,5.3263,5.2693,-67.547,-9.2006,-0.41418,-45.651,-127.75,1.9516
6.6,-183.98,4.4932,-24.608,-0.50764,-0.053049,-0.83937,0.18696,-2.3006,-0.91492,-0.0015991,0.74368,1.4872,-0.33716,17.103,5.7301,0.035342,0,0,0,5.1013,5.1485,5.1793,5.1185,-67.959,-10.459,-0.39447,-36.586,-123.8,1.9886
6.61,-184,4.4843,-24.608,-0.50031,-0.055973,-0.84353,0.18712,-2.133,-0.85816,-0.0012651,0.72972,1.6051,-0.32298,16.422,5.6194,0.031498,0,0,0,4.9504,5.0008,5.0323,4.9674,-68.278,-11.675,-0.37443,-27.178,-119.49,2.0199
6.62,-184.02,4.476,-24.608,-0.49245,-0.058607,-0.84789,0.18745,-1.9722,-0.80257,-0.0009685,0.71518,1.731,-0.30861,15.738,5.4967,0.027855,0,0,0,4.7995,4.8533,4.8856,4.8163,-68.501,-12.847,-0.3541,-17.422,-114.8,2.0453
6.63,-184.04,4.4682,-24.608,-0.48402,-0.060942,-0.85246,0.18795,-1.8183,-0.74826,-0.00070731,0.70002,1.8652,-0.29406,15.052,5.3626,0.024416,0,0,0,4.649,4.7065,4.7396,4.6657,-68.625,-13.97,-0.33354,-7.3153,-109.73,2.0646
6.64,-184.06,4.461,-24.608,-0.47498,-0.062968,-0.85723,0.18862,-1.6712,-0.69535,-0.00047948,0.68418,2.0082,-0.27931,14.365,5.2175,0.021184,0,0,0,4.4995,4.5606,4.5947,4.5159,-68.646,-15.041,-0.31282,3.1472,-104.28,2.0777
6.65,-184.07,4.4543,-24.608,-0.46528,-0.064673,-0.86223,0.18947,-1.5309,-0.64395,-0.00028293,0.66762,2.1603,-0.26437,13.679,5.062,0.01816,0,0,0,4.3513,4.4162,4.4512,4.3674,-68.561,-16.054,-0.29201,13.97,-98.442,2.0843
6.66,-184.09,4.4481,-24.608,-0.45487,-0.066046,-0.86743,0.19049,-1.3976,-0.59415,-0.00011558,0.65026,2.3218,-0.24925,12.995,4.8966,0.015344,0,0,0,4.205,4.2737,4.3097,4.2207,-68.366,-17.008,-0.27116,25.157,-92.204,2.0843
6.67,-184.1,4.4424,-24.608,-0.44371,-0.067076,-0.87285,0.19169,-1.271,-0.54605,2.465e-05,0.63203,2.4925,-0.23395,12.312,4.722,0.012737,0,0,0,4.0611,4.1334,4.1704,4.0763,-68.057,-17.897,-0.25034,36.712,-85.561,2.0776
6.68,-184.11,4.4372,-24.608,-0.43174,-0.06775,-0.87848,0.19306,-1.1513,-0.49973,0.00013985,0.61288,2.6724,-0.2185,11.634,4.5389,0.010337,0,0,0,3.9201,3.9958,4.0339,3.9348,-67.63,-18.718,-0.22963,48.641,-78.508,2.0638
6.69,-184.12,4.4324,-24.608,-0.41892,-0.068057,-0.88431,0.1946,-1.0384,-0.45529,0.00023208,0.59271,2.8606,-0.20293,10.96,4.3479,0.0081437,0,0,0,3.7828,3.8614,3.9005,3.7968,-67.083,-19.466,-0.20909,60.946,-71.039,2.043
6.7,-184.13,4.4281,-24.608,-0.40519,-0.067984,-0.89032,0.1963,-0.93209,-0.4128,0.0003034,0.57146,3.0562,-0.18729,10.293,4.1498,0.0061544,0,0,0,3.6498,3.7305,3.7707,3.6629,-66.41,-20.137,-0.1888,73.634,-63.146,2.0148
6.71,-184.14,4.4242,-24.608,-0.39051,-0.067521,-0.89648,0.19816,-0.83247,-0.37232,0.00035584,0.54906,3.2574,-0.17162,9.6325,3.9455,0.0043666,0,0,0,3.5217,3.6037,3.6448,3.5338,-65.609,-20.727,-0.16882,86.707,-54.823,1.9791
6.72,-184.15,4.4207,-24.608,-0.37485,-0.066658,-0.90276,0.20016,-0.73941,-0.33391,0.00039139,0.52544,3.4619,-0.15601,8.9809,3.7356,0.0027767,0,0,0,3.3994,3.4813,3.5232,3.4104,-64.675,-21.232,-0.14924,100.17,-46.065,1.9357
6.73,-184.16,4.4175,-24.608,-0.35819,-0.065388,-0.90912,0.2023,-0.65282,-0.29762,0.00041202,0.50056,3.6666,-0.14053,8.3394,3.5211,0.0013803,0,0,0,3.2837,3.3637,3.4063,3.2933,-63.604,-21.647,-0.13013,114.03,-36.864,1.8845
6.74,-184.16,4.4147,-24.608,-0.34052,-0.06371,-0.9155,0.20455,-0.57259,-0.2635,0.00041963,0.4744,3.8673,-0.1253,7.7093,3.303,0.0001722,0,0,0,3.1752,3.2512,3.2944,3.1832,-62.393,-21.968,-0.11158,128.29,-27.214,1.8253
6.75,-184.17,4.4122,-24.608,-0.32186,-0.061623,-0.92184,0.20691,-0.49859,-0.23157,0.00041607,0.44696,4.0592,-0.11044,7.092,3.0821,-0.00085339,0,0,0,3.0748,3.1443,3.1878,3.0811,-61.037,-22.19,-0.093654,142.95,-17.109,1.7579
6.76,-184.17,4.4101,-24.608,-0.30225,-0.059137,-0.92807,0.20934,-0.4307,-0.20186,0.00040314,0.41831,4.2365,-0.09609,6.4891,2.8595,-0.0017033,0,0,0,2.9831,3.0432,3.0867,2.9875,-59.532,-22.309,-0.076447,158.01,-6.5425,1.6821
6.77,-184.18,4.4082,-24.608,-0.28177,-0.056266,-0.93411,0.21183,-0.36876,-0.17438,0.00038257,0.38854,4.3926,-0.082389,5.9019,2.6363,-0.002385,0,0,0,2.9007,2.9483,2.9914,2.9029,-57.875,-22.319,-0.06004,173.49,4.4922,1.5978
6.78,-184.18,4.4066,-24.608,-0.26053,-0.053035,-0.93988,0.21434,-0.3126,-0.14914,0.00035598,0.3578,4.5205,-0.069491,5.3321,2.4135,-0.002907,0,0,0,2.8279,2.8599,2.9021,2.828,-56.061,-22.217,-0.04452,189.39,16.001,1.5047
6.79,-184.18,4.4052,-24.608,-0.23867,-0.049478,-0.94528,0.21686,-0.26205,-0.12611,0.00032493,0.32633,4.6131,-0.05754,4.7812,2.1923,-0.0032787,0,0,0,2.765,2.7782,2.8192,2.7629,-54.086,-21.998,-0.029976,205.71,27.991,1.4027
6.8,-184.19,4.404,-24.608,-0.21638,-0.045639,-0.95025,0.21935,-0.21691,-0.10528,0.00029087,0.2944,4.6637,-0.046664,4.2509,1.9739,-0.0035101,0,0,0,2.712,2.7035,2.7429,2.7076,-51.946,-21.656,-0.016497,222.45,40.468,1.2916
6.81,-184.19,4.4031,-24.608,-0.19389,-0.04157,-0.95472,0.22179,-0.17696,-0.086617,0.00025516,0.26234,4.6664,-0.036967,3.7429,1.7596,-0.0036124,0,0,0,2.6684,2.6361,2.6734,2.6619,-49.636,-21.187,-0.004174,239.62,53.439,1.1713
6.82,-184.19,4.4023,-24.608,-0.17144,-0.037336,-0.95863,0.22416,-0.14197,-0.07007,0.00021901,0.23055,4.6167,-0.028518,3.2588,1.5506,-0.0035977,0,0,0,2.6337,2.5761,2.611,2.6253,-47.152,-20.585,0.0068983,257.22,66.91,1.0416
6.83,-184.19,4.4017,-24.608,-0.14931,-0.033004,-0.96195,0.22643,-0.1117,-0.055581,0.00018355,0.19944,4.5118,-0.021342,2.8004,1.3484,-0.003479,0,0,0,2.6072,2.5237,2.5559,2.5972,-44.49,-19.847,0.016625,275.26,80.888,0.90219
6.84,-184.19,4.4012,-24.608,-0.12778,-0.028651,-0.96467,0.2286,-0.085873,-0.043076,0.00014973,0.16942,4.3506,-0.015423,2.3696,1.1542,-0.00327,0,0,0,2.5879,2.4788,2.5081,2.5767,-41.645,-18.966,0.024909,293.75,95.378,0.75303
6.85,-184.19,4.4008,-24.608,-0.10713,-0.024353,-0.96681,0.23066,-0.064209,-0.032466,0.0001184,0.14091,4.1341,-0.010698,1.9682,0.96954,-0.0029859,0,0,0,2.5748,2.4412,2.4673,2.5628,-38.613,-17.938,0.031652,312.68,110.39,0.5939
6.86,-184.19,4.4005,-24.608,-0.087643,-0.020188,-0.9684,0.2326,-0.046405,-0.023648,9.0214e-05,0.1143,3.8648,-0.0070658,1.598,0.79594,-0.0026425,0,0,0,2.5669,2.4104,2.4334,2.5545,-35.39,-16.756,0.036754,332.06,125.92,0.42463
6.87,-184.19,4.4003,-24.608,-0.06958,-0.016233,-0.9695,0.23444,-0.032139,-0.016505,6.569e-05,0.08992,3.5461,-0.0043948,1.261,0.63494,-0.0022566,0,0,0,2.563,2.3859,2.4058,2.5508,-31.971,-15.417,0.040111,351.89,141.99,0.24505
6.88,-184.19,4.4002,-24.608,-0.053178,-0.01256,-0.97017,0.23617,-0.021068,-0.010902,4.5163e-05,0.068071,3.1824,-0.0025333,0.95924,0.48814,-0.0018464,0,0,0,2.5624,2.3668,2.3837,2.5507,-28.351,-13.915,0.04162,372.19,158.6,0.054965
6.89,-184.19,4.4001,-24.608,-0.03865,-0.0092387,-0.9705,0.23782,-0.01283,-0.0066892,2.878e-05,0.048989,2.7779,-0.0013208,0.69469,0.35721,-0.0014308,0,0,0,2.5642,2.3523,2.3662,2.5535,-24.525,-12.244,0.041174,392.95,175.75,-0.14579
6.9,-184.19,4.4,-24.608,-0.02619,-0.0063333,-0.97055,0.23939,-0.0070428,-0.0036993,1.6498e-05,0.032861,2.3365,-0.00059855,0.46944,0.24385,-0.0010298,0,0,0,2.5677,2.3413,2.3524,2.5584,-20.49,-10.398,0.038668,414.18,193.45,-0.35739
6.91,-184.19,4.4,-24.608,-0.015968,-0.0039053,-0.97041,0.24091,-0.003303,-0.0017477,8.065e-06,0.01983,1.8613,-0.00021962,0.28561,0.14985,-0.00066465,0,0,0,2.5724,2.3328,2.3413,2.5648,-16.24,-8.3727,0.03399,435.87,211.71,-0.58002
6.92,-184.19,4.4,-24.608,-0.0081419,-0.0020132,-0.97015,0.24238,-0.0011854,-0.00063175,3.0117e-06,0.010005,1.3545,-5.6357e-05,0.14537,0.077019,-0.00035761,0,0,0,2.5778,2.3259,2.3318,2.5722,-11.771,-6.1619,0.02703,458.05,230.53,-0.81385
6.93,-184.19,4.4,-24.608,-0.0027594,-0.0010296,-0.99102,0.13368,-0.00024303,-0.00013044,6.4143e-07,-0.17849,0.7975,-6.8515e-06,0.050935,0.027247,-0.00013204,0,0,0,2.5516,2.3516,2.2971,2.6063,-7.0775,-3.7601,0.017675,480.71,249.93,-1.0591
6.94,-184.19,4.4,-24.608,-0.00024822,-9.3726e-05,-0.99102,0.13368,-6.4755e-06,-3.5001e-06,1.7729e-08,-0.055971,0.24329,-5.4825e-08,0.004579,0.0024726,-1.2473e-05,0,0,0,2.5551,2.3481,2.2872,2.6161,-2.1551,-1.1614,0.0058103,503.85,269.9,-1.3158
6.9442,-184.19,4.4,-24.608,2.8722e-15,-3.8745e-16,-0.99102,0.13368,-2.8422e-14,8.5265e-14,-8.8818e-15,-3.2427e-14,5.7001e-14,-1.344e-28,-5.6843e-14,0,-8.8818e-15,0,0,0,2.5566,2.3467,2.283,2.6203,-4.5475e-13,-4.5475e-13,-7.1054e-15,513.8,278.54,-1.4281
