sim_time_ns,gyro_x,gyro_y,gyro_z,accel_x,accel_y,accel_z
64765801000,0.0,0.0,-0.0,-2.999112844467163,-0.002356886863708496,-9.340312004089355
64772817000,0.0,0.0,-0.0,-2.999112844467163,-0.002356886863708496,-9.340312004089355
64779724000,0.0,0.0,-0.0,-2.999112844467163,-0.002356886863708496,-9.340312004089355
64793550000,0.0,0.0,-0.0,-2.999112844467163,-0.002356886863708496,-9.340312004089355
64800464000,0.0,0.0,-0.0,-2.999112844467163,-0.002356886863708496,-9.340312004089355
64807480000,0.0,0.0,-0.0,-2.999112844467163,-0.002356886863708496,-9.340312004089355
64814363000,0.0,0.0,-0.0,-2.999112844467163,-0.002356886863708496,-9.340312004089355
64821337000,0.0,0.0,-0.0,-2.999112844467163,-0.002356886863708496,-9.340312004089355
64835225000,0.0,0.0,-0.0,-2.999112844467163,-0.002356886863708496,-9.340312004089355
64842259000,0.0,0.0,-0.0,-2.999112844467163,-0.002356886863708496,-9.340312004089355
64849091000,0.0,0.0,-0.0,-2.999112844467163,-0.002356886863708496,-9.340312004089355
64856167000,0.0,0.0,-0.0,-2.999112844467163,-0.002356886863708496,-9.340312004089355
64862972000,0.0,0.0,-0.0,-2.999112844467163,-0.002356886863708496,-9.340312004089355
64876858000,0.0,0.0,-0.0,-2.999112844467163,-0.002356886863708496,-9.340312004089355
64883795000,0.0,0.0,-0.0,-2.999112844467163,-0.002356886863708496,-9.340312004089355
64890852000,0.0,0.0,-0.0,-2.999112844467163,-0.002356886863708496,-9.340312004089355
64897726000,0.0,0.0,-0.0,-2.999112844467163,-0.002356886863708496,-9.340312004089355
64911584000,0.0,0.0,-0.0,-2.999112844467163,-0.002356886863708496,-9.340312004089355
64918514000,0.0,0.0,-0.0,-2.999112844467163,-0.002356886863708496,-9.340312004089355
64925523000,0.0,0.0,-0.0,-2.999112844467163,-0.002356886863708496,-9.340312004089355
64932422000,0.0,0.0,-0.0,-2.999112844467163,-0.002356886863708496,-9.340312004089355
64939462000,0.0,0.0,-0.0,-2.999112844467163,-0.002356886863708496,-9.340312004089355
64953353000,0.0,0.0,-0.0,-2.999112844467163,-0.002356886863708496,-9.340312004089355
64960223000,0.0,0.0,-0.0,-2.999112844467163,-0.002356886863708496,-9.340312004089355
64967154000,0.0,0.0,-0.0,-2.999112844467163,-0.002356886863708496,-9.340312004089355
64974168000,0.0,0.0,-0.0,-2.999112844467163,-0.002356886863708496,-9.340312004089355
64988002000,0.0,0.0,-0.0,-2.999112844467163,-0.002356886863708496,-9.340312004089355
64994943000,0.0,0.0,-0.0,-2.999112844467163,-0.002356886863708496,-9.340312004089355
65001904000,0.0,0.0,-0.0,-2.999112844467163,-0.002356886863708496,-9.340312004089355
65008883000,0.0,0.0,-0.0,-2.999112844467163,-0.002356886863708496,-9.340312004089355
65022776000,0.0,0.0,-0.0,-2.999112844467163,-0.002356886863708496,-9.340312004089355
65029660000,0.0,0.0,-0.0,-2.999112844467163,-0.002356886863708496,-9.340312004089355
65036626000,0.0,0.0,-0.0,-2.999112844467163,-0.002356886863708496,-9.340312004089355
65043562000,0.0,0.0,-0.0,-2.999112844467163,-0.002356886863708496,-9.340312004089355
65050473000,0.0,0.0,-0.0,-2.999112844467163,-0.002356886863708496,-9.340312004089355
65064368000,0.0,0.0,-0.0,-2.999112844467163,-0.002356886863708496,-9.340312004089355
65071368000,0.0,0.0,-0.0,-2.999112844467163,-0.002356886863708496,-9.340312004089355
65078354000,0.0,0.0,-0.0,-2.999112844467163,-0.002356886863708496,-9.340312004089355
65085190000,0.0,0.0,-0.0,-2.999112844467163,-0.002356886863708496,-9.340312004089355
65099089000,0.0,0.0,-0.0,-2.999112844467163,-0.002356886863708496,-9.340312004089355
65106072000,0.0,0.0,-0.0,-2.999112844467163,-0.002356886863708496,-9.340312004089355
65112984000,0.0,0.0,-0.0,-2.999112844467163,-0.002356886863708496,-9.340312004089355
65120386000,0.0,0.0,-0.0,-2.999112844467163,-0.002356886863708496,-9.340312004089355
65126857000,0.0,0.0,-0.0,-2.999112844467163,-0.002356886863708496,-9.340312004089355
65140795000,0.0,0.0,-0.0,-2.999112844467163,-0.002356886863708496,-9.340312004089355
65147725000,0.0,0.0,-0.0,-2.999112844467163,-0.002356886863708496,-9.340312004089355
65154746000,0.0,0.0,-0.0,-2.999112844467163,-0.002356886863708496,-9.340312004089355
65161609000,0.0,0.0,-0.0,-2.999112844467163,-0.002356886863708496,-9.340312004089355
65168744000,0.0,0.0,-0.0,-2.999112844467163,-0.002356886863708496,-9.340312004089355
65182494000,0.0,0.0,-0.0,-2.999112844467163,-0.002356886863708496,-9.340312004089355
65189414000,0.0,0.0,-0.0,-2.999112844467163,-0.002356886863708496,-9.340312004089355
65196370000,0.0,0.0,-0.0,-2.999112844467163,-0.002356886863708496,-9.340312004089355
65203343000,0.0,0.0,-0.0,-2.999112844467163,-0.002356886863708496,-9.340312004089355
65217204000,0.0,0.0,-0.0,-2.999112844467163,-0.002356886863708496,-9.340312004089355
65224143000,0.0,0.0,-0.0,-2.999112844467163,-0.002356886863708496,-9.340312004089355
65231095000,0.0,0.0,-0.0,-2.999112844467163,-0.002356886863708496,-9.340312004089355
65238033000,0.0,0.0,-0.0,-2.999112844467163,-0.002356886863708496,-9.340312004089355
65244948000,0.0,0.0,-0.0,-2.999112844467163,-0.002356886863708496,-9.340312004089355
65258854000,0.0,0.0,-0.0,-2.999112844467163,-0.002356886863708496,-9.340312004089355
65265767000,0.0,0.0,-0.0,-2.999112844467163,-0.002356886863708496,-9.340312004089355
65272811000,0.0,0.0,-0.0,-2.999112844467163,-0.002356886863708496,-9.340312004089355
65279676000,0.0,0.0,-0.0,-2.999112844467163,-0.002356886863708496,-9.340312004089355
65286735000,0.0,0.0,-0.0,-2.999112844467163,-0.002356886863708496,-9.340312004089355
65300587000,0.0,0.0,-0.0,-2.999112844467163,-0.002356886863708496,-9.340312004089355
65307617000,0.0,0.0,-0.0,-2.999112844467163,-0.002356886863708496,-9.340312004089355
65314617000,0.0,0.0,-0.0,-2.999112844467163,-0.002356886863708496,-9.340312004089355
65321444000,0.0,0.0,-0.0,-2.999112844467163,-0.002356886863708496,-9.340312004089355
65328315000,0.0,0.0,-0.0,-2.999112844467163,-0.002356886863708496,-9.340312004089355
65342304000,0.0,0.0,-0.0,-2.999112844467163,-0.002356886863708496,-9.340312004089355
65349194000,0.0,0.0,-0.0,-2.999112844467163,-0.002356886863708496,-9.340312004089355
65356239000,0.0,0.0,-0.0,-2.999112844467163,-0.002356886863708496,-9.340312004089355
65363019000,0.0,0.0,-0.0,-2.999112844467163,-0.002356886863708496,-9.340312004089355
65376905000,0.0,0.0,-0.0,-2.999112844467163,-0.002356886863708496,-9.340312004089355
65383834000,0.0,0.0,-0.0,-2.999112844467163,-0.002356886863708496,-9.340312004089355
65390853000,0.0,0.0,-0.0,-2.999112844467163,-0.002356886863708496,-9.340312004089355
65397750000,0.0,0.0,-0.0,-2.999112844467163,-0.002356886863708496,-9.340312004089355
65404783000,0.0,0.0,-0.0,-2.999112844467163,-0.002356886863708496,-9.340312004089355
65418628000,0.0,0.0,-0.0,-2.999112844467163,-0.002356886863708496,-9.340312004089355
65425573000,0.0,0.0,-0.0,-2.999112844467163,-0.002356886863708496,-9.340312004089355
65432460000,0.0,0.0,-0.0,-2.999112844467163,-0.002356886863708496,-9.340312004089355
65439476000,0.0,0.0,-0.0,-2.999112844467163,-0.002356886863708496,-9.340312004089355
65453352000,0.0,0.0,-0.0,-2.999112844467163,-0.002356886863708496,-9.340312004089355
65460261000,0.0,0.0,-0.0,-2.999112844467163,-0.002356886863708496,-9.340312004089355
65467211000,0.0,0.0,-0.0,-2.999112844467163,-0.002356886863708496,-9.340312004089355
65474229000,0.0,0.0,-0.0,-2.999112844467163,-0.002356886863708496,-9.340312004089355
65481070000,0.0,0.0,-0.0,-2.999112844467163,-0.002356886863708496,-9.340312004089355
65495021000,0.0,0.0,-0.0,-2.999112844467163,-0.002356886863708496,-9.340312004089355
65502015000,0.0,0.0,-0.0,-2.999112844467163,-0.002356886863708496,-9.340312004089355
65508990000,0.0,0.0,-0.0,-2.999112844467163,-0.002356886863708496,-9.340312004089355
65515818000,0.0,0.0,-0.0,-2.999112844467163,-0.002356886863708496,-9.340312004089355
65522901000,0.0,0.0,-0.0,-2.999112844467163,-0.002356886863708496,-9.340312004089355
65536690000,0.0,0.0,-0.0,-2.999112844467163,-0.002356886863708496,-9.340312004089355
65543660000,0.0,0.0,-0.0,-2.999112844467163,-0.002356886863708496,-9.340312004089355
65550534000,0.0,0.0,-0.0,-2.999112844467163,-0.002356886863708496,-9.340312004089355
65557531000,0.0,0.0,-0.0,-2.999112844467163,-0.002356886863708496,-9.340312004089355
65571453000,0.0,0.0,-0.0,-2.999112844467163,-0.002356886863708496,-9.340312004089355
65578301000,0.0,0.0,-0.0,-2.999112844467163,-0.002356886863708496,-9.340312004089355
65585232000,0.0,0.0,-0.0,-2.999112844467163,-0.002356886863708496,-9.340312004089355
65592272000,0.0,0.0,-0.0,-2.999112844467163,-0.002356886863708496,-9.340312004089355
65599173000,0.0,0.0,-0.0,-2.999112844467163,-0.002356886863708496,-9.340312004089355
65613027000,0.0,0.0,-0.0,-2.999112844467163,-0.002356886863708496,-9.340312004089355
65620093000,0.0,0.0,-0.0,-2.999112844467163,-0.002356886863708496,-9.340312004089355
65626957000,0.0,0.0,-0.0,-2.999112844467163,-0.002356886863708496,-9.340312004089355
65633865000,0.0,0.0,-0.0,-2.999112844467163,-0.002356886863708496,-9.340312004089355
65647754000,0.0,0.0,-0.0,-2.999112844467163,-0.002356886863708496,-9.340312004089355
65654763000,0.0,0.0,-0.0,-2.999112844467163,-0.002356886863708496,-9.340312004089355
65661681000,0.0,0.0,-0.0,-2.999112844467163,-0.002356886863708496,-9.340312004089355
65668582000,0.0,0.0,-0.0,-2.999112844467163,-0.002356886863708496,-9.340312004089355
65682486000,0.0,0.0,-0.0,-2.999112844467163,-0.002356886863708496,-9.340312004089355
65689568000,0.0,0.0,-0.0,-2.999112844467163,-0.002356886863708496,-9.340312004089355
65696372000,0.0,0.0,-0.0,-2.999112844467163,-0.002356886863708496,-9.340312004089355
65703361000,0.0,0.0,-0.0,-2.999112844467163,-0.002356886863708496,-9.340312004089355
65710279000,0.0,0.0,-0.0,-2.999112844467163,-0.002356886863708496,-9.340312004089355
65724205000,0.0,0.0,-0.0,-2.999112844467163,-0.002356886863708496,-9.340312004089355
65731125000,0.0,0.0,-0.0,-2.999112844467163,-0.002356886863708496,-9.340312004089355
65738197000,0.0,0.0,-0.0,-2.999112844467163,-0.002356886863708496,-9.340312004089355
65744996000,0.0,0.0,-0.0,-2.999112844467163,-0.002356886863708496,-9.340312004089355
65751927000,0.0,0.0,-0.0,-2.999112844467163,-0.002356886863708496,-9.340312004089355
65765815000,0.0,0.0,-0.0,-2.999112844467163,-0.002356886863708496,-9.340312004089355
65772872000,0.0,0.0,-0.0,-2.999112844467163,-0.002356886863708496,-9.340312004089355
65779722000,0.0,0.0,-0.0,-2.999112844467163,-0.002356886863708496,-9.340312004089355
65786887000,0.0,0.0,-0.0,-2.999112844467163,-0.002356886863708496,-9.340312004089355
65793646000,0.0,0.0,-0.0,-2.999112844467163,-0.002356886863708496,-9.340312004089355
65807538000,0.0,0.0,-0.0,-2.999112844467163,-0.002356886863708496,-9.340312004089355
65814437000,0.0,0.0,-0.0,-2.999112844467163,-0.002356886863708496,-9.340312004089355
65821452000,0.0,0.0,-0.0,-2.999112844467163,-0.002356886863708496,-9.340312004089355
65828338000,0.0,0.0,-0.0,-2.999112844467163,-0.002356886863708496,-9.340312004089355
65835317000,0.0,0.0,-0.0,-2.999112844467163,-0.002356886863708496,-9.340312004089355
65849167000,0.0,0.0,-0.0,-2.999112844467163,-0.002356886863708496,-9.340312004089355
65856191000,0.0,0.0,-0.0,-2.999112844467163,-0.002356886863708496,-9.340312004089355
65863103000,0.0,0.0,-0.0,-2.999112844467163,-0.002356886863708496,-9.340312004089355
65870074000,0.0,0.0,-0.0,-2.999112844467163,-0.002356886863708496,-9.340312004089355
65883885000,0.0,0.0,-0.0,-2.999112844467163,-0.002356886863708496,-9.340312004089355
65890903000,0.0,0.0,-0.0,-2.999112844467163,-0.002356886863708496,-9.340312004089355
65897822000,0.0,0.0,-0.0,-2.999112844467163,-0.002356886863708496,-9.340312004089355
65904846000,0.0,0.0,-0.0,-2.999112844467163,-0.002356886863708496,-9.340312004089355
65911676000,0.0,0.0,-0.0,-2.999112844467163,-0.002356886863708496,-9.340312004089355
65925576000,0.0,0.0,-0.0,-2.999112844467163,-0.002356886863708496,-9.340312004089355
65932505000,0.0,0.0,-0.0,-2.999112844467163,-0.002356886863708496,-9.340312004089355
65939531000,0.0,0.0,-0.0,-2.999112844467163,-0.002356886863708496,-9.340312004089355
65946391000,0.0,0.0,-0.0,-2.999112844467163,-0.002356886863708496,-9.340312004089355
65953428000,0.0,0.0,-0.0,-2.999112844467163,-0.002356886863708496,-9.340312004089355
65967222000,0.0,0.0,-0.0,-2.999112844467163,-0.002356886863708496,-9.340312004089355
65974204000,0.0,0.0,-0.0,-2.999112844467163,-0.002356886863708496,-9.340312004089355
65981132000,0.0,0.0,-0.0,-2.999112844467163,-0.002356886863708496,-9.340312004089355
65988129000,0.0,0.0,-0.0,-2.999112844467163,-0.002356886863708496,-9.340312004089355
65995040000,0.0,0.0,-0.0,-2.999112844467163,-0.002356886863708496,-9.340312004089355
66008991000,0.0,0.0,-0.0,-2.999112844467163,-0.002356886863708496,-9.340312004089355
66015839000,0.0,0.0,-0.0,-2.999112844467163,-0.002356886863708496,-9.340312004089355
66022857000,0.0,0.0,-0.0,-2.999112844467163,-0.002356886863708496,-9.340312004089355
66029732000,0.0,0.0,-0.0,-2.999112844467163,-0.002356886863708496,-9.340312004089355
66043652000,0.0,0.0,-0.0,-2.999112844467163,-0.002356886863708496,-9.340312004089355
66050574000,0.0,0.0,-0.0,-2.999112844467163,-0.002356886863708496,-9.340312004089355
66057584000,0.0,0.0,-0.0,-2.999112844467163,-0.002356886863708496,-9.340312004089355
66064447000,0.0,0.0,-0.0,-2.999112844467163,-0.002356886863708496,-9.340312004089355
66078368000,0.0,0.0,-0.0,-2.999112844467163,-0.002356886863708496,-9.340312004089355
66085301000,0.0,0.0,-0.0,-2.999112844467163,-0.002356886863708496,-9.340312004089355
66092250000,0.0,0.0,-0.0,-2.999112844467163,-0.002356886863708496,-9.340312004089355
66099206000,0.0,0.0,-0.0,-2.999112844467163,-0.002356886863708496,-9.340312004089355
66113083000,0.0,0.0,-0.0,-2.999112844467163,-0.002356886863708496,-9.340312004089355
66120051000,0.0,0.0,-0.0,-2.999112844467163,-0.002356886863708496,-9.340312004089355
66127003000,0.0,0.0,-0.0,-2.999112844467163,-0.002356886863708496,-9.340312004089355
66133925000,0.0,0.0,-0.0,-2.999112844467163,-0.002356886863708496,-9.340312004089355
66140881000,0.0,0.0,-0.0,-2.999112844467163,-0.002356886863708496,-9.340312004089355
66154893000,0.0,0.0,-0.0,-2.999112844467163,-0.002356886863708496,-9.340312004089355
66161699000,0.0,0.0,-0.0,-2.999112844467163,-0.002356886863708496,-9.340312004089355
66168617000,0.0,0.0,-0.0,-2.999112844467163,-0.002356886863708496,-9.340312004089355
66175587000,0.0,0.0,-0.0,-2.999112844467163,-0.002356886863708496,-9.340312004089355
66189497000,0.0,0.0,-0.0,-2.999112844467163,-0.002356886863708496,-9.340312004089355
66196449000,0.0,0.0,-0.0,-2.999112844467163,-0.002356886863708496,-9.340312004089355
66203371000,0.0,0.0,-0.0,-2.999112844467163,-0.002356886863708496,-9.340312004089355
66210307000,0.0,0.0,-0.0,-2.999112844467163,-0.002356886863708496,-9.340312004089355
66217229000,0.0,0.0,-0.0,-2.999112844467163,-0.002356886863708496,-9.340312004089355
66224262000,0.0,0.0,-0.0,-2.999112844467163,-0.002356886863708496,-9.340312004089355
66238128000,0.0,0.0,-0.0,-2.999112844467163,-0.002356886863708496,-9.340312004089355
66245019000,0.0,0.0,-0.0,-2.999112844467163,-0.002356886863708496,-9.340312004089355
66251956000,0.0,0.0,-0.0,-2.999112844467163,-0.002356886863708496,-9.340312004089355
66258978000,0.0,0.0,-0.0,-2.999112844467163,-0.002356886863708496,-9.340312004089355
66272841000,0.0,0.0,-0.0,-2.999112844467163,-0.002356886863708496,-9.340312004089355
66279755000,0.0,0.0,-0.0,-2.999112844467163,-0.002356886863708496,-9.340312004089355
66286801000,0.0,0.0,-0.0,-2.999112844467163,-0.002356886863708496,-9.340312004089355
66293631000,0.0,0.0,-0.0,-2.999112844467163,-0.002356886863708496,-9.340312004089355
66300600000,0.0,0.0,-0.0,-2.999112844467163,-0.002356886863708496,-9.340312004089355
66314451000,0.0,0.0,-0.0,-2.999112844467163,-0.002356886863708496,-9.340312004089355
66321479000,0.0,0.0,-0.0,-2.999112844467163,-0.002356886863708496,-9.340312004089355
66328376000,0.0,0.0,-0.0,-2.999112844467163,-0.002356886863708496,-9.340312004089355
66335314000,0.0,0.0,-0.0,-2.999112844467163,-0.002356886863708496,-9.340312004089355
66349180000,0.0,0.0,-0.0,-2.999112844467163,-0.002356886863708496,-9.340312004089355
66356186000,0.0,0.0,-0.0,-2.999112844467163,-0.002356886863708496,-9.340312004089355
66363084000,0.0,0.0,-0.0,-2.999112844467163,-0.002356886863708496,-9.340312004089355
66370066000,0.0,0.0,-0.0,-2.999112844467163,-0.002356886863708496,-9.340312004089355
66376997000,0.0,0.0,-0.0,-2.999112844467163,-0.002356886863708496,-9.340312004089355
66390948000,0.0,0.0,-0.0,-2.999112844467163,-0.002356886863708496,-9.340312004089355
66397813000,0.0,0.0,-0.0,-2.999112844467163,-0.002356886863708496,-9.340312004089355
66404831000,0.0,0.0,-0.0,-2.999112844467163,-0.002356886863708496,-9.340312004089355
66411695000,0.0,0.0,-0.0,-2.999112844467163,-0.002356886863708496,-9.340312004089355
66425589000,0.0,0.0,-0.0,-2.999112844467163,-0.002356886863708496,-9.340312004089355
66432527000,0.0,0.0,-0.0,-2.999112844467163,-0.002356886863708496,-9.340312004089355
66439497000,0.0,0.0,-0.0,-2.999112844467163,-0.002356886863708496,-9.340312004089355
66446440000,0.0,0.0,-0.0,-2.999112844467163,-0.002356886863708496,-9.340312004089355
66453357000,0.0,0.0,-0.0,-2.999112844467163,-0.002356886863708496,-9.340312004089355
66467257000,0.0,0.0,-0.0,-2.999112844467163,-0.002356886863708496,-9.340312004089355
66474218000,0.0,0.0,-0.0,-2.999112844467163,-0.002356886863708496,-9.340312004089355
66481131000,0.0,0.0,-0.0,-2.999112844467163,-0.002356886863708496,-9.340312004089355
66488140000,0.0,0.0,-0.0,-2.999112844467163,-0.002356886863708496,-9.340312004089355
66495035000,0.0,0.0,-0.0,-2.999112844467163,-0.002356886863708496,-9.340312004089355
66508952000,0.0,0.0,-0.0,-2.999112844467163,-0.002356886863708496,-9.340312004089355
66515844000,0.0,0.0,-0.0,-2.999112844467163,-0.002356886863708496,-9.340312004089355
66522848000,0.0,0.0,-0.0,-2.999112844467163,-0.002356886863708496,-9.340312004089355
66529753000,0.0,0.0,-0.0,-2.999112844467163,-0.002356886863708496,-9.340312004089355
66536674000,0.0,0.0,-0.0,-2.999112844467163,-0.002356886863708496,-9.340312004089355
66550584000,0.0,0.0,-0.0,-2.999112844467163,-0.002356886863708496,-9.340312004089355
66557563000,0.0,0.0,-0.0,-2.999112844467163,-0.002356886863708496,-9.340312004089355
66564515000,0.0,0.0,-0.0,-2.999112844467163,-0.002356886863708496,-9.340312004089355
66571457000,0.0,0.0,-0.0,-2.999112844467163,-0.002356886863708496,-9.340312004089355
66585285000,0.0,0.0,-0.0,-2.999112844467163,-0.002356886863708496,-9.340312004089355
66592301000,0.0,0.0,-0.0,-2.999112844467163,-0.002356886863708496,-9.340312004089355
66599186000,0.0,0.0,-0.0,-2.999112844467163,-0.002356886863708496,-9.340312004089355
66606142000,0.0,0.0,-0.0,-2.999112844467163,-0.002356886863708496,-9.340312004089355
66620006000,0.0,0.0,-0.0,-2.999112844467163,-0.002356886863708496,-9.340312004089355
66626988000,0.0,0.0,-0.0,-2.999112844467163,-0.002356886863708496,-9.340312004089355
66633903000,0.0,0.0,-0.0,-2.999112844467163,-0.002356886863708496,-9.340312004089355
66640906000,0.0,0.0,-0.0,-2.999112844467163,-0.002356886863708496,-9.340312004089355
66654762000,0.0,0.0,-0.0,-2.999112844467163,-0.002356886863708496,-9.340312004089355
66661733000,0.0,0.0,-0.0,-2.999112844467163,-0.002356886863708496,-9.340312004089355
66668618000,0.0,0.0,-0.0,-2.999112844467163,-0.002356886863708496,-9.340312004089355
66675668000,0.0,0.0,-0.0,-2.999112844467163,-0.002356886863708496,-9.340312004089355
66682578000,0.0,0.0,-0.0,-2.999112844467163,-0.002356886863708496,-9.340312004089355
66696435000,0.0,0.0,-0.0,-2.999112844467163,-0.002356886863708496,-9.340312004089355
66703373000,0.0,0.0,-0.0,-2.999112844467163,-0.002356886863708496,-9.340312004089355
66710344000,0.0,0.0,-0.0,-2.999112844467163,-0.002356886863708496,-9.340312004089355
66717262000,0.0,0.0,-0.0,-2.999112844467163,-0.002356886863708496,-9.340312004089355
66731211000,0.0,0.0,-0.0,-2.999112844467163,-0.002356886863708496,-9.340312004089355
66738156000,0.0,0.0,-0.0,-2.999112844467163,-0.002356886863708496,-9.340312004089355
66745035000,0.0,0.0,-0.0,-2.999112844467163,-0.002356886863708496,-9.340312004089355
66751999000,0.0,0.0,-0.0,-2.999112844467163,-0.002356886863708496,-9.340312004089355
66758985000,0.0,0.0,-0.0,-2.999112844467163,-0.002356886863708496,-9.340312004089355
66772855000,0.0,0.0,-0.0,-2.999112844467163,-0.002356886863708496,-9.340312004089355
66779771000,0.0,0.0,-0.0,-2.999112844467163,-0.002356886863708496,-9.340312004089355
66786696000,0.0,0.0,-0.0,-2.999112844467163,-0.002356886863708496,-9.340312004089355
66793748000,0.0,0.0,-0.0,-2.999112844467163,-0.002356886863708496,-9.340312004089355
66807579000,0.0,0.0,-0.0,-2.999112844467163,-0.002356886863708496,-9.340312004089355
66814491000,0.0,0.0,-0.0,-2.999112844467163,-0.002356886863708496,-9.340312004089355
66821531000,0.0,0.0,-0.0,-2.999112844467163,-0.002356886863708496,-9.340312004089355
66828391000,0.0,0.0,-0.0,-2.999112844467163,-0.002356886863708496,-9.340312004089355
66842308000,0.0,0.0,-0.0,-2.999112844467163,-0.002356886863708496,-9.340312004089355
66849222000,0.0,0.0,-0.0,-2.999112844467163,-0.002356886863708496,-9.340312004089355
66856249000,0.0,0.0,-0.0,-2.999112844467163,-0.002356886863708496,-9.340312004089355
66863108000,0.0,0.0,-0.0,-2.999112844467163,-0.002356886863708496,-9.340312004089355
66877071000,0.0,0.0,-0.0,-2.999112844467163,-0.002356886863708496,-9.340312004089355
66884002000,0.0,0.0,-0.0,-2.999112844467163,-0.002356886863708496,-9.340312004089355
66891120000,0.0,0.0,-0.0,-2.999112844467163,-0.002356886863708496,-9.340312004089355
66897833000,0.0,0.0,-0.0,-2.999112844467163,-0.002356886863708496,-9.340312004089355
66904873000,0.0,0.0,-0.0,-2.999112844467163,-0.002356886863708496,-9.340312004089355
66918661000,0.0,0.0,-0.0,-2.999112844467163,-0.002356886863708496,-9.340312004089355
66925714000,0.0,0.0,-0.0,-2.999112844467163,-0.002356886863708496,-9.340312004089355
66932623000,0.0,0.0,-0.0,-2.999112844467163,-0.002356886863708496,-9.340312004089355
66939754000,0.0,0.0,-0.0,-2.999112844467163,-0.002356886863708496,-9.340312004089355
66953400000,0.0,0.0,-0.0,-2.999112844467163,-0.002356886863708496,-9.340312004089355
66960395000,0.0,0.0,-0.0,-2.999112844467163,-0.002356886863708496,-9.340312004089355
66967288000,0.0,0.0,-0.0,-2.999112844467163,-0.002356886863708496,-9.340312004089355
66974294000,0.0,0.0,-0.0,-2.999112844467163,-0.002356886863708496,-9.340312004089355
66981190000,0.0,0.0,-0.0,-2.999112844467163,-0.002356886863708496,-9.340312004089355
66988170000,0.0,0.0,-0.0,-2.999112844467163,-0.002356886863708496,-9.340312004089355
67001981000,0.0,0.0,-0.0,-2.999112844467163,-0.002356886863708496,-9.340312004089355
67009015000,0.0,0.0,-0.0,-2.999112844467163,-0.002356886863708496,-9.340312004089355
67015909000,0.0,0.0,-0.0,-2.999112844467163,-0.002356886863708496,-9.340312004089355
67022913000,0.0,0.0,-0.0,-2.999112844467163,-0.002356886863708496,-9.340312004089355
67036731000,0.0,0.0,-0.0,-2.999112844467163,-0.002356886863708496,-9.340312004089355
67043782000,0.0,0.0,-0.0,-2.999112844467163,-0.002356886863708496,-9.340312004089355
67050678000,0.0,0.0,-0.0,-2.999112844467163,-0.002356886863708496,-9.340312004089355
67057639000,0.0,0.0,-0.0,-2.999112844467163,-0.002356886863708496,-9.340312004089355
67064546000,0.0,0.0,-0.0,-2.999112844467163,-0.002356886863708496,-9.340312004089355
67078474000,0.0,0.0,-0.0,-2.999112844467163,-0.002356886863708496,-9.340312004089355
67085496000,0.0,0.0,-0.0,-2.999112844467163,-0.002356886863708496,-9.340312004089355
67092378000,0.0,0.0,-0.0,-2.999112844467163,-0.002356886863708496,-9.340312004089355
67099322000,0.0,0.0,-0.0,-2.999112844467163,-0.002356886863708496,-9.340312004089355
67113249000,0.0,0.0,-0.0,-2.999112844467163,-0.002356886863708496,-9.340312004089355
67120138000,0.0,0.0,-0.0,-2.999112844467163,-0.002356886863708496,-9.340312004089355
67127130000,0.0,0.0,-0.0,-2.999112844467163,-0.002356886863708496,-9.340312004089355
67134041000,0.0,0.0,-0.0,-2.999112844467163,-0.002356886863708496,-9.340312004089355
67141029000,0.0,0.0,-0.0,-2.999112844467163,-0.002356886863708496,-9.340312004089355
67154908000,0.0,0.0,-0.0,-2.999112844467163,-0.002356886863708496,-9.340312004089355
67161853000,0.0,0.0,-0.0,-2.999112844467163,-0.002356886863708496,-9.340312004089355
67168747000,0.0,0.0,-0.0,-2.999112844467163,-0.002356886863708496,-9.340312004089355
67175740000,0.0,0.0,-0.0,-2.999112844467163,-0.002356886863708496,-9.340312004089355
67189702000,0.0,0.0,-0.0,-2.999112844467163,-0.002356886863708496,-9.340312004089355
67196525000,0.0,0.0,-0.0,-2.999112844467163,-0.002356886863708496,-9.340312004089355
67203467000,0.0,0.0,-0.0,-2.999112844467163,-0.002356886863708496,-9.340312004089355
67210468000,0.0,0.0,-0.0,-2.999112844467163,-0.002356886863708496,-9.340312004089355
67217378000,0.0,0.0,-0.0,-2.999112844467163,-0.002356886863708496,-9.340312004089355
67231324000,0.0,0.0,-0.0,-2.999112844467163,-0.002356886863708496,-9.340312004089355
67238371000,0.0,0.0,-0.0,-2.999112844467163,-0.002356886863708496,-9.340312004089355
67245167000,0.0,0.0,-0.0,-2.999112844467163,-0.002356886863708496,-9.340312004089355
67252075000,0.0,0.0,-0.0,-2.999112844467163,-0.002356886863708496,-9.340312004089355
67266040000,0.0,0.0,-0.0,-2.999112844467163,-0.002356886863708496,-9.340312004089355
67272951000,0.0,0.0,-0.0,-2.999112844467163,-0.002356886863708496,-9.340312004089355
67279861000,0.0,0.0,-0.0,-2.999112844467163,-0.002356886863708496,-9.340312004089355
67286804000,0.0,0.0,-0.0,-2.999112844467163,-0.002356886863708496,-9.340312004089355
67293782000,0.0,0.0,-0.0,-2.999112844467163,-0.002356886863708496,-9.340312004089355
67307676000,0.0,0.0,-0.0,-2.999112844467163,-0.002356886863708496,-9.340312004089355
67314575000,0.0,0.0,-0.0,-2.999112844467163,-0.002356886863708496,-9.340312004089355
67321651000,0.0,0.0,-0.0,-2.999112844467163,-0.002356886863708496,-9.340312004089355
67328529000,0.0,0.0,-0.0,-2.999112844467163,-0.002356886863708496,-9.340312004089355
67342410000,0.0,0.0,-0.0,-2.999112844467163,-0.002356886863708496,-9.340312004089355
67349319000,0.0,0.0,-0.0,-2.999112844467163,-0.002356886863708496,-9.340312004089355
67356331000,0.0,0.0,-0.0,-2.999112844467163,-0.002356886863708496,-9.340312004089355
67363214000,0.0,0.0,-0.0,-2.999112844467163,-0.002356886863708496,-9.340312004089355
67370208000,0.0,0.0,-0.0,-2.999112844467163,-0.002356886863708496,-9.340312004089355
67384038000,0.0,0.0,-0.0,-2.999112844467163,-0.002356886863708496,-9.340312004089355
67391046000,0.0,0.0,-0.0,-2.999112844467163,-0.002356886863708496,-9.340312004089355
67397957000,0.0,0.0,-0.0,-2.999112844467163,-0.002356886863708496,-9.340312004089355
67404874000,0.0,0.0,-0.0,-2.999112844467163,-0.002356886863708496,-9.340312004089355
67411875000,0.0,0.0,-0.0,-2.999112844467163,-0.002356886863708496,-9.340312004089355
67425782000,0.0,0.0,-0.0,-2.999112844467163,-0.002356886863708496,-9.340312004089355
67432686000,0.0,0.0,-0.0,-2.999112844467163,-0.002356886863708496,-9.340312004089355
67439689000,0.0,0.0,-0.0,-2.999112844467163,-0.002356886863708496,-9.340312004089355
67446573000,0.0,0.0,-0.0,-2.999112844467163,-0.002356886863708496,-9.340312004089355
67460506000,0.0,0.0,-0.0,-2.999112844467163,-0.002356886863708496,-9.340312004089355
67467381000,0.0,0.0,-0.0,-2.999112844467163,-0.002356886863708496,-9.340312004089355
67474465000,0.0,0.0,-0.0,-2.999112844467163,-0.002356886863708496,-9.340312004089355
67481293000,0.0,0.0,-0.0,-2.999112844467163,-0.002356886863708496,-9.340312004089355
67495202000,0.0,0.0,-0.0,-2.999112844467163,-0.002356886863708496,-9.340312004089355
67502132000,0.0,0.0,-0.0,-2.999112844467163,-0.002356886863708496,-9.340312004089355
67509123000,0.0,0.0,-0.0,-2.999112844467163,-0.002356886863708496,-9.340312004089355
67516029000,0.0,0.0,-0.0,-2.999112844467163,-0.002356886863708496,-9.340312004089355
67529902000,0.0,0.0,-0.0,-2.999112844467163,-0.002356886863708496,-9.340312004089355
67536880000,0.0,0.0,-0.0,-2.999112844467163,-0.002356886863708496,-9.340312004089355
67543864000,0.0,0.0,-0.0,-2.999112844467163,-0.002356886863708496,-9.340312004089355
67550783000,0.0,0.0,-0.0,-2.999112844467163,-0.002356886863708496,-9.340312004089355
67564632000,0.0,0.0,-0.0,-2.999112844467163,-0.002356886863708496,-9.340312004089355
67571652000,0.0,0.0,-0.0,-2.999112844467163,-0.002356886863708496,-9.340312004089355
67578599000,0.0,0.0,-0.0,-2.999112844467163,-0.002356886863708496,-9.340312004089355
67585470000,0.0,0.0,-0.0,-2.999112844467163,-0.002356886863708496,-9.340312004089355
67592471000,0.0,0.0,-0.0,-2.999112844467163,-0.002356886863708496,-9.340312004089355
67606368000,0.0,0.0,-0.0,-2.999112844467163,-0.002356886863708496,-9.340312004089355
67613289000,0.0,0.0,-0.0,-2.999112844467163,-0.002356886863708496,-9.340312004089355
67620189000,0.0,0.0,-0.0,-2.999112844467163,-0.002356886863708496,-9.340312004089355
67627173000,0.0,0.0,-0.0,-2.999112844467163,-0.002356886863708496,-9.340312004089355
67641127000,0.0,0.0,-0.0,-2.999112844467163,-0.002356886863708496,-9.340312004089355
67647991000,0.0,0.0,-0.0,-2.999112844467163,-0.002356886863708496,-9.340312004089355
67654989000,0.0,0.0,-0.0,-2.999112844467163,-0.002356886863708496,-9.340312004089355
67661933000,0.0,0.0,-0.0,-2.999112844467163,-0.002356886863708496,-9.340312004089355
67668839000,0.0,0.0,-0.0,-2.999112844467163,-0.002356886863708496,-9.340312004089355
67682716000,0.0,0.0,-0.0,-2.999112844467163,-0.002356886863708496,-9.340312004089355
67689734000,0.0,0.0,-0.0,-2.999112844467163,-0.002356886863708496,-9.340312004089355
67696600000,0.0,0.0,-0.0,-2.999112844467163,-0.002356886863708496,-9.340312004089355
67703533000,0.0,0.0,-0.0,-2.999112844467163,-0.002356886863708496,-9.340312004089355
67710546000,0.0,0.0,-0.0,-2.999112844467163,-0.002356886863708496,-9.340312004089355
67724456000,0.0,0.0,-0.0,-2.999112844467163,-0.002356886863708496,-9.340312004089355
67731324000,0.0,0.0,-0.0,-2.999112844467163,-0.002356886863708496,-9.340312004089355
67738318000,0.0,0.0,-0.0,-2.999112844467163,-0.002356886863708496,-9.340312004089355
67745234000,0.0,0.0,-0.0,-2.999112844467163,-0.002356886863708496,-9.340312004089355
67759140000,0.0,0.0,-0.0,-2.999112844467163,-0.002356886863708496,-9.340312004089355
67766037000,0.0,0.0,-0.0,-2.999112844467163,-0.002356886863708496,-9.340312004089355
67773076000,0.0,0.0,-0.0,-2.999112844467163,-0.002356886863708496,-9.340312004089355
67779935000,0.0,0.0,-0.0,-2.999112844467163,-0.002356886863708496,-9.340312004089355
67786880000,0.0,0.0,-0.0,-2.999112844467163,-0.002356886863708496,-9.340312004089355
67800788000,0.0,0.0,-0.0,-2.999112844467163,-0.002356886863708496,-9.340312004089355
67807776000,0.0,0.0,-0.0,-2.999112844467163,-0.002356886863708496,-9.340312004089355
67814666000,0.0,0.0,-0.0,-2.999112844467163,-0.002356886863708496,-9.340312004089355
67821624000,0.0,0.0,-0.0,-2.999112844467163,-0.002356886863708496,-9.340312004089355
67828591000,0.0,0.0,-0.0,-2.999112844467163,-0.002356886863708496,-9.340312004089355
67842522000,0.0,0.0,-0.0,-2.999112844467163,-0.002356886863708496,-9.340312004089355
67849376000,0.0,0.0,-0.0,-2.999112844467163,-0.002356886863708496,-9.340312004089355
67856437000,0.0,0.0,-0.0,-2.999112844467163,-0.002356886863708496,-9.340312004089355
67863302000,0.0,0.0,-0.0,-2.999112844467163,-0.002356886863708496,-9.340312004089355
67870250000,0.0,0.0,-0.0,-2.999112844467163,-0.002356886863708496,-9.340312004089355
67884122000,0.0,0.0,-0.0,-2.999112844467163,-0.002356886863708496,-9.340312004089355
67891118000,0.0,0.0,-0.0,-2.999112844467163,-0.002356886863708496,-9.340312004089355
67897981000,0.0,0.0,-0.0,-2.999112844467163,-0.002356886863708496,-9.340312004089355
67904944000,0.0,0.0,-0.0,-2.999112844467163,-0.002356886863708496,-9.340312004089355
67918833000,0.0,0.0,-0.0,-2.999112844467163,-0.002356886863708496,-9.340312004089355
67925884000,0.0,0.0,-0.0,-2.999112844467163,-0.002356886863708496,-9.340312004089355
67932714000,0.0,0.0,-0.0,-2.999112844467163,-0.002356886863708496,-9.340312004089355
67939754000,0.0,0.0,-0.0,-2.999112844467163,-0.002356886863708496,-9.340312004089355
67953529000,0.0,0.0,-0.0,-2.999112844467163,-0.002356886863708496,-9.340312004089355
67960555000,0.0,0.0,-0.0,-2.999112844467163,-0.002356886863708496,-9.340312004089355
67967446000,0.0,0.0,-0.0,-2.999112844467163,-0.002356886863708496,-9.340312004089355
67974415000,0.0,0.0,-0.0,-2.999112844467163,-0.002356886863708496,-9.340312004089355
67981322000,0.0,0.0,-0.0,-2.999112844467163,-0.002356886863708496,-9.340312004089355
67995407000,0.0,0.0,-0.0,-2.999112844467163,-0.002356886863708496,-9.340312004089355
68002227000,0.0,0.0,-0.0,-2.999112844467163,-0.002356886863708496,-9.340312004089355
68009239000,0.0,0.0,-0.0,-2.999112844467163,-0.002356886863708496,-9.340312004089355
68016116000,0.0,0.0,-0.0,-2.999112844467163,-0.002356886863708496,-9.340312004089355
68030034000,0.0,0.0,-0.0,-2.999112844467163,-0.002356886863708496,-9.340312004089355
68036947000,0.0,0.0,-0.0,-2.999112844467163,-0.002356886863708496,-9.340312004089355
68043929000,0.0,0.0,-0.0,-2.999112844467163,-0.002356886863708496,-9.340312004089355
68050843000,0.0,0.0,-0.0,-2.999112844467163,-0.002356886863708496,-9.340312004089355
68057868000,0.0,0.0,-0.0,-2.999112844467163,-0.002356886863708496,-9.340312004089355
68071687000,0.0,0.0,-0.0,-2.999112844467163,-0.002356886863708496,-9.340312004089355
68078676000,0.0,0.0,-0.0,-2.999112844467163,-0.002356886863708496,-9.340312004089355
68085563000,0.0,0.0,-0.0,-2.999112844467163,-0.002356886863708496,-9.340312004089355
68092597000,0.0,0.0,-0.0,-2.999112844467163,-0.002356886863708496,-9.340312004089355
68099477000,0.0,0.0,-0.0,-2.999112844467163,-0.002356886863708496,-9.340312004089355
68113347000,0.0,0.0,-0.0,-2.999112844467163,-0.002356886863708496,-9.340312004089355
68120287000,0.0,0.0,-0.0,-2.999112844467163,-0.002356886863708496,-9.340312004089355
68127326000,0.0,0.0,-0.0,-2.999112844467163,-0.002356886863708496,-9.340312004089355
68134174000,0.0,0.0,-0.0,-2.999112844467163,-0.002356886863708496,-9.340312004089355
68141147000,0.0,0.0,-0.0,-2.999112844467163,-0.002356886863708496,-9.340312004089355
68155000000,0.0,0.0,-0.0,-2.999112844467163,-0.002356886863708496,-9.340312004089355
68162002000,0.0,0.0,-0.0,-2.999112844467163,-0.002356886863708496,-9.340312004089355
68168900000,0.0,0.0,-0.0,-2.999112844467163,-0.002356886863708496,-9.340312004089355
68175873000,0.0,0.0,-0.0,-2.999112844467163,-0.002356886863708496,-9.340312004089355
68182817000,0.0,0.0,-0.0,-2.999112844467163,-0.002356886863708496,-9.340312004089355
68196689000,0.0,0.0,-0.0,-2.999112844467163,-0.002356886863708496,-9.340312004089355
68203620000,0.0,0.0,-0.0,-2.999112844467163,-0.002356886863708496,-9.340312004089355
68210607000,0.0,0.0,-0.0,-2.999112844467163,-0.002356886863708496,-9.340312004089355
68217536000,0.0,0.0,-0.0,-2.999112844467163,-0.002356886863708496,-9.340312004089355
68231444000,0.0,0.0,-0.0,-2.999112844467163,-0.002356886863708496,-9.340312004089355
68238340000,0.0,0.0,-0.0,-2.999112844467163,-0.002356886863708496,-9.340312004089355
68245327000,0.0,0.0,-0.0,-2.999112844467163,-0.002356886863708496,-9.340312004089355
68252235000,0.0,0.0,-0.0,-2.999112844467163,-0.002356886863708496,-9.340312004089355
68259250000,0.0,0.0,-0.0,-2.999112844467163,-0.002356886863708496,-9.340312004089355
68266116000,0.0,0.0,-0.0,-2.999112844467163,-0.002356886863708496,-9.340312004089355
68280072000,0.0,0.0,-0.0,-2.999112844467163,-0.002356886863708496,-9.340312004089355
68286997000,0.0,0.0,-0.0,-2.999112844467163,-0.002356886863708496,-9.340312004089355
68293979000,0.0,0.0,-0.0,-2.999112844467163,-0.002356886863708496,-9.340312004089355
68300879000,0.0,0.0,-0.0,-2.999112844467163,-0.002356886863708496,-9.340312004089355
68314810000,0.0,0.0,-0.0,-2.999112844467163,-0.002356886863708496,-9.340312004089355
68321701000,0.0,0.0,-0.0,-2.999112844467163,-0.002356886863708496,-9.340312004089355
68328692000,0.0,0.0,-0.0,-2.999112844467163,-0.002356886863708496,-9.340312004089355
68335591000,0.0,0.0,-0.0,-2.999112844467163,-0.002356886863708496,-9.340312004089355
68349491000,0.0,0.0,-0.0,-2.999112844467163,-0.002356886863708496,-9.340312004089355
68356537000,0.0,0.0,-0.0,-2.999112844467163,-0.002356886863708496,-9.340312004089355
68363377000,0.0,0.0,-0.0,-2.999112844467163,-0.002356886863708496,-9.340312004089355
68370312000,0.0,0.0,-0.0,-2.999112844467163,-0.002356886863708496,-9.340312004089355
68377294000,0.0,0.0,-0.0,-2.999112844467163,-0.002356886863708496,-9.340312004089355
68391303000,0.0,0.0,-0.0,-2.999112844467163,-0.002356886863708496,-9.340312004089355
68398107000,0.0,0.0,-0.0,-2.999112844467163,-0.002356886863708496,-9.340312004089355
68405056000,0.0,0.0,-0.0,-2.999112844467163,-0.002356886863708496,-9.340312004089355
68412036000,0.0,0.0,-0.0,-2.999112844467163,-0.002356886863708496,-9.340312004089355
68418928000,0.0,0.0,-0.0,-2.999112844467163,-0.002356886863708496,-9.340312004089355
68432881000,0.0,0.0,-0.0,-2.999112844467163,-0.002356886863708496,-9.340312004089355
68439838000,0.0,0.0,-0.0,-2.999112844467163,-0.002356886863708496,-9.340312004089355
68446756000,0.0,0.0,-0.0,-2.999112844467163,-0.002356886863708496,-9.340312004089355
68453651000,0.0,0.0,-0.0,-2.999112844467163,-0.002356886863708496,-9.340312004089355
68460661000,0.0,0.0,-0.0,-2.999112844467163,-0.002356886863708496,-9.340312004089355
68474527000,0.0,0.0,-0.0,-2.999112844467163,-0.002356886863708496,-9.340312004089355
68481474000,0.0,0.0,-0.0,-2.999112844467163,-0.002356886863708496,-9.340312004089355
68488413000,0.0,0.0,-0.0,-2.999112844467163,-0.002356886863708496,-9.340312004089355
68495433000,0.0,0.0,-0.0,-2.999112844467163,-0.002356886863708496,-9.340312004089355
68509285000,0.0,0.0,-0.0,-2.999112844467163,-0.002356886863708496,-9.340312004089355
68516174000,0.0,0.0,-0.0,-2.999112844467163,-0.002356886863708496,-9.340312004089355
68523164000,0.0,0.0,-0.0,-2.999112844467163,-0.002356886863708496,-9.340312004089355
68530052000,0.0,0.0,-0.0,-2.999112844467163,-0.002356886863708496,-9.340312004089355
68537010000,0.0,0.0,-0.0,-2.999112844467163,-0.002356886863708496,-9.340312004089355
68550942000,0.0,0.0,-0.0,-2.999112844467163,-0.002356886863708496,-9.340312004089355
68557890000,0.0,0.0,-0.0,-2.999112844467163,-0.002356886863708496,-9.340312004089355
68564775000,0.0,0.0,-0.0,-2.999112844467163,-0.002356886863708496,-9.340312004089355
68571706000,0.0,0.0,-0.0,-2.999112844467163,-0.002356886863708496,-9.340312004089355
68585597000,0.0,0.0,-0.0,-2.999112844467163,-0.002356886863708496,-9.340312004089355
68592634000,0.0,0.0,-0.0,-2.999112844467163,-0.002356886863708496,-9.340312004089355
68599547000,0.0,0.0,-0.0,-2.999112844467163,-0.002356886863708496,-9.340312004089355
68606492000,0.0,0.0,-0.0,-2.999112844467163,-0.002356886863708496,-9.340312004089355
68613443000,0.0,0.0,-0.0,-2.999112844467163,-0.002356886863708496,-9.340312004089355
68627336000,0.0,0.0,-0.0,-2.999112844467163,-0.002356886863708496,-9.340312004089355
68634250000,0.0,0.0,-0.0,-2.999112844467163,-0.002356886863708496,-9.340312004089355
68641221000,0.0,0.0,-0.0,-2.999112844467163,-0.002356886863708496,-9.340312004089355
68648113000,0.0,0.0,-0.0,-2.999112844467163,-0.002356886863708496,-9.340312004089355
68662063000,0.0,0.0,-0.0,-2.999112844467163,-0.002356886863708496,-9.340312004089355
68668966000,0.0,0.0,-0.0,-2.999112844467163,-0.002356886863708496,-9.340312004089355
68675927000,0.0,0.0,-0.0,-2.999112844467163,-0.002356886863708496,-9.340312004089355
68682857000,0.0,0.0,-0.0,-2.999112844467163,-0.002356886863708496,-9.340312004089355
68696782000,0.0,0.0,-0.0,-2.999112844467163,-0.002356886863708496,-9.340312004089355
68703684000,0.0,0.0,-0.0,-2.999112844467163,-0.002356886863708496,-9.340312004089355
68710647000,0.0,0.0,-0.0,-2.999112844467163,-0.002356886863708496,-9.340312004089355
68717556000,0.0,0.0,-0.0,-2.999112844467163,-0.002356886863708496,-9.340312004089355
68724584000,0.0,0.0,-0.0,-2.999112844467163,-0.002356886863708496,-9.340312004089355
68738378000,0.0,0.0,-0.0,-2.999112844467163,-0.002356886863708496,-9.340312004089355
68745360000,0.0,0.0,-0.0,-2.999112844467163,-0.002356886863708496,-9.340312004089355
68752320000,0.0,0.0,-0.0,-2.999112844467163,-0.002356886863708496,-9.340312004089355
68759301000,0.0,0.0,-0.0,-2.999112844467163,-0.002356886863708496,-9.340312004089355
68773164000,0.0,0.0,-0.0,-2.999112844467163,-0.002356886863708496,-9.340312004089355
68780078000,0.0,0.0,-0.0,-2.999112844467163,-0.002356886863708496,-9.340312004089355
68787026000,0.0,0.0,-0.0,-2.999112844467163,-0.002356886863708496,-9.340312004089355
68794015000,0.0,0.0,-0.0,-2.999112844467163,-0.002356886863708496,-9.340312004089355
68800952000,0.0,0.0,-0.0,-2.999112844467163,-0.002356886863708496,-9.340312004089355
68814822000,0.0,0.0,-0.0,-2.999112844467163,-0.002356886863708496,-9.340312004089355
68821745000,0.0,0.0,-0.0,-2.999112844467163,-0.002356886863708496,-9.340312004089355
68828742000,0.0,0.0,-0.0,-2.999112844467163,-0.002356886863708496,-9.340312004089355
68835634000,0.0,0.0,-0.0,-2.999112844467163,-0.002356886863708496,-9.340312004089355
68842613000,0.0,0.0,-0.0,-2.999112844467163,-0.002356886863708496,-9.340312004089355
68856651000,0.0,0.0,-0.0,-2.999112844467163,-0.002356886863708496,-9.340312004089355
68863569000,0.0,0.0,-0.0,-2.999112844467163,-0.002356886863708496,-9.340312004089355
68870507000,0.0,0.0,-0.0,-2.999112844467163,-0.002356886863708496,-9.340312004089355
68877503000,0.0,0.0,-0.0,-2.999112844467163,-0.002356886863708496,-9.340312004089355
68884391000,0.0,0.0,-0.0,-2.999112844467163,-0.002356886863708496,-9.340312004089355
68898281000,0.0,0.0,-0.0,-2.999112844467163,-0.002356886863708496,-9.340312004089355
68905191000,0.0,0.0,-0.0,-2.999112844467163,-0.002356886863708496,-9.340312004089355
68912210000,0.0,0.0,-0.0,-2.999112844467163,-0.002356886863708496,-9.340312004089355
68919129000,0.0,0.0,-0.0,-2.999112844467163,-0.002356886863708496,-9.340312004089355
68926132000,0.0,0.0,-0.0,-2.999112844467163,-0.002356886863708496,-9.340312004089355
68939986000,0.0,0.0,-0.0,-2.999112844467163,-0.002356886863708496,-9.340312004089355
68946924000,0.0,0.0,-0.0,-2.999112844467163,-0.002356886863708496,-9.340312004089355
68953819000,0.0,0.0,-0.0,-2.999112844467163,-0.002356886863708496,-9.340312004089355
68960866000,0.0,0.0,-0.0,-2.999112844467163,-0.002356886863708496,-9.340312004089355
68975014000,0.0,0.0,-0.0,-2.999112844467163,-0.002356886863708496,-9.340312004089355
68981699000,0.0,0.0,-0.0,-2.999112844467163,-0.002356886863708496,-9.340312004089355
68988666000,0.0,0.0,-0.0,-2.999112844467163,-0.002356886863708496,-9.340312004089355
68995644000,0.0,0.0,-0.0,-2.999112844467163,-0.002356886863708496,-9.340312004089355
69002549000,0.0,0.0,-0.0,-2.999112844467163,-0.002356886863708496,-9.340312004089355
69016410000,0.0,0.0,-0.0,-2.999112844467163,-0.002356886863708496,-9.340312004089355
69023412000,0.0,0.0,-0.0,-2.999112844467163,-0.002356886863708496,-9.340312004089355
69030335000,0.0,0.0,-0.0,-2.999112844467163,-0.002356886863708496,-9.340312004089355
69037250000,0.0,0.0,-0.0,-2.999112844467163,-0.002356886863708496,-9.340312004089355
69051144000,0.0,0.0,-0.0,-2.999112844467163,-0.002356886863708496,-9.340312004089355
69058299000,0.0,0.0,-0.0,-2.999112844467163,-0.002356886863708496,-9.340312004089355
69065066000,0.0,0.0,-0.0,-2.999112844467163,-0.002356886863708496,-9.340312004089355
69071959000,0.0,0.0,-0.0,-2.999112844467163,-0.002356886863708496,-9.340312004089355
69078967000,0.0,0.0,-0.0,-2.999112844467163,-0.002356886863708496,-9.340312004089355
69092886000,0.0,0.0,-0.0,-2.999112844467163,-0.002356886863708496,-9.340312004089355
69099812000,0.0,0.0,-0.0,-2.999112844467163,-0.002356886863708496,-9.340312004089355
69106793000,0.0,0.0,-0.0,-2.999112844467163,-0.002356886863708496,-9.340312004089355
69113672000,0.0,0.0,-0.0,-2.999112844467163,-0.002356886863708496,-9.340312004089355
69120583000,0.0,0.0,-0.0,-2.999112844467163,-0.002356886863708496,-9.340312004089355
69134479000,0.0,0.0,-0.0,-2.999112844467163,-0.002356886863708496,-9.340312004089355
69141485000,0.0,0.0,-0.0,-2.999112844467163,-0.002356886863708496,-9.340312004089355
69148377000,0.0,0.0,-0.0,-2.999112844467163,-0.002356886863708496,-9.340312004089355
69155366000,0.0,0.0,-0.0,-2.999112844467163,-0.002356886863708496,-9.340312004089355
69162324000,0.0,0.0,-0.0,-2.999112844467163,-0.002356886863708496,-9.340312004089355
69176183000,0.0,0.0,-0.0,-2.999112844467163,-0.002356886863708496,-9.340312004089355
69183130000,0.0,0.0,-0.0,-2.999112844467163,-0.002356886863708496,-9.340312004089355
69190092000,0.0,0.0,-0.0,-2.999112844467163,-0.002356886863708496,-9.340312004089355
69197021000,0.0,0.0,-0.0,-2.999112844467163,-0.002356886863708496,-9.340312004089355
69203960000,0.0,0.0,-0.0,-2.999112844467163,-0.002356886863708496,-9.340312004089355
69217875000,0.0,0.0,-0.0,-2.999112844467163,-0.002356886863708496,-9.340312004089355
69224920000,0.0,0.0,-0.0,-2.999112844467163,-0.002356886863708496,-9.340312004089355
69231712000,0.0,0.0,-0.0,-2.999112844467163,-0.002356886863708496,-9.340312004089355
69238643000,0.0,0.0,-0.0,-2.999112844467163,-0.002356886863708496,-9.340312004089355
69245625000,0.0,0.0,-0.0,-2.999112844467163,-0.002356886863708496,-9.340312004089355
69259538000,0.0,0.0,-0.0,-2.999112844467163,-0.002356886863708496,-9.340312004089355
69266464000,0.0,0.0,-0.0,-2.999112844467163,-0.002356886863708496,-9.340312004089355
69273403000,0.0,0.0,-0.0,-2.999112844467163,-0.002356886863708496,-9.340312004089355
69280355000,0.0,0.0,-0.0,-2.999112844467163,-0.002356886863708496,-9.340312004089355
69294252000,0.0,0.0,-0.0,-2.999112844467163,-0.002356886863708496,-9.340312004089355
69301153000,0.0,0.0,-0.0,-2.999112844467163,-0.002356886863708496,-9.340312004089355
69308199000,0.0,0.0,-0.0,-2.999112844467163,-0.002356886863708496,-9.340312004089355
69315042000,0.0,0.0,-0.0,-2.999112844467163,-0.002356886863708496,-9.340312004089355
69322014000,0.0,0.0,-0.0,-2.999112844467163,-0.002356886863708496,-9.340312004089355
69335862000,0.0,0.0,-0.0,-2.999112844467163,-0.002356886863708496,-9.340312004089355
69342904000,0.0,0.0,-0.0,-2.999112844467163,-0.002356886863708496,-9.340312004089355
69349768000,0.0,0.0,-0.0,-2.999112844467163,-0.002356886863708496,-9.340312004089355
69356757000,0.0,0.0,-0.0,-2.999112844467163,-0.002356886863708496,-9.340312004089355
69370621000,0.0,0.0,-0.0,-2.999112844467163,-0.002356886863708496,-9.340312004089355
69377589000,0.0,0.0,-0.0,-2.999112844467163,-0.002356886863708496,-9.340312004089355
69384482000,0.0,0.0,-0.0,-2.999112844467163,-0.002356886863708496,-9.340312004089355
69391505000,0.0,0.0,-0.0,-2.999112844467163,-0.002356886863708496,-9.340312004089355
69398374000,0.0,0.0,-0.0,-2.999112844467163,-0.002356886863708496,-9.340312004089355
69412309000,0.0,0.0,-0.0,-2.999112844467163,-0.002356886863708496,-9.340312004089355
69419204000,0.0,0.0,-0.0,-2.999112844467163,-0.002356886863708496,-9.340312004089355
69426308000,0.0,0.0,-0.0,-2.999112844467163,-0.002356886863708496,-9.340312004089355
69433099000,0.0,0.0,-0.0,-2.999112844467163,-0.002356886863708496,-9.340312004089355
69440063000,0.0,0.0,-0.0,-2.999112844467163,-0.002356886863708496,-9.340312004089355
69453926000,0.0,0.0,-0.0,-2.999112844467163,-0.002356886863708496,-9.340312004089355
69460948000,0.0,0.0,-0.0,-2.999112844467163,-0.002356886863708496,-9.340312004089355
69467874000,0.0,0.0,-0.0,-2.999112844467163,-0.002356886863708496,-9.340312004089355
69474919000,0.0,0.0,-0.0,-2.999112844467163,-0.002356886863708496,-9.340312004089355
69481751000,0.0,0.0,-0.0,-2.999112844467163,-0.002356886863708496,-9.340312004089355
69495721000,0.0,0.0,-0.0,-2.999112844467163,-0.002356886863708496,-9.340312004089355
69502574000,0.0,0.0,-0.0,-2.999112844467163,-0.002356886863708496,-9.340312004089355
69509593000,0.0,0.0,-0.0,-2.999112844467163,-0.002356886863708496,-9.340312004089355
69516481000,0.0,0.0,-0.0,-2.999112844467163,-0.002356886863708496,-9.340312004089355
69530384000,0.0,0.0,-0.0,-2.999112844467163,-0.002356886863708496,-9.340312004089355
69537305000,0.0,0.0,-0.0,-2.999112844467163,-0.002356886863708496,-9.340312004089355
69544326000,0.0,0.0,-0.0,-2.999112844467163,-0.002356886863708496,-9.340312004089355
69551204000,0.0,0.0,-0.0,-2.999112844467163,-0.002356886863708496,-9.340312004089355
69558438000,0.0,0.0,-0.0,-2.999112844467163,-0.002356886863708496,-9.340312004089355
69572045000,0.0,0.0,-0.0,-2.999112844467163,-0.002356886863708496,-9.340312004089355
69579000000,0.0,0.0,-0.0,-2.999112844467163,-0.002356886863708496,-9.340312004089355
69585907000,0.0,0.0,-0.0,-2.999112844467163,-0.002356886863708496,-9.340312004089355
69592921000,0.0,0.0,-0.0,-2.999112844467163,-0.002356886863708496,-9.340312004089355
69599806000,0.0,0.0,-0.0,-2.999112844467163,-0.002356886863708496,-9.340312004089355
69613720000,0.0,0.0,-0.0,-2.999112844467163,-0.002356886863708496,-9.340312004089355
69620639000,0.0,0.0,-0.0,-2.999112844467163,-0.002356886863708496,-9.340312004089355
69627680000,0.0,0.0,-0.0,-2.999112844467163,-0.002356886863708496,-9.340312004089355
69634529000,0.0,0.0,-0.0,-2.999112844467163,-0.002356886863708496,-9.340312004089355
69641540000,0.0,0.0,-0.0,-2.999112844467163,-0.002356886863708496,-9.340312004089355
69655359000,0.0,0.0,-0.0,-2.999112844467163,-0.002356886863708496,-9.340312004089355
69662342000,0.0,0.0,-0.0,-2.999112844467163,-0.002356886863708496,-9.340312004089355
69669281000,0.0,0.0,-0.0,-2.999112844467163,-0.002356886863708496,-9.340312004089355
69676231000,0.0,0.0,-0.0,-2.999112844467163,-0.002356886863708496,-9.340312004089355
69683176000,0.0,0.0,-0.0,-2.999112844467163,-0.002356886863708496,-9.340312004089355
69697070000,0.0,0.0,-0.0,-2.999112844467163,-0.002356886863708496,-9.340312004089355
69703971000,0.0,0.0,-0.0,-2.999112844467163,-0.002356886863708496,-9.340312004089355
69710964000,0.0,0.0,-0.0,-2.999112844467163,-0.002356886863708496,-9.340312004089355
69717901000,0.0,0.0,-0.0,-2.999112844467163,-0.002356886863708496,-9.340312004089355
69724917000,0.0,0.0,-0.0,-2.999112844467163,-0.002356886863708496,-9.340312004089355
69738693000,0.0,0.0,-0.0,-2.999112844467163,-0.002356886863708496,-9.340312004089355
69745680000,0.0,0.0,-0.0,-2.999112844467163,-0.002356886863708496,-9.340312004089355
69752589000,0.0,0.0,-0.0,-2.999112844467163,-0.002356886863708496,-9.340312004089355
69759619000,0.0,0.0,-0.0,-2.999112844467163,-0.002356886863708496,-9.340312004089355
69766492000,0.0,0.0,-0.0,-2.999112844467163,-0.002356886863708496,-9.340312004089355
69780472000,0.0,0.0,-0.0,-2.999112844467163,-0.002356886863708496,-9.340312004089355
69787312000,0.0,0.0,-0.0,-2.999112844467163,-0.002356886863708496,-9.340312004089355
69794322000,0.0,0.0,-0.0,-2.999112844467163,-0.002356886863708496,-9.340312004089355
69801209000,0.0,0.0,-0.0,-2.999112844467163,-0.002356886863708496,-9.340312004089355
69815120000,0.0,0.0,-0.0,-2.999112844467163,-0.002356886863708496,-9.340312004089355
69822031000,0.0,0.0,-0.0,-2.999112844467163,-0.002356886863708496,-9.340312004089355
69829071000,0.0,0.0,-0.0,-2.999112844467163,-0.002356886863708496,-9.340312004089355
69835980000,0.0,0.0,-0.0,-2.999112844467163,-0.002356886863708496,-9.340312004089355
69849853000,0.0,0.0,-0.0,-2.999112844467163,-0.002356886863708496,-9.340312004089355
69856756000,0.0,0.0,-0.0,-2.999112844467163,-0.002356886863708496,-9.340312004089355
69863786000,0.0,0.0,-0.0,-2.999112844467163,-0.002356886863708496,-9.340312004089355
69870680000,0.0,0.0,-0.0,-2.999112844467163,-0.002356886863708496,-9.340312004089355
69877668000,0.0,0.0,-0.0,-2.999112844467163,-0.002356886863708496,-9.340312004089355
69884534000,0.0,0.0,-0.0,-2.999112844467163,-0.002356886863708496,-9.340312004089355
69898627000,0.0,0.0,-0.0,-2.999112844467163,-0.002356886863708496,-9.340312004089355
69905567000,0.0,0.0,-0.0,-2.999112844467163,-0.002356886863708496,-9.340312004089355
69912549000,0.0,0.0,-0.0,-2.999112844467163,-0.002356886863708496,-9.340312004089355
69919446000,0.0,0.0,-0.0,-2.999112844467163,-0.002356886863708496,-9.340312004089355
69933366000,0.0,0.0,-0.0,-2.999112844467163,-0.002356886863708496,-9.340312004089355
69940351000,0.0,0.0,-0.0,-2.999112844467163,-0.002356886863708496,-9.340312004089355
69947262000,0.0,0.0,-0.0,-2.999112844467163,-0.002356886863708496,-9.340312004089355
69954168000,0.0,0.0,-0.0,-2.999112844467163,-0.002356886863708496,-9.340312004089355
69961329000,0.0,0.0,-0.0,-2.999112844467163,-0.002356886863708496,-9.340312004089355
69975057000,0.0,0.0,-0.0,-2.999112844467163,-0.002356886863708496,-9.340312004089355
69981969000,0.0,0.0,-0.0,-2.999112844467163,-0.002356886863708496,-9.340312004089355
69988927000,0.0,0.0,-0.0,-2.999112844467163,-0.002356886863708496,-9.340312004089355
69995886000,0.0,0.0,-0.0,-2.999112844467163,-0.002356886863708496,-9.340312004089355
70009918000,0.0,0.0,-0.0,-2.999112844467163,-0.002356886863708496,-9.340312004089355
70016739000,0.0,0.0,-0.0,-2.999112844467163,-0.002356886863708496,-9.340312004089355
70023722000,0.0,0.0,-0.0,-2.999112844467163,-0.002356886863708496,-9.340312004089355
70030658000,0.0,0.0,-0.0,-2.999112844467163,-0.002356886863708496,-9.340312004089355
70037565000,0.0,0.0,-0.0,-2.999112844467163,-0.002356886863708496,-9.340312004089355
70051452000,0.0,0.0,-0.0,-2.999112844467163,-0.002356886863708496,-9.340312004089355
70058480000,0.0,0.0,-0.0,-2.999112844467163,-0.002356886863708496,-9.340312004089355
70065356000,0.0,0.0,-0.0,-2.999112844467163,-0.002356886863708496,-9.340312004089355
70072325000,0.0,0.0,-0.0,-2.999112844467163,-0.002356886863708496,-9.340312004089355
70079342000,0.0,0.0,-0.0,-2.999112844467163,-0.002356886863708496,-9.340312004089355
70093168000,0.0,0.0,-0.0,-2.999112844467163,-0.002356886863708496,-9.340312004089355
70100109000,0.0,0.0,-0.0,-2.999112844467163,-0.002356886863708496,-9.340312004089355
70107052000,0.0,0.0,-0.0,-2.999112844467163,-0.002356886863708496,-9.340312004089355
70113989000,0.0,0.0,-0.0,-2.999112844467163,-0.002356886863708496,-9.340312004089355
70120905000,0.0,0.0,-0.0,-2.999112844467163,-0.002356886863708496,-9.340312004089355
70134795000,0.0,0.0,-0.0,-2.999112844467163,-0.002356886863708496,-9.340312004089355
70141795000,0.0,0.0,-0.0,-2.999112844467163,-0.002356886863708496,-9.340312004089355
70148715000,0.0,0.0,-0.0,-2.999112844467163,-0.002356886863708496,-9.340312004089355
70155620000,0.0,0.0,-0.0,-2.999112844467163,-0.002356886863708496,-9.340312004089355
70162614000,0.0,0.0,-0.0,-2.999112844467163,-0.002356886863708496,-9.340312004089355
70176491000,0.0,0.0,-0.0,-2.999112844467163,-0.002356886863708496,-9.340312004089355
70183427000,0.0,0.0,-0.0,-2.999112844467163,-0.002356886863708496,-9.340312004089355
70190358000,0.0,0.0,-0.0,-2.999112844467163,-0.002356886863708496,-9.340312004089355
70197361000,0.0,0.0,-0.0,-2.999112844467163,-0.002356886863708496,-9.340312004089355
70204240000,0.0,0.0,-0.0,-2.999112844467163,-0.002356886863708496,-9.340312004089355
70218162000,0.0,0.0,-0.0,-2.999112844467163,-0.002356886863708496,-9.340312004089355
70225160000,0.0,0.0,-0.0,-2.999112844467163,-0.002356886863708496,-9.340312004089355
70232031000,0.0,0.0,-0.0,-2.999112844467163,-0.002356886863708496,-9.340312004089355
70238965000,0.0,0.0,-0.0,-2.999112844467163,-0.002356886863708496,-9.340312004089355
70252889000,0.0,0.0,-0.0,-2.999112844467163,-0.002356886863708496,-9.340312004089355
70259882000,0.0,0.0,-0.0,-2.999112844467163,-0.002356886863708496,-9.340312004089355
70266746000,0.0,0.0,-0.0,-2.999112844467163,-0.002356886863708496,-9.340312004089355
70273727000,0.0,0.0,-0.0,-2.999112844467163,-0.002356886863708496,-9.340312004089355
70280657000,0.0,0.0,-0.0,-2.999112844467163,-0.002356886863708496,-9.340312004089355
70294591000,0.0,0.0,-0.0,-2.999112844467163,-0.002356886863708496,-9.340312004089355
70301469000,0.0,0.0,-0.0,-2.999112844467163,-0.002356886863708496,-9.340312004089355
70308536000,0.0,0.0,-0.0,-2.999112844467163,-0.002356886863708496,-9.340312004089355
70315422000,0.0,0.0,-0.0,-2.999112844467163,-0.002356886863708496,-9.340312004089355
70322320000,0.0,0.0,-0.0,-2.999112844467163,-0.002356886863708496,-9.340312004089355
70336191000,0.0,0.0,-0.0,-2.999112844467163,-0.002356886863708496,-9.340312004089355
70343209000,0.0,0.0,-0.0,-2.999112844467163,-0.002356886863708496,-9.340312004089355
70350122000,0.0,0.0,-0.0,-2.999112844467163,-0.002356886863708496,-9.340312004089355
70357044000,0.0,0.0,-0.0,-2.999112844467163,-0.002356886863708496,-9.340312004089355
70364004000,0.0,0.0,-0.0,-2.999112844467163,-0.002356886863708496,-9.340312004089355
70377891000,0.0,0.0,-0.0,-2.999112844467163,-0.002356886863708496,-9.340312004089355
70384829000,0.0,0.0,-0.0,-2.999112844467163,-0.002356886863708496,-9.340312004089355
70391850000,0.0,0.0,-0.0,-2.999112844467163,-0.002356886863708496,-9.340312004089355
70398694000,0.0,0.0,-0.0,-2.999112844467163,-0.002356886863708496,-9.340312004089355
70412607000,0.0,0.0,-0.0,-2.999112844467163,-0.002356886863708496,-9.340312004089355
70419532000,0.0,0.0,-0.0,-2.999112844467163,-0.002356886863708496,-9.340312004089355
70426530000,0.0,0.0,-0.0,-2.999112844467163,-0.002356886863708496,-9.340312004089355
70433470000,0.0,0.0,-0.0,-2.999112844467163,-0.002356886863708496,-9.340312004089355
70440357000,0.0,0.0,-0.0,-2.999112844467163,-0.002356886863708496,-9.340312004089355
70454276000,0.0,0.0,-0.0,-2.999112844467163,-0.002356886863708496,-9.340312004089355
70461281000,0.0,0.0,-0.0,-2.999112844467163,-0.002356886863708496,-9.340312004089355
70468146000,0.0,0.0,-0.0,-2.999112844467163,-0.002356886863708496,-9.340312004089355
70475260000,0.0,0.0,-0.0,-2.999112844467163,-0.002356886863708496,-9.340312004089355
70482117000,0.0,0.0,-0.0,-2.999112844467163,-0.002356886863708496,-9.340312004089355
70489059000,0.0,0.0,-0.0,-2.999112844467163,-0.002356886863708496,-9.340312004089355
70502979000,0.0,0.0,-0.0,-2.999112844467163,-0.002356886863708496,-9.340312004089355
70509985000,0.0,0.0,-0.0,-2.999112844467163,-0.002356886863708496,-9.340312004089355
70516858000,0.0,0.0,-0.0,-2.999112844467163,-0.002356886863708496,-9.340312004089355
70523808000,0.0,0.0,-0.0,-2.999112844467163,-0.002356886863708496,-9.340312004089355
70537654000,0.0,0.0,-0.0,-2.999112844467163,-0.002356886863708496,-9.340312004089355
70544702000,0.0,0.0,-0.0,-2.999112844467163,-0.002356886863708496,-9.340312004089355
70551824000,0.0,0.0,-0.0,-2.999112844467163,-0.002356886863708496,-9.340312004089355
70558932000,0.0,0.0,-0.0,-2.999112844467163,-0.002356886863708496,-9.340312004089355
70565878000,0.0,0.0,-0.0,-2.999112844467163,-0.002356886863708496,-9.340312004089355
70581042000,0.0,0.0,-0.0,-2.999112844467163,-0.002356886863708496,-9.340312004089355
70588196000,0.0,0.0,-0.0,-2.999112844467163,-0.002356886863708496,-9.340312004089355
70595264000,0.0,0.0,-0.0,-2.999112844467163,-0.002356886863708496,-9.340312004089355
70602547000,0.0,0.0,-0.0,-2.999112844467163,-0.002356886863708496,-9.340312004089355
70609502000,0.0,0.0,-0.0,-2.999112844467163,-0.002356886863708496,-9.340312004089355
70616744000,0.0,0.0,-0.0,-2.999112844467163,-0.002356886863708496,-9.340312004089355
70630959000,0.0,0.0,-0.0,-2.999112844467163,-0.002356886863708496,-9.340312004089355
70638197000,0.0,0.0,-0.0,-2.999112844467163,-0.002356886863708496,-9.340312004089355
70645154000,0.0,0.0,-0.0,-2.999112844467163,-0.002356886863708496,-9.340312004089355
70652255000,0.0,0.0,-0.0,-2.999112844467163,-0.002356886863708496,-9.340312004089355
70659150000,0.0,0.0,-0.0,-2.999112844467163,-0.002356886863708496,-9.340312004089355
70673039000,0.0,0.0,-0.0,-2.999112844467163,-0.002356886863708496,-9.340312004089355
70680202000,0.0,0.0,-0.0,-2.999112844467163,-0.002356886863708496,-9.340312004089355
70687208000,0.0,0.0,-0.0,-2.999112844467163,-0.002356886863708496,-9.340312004089355
70694059000,0.0,0.0,-0.0,-2.999112844467163,-0.002356886863708496,-9.340312004089355
70700912000,0.0,0.0,-0.0,-2.999112844467163,-0.002356886863708496,-9.340312004089355
70714832000,0.0,0.0,-0.0,-2.999112844467163,-0.002356886863708496,-9.340312004089355
70721698000,0.0,0.0,-0.0,-2.999112844467163,-0.002356886863708496,-9.340312004089355
70728691000,0.0,0.0,-0.0,-2.999112844467163,-0.002356886863708496,-9.340312004089355
70735646000,0.0,0.0,-0.0,-2.999112844467163,-0.002356886863708496,-9.340312004089355
70749605000,0.0,0.0,-0.0,-2.999112844467163,-0.002356886863708496,-9.340312004089355
70756492000,0.0,0.0,-0.0,-2.999112844467163,-0.002356886863708496,-9.340312004089355
70763425000,0.0,0.0,-0.0,-2.999112844467163,-0.002356886863708496,-9.340312004089355
70770417000,0.0,0.0,-0.0,-2.999112844467163,-0.002356886863708496,-9.340312004089355
70784242000,0.0,0.0,-0.0,-2.999112844467163,-0.002356886863708496,-9.340312004089355
70791180000,0.0,0.0,-0.0,-2.999112844467163,-0.002356886863708496,-9.340312004089355
70798134000,0.0,0.0,-0.0,-2.999112844467163,-0.002356886863708496,-9.340312004089355
70805096000,0.0,0.0,-0.0,-2.999112844467163,-0.002356886863708496,-9.340312004089355
70812013000,0.0,0.0,-0.0,-2.999112844467163,-0.002356886863708496,-9.340312004089355
70825868000,0.0,0.0,-0.0,-2.999112844467163,-0.002356886863708496,-9.340312004089355
70832878000,0.0,0.0,-0.0,-2.999112844467163,-0.002356886863708496,-9.340312004089355
70839783000,0.0,0.0,-0.0,-2.999112844467163,-0.002356886863708496,-9.340312004089355
70846736000,0.0,0.0,-0.0,-2.999112844467163,-0.002356886863708496,-9.340312004089355
70853707000,0.0,0.0,-0.0,-2.999112844467163,-0.002356886863708496,-9.340312004089355
70867568000,0.0,0.0,-0.0,-2.999112844467163,-0.002356886863708496,-9.340312004089355
70874521000,0.0,0.0,-0.0,-2.999112844467163,-0.002356886863708496,-9.340312004089355
70881494000,0.0,0.0,-0.0,-2.999112844467163,-0.002356886863708496,-9.340312004089355
70888413000,0.0,0.0,-0.0,-2.999112844467163,-0.002356886863708496,-9.340312004089355
70902301000,0.0,0.0,-0.0,-2.999112844467163,-0.002356886863708496,-9.340312004089355
70909287000,0.0,0.0,-0.0,-2.999112844467163,-0.002356886863708496,-9.340312004089355
70916216000,0.0,0.0,-0.0,-2.999112844467163,-0.002356886863708496,-9.340312004089355
70923142000,0.0,0.0,-0.0,-2.999112844467163,-0.002356886863708496,-9.340312004089355
70930149000,0.0,0.0,-0.0,-2.999112844467163,-0.002356886863708496,-9.340312004089355
70944065000,0.0,0.0,-0.0,-2.999112844467163,-0.002356886863708496,-9.340312004089355
70950933000,0.0,0.0,-0.0,-2.999112844467163,-0.002356886863708496,-9.340312004089355
70957893000,0.0,0.0,-0.0,-2.999112844467163,-0.002356886863708496,-9.340312004089355
70964884000,0.0,0.0,-0.0,-2.999112844467163,-0.002356886863708496,-9.340312004089355
70971781000,0.0,0.0,-0.0,-2.999112844467163,-0.002356886863708496,-9.340312004089355
70985670000,0.0,0.0,-0.0,-2.999112844467163,-0.002356886863708496,-9.340312004089355
70992624000,0.0,0.0,-0.0,-2.999112844467163,-0.002356886863708496,-9.340312004089355
70999713000,0.0,0.0,-0.0,-2.999112844467163,-0.002356886863708496,-9.340312004089355
71006496000,0.0,0.0,-0.0,-2.999112844467163,-0.002356886863708496,-9.340312004089355
71020375000,0.0,0.0,-0.0,-2.999112844467163,-0.002356886863708496,-9.340312004089355
71027442000,0.0,0.0,-0.0,-2.999112844467163,-0.002356886863708496,-9.340312004089355
71034349000,0.0,0.0,-0.0,-2.999112844467163,-0.002356886863708496,-9.340312004089355
71041202000,0.0,0.0,-0.0,-2.999112844467163,-0.002356886863708496,-9.340312004089355
71048268000,0.0,0.0,-0.0,-2.999112844467163,-0.002356886863708496,-9.340312004089355
71062257000,0.0,0.0,-0.0,-2.999112844467163,-0.002356886863708496,-9.340312004089355
71069060000,0.0,0.0,-0.0,-2.999112844467163,-0.002356886863708496,-9.340312004089355
71075951000,0.0,0.0,-0.0,-2.999112844467163,-0.002356886863708496,-9.340312004089355
71082993000,0.0,0.0,-0.0,-2.999112844467163,-0.002356886863708496,-9.340312004089355
71096868000,0.0,0.0,-0.0,-2.999112844467163,-0.002356886863708496,-9.340312004089355
71103793000,0.0,0.0,-0.0,-2.999112844467163,-0.002356886863708496,-9.340312004089355
71110754000,0.0,0.0,-0.0,-2.999112844467163,-0.002356886863708496,-9.340312004089355
71117635000,0.0,0.0,-0.0,-2.999112844467163,-0.002356886863708496,-9.340312004089355
71124572000,0.0,0.0,-0.0,-2.999112844467163,-0.002356886863708496,-9.340312004089355
71131578000,0.0,0.0,-0.0,-2.999112844467163,-0.002356886863708496,-9.340312004089355
71145446000,0.0,0.0,-0.0,-2.999112844467163,-0.002356886863708496,-9.340312004089355
71152352000,0.0,0.0,-0.0,-2.999112844467163,-0.002356886863708496,-9.340312004089355
71159317000,0.0,0.0,-0.0,-2.999112844467163,-0.002356886863708496,-9.340312004089355
71166305000,0.0,0.0,-0.0,-2.999112844467163,-0.002356886863708496,-9.340312004089355
71180198000,0.0,0.0,-0.0,-2.999112844467163,-0.002356886863708496,-9.340312004089355
71187069000,0.0,0.0,-0.0,-2.999112844467163,-0.002356886863708496,-9.340312004089355
71194074000,0.0,0.0,-0.0,-2.999112844467163,-0.002356886863708496,-9.340312004089355
71201015000,0.0,0.0,-0.0,-2.999112844467163,-0.002356886863708496,-9.340312004089355
71214948000,0.0,0.0,-0.0,-2.999112844467163,-0.002356886863708496,-9.340312004089355
71221779000,0.0,0.0,-0.0,-2.999112844467163,-0.002356886863708496,-9.340312004089355
71228802000,0.0,0.0,-0.0,-2.999112844467163,-0.002356886863708496,-9.340312004089355
71235672000,0.0,0.0,-0.0,-2.999112844467163,-0.002356886863708496,-9.340312004089355
71242669000,0.0,0.0,-0.0,-2.999112844467163,-0.002356886863708496,-9.340312004089355
71256502000,0.0,0.0,-0.0,-2.999112844467163,-0.002356886863708496,-9.340312004089355
71263557000,0.0,0.0,-0.0,-2.999112844467163,-0.002356886863708496,-9.340312004089355
71270446000,0.0,0.0,-0.0,-2.999112844467163,-0.002356886863708496,-9.340312004089355
71277411000,0.0,0.0,-0.0,-2.999112844467163,-0.002356886863708496,-9.340312004089355
71291229000,0.0,0.0,-0.0,-2.999112844467163,-0.002356886863708496,-9.340312004089355
71298283000,0.0,0.0,-0.0,-2.999112844467163,-0.002356886863708496,-9.340312004089355
71305136000,0.0,0.0,-0.0,-2.999112844467163,-0.002356886863708496,-9.340312004089355
71312168000,0.0,0.0,-0.0,-2.999112844467163,-0.002356886863708496,-9.340312004089355
71319045000,0.0,0.0,-0.0,-2.999112844467163,-0.002356886863708496,-9.340312004089355
71333003000,0.0,0.0,-0.0,-2.999112844467163,-0.002356886863708496,-9.340312004089355
71339901000,0.0,0.0,-0.0,-2.999112844467163,-0.002356886863708496,-9.340312004089355
71346827000,0.0,0.0,-0.0,-2.999112844467163,-0.002356886863708496,-9.340312004089355
71353803000,0.0,0.0,-0.0,-2.999112844467163,-0.002356886863708496,-9.340312004089355
71367650000,0.0,0.0,-0.0,-2.999112844467163,-0.002356886863708496,-9.340312004089355
71374586000,0.0,0.0,-0.0,-2.999112844467163,-0.002356886863708496,-9.340312004089355
71381557000,0.0,0.0,-0.0,-2.999112844467163,-0.002356886863708496,-9.340312004089355
71388499000,0.0,0.0,-0.0,-2.999112844467163,-0.002356886863708496,-9.340312004089355
71402392000,0.0,0.0,-0.0,-2.999112844467163,-0.002356886863708496,-9.340312004089355
71409339000,0.0,0.0,-0.0,-2.999112844467163,-0.002356886863708496,-9.340312004089355
71416280000,0.0,0.0,-0.0,-2.999112844467163,-0.002356886863708496,-9.340312004089355
71423209000,0.0,0.0,-0.0,-2.999112844467163,-0.002356886863708496,-9.340312004089355
71430215000,0.0,0.0,-0.0,-2.999112844467163,-0.002356886863708496,-9.340312004089355
71444095000,0.0,0.0,-0.0,-2.999112844467163,-0.002356886863708496,-9.340312004089355
71451005000,0.0,0.0,-0.0,-2.999112844467163,-0.002356886863708496,-9.340312004089355
71457988000,0.0,0.0,-0.0,-2.999112844467163,-0.002356886863708496,-9.340312004089355
71464973000,0.0,0.0,-0.0,-2.999112844467163,-0.002356886863708496,-9.340312004089355
71478828000,0.0,0.0,-0.0,-2.999112844467163,-0.002356886863708496,-9.340312004089355
71485741000,0.0,0.0,-0.0,-2.999112844467163,-0.002356886863708496,-9.340312004089355
71492704000,0.0,0.0,-0.0,-2.999112844467163,-0.002356886863708496,-9.340312004089355
71499687000,0.0,0.0,-0.0,-2.999112844467163,-0.002356886863708496,-9.340312004089355
71506536000,0.0,0.0,-0.0,-2.999112844467163,-0.002356886863708496,-9.340312004089355
71520434000,0.0,0.0,-0.0,-2.999112844467163,-0.002356886863708496,-9.340312004089355
71527490000,0.0,0.0,-0.0,-2.999112844467163,-0.002356886863708496,-9.340312004089355
71534321000,0.0,0.0,-0.0,-2.999112844467163,-0.002356886863708496,-9.340312004089355
71541262000,0.0,0.0,-0.0,-2.999112844467163,-0.002356886863708496,-9.340312004089355
71555139000,0.0,0.0,-0.0,-2.999112844467163,-0.002356886863708496,-9.340312004089355
71562254000,0.0,0.0,-0.0,-2.999112844467163,-0.002356886863708496,-9.340312004089355
71569108000,0.0,0.0,-0.0,-2.999112844467163,-0.002356886863708496,-9.340312004089355
71576025000,0.0,0.0,-0.0,-2.999112844467163,-0.002356886863708496,-9.340312004089355
71589904000,0.0,0.0,-0.0,-2.999112844467163,-0.002356886863708496,-9.340312004089355
71596882000,0.0,0.0,-0.0,-2.999112844467163,-0.002356886863708496,-9.340312004089355
71603822000,0.0,0.0,-0.0,-2.999112844467163,-0.002356886863708496,-9.340312004089355
71610772000,0.0,0.0,-0.0,-2.999112844467163,-0.002356886863708496,-9.340312004089355
71617662000,0.0,0.0,-0.0,-2.999112844467163,-0.002356886863708496,-9.340312004089355
71624578000,0.0,0.0,-0.0,-2.999112844467163,-0.002356886863708496,-9.340312004089355
71638519000,0.0,0.0,-0.0,-2.999112844467163,-0.002356886863708496,-9.340312004089355
71645479000,0.0,0.0,-0.0,-2.999112844467163,-0.002356886863708496,-9.340312004089355
71652373000,0.0,0.0,-0.0,-2.999112844467163,-0.002356886863708496,-9.340312004089355
71659374000,0.0,0.0,-0.0,-2.999112844467163,-0.002356886863708496,-9.340312004089355
71673209000,0.0,0.0,-0.0,-2.999112844467163,-0.002356886863708496,-9.340312004089355
71680203000,0.0,0.0,-0.0,-2.999112844467163,-0.002356886863708496,-9.340312004089355
71687146000,0.0,0.0,-0.0,-2.999112844467163,-0.002356886863708496,-9.340312004089355
71694089000,0.0,0.0,-0.0,-2.999112844467163,-0.002356886863708496,-9.340312004089355
71707909000,0.0,0.0,-0.0,-2.999112844467163,-0.002356886863708496,-9.340312004089355
71714923000,0.0,0.0,-0.0,-2.999112844467163,-0.002356886863708496,-9.340312004089355
71721873000,0.0,0.0,-0.0,-2.999112844467163,-0.002356886863708496,-9.340312004089355
71728826000,0.0,0.0,-0.0,-2.999112844467163,-0.002356886863708496,-9.340312004089355
71742677000,0.0,0.0,-0.0,-2.999112844467163,-0.002356886863708496,-9.340312004089355
71749610000,0.0,0.0,-0.0,-2.999112844467163,-0.002356886863708496,-9.340312004089355
71756548000,0.0,0.0,-0.0,-2.999112844467163,-0.002356886863708496,-9.340312004089355
71763560000,0.0,0.0,-0.0,-2.999112844467163,-0.002356886863708496,-9.340312004089355
71777410000,0.0,0.0,-0.0,-2.999112844467163,-0.002356886863708496,-9.340312004089355
71784327000,0.0,0.0,-0.0,-2.999112844467163,-0.002356886863708496,-9.340312004089355
71791252000,0.0,0.0,-0.0,-2.999112844467163,-0.002356886863708496,-9.340312004089355
71798251000,0.0,0.0,-0.0,-2.999112844467163,-0.002356886863708496,-9.340312004089355
71805156000,0.0,0.0,-0.0,-2.999112844467163,-0.002356886863708496,-9.340312004089355
71812192000,0.0,0.0,-0.0,-2.999112844467163,-0.002356886863708496,-9.340312004089355
71826027000,0.0,0.0,-0.0,-2.999112844467163,-0.002356886863708496,-9.340312004089355
71832949000,0.0,0.0,-0.0,-2.999112844467163,-0.002356886863708496,-9.340312004089355
71839882000,0.0,0.0,-0.0,-2.999112844467163,-0.002356886863708496,-9.340312004089355
71846856000,0.0,0.0,-0.0,-2.999112844467163,-0.002356886863708496,-9.340312004089355
71860811000,0.0,0.0,-0.0,-2.999112844467163,-0.002356886863708496,-9.340312004089355
71867690000,0.0,0.0,-0.0,-2.999112844467163,-0.002356886863708496,-9.340312004089355
71874659000,0.0,0.0,-0.0,-2.999112844467163,-0.002356886863708496,-9.340312004089355
71881599000,0.0,0.0,-0.0,-2.999112844467163,-0.002356886863708496,-9.340312004089355
71895518000,0.0,0.0,-0.0,-2.999112844467163,-0.002356886863708496,-9.340312004089355
71902467000,0.0,0.0,-0.0,-2.999112844467163,-0.002356886863708496,-9.340312004089355
71909393000,0.0,0.0,-0.0,-2.999112844467163,-0.002356886863708496,-9.340312004089355
71916367000,0.0,0.0,-0.0,-2.999112844467163,-0.002356886863708496,-9.340312004089355
71930212000,0.0,0.0,-0.0,-2.999112844467163,-0.002356886863708496,-9.340312004089355
71937140000,0.0,0.0,-0.0,-2.999112844467163,-0.002356886863708496,-9.340312004089355
71944095000,0.0,0.0,-0.0,-2.999112844467163,-0.002356886863708496,-9.340312004089355
71951094000,0.0,0.0,-0.0,-2.999112844467163,-0.002356886863708496,-9.340312004089355
71957951000,0.0,0.0,-0.0,-2.999112844467163,-0.002356886863708496,-9.340312004089355
71971896000,0.0,0.0,-0.0,-2.999112844467163,-0.002356886863708496,-9.340312004089355
71978891000,0.0,0.0,-0.0,-2.999112844467163,-0.002356886863708496,-9.340312004089355
71985774000,0.0,0.0,-0.0,-2.999112844467163,-0.002356886863708496,-9.340312004089355
71992733000,0.0,0.0,-0.0,-2.999112844467163,-0.002356886863708496,-9.340312004089355
71999659000,0.0,0.0,-0.0,-2.999112844467163,-0.002356886863708496,-9.340312004089355
72013603000,0.0,0.0,-0.0,-2.999112844467163,-0.002356886863708496,-9.340312004089355
72020459000,0.0,0.0,-0.0,-2.999112844467163,-0.002356886863708496,-9.340312004089355
72027472000,0.0,0.0,-0.0,-2.999112844467163,-0.002356886863708496,-9.340312004089355
72034361000,0.0,0.0,-0.0,-2.999112844467163,-0.002356886863708496,-9.340312004089355
72048276000,0.0,0.0,-0.0,-2.999112844467163,-0.002356886863708496,-9.340312004089355
72055228000,0.0,0.0,-0.0,-2.999112844467163,-0.002356886863708496,-9.340312004089355
72062210000,0.0,0.0,-0.0,-2.999112844467163,-0.002356886863708496,-9.340312004089355
72069111000,0.0,0.0,-0.0,-2.999112844467163,-0.002356886863708496,-9.340312004089355
72083039000,0.0,0.0,-0.0,-2.999112844467163,-0.002356886863708496,-9.340312004089355
72089951000,0.0,0.0,-0.0,-2.999112844467163,-0.002356886863708496,-9.340312004089355
72097013000,0.0,0.0,-0.0,-2.999112844467163,-0.002356886863708496,-9.340312004089355
72103807000,0.0,0.0,-0.0,-2.999112844467163,-0.002356886863708496,-9.340312004089355
72110802000,0.0,0.0,-0.0,-2.999112844467163,-0.002356886863708496,-9.340312004089355
72124710000,0.0,0.0,-0.0,-2.999112844467163,-0.002356886863708496,-9.340312004089355
72131685000,0.0,0.0,-0.0,-2.999112844467163,-0.002356886863708496,-9.340312004089355
72138606000,0.0,0.0,-0.0,-2.999112844467163,-0.002356886863708496,-9.340312004089355
72145603000,0.0,0.0,-0.0,-2.999112844467163,-0.002356886863708496,-9.340312004089355
72152507000,0.0,0.0,-0.0,-2.999112844467163,-0.002356886863708496,-9.340312004089355
72166440000,0.0,0.0,-0.0,-2.999112844467163,-0.002356886863708496,-9.340312004089355
72173326000,0.0,0.0,-0.0,-2.999112844467163,-0.002356886863708496,-9.340312004089355
72180296000,0.0,0.0,-0.0,-2.999112844467163,-0.002356886863708496,-9.340312004089355
72187263000,0.0,0.0,-0.0,-2.999112844467163,-0.002356886863708496,-9.340312004089355
72201156000,0.0,0.0,-0.0,-2.999112844467163,-0.002356886863708496,-9.340312004089355
72208063000,0.0,0.0,-0.0,-2.999112844467163,-0.002356886863708496,-9.340312004089355
72215077000,0.0,0.0,-0.0,-2.999112844467163,-0.002356886863708496,-9.340312004089355
72221932000,0.0,0.0,-0.0,-2.999112844467163,-0.002356886863708496,-9.340312004089355
72228947000,0.0,0.0,-0.0,-2.999112844467163,-0.002356886863708496,-9.340312004089355
72242761000,0.0,0.0,-0.0,-2.999112844467163,-0.002356886863708496,-9.340312004089355
72249771000,0.0,0.0,-0.0,-2.999112844467163,-0.002356886863708496,-9.340312004089355
72256731000,0.0,0.0,-0.0,-2.999112844467163,-0.002356886863708496,-9.340312004089355
72263604000,0.0,0.0,-0.0,-2.999112844467163,-0.002356886863708496,-9.340312004089355
72270528000,0.0,0.0,-0.0,-2.999112844467163,-0.002356886863708496,-9.340312004089355
72284450000,0.0,0.0,-0.0,-2.999112844467163,-0.002356886863708496,-9.340312004089355
72291403000,0.0,0.0,-0.0,-2.999112844467163,-0.002356886863708496,-9.340312004089355
72298347000,0.0,0.0,-0.0,-2.999112844467163,-0.002356886863708496,-9.340312004089355
72305272000,0.0,0.0,-0.0,-2.999112844467163,-0.002356886863708496,-9.340312004089355
72319185000,0.0,0.0,-0.0,-2.999112844467163,-0.002356886863708496,-9.340312004089355
72326097000,0.0,0.0,-0.0,-2.999112844467163,-0.002356886863708496,-9.340312004089355
72333065000,0.0,0.0,-0.0,-2.999112844467163,-0.002356886863708496,-9.340312004089355
72339996000,0.0,0.0,-0.0,-2.999112844467163,-0.002356886863708496,-9.340312004089355
72353905000,0.0,0.0,-0.0,-2.999112844467163,-0.002356886863708496,-9.340312004089355
72360846000,0.0,0.0,-0.0,-2.999112844467163,-0.002356886863708496,-9.340312004089355
72367861000,0.0,0.0,-0.0,-2.999112844467163,-0.002356886863708496,-9.340312004089355
72374713000,0.0,0.0,-0.0,-2.999112844467163,-0.002356886863708496,-9.340312004089355
72388665000,0.0,0.0,-0.0,-2.999112844467163,-0.002356886863708496,-9.340312004089355
72395737000,0.0,0.0,-0.0,-2.999112844467163,-0.002356886863708496,-9.340312004089355
72402545000,0.0,0.0,-0.0,-2.999112844467163,-0.002356886863708496,-9.340312004089355
72409417000,0.0,0.0,-0.0,-2.999112844467163,-0.002356886863708496,-9.340312004089355
72416448000,0.0,0.0,-0.0,-2.999112844467163,-0.002356886863708496,-9.340312004089355
72430408000,0.0,0.0,-0.0,-2.999112844467163,-0.002356886863708496,-9.340312004089355
72437246000,0.0,0.0,-0.0,-2.999112844467163,-0.002356886863708496,-9.340312004089355
72444235000,0.0,0.0,-0.0,-2.999112844467163,-0.002356886863708496,-9.340312004089355
72451205000,0.0,0.0,-0.0,-2.999112844467163,-0.002356886863708496,-9.340312004089355
72458110000,0.0,0.0,-0.0,-2.999112844467163,-0.002356886863708496,-9.340312004089355
72472060000,0.0,0.0,-0.0,-2.999112844467163,-0.002356886863708496,-9.340312004089355
72479007000,0.0,0.0,-0.0,-2.999112844467163,-0.002356886863708496,-9.340312004089355
72485906000,0.0,0.0,-0.0,-2.999112844467163,-0.002356886863708496,-9.340312004089355
72492810000,0.0,0.0,-0.0,-2.999112844467163,-0.002356886863708496,-9.340312004089355
72499818000,0.0,0.0,-0.0,-2.999112844467163,-0.002356886863708496,-9.340312004089355
72513655000,0.0,0.0,-0.0,-2.999112844467163,-0.002356886863708496,-9.340312004089355
72520594000,0.0,0.0,-0.0,-2.999112844467163,-0.002356886863708496,-9.340312004089355
72527565000,0.0,0.0,-0.0,-2.999112844467163,-0.002356886863708496,-9.340312004089355
72534483000,0.0,0.0,-0.0,-2.999112844467163,-0.002356886863708496,-9.340312004089355
72541394000,0.0,0.0,-0.0,-2.999112844467163,-0.002356886863708496,-9.340312004089355
72555329000,0.0,0.0,-0.0,-2.999112844467163,-0.002356886863708496,-9.340312004089355
72562311000,0.0,0.0,-0.0,-2.999112844467163,-0.002356886863708496,-9.340312004089355
72569213000,0.0,0.0,-0.0,-2.999112844467163,-0.002356886863708496,-9.340312004089355
72576150000,0.0,0.0,-0.0,-2.999112844467163,-0.002356886863708496,-9.340312004089355
72590128000,0.0,0.0,-0.0,-2.999112844467163,-0.002356886863708496,-9.340312004089355
72596995000,0.0,0.0,-0.0,-2.999112844467163,-0.002356886863708496,-9.340312004089355
72603953000,0.0,0.0,-0.0,-2.999112844467163,-0.002356886863708496,-9.340312004089355
72610879000,0.0,0.0,-0.0,-2.999112844467163,-0.002356886863708496,-9.340312004089355
72617870000,0.0,0.0,-0.0,-2.999112844467163,-0.002356886863708496,-9.340312004089355
72631761000,0.0,0.0,-0.0,-2.999112844467163,-0.002356886863708496,-9.340312004089355
72638653000,0.0,0.0,-0.0,-2.999112844467163,-0.002356886863708496,-9.340312004089355
72645648000,0.0,0.0,-0.0,-2.999112844467163,-0.002356886863708496,-9.340312004089355
72652582000,0.0,0.0,-0.0,-2.999112844467163,-0.002356886863708496,-9.340312004089355
72666464000,0.0,0.0,-0.0,-2.999112844467163,-0.002356886863708496,-9.340312004089355
72673361000,0.0,0.0,-0.0,-2.999112844467163,-0.002356886863708496,-9.340312004089355
72680353000,0.0,0.0,-0.0,-2.999112844467163,-0.002356886863708496,-9.340312004089355
72687336000,0.0,0.0,-0.0,-2.999112844467163,-0.002356886863708496,-9.340312004089355
72701175000,0.0,0.0,-0.0,-2.999112844467163,-0.002356886863708496,-9.340312004089355
72708078000,0.0,0.0,-0.0,-2.999112844467163,-0.002356886863708496,-9.340312004089355
72715125000,0.0,0.0,-0.0,-2.999112844467163,-0.002356886863708496,-9.340312004089355
72722010000,0.0,0.0,-0.0,-2.999112844467163,-0.002356886863708496,-9.340312004089355
72729040000,0.0,0.0,-0.0,-2.999112844467163,-0.002356886863708496,-9.340312004089355
72742823000,0.0,0.0,-0.0,-2.999112844467163,-0.002356886863708496,-9.340312004089355
72749878000,0.0,0.0,-0.0,-2.999112844467163,-0.002356886863708496,-9.340312004089355
72756727000,0.0,0.0,-0.0,-2.999112844467163,-0.002356886863708496,-9.340312004089355
72763748000,0.0,0.0,-0.0,-2.999112844467163,-0.002356886863708496,-9.340312004089355
72770614000,0.0,0.0,-0.0,-2.999112844467163,-0.002356886863708496,-9.340312004089355
72784582000,0.0,0.0,-0.0,-2.999112844467163,-0.002356886863708496,-9.340312004089355
72791455000,0.0,0.0,-0.0,-2.999112844467163,-0.002356886863708496,-9.340312004089355
72798442000,0.0,0.0,-0.0,-2.999112844467163,-0.002356886863708496,-9.340312004089355
72805366000,0.0,0.0,-0.0,-2.999112844467163,-0.002356886863708496,-9.340312004089355
72812324000,0.0,0.0,-0.0,-2.999112844467163,-0.002356886863708496,-9.340312004089355
72826273000,0.0,0.0,-0.0,-2.999112844467163,-0.002356886863708496,-9.340312004089355
72833224000,0.0,0.0,-0.0,-2.999112844467163,-0.002356886863708496,-9.340312004089355
72840081000,0.0,0.0,-0.0,-2.999112844467163,-0.002356886863708496,-9.340312004089355
72847126000,0.0,0.0,-0.0,-2.999112844467163,-0.002356886863708496,-9.340312004089355
72861152000,0.0,0.0,-0.0,-2.999112844467163,-0.002356886863708496,-9.340312004089355
72868132000,0.0,0.0,-0.0,-2.999112844467163,-0.002356886863708496,-9.340312004089355
72874825000,0.0,0.0,-0.0,-2.999112844467163,-0.002356886863708496,-9.340312004089355
72881885000,0.0,0.0,-0.0,-2.999112844467163,-0.002356886863708496,-9.340312004089355
72895696000,0.0,0.0,-0.0,-2.999112844467163,-0.002356886863708496,-9.340312004089355
72902644000,0.0,0.0,-0.0,-2.999112844467163,-0.002356886863708496,-9.340312004089355
72909526000,0.0,0.0,-0.0,-2.999112844467163,-0.002356886863708496,-9.340312004089355
72916616000,0.0,0.0,-0.0,-2.999112844467163,-0.002356886863708496,-9.340312004089355
72923503000,0.0,0.0,-0.0,-2.999112844467163,-0.002356886863708496,-9.340312004089355
72937596000,0.0,0.0,-0.0,-2.999112844467163,-0.002356886863708496,-9.340312004089355
72944375000,0.0,0.0,-0.0,-2.999112844467163,-0.002356886863708496,-9.340312004089355
72951846000,0.0,0.0,-0.0,-2.999112844467163,-0.002356886863708496,-9.340312004089355
72958697000,0.0,0.0,-0.0,-2.999112844467163,-0.002356886863708496,-9.340312004089355
72972542000,0.0,0.0,-0.0,-2.999112844467163,-0.002356886863708496,-9.340312004089355
72979538000,0.0,0.0,-0.0,-2.999112844467163,-0.002356886863708496,-9.340312004089355
72986437000,0.0,0.0,-0.0,-2.999112844467163,-0.002356886863708496,-9.340312004089355
72993420000,0.0,0.0,-0.0,-2.999112844467163,-0.002356886863708496,-9.340312004089355
73000385000,0.0,0.0,-0.0,-2.999112844467163,-0.002356886863708496,-9.340312004089355
73014343000,0.0,0.0,-0.0,-2.999112844467163,-0.002356886863708496,-9.340312004089355
73021240000,0.0,0.0,-0.0,-2.999112844467163,-0.002356886863708496,-9.340312004089355
73028178000,0.0,0.0,-0.0,-2.999112844467163,-0.002356886863708496,-9.340312004089355
73035087000,0.0,0.0,-0.0,-2.999112844467163,-0.002356886863708496,-9.340312004089355
73042039000,0.0,0.0,-0.0,-2.999112844467163,-0.002356886863708496,-9.340312004089355
73055923000,0.0,0.0,-0.0,-2.999112844467163,-0.002356886863708496,-9.340312004089355
73062900000,0.0,0.0,-0.0,-2.999112844467163,-0.002356886863708496,-9.340312004089355
73069924000,0.0,0.0,-0.0,-2.999112844467163,-0.002356886863708496,-9.340312004089355
73076800000,0.0,0.0,-0.0,-2.999112844467163,-0.002356886863708496,-9.340312004089355
73090651000,0.0,0.0,-0.0,-2.999112844467163,-0.002356886863708496,-9.340312004089355
73097687000,0.0,0.0,-0.0,-2.999112844467163,-0.002356886863708496,-9.340312004089355
73104612000,0.0,0.0,-0.0,-2.999112844467163,-0.002356886863708496,-9.340312004089355
73111697000,0.0,0.0,-0.0,-2.999112844467163,-0.002356886863708496,-9.340312004089355
73125413000,0.0,0.0,-0.0,-2.999112844467163,-0.002356886863708496,-9.340312004089355
73132352000,0.0,0.0,-0.0,-2.999112844467163,-0.002356886863708496,-9.340312004089355
73139290000,0.0,0.0,-0.0,-2.999112844467163,-0.002356886863708496,-9.340312004089355
73146253000,0.0,0.0,-0.0,-2.999112844467163,-0.002356886863708496,-9.340312004089355
73153214000,0.0,0.0,-0.0,-2.999112844467163,-0.002356886863708496,-9.340312004089355
73167309000,0.0,0.0,-0.0,-2.999112844467163,-0.002356886863708496,-9.340312004089355
73173984000,0.0,0.0,-0.0,-2.999112844467163,-0.002356886863708496,-9.340312004089355
73180994000,0.0,0.0,-0.0,-2.999112844467163,-0.002356886863708496,-9.340312004089355
73187925000,0.0,0.0,-0.0,-2.999112844467163,-0.002356886863708496,-9.340312004089355
73201840000,0.0,0.0,-0.0,-2.999112844467163,-0.002356886863708496,-9.340312004089355
73208720000,0.0,0.0,-0.0,-2.999112844467163,-0.002356886863708496,-9.340312004089355
73215755000,0.0,0.0,-0.0,-2.999112844467163,-0.002356886863708496,-9.340312004089355
73222586000,0.0,0.0,-0.0,-2.999112844467163,-0.002356886863708496,-9.340312004089355
73229567000,0.0,0.0,-0.0,-2.999112844467163,-0.002356886863708496,-9.340312004089355
73243428000,0.0,0.0,-0.0,-2.999112844467163,-0.002356886863708496,-9.340312004089355
73250558000,0.0,0.0,-0.0,-2.999112844467163,-0.002356886863708496,-9.340312004089355
73257316000,0.0,0.0,-0.0,-2.999112844467163,-0.002356886863708496,-9.340312004089355
73264331000,0.0,0.0,-0.0,-2.999112844467163,-0.002356886863708496,-9.340312004089355
73278204000,0.0,0.0,-0.0,-2.999112844467163,-0.002356886863708496,-9.340312004089355
73285160000,0.0,0.0,-0.0,-2.999112844467163,-0.002356886863708496,-9.340312004089355
73292172000,0.0,0.0,-0.0,-2.999112844467163,-0.002356886863708496,-9.340312004089355
73299041000,0.0,0.0,-0.0,-2.999112844467163,-0.002356886863708496,-9.340312004089355
73312886000,0.0,0.0,-0.0,-2.999112844467163,-0.002356886863708496,-9.340312004089355
73319784000,0.0,0.0,-0.0,-2.999112844467163,-0.002356886863708496,-9.340312004089355
73326720000,0.0,0.0,-0.0,-2.999112844467163,-0.002356886863708496,-9.340312004089355
73333767000,0.0,0.0,-0.0,-2.999112844467163,-0.002356886863708496,-9.340312004089355
73347597000,0.0,0.0,-0.0,-2.999112844467163,-0.002356886863708496,-9.340312004089355
73354522000,0.0,0.0,-0.0,-2.999112844467163,-0.002356886863708496,-9.340312004089355
73361491000,0.0,0.0,-0.0,-2.999112844467163,-0.002356886863708496,-9.340312004089355
73368400000,0.0,0.0,-0.0,-2.999112844467163,-0.002356886863708496,-9.340312004089355
73375317000,0.0,0.0,-0.0,-2.999112844467163,-0.002356886863708496,-9.340312004089355
73389308000,0.0,0.0,-0.0,-2.999112844467163,-0.002356886863708496,-9.340312004089355
73396250000,0.0,0.0,-0.0,-2.999112844467163,-0.002356886863708496,-9.340312004089355
73403211000,0.0,0.0,-0.0,-2.999112844467163,-0.002356886863708496,-9.340312004089355
73410034000,0.0,0.0,-0.0,-2.999112844467163,-0.002356886863708496,-9.340312004089355
73417068000,0.0,0.0,-0.0,-2.999112844467163,-0.002356886863708496,-9.340312004089355
73430945000,0.0,0.0,-0.0,-2.999112844467163,-0.002356886863708496,-9.340312004089355
73437898000,0.0,0.0,-0.0,-2.999112844467163,-0.002356886863708496,-9.340312004089355
73444844000,0.0,0.0,-0.0,-2.999112844467163,-0.002356886863708496,-9.340312004089355
73451797000,0.0,0.0,-0.0,-2.999112844467163,-0.002356886863708496,-9.340312004089355
73458690000,0.0,0.0,-0.0,-2.999112844467163,-0.002356886863708496,-9.340312004089355
73472586000,0.0,0.0,-0.0,-2.999112844467163,-0.002356886863708496,-9.340312004089355
73479591000,0.0,0.0,-0.0,-2.999112844467163,-0.002356886863708496,-9.340312004089355
73486486000,0.0,0.0,-0.0,-2.999112844467163,-0.002356886863708496,-9.340312004089355
73493418000,0.0,0.0,-0.0,-2.999112844467163,-0.002356886863708496,-9.340312004089355
73507318000,0.0,0.0,-0.0,-2.999112844467163,-0.002356886863708496,-9.340312004089355
73514399000,0.0,0.0,-0.0,-2.999112844467163,-0.002356886863708496,-9.340312004089355
73521215000,0.0,0.0,-0.0,-2.999112844467163,-0.002356886863708496,-9.340312004089355
73528178000,0.0,0.0,-0.0,-2.999112844467163,-0.002356886863708496,-9.340312004089355
73535193000,0.0,0.0,-0.0,-2.999112844467163,-0.002356886863708496,-9.340312004089355
73549003000,0.0,0.0,-0.0,-2.999112844467163,-0.002356886863708496,-9.340312004089355
73555953000,0.0,0.0,-0.0,-2.999112844467163,-0.002356886863708496,-9.340312004089355
73562987000,0.0,0.0,-0.0,-2.999112844467163,-0.002356886863708496,-9.340312004089355
73569869000,0.0,0.0,-0.0,-2.999112844467163,-0.002356886863708496,-9.340312004089355
73583717000,0.0,0.0,-0.0,-2.999112844467163,-0.002356886863708496,-9.340312004089355
73590690000,0.0,0.0,-0.0,-2.999112844467163,-0.002356886863708496,-9.340312004089355
73597772000,0.0,0.0,-0.0,-2.999112844467163,-0.002356886863708496,-9.340312004089355
73604542000,0.0,0.0,-0.0,-2.999112844467163,-0.002356886863708496,-9.340312004089355
73611513000,0.0,0.0,-0.0,-2.999112844467163,-0.002356886863708496,-9.340312004089355
73625404000,0.0,0.0,-0.0,-2.999112844467163,-0.002356886863708496,-9.340312004089355
73632337000,0.0,0.0,-0.0,-2.999112844467163,-0.002356886863708496,-9.340312004089355
73639308000,0.0,0.0,-0.0,-2.999112844467163,-0.002356886863708496,-9.340312004089355
73646203000,0.0,0.0,-0.0,-2.999112844467163,-0.002356886863708496,-9.340312004089355
73660075000,0.0,0.0,-0.0,-2.999112844467163,-0.002356886863708496,-9.340312004089355
73667107000,0.0,0.0,-0.0,-2.999112844467163,-0.002356886863708496,-9.340312004089355
73673972000,0.0,0.0,-0.0,-2.999112844467163,-0.002356886863708496,-9.340312004089355
73681005000,0.0,0.0,-0.0,-2.999112844467163,-0.002356886863708496,-9.340312004089355
73694858000,0.0,0.0,-0.0,-2.999112844467163,-0.002356886863708496,-9.340312004089355
73701776000,0.0,0.0,-0.0,-2.999112844467163,-0.002356886863708496,-9.340312004089355
73708677000,0.0,0.0,-0.0,-2.999112844467163,-0.002356886863708496,-9.340312004089355
73715663000,0.0,0.0,-0.0,-2.999112844467163,-0.002356886863708496,-9.340312004089355
73722580000,0.0,0.0,-0.0,-2.999112844467163,-0.002356886863708496,-9.340312004089355
73736469000,0.0,0.0,-0.0,-2.999112844467163,-0.002356886863708496,-9.340312004089355
73743402000,0.0,0.0,-0.0,-2.999112844467163,-0.002356886863708496,-9.340312004089355
73750383000,0.0,0.0,-0.0,-2.999112844467163,-0.002356886863708496,-9.340312004089355
73757334000,0.0,0.0,-0.0,-2.999112844467163,-0.002356886863708496,-9.340312004089355
73764351000,0.0,0.0,-0.0,-2.999112844467163,-0.002356886863708496,-9.340312004089355
73778158000,0.0,0.0,-0.0,-2.999112844467163,-0.002356886863708496,-9.340312004089355
73785096000,0.0,0.0,-0.0,-2.999112844467163,-0.002356886863708496,-9.340312004089355
73792017000,0.0,0.0,-0.0,-2.999112844467163,-0.002356886863708496,-9.340312004089355
73799065000,0.0,0.0,-0.0,-2.999112844467163,-0.002356886863708496,-9.340312004089355
73812924000,0.0,0.0,-0.0,-2.999112844467163,-0.002356886863708496,-9.340312004089355
73819808000,0.0,0.0,-0.0,-2.999112844467163,-0.002356886863708496,-9.340312004089355
73826748000,0.0,0.0,-0.0,-2.999112844467163,-0.002356886863708496,-9.340312004089355
73833735000,0.0,0.0,-0.0,-2.999112844467163,-0.002356886863708496,-9.340312004089355
73840630000,0.0,0.0,-0.0,-2.999112844467163,-0.002356886863708496,-9.340312004089355
73854517000,0.0,0.0,-0.0,-2.999112844467163,-0.002356886863708496,-9.340312004089355
73861534000,0.0,0.0,-0.0,-2.999112844467163,-0.002356886863708496,-9.340312004089355
73868456000,0.0,0.0,-0.0,-2.999112844467163,-0.002356886863708496,-9.340312004089355
73875361000,0.0,0.0,-0.0,-2.999112844467163,-0.002356886863708496,-9.340312004089355
73882338000,0.0,0.0,-0.0,-2.999112844467163,-0.002356886863708496,-9.340312004089355
73896221000,0.0,0.0,-0.0,-2.999112844467163,-0.002356886863708496,-9.340312004089355
73903158000,0.0,0.0,-0.0,-2.999112844467163,-0.002356886863708496,-9.340312004089355
73910102000,0.0,0.0,-0.0,-2.999112844467163,-0.002356886863708496,-9.340312004089355
73917124000,0.0,0.0,-0.0,-2.999112844467163,-0.002356886863708496,-9.340312004089355
73924061000,0.0,0.0,-0.0,-2.999112844467163,-0.002356886863708496,-9.340312004089355
73937898000,0.0,0.0,-0.0,-2.999112844467163,-0.002356886863708496,-9.340312004089355
73944831000,0.0,0.0,-0.0,-2.999112844467163,-0.002356886863708496,-9.340312004089355
73951871000,0.0,0.0,-0.0,-2.999112844467163,-0.002356886863708496,-9.340312004089355
73958876000,0.0,0.0,-0.0,-2.999112844467163,-0.002356886863708496,-9.340312004089355
73965861000,0.0,0.0,-0.0,-2.999112844467163,-0.002356886863708496,-9.340312004089355
73979789000,0.0,0.0,-0.0,-2.999112844467163,-0.002356886863708496,-9.340312004089355
73986657000,0.0,0.0,-0.0,-2.999112844467163,-0.002356886863708496,-9.340312004089355
73993577000,0.0,0.0,-0.0,-2.999112844467163,-0.002356886863708496,-9.340312004089355
74000664000,0.0,0.0,-0.0,-2.999112844467163,-0.002356886863708496,-9.340312004089355
74007474000,0.0,0.0,-0.0,-2.999112844467163,-0.002356886863708496,-9.340312004089355
74021386000,0.0,0.0,-0.0,-2.999112844467163,-0.002356886863708496,-9.340312004089355
74028352000,0.0,0.0,-0.0,-2.999112844467163,-0.002356886863708496,-9.340312004089355
74035335000,0.0,0.0,-0.0,-2.999112844467163,-0.002356886863708496,-9.340312004089355
74042195000,0.0,0.0,-0.0,-2.999112844467163,-0.002356886863708496,-9.340312004089355
74056111000,0.0,0.0,-0.0,-2.999112844467163,-0.002356886863708496,-9.340312004089355
74063045000,0.0,0.0,-0.0,-2.999112844467163,-0.002356886863708496,-9.340312004089355
74070030000,0.0,0.0,-0.0,-2.999112844467163,-0.002356886863708496,-9.340312004089355
74076926000,0.0,0.0,-0.0,-2.999112844467163,-0.002356886863708496,-9.340312004089355
74083937000,0.0,0.0,-0.0,-2.999112844467163,-0.002356886863708496,-9.340312004089355
74090835000,0.0,0.0,-0.0,-2.999112844467163,-0.002356886863708496,-9.340312004089355
74104704000,0.0,0.0,-0.0,-2.999112844467163,-0.002356886863708496,-9.340312004089355
74111686000,0.0,0.0,-0.0,-2.999112844467163,-0.002356886863708496,-9.340312004089355
74118622000,0.0,0.0,-0.0,-2.999112844467163,-0.002356886863708496,-9.340312004089355
74125544000,0.0,0.0,-0.0,-2.999112844467163,-0.002356886863708496,-9.340312004089355
74139427000,0.0,0.0,-0.0,-2.999112844467163,-0.002356886863708496,-9.340312004089355
74146400000,0.0,0.0,-0.0,-2.999112844467163,-0.002356886863708496,-9.340312004089355
74153325000,0.0,0.0,-0.0,-2.999112844467163,-0.002356886863708496,-9.340312004089355
74160263000,0.0,0.0,-0.0,-2.999112844467163,-0.002356886863708496,-9.340312004089355
74167335000,0.0,0.0,-0.0,-2.999112844467163,-0.002356886863708496,-9.340312004089355
74181179000,0.0,0.0,-0.0,-2.999112844467163,-0.002356886863708496,-9.340312004089355
74188036000,0.0,0.0,-0.0,-2.999112844467163,-0.002356886863708496,-9.340312004089355
74195087000,0.0,0.0,-0.0,-2.999112844467163,-0.002356886863708496,-9.340312004089355
74201995000,0.0,0.0,-0.0,-2.999112844467163,-0.002356886863708496,-9.340312004089355
74215894000,0.0,0.0,-0.0,-2.999112844467163,-0.002356886863708496,-9.340312004089355
74222850000,0.0,0.0,-0.0,-2.999112844467163,-0.002356886863708496,-9.340312004089355
74229794000,0.0,0.0,-0.0,-2.999112844467163,-0.002356886863708496,-9.340312004089355
74236703000,0.0,0.0,-0.0,-2.999112844467163,-0.002356886863708496,-9.340312004089355
74243621000,0.0,0.0,-0.0,-2.999112844467163,-0.002356886863708496,-9.340312004089355
74257803000,0.0,0.0,-0.0,-2.999112844467163,-0.002356886863708496,-9.340312004089355
74264564000,0.0,0.0,-0.0,-2.999112844467163,-0.002356886863708496,-9.340312004089355
74271413000,0.0,0.0,-0.0,-2.999112844467163,-0.002356886863708496,-9.340312004089355
74278397000,0.0,0.0,-0.0,-2.999112844467163,-0.002356886863708496,-9.340312004089355
74285324000,0.0,0.0,-0.0,-2.999112844467163,-0.002356886863708496,-9.340312004089355
74299240000,0.0,0.0,-0.0,-2.999112844467163,-0.002356886863708496,-9.340312004089355
74306135000,0.0,0.0,-0.0,-2.999112844467163,-0.002356886863708496,-9.340312004089355
74313135000,0.0,0.0,-0.0,-2.999112844467163,-0.002356886863708496,-9.340312004089355
74320059000,0.0,0.0,-0.0,-2.999112844467163,-0.002356886863708496,-9.340312004089355
74327077000,0.0,0.0,-0.0,-2.999112844467163,-0.002356886863708496,-9.340312004089355
74340869000,0.0,0.0,-0.0,-2.999112844467163,-0.002356886863708496,-9.340312004089355
74347886000,0.0,0.0,-0.0,-2.999112844467163,-0.002356886863708496,-9.340312004089355
74354823000,0.0,0.0,-0.0,-2.999112844467163,-0.002356886863708496,-9.340312004089355
74361708000,0.0,0.0,-0.0,-2.999112844467163,-0.002356886863708496,-9.340312004089355
74375607000,0.0,0.0,-0.0,-2.999112844467163,-0.002356886863708496,-9.340312004089355
74382586000,0.0,0.0,-0.0,-2.999112844467163,-0.002356886863708496,-9.340312004089355
74389480000,0.0,0.0,-0.0,-2.999112844467163,-0.002356886863708496,-9.340312004089355
74396425000,0.0,0.0,-0.0,-2.999112844467163,-0.002356886863708496,-9.340312004089355
74403429000,0.0,0.0,-0.0,-2.999112844467163,-0.002356886863708496,-9.340312004089355
74417301000,0.0,0.0,-0.0,-2.999112844467163,-0.002356886863708496,-9.340312004089355
74424219000,0.0,0.0,-0.0,-2.999112844467163,-0.002356886863708496,-9.340312004089355
74431194000,0.0,0.0,-0.0,-2.999112844467163,-0.002356886863708496,-9.340312004089355
74438203000,0.0,0.0,-0.0,-2.999112844467163,-0.002356886863708496,-9.340312004089355
74445107000,0.0,0.0,-0.0,-2.999112844467163,-0.002356886863708496,-9.340312004089355
74459003000,0.0,0.0,-0.0,-2.999112844467163,-0.002356886863708496,-9.340312004089355
74466019000,0.0,0.0,-0.0,-2.999112844467163,-0.002356886863708496,-9.340312004089355
74472952000,0.0,0.0,-0.0,-2.999112844467163,-0.002356886863708496,-9.340312004089355
74479976000,0.0,0.0,-0.0,-2.999112844467163,-0.002356886863708496,-9.340312004089355
74493863000,0.0,0.0,-0.0,-2.999112844467163,-0.002356886863708496,-9.340312004089355
74500812000,0.0,0.0,-0.0,-2.999112844467163,-0.002356886863708496,-9.340312004089355
74507627000,0.0,0.0,-0.0,-2.999112844467163,-0.002356886863708496,-9.340312004089355
74514640000,0.0,0.0,-0.0,-2.999112844467163,-0.002356886863708496,-9.340312004089355
74521508000,0.0,0.0,-0.0,-2.999112844467163,-0.002356886863708496,-9.340312004089355
74535441000,0.0,0.0,-0.0,-2.999112844467163,-0.002356886863708496,-9.340312004089355
74542369000,0.0,0.0,-0.0,-2.999112844467163,-0.002356886863708496,-9.340312004089355
74549407000,0.0,0.0,-0.0,-2.999112844467163,-0.002356886863708496,-9.340312004089355
74556314000,0.0,0.0,-0.0,-2.999112844467163,-0.002356886863708496,-9.340312004089355
74570145000,0.0,0.0,-0.0,-2.999112844467163,-0.002356886863708496,-9.340312004089355
74577123000,0.0,0.0,-0.0,-2.999112844467163,-0.002356886863708496,-9.340312004089355
74584050000,0.0,0.0,-0.0,-2.999112844467163,-0.002356886863708496,-9.340312004089355
74591025000,0.0,0.0,-0.0,-2.999112844467163,-0.002356886863708496,-9.340312004089355
74604873000,0.0,0.0,-0.0,-2.999112844467163,-0.002356886863708496,-9.340312004089355
74611787000,0.0,0.0,-0.0,-2.999112844467163,-0.002356886863708496,-9.340312004089355
74618795000,0.0,0.0,-0.0,-2.999112844467163,-0.002356886863708496,-9.340312004089355
74625713000,0.0,0.0,-0.0,-2.999112844467163,-0.002356886863708496,-9.340312004089355
74632771000,0.0,0.0,-0.0,-2.999112844467163,-0.002356886863708496,-9.340312004089355
74646602000,0.0,0.0,-0.0,-2.999112844467163,-0.002356886863708496,-9.340312004089355
74653540000,0.0,0.0,-0.0,-2.999112844467163,-0.002356886863708496,-9.340312004089355
74660439000,0.0,0.0,-0.0,-2.999112844467163,-0.002356886863708496,-9.340312004089355
74667378000,0.0,0.0,-0.0,-2.999112844467163,-0.002356886863708496,-9.340312004089355
74681311000,0.0,0.0,-0.0,-2.999112844467163,-0.002356886863708496,-9.340312004089355
74688183000,0.0,0.0,-0.0,-2.999112844467163,-0.002356886863708496,-9.340312004089355
74695132000,0.0,0.0,-0.0,-2.999112844467163,-0.002356886863708496,-9.340312004089355
74702118000,0.0,0.0,-0.0,-2.999112844467163,-0.002356886863708496,-9.340312004089355
74709024000,0.0,0.0,-0.0,-2.999112844467163,-0.002356886863708496,-9.340312004089355
74722939000,0.0,0.0,-0.0,-2.999112844467163,-0.002356886863708496,-9.340312004089355
74729877000,0.0,0.0,-0.0,-2.999112844467163,-0.002356886863708496,-9.340312004089355
74736895000,0.0,0.0,-0.0,-2.999112844467163,-0.002356886863708496,-9.340312004089355
74743768000,0.0,0.0,-0.0,-2.999112844467163,-0.002356886863708496,-9.340312004089355
74750735000,0.0,0.0,-0.0,-2.999112844467163,-0.002356886863708496,-9.340312004089355
74764638000,0.0,0.0,-0.0,-2.999112844467163,-0.002356886863708496,-9.340312004089355
74771556000,0.0,0.0,-0.0,-2.999112844467163,-0.002356886863708496,-9.340312004089355
74778511000,0.0,0.0,-0.0,-2.999112844467163,-0.002356886863708496,-9.340312004089355
74785448000,0.0,0.0,-0.0,-2.999112844467163,-0.002356886863708496,-9.340312004089355
74799359000,0.0,0.0,-0.0,-2.999112844467163,-0.002356886863708496,-9.340312004089355
74806281000,0.0,0.0,-0.0,-2.999112844467163,-0.002356886863708496,-9.340312004089355
74813217000,0.0,0.0,-0.0,-2.999112844467163,-0.002356886863708496,-9.340312004089355
74820136000,0.0,0.0,-0.0,-2.999112844467163,-0.002356886863708496,-9.340312004089355
74827091000,0.0,0.0,-0.0,-2.999112844467163,-0.002356886863708496,-9.340312004089355
74840970000,0.0,0.0,-0.0,-2.999112844467163,-0.002356886863708496,-9.340312004089355
74848019000,0.0,0.0,-0.0,-2.999112844467163,-0.002356886863708496,-9.340312004089355
74854874000,0.0,0.0,-0.0,-2.999112844467163,-0.002356886863708496,-9.340312004089355
74861839000,0.0,0.0,-0.0,-2.999112844467163,-0.002356886863708496,-9.340312004089355
74875690000,0.0,0.0,-0.0,-2.999112844467163,-0.002356886863708496,-9.340312004089355
74882720000,0.0,0.0,-0.0,-2.999112844467163,-0.002356886863708496,-9.340312004089355
74889604000,0.0,0.0,-0.0,-2.999112844467163,-0.002356886863708496,-9.340312004089355
74896542000,0.0,0.0,-0.0,-2.999112844467163,-0.002356886863708496,-9.340312004089355
74903491000,0.0,0.0,-0.0,-2.999112844467163,-0.002356886863708496,-9.340312004089355
74917460000,0.0,0.0,-0.0,-2.999112844467163,-0.002356886863708496,-9.340312004089355
74924299000,0.0,0.0,-0.0,-2.999112844467163,-0.002356886863708496,-9.340312004089355
74931270000,0.0,0.0,-0.0,-2.999112844467163,-0.002356886863708496,-9.340312004089355
74938222000,0.0,0.0,-0.0,-2.999112844467163,-0.002356886863708496,-9.340312004089355
74945133000,0.0,0.0,-0.0,-2.999112844467163,-0.002356886863708496,-9.340312004089355
74959037000,0.0,0.0,-0.0,-2.999112844467163,-0.002356886863708496,-9.340312004089355
74966108000,0.0,0.0,-0.0,-2.999112844467163,-0.002356886863708496,-9.340312004089355
74972914000,0.0,0.0,-0.0,-2.999112844467163,-0.002356886863708496,-9.340312004089355
74979897000,0.0,0.0,-0.0,-2.999112844467163,-0.002356886863708496,-9.340312004089355
74986821000,0.0,0.0,-0.0,-2.999112844467163,-0.002356886863708496,-9.340312004089355
75000795000,0.0,0.0,-0.0,-2.999112844467163,-0.002356886863708496,-9.340312004089355
75007639000,0.0,0.0,-0.0,-2.999112844467163,-0.002356886863708496,-9.340312004089355
75014603000,0.0,0.0,-0.0,-2.999112844467163,-0.002356886863708496,-9.340312004089355
75021537000,0.0,0.0,-0.0,-2.999112844467163,-0.002356886863708496,-9.340312004089355
75035517000,0.0,0.0,-0.0,-2.999112844467163,-0.002356886863708496,-9.340312004089355
75042353000,0.0,0.0,-0.0,-2.999112844467163,-0.002356886863708496,-9.340312004089355
75049402000,0.0,0.0,-0.0,-2.999112844467163,-0.002356886863708496,-9.340312004089355
75056243000,0.0,0.0,-0.0,-2.999112844467163,-0.002356886863708496,-9.340312004089355
75063231000,0.0,0.0,-0.0,-2.999112844467163,-0.002356886863708496,-9.340312004089355
75070178000,0.0,0.0,-0.0,-2.999112844467163,-0.002356886863708496,-9.340312004089355
75084099000,0.0,0.0,-0.0,-2.999112844467163,-0.002356886863708496,-9.340312004089355
75090987000,0.0,0.0,-0.0,-2.999112844467163,-0.002356886863708496,-9.340312004089355
75098015000,0.0,0.0,-0.0,-2.999112844467163,-0.002356886863708496,-9.340312004089355
75104875000,0.0,0.0,-0.0,-2.999112844467163,-0.002356886863708496,-9.340312004089355
75118800000,0.0,0.0,-0.0,-2.999112844467163,-0.002356886863708496,-9.340312004089355
75125706000,0.0,0.0,-0.0,-2.999112844467163,-0.002356886863708496,-9.340312004089355
75132663000,0.0,0.0,-0.0,-2.999112844467163,-0.002356886863708496,-9.340312004089355
75139591000,0.0,0.0,-0.0,-2.999112844467163,-0.002356886863708496,-9.340312004089355
75153521000,0.0,0.0,-0.0,-2.999112844467163,-0.002356886863708496,-9.340312004089355
75160449000,0.0,0.0,-0.0,-2.999112844467163,-0.002356886863708496,-9.340312004089355
75167418000,0.0,0.0,-0.0,-2.999112844467163,-0.002356886863708496,-9.340312004089355
75174317000,0.0,0.0,-0.0,-2.999112844467163,-0.002356886863708496,-9.340312004089355
75181314000,0.0,0.0,-0.0,-2.999112844467163,-0.002356886863708496,-9.340312004089355
75195174000,0.0,0.0,-0.0,-2.999112844467163,-0.002356886863708496,-9.340312004089355
75202191000,0.0,0.0,-0.0,-2.999112844467163,-0.002356886863708496,-9.340312004089355
75209044000,0.0,0.0,-0.0,-2.999112844467163,-0.002356886863708496,-9.340312004089355
75216037000,0.0,0.0,-0.0,-2.999112844467163,-0.002356886863708496,-9.340312004089355
75222958000,0.0,0.0,-0.0,-2.999112844467163,-0.002356886863708496,-9.340312004089355
75236848000,0.0,0.0,-0.0,-2.999112844467163,-0.002356886863708496,-9.340312004089355
75243768000,0.0,0.0,-0.0,-2.999112844467163,-0.002356886863708496,-9.340312004089355
75250790000,0.0,0.0,-0.0,-2.999112844467163,-0.002356886863708496,-9.340312004089355
75257790000,0.0,0.0,-0.0,-2.999112844467163,-0.002356886863708496,-9.340312004089355
75271659000,0.0,0.0,-0.0,-2.999112844467163,-0.002356886863708496,-9.340312004089355
75278565000,0.0,0.0,-0.0,-2.999112844467163,-0.002356886863708496,-9.340312004089355
75285530000,0.0,0.0,-0.0,-2.999112844467163,-0.002356886863708496,-9.340312004089355
75292587000,0.0,0.0,-0.0,-2.999112844467163,-0.002356886863708496,-9.340312004089355
75306342000,0.0,0.0,-0.0,-2.999112844467163,-0.002356886863708496,-9.340312004089355
75313308000,0.0,0.0,-0.0,-2.999112844467163,-0.002356886863708496,-9.340312004089355
75320282000,0.0,0.0,-0.0,-2.999112844467163,-0.002356886863708496,-9.340312004089355
75327220000,0.0,0.0,-0.0,-2.999112844467163,-0.002356886863708496,-9.340312004089355
75341061000,0.0,0.0,-0.0,-2.999112844467163,-0.002356886863708496,-9.340312004089355
75348081000,0.0,0.0,-0.0,-2.999112844467163,-0.002356886863708496,-9.340312004089355
75354985000,0.0,0.0,-0.0,-2.999112844467163,-0.002356886863708496,-9.340312004089355
75361903000,0.0,0.0,-0.0,-2.999112844467163,-0.002356886863708496,-9.340312004089355
75368910000,0.0,0.0,-0.0,-2.999112844467163,-0.002356886863708496,-9.340312004089355
75382851000,0.0,0.0,-0.0,-2.999112844467163,-0.002356886863708496,-9.340312004089355
75389725000,0.0,0.0,-0.0,-2.999112844467163,-0.002356886863708496,-9.340312004089355
75396651000,0.0,0.0,-0.0,-2.999112844467163,-0.002356886863708496,-9.340312004089355
75403684000,0.0,0.0,-0.0,-2.999112844467163,-0.002356886863708496,-9.340312004089355
75410526000,0.0,0.0,-0.0,-2.999112844467163,-0.002356886863708496,-9.340312004089355
75424433000,0.0,0.0,-0.0,-2.999112844467163,-0.002356886863708496,-9.340312004089355
75431394000,0.0,0.0,-0.0,-2.999112844467163,-0.002356886863708496,-9.340312004089355
75438289000,0.0,0.0,-0.0,-2.999112844467163,-0.002356886863708496,-9.340312004089355
75445229000,0.0,0.0,-0.0,-2.999112844467163,-0.002356886863708496,-9.340312004089355
75452227000,0.0,0.0,-0.0,-2.999112844467163,-0.002356886863708496,-9.340312004089355
75466154000,0.0,0.0,-0.0,-2.999112844467163,-0.002356886863708496,-9.340312004089355
75473025000,0.0,0.0,-0.0,-2.999112844467163,-0.002356886863708496,-9.340312004089355
75480130000,0.0,0.0,-0.0,-2.999112844467163,-0.002356886863708496,-9.340312004089355
75486984000,0.0,0.0,-0.0,-2.999112844467163,-0.002356886863708496,-9.340312004089355
75500871000,0.0,0.0,-0.0,-2.999112844467163,-0.002356886863708496,-9.340312004089355
75507751000,0.0,0.0,-0.0,-2.999112844467163,-0.002356886863708496,-9.340312004089355
75514778000,0.0,0.0,-0.0,-2.999112844467163,-0.002356886863708496,-9.340312004089355
75521632000,0.0,0.0,-0.0,-2.999112844467163,-0.002356886863708496,-9.340312004089355
75528573000,0.0,0.0,-0.0,-2.999112844467163,-0.002356886863708496,-9.340312004089355
75542453000,0.0,0.0,-0.0,-2.999112844467163,-0.002356886863708496,-9.340312004089355
75549558000,0.0,0.0,-0.0,-2.999112844467163,-0.002356886863708496,-9.340312004089355
75556365000,0.0,0.0,-0.0,-2.999112844467163,-0.002356886863708496,-9.340312004089355
75563373000,0.0,0.0,-0.0,-2.999112844467163,-0.002356886863708496,-9.340312004089355
75570266000,0.0,0.0,-0.0,-2.999112844467163,-0.002356886863708496,-9.340312004089355
75584206000,0.0,0.0,-0.0,-2.999112844467163,-0.002356886863708496,-9.340312004089355
75591098000,0.0,0.0,-0.0,-2.999112844467163,-0.002356886863708496,-9.340312004089355
75598058000,0.0,0.0,-0.0,-2.999112844467163,-0.002356886863708496,-9.340312004089355
75604995000,0.0,0.0,-0.0,-2.999112844467163,-0.002356886863708496,-9.340312004089355
75618908000,0.0,0.0,-0.0,-2.999112844467163,-0.002356886863708496,-9.340312004089355
75625819000,0.0,0.0,-0.0,-2.999112844467163,-0.002356886863708496,-9.340312004089355
75632815000,0.0,0.0,-0.0,-2.999112844467163,-0.002356886863708496,-9.340312004089355
75639758000,0.0,0.0,-0.0,-2.999112844467163,-0.002356886863708496,-9.340312004089355
75646665000,0.0,0.0,-0.0,-2.999112844467163,-0.002356886863708496,-9.340312004089355
75660553000,0.0,0.0,-0.0,-2.999112844467163,-0.002356886863708496,-9.340312004089355
75667498000,0.0,0.0,-0.0,-2.999112844467163,-0.002356886863708496,-9.340312004089355
75674446000,0.0,0.0,-0.0,-2.999112844467163,-0.002356886863708496,-9.340312004089355
75681465000,0.0,0.0,-0.0,-2.999112844467163,-0.002356886863708496,-9.340312004089355
75688295000,0.0,0.0,-0.0,-2.999112844467163,-0.002356886863708496,-9.340312004089355
75702220000,0.0,0.0,-0.0,-2.999112844467163,-0.002356886863708496,-9.340312004089355
75709130000,0.0,0.0,-0.0,-2.999112844467163,-0.002356886863708496,-9.340312004089355
75716147000,0.0,0.0,-0.0,-2.999112844467163,-0.002356886863708496,-9.340312004089355
75723071000,0.0,0.0,-0.0,-2.999112844467163,-0.002356886863708496,-9.340312004089355
75730036000,0.0,0.0,-0.0,-2.999112844467163,-0.002356886863708496,-9.340312004089355
75743879000,0.0,0.0,-0.0,-2.999112844467163,-0.002356886863708496,-9.340312004089355
75750849000,0.0,0.0,-0.0,-2.999112844467163,-0.002356886863708496,-9.340312004089355
75757771000,0.0,0.0,-0.0,-2.999112844467163,-0.002356886863708496,-9.340312004089355
75764756000,0.0,0.0,-0.0,-2.999112844467163,-0.002356886863708496,-9.340312004089355
75778588000,0.0,0.0,-0.0,-2.999112844467163,-0.002356886863708496,-9.340312004089355
75785570000,0.0,0.0,-0.0,-2.999112844467163,-0.002356886863708496,-9.340312004089355
75792604000,0.0,0.0,-0.0,-2.999112844467163,-0.002356886863708496,-9.340312004089355
75799773000,0.0,0.0,-0.0,-2.999112844467163,-0.002356886863708496,-9.340312004089355
75813461000,0.0,0.0,-0.0,-2.999112844467163,-0.002356886863708496,-9.340312004089355
75820374000,0.0,0.0,-0.0,-2.999112844467163,-0.002356886863708496,-9.340312004089355
75827312000,0.0,0.0,-0.0,-2.999112844467163,-0.002356886863708496,-9.340312004089355
75834283000,0.0,0.0,-0.0,-2.999112844467163,-0.002356886863708496,-9.340312004089355
75841183000,0.0,0.0,-0.0,-2.999112844467163,-0.002356886863708496,-9.340312004089355
75855096000,0.0,0.0,-0.0,-2.999112844467163,-0.002356886863708496,-9.340312004089355
75862047000,0.0,0.0,-0.0,-2.999112844467163,-0.002356886863708496,-9.340312004089355
75869020000,0.0,0.0,-0.0,-2.999112844467163,-0.002356886863708496,-9.340312004089355
75875930000,0.0,0.0,-0.0,-2.999112844467163,-0.002356886863708496,-9.340312004089355
75882953000,0.0,0.0,-0.0,-2.999112844467163,-0.002356886863708496,-9.340312004089355
75896806000,0.0,0.0,-0.0,-2.999112844467163,-0.002356886863708496,-9.340312004089355
75903715000,0.0,0.0,-0.0,-2.999112844467163,-0.002356886863708496,-9.340312004089355
75910658000,0.0,0.0,-0.0,-2.999112844467163,-0.002356886863708496,-9.340312004089355
75917688000,0.0,0.0,-0.0,-2.999112844467163,-0.002356886863708496,-9.340312004089355
75931520000,0.0,0.0,-0.0,-2.999112844467163,-0.002356886863708496,-9.340312004089355
75938415000,0.0,0.0,-0.0,-2.999112844467163,-0.002356886863708496,-9.340312004089355
75945383000,0.0,0.0,-0.0,-2.999112844467163,-0.002356886863708496,-9.340312004089355
75952347000,0.0,0.0,-0.0,-2.999112844467163,-0.002356886863708496,-9.340312004089355
75966269000,0.0,0.0,-0.0,-2.999112844467163,-0.002356886863708496,-9.340312004089355
75973128000,0.0,0.0,-0.0,-2.999112844467163,-0.002356886863708496,-9.340312004089355
75980164000,0.0,0.0,-0.0,-2.999112844467163,-0.002356886863708496,-9.340312004089355
75987048000,0.0,0.0,-0.0,-2.999112844467163,-0.002356886863708496,-9.340312004089355
75993971000,0.0,0.0,-0.0,-2.999112844467163,-0.002356886863708496,-9.340312004089355
76007861000,0.0,0.0,-0.0,-2.999112844467163,-0.002356886863708496,-9.340312004089355
76014865000,0.0,0.0,-0.0,-2.999112844467163,-0.002356886863708496,-9.340312004089355
76021772000,0.0,0.0,-0.0,-2.999112844467163,-0.002356886863708496,-9.340312004089355
76028723000,0.0,0.0,-0.0,-2.999112844467163,-0.002356886863708496,-9.340312004089355
76042589000,0.0,0.0,-0.0,-2.999112844467163,-0.002356886863708496,-9.340312004089355
76049594000,0.0,0.0,-0.0,-2.999112844467163,-0.002356886863708496,-9.340312004089355
76056505000,0.0,0.0,-0.0,-2.999112844467163,-0.002356886863708496,-9.340312004089355
76063426000,0.0,0.0,-0.0,-2.999112844467163,-0.002356886863708496,-9.340312004089355
76070445000,0.0,0.0,-0.0,-2.999112844467163,-0.002356886863708496,-9.340312004089355
76084269000,0.0,0.0,-0.0,-2.999112844467163,-0.002356886863708496,-9.340312004089355
76091456000,0.0,0.0,-0.0,-2.999112844467163,-0.002356886863708496,-9.340312004089355
76098319000,0.0,0.0,-0.0,-2.999112844467163,-0.002356886863708496,-9.340312004089355
76105093000,0.0,0.0,-0.0,-2.999112844467163,-0.002356886863708496,-9.340312004089355
76112016000,0.0,0.0,-0.0,-2.999112844467163,-0.002356886863708496,-9.340312004089355
76126012000,0.0,0.0,-0.0,-2.999112844467163,-0.002356886863708496,-9.340312004089355
76132897000,0.0,0.0,-0.0,-2.999112844467163,-0.002356886863708496,-9.340312004089355
76139835000,0.0,0.0,-0.0,-2.999112844467163,-0.002356886863708496,-9.340312004089355
76146747000,0.0,0.0,-0.0,-2.999112844467163,-0.002356886863708496,-9.340312004089355
76153730000,0.0,0.0,-0.0,-2.999112844467163,-0.002356886863708496,-9.340312004089355
76167635000,0.0,0.0,-0.0,-2.999112844467163,-0.002356886863708496,-9.340312004089355
76174532000,0.0,0.0,-0.0,-2.999112844467163,-0.002356886863708496,-9.340312004089355
76181488000,0.0,0.0,-0.0,-2.999112844467163,-0.002356886863708496,-9.340312004089355
76188438000,0.0,0.0,-0.0,-2.999112844467163,-0.002356886863708496,-9.340312004089355
76195373000,0.0,0.0,-0.0,-2.999112844467163,-0.002356886863708496,-9.340312004089355
76209279000,0.0,0.0,-0.0,-2.999112844467163,-0.002356886863708496,-9.340312004089355
76216262000,0.0,0.0,-0.0,-2.999112844467163,-0.002356886863708496,-9.340312004089355
76223207000,0.0,0.0,-0.0,-2.999112844467163,-0.002356886863708496,-9.340312004089355
76230127000,0.0,0.0,-0.0,-2.999112844467163,-0.002356886863708496,-9.340312004089355
76244017000,0.0,0.0,-0.0,-2.999112844467163,-0.002356886863708496,-9.340312004089355
76250984000,0.0,0.0,-0.0,-2.999112844467163,-0.002356886863708496,-9.340312004089355
76257902000,0.0,0.0,-0.0,-2.999112844467163,-0.002356886863708496,-9.340312004089355
76264849000,0.0,0.0,-0.0,-2.999112844467163,-0.002356886863708496,-9.340312004089355
76271785000,0.0,0.0,-0.0,-2.999112844467163,-0.002356886863708496,-9.340312004089355
76285691000,0.0,0.0,-0.0,-2.999112844467163,-0.002356886863708496,-9.340312004089355
76292619000,0.0,0.0,-0.0,-2.999112844467163,-0.002356886863708496,-9.340312004089355
76299615000,0.0,0.0,-0.0,-2.999112844467163,-0.002356886863708496,-9.340312004089355
76306472000,0.0,0.0,-0.0,-2.999112844467163,-0.002356886863708496,-9.340312004089355
76313419000,0.0,0.0,-0.0,-2.999112844467163,-0.002356886863708496,-9.340312004089355
76327323000,0.0,0.0,-0.0,-2.999112844467163,-0.002356886863708496,-9.340312004089355
76334284000,0.0,0.0,-0.0,-2.999112844467163,-0.002356886863708496,-9.340312004089355
76341211000,0.0,0.0,-0.0,-2.999112844467163,-0.002356886863708496,-9.340312004089355
76348204000,0.0,0.0,-0.0,-2.999112844467163,-0.002356886863708496,-9.340312004089355
76362033000,0.0,0.0,-0.0,-2.999112844467163,-0.002356886863708496,-9.340312004089355
76369022000,0.0,0.0,-0.0,-2.999112844467163,-0.002356886863708496,-9.340312004089355
76375933000,0.0,0.0,-0.0,-2.999112844467163,-0.002356886863708496,-9.340312004089355
76382945000,0.0,0.0,-0.0,-2.999112844467163,-0.002356886863708496,-9.340312004089355
76389880000,0.0,0.0,-0.0,-2.999112844467163,-0.002356886863708496,-9.340312004089355
76403822000,0.0,0.0,-0.0,-2.999112844467163,-0.002356886863708496,-9.340312004089355
76410655000,0.0,0.0,-0.0,-2.999112844467163,-0.002356886863708496,-9.340312004089355
76417639000,0.0,0.0,-0.0,-2.999112844467163,-0.002356886863708496,-9.340312004089355
76424571000,0.0,0.0,-0.0,-2.999112844467163,-0.002356886863708496,-9.340312004089355
76438456000,0.0,0.0,-0.0,-2.999112844467163,-0.002356886863708496,-9.340312004089355
76445413000,0.0,0.0,-0.0,-2.999112844467163,-0.002356886863708496,-9.340312004089355
76452362000,0.0,0.0,-0.0,-2.999112844467163,-0.002356886863708496,-9.340312004089355
76459271000,0.0,0.0,-0.0,-2.999112844467163,-0.002356886863708496,-9.340312004089355
76473172000,0.0,0.0,-0.0,-2.999112844467163,-0.002356886863708496,-9.340312004089355
76480086000,0.0,0.0,-0.0,-2.999112844467163,-0.002356886863708496,-9.340312004089355
76487073000,0.0,0.0,-0.0,-2.999112844467163,-0.002356886863708496,-9.340312004089355
76494015000,0.0,0.0,-0.0,-2.999112844467163,-0.002356886863708496,-9.340312004089355
76500978000,0.0,0.0,-0.0,-2.999112844467163,-0.002356886863708496,-9.340312004089355
76514830000,0.0,0.0,-0.0,-2.999112844467163,-0.002356886863708496,-9.340312004089355
76521800000,0.0,0.0,-0.0,-2.999112844467163,-0.002356886863708496,-9.340312004089355
76528739000,0.0,0.0,-0.0,-2.999112844467163,-0.002356886863708496,-9.340312004089355
76535709000,0.0,0.0,-0.0,-2.999112844467163,-0.002356886863708496,-9.340312004089355
76549561000,0.0,0.0,-0.0,-2.999112844467163,-0.002356886863708496,-9.340312004089355
76556532000,0.0,0.0,-0.0,-2.999112844467163,-0.002356886863708496,-9.340312004089355
76563438000,0.0,0.0,-0.0,-2.999112844467163,-0.002356886863708496,-9.340312004089355
76570427000,0.0,0.0,-0.0,-2.999112844467163,-0.002356886863708496,-9.340312004089355
76577357000,0.0,0.0,-0.0,-2.999112844467163,-0.002356886863708496,-9.340312004089355
76591238000,0.0,0.0,-0.0,-2.999112844467163,-0.002356886863708496,-9.340312004089355
76598189000,0.0,0.0,-0.0,-2.999112844467163,-0.002356886863708496,-9.340312004089355
76605181000,0.0,0.0,-0.0,-2.999112844467163,-0.002356886863708496,-9.340312004089355
76612055000,0.0,0.0,-0.0,-2.999112844467163,-0.002356886863708496,-9.340312004089355
76625951000,0.0,0.0,-0.0,-2.999112844467163,-0.002356886863708496,-9.340312004089355
76632953000,0.0,0.0,-0.0,-2.999112844467163,-0.002356886863708496,-9.340312004089355
76639838000,0.0,0.0,-0.0,-2.999112844467163,-0.002356886863708496,-9.340312004089355
76646771000,0.0,0.0,-0.0,-2.999112844467163,-0.002356886863708496,-9.340312004089355
76653792000,0.0,0.0,-0.0,-2.999112844467163,-0.002356886863708496,-9.340312004089355
76667653000,0.0,0.0,-0.0,-2.999112844467163,-0.002356886863708496,-9.340312004089355
76674564000,0.0,0.0,-0.0,-2.999112844467163,-0.002356886863708496,-9.340312004089355
76681539000,0.0,0.0,-0.0,-2.999112844467163,-0.002356886863708496,-9.340312004089355
76688464000,0.0,0.0,-0.0,-2.999112844467163,-0.002356886863708496,-9.340312004089355
76702374000,0.0,0.0,-0.0,-2.999112844467163,-0.002356886863708496,-9.340312004089355
76709280000,0.0,0.0,-0.0,-2.999112844467163,-0.002356886863708496,-9.340312004089355
76716285000,0.0,0.0,-0.0,-2.999112844467163,-0.002356886863708496,-9.340312004089355
76723188000,0.0,0.0,-0.0,-2.999112844467163,-0.002356886863708496,-9.340312004089355
76737163000,0.0,0.0,-0.0,-2.999112844467163,-0.002356886863708496,-9.340312004089355
76744011000,0.0,0.0,-0.0,-2.999112844467163,-0.002356886863708496,-9.340312004089355
76751000000,0.0,0.0,-0.0,-2.999112844467163,-0.002356886863708496,-9.340312004089355
76757911000,0.0,0.0,-0.0,-2.999112844467163,-0.002356886863708496,-9.340312004089355
76764968000,0.0,0.0,-0.0,-2.999112844467163,-0.002356886863708496,-9.340312004089355
76778724000,0.0,0.0,-0.0,-2.999112844467163,-0.002356886863708496,-9.340312004089355
76785701000,0.0,0.0,-0.0,-2.999112844467163,-0.002356886863708496,-9.340312004089355
76792643000,0.0,0.0,-0.0,-2.999112844467163,-0.002356886863708496,-9.340312004089355
76799609000,0.0,0.0,-0.0,-2.999112844467163,-0.002356886863708496,-9.340312004089355
76813448000,0.0,0.0,-0.0,-2.999112844467163,-0.002356886863708496,-9.340312004089355
76820431000,0.0,0.0,-0.0,-2.999112844467163,-0.002356886863708496,-9.340312004089355
76827485000,0.0,0.0,-0.0,-2.999112844467163,-0.002356886863708496,-9.340312004089355
76834375000,0.0,0.0,-0.0,-2.999112844467163,-0.002356886863708496,-9.340312004089355
76841285000,0.0,0.0,-0.0,-2.999112844467163,-0.002356886863708496,-9.340312004089355
76855187000,0.0,0.0,-0.0,-2.999112844467163,-0.002356886863708496,-9.340312004089355
76862147000,0.0,0.0,-0.0,-2.999112844467163,-0.002356886863708496,-9.340312004089355
76869119000,0.0,0.0,-0.0,-2.999112844467163,-0.002356886863708496,-9.340312004089355
76876021000,0.0,0.0,-0.0,-2.999112844467163,-0.002356886863708496,-9.340312004089355
76889962000,0.0,0.0,-0.0,-2.999112844467163,-0.002356886863708496,-9.340312004089355
76896883000,0.0,0.0,-0.0,-2.999112844467163,-0.002356886863708496,-9.340312004089355
76904133000,0.0,0.0,-0.0,-2.999112844467163,-0.002356886863708496,-9.340312004089355
76910739000,0.0,0.0,-0.0,-2.999112844467163,-0.002356886863708496,-9.340312004089355
76917771000,0.0,0.0,-0.0,-2.999112844467163,-0.002356886863708496,-9.340312004089355
76931875000,0.0,0.0,-0.0,-2.999112844467163,-0.002356886863708496,-9.340312004089355
76938538000,0.0,0.0,-0.0,-2.999112844467163,-0.002356886863708496,-9.340312004089355
76945522000,0.0,0.0,-0.0,-2.999112844467163,-0.002356886863708496,-9.340312004089355
76952511000,0.0,0.0,-0.0,-2.999112844467163,-0.002356886863708496,-9.340312004089355
76959361000,0.0,0.0,-0.0,-2.999112844467163,-0.002356886863708496,-9.340312004089355
76973315000,0.0,0.0,-0.0,-2.999112844467163,-0.002356886863708496,-9.340312004089355
76980229000,0.0,0.0,-0.0,-2.999112844467163,-0.002356886863708496,-9.340312004089355
76987214000,0.0,0.0,-0.0,-2.999112844467163,-0.002356886863708496,-9.340312004089355
76994116000,0.0,0.0,-0.0,-2.999112844467163,-0.002356886863708496,-9.340312004089355
77007987000,0.0,0.0,-0.0,-2.999112844467163,-0.002356886863708496,-9.340312004089355
77014963000,0.0,0.0,-0.0,-2.999112844467163,-0.002356886863708496,-9.340312004089355
77021916000,0.0,0.0,-0.0,-2.999112844467163,-0.002356886863708496,-9.340312004089355
77028849000,0.0,0.0,-0.0,-2.999112844467163,-0.002356886863708496,-9.340312004089355
77035853000,0.0,0.0,-0.0,-2.999112844467163,-0.002356886863708496,-9.340312004089355
77042716000,0.0,0.0,-0.0,-2.999112844467163,-0.002356886863708496,-9.340312004089355
77056655000,0.0,0.0,-0.0,-2.999112844467163,-0.002356886863708496,-9.340312004089355
77063501000,0.0,0.0,-0.0,-2.999112844467163,-0.002356886863708496,-9.340312004089355
77070580000,0.0,0.0,-0.0,-2.999112844467163,-0.002356886863708496,-9.340312004089355
77077412000,0.0,0.0,-0.0,-2.999112844467163,-0.002356886863708496,-9.340312004089355
77091341000,0.0,0.0,-0.0,-2.999112844467163,-0.002356886863708496,-9.340312004089355
77098269000,0.0,0.0,-0.0,-2.999112844467163,-0.002356886863708496,-9.340312004089355
77105339000,0.0,0.0,-0.0,-2.999112844467163,-0.002356886863708496,-9.340312004089355
77112126000,0.0,0.0,-0.0,-2.999112844467163,-0.002356886863708496,-9.340312004089355
77126082000,0.0,0.0,-0.0,-2.999112844467163,-0.002356886863708496,-9.340312004089355
77133028000,0.0,0.0,-0.0,-2.999112844467163,-0.002356886863708496,-9.340312004089355
77140647000,0.0,0.0,-0.0,-2.999112844467163,-0.002356886863708496,-9.340312004089355
77147377000,0.0,0.0,-0.0,-2.999112844467163,-0.002356886863708496,-9.340312004089355
77154464000,0.0,0.0,-0.0,-2.999112844467163,-0.002356886863708496,-9.340312004089355
77168278000,0.0,0.0,-0.0,-2.999112844467163,-0.002356886863708496,-9.340312004089355
77175145000,0.0,0.0,-0.0,-2.999112844467163,-0.002356886863708496,-9.340312004089355
77182111000,0.0,0.0,-0.0,-2.999112844467163,-0.002356886863708496,-9.340312004089355
77189037000,0.0,0.0,-0.0,-2.999112844467163,-0.002356886863708496,-9.340312004089355
77203069000,0.0,0.0,-0.0,-2.999112844467163,-0.002356886863708496,-9.340312004089355
77209885000,0.0,0.0,-0.0,-2.999112844467163,-0.002356886863708496,-9.340312004089355
77216830000,0.0,0.0,-0.0,-2.999112844467163,-0.002356886863708496,-9.340312004089355
77223791000,0.0,0.0,-0.0,-2.999112844467163,-0.002356886863708496,-9.340312004089355
77230711000,0.0,0.0,-0.0,-2.999112844467163,-0.002356886863708496,-9.340312004089355
77244619000,0.0,0.0,-0.0,-2.999112844467163,-0.002356886863708496,-9.340312004089355
77251550000,0.0,0.0,-0.0,-2.999112844467163,-0.002356886863708496,-9.340312004089355
77258507000,0.0,0.0,-0.0,-2.999112844467163,-0.002356886863708496,-9.340312004089355
77272374000,0.0,0.0,-0.0,-2.999112844467163,-0.002356886863708496,-9.340312004089355
77279315000,0.0,0.0,-0.0,-2.999112844467163,-0.002356886863708496,-9.340312004089355
77286285000,0.0,0.0,-0.0,-2.999112844467163,-0.002356886863708496,-9.340312004089355
77293196000,0.0,0.0,-0.0,-2.999112844467163,-0.002356886863708496,-9.340312004089355
77300135000,0.0,0.0,-0.0,-2.999112844467163,-0.002356886863708496,-9.340312004089355
77313995000,0.0,0.0,-0.0,-2.999112844467163,-0.002356886863708496,-9.340312004089355
77321051000,0.0,0.0,-0.0,-2.999112844467163,-0.002356886863708496,-9.340312004089355
77327936000,0.0,0.0,-0.0,-2.999112844467163,-0.002356886863708496,-9.340312004089355
77334937000,0.0,0.0,-0.0,-2.999112844467163,-0.002356886863708496,-9.340312004089355
77348961000,0.0,0.0,-0.0,-2.999112844467163,-0.002356886863708496,-9.340312004089355
77355732000,0.0,0.0,-0.0,-2.999112844467163,-0.002356886863708496,-9.340312004089355
77362903000,0.0,0.0,-0.0,-2.999112844467163,-0.002356886863708496,-9.340312004089355
77369731000,0.0,0.0,-0.0,-2.999112844467163,-0.002356886863708496,-9.340312004089355
77376579000,0.0,0.0,-0.0,-2.999112844467163,-0.002356886863708496,-9.340312004089355
77390466000,0.0,0.0,-0.0,-2.999112844467163,-0.002356886863708496,-9.340312004089355
77397403000,0.0,0.0,-0.0,-2.999112844467163,-0.002356886863708496,-9.340312004089355
77404472000,0.0,0.0,-0.0,-2.999112844467163,-0.002356886863708496,-9.340312004089355
77411310000,0.0,0.0,-0.0,-2.999112844467163,-0.002356886863708496,-9.340312004089355
77418340000,0.0,0.0,-0.0,-2.999112844467163,-0.002356886863708496,-9.340312004089355
77432386000,0.0,0.0,-0.0,-2.999112844467163,-0.002356886863708496,-9.340312004089355
77439140000,0.0,0.0,-0.0,-2.999112844467163,-0.002356886863708496,-9.340312004089355
77446011000,0.0,0.0,-0.0,-2.999112844467163,-0.002356886863708496,-9.340312004089355
77453036000,0.0,0.0,-0.0,-2.999112844467163,-0.002356886863708496,-9.340312004089355
77466925000,0.0,0.0,-0.0,-2.999112844467163,-0.002356886863708496,-9.340312004089355
77473846000,0.0,0.0,-0.0,-2.999112844467163,-0.002356886863708496,-9.340312004089355
77480758000,0.0,0.0,-0.0,-2.999112844467163,-0.002356886863708496,-9.340312004089355
77487856000,0.0,0.0,-0.0,-2.999112844467163,-0.002356886863708496,-9.340312004089355
77501612000,0.0,0.0,-0.0,-2.999112844467163,-0.002356886863708496,-9.340312004089355
77508584000,0.0,0.0,-0.0,-2.999112844467163,-0.002356886863708496,-9.340312004089355
77515565000,0.0,0.0,-0.0,-2.999112844467163,-0.002356886863708496,-9.340312004089355
77522500000,0.0,0.0,-0.0,-2.999112844467163,-0.002356886863708496,-9.340312004089355
77529519000,0.0,0.0,-0.0,-2.999112844467163,-0.002356886863708496,-9.340312004089355
77543343000,0.0,0.0,-0.0,-2.999112844467163,-0.002356886863708496,-9.340312004089355
77550324000,0.0,0.0,-0.0,-2.999112844467163,-0.002356886863708496,-9.340312004089355
77557239000,0.0,0.0,-0.0,-2.999112844467163,-0.002356886863708496,-9.340312004089355
77564236000,0.0,0.0,-0.0,-2.999112844467163,-0.002356886863708496,-9.340312004089355
77578122000,0.0,0.0,-0.0,-2.999112844467163,-0.002356886863708496,-9.340312004089355
77585036000,0.0,0.0,-0.0,-2.999112844467163,-0.002356886863708496,-9.340312004089355
77592173000,0.0,0.0,-0.0,-2.999112844467163,-0.002356886863708496,-9.340312004089355
77598969000,0.0,0.0,-0.0,-2.999112844467163,-0.002356886863708496,-9.340312004089355
77612922000,0.0,0.0,-0.0,-2.999112844467163,-0.002356886863708496,-9.340312004089355
77620169000,0.0,0.0,-0.0,-2.999112844467163,-0.002356886863708496,-9.340312004089355
77626790000,0.0,0.0,-0.0,-2.999112844467163,-0.002356886863708496,-9.340312004089355
77633751000,0.0,0.0,-0.0,-2.999112844467163,-0.002356886863708496,-9.340312004089355
77640731000,0.0,0.0,-0.0,-2.999112844467163,-0.002356886863708496,-9.340312004089355
77654504000,0.0,0.0,-0.0,-2.999112844467163,-0.002356886863708496,-9.340312004089355
77661465000,0.0,0.0,-0.0,-2.999112844467163,-0.002356886863708496,-9.340312004089355
77668428000,0.0,0.0,-0.0,-2.999112844467163,-0.002356886863708496,-9.340312004089355
77675338000,0.0,0.0,-0.0,-2.999112844467163,-0.002356886863708496,-9.340312004089355
77689255000,0.0,0.0,-0.0,-2.999112844467163,-0.002356886863708496,-9.340312004089355
77696221000,0.0,0.0,-0.0,-2.999112844467163,-0.002356886863708496,-9.340312004089355
77703227000,0.0,0.0,-0.0,-2.999112844467163,-0.002356886863708496,-9.340312004089355
77710184000,0.0,0.0,-0.0,-2.999112844467163,-0.002356886863708496,-9.340312004089355
77724061000,0.0,0.0,-0.0,-2.999112844467163,-0.002356886863708496,-9.340312004089355
77731317000,0.0,0.0,-0.0,-2.999112844467163,-0.002356886863708496,-9.340312004089355
77738132000,0.0,0.0,-0.0,-2.999112844467163,-0.002356886863708496,-9.340312004089355
77745111000,0.0,0.0,-0.0,-2.999112844467163,-0.002356886863708496,-9.340312004089355
77752206000,0.0,0.0,-0.0,-2.999112844467163,-0.002356886863708496,-9.340312004089355
77766135000,0.0,0.0,-0.0,-2.999112844467163,-0.002356886863708496,-9.340312004089355
77773070000,0.0,0.0,-0.0,-2.999112844467163,-0.002356886863708496,-9.340312004089355
77779982000,0.0,0.0,-0.0,-2.999112844467163,-0.002356886863708496,-9.340312004089355
77786934000,0.0,0.0,-0.0,-2.999112844467163,-0.002356886863708496,-9.340312004089355
77794602000,0.0,0.0,-0.0,-2.999112844467163,-0.002356886863708496,-9.340312004089355
77808586000,0.0,0.0,-0.0,-2.999112844467163,-0.002356886863708496,-9.340312004089355
77815541000,0.0,0.0,-0.0,-2.999112844467163,-0.002356886863708496,-9.340312004089355
77822450000,0.0,0.0,-0.0,-2.999112844467163,-0.002356886863708496,-9.340312004089355
77829381000,0.0,0.0,-0.0,-2.999112844467163,-0.002356886863708496,-9.340312004089355
77843541000,0.0,0.0,-0.0,-2.999112844467163,-0.002356886863708496,-9.340312004089355
77850523000,0.0,0.0,-0.0,-2.999112844467163,-0.002356886863708496,-9.340312004089355
77857507000,0.0,0.0,-0.0,-2.999112844467163,-0.002356886863708496,-9.340312004089355
77864387000,0.0,0.0,-0.0,-2.999112844467163,-0.002356886863708496,-9.340312004089355
77878384000,0.0,0.0,-0.0,-2.999112844467163,-0.002356886863708496,-9.340312004089355
77885408000,0.0,0.0,-0.0,-2.999112844467163,-0.002356886863708496,-9.340312004089355
77892347000,0.0,0.0,-0.0,-2.999112844467163,-0.002356886863708496,-9.340312004089355
77899267000,0.0,0.0,-0.0,-2.999112844467163,-0.002356886863708496,-9.340312004089355
77906230000,0.0,0.0,-0.0,-2.999112844467163,-0.002356886863708496,-9.340312004089355
77920434000,0.0,0.0,-0.0,-2.999112844467163,-0.002356886863708496,-9.340312004089355
77927324000,0.0,0.0,-0.0,-2.999112844467163,-0.002356886863708496,-9.340312004089355
77934354000,0.0,0.0,-0.0,-2.999112844467163,-0.002356886863708496,-9.340312004089355
77941312000,0.0,0.0,-0.0,-2.999112844467163,-0.002356886863708496,-9.340312004089355
77955175000,0.0,0.0,-0.0,-2.999112844467163,-0.002356886863708496,-9.340312004089355
77962253000,0.0,0.0,-0.0,-2.999112844467163,-0.002356886863708496,-9.340312004089355
77969396000,0.0,0.0,-0.0,-2.999112844467163,-0.002356886863708496,-9.340312004089355
77976203000,0.0,0.0,-0.0,-2.999112844467163,-0.002356886863708496,-9.340312004089355
77983191000,0.0,0.0,-0.0,-2.999112844467163,-0.002356886863708496,-9.340312004089355
77990196000,0.0,0.0,-0.0,-2.999112844467163,-0.002356886863708496,-9.340312004089355
78004052000,0.0,0.0,-0.0,-2.999112844467163,-0.002356886863708496,-9.340312004089355
78011133000,0.0,0.0,-0.0,-2.999112844467163,-0.002356886863708496,-9.340312004089355
78018208000,0.0,0.0,-0.0,-2.999112844467163,-0.002356886863708496,-9.340312004089355
78025200000,0.0,0.0,-0.0,-2.999112844467163,-0.002356886863708496,-9.340312004089355
78032573000,0.0,0.0,-0.0,-2.999112844467163,-0.002356886863708496,-9.340312004089355
78046593000,0.0,0.0,-0.0,-2.999112844467163,-0.002356886863708496,-9.340312004089355
78053699000,0.0,0.0,-0.0,-2.999112844467163,-0.002356886863708496,-9.340312004089355
78061153000,0.0,0.0,-0.0,-2.999112844467163,-0.002356886863708496,-9.340312004089355
78068307000,0.0,0.0,-0.0,-2.999112844467163,-0.002356886863708496,-9.340312004089355
78075175000,0.0,0.0,-0.0,-2.999112844467163,-0.002356886863708496,-9.340312004089355
78089306000,0.0,0.0,-0.0,-2.999112844467163,-0.002356886863708496,-9.340312004089355
78096312000,0.0,0.0,-0.0,-2.999112844467163,-0.002356886863708496,-9.340312004089355
78103488000,0.0,0.0,-0.0,-2.999112844467163,-0.002356886863708496,-9.340312004089355
78110548000,0.0,0.0,-0.0,-2.999112844467163,-0.002356886863708496,-9.340312004089355
78124449000,0.0,0.0,-0.0,-2.999112844467163,-0.002356886863708496,-9.340312004089355
78131445000,0.0,0.0,-0.0,-2.999112844467163,-0.002356886863708496,-9.340312004089355
78138462000,0.0,0.0,-0.0,-2.999112844467163,-0.002356886863708496,-9.340312004089355
78145442000,0.0,0.0,-0.0,-2.999112844467163,-0.002356886863708496,-9.340312004089355
78152261000,0.0,0.0,-0.0,-2.999112844467163,-0.002356886863708496,-9.340312004089355
78166111000,0.0,0.0,-0.0,-2.999112844467163,-0.002356886863708496,-9.340312004089355
78173070000,0.0,0.0,-0.0,-2.999112844467163,-0.002356886863708496,-9.340312004089355
78179974000,0.0,0.0,-0.0,-2.999112844467163,-0.002356886863708496,-9.340312004089355
78186961000,0.0,0.0,-0.0,-2.999112844467163,-0.002356886863708496,-9.340312004089355
78200918000,0.0,0.0,-0.0,-2.999112844467163,-0.002356886863708496,-9.340312004089355
78207769000,0.0,0.0,-0.0,-2.999112844467163,-0.002356886863708496,-9.340312004089355
78214688000,0.0,0.0,-0.0,-2.999112844467163,-0.002356886863708496,-9.340312004089355
78221708000,0.0,0.0,-0.0,-2.999112844467163,-0.002356886863708496,-9.340312004089355
78235584000,0.0,0.0,-0.0,-2.999112844467163,-0.002356886863708496,-9.340312004089355
78242511000,0.0,0.0,-0.0,-2.999112844467163,-0.002356886863708496,-9.340312004089355
78249445000,0.0,0.0,-0.0,-2.999112844467163,-0.002356886863708496,-9.340312004089355
78256521000,0.0,0.0,-0.0,-2.999112844467163,-0.002356886863708496,-9.340312004089355
78263283000,0.0,0.0,-0.0,-2.999112844467163,-0.002356886863708496,-9.340312004089355
78277183000,0.0,0.0,-0.0,-2.999112844467163,-0.002356886863708496,-9.340312004089355
78284161000,0.0,0.0,-0.0,-2.999112844467163,-0.002356886863708496,-9.340312004089355
78291112000,0.0,0.0,-0.0,-2.999112844467163,-0.002356886863708496,-9.340312004089355
78297989000,0.0,0.0,-0.0,-2.999112844467163,-0.002356886863708496,-9.340312004089355
78304997000,0.0,0.0,-0.0,-2.999112844467163,-0.002356886863708496,-9.340312004089355
78318898000,0.0,0.0,-0.0,-2.999112844467163,-0.002356886863708496,-9.340312004089355
78325814000,0.0,0.0,-0.0,-2.999112844467163,-0.002356886863708496,-9.340312004089355
78332754000,0.0,0.0,-0.0,-2.999112844467163,-0.002356886863708496,-9.340312004089355
78339707000,0.0,0.0,-0.0,-2.999112844467163,-0.002356886863708496,-9.340312004089355
78346626000,0.0,0.0,-0.0,-2.999112844467163,-0.002356886863708496,-9.340312004089355
78360798000,0.0,0.0,-0.0,-2.999112844467163,-0.002356886863708496,-9.340312004089355
78367568000,0.0,0.0,-0.0,-2.999112844467163,-0.002356886863708496,-9.340312004089355
78374394000,0.0,0.0,-0.0,-2.999112844467163,-0.002356886863708496,-9.340312004089355
78381326000,0.0,0.0,-0.0,-2.999112844467163,-0.002356886863708496,-9.340312004089355
78395390000,0.0,0.0,-0.0,-2.999112844467163,-0.002356886863708496,-9.340312004089355
78402317000,0.0,0.0,-0.0,-2.999112844467163,-0.002356886863708496,-9.340312004089355
78409227000,0.0,0.0,-0.0,-2.999112844467163,-0.002356886863708496,-9.340312004089355
78416215000,0.0,0.0,-0.0,-2.999112844467163,-0.002356886863708496,-9.340312004089355
78423114000,0.0,0.0,-0.0,-2.999112844467163,-0.002356886863708496,-9.340312004089355
78436997000,0.0,0.0,-0.0,-2.999112844467163,-0.002356886863708496,-9.340312004089355
78443957000,0.0,0.0,-0.0,-2.999112844467163,-0.002356886863708496,-9.340312004089355
78450966000,0.0,0.0,-0.0,-2.999112844467163,-0.002356886863708496,-9.340312004089355
78457850000,0.0,0.0,-0.0,-2.999112844467163,-0.002356886863708496,-9.340312004089355
78464737000,0.0,0.0,-0.0,-2.999112844467163,-0.002356886863708496,-9.340312004089355
78478698000,0.0,0.0,-0.0,-2.999112844467163,-0.002356886863708496,-9.340312004089355
78485623000,0.0,0.0,-0.0,-2.999112844467163,-0.002356886863708496,-9.340312004089355
78492706000,0.0,0.0,-0.0,-2.999112844467163,-0.002356886863708496,-9.340312004089355
78499588000,0.0,0.0,-0.0,-2.999112844467163,-0.002356886863708496,-9.340312004089355
78513459000,0.0,0.0,-0.0,-2.999112844467163,-0.002356886863708496,-9.340312004089355
78520435000,0.0,0.0,-0.0,-2.999112844467163,-0.002356886863708496,-9.340312004089355
78527399000,0.0,0.0,-0.0,-2.999112844467163,-0.002356886863708496,-9.340312004089355
78534340000,0.0,0.0,-0.0,-2.999112844467163,-0.002356886863708496,-9.340312004089355
78541238000,0.0,0.0,-0.0,-2.999112844467163,-0.002356886863708496,-9.340312004089355
78555213000,0.0,0.0,-0.0,-2.999112844467163,-0.002356886863708496,-9.340312004089355
78562109000,0.0,0.0,-0.0,-2.999112844467163,-0.002356886863708496,-9.340312004089355
78569089000,0.0,0.0,-0.0,-2.999112844467163,-0.002356886863708496,-9.340312004089355
78575969000,0.0,0.0,-0.0,-2.999112844467163,-0.002356886863708496,-9.340312004089355
78582933000,0.0,0.0,-0.0,-2.999112844467163,-0.002356886863708496,-9.340312004089355
78596802000,0.0,0.0,-0.0,-2.999112844467163,-0.002356886863708496,-9.340312004089355
78603798000,0.0,0.0,-0.0,-2.999112844467163,-0.002356886863708496,-9.340312004089355
78610735000,0.0,0.0,-0.0,-2.999112844467163,-0.002356886863708496,-9.340312004089355
78617701000,0.0,0.0,-0.0,-2.999112844467163,-0.002356886863708496,-9.340312004089355
78631561000,0.0,0.0,-0.0,-2.999112844467163,-0.002356886863708496,-9.340312004089355
78638511000,0.0,0.0,-0.0,-2.999112844467163,-0.002356886863708496,-9.340312004089355
78645420000,0.0,0.0,-0.0,-2.999112844467163,-0.002356886863708496,-9.340312004089355
78652467000,0.0,0.0,-0.0,-2.999112844467163,-0.002356886863708496,-9.340312004089355
78666436000,0.0,0.0,-0.0,-2.999112844467163,-0.002356886863708496,-9.340312004089355
78673244000,0.0,0.0,-0.0,-2.999112844467163,-0.002356886863708496,-9.340312004089355
78680160000,0.0,0.0,-0.0,-2.999112844467163,-0.002356886863708496,-9.340312004089355
78687132000,0.0,0.0,-0.0,-2.999112844467163,-0.002356886863708496,-9.340312004089355
78694078000,0.0,0.0,-0.0,-2.999112844467163,-0.002356886863708496,-9.340312004089355
78707954000,0.0,0.0,-0.0,-2.999112844467163,-0.002356886863708496,-9.340312004089355
78714864000,0.0,0.0,-0.0,-2.999112844467163,-0.002356886863708496,-9.340312004089355
78721841000,0.0,0.0,-0.0,-2.999112844467163,-0.002356886863708496,-9.340312004089355
78728787000,0.0,0.0,-0.0,-2.999112844467163,-0.002356886863708496,-9.340312004089355
78742710000,0.0,0.0,-0.0,-2.999112844467163,-0.002356886863708496,-9.340312004089355
78749601000,0.0,0.0,-0.0,-2.999112844467163,-0.002356886863708496,-9.340312004089355
78756614000,0.0,0.0,-0.0,-2.999112844467163,-0.002356886863708496,-9.340312004089355
78763478000,0.0,0.0,-0.0,-2.999112844467163,-0.002356886863708496,-9.340312004089355
78770459000,0.0,0.0,-0.0,-2.999112844467163,-0.002356886863708496,-9.340312004089355
78784320000,0.0,0.0,-0.0,-2.999112844467163,-0.002356886863708496,-9.340312004089355
78791281000,0.0,0.0,-0.0,-2.999112844467163,-0.002356886863708496,-9.340312004089355
78798199000,0.0,0.0,-0.0,-2.999112844467163,-0.002356886863708496,-9.340312004089355
78805190000,0.0,0.0,-0.0,-2.999112844467163,-0.002356886863708496,-9.340312004089355
78812147000,0.0,0.0,-0.0,-2.999112844467163,-0.002356886863708496,-9.340312004089355
78826036000,0.0,0.0,-0.0,-2.999112844467163,-0.002356886863708496,-9.340312004089355
78832915000,0.0,0.0,-0.0,-2.999112844467163,-0.002356886863708496,-9.340312004089355
78839911000,0.0,0.0,-0.0,-2.999112844467163,-0.002356886863708496,-9.340312004089355
78846874000,0.0,0.0,-0.0,-2.999112844467163,-0.002356886863708496,-9.340312004089355
78860723000,0.0,0.0,-0.0,-2.999112844467163,-0.002356886863708496,-9.340312004089355
78867761000,0.0,0.0,-0.0,-2.999112844467163,-0.002356886863708496,-9.340312004089355
78874587000,0.0,0.0,-0.0,-2.999112844467163,-0.002356886863708496,-9.340312004089355
78881523000,0.0,0.0,-0.0,-2.999112844467163,-0.002356886863708496,-9.340312004089355
78888548000,0.0,0.0,-0.0,-2.999112844467163,-0.002356886863708496,-9.340312004089355
78895449000,0.0,0.0,-0.0,-2.999112844467163,-0.002356886863708496,-9.340312004089355
78909314000,0.0,0.0,-0.0,-2.999112844467163,-0.002356886863708496,-9.340312004089355
78916239000,0.0,0.0,-0.0,-2.999112844467163,-0.002356886863708496,-9.340312004089355
78923254000,0.0,0.0,-0.0,-2.999112844467163,-0.002356886863708496,-9.340312004089355
78930177000,0.0,0.0,-0.0,-2.999112844467163,-0.002356886863708496,-9.340312004089355
78944078000,0.0,0.0,-0.0,-2.999112844467163,-0.002356886863708496,-9.340312004089355
78951059000,0.0,0.0,-0.0,-2.999112844467163,-0.002356886863708496,-9.340312004089355
78958010000,0.0,0.0,-0.0,-2.999112844467163,-0.002356886863708496,-9.340312004089355
78964880000,0.0,0.0,-0.0,-2.999112844467163,-0.002356886863708496,-9.340312004089355
78971866000,0.0,0.0,-0.0,-2.999112844467163,-0.002356886863708496,-9.340312004089355
78985735000,0.0,0.0,-0.0,-2.999112844467163,-0.002356886863708496,-9.340312004089355
78992679000,0.0,0.0,-0.0,-2.999112844467163,-0.002356886863708496,-9.340312004089355
78999603000,0.0,0.0,-0.0,-2.999112844467163,-0.002356886863708496,-9.340312004089355
79006605000,0.0,0.0,-0.0,-2.999112844467163,-0.002356886863708496,-9.340312004089355
79013512000,0.0,0.0,-0.0,-2.999112844467163,-0.002356886863708496,-9.340312004089355
79027442000,0.0,0.0,-0.0,-2.999112844467163,-0.002356886863708496,-9.340312004089355
79034399000,0.0,0.0,-0.0,-2.999112844467163,-0.002356886863708496,-9.340312004089355
79041273000,0.0,0.0,-0.0,-2.999112844467163,-0.002356886863708496,-9.340312004089355
79048205000,0.0,0.0,-0.0,-2.999112844467163,-0.002356886863708496,-9.340312004089355
79055212000,0.0,0.0,-0.0,-2.999112844467163,-0.002356886863708496,-9.340312004089355
79069132000,0.0,0.0,-0.0,-2.999112844467163,-0.002356886863708496,-9.340312004089355
79076003000,0.0,0.0,-0.0,-2.999112844467163,-0.002356886863708496,-9.340312004089355
79082928000,0.0,0.0,-0.0,-2.999112844467163,-0.002356886863708496,-9.340312004089355
79089906000,0.0,0.0,-0.0,-2.999112844467163,-0.002356886863708496,-9.340312004089355
79103816000,0.0,0.0,-0.0,-2.999112844467163,-0.002356886863708496,-9.340312004089355
79110710000,0.0,0.0,-0.0,-2.999112844467163,-0.002356886863708496,-9.340312004089355
79117721000,0.0,0.0,-0.0,-2.999112844467163,-0.002356886863708496,-9.340312004089355
79124603000,0.0,0.0,-0.0,-2.999112844467163,-0.002356886863708496,-9.340312004089355
79131554000,0.0,0.0,-0.0,-2.999112844467163,-0.002356886863708496,-9.340312004089355
79145437000,0.0,0.0,-0.0,-2.999112844467163,-0.002356886863708496,-9.340312004089355
79152406000,0.0,0.0,-0.0,-2.999112844467163,-0.002356886863708496,-9.340312004089355
79159379000,0.0,0.0,-0.0,-2.999112844467163,-0.002356886863708496,-9.340312004089355
79166270000,0.0,0.0,-0.0,-2.999112844467163,-0.002356886863708496,-9.340312004089355
79173308000,0.0,0.0,-0.0,-2.999112844467163,-0.002356886863708496,-9.340312004089355
79187154000,0.0,0.0,-0.0,-2.999112844467163,-0.002356886863708496,-9.340312004089355
79194058000,0.0,0.0,-0.0,-2.999112844467163,-0.002356886863708496,-9.340312004089355
79201060000,0.0,0.0,-0.0,-2.999112844467163,-0.002356886863708496,-9.340312004089355
79207977000,0.0,0.0,-0.0,-2.999112844467163,-0.002356886863708496,-9.340312004089355
79221935000,0.0,0.0,-0.0,-2.999112844467163,-0.002356886863708496,-9.340312004089355
79228915000,0.0,0.0,-0.0,-2.999112844467163,-0.002356886863708496,-9.340312004089355
79235760000,0.0,0.0,-0.0,-2.999112844467163,-0.002356886863708496,-9.340312004089355
79242741000,0.0,0.0,-0.0,-2.999112844467163,-0.002356886863708496,-9.340312004089355
79249616000,0.0,0.0,-0.0,-2.999112844467163,-0.002356886863708496,-9.340312004089355
79263538000,0.0,0.0,-0.0,-2.999112844467163,-0.002356886863708496,-9.340312004089355
79270529000,0.0,0.0,-0.0,-2.999112844467163,-0.002356886863708496,-9.340312004089355
79277414000,0.0,0.0,-0.0,-2.999112844467163,-0.002356886863708496,-9.340312004089355
79284601000,0.0,0.0,-0.0,-2.999112844467163,-0.002356886863708496,-9.340312004089355
79298250000,0.0,0.0,-0.0,-2.999112844467163,-0.002356886863708496,-9.340312004089355
79305256000,0.0,0.0,-0.0,-2.999112844467163,-0.002356886863708496,-9.340312004089355
79312206000,0.0,0.0,-0.0,-2.999112844467163,-0.002356886863708496,-9.340312004089355
79319143000,0.0,0.0,-0.0,-2.999112844467163,-0.002356886863708496,-9.340312004089355
79332994000,0.0,0.0,-0.0,-2.999112844467163,-0.002356886863708496,-9.340312004089355
79340034000,0.0,0.0,-0.0,-2.999112844467163,-0.002356886863708496,-9.340312004089355
79346859000,0.0,0.0,-0.0,-2.999112844467163,-0.002356886863708496,-9.340312004089355
79353843000,0.0,0.0,-0.0,-2.999112844467163,-0.002356886863708496,-9.340312004089355
79360766000,0.0,0.0,-0.0,-2.999112844467163,-0.002356886863708496,-9.340312004089355
79374656000,0.0,0.0,-0.0,-2.999112844467163,-0.002356886863708496,-9.340312004089355
79381610000,0.0,0.0,-0.0,-2.999112844467163,-0.002356886863708496,-9.340312004089355
79388563000,0.0,0.0,-0.0,-2.999112844467163,-0.002356886863708496,-9.340312004089355
79395559000,0.0,0.0,-0.0,-2.999112844467163,-0.002356886863708496,-9.340312004089355
79409402000,0.0,0.0,-0.0,-2.999112844467163,-0.002356886863708496,-9.340312004089355
79416328000,0.0,0.0,-0.0,-2.999112844467163,-0.002356886863708496,-9.340312004089355
79423307000,0.0,0.0,-0.0,-2.999112844467163,-0.002356886863708496,-9.340312004089355
79430225000,0.0,0.0,-0.0,-2.999112844467163,-0.002356886863708496,-9.340312004089355
79437204000,0.0,0.0,-0.0,-2.999112844467163,-0.002356886863708496,-9.340312004089355
79451116000,0.0,0.0,-0.0,-2.999112844467163,-0.002356886863708496,-9.340312004089355
79458046000,0.0,0.0,-0.0,-2.999112844467163,-0.002356886863708496,-9.340312004089355
79464970000,0.0,0.0,-0.0,-2.999112844467163,-0.002356886863708496,-9.340312004089355
79471905000,0.0,0.0,-0.0,-2.999112844467163,-0.002356886863708496,-9.340312004089355
79485814000,0.0,0.0,-0.0,-2.999112844467163,-0.002356886863708496,-9.340312004089355
79492725000,0.0,0.0,-0.0,-2.999112844467163,-0.002356886863708496,-9.340312004089355
79499650000,0.0,0.0,-0.0,-2.999112844467163,-0.002356886863708496,-9.340312004089355
79506721000,0.0,0.0,-0.0,-2.999112844467163,-0.002356886863708496,-9.340312004089355
79513547000,0.0,0.0,-0.0,-2.999112844467163,-0.002356886863708496,-9.340312004089355
79527449000,0.0,0.0,-0.0,-2.999112844467163,-0.002356886863708496,-9.340312004089355
79534485000,0.0,0.0,-0.0,-2.999112844467163,-0.002356886863708496,-9.340312004089355
79541382000,0.0,0.0,-0.0,-2.999112844467163,-0.002356886863708496,-9.340312004089355
79548270000,0.0,0.0,-0.0,-2.999112844467163,-0.002356886863708496,-9.340312004089355
79562220000,0.0,0.0,-0.0,-2.999112844467163,-0.002356886863708496,-9.340312004089355
79569152000,0.0,0.0,-0.0,-2.999112844467163,-0.002356886863708496,-9.340312004089355
79576063000,0.0,0.0,-0.0,-2.999112844467163,-0.002356886863708496,-9.340312004089355
79582987000,0.0,0.0,-0.0,-2.999112844467163,-0.002356886863708496,-9.340312004089355
79589976000,0.0,0.0,-0.0,-2.999112844467163,-0.002356886863708496,-9.340312004089355
79603882000,0.0,0.0,-0.0,-2.999112844467163,-0.002356886863708496,-9.340312004089355
79610787000,0.0,0.0,-0.0,-2.999112844467163,-0.002356886863708496,-9.340312004089355
79617818000,0.0,0.0,-0.0,-2.999112844467163,-0.002356886863708496,-9.340312004089355
79624710000,0.0,0.0,-0.0,-2.999112844467163,-0.002356886863708496,-9.340312004089355
79638610000,0.0,0.0,-0.0,-2.999112844467163,-0.002356886863708496,-9.340312004089355
79645510000,0.0,0.0,-0.0,-2.999112844467163,-0.002356886863708496,-9.340312004089355
79652508000,0.0,0.0,-0.0,-2.999112844467163,-0.002356886863708496,-9.340312004089355
79659398000,0.0,0.0,-0.0,-2.999112844467163,-0.002356886863708496,-9.340312004089355
79673337000,0.0,0.0,-0.0,-2.999112844467163,-0.002356886863708496,-9.340312004089355
79680234000,0.0,0.0,-0.0,-2.999112844467163,-0.002356886863708496,-9.340312004089355
79687198000,0.0,0.0,-0.0,-2.999112844467163,-0.002356886863708496,-9.340312004089355
79694162000,0.0,0.0,-0.0,-2.999112844467163,-0.002356886863708496,-9.340312004089355
79701103000,0.0,0.0,-0.0,-2.999112844467163,-0.002356886863708496,-9.340312004089355
79714951000,0.0,0.0,-0.0,-2.999112844467163,-0.002356886863708496,-9.340312004089355
79721946000,0.0,0.0,-0.0,-2.999112844467163,-0.002356886863708496,-9.340312004089355
79728881000,0.0,0.0,-0.0,-2.999112844467163,-0.002356886863708496,-9.340312004089355
79735965000,0.0,0.0,-0.0,-2.999112844467163,-0.002356886863708496,-9.340312004089355
79742819000,0.0,0.0,-0.0,-2.999112844467163,-0.002356886863708496,-9.340312004089355
79749662000,0.0,0.0,-0.0,-2.999112844467163,-0.002356886863708496,-9.340312004089355
79763561000,0.0,0.0,-0.0,-2.999112844467163,-0.002356886863708496,-9.340312004089355
79770549000,0.0,0.0,-0.0,-2.999112844467163,-0.002356886863708496,-9.340312004089355
79777499000,0.0,0.0,-0.0,-2.999112844467163,-0.002356886863708496,-9.340312004089355
79784458000,0.0,0.0,-0.0,-2.999112844467163,-0.002356886863708496,-9.340312004089355
79798279000,0.0,0.0,-0.0,-2.999112844467163,-0.002356886863708496,-9.340312004089355
79805279000,0.0,0.0,-0.0,-2.999112844467163,-0.002356886863708496,-9.340312004089355
79812192000,0.0,0.0,-0.0,-2.999112844467163,-0.002356886863708496,-9.340312004089355
79819189000,0.0,0.0,-0.0,-2.999112844467163,-0.002356886863708496,-9.340312004089355
79826058000,0.0,0.0,-0.0,-2.999112844467163,-0.002356886863708496,-9.340312004089355
79840006000,0.0,0.0,-0.0,-2.999112844467163,-0.002356886863708496,-9.340312004089355
79846896000,0.0,0.0,-0.0,-2.999112844467163,-0.002356886863708496,-9.340312004089355
79853929000,0.0,0.0,-0.0,-2.999112844467163,-0.002356886863708496,-9.340312004089355
79860806000,0.0,0.0,-0.0,-2.999112844467163,-0.002356886863708496,-9.340312004089355
79874692000,0.0,0.0,-0.0,-2.999112844467163,-0.002356886863708496,-9.340312004089355
79881615000,0.0,0.0,-0.0,-2.999112844467163,-0.002356886863708496,-9.340312004089355
79888645000,0.0,0.0,-0.0,-2.999112844467163,-0.002356886863708496,-9.340312004089355
79895556000,0.0,0.0,-0.0,-2.999112844467163,-0.002356886863708496,-9.340312004089355
79909429000,0.0,0.0,-0.0,-2.999112844467163,-0.002356886863708496,-9.340312004089355
79916393000,0.0,0.0,-0.0,-2.999112844467163,-0.002356886863708496,-9.340312004089355
79923353000,0.0,0.0,-0.0,-2.999112844467163,-0.002356886863708496,-9.340312004089355
79930227000,0.0,0.0,-0.0,-2.999112844467163,-0.002356886863708496,-9.340312004089355
79937198000,0.0,0.0,-0.0,-2.999112844467163,-0.002356886863708496,-9.340312004089355
79951176000,0.0,0.0,-0.0,-2.999112844467163,-0.002356886863708496,-9.340312004089355
79958076000,0.0,0.0,-0.0,-2.999112844467163,-0.002356886863708496,-9.340312004089355
79965023000,0.0,0.0,-0.0,-2.999112844467163,-0.002356886863708496,-9.340312004089355
79971991000,0.0,0.0,-0.0,-2.999112844467163,-0.002356886863708496,-9.340312004089355
79985916000,0.0,0.0,-0.0,-2.999112844467163,-0.002356886863708496,-9.340312004089355
79992836000,0.0,0.0,-0.0,-2.999112844467163,-0.002356886863708496,-9.340312004089355
79999717000,0.0,0.0,-0.0,-2.999112844467163,-0.002356886863708496,-9.340312004089355
80006785000,0.0,0.0,-0.0,-2.999112844467163,-0.002356886863708496,-9.340312004089355
80013642000,0.0,0.0,-0.0,-2.999112844467163,-0.002356886863708496,-9.340312004089355
80027543000,0.0,0.0,-0.0,-2.999112844467163,-0.002356886863708496,-9.340312004089355
80034498000,0.0,0.0,-0.0,-2.999112844467163,-0.002356886863708496,-9.340312004089355
80041446000,0.0,0.0,-0.0,-2.999112844467163,-0.002356886863708496,-9.340312004089355
80048363000,0.0,0.0,-0.0,-2.999112844467163,-0.002356886863708496,-9.340312004089355
80062407000,0.0,0.0,-0.0,-2.999112844467163,-0.002356886863708496,-9.340312004089355
80069252000,0.0,0.0,-0.0,-2.999112844467163,-0.002356886863708496,-9.340312004089355
80076184000,0.0,0.0,-0.0,-2.999112844467163,-0.002356886863708496,-9.340312004089355
80083095000,0.0,0.0,-0.0,-2.999112844467163,-0.002356886863708496,-9.340312004089355
80096970000,0.0,0.0,-0.0,-2.999112844467163,-0.002356886863708496,-9.340312004089355
80103980000,0.0,0.0,-0.0,-2.999112844467163,-0.002356886863708496,-9.340312004089355
80110925000,0.0,0.0,-0.0,-2.999112844467163,-0.002356886863708496,-9.340312004089355
80117821000,0.0,0.0,-0.0,-2.999112844467163,-0.002356886863708496,-9.340312004089355
80131692000,0.0,0.0,-0.0,-2.999112844467163,-0.002356886863708496,-9.340312004089355
80138725000,0.0,0.0,-0.0,-2.999112844467163,-0.002356886863708496,-9.340312004089355
80145584000,0.0,0.0,-0.0,-2.999112844467163,-0.002356886863708496,-9.340312004089355
80152612000,0.0,0.0,-0.0,-2.999112844467163,-0.002356886863708496,-9.340312004089355
80159558000,0.0,0.0,-0.0,-2.999112844467163,-0.002356886863708496,-9.340312004089355
80173482000,0.0,0.0,-0.0,-2.999112844467163,-0.002356886863708496,-9.340312004089355
80180313000,0.0,0.0,-0.0,-2.999112844467163,-0.002356886863708496,-9.340312004089355
80187294000,0.0,0.0,-0.0,-2.999112844467163,-0.002356886863708496,-9.340312004089355
80194249000,0.0,0.0,-0.0,-2.999112844467163,-0.002356886863708496,-9.340312004089355
80201146000,0.0,0.0,-0.0,-2.999112844467163,-0.002356886863708496,-9.340312004089355
80215052000,0.0,0.0,-0.0,-2.999112844467163,-0.002356886863708496,-9.340312004089355
80222000000,0.0,0.0,-0.0,-2.999112844467163,-0.002356886863708496,-9.340312004089355
80229100000,0.0,0.0,-0.0,-2.999112844467163,-0.002356886863708496,-9.340312004089355
80236047000,0.0,0.0,-0.0,-2.999112844467163,-0.002356886863708496,-9.340312004089355
80243000000,0.0,0.0,-0.0,-2.999112844467163,-0.002356886863708496,-9.340312004089355
80256855000,0.0,0.0,-0.0,-2.999112844467163,-0.002356886863708496,-9.340312004089355
80263760000,0.0,0.0,-0.0,-2.999112844467163,-0.002356886863708496,-9.340312004089355
80270766000,0.0,0.0,-0.0,-2.999112844467163,-0.002356886863708496,-9.340312004089355
80277653000,0.0,0.0,-0.0,-2.999112844467163,-0.002356886863708496,-9.340312004089355
80284592000,0.0,0.0,-0.0,-2.999112844467163,-0.002356886863708496,-9.340312004089355
80298487000,0.0,0.0,-0.0,-2.999112844467163,-0.002356886863708496,-9.340312004089355
80305500000,0.0,0.0,-0.0,-2.999112844467163,-0.002356886863708496,-9.340312004089355
80312376000,0.0,0.0,-0.0,-2.999112844467163,-0.002356886863708496,-9.340312004089355
80319395000,0.0,0.0,-0.0,-2.999112844467163,-0.002356886863708496,-9.340312004089355
80333223000,0.0,0.0,-0.0,-2.999112844467163,-0.002356886863708496,-9.340312004089355
80340229000,0.0,0.0,-0.0,-2.999112844467163,-0.002356886863708496,-9.340312004089355
80347127000,0.0,0.0,-0.0,-2.999112844467163,-0.002356886863708496,-9.340312004089355
80354086000,0.0,0.0,-0.0,-2.999112844467163,-0.002356886863708496,-9.340312004089355
80361079000,0.0,0.0,-0.0,-2.999112844467163,-0.002356886863708496,-9.340312004089355
80374933000,0.0,0.0,-0.0,-2.999112844467163,-0.002356886863708496,-9.340312004089355
80381833000,0.0,0.0,-0.0,-2.999112844467163,-0.002356886863708496,-9.340312004089355
80388829000,0.0,0.0,-0.0,-2.999112844467163,-0.002356886863708496,-9.340312004089355
80395770000,0.0,0.0,-0.0,-2.999112844467163,-0.002356886863708496,-9.340312004089355
80409632000,0.0,0.0,-0.0,-2.999112844467163,-0.002356886863708496,-9.340312004089355
80416581000,0.0,0.0,-0.0,-2.999112844467163,-0.002356886863708496,-9.340312004089355
80423566000,0.0,0.0,-0.0,-2.999112844467163,-0.002356886863708496,-9.340312004089355
80430509000,0.0,0.0,-0.0,-2.999112844467163,-0.002356886863708496,-9.340312004089355
80444373000,0.0,0.0,-0.0,-2.999112844467163,-0.002356886863708496,-9.340312004089355
80451299000,0.0,0.0,-0.0,-2.999112844467163,-0.002356886863708496,-9.340312004089355
80458312000,0.0,0.0,-0.0,-2.999112844467163,-0.002356886863708496,-9.340312004089355
80465193000,0.0,0.0,-0.0,-2.999112844467163,-0.002356886863708496,-9.340312004089355
80472199000,0.0,0.0,-0.0,-2.999112844467163,-0.002356886863708496,-9.340312004089355
80486111000,0.0,0.0,-0.0,-2.999112844467163,-0.002356886863708496,-9.340312004089355
80493005000,0.0,0.0,-0.0,-2.999112844467163,-0.002356886863708496,-9.340312004089355
80499938000,0.0,0.0,-0.0,-2.999112844467163,-0.002356886863708496,-9.340312004089355
80506969000,0.0,0.0,-0.0,-2.999112844467163,-0.002356886863708496,-9.340312004089355
80513859000,0.0,0.0,-0.0,-2.999112844467163,-0.002356886863708496,-9.340312004089355
80527743000,0.0,0.0,-0.0,-2.999112844467163,-0.002356886863708496,-9.340312004089355
80534621000,0.0,0.0,-0.0,-2.999112844467163,-0.002356886863708496,-9.340312004089355
80541634000,0.0,0.0,-0.0,-2.999112844467163,-0.002356886863708496,-9.340312004089355
80548558000,0.0,0.0,-0.0,-2.999112844467163,-0.002356886863708496,-9.340312004089355
80562475000,0.0,0.0,-0.0,-2.999112844467163,-0.002356886863708496,-9.340312004089355
80569475000,0.0,0.0,-0.0,-2.999112844467163,-0.002356886863708496,-9.340312004089355
80576354000,0.0,0.0,-0.0,-2.999112844467163,-0.002356886863708496,-9.340312004089355
80583241000,0.0,0.0,-0.0,-2.999112844467163,-0.002356886863708496,-9.340312004089355
80590245000,0.0,0.0,-0.0,-2.999112844467163,-0.002356886863708496,-9.340312004089355
80604185000,0.0,0.0,-0.0,-2.999112844467163,-0.002356886863708496,-9.340312004089355
80611040000,0.0,0.0,-0.0,-2.999112844467163,-0.002356886863708496,-9.340312004089355
80617968000,0.0,0.0,-0.0,-2.999112844467163,-0.002356886863708496,-9.340312004089355
80624946000,0.0,0.0,-0.0,-2.999112844467163,-0.002356886863708496,-9.340312004089355
80638872000,0.0,0.0,-0.0,-2.999112844467163,-0.002356886863708496,-9.340312004089355
80645757000,0.0,0.0,-0.0,-2.999112844467163,-0.002356886863708496,-9.340312004089355
80652815000,0.0,0.0,-0.0,-2.999112844467163,-0.002356886863708496,-9.340312004089355
80659648000,0.0,0.0,-0.0,-2.999112844467163,-0.002356886863708496,-9.340312004089355
80666600000,0.0,0.0,-0.0,-2.999112844467163,-0.002356886863708496,-9.340312004089355
80680507000,0.0,0.0,-0.0,-2.999112844467163,-0.002356886863708496,-9.340312004089355
80687460000,0.0,0.0,-0.0,-2.999112844467163,-0.002356886863708496,-9.340312004089355
80694415000,0.0,0.0,-0.0,-2.999112844467163,-0.002356886863708496,-9.340312004089355
80701311000,0.0,0.0,-0.0,-2.999112844467163,-0.002356886863708496,-9.340312004089355
80708349000,0.0,0.0,-0.0,-2.999112844467163,-0.002356886863708496,-9.340312004089355
80722222000,0.0,0.0,-0.0,-2.999112844467163,-0.002356886863708496,-9.340312004089355
80729164000,0.0,0.0,-0.0,-2.999112844467163,-0.002356886863708496,-9.340312004089355
80736095000,0.0,0.0,-0.0,-2.999112844467163,-0.002356886863708496,-9.340312004089355
80742986000,0.0,0.0,-0.0,-2.999112844467163,-0.002356886863708496,-9.340312004089355
80756915000,0.0,0.0,-0.0,-2.999112844467163,-0.002356886863708496,-9.340312004089355
80763820000,0.0,0.0,-0.0,-2.999112844467163,-0.002356886863708496,-9.340312004089355
80770850000,0.0,0.0,-0.0,-2.999112844467163,-0.002356886863708496,-9.340312004089355
80777713000,0.0,0.0,-0.0,-2.999112844467163,-0.002356886863708496,-9.340312004089355
80791617000,0.0,0.0,-0.0,-2.999112844467163,-0.002356886863708496,-9.340312004089355
80798532000,0.0,0.0,-0.0,-2.999112844467163,-0.002356886863708496,-9.340312004089355
80805565000,0.0,0.0,-0.0,-2.999112844467163,-0.002356886863708496,-9.340312004089355
80812454000,0.0,0.0,-0.0,-2.999112844467163,-0.002356886863708496,-9.340312004089355
80819806000,0.0,0.0,-0.0,-2.999112844467163,-0.002356886863708496,-9.340312004089355
80833257000,0.0,0.0,-0.0,-2.999112844467163,-0.002356886863708496,-9.340312004089355
80840259000,0.0,0.0,-0.0,-2.999112844467163,-0.002356886863708496,-9.340312004089355
80847205000,0.0,0.0,-0.0,-2.999112844467163,-0.002356886863708496,-9.340312004089355
80854150000,0.0,0.0,-0.0,-2.999112844467163,-0.002356886863708496,-9.340312004089355
80861061000,0.0,0.0,-0.0,-2.999112844467163,-0.002356886863708496,-9.340312004089355
80875015000,0.0,0.0,-0.0,-2.999112844467163,-0.002356886863708496,-9.340312004089355
80881892000,0.0,0.0,-0.0,-2.999112844467163,-0.002356886863708496,-9.340312004089355
80888865000,0.0,0.0,-0.0,-2.999112844467163,-0.002356886863708496,-9.340312004089355
80895780000,0.0,0.0,-0.0,-2.999112844467163,-0.002356886863708496,-9.340312004089355
80909672000,0.0,0.0,-0.0,-2.999112844467163,-0.002356886863708496,-9.340312004089355
80916610000,0.0,0.0,-0.0,-2.999112844467163,-0.002356886863708496,-9.340312004089355
80923634000,0.0,0.0,-0.0,-2.999112844467163,-0.002356886863708496,-9.340312004089355
80930500000,0.0,0.0,-0.0,-2.999112844467163,-0.002356886863708496,-9.340312004089355
80944428000,0.0,0.0,-0.0,-2.999112844467163,-0.002356886863708496,-9.340312004089355
80951328000,0.0,0.0,-0.0,-2.999112844467163,-0.002356886863708496,-9.340312004089355
80958330000,0.0,0.0,-0.0,-2.999112844467163,-0.002356886863708496,-9.340312004089355
80965234000,0.0,0.0,-0.0,-2.999112844467163,-0.002356886863708496,-9.340312004089355
80972218000,0.0,0.0,-0.0,-2.999112844467163,-0.002356886863708496,-9.340312004089355
80986210000,0.0,0.0,-0.0,-2.999112844467163,-0.002356886863708496,-9.340312004089355
80993025000,0.0,0.0,-0.0,-2.999112844467163,-0.002356886863708496,-9.340312004089355
80999954000,0.0,0.0,-0.0,-2.999112844467163,-0.002356886863708496,-9.340312004089355
81006934000,0.0,0.0,-0.0,-2.999112844467163,-0.002356886863708496,-9.340312004089355
81020889000,0.0,0.0,-0.0,-2.999112844467163,-0.002356886863708496,-9.340312004089355
81027723000,0.0,0.0,-0.0,-2.999112844467163,-0.002356886863708496,-9.340312004089355
81034702000,0.0,0.0,-0.0,-2.999112844467163,-0.002356886863708496,-9.340312004089355
81041717000,0.0,0.0,-0.0,-2.999112844467163,-0.002356886863708496,-9.340312004089355
81055527000,0.0,0.0,-0.0,-2.999112844467163,-0.002356886863708496,-9.340312004089355
81062610000,0.0,0.0,-0.0,-2.999112844467163,-0.002356886863708496,-9.340312004089355
81069438000,0.0,0.0,-0.0,-2.999112844467163,-0.002356886863708496,-9.340312004089355
81076340000,0.0,0.0,-0.0,-2.999112844467163,-0.002356886863708496,-9.340312004089355
81083277000,0.0,0.0,-0.0,-2.999112844467163,-0.002356886863708496,-9.340312004089355
81090301000,0.0,0.0,-0.0,-2.999112844467163,-0.002356886863708496,-9.340312004089355
81104139000,0.0,0.0,-0.0,-2.999112844467163,-0.002356886863708496,-9.340312004089355
81111105000,0.0,0.0,-0.0,-2.999112844467163,-0.002356886863708496,-9.340312004089355
81118015000,0.0,0.0,-0.0,-2.999112844467163,-0.002356886863708496,-9.340312004089355
81124997000,0.0,0.0,-0.0,-2.999112844467163,-0.002356886863708496,-9.340312004089355
81138892000,0.0,0.0,-0.0,-2.999112844467163,-0.002356886863708496,-9.340312004089355
81145785000,0.0,0.0,-0.0,-2.999112844467163,-0.002356886863708496,-9.340312004089355
81152783000,0.0,0.0,-0.0,-2.999112844467163,-0.002356886863708496,-9.340312004089355
81159710000,0.0,0.0,-0.0,-2.999112844467163,-0.002356886863708496,-9.340312004089355
81173595000,0.0,0.0,-0.0,-2.999112844467163,-0.002356886863708496,-9.340312004089355
81180546000,0.0,0.0,-0.0,-2.999112844467163,-0.002356886863708496,-9.340312004089355
81187519000,0.0,0.0,-0.0,-2.999112844467163,-0.002356886863708496,-9.340312004089355
81194419000,0.0,0.0,-0.0,-2.999112844467163,-0.002356886863708496,-9.340312004089355
81208347000,0.0,0.0,-0.0,-2.999112844467163,-0.002356886863708496,-9.340312004089355
81215231000,0.0,0.0,-0.0,-2.999112844467163,-0.002356886863708496,-9.340312004089355
81222256000,0.0,0.0,-0.0,-2.999112844467163,-0.002356886863708496,-9.340312004089355
81229144000,0.0,0.0,-0.0,-2.999112844467163,-0.002356886863708496,-9.340312004089355
81236142000,0.0,0.0,-0.0,-2.999112844467163,-0.002356886863708496,-9.340312004089355
81249956000,0.0,0.0,-0.0,-2.999112844467163,-0.002356886863708496,-9.340312004089355
81257092000,0.0,0.0,-0.0,-2.999112844467163,-0.002356886863708496,-9.340312004089355
81263852000,0.0,0.0,-0.0,-2.999112844467163,-0.002356886863708496,-9.340312004089355
81270855000,0.0,0.0,-0.0,-2.999112844467163,-0.002356886863708496,-9.340312004089355
81284671000,0.0,0.0,-0.0,-2.999112844467163,-0.002356886863708496,-9.340312004089355
81291820000,0.0,0.0,-0.0,-2.999112844467163,-0.002356886863708496,-9.340312004089355
81298579000,0.0,0.0,-0.0,-2.999112844467163,-0.002356886863708496,-9.340312004089355
81305635000,0.0,0.0,-0.0,-2.999112844467163,-0.002356886863708496,-9.340312004089355
81312532000,0.0,0.0,-0.0,-2.999112844467163,-0.002356886863708496,-9.340312004089355
81326414000,0.0,0.0,-0.0,-2.999112844467163,-0.002356886863708496,-9.340312004089355
81333339000,0.0,0.0,-0.0,-2.999112844467163,-0.002356886863708496,-9.340312004089355
81340304000,0.0,0.0,-0.0,-2.999112844467163,-0.002356886863708496,-9.340312004089355
81347220000,0.0,0.0,-0.0,-2.999112844467163,-0.002356886863708496,-9.340312004089355
81361080000,0.0,0.0,-0.0,-2.999112844467163,-0.002356886863708496,-9.340312004089355
81368028000,0.0,0.0,-0.0,-2.999112844467163,-0.002356886863708496,-9.340312004089355
81374997000,0.0,0.0,-0.0,-2.999112844467163,-0.002356886863708496,-9.340312004089355
81381956000,0.0,0.0,-0.0,-2.999112844467163,-0.002356886863708496,-9.340312004089355
81395810000,0.0,0.0,-0.0,-2.999112844467163,-0.002356886863708496,-9.340312004089355
81402735000,0.0,0.0,-0.0,-2.999112844467163,-0.002356886863708496,-9.340312004089355
81409713000,0.0,0.0,-0.0,-2.999112844467163,-0.002356886863708496,-9.340312004089355
81416616000,0.0,0.0,-0.0,-2.999112844467163,-0.002356886863708496,-9.340312004089355
81423692000,0.0,0.0,-0.0,-2.999112844467163,-0.002356886863708496,-9.340312004089355
81437523000,0.0,0.0,-0.0,-2.999112844467163,-0.002356886863708496,-9.340312004089355
81444523000,0.0,0.0,-0.0,-2.999112844467163,-0.002356886863708496,-9.340312004089355
81451356000,0.0,0.0,-0.0,-2.999112844467163,-0.002356886863708496,-9.340312004089355
81458355000,0.0,0.0,-0.0,-2.999112844467163,-0.002356886863708496,-9.340312004089355
81465237000,0.0,0.0,-0.0,-2.999112844467163,-0.002356886863708496,-9.340312004089355
81479141000,0.0,0.0,-0.0,-2.999112844467163,-0.002356886863708496,-9.340312004089355
81486088000,0.0,0.0,-0.0,-2.999112844467163,-0.002356886863708496,-9.340312004089355
81493050000,0.0,0.0,-0.0,-2.999112844467163,-0.002356886863708496,-9.340312004089355
81499982000,0.0,0.0,-0.0,-2.999112844467163,-0.002356886863708496,-9.340312004089355
81513853000,0.0,0.0,-0.0,-2.999112844467163,-0.002356886863708496,-9.340312004089355
81520850000,0.0,0.0,-0.0,-2.999112844467163,-0.002356886863708496,-9.340312004089355
81527809000,0.0,0.0,-0.0,-2.999112844467163,-0.002356886863708496,-9.340312004089355
81534708000,0.0,0.0,-0.0,-2.999112844467163,-0.002356886863708496,-9.340312004089355
81541663000,0.0,0.0,-0.0,-2.999112844467163,-0.002356886863708496,-9.340312004089355
81555596000,0.0,0.0,-0.0,-2.999112844467163,-0.002356886863708496,-9.340312004089355
81562489000,0.0,0.0,-0.0,-2.999112844467163,-0.002356886863708496,-9.340312004089355
81569432000,0.0,0.0,-0.0,-2.999112844467163,-0.002356886863708496,-9.340312004089355
81576423000,0.0,0.0,-0.0,-2.999112844467163,-0.002356886863708496,-9.340312004089355
81583324000,0.0,0.0,-0.0,-2.999112844467163,-0.002356886863708496,-9.340312004089355
81597216000,0.0,0.0,-0.0,-2.999112844467163,-0.002356886863708496,-9.340312004089355
81604209000,0.0,0.0,-0.0,-2.999112844467163,-0.002356886863708496,-9.340312004089355
81611100000,0.0,0.0,-0.0,-2.999112844467163,-0.002356886863708496,-9.340312004089355
81618051000,0.0,0.0,-0.0,-2.999112844467163,-0.002356886863708496,-9.340312004089355
81631906000,0.0,0.0,-0.0,-2.999112844467163,-0.002356886863708496,-9.340312004089355
81638938000,0.0,0.0,-0.0,-2.999112844467163,-0.002356886863708496,-9.340312004089355
81645802000,0.0,0.0,-0.0,-2.999112844467163,-0.002356886863708496,-9.340312004089355
81652849000,0.0,0.0,-0.0,-2.999112844467163,-0.002356886863708496,-9.340312004089355
81659704000,0.0,0.0,-0.0,-2.999112844467163,-0.002356886863708496,-9.340312004089355
81673646000,0.0,0.0,-0.0,-2.999112844467163,-0.002356886863708496,-9.340312004089355
81680530000,0.0,0.0,-0.0,-2.999112844467163,-0.002356886863708496,-9.340312004089355
81687486000,0.0,0.0,-0.0,-2.999112844467163,-0.002356886863708496,-9.340312004089355
81694412000,0.0,0.0,-0.0,-2.999112844467163,-0.002356886863708496,-9.340312004089355
81708352000,0.0,0.0,-0.0,-2.999112844467163,-0.002356886863708496,-9.340312004089355
81715246000,0.0,0.0,-0.0,-2.999112844467163,-0.002356886863708496,-9.340312004089355
81722339000,0.0,0.0,-0.0,-2.999112844467163,-0.002356886863708496,-9.340312004089355
81729138000,0.0,0.0,-0.0,-2.999112844467163,-0.002356886863708496,-9.340312004089355
81743063000,0.0,0.0,-0.0,-2.999112844467163,-0.002356886863708496,-9.340312004089355
81749984000,0.0,0.0,-0.0,-2.999112844467163,-0.002356886863708496,-9.340312004089355
81757019000,0.0,0.0,-0.0,-2.999112844467163,-0.002356886863708496,-9.340312004089355
81763895000,0.0,0.0,-0.0,-2.999112844467163,-0.002356886863708496,-9.340312004089355
81777805000,0.0,0.0,-0.0,-2.999112844467163,-0.002356886863708496,-9.340312004089355
81784692000,0.0,0.0,-0.0,-2.999112844467163,-0.002356886863708496,-9.340312004089355
81791674000,0.0,0.0,-0.0,-2.999112844467163,-0.002356886863708496,-9.340312004089355
81798615000,0.0,0.0,-0.0,-2.999112844467163,-0.002356886863708496,-9.340312004089355
81805568000,0.0,0.0,-0.0,-2.999112844467163,-0.002356886863708496,-9.340312004089355
81819428000,0.0,0.0,-0.0,-2.999112844467163,-0.002356886863708496,-9.340312004089355
81826383000,0.0,0.0,-0.0,-2.999112844467163,-0.002356886863708496,-9.340312004089355
81833315000,0.0,0.0,-0.0,-2.999112844467163,-0.002356886863708496,-9.340312004089355
81840286000,0.0,0.0,-0.0,-2.999112844467163,-0.002356886863708496,-9.340312004089355
81854210000,0.0,0.0,-0.0,-2.999112844467163,-0.002356886863708496,-9.340312004089355
81861146000,0.0,0.0,-0.0,-2.999112844467163,-0.002356886863708496,-9.340312004089355
81868028000,0.0,0.0,-0.0,-2.999112844467163,-0.002356886863708496,-9.340312004089355
81875023000,0.0,0.0,-0.0,-2.999112844467163,-0.002356886863708496,-9.340312004089355
81881970000,0.0,0.0,-0.0,-2.999112844467163,-0.002356886863708496,-9.340312004089355
81895820000,0.0,0.0,-0.0,-2.999112844467163,-0.002356886863708496,-9.340312004089355
81902873000,0.0,0.0,-0.0,-2.999112844467163,-0.002356886863708496,-9.340312004089355
81909758000,0.0,0.0,-0.0,-2.999112844467163,-0.002356886863708496,-9.340312004089355
81916704000,0.0,0.0,-0.0,-2.999112844467163,-0.002356886863708496,-9.340312004089355
81930531000,0.0,0.0,-0.0,-2.999112844467163,-0.002356886863708496,-9.340312004089355
81937555000,0.0,0.0,-0.0,-2.999112844467163,-0.002356886863708496,-9.340312004089355
81944426000,0.0,0.0,-0.0,-2.999112844467163,-0.002356886863708496,-9.340312004089355
81951354000,0.0,0.0,-0.0,-2.999112844467163,-0.002356886863708496,-9.340312004089355
81958333000,0.0,0.0,-0.0,-2.999112844467163,-0.002356886863708496,-9.340312004089355
81972279000,0.0,0.0,-0.0,-2.999112844467163,-0.002356886863708496,-9.340312004089355
81979143000,0.0,0.0,-0.0,-2.999112844467163,-0.002356886863708496,-9.340312004089355
81986090000,0.0,0.0,-0.0,-2.999112844467163,-0.002356886863708496,-9.340312004089355
81993110000,0.0,0.0,-0.0,-2.999112844467163,-0.002356886863708496,-9.340312004089355
81999988000,0.0,0.0,-0.0,-2.999112844467163,-0.002356886863708496,-9.340312004089355
82013874000,0.0,0.0,-0.0,-2.999112844467163,-0.002356886863708496,-9.340312004089355
82020899000,0.0,0.0,-0.0,-2.999112844467163,-0.002356886863708496,-9.340312004089355
82027831000,0.0,0.0,-0.0,-2.999112844467163,-0.002356886863708496,-9.340312004089355
82034692000,0.0,0.0,-0.0,-2.999112844467163,-0.002356886863708496,-9.340312004089355
82041682000,0.0,0.0,-0.0,-2.999112844467163,-0.002356886863708496,-9.340312004089355
82055603000,0.0,0.0,-0.0,-2.999112844467163,-0.002356886863708496,-9.340312004089355
82062488000,0.0,0.0,-0.0,-2.999112844467163,-0.002356886863708496,-9.340312004089355
82069434000,0.0,0.0,-0.0,-2.999112844467163,-0.002356886863708496,-9.340312004089355
82076415000,0.0,0.0,-0.0,-2.999112844467163,-0.002356886863708496,-9.340312004089355
82083310000,0.0,0.0,-0.0,-2.999112844467163,-0.002356886863708496,-9.340312004089355
82097197000,0.0,0.0,-0.0,-2.999112844467163,-0.002356886863708496,-9.340312004089355
82104232000,0.0,0.0,-0.0,-2.999112844467163,-0.002356886863708496,-9.340312004089355
82111095000,0.0,0.0,-0.0,-2.999112844467163,-0.002356886863708496,-9.340312004089355
82118097000,0.0,0.0,-0.0,-2.999112844467163,-0.002356886863708496,-9.340312004089355
82131935000,0.0,0.0,-0.0,-2.999112844467163,-0.002356886863708496,-9.340312004089355
82138921000,0.0,0.0,-0.0,-2.999112844467163,-0.002356886863708496,-9.340312004089355
82145821000,0.0,0.0,-0.0,-2.999112844467163,-0.002356886863708496,-9.340312004089355
82152779000,0.0,0.0,-0.0,-2.999112844467163,-0.002356886863708496,-9.340312004089355
82166641000,0.0,0.0,-0.0,-2.999112844467163,-0.002356886863708496,-9.340312004089355
82173670000,0.0,0.0,-0.0,-2.999112844467163,-0.002356886863708496,-9.340312004089355
82180549000,0.0,0.0,-0.0,-2.999112844467163,-0.002356886863708496,-9.340312004089355
82187588000,0.0,0.0,-0.0,-2.999112844467163,-0.002356886863708496,-9.340312004089355
82194453000,0.0,0.0,-0.0,-2.999112844467163,-0.002356886863708496,-9.340312004089355
82201365000,0.0,0.0,-0.0,-2.999112844467163,-0.002356886863708496,-9.340312004089355
82215278000,0.0,0.0,-0.0,-2.999112844467163,-0.002356886863708496,-9.340312004089355
82222284000,0.0,0.0,-0.0,-2.999112844467163,-0.002356886863708496,-9.340312004089355
82229173000,0.0,0.0,-0.0,-2.999112844467163,-0.002356886863708496,-9.340312004089355
82236110000,0.0,0.0,-0.0,-2.999112844467163,-0.002356886863708496,-9.340312004089355
82249986000,0.0,0.0,-0.0,-2.999112844467163,-0.002356886863708496,-9.340312004089355
82257019000,0.0,0.0,-0.0,-2.999112844467163,-0.002356886863708496,-9.340312004089355
82263935000,0.0,0.0,-0.0,-2.999112844467163,-0.002356886863708496,-9.340312004089355
82271010000,0.0,0.0,-0.0,-2.999112844467163,-0.002356886863708496,-9.340312004089355
82277777000,0.0,0.0,-0.0,-2.999112844467163,-0.002356886863708496,-9.340312004089355
82291724000,0.0,0.0,-0.0,-2.999112844467163,-0.002356886863708496,-9.340312004089355
82298630000,0.0,0.0,-0.0,-2.999112844467163,-0.002356886863708496,-9.340312004089355
82305610000,0.0,0.0,-0.0,-2.999112844467163,-0.002356886863708496,-9.340312004089355
82312537000,0.0,0.0,-0.0,-2.999112844467163,-0.002356886863708496,-9.340312004089355
82319433000,0.0,0.0,-0.0,-2.999112844467163,-0.002356886863708496,-9.340312004089355
82333315000,0.0,0.0,-0.0,-2.999112844467163,-0.002356886863708496,-9.340312004089355
82340289000,0.0,0.0,-0.0,-2.999112844467163,-0.002356886863708496,-9.340312004089355
82347252000,0.0,0.0,-0.0,-2.999112844467163,-0.002356886863708496,-9.340312004089355
82354443000,0.0,0.0,-0.0,-2.999112844467163,-0.002356886863708496,-9.340312004089355
82368113000,0.0,0.0,-0.0,-2.999112844467163,-0.002356886863708496,-9.340312004089355
82375048000,0.0,0.0,-0.0,-2.999112844467163,-0.002356886863708496,-9.340312004089355
82381979000,0.0,0.0,-0.0,-2.999112844467163,-0.002356886863708496,-9.340312004089355
82389029000,0.0,0.0,-0.0,-2.999112844467163,-0.002356886863708496,-9.340312004089355
82402841000,0.0,0.0,-0.0,-2.999112844467163,-0.002356886863708496,-9.340312004089355
82409776000,0.0,0.0,-0.0,-2.999112844467163,-0.002356886863708496,-9.340312004089355
82416690000,0.0,0.0,-0.0,-2.999112844467163,-0.002356886863708496,-9.340312004089355
82423695000,0.0,0.0,-0.0,-2.999112844467163,-0.002356886863708496,-9.340312004089355
82430586000,0.0,0.0,-0.0,-2.999112844467163,-0.002356886863708496,-9.340312004089355
82444489000,0.0,0.0,-0.0,-2.999112844467163,-0.002356886863708496,-9.340312004089355
82451442000,0.0,0.0,-0.0,-2.999112844467163,-0.002356886863708496,-9.340312004089355
82458424000,0.0,0.0,-0.0,-2.999112844467163,-0.002356886863708496,-9.340312004089355
82465358000,0.0,0.0,-0.0,-2.999112844467163,-0.002356886863708496,-9.340312004089355
82472536000,0.0,0.0,-0.0,-2.999112844467163,-0.002356886863708496,-9.340312004089355
82486242000,0.0,0.0,-0.0,-2.999112844467163,-0.002356886863708496,-9.340312004089355
82493142000,0.0,0.0,-0.0,-2.999112844467163,-0.002356886863708496,-9.340312004089355
82500089000,0.0,0.0,-0.0,-2.999112844467163,-0.002356886863708496,-9.340312004089355
82507062000,0.0,0.0,-0.0,-2.999112844467163,-0.002356886863708496,-9.340312004089355
82521028000,0.0,0.0,-0.0,-2.999112844467163,-0.002356886863708496,-9.340312004089355
82527856000,0.0,0.0,-0.0,-2.999112844467163,-0.002356886863708496,-9.340312004089355
82534763000,0.0,0.0,-0.0,-2.999112844467163,-0.002356886863708496,-9.340312004089355
82541818000,0.0,0.0,-0.0,-2.999112844467163,-0.002356886863708496,-9.340312004089355
82548660000,0.0,0.0,-0.0,-2.999112844467163,-0.002356886863708496,-9.340312004089355
82562547000,0.0,0.0,-0.0,-2.999112844467163,-0.002356886863708496,-9.340312004089355
82569494000,0.0,0.0,-0.0,-2.999112844467163,-0.002356886863708496,-9.340312004089355
82576465000,0.0,0.0,-0.0,-2.999112844467163,-0.002356886863708496,-9.340312004089355
82583378000,0.0,0.0,-0.0,-2.999112844467163,-0.002356886863708496,-9.340312004089355
82590363000,0.0,0.0,-0.0,-2.999112844467163,-0.002356886863708496,-9.340312004089355
82604295000,0.0,0.0,-0.0,-2.999112844467163,-0.002356886863708496,-9.340312004089355
82611182000,0.0,0.0,-0.0,-2.999112844467163,-0.002356886863708496,-9.340312004089355
82618110000,0.0,0.0,-0.0,-2.999112844467163,-0.002356886863708496,-9.340312004089355
82625118000,0.0,0.0,-0.0,-2.999112844467163,-0.002356886863708496,-9.340312004089355
82639013000,0.0,0.0,-0.0,-2.999112844467163,-0.002356886863708496,-9.340312004089355
82645881000,0.0,0.0,-0.0,-2.999112844467163,-0.002356886863708496,-9.340312004089355
82652816000,0.0,0.0,-0.0,-2.999112844467163,-0.002356886863708496,-9.340312004089355
82659796000,0.0,0.0,-0.0,-2.999112844467163,-0.002356886863708496,-9.340312004089355
82673697000,0.0,0.0,-0.0,-2.999112844467163,-0.002356886863708496,-9.340312004089355
82680622000,0.0,0.0,-0.0,-2.999112844467163,-0.002356886863708496,-9.340312004089355
82687587000,0.0,0.0,-0.0,-2.999112844467163,-0.002356886863708496,-9.340312004089355
82694502000,0.0,0.0,-0.0,-2.999112844467163,-0.002356886863708496,-9.340312004089355
82701435000,0.0,0.0,-0.0,-2.999112844467163,-0.002356886863708496,-9.340312004089355
82715352000,0.0,0.0,-0.0,-2.999112844467163,-0.002356886863708496,-9.340312004089355
82722365000,0.0,0.0,-0.0,-2.999112844467163,-0.002356886863708496,-9.340312004089355
82729236000,0.0,0.0,-0.0,-2.999112844467163,-0.002356886863708496,-9.340312004089355
82736159000,0.0,0.0,-0.0,-2.999112844467163,-0.002356886863708496,-9.340312004089355
82743135000,0.0,0.0,-0.0,-2.999112844467163,-0.002356886863708496,-9.340312004089355
82757087000,0.0,0.0,-0.0,-2.999112844467163,-0.002356886863708496,-9.340312004089355
82763955000,0.0,0.0,-0.0,-2.999112844467163,-0.002356886863708496,-9.340312004089355
82770934000,0.0,0.0,-0.0,-2.999112844467163,-0.002356886863708496,-9.340312004089355
82777908000,0.0,0.0,-0.0,-2.999112844467163,-0.002356886863708496,-9.340312004089355
82791773000,0.0,0.0,-0.0,-2.999112844467163,-0.002356886863708496,-9.340312004089355
82798663000,0.0,0.0,-0.0,-2.999112844467163,-0.002356886863708496,-9.340312004089355
82805695000,0.0,0.0,-0.0,-2.999112844467163,-0.002356886863708496,-9.340312004089355
82812599000,0.0,0.0,-0.0,-2.999112844467163,-0.002356886863708496,-9.340312004089355
82819508000,0.0,0.0,-0.0,-2.999112844467163,-0.002356886863708496,-9.340312004089355
82833402000,0.0,0.0,-0.0,-2.999112844467163,-0.002356886863708496,-9.340312004089355
82840404000,0.0,0.0,-0.0,-2.999112844467163,-0.002356886863708496,-9.340312004089355
82847313000,0.0,0.0,-0.0,-2.999112844467163,-0.002356886863708496,-9.340312004089355
82854274000,0.0,0.0,-0.0,-2.999112844467163,-0.002356886863708496,-9.340312004089355
82868118000,0.0,0.0,-0.0,-2.999112844467163,-0.002356886863708496,-9.340312004089355
82875142000,0.0,0.0,-0.0,-2.999112844467163,-0.002356886863708496,-9.340312004089355
82882050000,0.0,0.0,-0.0,-2.999112844467163,-0.002356886863708496,-9.340312004089355
82889088000,0.0,0.0,-0.0,-2.999112844467163,-0.002356886863708496,-9.340312004089355
82895925000,0.0,0.0,-0.0,-2.999112844467163,-0.002356886863708496,-9.340312004089355
82909876000,0.0,0.0,-0.0,-2.999112844467163,-0.002356886863708496,-9.340312004089355
82916837000,0.0,0.0,-0.0,-2.999112844467163,-0.002356886863708496,-9.340312004089355
82923830000,0.0,0.0,-0.0,-2.999112844467163,-0.002356886863708496,-9.340312004089355
82930701000,0.0,0.0,-0.0,-2.999112844467163,-0.002356886863708496,-9.340312004089355
82944631000,0.0,0.0,-0.0,-2.999112844467163,-0.002356886863708496,-9.340312004089355
82951478000,0.0,0.0,-0.0,-2.999112844467163,-0.002356886863708496,-9.340312004089355
82958474000,0.0,0.0,-0.0,-2.999112844467163,-0.002356886863708496,-9.340312004089355
82965359000,0.0,0.0,-0.0,-2.999112844467163,-0.002356886863708496,-9.340312004089355
82972534000,0.0,0.0,-0.0,-2.999112844467163,-0.002356886863708496,-9.340312004089355
82986247000,0.0,0.0,-0.0,-2.999112844467163,-0.002356886863708496,-9.340312004089355
82993249000,0.0,0.0,-0.0,-2.999112844467163,-0.002356886863708496,-9.340312004089355
83000205000,0.0,0.0,-0.0,-2.999112844467163,-0.002356886863708496,-9.340312004089355
83007164000,0.0,0.0,-0.0,-2.999112844467163,-0.002356886863708496,-9.340312004089355
83014055000,0.0,0.0,-0.0,-2.999112844467163,-0.002356886863708496,-9.340312004089355
83027951000,0.0,0.0,-0.0,-2.999112844467163,-0.002356886863708496,-9.340312004089355
83034854000,0.0,0.0,-0.0,-2.999112844467163,-0.002356886863708496,-9.340312004089355
83041845000,0.0,0.0,-0.0,-2.999112844467163,-0.002356886863708496,-9.340312004089355
83048807000,0.0,0.0,-0.0,-2.999112844467163,-0.002356886863708496,-9.340312004089355
83062698000,0.0,0.0,-0.0,-2.999112844467163,-0.002356886863708496,-9.340312004089355
83069577000,0.0,0.0,-0.0,-2.999112844467163,-0.002356886863708496,-9.340312004089355
83076566000,0.0,0.0,-0.0,-2.999112844467163,-0.002356886863708496,-9.340312004089355
83083528000,0.0,0.0,-0.0,-2.999112844467163,-0.002356886863708496,-9.340312004089355
83097361000,0.0,0.0,-0.0,-2.999112844467163,-0.002356886863708496,-9.340312004089355
83104319000,0.0,0.0,-0.0,-2.999112844467163,-0.002356886863708496,-9.340312004089355
83111345000,0.0,0.0,-0.0,-2.999112844467163,-0.002356886863708496,-9.340312004089355
83118208000,0.0,0.0,-0.0,-2.999112844467163,-0.002356886863708496,-9.340312004089355
83125230000,0.0,0.0,-0.0,-2.999112844467163,-0.002356886863708496,-9.340312004089355
83139093000,0.0,0.0,-0.0,-2.999112844467163,-0.002356886863708496,-9.340312004089355
83145989000,0.0,0.0,-0.0,-2.999112844467163,-0.002356886863708496,-9.340312004089355
83152915000,0.0,0.0,-0.0,-2.999112844467163,-0.002356886863708496,-9.340312004089355
83159911000,0.0,0.0,-0.0,-2.999112844467163,-0.002356886863708496,-9.340312004089355
83173810000,0.0,0.0,-0.0,-2.999112844467163,-0.002356886863708496,-9.340312004089355
83180702000,0.0,0.0,-0.0,-2.999112844467163,-0.002356886863708496,-9.340312004089355
83187674000,0.0,0.0,-0.0,-2.999112844467163,-0.002356886863708496,-9.340312004089355
83194641000,0.0,0.0,-0.0,-2.999112844467163,-0.002356886863708496,-9.340312004089355
83201586000,0.0,0.0,-0.0,-2.999112844467163,-0.002356886863708496,-9.340312004089355
83215456000,0.0,0.0,-0.0,-2.999112844467163,-0.002356886863708496,-9.340312004089355
83222480000,0.0,0.0,-0.0,-2.999112844467163,-0.002356886863708496,-9.340312004089355
83229329000,0.0,0.0,-0.0,-2.999112844467163,-0.002356886863708496,-9.340312004089355
83236244000,0.0,0.0,-0.0,-2.999112844467163,-0.002356886863708496,-9.340312004089355
83250163000,0.0,0.0,-0.0,-2.999112844467163,-0.002356886863708496,-9.340312004089355
83257189000,0.0,0.0,-0.0,-2.999112844467163,-0.002356886863708496,-9.340312004089355
83264068000,0.0,0.0,-0.0,-2.999112844467163,-0.002356886863708496,-9.340312004089355
83270983000,0.0,0.0,-0.0,-2.999112844467163,-0.002356886863708496,-9.340312004089355
83277993000,0.0,0.0,-0.0,-2.999112844467163,-0.002356886863708496,-9.340312004089355
83291900000,0.0,0.0,-0.0,-2.999112844467163,-0.002356886863708496,-9.340312004089355
83298767000,0.0,0.0,-0.0,-2.999112844467163,-0.002356886863708496,-9.340312004089355
83305770000,0.0,0.0,-0.0,-2.999112844467163,-0.002356886863708496,-9.340312004089355
83312650000,0.0,0.0,-0.0,-2.999112844467163,-0.002356886863708496,-9.340312004089355
83326584000,0.0,0.0,-0.0,-2.999112844467163,-0.002356886863708496,-9.340312004089355
83333520000,0.0,0.0,-0.0,-2.999112844467163,-0.002356886863708496,-9.340312004089355
83340480000,0.0,0.0,-0.0,-2.999112844467163,-0.002356886863708496,-9.340312004089355
83347390000,0.0,0.0,-0.0,-2.999112844467163,-0.002356886863708496,-9.340312004089355
83354305000,0.0,0.0,-0.0,-2.999112844467163,-0.002356886863708496,-9.340312004089355
83368252000,0.0,0.0,-0.0,-2.999112844467163,-0.002356886863708496,-9.340312004089355
83375204000,0.0,0.0,-0.0,-2.999112844467163,-0.002356886863708496,-9.340312004089355
83382129000,0.0,0.0,-0.0,-2.999112844467163,-0.002356886863708496,-9.340312004089355
83389174000,0.0,0.0,-0.0,-2.999112844467163,-0.002356886863708496,-9.340312004089355
83402931000,0.0,0.0,-0.0,-2.999112844467163,-0.002356886863708496,-9.340312004089355
83409928000,0.0,0.0,-0.0,-2.999112844467163,-0.002356886863708496,-9.340312004089355
83416882000,0.0,0.0,-0.0,-2.999112844467163,-0.002356886863708496,-9.340312004089355
83423810000,0.0,0.0,-0.0,-2.999112844467163,-0.002356886863708496,-9.340312004089355
83430705000,0.0,0.0,-0.0,-2.999112844467163,-0.002356886863708496,-9.340312004089355
83444627000,0.0,0.0,-0.0,-2.999112844467163,-0.002356886863708496,-9.340312004089355
83451597000,0.0,0.0,-0.0,-2.999112844467163,-0.002356886863708496,-9.340312004089355
83458558000,0.0,0.0,-0.0,-2.999112844467163,-0.002356886863708496,-9.340312004089355
83465438000,0.0,0.0,-0.0,-2.999112844467163,-0.002356886863708496,-9.340312004089355
83472487000,0.0,0.0,-0.0,-2.999112844467163,-0.002356886863708496,-9.340312004089355
83486268000,0.0,0.0,-0.0,-2.999112844467163,-0.002356886863708496,-9.340312004089355
83493265000,0.0,0.0,-0.0,-2.999112844467163,-0.002356886863708496,-9.340312004089355
83500209000,0.0,0.0,-0.0,-2.999112844467163,-0.002356886863708496,-9.340312004089355
83507143000,0.0,0.0,-0.0,-2.999112844467163,-0.002356886863708496,-9.340312004089355
83520990000,0.0,0.0,-0.0,-2.999112844467163,-0.002356886863708496,-9.340312004089355
83527996000,0.0,0.0,-0.0,-2.999112844467163,-0.002356886863708496,-9.340312004089355
83534924000,0.0,0.0,-0.0,-2.999112844467163,-0.002356886863708496,-9.340312004089355
83541866000,0.0,0.0,-0.0,-2.999112844467163,-0.002356886863708496,-9.340312004089355
83548767000,0.0,0.0,-0.0,-2.999112844467163,-0.002356886863708496,-9.340312004089355
83562685000,0.0,0.0,-0.0,-2.999112844467163,-0.002356886863708496,-9.340312004089355
83569612000,0.0,0.0,-0.0,-2.999112844467163,-0.002356886863708496,-9.340312004089355
83576654000,0.0,0.0,-0.0,-2.999112844467163,-0.002356886863708496,-9.340312004089355
83583548000,0.0,0.0,-0.0,-2.999112844467163,-0.002356886863708496,-9.340312004089355
83597382000,0.0,0.0,-0.0,-2.999112844467163,-0.002356886863708496,-9.340312004089355
83604335000,0.0,0.0,-0.0,-2.999112844467163,-0.002356886863708496,-9.340312004089355
83611318000,0.0,0.0,-0.0,-2.999112844467163,-0.002356886863708496,-9.340312004089355
83618228000,0.0,0.0,-0.0,-2.999112844467163,-0.002356886863708496,-9.340312004089355
83632154000,0.0,0.0,-0.0,-2.999112844467163,-0.002356886863708496,-9.340312004089355
83639141000,0.0,0.0,-0.0,-2.999112844467163,-0.002356886863708496,-9.340312004089355
83646069000,0.0,0.0,-0.0,-2.999112844467163,-0.002356886863708496,-9.340312004089355
83652944000,0.0,0.0,-0.0,-2.999112844467163,-0.002356886863708496,-9.340312004089355
83666853000,0.0,0.0,-0.0,-2.999112844467163,-0.002356886863708496,-9.340312004089355
83673825000,0.0,0.0,-0.0,-2.999112844467163,-0.002356886863708496,-9.340312004089355
83680725000,0.0,0.0,-0.0,-2.999112844467163,-0.002356886863708496,-9.340312004089355
83687682000,0.0,0.0,-0.0,-2.999112844467163,-0.002356886863708496,-9.340312004089355
83701564000,0.0,0.0,-0.0,-2.999112844467163,-0.002356886863708496,-9.340312004089355
83708631000,0.0,0.0,-0.0,-2.999112844467163,-0.002356886863708496,-9.340312004089355
83715445000,0.0,0.0,-0.0,-2.999112844467163,-0.002356886863708496,-9.340312004089355
83722449000,0.0,0.0,-0.0,-2.999112844467163,-0.002356886863708496,-9.340312004089355
83729348000,0.0,0.0,-0.0,-2.999112844467163,-0.002356886863708496,-9.340312004089355
83743258000,0.0,0.0,-0.0,-2.999112844467163,-0.002356886863708496,-9.340312004089355
83750165000,0.0,0.0,-0.0,-2.999112844467163,-0.002356886863708496,-9.340312004089355
83757230000,0.0,0.0,-0.0,-2.999112844467163,-0.002356886863708496,-9.340312004089355
83764058000,0.0,0.0,-0.0,-2.999112844467163,-0.002356886863708496,-9.340312004089355
83777983000,0.0,0.0,-0.0,-2.999112844467163,-0.002356886863708496,-9.340312004089355
83784883000,0.0,0.0,-0.0,-2.999112844467163,-0.002356886863708496,-9.340312004089355
83791869000,0.0,0.0,-0.0,-2.999112844467163,-0.002356886863708496,-9.340312004089355
83798846000,0.0,0.0,-0.0,-2.999112844467163,-0.002356886863708496,-9.340312004089355
83812667000,0.0,0.0,-0.0,-2.999112844467163,-0.002356886863708496,-9.340312004089355
83819604000,0.0,0.0,-0.0,-2.999112844467163,-0.002356886863708496,-9.340312004089355
83826620000,0.0,0.0,-0.0,-2.999112844467163,-0.002356886863708496,-9.340312004089355
83833557000,0.0,0.0,-0.0,-2.999112844467163,-0.002356886863708496,-9.340312004089355
83840514000,0.0,0.0,-0.0,-2.999112844467163,-0.002356886863708496,-9.340312004089355
83854342000,0.0,0.0,-0.0,-2.999112844467163,-0.002356886863708496,-9.340312004089355
83861302000,0.0,0.0,-0.0,-2.999112844467163,-0.002356886863708496,-9.340312004089355
83868219000,0.0,0.0,-0.0,-2.999112844467163,-0.002356886863708496,-9.340312004089355
83875233000,0.0,0.0,-0.0,-2.999112844467163,-0.002356886863708496,-9.340312004089355
83889176000,0.0,0.0,-0.0,-2.999112844467163,-0.002356886863708496,-9.340312004089355
83896015000,0.0,0.0,-0.0,-2.999112844467163,-0.002356886863708496,-9.340312004089355
83902982000,0.0,0.0,-0.0,-2.999112844467163,-0.002356886863708496,-9.340312004089355
83909930000,0.0,0.0,-0.0,-2.999112844467163,-0.002356886863708496,-9.340312004089355
83923950000,0.0,0.0,-0.0,-2.999112844467163,-0.002356886863708496,-9.340312004089355
83930720000,0.0,0.0,-0.0,-2.999112844467163,-0.002356886863708496,-9.340312004089355
83937687000,0.0,0.0,-0.0,-2.999112844467163,-0.002356886863708496,-9.340312004089355
83944644000,0.0,0.0,-0.0,-2.999112844467163,-0.002356886863708496,-9.340312004089355
83951638000,0.0,0.0,-0.0,-2.999112844467163,-0.002356886863708496,-9.340312004089355
83965445000,0.0,0.0,-0.0,-2.999112844467163,-0.002356886863708496,-9.340312004089355
83972657000,0.0,0.0,-0.0,-2.999112844467163,-0.002356886863708496,-9.340312004089355
83979481000,0.0,0.0,-0.0,-2.999112844467163,-0.002356886863708496,-9.340312004089355
83986367000,0.0,0.0,-0.0,-2.999112844467163,-0.002356886863708496,-9.340312004089355
84000242000,0.0,0.0,-0.0,-2.999112844467163,-0.002356886863708496,-9.340312004089355
84007307000,0.0,0.0,-0.0,-2.999112844467163,-0.002356886863708496,-9.340312004089355
84014153000,0.0,0.0,-0.0,-2.999112844467163,-0.002356886863708496,-9.340312004089355
84021129000,0.0,0.0,-0.0,-2.999112844467163,-0.002356886863708496,-9.340312004089355
84034970000,0.0,0.0,-0.0,-2.999112844467163,-0.002356886863708496,-9.340312004089355
84041964000,0.0,0.0,-0.0,-2.999112844467163,-0.002356886863708496,-9.340312004089355
84048869000,0.0,0.0,-0.0,-2.999112844467163,-0.002356886863708496,-9.340312004089355
84055908000,0.0,0.0,-0.0,-2.999112844467163,-0.002356886863708496,-9.340312004089355
84062788000,0.0,0.0,-0.0,-2.999112844467163,-0.002356886863708496,-9.340312004089355
84076679000,0.0,0.0,-0.0,-2.999112844467163,-0.002356886863708496,-9.340312004089355
84083587000,0.0,0.0,-0.0,-2.999112844467163,-0.002356886863708496,-9.340312004089355
84090667000,0.0,0.0,-0.0,-2.999112844467163,-0.002356886863708496,-9.340312004089355
84097503000,0.0,0.0,-0.0,-2.999112844467163,-0.002356886863708496,-9.340312004089355
84104436000,0.0,0.0,-0.0,-2.999112844467163,-0.002356886863708496,-9.340312004089355
84111414000,0.0,0.0,-0.0,-2.999112844467163,-0.002356886863708496,-9.340312004089355
84125430000,0.0,0.0,-0.0,-2.999112844467163,-0.002356886863708496,-9.340312004089355
84132202000,0.0,0.0,-0.0,-2.999112844467163,-0.002356886863708496,-9.340312004089355
84139192000,0.0,0.0,-0.0,-2.999112844467163,-0.002356886863708496,-9.340312004089355
84146108000,0.0,0.0,-0.0,-2.999112844467163,-0.002356886863708496,-9.340312004089355
84160098000,0.0,0.0,-0.0,-2.999112844467163,-0.002356886863708496,-9.340312004089355
84167002000,0.0,0.0,-0.0,-2.999112844467163,-0.002356886863708496,-9.340312004089355
84174362000,0.0,0.0,-0.0,-2.999112844467163,-0.002356886863708496,-9.340312004089355
84180857000,0.0,0.0,-0.0,-2.999112844467163,-0.002356886863708496,-9.340312004089355
84187768000,0.0,0.0,-0.0,-2.999112844467163,-0.002356886863708496,-9.340312004089355
84201698000,0.0,0.0,-0.0,-2.999112844467163,-0.002356886863708496,-9.340312004089355
84208642000,0.0,0.0,-0.0,-2.999112844467163,-0.002356886863708496,-9.340312004089355
84215539000,0.0,0.0,-0.0,-2.999112844467163,-0.002356886863708496,-9.340312004089355
84222557000,0.0,0.0,-0.0,-2.999112844467163,-0.002356886863708496,-9.340312004089355
84236443000,0.0,0.0,-0.0,-2.999112844467163,-0.002356886863708496,-9.340312004089355
84243346000,0.0,0.0,-0.0,-2.999112844467163,-0.002356886863708496,-9.340312004089355
84250257000,0.0,0.0,-0.0,-2.999112844467163,-0.002356886863708496,-9.340312004089355
84257292000,0.0,0.0,-0.0,-2.999112844467163,-0.002356886863708496,-9.340312004089355
84264152000,0.0,0.0,-0.0,-2.999112844467163,-0.002356886863708496,-9.340312004089355
84278075000,0.0,0.0,-0.0,-2.999112844467163,-0.002356886863708496,-9.340312004089355
84284981000,0.0,0.0,-0.0,-2.999112844467163,-0.002356886863708496,-9.340312004089355
84292025000,0.0,0.0,-0.0,-2.999112844467163,-0.002356886863708496,-9.340312004089355
84298883000,0.0,0.0,-0.0,-2.999112844467163,-0.002356886863708496,-9.340312004089355
84305811000,0.0,0.0,-0.0,-2.999112844467163,-0.002356886863708496,-9.340312004089355
84319743000,0.0,0.0,-0.0,-2.999112844467163,-0.002356886863708496,-9.340312004089355
84326743000,0.0,0.0,-0.0,-2.999112844467163,-0.002356886863708496,-9.340312004089355
84333598000,0.0,0.0,-0.0,-2.999112844467163,-0.002356886863708496,-9.340312004089355
84340597000,0.0,0.0,-0.0,-2.999112844467163,-0.002356886863708496,-9.340312004089355
84354430000,0.0,0.0,-0.0,-2.999112844467163,-0.002356886863708496,-9.340312004089355
84361420000,0.0,0.0,-0.0,-2.999112844467163,-0.002356886863708496,-9.340312004089355
84368318000,0.0,0.0,-0.0,-2.999112844467163,-0.002356886863708496,-9.340312004089355
84375284000,0.0,0.0,-0.0,-2.999112844467163,-0.002356886863708496,-9.340312004089355
84389176000,0.0,0.0,-0.0,-2.999112844467163,-0.002356886863708496,-9.340312004089355
84396111000,0.0,0.0,-0.0,-2.999112844467163,-0.002356886863708496,-9.340312004089355
84403039000,0.0,0.0,-0.0,-2.999112844467163,-0.002356886863708496,-9.340312004089355
84410046000,0.0,0.0,-0.0,-2.999112844467163,-0.002356886863708496,-9.340312004089355
84416993000,0.0,0.0,-0.0,-2.999112844467163,-0.002356886863708496,-9.340312004089355
84430848000,0.0,0.0,-0.0,-2.999112844467163,-0.002356886863708496,-9.340312004089355
84437790000,0.0,0.0,-0.0,-2.999112844467163,-0.002356886863708496,-9.340312004089355
84444752000,0.0,0.0,-0.0,-2.999112844467163,-0.002356886863708496,-9.340312004089355
84451677000,0.0,0.0,-0.0,-2.999112844467163,-0.002356886863708496,-9.340312004089355
84458641000,0.0,0.0,-0.0,-2.999112844467163,-0.002356886863708496,-9.340312004089355
84472528000,0.0,0.0,-0.0,-2.999112844467163,-0.002356886863708496,-9.340312004089355
84479459000,0.0,0.0,-0.0,-2.999112844467163,-0.002356886863708496,-9.340312004089355
84486417000,0.0,0.0,-0.0,-2.999112844467163,-0.002356886863708496,-9.340312004089355
84493387000,0.0,0.0,-0.0,-2.999112844467163,-0.002356886863708496,-9.340312004089355
84507287000,0.0,0.0,-0.0,-2.999112844467163,-0.002356886863708496,-9.340312004089355
84514160000,0.0,0.0,-0.0,-2.999112844467163,-0.002356886863708496,-9.340312004089355
84521096000,0.0,0.0,-0.0,-2.999112844467163,-0.002356886863708496,-9.340312004089355
84528111000,0.0,0.0,-0.0,-2.999112844467163,-0.002356886863708496,-9.340312004089355
84535012000,0.0,0.0,-0.0,-2.999112844467163,-0.002356886863708496,-9.340312004089355
84548885000,0.0,0.0,-0.0,-2.999112844467163,-0.002356886863708496,-9.340312004089355
84555848000,0.0,0.0,-0.0,-2.999112844467163,-0.002356886863708496,-9.340312004089355
84562812000,0.0,0.0,-0.0,-2.999112844467163,-0.002356886863708496,-9.340312004089355
84569726000,0.0,0.0,-0.0,-2.999112844467163,-0.002356886863708496,-9.340312004089355
84583606000,0.0,0.0,-0.0,-2.999112844467163,-0.002356886863708496,-9.340312004089355
84590625000,0.0,0.0,-0.0,-2.999112844467163,-0.002356886863708496,-9.340312004089355
84597525000,0.0,0.0,-0.0,-2.999112844467163,-0.002356886863708496,-9.340312004089355
84604461000,0.0,0.0,-0.0,-2.999112844467163,-0.002356886863708496,-9.340312004089355
84618321000,0.0,0.0,-0.0,-2.999112844467163,-0.002356886863708496,-9.340312004089355
84625336000,0.0,0.0,-0.0,-2.999112844467163,-0.002356886863708496,-9.340312004089355
84632223000,0.0,0.0,-0.0,-2.999112844467163,-0.002356886863708496,-9.340312004089355
84639196000,0.0,0.0,-0.0,-2.999112844467163,-0.002356886863708496,-9.340312004089355
84646166000,0.0,0.0,-0.0,-2.999112844467163,-0.002356886863708496,-9.340312004089355
84660068000,0.0,0.0,-0.0,-2.999112844467163,-0.002356886863708496,-9.340312004089355
84666998000,0.0,0.0,-0.0,-2.999112844467163,-0.002356886863708496,-9.340312004089355
84673901000,0.0,0.0,-0.0,-2.999112844467163,-0.002356886863708496,-9.340312004089355
84680863000,0.0,0.0,-0.0,-2.999112844467163,-0.002356886863708496,-9.340312004089355
84694785000,0.0,0.0,-0.0,-2.999112844467163,-0.002356886863708496,-9.340312004089355
84701690000,0.0,0.0,-0.0,-2.999112844467163,-0.002356886863708496,-9.340312004089355
84708708000,0.0,0.0,-0.0,-2.999112844467163,-0.002356886863708496,-9.340312004089355
84715611000,0.0,0.0,-0.0,-2.999112844467163,-0.002356886863708496,-9.340312004089355
84722507000,0.0,0.0,-0.0,-2.999112844467163,-0.002356886863708496,-9.340312004089355
84736427000,0.0,0.0,-0.0,-2.999112844467163,-0.002356886863708496,-9.340312004089355
84743386000,0.0,0.0,-0.0,-2.999112844467163,-0.002356886863708496,-9.340312004089355
84750334000,0.0,0.0,-0.0,-2.999112844467163,-0.002356886863708496,-9.340312004089355
84757308000,0.0,0.0,-0.0,-2.999112844467163,-0.002356886863708496,-9.340312004089355
84771107000,0.0,0.0,-0.0,-2.999112844467163,-0.002356886863708496,-9.340312004089355
84778141000,0.0,0.0,-0.0,-2.999112844467163,-0.002356886863708496,-9.340312004089355
84785013000,0.0,0.0,-0.0,-2.999112844467163,-0.002356886863708496,-9.340312004089355
84791982000,0.0,0.0,-0.0,-2.999112844467163,-0.002356886863708496,-9.340312004089355
84805842000,0.0,0.0,-0.0,-2.999112844467163,-0.002356886863708496,-9.340312004089355
84812877000,0.0,0.0,-0.0,-2.999112844467163,-0.002356886863708496,-9.340312004089355
84819742000,0.0,0.0,-0.0,-2.999112844467163,-0.002356886863708496,-9.340312004089355
84826721000,0.0,0.0,-0.0,-2.999112844467163,-0.002356886863708496,-9.340312004089355
84833625000,0.0,0.0,-0.0,-2.999112844467163,-0.002356886863708496,-9.340312004089355
84847568000,0.0,0.0,-0.0,-2.999112844467163,-0.002356886863708496,-9.340312004089355
84854440000,0.0,0.0,-0.0,-2.999112844467163,-0.002356886863708496,-9.340312004089355
84861531000,0.0,0.0,-0.0,-2.999112844467163,-0.002356886863708496,-9.340312004089355
84868356000,0.0,0.0,-0.0,-2.999112844467163,-0.002356886863708496,-9.340312004089355
84882266000,0.0,0.0,-0.0,-2.999112844467163,-0.002356886863708496,-9.340312004089355
84889232000,0.0,0.0,-0.0,-2.999112844467163,-0.002356886863708496,-9.340312004089355
84896158000,0.0,0.0,-0.0,-2.999112844467163,-0.002356886863708496,-9.340312004089355
84903077000,0.0,0.0,-0.0,-2.999112844467163,-0.002356886863708496,-9.340312004089355
84910052000,0.0,0.0,-0.0,-2.999112844467163,-0.002356886863708496,-9.340312004089355
84923955000,0.0,0.0,-0.0,-2.999112844467163,-0.002356886863708496,-9.340312004089355
84930876000,0.0,0.0,-0.0,-2.999112844467163,-0.002356886863708496,-9.340312004089355
84937815000,0.0,0.0,-0.0,-2.999112844467163,-0.002356886863708496,-9.340312004089355
84944770000,0.0,0.0,-0.0,-2.999112844467163,-0.002356886863708496,-9.340312004089355
84951691000,0.0,0.0,-0.0,-2.999112844467163,-0.002356886863708496,-9.340312004089355
84965584000,0.0,0.0,-0.0,-2.999112844467163,-0.002356886863708496,-9.340312004089355
84972521000,0.0,0.0,-0.0,-2.999112844467163,-0.002356886863708496,-9.340312004089355
84979485000,0.0,0.0,-0.0,-2.999112844467163,-0.002356886863708496,-9.340312004089355
84986458000,0.0,0.0,-0.0,-2.999112844467163,-0.002356886863708496,-9.340312004089355
84993388000,0.0,0.0,-0.0,-2.999112844467163,-0.002356886863708496,-9.340312004089355
85007375000,0.0,0.0,-0.0,-2.999112844467163,-0.002356886863708496,-9.340312004089355
85014269000,0.0,0.0,-0.0,-2.999112844467163,-0.002356886863708496,-9.340312004089355
85021206000,0.0,0.0,-0.0,-2.999112844467163,-0.002356886863708496,-9.340312004089355
85028161000,0.0,0.0,-0.0,-2.999112844467163,-0.002356886863708496,-9.340312004089355
85035051000,0.0,0.0,-0.0,-2.999112844467163,-0.002356886863708496,-9.340312004089355
85048949000,0.0,0.0,-0.0,-2.999112844467163,-0.002356886863708496,-9.340312004089355
85055888000,0.0,0.0,-0.0,-2.999112844467163,-0.002356886863708496,-9.340312004089355
85062865000,0.0,0.0,-0.0,-2.999112844467163,-0.002356886863708496,-9.340312004089355
85069786000,0.0,0.0,-0.0,-2.999112844467163,-0.002356886863708496,-9.340312004089355
85083703000,0.0,0.0,-0.0,-2.999112844467163,-0.002356886863708496,-9.340312004089355
85090701000,0.0,0.0,-0.0,-2.999112844467163,-0.002356886863708496,-9.340312004089355
85097570000,0.0,0.0,-0.0,-2.999112844467163,-0.002356886863708496,-9.340312004089355
85104519000,0.0,0.0,-0.0,-2.999112844467163,-0.002356886863708496,-9.340312004089355
85111489000,0.0,0.0,-0.0,-2.999112844467163,-0.002356886863708496,-9.340312004089355
85125388000,0.0,0.0,-0.0,-2.999112844467163,-0.002356886863708496,-9.340312004089355
85132337000,0.0,0.0,-0.0,-2.999112844467163,-0.002356886863708496,-9.340312004089355
85139250000,0.0,0.0,-0.0,-2.999112844467163,-0.002356886863708496,-9.340312004089355
85146245000,0.0,0.0,-0.0,-2.999112844467163,-0.002356886863708496,-9.340312004089355
85160152000,0.0,0.0,-0.0,-2.999112844467163,-0.002356886863708496,-9.340312004089355
85167024000,0.0,0.0,-0.0,-2.999112844467163,-0.002356886863708496,-9.340312004089355
85174024000,0.0,0.0,-0.0,-2.999112844467163,-0.002356886863708496,-9.340312004089355
85180922000,0.0,0.0,-0.0,-2.999112844467163,-0.002356886863708496,-9.340312004089355
85187847000,0.0,0.0,-0.0,-2.999112844467163,-0.002356886863708496,-9.340312004089355
85201864000,0.0,0.0,-0.0,-2.999112844467163,-0.002356886863708496,-9.340312004089355
85208788000,0.0,0.0,-0.0,-2.999112844467163,-0.002356886863708496,-9.340312004089355
85215704000,0.0,0.0,-0.0,-2.999112844467163,-0.002356886863708496,-9.340312004089355
85222660000,0.0,0.0,-0.0,-2.999112844467163,-0.002356886863708496,-9.340312004089355
85229680000,0.0,0.0,-0.0,-2.999112844467163,-0.002356886863708496,-9.340312004089355
85243506000,0.0,0.0,-0.0,-2.999112844467163,-0.002356886863708496,-9.340312004089355
85250418000,0.0,0.0,-0.0,-2.999112844467163,-0.002356886863708496,-9.340312004089355
85257464000,0.0,0.0,-0.0,-2.999112844467163,-0.002356886863708496,-9.340312004089355
85264327000,0.0,0.0,-0.0,-2.999112844467163,-0.002356886863708496,-9.340312004089355
85278245000,0.0,0.0,-0.0,-2.999112844467163,-0.002356886863708496,-9.340312004089355
85285144000,0.0,0.0,-0.0,-2.999112844467163,-0.002356886863708496,-9.340312004089355
85292163000,0.0,0.0,-0.0,-2.999112844467163,-0.002356886863708496,-9.340312004089355
85299063000,0.0,0.0,-0.0,-2.999112844467163,-0.002356886863708496,-9.340312004089355
85313017000,0.0,0.0,-0.0,-2.999112844467163,-0.002356886863708496,-9.340312004089355
85319879000,0.0,0.0,-0.0,-2.999112844467163,-0.002356886863708496,-9.340312004089355
85327013000,0.0,0.0,-0.0,-2.999112844467163,-0.002356886863708496,-9.340312004089355
85333755000,0.0,0.0,-0.0,-2.999112844467163,-0.002356886863708496,-9.340312004089355
85340875000,0.0,0.0,-0.0,-2.999112844467163,-0.002356886863708496,-9.340312004089355
85354582000,0.0,0.0,-0.0,-2.999112844467163,-0.002356886863708496,-9.340312004089355
85361621000,0.0,0.0,-0.0,-2.999112844467163,-0.002356886863708496,-9.340312004089355
85368490000,0.0,0.0,-0.0,-2.999112844467163,-0.002356886863708496,-9.340312004089355
85375489000,0.0,0.0,-0.0,-2.999112844467163,-0.002356886863708496,-9.340312004089355
85382371000,0.0,0.0,-0.0,-2.999112844467163,-0.002356886863708496,-9.340312004089355
85396286000,0.0,0.0,-0.0,-2.999112844467163,-0.002356886863708496,-9.340312004089355
85403197000,0.0,0.0,-0.0,-2.999112844467163,-0.002356886863708496,-9.340312004089355
85410203000,0.0,0.0,-0.0,-2.999112844467163,-0.002356886863708496,-9.340312004089355
85417142000,0.0,0.0,-0.0,-2.999112844467163,-0.002356886863708496,-9.340312004089355
85424116000,0.0,0.0,-0.0,-2.999112844467163,-0.002356886863708496,-9.340312004089355
85437932000,0.0,0.0,-0.0,-2.999112844467163,-0.002356886863708496,-9.340312004089355
85444896000,0.0,0.0,-0.0,-2.999112844467163,-0.002356886863708496,-9.340312004089355
85451814000,0.0,0.0,-0.0,-2.999112844467163,-0.002356886863708496,-9.340312004089355
85458795000,0.0,0.0,-0.0,-2.999112844467163,-0.002356886863708496,-9.340312004089355
85472668000,0.0,0.0,-0.0,-2.999112844467163,-0.002356886863708496,-9.340312004089355
85479645000,0.0,0.0,-0.0,-2.999112844467163,-0.002356886863708496,-9.340312004089355
85486550000,0.0,0.0,-0.0,-2.999112844467163,-0.002356886863708496,-9.340312004089355
85493562000,0.0,0.0,-0.0,-2.999112844467163,-0.002356886863708496,-9.340312004089355
85507426000,0.0,0.0,-0.0,-2.999112844467163,-0.002356886863708496,-9.340312004089355
85514406000,0.0,0.0,-0.0,-2.999112844467163,-0.002356886863708496,-9.340312004089355
85521271000,0.0,0.0,-0.0,-2.999112844467163,-0.002356886863708496,-9.340312004089355
85528241000,0.0,0.0,-0.0,-2.999112844467163,-0.002356886863708496,-9.340312004089355
85535152000,0.0,0.0,-0.0,-2.999112844467163,-0.002356886863708496,-9.340312004089355
85549058000,0.0,0.0,-0.0,-2.999112844467163,-0.002356886863708496,-9.340312004089355
85556029000,0.0,0.0,-0.0,-2.999112844467163,-0.002356886863708496,-9.340312004089355
85562975000,0.0,0.0,-0.0,-2.999112844467163,-0.002356886863708496,-9.340312004089355
85569934000,0.0,0.0,-0.0,-2.999112844467163,-0.002356886863708496,-9.340312004089355
85583760000,0.0,0.0,-0.0,-2.999112844467163,-0.002356886863708496,-9.340312004089355
85591147000,0.0,0.0,-0.0,-2.999112844467163,-0.002356886863708496,-9.340312004089355
85597667000,0.0,0.0,-0.0,-2.999112844467163,-0.002356886863708496,-9.340312004089355
85604595000,0.0,0.0,-0.0,-2.999112844467163,-0.002356886863708496,-9.340312004089355
85611585000,0.0,0.0,-0.0,-2.999112844467163,-0.002356886863708496,-9.340312004089355
85625568000,0.0,0.0,-0.0,-2.999112844467163,-0.002356886863708496,-9.340312004089355
85632379000,0.0,0.0,-0.0,-2.999112844467163,-0.002356886863708496,-9.340312004089355
85639309000,0.0,0.0,-0.0,-2.999112844467163,-0.002356886863708496,-9.340312004089355
85646358000,0.0,0.0,-0.0,-2.999112844467163,-0.002356886863708496,-9.340312004089355
85660220000,0.0,0.0,-0.0,-2.999112844467163,-0.002356886863708496,-9.340312004089355
85667114000,0.0,0.0,-0.0,-2.999112844467163,-0.002356886863708496,-9.340312004089355
85674095000,0.0,0.0,-0.0,-2.999112844467163,-0.002356886863708496,-9.340312004089355
85681008000,0.0,0.0,-0.0,-2.999112844467163,-0.002356886863708496,-9.340312004089355
85694962000,0.0,0.0,-0.0,-2.999112844467163,-0.002356886863708496,-9.340312004089355
85701825000,0.0,0.0,-0.0,-2.999112844467163,-0.002356886863708496,-9.340312004089355
85708852000,0.0,0.0,-0.0,-2.999112844467163,-0.002356886863708496,-9.340312004089355
85715711000,0.0,0.0,-0.0,-2.999112844467163,-0.002356886863708496,-9.340312004089355
85722663000,0.0,0.0,-0.0,-2.999112844467163,-0.002356886863708496,-9.340312004089355
85736556000,0.0,0.0,-0.0,-2.999112844467163,-0.002356886863708496,-9.340312004089355
85743518000,0.0,0.0,-0.0,-2.999112844467163,-0.002356886863708496,-9.340312004089355
85750443000,0.0,0.0,-0.0,-2.999112844467163,-0.002356886863708496,-9.340312004089355
85757428000,0.0,0.0,-0.0,-2.999112844467163,-0.002356886863708496,-9.340312004089355
85764426000,0.0,0.0,-0.0,-2.999112844467163,-0.002356886863708496,-9.340312004089355
85778253000,0.0,0.0,-0.0,-2.999112844467163,-0.002356886863708496,-9.340312004089355
85785191000,0.0,0.0,-0.0,-2.999112844467163,-0.002356886863708496,-9.340312004089355
85792190000,0.0,0.0,-0.0,-2.999112844467163,-0.002356886863708496,-9.340312004089355
85799059000,0.0,0.0,-0.0,-2.999112844467163,-0.002356886863708496,-9.340312004089355
85813030000,0.0,0.0,-0.0,-2.999112844467163,-0.002356886863708496,-9.340312004089355
85819901000,0.0,0.0,-0.0,-2.999112844467163,-0.002356886863708496,-9.340312004089355
85826917000,0.0,0.0,-0.0,-2.999112844467163,-0.002356886863708496,-9.340312004089355
85833773000,0.0,0.0,-0.0,-2.999112844467163,-0.002356886863708496,-9.340312004089355
85840741000,0.0,0.0,-0.0,-2.999112844467163,-0.002356886863708496,-9.340312004089355
85854601000,0.0,0.0,-0.0,-2.999112844467163,-0.002356886863708496,-9.340312004089355
85861612000,0.0,0.0,-0.0,-2.999112844467163,-0.002356886863708496,-9.340312004089355
85868502000,0.0,0.0,-0.0,-2.999112844467163,-0.002356886863708496,-9.340312004089355
85875486000,0.0,0.0,-0.0,-2.999112844467163,-0.002356886863708496,-9.340312004089355
85889336000,0.0,0.0,-0.0,-2.999112844467163,-0.002356886863708496,-9.340312004089355
85896291000,0.0,0.0,-0.0,-2.999112844467163,-0.002356886863708496,-9.340312004089355
85903277000,0.0,0.0,-0.0,-2.999112844467163,-0.002356886863708496,-9.340312004089355
85910196000,0.0,0.0,-0.0,-2.999112844467163,-0.002356886863708496,-9.340312004089355
85917159000,0.0,0.0,-0.0,-2.999112844467163,-0.002356886863708496,-9.340312004089355
85924100000,0.0,0.0,-0.0,-2.999112844467163,-0.002356886863708496,-9.340312004089355
85937959000,0.0,0.0,-0.0,-2.999112844467163,-0.002356886863708496,-9.340312004089355
85944954000,0.0,0.0,-0.0,-2.999112844467163,-0.002356886863708496,-9.340312004089355
85951890000,0.0,0.0,-0.0,-2.999112844467163,-0.002356886863708496,-9.340312004089355
85958852000,0.0,0.0,-0.0,-2.999112844467163,-0.002356886863708496,-9.340312004089355
85972708000,0.0,0.0,-0.0,-2.999112844467163,-0.002356886863708496,-9.340312004089355
85979655000,0.0,0.0,-0.0,-2.999112844467163,-0.002356886863708496,-9.340312004089355
85986614000,0.0,0.0,-0.0,-2.999112844467163,-0.002356886863708496,-9.340312004089355
85993579000,0.0,0.0,-0.0,-2.999112844467163,-0.002356886863708496,-9.340312004089355
86000474000,0.0,0.0,-0.0,-2.999112844467163,-0.002356886863708496,-9.340312004089355
86014359000,0.0,0.0,-0.0,-2.999112844467163,-0.002356886863708496,-9.340312004089355
86021307000,0.0,0.0,-0.0,-2.999112844467163,-0.002356886863708496,-9.340312004089355
86028286000,0.0,0.0,-0.0,-2.999112844467163,-0.002356886863708496,-9.340312004089355
86035229000,0.0,0.0,-0.0,-2.999112844467163,-0.002356886863708496,-9.340312004089355
86042202000,0.0,0.0,-0.0,-2.999112844467163,-0.002356886863708496,-9.340312004089355
86056043000,0.0,0.0,-0.0,-2.999112844467163,-0.002356886863708496,-9.340312004089355
86063003000,0.0,0.0,-0.0,-2.999112844467163,-0.002356886863708496,-9.340312004089355
86069928000,0.0,0.0,-0.0,-2.999112844467163,-0.002356886863708496,-9.340312004089355
86076926000,0.0,0.0,-0.0,-2.999112844467163,-0.002356886863708496,-9.340312004089355
86083804000,0.0,0.0,-0.0,-2.999112844467163,-0.002356886863708496,-9.340312004089355
86097752000,0.0,0.0,-0.0,-2.999112844467163,-0.002356886863708496,-9.340312004089355
86104643000,0.0,0.0,-0.0,-2.999112844467163,-0.002356886863708496,-9.340312004089355
86111633000,0.0,0.0,-0.0,-2.999112844467163,-0.002356886863708496,-9.340312004089355
86118570000,0.0,0.0,-0.0,-2.999112844467163,-0.002356886863708496,-9.340312004089355
86125611000,0.0,0.0,-0.0,-2.999112844467163,-0.002356886863708496,-9.340312004089355
86139405000,0.0,0.0,-0.0,-2.999112844467163,-0.002356886863708496,-9.340312004089355
86146341000,0.0,0.0,-0.0,-2.999112844467163,-0.002356886863708496,-9.340312004089355
86153246000,0.0,0.0,-0.0,-2.999112844467163,-0.002356886863708496,-9.340312004089355
86160293000,0.0,0.0,-0.0,-2.999112844467163,-0.002356886863708496,-9.340312004089355
86174092000,0.0,0.0,-0.0,-2.999112844467163,-0.002356886863708496,-9.340312004089355
86181088000,0.0,0.0,-0.0,-2.999112844467163,-0.002356886863708496,-9.340312004089355
86187998000,0.0,0.0,-0.0,-2.999112844467163,-0.002356886863708496,-9.340312004089355
86195000000,0.0,0.0,-0.0,-2.999112844467163,-0.002356886863708496,-9.340312004089355
86201896000,0.0,0.0,-0.0,-2.999112844467163,-0.002356886863708496,-9.340312004089355
86215765000,0.0,0.0,-0.0,-2.999112844467163,-0.002356886863708496,-9.340312004089355
86222697000,0.0,0.0,-0.0,-2.999112844467163,-0.002356886863708496,-9.340312004089355
86229705000,0.0,0.0,-0.0,-2.999112844467163,-0.002356886863708496,-9.340312004089355
86236601000,0.0,0.0,-0.0,-2.999112844467163,-0.002356886863708496,-9.340312004089355
86250482000,0.0,0.0,-0.0,-2.999112844467163,-0.002356886863708496,-9.340312004089355
86257483000,0.0,0.0,-0.0,-2.999112844467163,-0.002356886863708496,-9.340312004089355
86264403000,0.0,0.0,-0.0,-2.999112844467163,-0.002356886863708496,-9.340312004089355
86271335000,0.0,0.0,-0.0,-2.999112844467163,-0.002356886863708496,-9.340312004089355
86278305000,0.0,0.0,-0.0,-2.999112844467163,-0.002356886863708496,-9.340312004089355
86292230000,0.0,0.0,-0.0,-2.999112844467163,-0.002356886863708496,-9.340312004089355
86299111000,0.0,0.0,-0.0,-2.999112844467163,-0.002356886863708496,-9.340312004089355
86306061000,0.0,0.0,-0.0,-2.999112844467163,-0.002356886863708496,-9.340312004089355
86313031000,0.0,0.0,-0.0,-2.999112844467163,-0.002356886863708496,-9.340312004089355
86326937000,0.0,0.0,-0.0,-2.999112844467163,-0.002356886863708496,-9.340312004089355
86333829000,0.0,0.0,-0.0,-2.999112844467163,-0.002356886863708496,-9.340312004089355
86340762000,0.0,0.0,-0.0,-2.999112844467163,-0.002356886863708496,-9.340312004089355
86347814000,0.0,0.0,-0.0,-2.999112844467163,-0.002356886863708496,-9.340312004089355
86354682000,0.0,0.0,-0.0,-2.999112844467163,-0.002356886863708496,-9.340312004089355
86368548000,0.0,0.0,-0.0,-2.999112844467163,-0.002356886863708496,-9.340312004089355
86375521000,0.0,0.0,-0.0,-2.999112844467163,-0.002356886863708496,-9.340312004089355
86382447000,0.0,0.0,-0.0,-2.999112844467163,-0.002356886863708496,-9.340312004089355
86389390000,0.0,0.0,-0.0,-2.999112844467163,-0.002356886863708496,-9.340312004089355
86403284000,0.0,0.0,-0.0,-2.999112844467163,-0.002356886863708496,-9.340312004089355
86410243000,0.0,0.0,-0.0,-2.999112844467163,-0.002356886863708496,-9.340312004089355
86417205000,0.0,0.0,-0.0,-2.999112844467163,-0.002356886863708496,-9.340312004089355
86424128000,0.0,0.0,-0.0,-2.999112844467163,-0.002356886863708496,-9.340312004089355
86438020000,0.0,0.0,-0.0,-2.999112844467163,-0.002356886863708496,-9.340312004089355
86444970000,0.0,0.0,-0.0,-2.999112844467163,-0.002356886863708496,-9.340312004089355
86451890000,0.0,0.0,-0.0,-2.999112844467163,-0.002356886863708496,-9.340312004089355
86458901000,0.0,0.0,-0.0,-2.999112844467163,-0.002356886863708496,-9.340312004089355
86465774000,0.0,0.0,-0.0,-2.999112844467163,-0.002356886863708496,-9.340312004089355
86479694000,0.0,0.0,-0.0,-2.999112844467163,-0.002356886863708496,-9.340312004089355
86486610000,0.0,0.0,-0.0,-2.999112844467163,-0.002356886863708496,-9.340312004089355
86493610000,0.0,0.0,-0.0,-2.999112844467163,-0.002356886863708496,-9.340312004089355
86500523000,0.0,0.0,-0.0,-2.999112844467163,-0.002356886863708496,-9.340312004089355
86514403000,0.0,0.0,-0.0,-2.999112844467163,-0.002356886863708496,-9.340312004089355
86521325000,0.0,0.0,-0.0,-2.999112844467163,-0.002356886863708496,-9.340312004089355
86528365000,0.0,0.0,-0.0,-2.999112844467163,-0.002356886863708496,-9.340312004089355
86535269000,0.0,0.0,-0.0,-2.999112844467163,-0.002356886863708496,-9.340312004089355
86549274000,0.0,0.0,-0.0,-2.999112844467163,-0.002356886863708496,-9.340312004089355
86556065000,0.0,0.0,-0.0,-2.999112844467163,-0.002356886863708496,-9.340312004089355
86563079000,0.0,0.0,-0.0,-2.999112844467163,-0.002356886863708496,-9.340312004089355
86569988000,0.0,0.0,-0.0,-2.999112844467163,-0.002356886863708496,-9.340312004089355
86576932000,0.0,0.0,-0.0,-2.999112844467163,-0.002356886863708496,-9.340312004089355
86590788000,0.0,0.0,-0.0,-2.999112844467163,-0.002356886863708496,-9.340312004089355
86597750000,0.0,0.0,-0.0,-2.999112844467163,-0.002356886863708496,-9.340312004089355
86604656000,0.0,0.0,-0.0,-2.999112844467163,-0.002356886863708496,-9.340312004089355
86611667000,0.0,0.0,-0.0,-2.999112844467163,-0.002356886863708496,-9.340312004089355
86625556000,0.0,0.0,-0.0,-2.999112844467163,-0.002356886863708496,-9.340312004089355
86632450000,0.0,0.0,-0.0,-2.999112844467163,-0.002356886863708496,-9.340312004089355
86639418000,0.0,0.0,-0.0,-2.999112844467163,-0.002356886863708496,-9.340312004089355
86646361000,0.0,0.0,-0.0,-2.999112844467163,-0.002356886863708496,-9.340312004089355
86653295000,0.0,0.0,-0.0,-2.999112844467163,-0.002356886863708496,-9.340312004089355
86667227000,0.0,0.0,-0.0,-2.999112844467163,-0.002356886863708496,-9.340312004089355
86674164000,0.0,0.0,-0.0,-2.999112844467163,-0.002356886863708496,-9.340312004089355
86681162000,0.0,0.0,-0.0,-2.999112844467163,-0.002356886863708496,-9.340312004089355
86688009000,0.0,0.0,-0.0,-2.999112844467163,-0.002356886863708496,-9.340312004089355
86701898000,0.0,0.0,-0.0,-2.999112844467163,-0.002356886863708496,-9.340312004089355
86708916000,0.0,0.0,-0.0,-2.999112844467163,-0.002356886863708496,-9.340312004089355
86715794000,0.0,0.0,-0.0,-2.999112844467163,-0.002356886863708496,-9.340312004089355
86722724000,0.0,0.0,-0.0,-2.999112844467163,-0.002356886863708496,-9.340312004089355
86729780000,0.0,0.0,-0.0,-2.999112844467163,-0.002356886863708496,-9.340312004089355
86743615000,0.0,0.0,-0.0,-2.999112844467163,-0.002356886863708496,-9.340312004089355
86750523000,0.0,0.0,-0.0,-2.999112844467163,-0.002356886863708496,-9.340312004089355
86757469000,0.0,0.0,-0.0,-2.999112844467163,-0.002356886863708496,-9.340312004089355
86764454000,0.0,0.0,-0.0,-2.999112844467163,-0.002356886863708496,-9.340312004089355
86771388000,0.0,0.0,-0.0,-2.999112844467163,-0.002356886863708496,-9.340312004089355
86785301000,0.0,0.0,-0.0,-2.999112844467163,-0.002356886863708496,-9.340312004089355
86792636000,0.0,0.0,-0.0,-2.999112844467163,-0.002356886863708496,-9.340312004089355
86799166000,0.0,0.0,-0.0,-2.999112844467163,-0.002356886863708496,-9.340312004089355
86806154000,0.0,0.0,-0.0,-2.999112844467163,-0.002356886863708496,-9.340312004089355
86819992000,0.0,0.0,-0.0,-2.999112844467163,-0.002356886863708496,-9.340312004089355
86827022000,0.0,0.0,-0.0,-2.999112844467163,-0.002356886863708496,-9.340312004089355
86833882000,0.0,0.0,-0.0,-2.999112844467163,-0.002356886863708496,-9.340312004089355
86840804000,0.0,0.0,-0.0,-2.999112844467163,-0.002356886863708496,-9.340312004089355
86854690000,0.0,0.0,-0.0,-2.999112844467163,-0.002356886863708496,-9.340312004089355
86861719000,0.0,0.0,-0.0,-2.999112844467163,-0.002356886863708496,-9.340312004089355
86868579000,0.0,0.0,-0.0,-2.999112844467163,-0.002356886863708496,-9.340312004089355
86875684000,0.0,0.0,-0.0,-2.999112844467163,-0.002356886863708496,-9.340312004089355
86882483000,0.0,0.0,-0.0,-2.999112844467163,-0.002356886863708496,-9.340312004089355
86896440000,0.0,0.0,-0.0,-2.999112844467163,-0.002356886863708496,-9.340312004089355
86903331000,0.0,0.0,-0.0,-2.999112844467163,-0.002356886863708496,-9.340312004089355
86910276000,0.0,0.0,-0.0,-2.999112844467163,-0.002356886863708496,-9.340312004089355
86917291000,0.0,0.0,-0.0,-2.999112844467163,-0.002356886863708496,-9.340312004089355
86931168000,0.0,0.0,-0.0,-2.999112844467163,-0.002356886863708496,-9.340312004089355
86938042000,0.0,0.0,-0.0,-2.999112844467163,-0.002356886863708496,-9.340312004089355
86945002000,0.0,0.0,-0.0,-2.999112844467163,-0.002356886863708496,-9.340312004089355
86951953000,0.0,0.0,-0.0,-2.999112844467163,-0.002356886863708496,-9.340312004089355
86965819000,0.0,0.0,-0.0,-2.999112844467163,-0.002356886863708496,-9.340312004089355
86972750000,0.0,0.0,-0.0,-2.999112844467163,-0.002356886863708496,-9.340312004089355
86979743000,0.0,0.0,-0.0,-2.999112844467163,-0.002356886863708496,-9.340312004089355
86986685000,0.0,0.0,-0.0,-2.999112844467163,-0.002356886863708496,-9.340312004089355
86993765000,0.0,0.0,-0.0,-2.999112844467163,-0.002356886863708496,-9.340312004089355
87007517000,0.0,0.0,-0.0,-2.999112844467163,-0.002356886863708496,-9.340312004089355
87014454000,0.0,0.0,-0.0,-2.999112844467163,-0.002356886863708496,-9.340312004089355
87021375000,0.0,0.0,-0.0,-2.999112844467163,-0.002356886863708496,-9.340312004089355
87028401000,0.0,0.0,-0.0,-2.999112844467163,-0.002356886863708496,-9.340312004089355
87042275000,0.0,0.0,-0.0,-2.999112844467163,-0.002356886863708496,-9.340312004089355
87049176000,0.0,0.0,-0.0,-2.999112844467163,-0.002356886863708496,-9.340312004089355
87056105000,0.0,0.0,-0.0,-2.999112844467163,-0.002356886863708496,-9.340312004089355
87063070000,0.0,0.0,-0.0,-2.999112844467163,-0.002356886863708496,-9.340312004089355
87070002000,0.0,0.0,-0.0,-2.999112844467163,-0.002356886863708496,-9.340312004089355
87083877000,0.0,0.0,-0.0,-2.999112844467163,-0.002356886863708496,-9.340312004089355
87090809000,0.0,0.0,-0.0,-2.999112844467163,-0.002356886863708496,-9.340312004089355
87097802000,0.0,0.0,-0.0,-2.999112844467163,-0.002356886863708496,-9.340312004089355
87104717000,0.0,0.0,-0.0,-2.999112844467163,-0.002356886863708496,-9.340312004089355
87118609000,0.0,0.0,-0.0,-2.999112844467163,-0.002356886863708496,-9.340312004089355
87125599000,0.0,0.0,-0.0,-2.999112844467163,-0.002356886863708496,-9.340312004089355
87132514000,0.0,0.0,-0.0,-2.999112844467163,-0.002356886863708496,-9.340312004089355
87139455000,0.0,0.0,-0.0,-2.999112844467163,-0.002356886863708496,-9.340312004089355
87146409000,0.0,0.0,-0.0,-2.999112844467163,-0.002356886863708496,-9.340312004089355
87160438000,0.0,0.0,-0.0,-2.999112844467163,-0.002356886863708496,-9.340312004089355
87167250000,0.0,0.0,-0.0,-2.999112844467163,-0.002356886863708496,-9.340312004089355
87174142000,0.0,0.0,-0.0,-2.999112844467163,-0.002356886863708496,-9.340312004089355
87181140000,0.0,0.0,-0.0,-2.999112844467163,-0.002356886863708496,-9.340312004089355
87195125000,0.0,0.0,-0.0,-2.999112844467163,-0.002356886863708496,-9.340312004089355
87202039000,0.0,0.0,-0.0,-2.999112844467163,-0.002356886863708496,-9.340312004089355
87209058000,0.0,0.0,-0.0,-2.999112844467163,-0.002356886863708496,-9.340312004089355
87215939000,0.0,0.0,-0.0,-2.999112844467163,-0.002356886863708496,-9.340312004089355
87222866000,0.0,0.0,-0.0,-2.999112844467163,-0.002356886863708496,-9.340312004089355
87236785000,0.0,0.0,-0.0,-2.999112844467163,-0.002356886863708496,-9.340312004089355
87243729000,0.0,0.0,-0.0,-2.999112844467163,-0.002356886863708496,-9.340312004089355
87250682000,0.0,0.0,-0.0,-2.999112844467163,-0.002356886863708496,-9.340312004089355
87257621000,0.0,0.0,-0.0,-2.999112844467163,-0.002356886863708496,-9.340312004089355
87271486000,0.0,0.0,-0.0,-2.999112844467163,-0.002356886863708496,-9.340312004089355
87278461000,0.0,0.0,-0.0,-2.999112844467163,-0.002356886863708496,-9.340312004089355
87285368000,0.0,0.0,-0.0,-2.999112844467163,-0.002356886863708496,-9.340312004089355
87292353000,0.0,0.0,-0.0,-2.999112844467163,-0.002356886863708496,-9.340312004089355
87299272000,0.0,0.0,-0.0,-2.999112844467163,-0.002356886863708496,-9.340312004089355
87313219000,0.0,0.0,-0.0,-2.999112844467163,-0.002356886863708496,-9.340312004089355
87320094000,0.0,0.0,-0.0,-2.999112844467163,-0.002356886863708496,-9.340312004089355
87327299000,0.0,0.0,-0.0,-2.999112844467163,-0.002356886863708496,-9.340312004089355
87334079000,0.0,0.0,-0.0,-2.999112844467163,-0.002356886863708496,-9.340312004089355
87341008000,0.0,0.0,-0.0,-2.999112844467163,-0.002356886863708496,-9.340312004089355
87354911000,0.0,0.0,-0.0,-2.999112844467163,-0.002356886863708496,-9.340312004089355
87361891000,0.0,0.0,-0.0,-2.999112844467163,-0.002356886863708496,-9.340312004089355
87368817000,0.0,0.0,-0.0,-2.999112844467163,-0.002356886863708496,-9.340312004089355
87375740000,0.0,0.0,-0.0,-2.999112844467163,-0.002356886863708496,-9.340312004089355
87382650000,0.0,0.0,-0.0,-2.999112844467163,-0.002356886863708496,-9.340312004089355
87396563000,0.0,0.0,-0.0,-2.999112844467163,-0.002356886863708496,-9.340312004089355
87403474000,0.0,0.0,-0.0,-2.999112844467163,-0.002356886863708496,-9.340312004089355
87410491000,0.0,0.0,-0.0,-2.999112844467163,-0.002356886863708496,-9.340312004089355
87417374000,0.0,0.0,-0.0,-2.999112844467163,-0.002356886863708496,-9.340312004089355
87424297000,0.0,0.0,-0.0,-2.999112844467163,-0.002356886863708496,-9.340312004089355
87438294000,0.0,0.0,-0.0,-2.999112844467163,-0.002356886863708496,-9.340312004089355
87445213000,0.0,0.0,-0.0,-2.999112844467163,-0.002356886863708496,-9.340312004089355
87452126000,0.0,0.0,-0.0,-2.999112844467163,-0.002356886863708496,-9.340312004089355
87459144000,0.0,0.0,-0.0,-2.999112844467163,-0.002356886863708496,-9.340312004089355
87466066000,0.0,0.0,-0.0,-2.999112844467163,-0.002356886863708496,-9.340312004089355
87479941000,0.0,0.0,-0.0,-2.999112844467163,-0.002356886863708496,-9.340312004089355
87486836000,0.0,0.0,-0.0,-2.999112844467163,-0.002356886863708496,-9.340312004089355
87493988000,0.0,0.0,-0.0,-2.999112844467163,-0.002356886863708496,-9.340312004089355
87500743000,0.0,0.0,-0.0,-2.999112844467163,-0.002356886863708496,-9.340312004089355
87514659000,0.0,0.0,-0.0,-2.999112844467163,-0.002356886863708496,-9.340312004089355
87521573000,0.0,0.0,-0.0,-2.999112844467163,-0.002356886863708496,-9.340312004089355
87528577000,0.0,0.0,-0.0,-2.999112844467163,-0.002356886863708496,-9.340312004089355
87535480000,0.0,0.0,-0.0,-2.999112844467163,-0.002356886863708496,-9.340312004089355
87549381000,0.0,0.0,-0.0,-2.999112844467163,-0.002356886863708496,-9.340312004089355
87556349000,0.0,0.0,-0.0,-2.999112844467163,-0.002356886863708496,-9.340312004089355
87563318000,0.0,0.0,-0.0,-2.999112844467163,-0.002356886863708496,-9.340312004089355
87570186000,0.0,0.0,-0.0,-2.999112844467163,-0.002356886863708496,-9.340312004089355
87584059000,0.0,0.0,-0.0,-2.999112844467163,-0.002356886863708496,-9.340312004089355
87591011000,0.0,0.0,-0.0,-2.999112844467163,-0.002356886863708496,-9.340312004089355
87598022000,0.0,0.0,-0.0,-2.999112844467163,-0.002356886863708496,-9.340312004089355
87604917000,0.0,0.0,-0.0,-2.999112844467163,-0.002356886863708496,-9.340312004089355
87618784000,0.0,0.0,-0.0,-2.999112844467163,-0.002356886863708496,-9.340312004089355
87625729000,0.0,0.0,-0.0,-2.999112844467163,-0.002356886863708496,-9.340312004089355
87632709000,0.0,0.0,-0.0,-2.999112844467163,-0.002356886863708496,-9.340312004089355
87639643000,0.0,0.0,-0.0,-2.999112844467163,-0.002356886863708496,-9.340312004089355
87646621000,0.0,0.0,-0.0,-2.999112844467163,-0.002356886863708496,-9.340312004089355
87660531000,0.0,0.0,-0.0,-2.999112844467163,-0.002356886863708496,-9.340312004089355
87667452000,0.0,0.0,-0.0,-2.999112844467163,-0.002356886863708496,-9.340312004089355
87674386000,0.0,0.0,-0.0,-2.999112844467163,-0.002356886863708496,-9.340312004089355
87681371000,0.0,0.0,-0.0,-2.999112844467163,-0.002356886863708496,-9.340312004089355
87688234000,0.0,0.0,-0.0,-2.999112844467163,-0.002356886863708496,-9.340312004089355
87702167000,0.0,0.0,-0.0,-2.999112844467163,-0.002356886863708496,-9.340312004089355
87709106000,0.0,0.0,-0.0,-2.999112844467163,-0.002356886863708496,-9.340312004089355
87716103000,0.0,0.0,-0.0,-2.999112844467163,-0.002356886863708496,-9.340312004089355
87722967000,0.0,0.0,-0.0,-2.999112844467163,-0.002356886863708496,-9.340312004089355
87736855000,0.0,0.0,-0.0,-2.999112844467163,-0.002356886863708496,-9.340312004089355
87743881000,0.0,0.0,-0.0,-2.999112844467163,-0.002356886863708496,-9.340312004089355
87750789000,0.0,0.0,-0.0,-2.999112844467163,-0.002356886863708496,-9.340312004089355
87757733000,0.0,0.0,-0.0,-2.999112844467163,-0.002356886863708496,-9.340312004089355
87764670000,0.0,0.0,-0.0,-2.999112844467163,-0.002356886863708496,-9.340312004089355
87778551000,0.0,0.0,-0.0,-2.999112844467163,-0.002356886863708496,-9.340312004089355
87785467000,0.0,0.0,-0.0,-2.999112844467163,-0.002356886863708496,-9.340312004089355
87792465000,0.0,0.0,-0.0,-2.999112844467163,-0.002356886863708496,-9.340312004089355
87799391000,0.0,0.0,-0.0,-2.999112844467163,-0.002356886863708496,-9.340312004089355
87813287000,0.0,0.0,-0.0,-2.999112844467163,-0.002356886863708496,-9.340312004089355
87820214000,0.0,0.0,-0.0,-2.999112844467163,-0.002356886863708496,-9.340312004089355
87827438000,0.0,0.0,-0.0,-2.999112844467163,-0.002356886863708496,-9.340312004089355
87834075000,0.0,0.0,-0.0,-2.999112844467163,-0.002356886863708496,-9.340312004089355
87841074000,0.0,0.0,-0.0,-2.999112844467163,-0.002356886863708496,-9.340312004089355
87854913000,0.0,0.0,-0.0,-2.999112844467163,-0.002356886863708496,-9.340312004089355
87861937000,0.0,0.0,-0.0,-2.999112844467163,-0.002356886863708496,-9.340312004089355
87868806000,0.0,0.0,-0.0,-2.999112844467163,-0.002356886863708496,-9.340312004089355
87875739000,0.0,0.0,-0.0,-2.999112844467163,-0.002356886863708496,-9.340312004089355
87889679000,0.0,0.0,-0.0,-2.999112844467163,-0.002356886863708496,-9.340312004089355
87896622000,0.0,0.0,-0.0,-2.999112844467163,-0.002356886863708496,-9.340312004089355
87903532000,0.0,0.0,-0.0,-2.999112844467163,-0.002356886863708496,-9.340312004089355
87910572000,0.0,0.0,-0.0,-2.999112844467163,-0.002356886863708496,-9.340312004089355
87917417000,0.0,0.0,-0.0,-2.999112844467163,-0.002356886863708496,-9.340312004089355
87931362000,0.0,0.0,-0.0,-2.999112844467163,-0.002356886863708496,-9.340312004089355
87938287000,0.0,0.0,-0.0,-2.999112844467163,-0.002356886863708496,-9.340312004089355
87945268000,0.0,0.0,-0.0,-2.999112844467163,-0.002356886863708496,-9.340312004089355
87952137000,0.0,0.0,-0.0,-2.999112844467163,-0.002356886863708496,-9.340312004089355
87959085000,0.0,0.0,-0.0,-2.999112844467163,-0.002356886863708496,-9.340312004089355
87972984000,0.0,0.0,-0.0,-2.999112844467163,-0.002356886863708496,-9.340312004089355
87979953000,0.0,0.0,-0.0,-2.999112844467163,-0.002356886863708496,-9.340312004089355
87986890000,0.0,0.0,-0.0,-2.999112844467163,-0.002356886863708496,-9.340312004089355
87993964000,0.0,0.0,-0.0,-2.999112844467163,-0.002356886863708496,-9.340312004089355
88000803000,0.0,0.0,-0.0,-2.999112844467163,-0.002356886863708496,-9.340312004089355
88014722000,0.0,0.0,-0.0,-2.999112844467163,-0.002356886863708496,-9.340312004089355
88021628000,0.0,0.0,-0.0,-2.999112844467163,-0.002356886863708496,-9.340312004089355
88028659000,0.0,0.0,-0.0,-2.999112844467163,-0.002356886863708496,-9.340312004089355
88035510000,0.0,0.0,-0.0,-2.999112844467163,-0.002356886863708496,-9.340312004089355
88042492000,0.0,0.0,-0.0,-2.999112844467163,-0.002356886863708496,-9.340312004089355
88056342000,0.0,0.0,-0.0,-2.999112844467163,-0.002356886863708496,-9.340312004089355
88063333000,0.0,0.0,-0.0,-2.999112844467163,-0.002356886863708496,-9.340312004089355
88070228000,0.0,0.0,-0.0,-2.999112844467163,-0.002356886863708496,-9.340312004089355
88077252000,0.0,0.0,-0.0,-2.999112844467163,-0.002356886863708496,-9.340312004089355
88084150000,0.0,0.0,-0.0,-2.999112844467163,-0.002356886863708496,-9.340312004089355
88098042000,0.0,0.0,-0.0,-2.999112844467163,-0.002356886863708496,-9.340312004089355
88105010000,0.0,0.0,-0.0,-2.999112844467163,-0.002356886863708496,-9.340312004089355
88111950000,0.0,0.0,-0.0,-2.999112844467163,-0.002356886863708496,-9.340312004089355
88118892000,0.0,0.0,-0.0,-2.999112844467163,-0.002356886863708496,-9.340312004089355
88132768000,0.0,0.0,-0.0,-2.999112844467163,-0.002356886863708496,-9.340312004089355
88139680000,0.0,0.0,-0.0,-2.999112844467163,-0.002356886863708496,-9.340312004089355
88146701000,0.0,0.0,-0.0,-2.999112844467163,-0.002356886863708496,-9.340312004089355
88153559000,0.0,0.0,-0.0,-2.999112844467163,-0.002356886863708496,-9.340312004089355
88160567000,0.0,0.0,-0.0,-2.999112844467163,-0.002356886863708496,-9.340312004089355
88174397000,0.0,0.0,-0.0,-2.999112844467163,-0.002356886863708496,-9.340312004089355
88181383000,0.0,0.0,-0.0,-2.999112844467163,-0.002356886863708496,-9.340312004089355
88188288000,0.0,0.0,-0.0,-2.999112844467163,-0.002356886863708496,-9.340312004089355
88195388000,0.0,0.0,-0.0,-2.999112844467163,-0.002356886863708496,-9.340312004089355
88209160000,0.0,0.0,-0.0,-2.999112844467163,-0.002356886863708496,-9.340312004089355
88216161000,0.0,0.0,-0.0,-2.999112844467163,-0.002356886863708496,-9.340312004089355
88223053000,0.0,0.0,-0.0,-2.999112844467163,-0.002356886863708496,-9.340312004089355
88229998000,0.0,0.0,-0.0,-2.999112844467163,-0.002356886863708496,-9.340312004089355
88244031000,0.0,0.0,-0.0,-2.999112844467163,-0.002356886863708496,-9.340312004089355
88250848000,0.0,0.0,-0.0,-2.999112844467163,-0.002356886863708496,-9.340312004089355
88257738000,0.0,0.0,-0.0,-2.999112844467163,-0.002356886863708496,-9.340312004089355
88264705000,0.0,0.0,-0.0,-2.999112844467163,-0.002356886863708496,-9.340312004089355
88271644000,0.0,0.0,-0.0,-2.999112844467163,-0.002356886863708496,-9.340312004089355
88285545000,0.0,0.0,-0.0,-2.999112844467163,-0.002356886863708496,-9.340312004089355
88292500000,0.0,0.0,-0.0,-2.999112844467163,-0.002356886863708496,-9.340312004089355
88299442000,0.0,0.0,-0.0,-2.999112844467163,-0.002356886863708496,-9.340312004089355
88306343000,0.0,0.0,-0.0,-2.999112844467163,-0.002356886863708496,-9.340312004089355
88320260000,0.0,0.0,-0.0,-2.999112844467163,-0.002356886863708496,-9.340312004089355
88327398000,0.0,0.0,-0.0,-2.999112844467163,-0.002356886863708496,-9.340312004089355
88334151000,0.0,0.0,-0.0,-2.999112844467163,-0.002356886863708496,-9.340312004089355
88341064000,0.0,0.0,-0.0,-2.999112844467163,-0.002356886863708496,-9.340312004089355
88348054000,0.0,0.0,-0.0,-2.999112844467163,-0.002356886863708496,-9.340312004089355
88361991000,0.0,0.0,-0.0,-2.999112844467163,-0.002356886863708496,-9.340312004089355
88368909000,0.0,0.0,-0.0,-2.999112844467163,-0.002356886863708496,-9.340312004089355
88375802000,0.0,0.0,-0.0,-2.999112844467163,-0.002356886863708496,-9.340312004089355
88382824000,0.0,0.0,-0.0,-2.999112844467163,-0.002356886863708496,-9.340312004089355
88396695000,0.0,0.0,-0.0,-2.999112844467163,-0.002356886863708496,-9.340312004089355
88403603000,0.0,0.0,-0.0,-2.999112844467163,-0.002356886863708496,-9.340312004089355
88410594000,0.0,0.0,-0.0,-2.999112844467163,-0.002356886863708496,-9.340312004089355
88417537000,0.0,0.0,-0.0,-2.999112844467163,-0.002356886863708496,-9.340312004089355
88424413000,0.0,0.0,-0.0,-2.999112844467163,-0.002356886863708496,-9.340312004089355
88438299000,0.0,0.0,-0.0,-2.999112844467163,-0.002356886863708496,-9.340312004089355
88445274000,0.0,0.0,-0.0,-2.999112844467163,-0.002356886863708496,-9.340312004089355
88452200000,0.0,0.0,-0.0,-2.999112844467163,-0.002356886863708496,-9.340312004089355
88459141000,0.0,0.0,-0.0,-2.999112844467163,-0.002356886863708496,-9.340312004089355
88473029000,0.0,0.0,-0.0,-2.999112844467163,-0.002356886863708496,-9.340312004089355
88480049000,0.0,0.0,-0.0,-2.999112844467163,-0.002356886863708496,-9.340312004089355
88486926000,0.0,0.0,-0.0,-2.999112844467163,-0.002356886863708496,-9.340312004089355
88493938000,0.0,0.0,-0.0,-2.999112844467163,-0.002356886863708496,-9.340312004089355
88500861000,0.0,0.0,-0.0,-2.999112844467163,-0.002356886863708496,-9.340312004089355
88514720000,0.0,0.0,-0.0,-2.999112844467163,-0.002356886863708496,-9.340312004089355
88521631000,0.0,0.0,-0.0,-2.999112844467163,-0.002356886863708496,-9.340312004089355
88528649000,0.0,0.0,-0.0,-2.999112844467163,-0.002356886863708496,-9.340312004089355
88535537000,0.0,0.0,-0.0,-2.999112844467163,-0.002356886863708496,-9.340312004089355
88549458000,0.0,0.0,-0.0,-2.999112844467163,-0.002356886863708496,-9.340312004089355
88556395000,0.0,0.0,-0.0,-2.999112844467163,-0.002356886863708496,-9.340312004089355
88563344000,0.0,0.0,-0.0,-2.999112844467163,-0.002356886863708496,-9.340312004089355
88570304000,0.0,0.0,-0.0,-2.999112844467163,-0.002356886863708496,-9.340312004089355
88577287000,0.0,0.0,-0.0,-2.999112844467163,-0.002356886863708496,-9.340312004089355
88591083000,0.0,0.0,-0.0,-2.999112844467163,-0.002356886863708496,-9.340312004089355
88598135000,0.0,0.0,-0.0,-2.999112844467163,-0.002356886863708496,-9.340312004089355
88605016000,0.0,0.0,-0.0,-2.999112844467163,-0.002356886863708496,-9.340312004089355
88611974000,0.0,0.0,-0.0,-2.999112844467163,-0.002356886863708496,-9.340312004089355
88618862000,0.0,0.0,-0.0,-2.999112844467163,-0.002356886863708496,-9.340312004089355
88632801000,0.0,0.0,-0.0,-2.999112844467163,-0.002356886863708496,-9.340312004089355
88639688000,0.0,0.0,-0.0,-2.999112844467163,-0.002356886863708496,-9.340312004089355
88646688000,0.0,0.0,-0.0,-2.999112844467163,-0.002356886863708496,-9.340312004089355
88653597000,0.0,0.0,-0.0,-2.999112844467163,-0.002356886863708496,-9.340312004089355
88667494000,0.0,0.0,-0.0,-2.999112844467163,-0.002356886863708496,-9.340312004089355
88674415000,0.0,0.0,-0.0,-2.999112844467163,-0.002356886863708496,-9.340312004089355
88681417000,0.0,0.0,-0.0,-2.999112844467163,-0.002356886863708496,-9.340312004089355
88688331000,0.0,0.0,-0.0,-2.999112844467163,-0.002356886863708496,-9.340312004089355
88702224000,0.0,0.0,-0.0,-2.999112844467163,-0.002356886863708496,-9.340312004089355
88709197000,0.0,0.0,-0.0,-2.999112844467163,-0.002356886863708496,-9.340312004089355
88716180000,0.0,0.0,-0.0,-2.999112844467163,-0.002356886863708496,-9.340312004089355
88723067000,0.0,0.0,-0.0,-2.999112844467163,-0.002356886863708496,-9.340312004089355
88736927000,0.0,0.0,-0.0,-2.999112844467163,-0.002356886863708496,-9.340312004089355
88743923000,0.0,0.0,-0.0,-2.999112844467163,-0.002356886863708496,-9.340312004089355
88750849000,0.0,0.0,-0.0,-2.999112844467163,-0.002356886863708496,-9.340312004089355
88757826000,0.0,0.0,-0.0,-2.999112844467163,-0.002356886863708496,-9.340312004089355
88764765000,0.0,0.0,-0.0,-2.999112844467163,-0.002356886863708496,-9.340312004089355
88778674000,0.0,0.0,-0.0,-2.999112844467163,-0.002356886863708496,-9.340312004089355
88785547000,0.0,0.0,-0.0,-2.999112844467163,-0.002356886863708496,-9.340312004089355
88792702000,0.0,0.0,-0.0,-2.999112844467163,-0.002356886863708496,-9.340312004089355
88799569000,0.0,0.0,-0.0,-2.999112844467163,-0.002356886863708496,-9.340312004089355
88806516000,0.0,0.0,-0.0,-2.999112844467163,-0.002356886863708496,-9.340312004089355
88820372000,0.0,0.0,-0.0,-2.999112844467163,-0.002356886863708496,-9.340312004089355
88827359000,0.0,0.0,-0.0,-2.999112844467163,-0.002356886863708496,-9.340312004089355
88834295000,0.0,0.0,-0.0,-2.999112844467163,-0.002356886863708496,-9.340312004089355
88841197000,0.0,0.0,-0.0,-2.999112844467163,-0.002356886863708496,-9.340312004089355
88848185000,0.0,0.0,-0.0,-2.999112844467163,-0.002356886863708496,-9.340312004089355
88862124000,0.0,0.0,-0.0,-2.999112844467163,-0.002356886863708496,-9.340312004089355
88869046000,0.0,0.0,-0.0,-2.999112844467163,-0.002356886863708496,-9.340312004089355
88875921000,0.0,0.0,-0.0,-2.999112844467163,-0.002356886863708496,-9.340312004089355
88882952000,0.0,0.0,-0.0,-2.999112844467163,-0.002356886863708496,-9.340312004089355
88889882000,0.0,0.0,-0.0,-2.999112844467163,-0.002356886863708496,-9.340312004089355
88903707000,0.0,0.0,-0.0,-2.999112844467163,-0.002356886863708496,-9.340312004089355
88910661000,0.0,0.0,-0.0,-2.999112844467163,-0.002356886863708496,-9.340312004089355
88917628000,0.0,0.0,-0.0,-2.999112844467163,-0.002356886863708496,-9.340312004089355
88924542000,0.0,0.0,-0.0,-2.999112844467163,-0.002356886863708496,-9.340312004089355
88938428000,0.0,0.0,-0.0,-2.999112844467163,-0.002356886863708496,-9.340312004089355
88945439000,0.0,0.0,-0.0,-2.999112844467163,-0.002356886863708496,-9.340312004089355
88952386000,0.0,0.0,-0.0,-2.999112844467163,-0.002356886863708496,-9.340312004089355
88959268000,0.0,0.0,-0.0,-2.999112844467163,-0.002356886863708496,-9.340312004089355
88966308000,0.0,0.0,-0.0,-2.999112844467163,-0.002356886863708496,-9.340312004089355
88980204000,0.0,0.0,-0.0,-2.999112844467163,-0.002356886863708496,-9.340312004089355
88987066000,0.0,0.0,-0.0,-2.999112844467163,-0.002356886863708496,-9.340312004089355
88994057000,0.0,0.0,-0.0,-2.999112844467163,-0.002356886863708496,-9.340312004089355
89000975000,0.0,0.0,-0.0,-2.999112844467163,-0.002356886863708496,-9.340312004089355
89014869000,0.0,0.0,-0.0,-2.999112844467163,-0.002356886863708496,-9.340312004089355
89021778000,0.0,0.0,-0.0,-2.999112844467163,-0.002356886863708496,-9.340312004089355
89028769000,0.0,0.0,-0.0,-2.999112844467163,-0.002356886863708496,-9.340312004089355
89035733000,0.0,0.0,-0.0,-2.999112844467163,-0.002356886863708496,-9.340312004089355
89042612000,0.0,0.0,-0.0,-2.999112844467163,-0.002356886863708496,-9.340312004089355
89056595000,0.0,0.0,-0.0,-2.999112844467163,-0.002356886863708496,-9.340312004089355
89063463000,0.0,0.0,-0.0,-2.999112844467163,-0.002356886863708496,-9.340312004089355
89070388000,0.0,0.0,-0.0,-2.999112844467163,-0.002356886863708496,-9.340312004089355
89077354000,0.0,0.0,-0.0,-2.999112844467163,-0.002356886863708496,-9.340312004089355
89084419000,0.0,0.0,-0.0,-2.999112844467163,-0.002356886863708496,-9.340312004089355
89098247000,0.0,0.0,-0.0,-2.999112844467163,-0.002356886863708496,-9.340312004089355
89105134000,0.0,0.0,-0.0,-2.999112844467163,-0.002356886863708496,-9.340312004089355
89112118000,0.0,0.0,-0.0,-2.999112844467163,-0.002356886863708496,-9.340312004089355
89119025000,0.0,0.0,-0.0,-2.999112844467163,-0.002356886863708496,-9.340312004089355
89132942000,0.0,0.0,-0.0,-2.999112844467163,-0.002356886863708496,-9.340312004089355
89139852000,0.0,0.0,-0.0,-2.999112844467163,-0.002356886863708496,-9.340312004089355
89146821000,0.0,0.0,-0.0,-2.999112844467163,-0.002356886863708496,-9.340312004089355
89153750000,0.0,0.0,-0.0,-2.999112844467163,-0.002356886863708496,-9.340312004089355
89167691000,0.0,0.0,-0.0,-2.999112844467163,-0.002356886863708496,-9.340312004089355
89174565000,0.0,0.0,-0.0,-2.999112844467163,-0.002356886863708496,-9.340312004089355
89181532000,0.0,0.0,-0.0,-2.999112844467163,-0.002356886863708496,-9.340312004089355
89188450000,0.0,0.0,-0.0,-2.999112844467163,-0.002356886863708496,-9.340312004089355
89195484000,0.0,0.0,-0.0,-2.999112844467163,-0.002356886863708496,-9.340312004089355
89209306000,0.0,0.0,-0.0,-2.999112844467163,-0.002356886863708496,-9.340312004089355
89216247000,0.0,0.0,-0.0,-2.999112844467163,-0.002356886863708496,-9.340312004089355
89223171000,0.0,0.0,-0.0,-2.999112844467163,-0.002356886863708496,-9.340312004089355
89230152000,0.0,0.0,-0.0,-2.999112844467163,-0.002356886863708496,-9.340312004089355
89244008000,0.0,0.0,-0.0,-2.999112844467163,-0.002356886863708496,-9.340312004089355
89250986000,0.0,0.0,-0.0,-2.999112844467163,-0.002356886863708496,-9.340312004089355
89258047000,0.0,0.0,-0.0,-2.999112844467163,-0.002356886863708496,-9.340312004089355
89264889000,0.0,0.0,-0.0,-2.999112844467163,-0.002356886863708496,-9.340312004089355
89271782000,0.0,0.0,-0.0,-2.999112844467163,-0.002356886863708496,-9.340312004089355
89285663000,0.0,0.0,-0.0,-2.999112844467163,-0.002356886863708496,-9.340312004089355
89292644000,0.0,0.0,-0.0,-2.999112844467163,-0.002356886863708496,-9.340312004089355
89299614000,0.0,0.0,-0.0,-2.999112844467163,-0.002356886863708496,-9.340312004089355
89306540000,0.0,0.0,-0.0,-2.999112844467163,-0.002356886863708496,-9.340312004089355
89320410000,0.0,0.0,-0.0,-2.999112844467163,-0.002356886863708496,-9.340312004089355
89327350000,0.0,0.0,-0.0,-2.999112844467163,-0.002356886863708496,-9.340312004089355
89334313000,0.0,0.0,-0.0,-2.999112844467163,-0.002356886863708496,-9.340312004089355
89341219000,0.0,0.0,-0.0,-2.999112844467163,-0.002356886863708496,-9.340312004089355
89348218000,0.0,0.0,-0.0,-2.999112844467163,-0.002356886863708496,-9.340312004089355
89362163000,0.0,0.0,-0.0,-2.999112844467163,-0.002356886863708496,-9.340312004089355
89369027000,0.0,0.0,-0.0,-2.999112844467163,-0.002356886863708496,-9.340312004089355
89375950000,0.0,0.0,-0.0,-2.999112844467163,-0.002356886863708496,-9.340312004089355
89382964000,0.0,0.0,-0.0,-2.999112844467163,-0.002356886863708496,-9.340312004089355
89396824000,0.0,0.0,-0.0,-2.999112844467163,-0.002356886863708496,-9.340312004089355
89403736000,0.0,0.0,-0.0,-2.999112844467163,-0.002356886863708496,-9.340312004089355
89410678000,0.0,0.0,-0.0,-2.999112844467163,-0.002356886863708496,-9.340312004089355
89417686000,0.0,0.0,-0.0,-2.999112844467163,-0.002356886863708496,-9.340312004089355
89424579000,0.0,0.0,-0.0,-2.999112844467163,-0.002356886863708496,-9.340312004089355
89438461000,0.0,0.0,-0.0,-2.999112844467163,-0.002356886863708496,-9.340312004089355
89445472000,0.0,0.0,-0.0,-2.999112844467163,-0.002356886863708496,-9.340312004089355
89452355000,0.0,0.0,-0.0,-2.999112844467163,-0.002356886863708496,-9.340312004089355
89459287000,0.0,0.0,-0.0,-2.999112844467163,-0.002356886863708496,-9.340312004089355
89473222000,0.0,0.0,-0.0,-2.999112844467163,-0.002356886863708496,-9.340312004089355
89480177000,0.0,0.0,-0.0,-2.999112844467163,-0.002356886863708496,-9.340312004089355
89487080000,0.0,0.0,-0.0,-2.999112844467163,-0.002356886863708496,-9.340312004089355
89494066000,0.0,0.0,-0.0,-2.999112844467163,-0.002356886863708496,-9.340312004089355
89507914000,0.0,0.0,-0.0,-2.999112844467163,-0.002356886863708496,-9.340312004089355
89514877000,0.0,0.0,-0.0,-2.999112844467163,-0.002356886863708496,-9.340312004089355
89521825000,0.0,0.0,-0.0,-2.999112844467163,-0.002356886863708496,-9.340312004089355
89529041000,0.0,0.0,-0.0,-2.999112844467163,-0.002356886863708496,-9.340312004089355
89542642000,0.0,0.0,-0.0,-2.999112844467163,-0.002356886863708496,-9.340312004089355
89549672000,0.0,0.0,-0.0,-2.999112844467163,-0.002356886863708496,-9.340312004089355
89556558000,0.0,0.0,-0.0,-2.999112844467163,-0.002356886863708496,-9.340312004089355
89563515000,0.0,0.0,-0.0,-2.999112844467163,-0.002356886863708496,-9.340312004089355
89570434000,0.0,0.0,-0.0,-2.999112844467163,-0.002356886863708496,-9.340312004089355
89584395000,0.0,0.0,-0.0,-2.999112844467163,-0.002356886863708496,-9.340312004089355
89591293000,0.0,0.0,-0.0,-2.999112844467163,-0.002356886863708496,-9.340312004089355
89598274000,0.0,0.0,-0.0,-2.999112844467163,-0.002356886863708496,-9.340312004089355
89605160000,0.0,0.0,-0.0,-2.999112844467163,-0.002356886863708496,-9.340312004089355
89612155000,0.0,0.0,-0.0,-2.999112844467163,-0.002356886863708496,-9.340312004089355
89626044000,0.0,0.0,-0.0,-2.999112844467163,-0.002356886863708496,-9.340312004089355
89632991000,0.0,0.0,-0.0,-2.999112844467163,-0.002356886863708496,-9.340312004089355
89639881000,0.0,0.0,-0.0,-2.999112844467163,-0.002356886863708496,-9.340312004089355
89653769000,0.0,0.0,-0.0,-2.999112844467163,-0.002356886863708496,-9.340312004089355
89660712000,0.0,0.0,-0.0,-2.999112844467163,-0.002356886863708496,-9.340312004089355
89667719000,0.0,0.0,-0.0,-2.999112844467163,-0.002356886863708496,-9.340312004089355
89674598000,0.0,0.0,-0.0,-2.999112844467163,-0.002356886863708496,-9.340312004089355
89681622000,0.0,0.0,-0.0,-2.999112844467163,-0.002356886863708496,-9.340312004089355
89695483000,0.0,0.0,-0.0,-2.999112844467163,-0.002356886863708496,-9.340312004089355
89702420000,0.0,0.0,-0.0,-2.999112844467163,-0.002356886863708496,-9.340312004089355
89709345000,0.0,0.0,-0.0,-2.999112844467163,-0.002356886863708496,-9.340312004089355
89716359000,0.0,0.0,-0.0,-2.999112844467163,-0.002356886863708496,-9.340312004089355
89723299000,0.0,0.0,-0.0,-2.999112844467163,-0.002356886863708496,-9.340312004089355
89737137000,0.0,0.0,-0.0,-2.999112844467163,-0.002356886863708496,-9.340312004089355
89744060000,0.0,0.0,-0.0,-2.999112844467163,-0.002356886863708496,-9.340312004089355
89751051000,0.0,0.0,-0.0,-2.999112844467163,-0.002356886863708496,-9.340312004089355
89757960000,0.0,0.0,-0.0,-2.999112844467163,-0.002356886863708496,-9.340312004089355
89764945000,0.0,0.0,-0.0,-2.999112844467163,-0.002356886863708496,-9.340312004089355
89778870000,0.0,0.0,-0.0,-2.999112844467163,-0.002356886863708496,-9.340312004089355
89785761000,0.0,0.0,-0.0,-2.999112844467163,-0.002356886863708496,-9.340312004089355
89792751000,0.0,0.0,-0.0,-2.999112844467163,-0.002356886863708496,-9.340312004089355
89799696000,0.0,0.0,-0.0,-2.999112844467163,-0.002356886863708496,-9.340312004089355
89806600000,0.0,0.0,-0.0,-2.999112844467163,-0.002356886863708496,-9.340312004089355
89820476000,0.0,0.0,-0.0,-2.999112844467163,-0.002356886863708496,-9.340312004089355
89827452000,0.0,0.0,-0.0,-2.999112844467163,-0.002356886863708496,-9.340312004089355
89834403000,0.0,0.0,-0.0,-2.999112844467163,-0.002356886863708496,-9.340312004089355
89841332000,0.0,0.0,-0.0,-2.999112844467163,-0.002356886863708496,-9.340312004089355
89855189000,0.0,0.0,-0.0,-2.999112844467163,-0.002356886863708496,-9.340312004089355
89862386000,0.0,0.0,-0.0,-2.999112844467163,-0.002356886863708496,-9.340312004089355
89869130000,0.0,0.0,-0.0,-2.999112844467163,-0.002356886863708496,-9.340312004089355
89876060000,0.0,0.0,-0.0,-2.999112844467163,-0.002356886863708496,-9.340312004089355
89883062000,0.0,0.0,-0.0,-2.999112844467163,-0.002356886863708496,-9.340312004089355
89896972000,0.0,0.0,-0.0,-2.999112844467163,-0.002356886863708496,-9.340312004089355
89903881000,0.0,0.0,-0.0,-2.999112844467163,-0.002356886863708496,-9.340312004089355
89910844000,0.0,0.0,-0.0,-2.999112844467163,-0.002356886863708496,-9.340312004089355
89917846000,0.0,0.0,-0.0,-2.999112844467163,-0.002356886863708496,-9.340312004089355
89931713000,0.0,0.0,-0.0,-2.999112844467163,-0.002356886863708496,-9.340312004089355
89938595000,0.0,0.0,-0.0,-2.999112844467163,-0.002356886863708496,-9.340312004089355
89945587000,0.0,0.0,-0.0,-2.999112844467163,-0.002356886863708496,-9.340312004089355
89952519000,0.0,0.0,-0.0,-2.999112844467163,-0.002356886863708496,-9.340312004089355
89966403000,0.0,0.0,-0.0,-2.999112844467163,-0.002356886863708496,-9.340312004089355
89973312000,0.0,0.0,-0.0,-2.999112844467163,-0.002356886863708496,-9.340312004089355
89980347000,0.0,0.0,-0.0,-2.999112844467163,-0.002356886863708496,-9.340312004089355
89987242000,0.0,0.0,-0.0,-2.999112844467163,-0.002356886863708496,-9.340312004089355
89994156000,0.0,0.0,-0.0,-2.999112844467163,-0.002356886863708496,-9.340312004089355
90001202000,0.0,0.0,-0.0,-2.999112844467163,-0.002356886863708496,-9.340312004089355
90015030000,0.0,0.0,-0.0,-2.999112844467163,-0.002356886863708496,-9.340312004089355
90021964000,0.0,0.0,-0.0,-2.999112844467163,-0.002356886863708496,-9.340312004089355
90028947000,0.0,0.0,-0.0,-2.999112844467163,-0.002356886863708496,-9.340312004089355
90035838000,0.0,0.0,-0.0,-2.999112844467163,-0.002356886863708496,-9.340312004089355
90042784000,0.0,0.0,-0.0,-2.999112844467163,-0.002356886863708496,-9.340312004089355
90056667000,0.0,0.0,-0.0,-2.999112844467163,-0.002356886863708496,-9.340312004089355
90063686000,0.0,0.0,-0.0,-2.999112844467163,-0.002356886863708496,-9.340312004089355
90070645000,0.0,0.0,-0.0,-2.999112844467163,-0.002356886863708496,-9.340312004089355
90077493000,0.0,0.0,-0.0,-2.999112844467163,-0.002356886863708496,-9.340312004089355
90091440000,0.0,0.0,-0.0,-2.999112844467163,-0.002356886863708496,-9.340312004089355
90098478000,0.0,0.0,-0.0,-2.999112844467163,-0.002356886863708496,-9.340312004089355
90105290000,0.0,0.0,-0.0,-2.999112844467163,-0.002356886863708496,-9.340312004089355
90112317000,0.0,0.0,-0.0,-2.999112844467163,-0.002356886863708496,-9.340312004089355
90119203000,0.0,0.0,-0.0,-2.999112844467163,-0.002356886863708496,-9.340312004089355
90133115000,0.0,0.0,-0.0,-2.999112844467163,-0.002356886863708496,-9.340312004089355
90140060000,0.0,0.0,-0.0,-2.999112844467163,-0.002356886863708496,-9.340312004089355
90146998000,0.0,0.0,-0.0,-2.999112844467163,-0.002356886863708496,-9.340312004089355
90153907000,0.0,0.0,-0.0,-2.999112844467163,-0.002356886863708496,-9.340312004089355
90167814000,0.0,0.0,-0.0,-2.999112844467163,-0.002356886863708496,-9.340312004089355
90174726000,0.0,0.0,-0.0,-2.999112844467163,-0.002356886863708496,-9.340312004089355
90181696000,0.0,0.0,-0.0,-2.999112844467163,-0.002356886863708496,-9.340312004089355
90188669000,0.0,0.0,-0.0,-2.999112844467163,-0.002356886863708496,-9.340312004089355
90195670000,0.0,0.0,-0.0,-2.999112844467163,-0.002356886863708496,-9.340312004089355
90209486000,0.0,0.0,-0.0,-2.999112844467163,-0.002356886863708496,-9.340312004089355
90216482000,0.0,0.0,-0.0,-2.999112844467163,-0.002356886863708496,-9.340312004089355
90223406000,0.0,0.0,-0.0,-2.999112844467163,-0.002356886863708496,-9.340312004089355
90230402000,0.0,0.0,-0.0,-2.999112844467163,-0.002356886863708496,-9.340312004089355
90237239000,0.0,0.0,-0.0,-2.999112844467163,-0.002356886863708496,-9.340312004089355
90251159000,0.0,0.0,-0.0,-2.999112844467163,-0.002356886863708496,-9.340312004089355
90258205000,0.0,0.0,-0.0,-2.999112844467163,-0.002356886863708496,-9.340312004089355
90265116000,0.0,0.0,-0.0,-2.999112844467163,-0.002356886863708496,-9.340312004089355
90272005000,0.0,0.0,-0.0,-2.999112844467163,-0.002356886863708496,-9.340312004089355
90285906000,0.0,0.0,-0.0,-2.999112844467163,-0.002356886863708496,-9.340312004089355
90292833000,0.0,0.0,-0.0,-2.999112844467163,-0.002356886863708496,-9.340312004089355
90299822000,0.0,0.0,-0.0,-2.999112844467163,-0.002356886863708496,-9.340312004089355
90306720000,0.0,0.0,-0.0,-2.999112844467163,-0.002356886863708496,-9.340312004089355
90313705000,0.0,0.0,-0.0,-2.999112844467163,-0.002356886863708496,-9.340312004089355
90327581000,0.0,0.0,-0.0,-2.999112844467163,-0.002356886863708496,-9.340312004089355
90334537000,0.0,0.0,-0.0,-2.999112844467163,-0.002356886863708496,-9.340312004089355
90341449000,0.0,0.0,-0.0,-2.999112844467163,-0.002356886863708496,-9.340312004089355
90348461000,0.0,0.0,-0.0,-2.999112844467163,-0.002356886863708496,-9.340312004089355
90355337000,0.0,0.0,-0.0,-2.999112844467163,-0.002356886863708496,-9.340312004089355
90362357000,0.0,0.0,-0.0,-2.999112844467163,-0.002356886863708496,-9.340312004089355
90376192000,0.0,0.0,-0.0,-2.999112844467163,-0.002356886863708496,-9.340312004089355
90383162000,0.0,0.0,-0.0,-2.999112844467163,-0.002356886863708496,-9.340312004089355
90390074000,0.0,0.0,-0.0,-2.999112844467163,-0.002356886863708496,-9.340312004089355
90397050000,0.0,0.0,-0.0,-2.999112844467163,-0.002356886863708496,-9.340312004089355
90410903000,0.0,0.0,-0.0,-2.999112844467163,-0.002356886863708496,-9.340312004089355
90417870000,0.0,0.0,-0.0,-2.999112844467163,-0.002356886863708496,-9.340312004089355
90424788000,0.0,0.0,-0.0,-2.999112844467163,-0.002356886863708496,-9.340312004089355
90431770000,0.0,0.0,-0.0,-2.999112844467163,-0.002356886863708496,-9.340312004089355
90445673000,0.0,0.0,-0.0,-2.999112844467163,-0.002356886863708496,-9.340312004089355
90452615000,0.0,0.0,-0.0,-2.999112844467163,-0.002356886863708496,-9.340312004089355
90459544000,0.0,0.0,-0.0,-2.999112844467163,-0.002356886863708496,-9.340312004089355
90466519000,0.0,0.0,-0.0,-2.999112844467163,-0.002356886863708496,-9.340312004089355
90473393000,0.0,0.0,-0.0,-2.999112844467163,-0.002356886863708496,-9.340312004089355
90487329000,0.0,0.0,-0.0,-2.999112844467163,-0.002356886863708496,-9.340312004089355
90494228000,0.0,0.0,-0.0,-2.999112844467163,-0.002356886863708496,-9.340312004089355
90501237000,0.0,0.0,-0.0,-2.999112844467163,-0.002356886863708496,-9.340312004089355
90508127000,0.0,0.0,-0.0,-2.999112844467163,-0.002356886863708496,-9.340312004089355
90522046000,0.0,0.0,-0.0,-2.999112844467163,-0.002356886863708496,-9.340312004089355
90529015000,0.0,0.0,-0.0,-2.999112844467163,-0.002356886863708496,-9.340312004089355
90535935000,0.0,0.0,-0.0,-2.999112844467163,-0.002356886863708496,-9.340312004089355
90542873000,0.0,0.0,-0.0,-2.999112844467163,-0.002356886863708496,-9.340312004089355
90549823000,0.0,0.0,-0.0,-2.999112844467163,-0.002356886863708496,-9.340312004089355
90563694000,0.0,0.0,-0.0,-2.999112844467163,-0.002356886863708496,-9.340312004089355
90570624000,0.0,0.0,-0.0,-2.999112844467163,-0.002356886863708496,-9.340312004089355
90577569000,0.0,0.0,-0.0,-2.999112844467163,-0.002356886863708496,-9.340312004089355
90584565000,0.0,0.0,-0.0,-2.999112844467163,-0.002356886863708496,-9.340312004089355
90598443000,0.0,0.0,-0.0,-2.999112844467163,-0.002356886863708496,-9.340312004089355
90605339000,0.0,0.0,-0.0,-2.999112844467163,-0.002356886863708496,-9.340312004089355
90612415000,0.0,0.0,-0.0,-2.999112844467163,-0.002356886863708496,-9.340312004089355
90619368000,0.0,0.0,-0.0,-2.999112844467163,-0.002356886863708496,-9.340312004089355
90626316000,0.0,0.0,-0.0,-2.999112844467163,-0.002356886863708496,-9.340312004089355
90640209000,0.0,0.0,-0.0,-2.999112844467163,-0.002356886863708496,-9.340312004089355
90647244000,0.0,0.0,-0.0,-2.999112844467163,-0.002356886863708496,-9.340312004089355
90654070000,0.0,0.0,-0.0,-2.999112844467163,-0.002356886863708496,-9.340312004089355
90661046000,0.0,0.0,-0.0,-2.999112844467163,-0.002356886863708496,-9.340312004089355
90667987000,0.0,0.0,-0.0,-2.999112844467163,-0.002356886863708496,-9.340312004089355
90681891000,0.0,0.0,-0.0,-2.999112844467163,-0.002356886863708496,-9.340312004089355
90688785000,0.0,0.0,-0.0,-2.999112844467163,-0.002356886863708496,-9.340312004089355
90695763000,0.0,0.0,-0.0,-2.999112844467163,-0.002356886863708496,-9.340312004089355
90702749000,0.0,0.0,-0.0,-2.999112844467163,-0.002356886863708496,-9.340312004089355
90716609000,0.0,0.0,-0.0,-2.999112844467163,-0.002356886863708496,-9.340312004089355
90723595000,0.0,0.0,-0.0,-2.999112844467163,-0.002356886863708496,-9.340312004089355
90730492000,0.0,0.0,-0.0,-2.999112844467163,-0.002356886863708496,-9.340312004089355
90737392000,0.0,0.0,-0.0,-2.999112844467163,-0.002356886863708496,-9.340312004089355
90751358000,0.0,0.0,-0.0,-2.999112844467163,-0.002356886863708496,-9.340312004089355
90758281000,0.0,0.0,-0.0,-2.999112844467163,-0.002356886863708496,-9.340312004089355
90765217000,0.0,0.0,-0.0,-2.999112844467163,-0.002356886863708496,-9.340312004089355
90772153000,0.0,0.0,-0.0,-2.999112844467163,-0.002356886863708496,-9.340312004089355
90779067000,0.0,0.0,-0.0,-2.999112844467163,-0.002356886863708496,-9.340312004089355
90792962000,0.0,0.0,-0.0,-2.999112844467163,-0.002356886863708496,-9.340312004089355
90799939000,0.0,0.0,-0.0,-2.999112844467163,-0.002356886863708496,-9.340312004089355
90806908000,0.0,0.0,-0.0,-2.999112844467163,-0.002356886863708496,-9.340312004089355
90813856000,0.0,0.0,-0.0,-2.999112844467163,-0.002356886863708496,-9.340312004089355
90820739000,0.0,0.0,-0.0,-2.999112844467163,-0.002356886863708496,-9.340312004089355
90834663000,0.0,0.0,-0.0,-2.999112844467163,-0.002356886863708496,-9.340312004089355
90841563000,0.0,0.0,-0.0,-2.999112844467163,-0.002356886863708496,-9.340312004089355
90848643000,0.0,0.0,-0.0,-2.999112844467163,-0.002356886863708496,-9.340312004089355
90855464000,0.0,0.0,-0.0,-2.999112844467163,-0.002356886863708496,-9.340312004089355
90869415000,0.0,0.0,-0.0,-2.999112844467163,-0.002356886863708496,-9.340312004089355
90876285000,0.0,0.0,-0.0,-2.999112844467163,-0.002356886863708496,-9.340312004089355
90883272000,0.0,0.0,-0.0,-2.999112844467163,-0.002356886863708496,-9.340312004089355
90890185000,0.0,0.0,-0.0,-2.999112844467163,-0.002356886863708496,-9.340312004089355
90904074000,0.0,0.0,-0.0,-2.999112844467163,-0.002356886863708496,-9.340312004089355
90911013000,0.0,0.0,-0.0,-2.999112844467163,-0.002356886863708496,-9.340312004089355
90918036000,0.0,0.0,-0.0,-2.999112844467163,-0.002356886863708496,-9.340312004089355
90924895000,0.0,0.0,-0.0,-2.999112844467163,-0.002356886863708496,-9.340312004089355
90931936000,0.0,0.0,-0.0,-2.999112844467163,-0.002356886863708496,-9.340312004089355
90945723000,0.0,0.0,-0.0,-2.999112844467163,-0.002356886863708496,-9.340312004089355
90952703000,0.0,0.0,-0.0,-2.999112844467163,-0.002356886863708496,-9.340312004089355
90959625000,0.0,0.0,-0.0,-2.999112844467163,-0.002356886863708496,-9.340312004089355
90966638000,0.0,0.0,-0.0,-2.999112844467163,-0.002356886863708496,-9.340312004089355
90980518000,0.0,0.0,-0.0,-2.999112844467163,-0.002356886863708496,-9.340312004089355
90987457000,0.0,0.0,-0.0,-2.999112844467163,-0.002356886863708496,-9.340312004089355
90994343000,0.0,0.0,-0.0,-2.999112844467163,-0.002356886863708496,-9.340312004089355
91001364000,0.0,0.0,-0.0,-2.999112844467163,-0.002356886863708496,-9.340312004089355
91008263000,0.0,0.0,-0.0,-2.999112844467163,-0.002356886863708496,-9.340312004089355
91022137000,0.0,0.0,-0.0,-2.999112844467163,-0.002356886863708496,-9.340312004089355
91029108000,0.0,0.0,-0.0,-2.999112844467163,-0.002356886863708496,-9.340312004089355
91036058000,0.0,0.0,-0.0,-2.999112844467163,-0.002356886863708496,-9.340312004089355
91042966000,0.0,0.0,-0.0,-2.999112844467163,-0.002356886863708496,-9.340312004089355
91050009000,0.0,0.0,-0.0,-2.999112844467163,-0.002356886863708496,-9.340312004089355
91063842000,0.0,0.0,-0.0,-2.999112844467163,-0.002356886863708496,-9.340312004089355
91070794000,0.0,0.0,-0.0,-2.999112844467163,-0.002356886863708496,-9.340312004089355
91077690000,0.0,0.0,-0.0,-2.999112844467163,-0.002356886863708496,-9.340312004089355
91084654000,0.0,0.0,-0.0,-2.999112844467163,-0.002356886863708496,-9.340312004089355
91098603000,0.0,0.0,-0.0,-2.999112844467163,-0.002356886863708496,-9.340312004089355
91105457000,0.0,0.0,-0.0,-2.999112844467163,-0.002356886863708496,-9.340312004089355
91112398000,0.0,0.0,-0.0,-2.999112844467163,-0.002356886863708496,-9.340312004089355
91119447000,0.0,0.0,-0.0,-2.999112844467163,-0.002356886863708496,-9.340312004089355
91133285000,0.0,0.0,-0.0,-2.999112844467163,-0.002356886863708496,-9.340312004089355
91140183000,0.0,0.0,-0.0,-2.999112844467163,-0.002356886863708496,-9.340312004089355
91147287000,0.0,0.0,-0.0,-2.999112844467163,-0.002356886863708496,-9.340312004089355
91154098000,0.0,0.0,-0.0,-2.999112844467163,-0.002356886863708496,-9.340312004089355
91161035000,0.0,0.0,-0.0,-2.999112844467163,-0.002356886863708496,-9.340312004089355
91174924000,0.0,0.0,-0.0,-2.999112844467163,-0.002356886863708496,-9.340312004089355
91181879000,0.0,0.0,-0.0,-2.999112844467163,-0.002356886863708496,-9.340312004089355
91188801000,0.0,0.0,-0.0,-2.999112844467163,-0.002356886863708496,-9.340312004089355
91195746000,0.0,0.0,-0.0,-2.999112844467163,-0.002356886863708496,-9.340312004089355
91209632000,0.0,0.0,-0.0,-2.999112844467163,-0.002356886863708496,-9.340312004089355
91216661000,0.0,0.0,-0.0,-2.999112844467163,-0.002356886863708496,-9.340312004089355
91223547000,0.0,0.0,-0.0,-2.999112844467163,-0.002356886863708496,-9.340312004089355
91230556000,0.0,0.0,-0.0,-2.999112844467163,-0.002356886863708496,-9.340312004089355
91237406000,0.0,0.0,-0.0,-2.999112844467163,-0.002356886863708496,-9.340312004089355
91251327000,0.0,0.0,-0.0,-2.999112844467163,-0.002356886863708496,-9.340312004089355
91258266000,0.0,0.0,-0.0,-2.999112844467163,-0.002356886863708496,-9.340312004089355
91265235000,0.0,0.0,-0.0,-2.999112844467163,-0.002356886863708496,-9.340312004089355
91272128000,0.0,0.0,-0.0,-2.999112844467163,-0.002356886863708496,-9.340312004089355
91279080000,0.0,0.0,-0.0,-2.999112844467163,-0.002356886863708496,-9.340312004089355
91292996000,0.0,0.0,-0.0,-2.999112844467163,-0.002356886863708496,-9.340312004089355
91300014000,0.0,0.0,-0.0,-2.999112844467163,-0.002356886863708496,-9.340312004089355
91306863000,0.0,0.0,-0.0,-2.999112844467163,-0.002356886863708496,-9.340312004089355
91313969000,0.0,0.0,-0.0,-2.999112844467163,-0.002356886863708496,-9.340312004089355
91327690000,0.0,0.0,-0.0,-2.999112844467163,-0.002356886863708496,-9.340312004089355
91334664000,0.0,0.0,-0.0,-2.999112844467163,-0.002356886863708496,-9.340312004089355
91341574000,0.0,0.0,-0.0,-2.999112844467163,-0.002356886863708496,-9.340312004089355
91348556000,0.0,0.0,-0.0,-2.999112844467163,-0.002356886863708496,-9.340312004089355
91355472000,0.0,0.0,-0.0,-2.999112844467163,-0.002356886863708496,-9.340312004089355
91369436000,0.0,0.0,-0.0,-2.999112844467163,-0.002356886863708496,-9.340312004089355
91376320000,0.0,0.0,-0.0,-2.999112844467163,-0.002356886863708496,-9.340312004089355
91383333000,0.0,0.0,-0.0,-2.999112844467163,-0.002356886863708496,-9.340312004089355
91390189000,0.0,0.0,-0.0,-2.999112844467163,-0.002356886863708496,-9.340312004089355
91397215000,0.0,0.0,-0.0,-2.999112844467163,-0.002356886863708496,-9.340312004089355
91411027000,0.0,0.0,-0.0,-2.999112844467163,-0.002356886863708496,-9.340312004089355
91418013000,0.0,0.0,-0.0,-2.999112844467163,-0.002356886863708496,-9.340312004089355
91424999000,0.0,0.0,-0.0,-2.999112844467163,-0.002356886863708496,-9.340312004089355
91431897000,0.0,0.0,-0.0,-2.999112844467163,-0.002356886863708496,-9.340312004089355
91438848000,0.0,0.0,-0.0,-2.999112844467163,-0.002356886863708496,-9.340312004089355
91452773000,0.0,0.0,-0.0,-2.999112844467163,-0.002356886863708496,-9.340312004089355
91459672000,0.0,0.0,-0.0,-2.999112844467163,-0.002356886863708496,-9.340312004089355
91466687000,0.0,0.0,-0.0,-2.999112844467163,-0.002356886863708496,-9.340312004089355
91473562000,0.0,0.0,-0.0,-2.999112844467163,-0.002356886863708496,-9.340312004089355
91480594000,0.0,0.0,-0.0,-2.999112844467163,-0.002356886863708496,-9.340312004089355
91494406000,0.0,0.0,-0.0,-2.999112844467163,-0.002356886863708496,-9.340312004089355
91501392000,0.0,0.0,-0.0,-2.999112844467163,-0.002356886863708496,-9.340312004089355
91508314000,0.0,0.0,-0.0,-2.999112844467163,-0.002356886863708496,-9.340312004089355
91515261000,0.0,0.0,-0.0,-2.999112844467163,-0.002356886863708496,-9.340312004089355
91529117000,0.0,0.0,-0.0,-2.999112844467163,-0.002356886863708496,-9.340312004089355
91536112000,0.0,0.0,-0.0,-2.999112844467163,-0.002356886863708496,-9.340312004089355
91543038000,0.0,0.0,-0.0,-2.999112844467163,-0.002356886863708496,-9.340312004089355
91550025000,0.0,0.0,-0.0,-2.999112844467163,-0.002356886863708496,-9.340312004089355
91563945000,0.0,0.0,-0.0,-2.999112844467163,-0.002356886863708496,-9.340312004089355
91570801000,0.0,0.0,-0.0,-2.999112844467163,-0.002356886863708496,-9.340312004089355
91577745000,0.0,0.0,-0.0,-2.999112844467163,-0.002356886863708496,-9.340312004089355
91584733000,0.0,0.0,-0.0,-2.999112844467163,-0.002356886863708496,-9.340312004089355
91598627000,0.0,0.0,-0.0,-2.999112844467163,-0.002356886863708496,-9.340312004089355
91605516000,0.0,0.0,-0.0,-2.999112844467163,-0.002356886863708496,-9.340312004089355
91612447000,0.0,0.0,-0.0,-2.999112844467163,-0.002356886863708496,-9.340312004089355
91619446000,0.0,0.0,-0.0,-2.999112844467163,-0.002356886863708496,-9.340312004089355
91626405000,0.0,0.0,-0.0,-2.999112844467163,-0.002356886863708496,-9.340312004089355
91640293000,0.0,0.0,-0.0,-2.999112844467163,-0.002356886863708496,-9.340312004089355
91647301000,0.0,0.0,-0.0,-2.999112844467163,-0.002356886863708496,-9.340312004089355
91654153000,0.0,0.0,-0.0,-2.999112844467163,-0.002356886863708496,-9.340312004089355
91661129000,0.0,0.0,-0.0,-2.999112844467163,-0.002356886863708496,-9.340312004089355
91668063000,0.0,0.0,-0.0,-2.999112844467163,-0.002356886863708496,-9.340312004089355
91682006000,0.0,0.0,-0.0,-2.999112844467163,-0.002356886863708496,-9.340312004089355
91688925000,0.0,0.0,-0.0,-2.999112844467163,-0.002356886863708496,-9.340312004089355
91695806000,0.0,0.0,-0.0,-2.999112844467163,-0.002356886863708496,-9.340312004089355
91702783000,0.0,0.0,-0.0,-2.999112844467163,-0.002356886863708496,-9.340312004089355
91716710000,0.0,0.0,-0.0,-2.999112844467163,-0.002356886863708496,-9.340312004089355
91723623000,0.0,0.0,-0.0,-2.999112844467163,-0.002356886863708496,-9.340312004089355
91730590000,0.0,0.0,-0.0,-2.999112844467163,-0.002356886863708496,-9.340312004089355
91737508000,0.0,0.0,-0.0,-2.999112844467163,-0.002356886863708496,-9.340312004089355
91744425000,0.0,0.0,-0.0,-2.999112844467163,-0.002356886863708496,-9.340312004089355
91758472000,0.0,0.0,-0.0,-2.999112844467163,-0.002356886863708496,-9.340312004089355
91765298000,0.0,0.0,-0.0,-2.999112844467163,-0.002356886863708496,-9.340312004089355
91772202000,0.0,0.0,-0.0,-2.999112844467163,-0.002356886863708496,-9.340312004089355
91779199000,0.0,0.0,-0.0,-2.999112844467163,-0.002356886863708496,-9.340312004089355
91793053000,0.0,0.0,-0.0,-2.999112844467163,-0.002356886863708496,-9.340312004089355
91800017000,0.0,0.0,-0.0,-2.999112844467163,-0.002356886863708496,-9.340312004089355
91806932000,0.0,0.0,-0.0,-2.999112844467163,-0.002356886863708496,-9.340312004089355
91814111000,0.0,0.0,-0.0,-2.999112844467163,-0.002356886863708496,-9.340312004089355
91827810000,0.0,0.0,-0.0,-2.999112844467163,-0.002356886863708496,-9.340312004089355
91834743000,0.0,0.0,-0.0,-2.999112844467163,-0.002356886863708496,-9.340312004089355
91841671000,0.0,0.0,-0.0,-2.999112844467163,-0.002356886863708496,-9.340312004089355
91848691000,0.0,0.0,-0.0,-2.999112844467163,-0.002356886863708496,-9.340312004089355
91855551000,0.0,0.0,-0.0,-2.999112844467163,-0.002356886863708496,-9.340312004089355
91869478000,0.0,0.0,-0.0,-2.999112844467163,-0.002356886863708496,-9.340312004089355
91876372000,0.0,0.0,-0.0,-2.999112844467163,-0.002356886863708496,-9.340312004089355
91883359000,0.0,0.0,-0.0,-2.999112844467163,-0.002356886863708496,-9.340312004089355
91890290000,0.0,0.0,-0.0,-2.999112844467163,-0.002356886863708496,-9.340312004089355
91897283000,0.0,0.0,-0.0,-2.999112844467163,-0.002356886863708496,-9.340312004089355
91911129000,0.0,0.0,-0.0,-2.999112844467163,-0.002356886863708496,-9.340312004089355
91918115000,0.0,0.0,-0.0,-2.999112844467163,-0.002356886863708496,-9.340312004089355
91925009000,0.0,0.0,-0.0,-2.999112844467163,-0.002356886863708496,-9.340312004089355
91932059000,0.0,0.0,-0.0,-2.999112844467163,-0.002356886863708496,-9.340312004089355
91938875000,0.0,0.0,-0.0,-2.999112844467163,-0.002356886863708496,-9.340312004089355
91952822000,0.0,0.0,-0.0,-2.999112844467163,-0.002356886863708496,-9.340312004089355
91959733000,0.0,0.0,-0.0,-2.999112844467163,-0.002356886863708496,-9.340312004089355
91966688000,0.0,0.0,-0.0,-2.999112844467163,-0.002356886863708496,-9.340312004089355
91973604000,0.0,0.0,-0.0,-2.999112844467163,-0.002356886863708496,-9.340312004089355
91980587000,0.0,0.0,-0.0,-2.999112844467163,-0.002356886863708496,-9.340312004089355
91994445000,0.0,0.0,-0.0,-2.999112844467163,-0.002356886863708496,-9.340312004089355
92001468000,0.0,0.0,-0.0,-2.999112844467163,-0.002356886863708496,-9.340312004089355
92008324000,0.0,0.0,-0.0,-2.999112844467163,-0.002356886863708496,-9.340312004089355
92015339000,0.0,0.0,-0.0,-2.999112844467163,-0.002356886863708496,-9.340312004089355
92022259000,0.0,0.0,-0.0,-2.999112844467163,-0.002356886863708496,-9.340312004089355
92036138000,0.0,0.0,-0.0,-2.999112844467163,-0.002356886863708496,-9.340312004089355
92043053000,0.0,0.0,-0.0,-2.999112844467163,-0.002356886863708496,-9.340312004089355
92050045000,0.0,0.0,-0.0,-2.999112844467163,-0.002356886863708496,-9.340312004089355
92057044000,0.0,0.0,-0.0,-2.999112844467163,-0.002356886863708496,-9.340312004089355
92070895000,0.0,0.0,-0.0,-2.999112844467163,-0.002356886863708496,-9.340312004089355
92077807000,0.0,0.0,-0.0,-2.999112844467163,-0.002356886863708496,-9.340312004089355
92084789000,0.0,0.0,-0.0,-2.999112844467163,-0.002356886863708496,-9.340312004089355
92091747000,0.0,0.0,-0.0,-2.999112844467163,-0.002356886863708496,-9.340312004089355
92098702000,0.0,0.0,-0.0,-2.999112844467163,-0.002356886863708496,-9.340312004089355
92112527000,0.0,0.0,-0.0,-2.999112844467163,-0.002356886863708496,-9.340312004089355
92119544000,0.0,0.0,-0.0,-2.999112844467163,-0.002356886863708496,-9.340312004089355
92126419000,0.0,0.0,-0.0,-2.999112844467163,-0.002356886863708496,-9.340312004089355
92133390000,0.0,0.0,-0.0,-2.999112844467163,-0.002356886863708496,-9.340312004089355
92147425000,0.0,0.0,-0.0,-2.999112844467163,-0.002356886863708496,-9.340312004089355
92154350000,0.0,0.0,-0.0,-2.999112844467163,-0.002356886863708496,-9.340312004089355
92161302000,0.0,0.0,-0.0,-2.999112844467163,-0.002356886863708496,-9.340312004089355
92168302000,0.0,0.0,-0.0,-2.999112844467163,-0.002356886863708496,-9.340312004089355
92175179000,0.0,0.0,-0.0,-2.999112844467163,-0.002356886863708496,-9.340312004089355
92189106000,0.0,0.0,-0.0,-2.999112844467163,-0.002356886863708496,-9.340312004089355
92196011000,0.0,0.0,-0.0,-2.999112844467163,-0.002356886863708496,-9.340312004089355
92203044000,0.0,0.0,-0.0,-2.999112844467163,-0.002356886863708496,-9.340312004089355
92209932000,0.0,0.0,-0.0,-2.999112844467163,-0.002356886863708496,-9.340312004089355
92223826000,0.0,0.0,-0.0,-2.999112844467163,-0.002356886863708496,-9.340312004089355
92230780000,0.0,0.0,-0.0,-2.999112844467163,-0.002356886863708496,-9.340312004089355
92237696000,0.0,0.0,-0.0,-2.999112844467163,-0.002356886863708496,-9.340312004089355
92244635000,0.0,0.0,-0.0,-2.999112844467163,-0.002356886863708496,-9.340312004089355
92251644000,0.0,0.0,-0.0,-2.999112844467163,-0.002356886863708496,-9.340312004089355
92265561000,0.0,0.0,-0.0,-2.999112844467163,-0.002356886863708496,-9.340312004089355
92272481000,0.0,0.0,-0.0,-2.999112844467163,-0.002356886863708496,-9.340312004089355
92279387000,0.0,0.0,-0.0,-2.999112844467163,-0.002356886863708496,-9.340312004089355
92286371000,0.0,0.0,-0.0,-2.999112844467163,-0.002356886863708496,-9.340312004089355
92300216000,0.0,0.0,-0.0,-2.999112844467163,-0.002356886863708496,-9.340312004089355
92307130000,0.0,0.0,-0.0,-2.999112844467163,-0.002356886863708496,-9.340312004089355
92314120000,0.0,0.0,-0.0,-2.999112844467163,-0.002356886863708496,-9.340312004089355
92321112000,0.0,0.0,-0.0,-2.999112844467163,-0.002356886863708496,-9.340312004089355
92327964000,0.0,0.0,-0.0,-2.999112844467163,-0.002356886863708496,-9.340312004089355
92341850000,0.0,0.0,-0.0,-2.999112844467163,-0.002356886863708496,-9.340312004089355
92348859000,0.0,0.0,-0.0,-2.999112844467163,-0.002356886863708496,-9.340312004089355
92355759000,0.0,0.0,-0.0,-2.999112844467163,-0.002356886863708496,-9.340312004089355
92362678000,0.0,0.0,-0.0,-2.999112844467163,-0.002356886863708496,-9.340312004089355
92369674000,0.0,0.0,-0.0,-2.999112844467163,-0.002356886863708496,-9.340312004089355
92383551000,0.0,0.0,-0.0,-2.999112844467163,-0.002356886863708496,-9.340312004089355
92390522000,0.0,0.0,-0.0,-2.999112844467163,-0.002356886863708496,-9.340312004089355
92397428000,0.0,0.0,-0.0,-2.999112844467163,-0.002356886863708496,-9.340312004089355
92404377000,0.0,0.0,-0.0,-2.999112844467163,-0.002356886863708496,-9.340312004089355
92418269000,0.0,0.0,-0.0,-2.999112844467163,-0.002356886863708496,-9.340312004089355
92425195000,0.0,0.0,-0.0,-2.999112844467163,-0.002356886863708496,-9.340312004089355
92432229000,0.0,0.0,-0.0,-2.999112844467163,-0.002356886863708496,-9.340312004089355
92439087000,0.0,0.0,-0.0,-2.999112844467163,-0.002356886863708496,-9.340312004089355
92453020000,0.0,0.0,-0.0,-2.999112844467163,-0.002356886863708496,-9.340312004089355
92459922000,0.0,0.0,-0.0,-2.999112844467163,-0.002356886863708496,-9.340312004089355
92466898000,0.0,0.0,-0.0,-2.999112844467163,-0.002356886863708496,-9.340312004089355
92473843000,0.0,0.0,-0.0,-2.999112844467163,-0.002356886863708496,-9.340312004089355
92480769000,0.0,0.0,-0.0,-2.999112844467163,-0.002356886863708496,-9.340312004089355
92494655000,0.0,0.0,-0.0,-2.999112844467163,-0.002356886863708496,-9.340312004089355
92501651000,0.0,0.0,-0.0,-2.999112844467163,-0.002356886863708496,-9.340312004089355
92508527000,0.0,0.0,-0.0,-2.999112844467163,-0.002356886863708496,-9.340312004089355
92515538000,0.0,0.0,-0.0,-2.999112844467163,-0.002356886863708496,-9.340312004089355
92529358000,0.0,0.0,-0.0,-2.999112844467163,-0.002356886863708496,-9.340312004089355
92536361000,0.0,0.0,-0.0,-2.999112844467163,-0.002356886863708496,-9.340312004089355
92543243000,0.0,0.0,-0.0,-2.999112844467163,-0.002356886863708496,-9.340312004089355
92550216000,0.0,0.0,-0.0,-2.999112844467163,-0.002356886863708496,-9.340312004089355
92564085000,0.0,0.0,-0.0,-2.999112844467163,-0.002356886863708496,-9.340312004089355
92571082000,0.0,0.0,-0.0,-2.999112844467163,-0.002356886863708496,-9.340312004089355
92577975000,0.0,0.0,-0.0,-2.999112844467163,-0.002356886863708496,-9.340312004089355
92584957000,0.0,0.0,-0.0,-2.999112844467163,-0.002356886863708496,-9.340312004089355
92591864000,0.0,0.0,-0.0,-2.999112844467163,-0.002356886863708496,-9.340312004089355
92605771000,0.0,0.0,-0.0,-2.999112844467163,-0.002356886863708496,-9.340312004089355
92612676000,0.0,0.0,-0.0,-2.999112844467163,-0.002356886863708496,-9.340312004089355
92619679000,0.0,0.0,-0.0,-2.999112844467163,-0.002356886863708496,-9.340312004089355
92626603000,0.0,0.0,-0.0,-2.999112844467163,-0.002356886863708496,-9.340312004089355
92633567000,0.0,0.0,-0.0,-2.999112844467163,-0.002356886863708496,-9.340312004089355
92647410000,0.0,0.0,-0.0,-2.999112844467163,-0.002356886863708496,-9.340312004089355
92654422000,0.0,0.0,-0.0,-2.999112844467163,-0.002356886863708496,-9.340312004089355
92661313000,0.0,0.0,-0.0,-2.999112844467163,-0.002356886863708496,-9.340312004089355
92668280000,0.0,0.0,-0.0,-2.999112844467163,-0.002356886863708496,-9.340312004089355
92675200000,0.0,0.0,-0.0,-2.999112844467163,-0.002356886863708496,-9.340312004089355
92689261000,0.0,0.0,-0.0,-2.999112844467163,-0.002356886863708496,-9.340312004089355
92696062000,0.0,0.0,-0.0,-2.999112844467163,-0.002356886863708496,-9.340312004089355
92703010000,0.0,0.0,-0.0,-2.999112844467163,-0.002356886863708496,-9.340312004089355
92709982000,0.0,0.0,-0.0,-2.999112844467163,-0.002356886863708496,-9.340312004089355
92723875000,0.0,0.0,-0.0,-2.999112844467163,-0.002356886863708496,-9.340312004089355
92730775000,0.0,0.0,-0.0,-2.999112844467163,-0.002356886863708496,-9.340312004089355
92737758000,0.0,0.0,-0.0,-2.999112844467163,-0.002356886863708496,-9.340312004089355
92744699000,0.0,0.0,-0.0,-2.999112844467163,-0.002356886863708496,-9.340312004089355
92751668000,0.0,0.0,-0.0,-2.999112844467163,-0.002356886863708496,-9.340312004089355
92765588000,0.0,0.0,-0.0,-2.999112844467163,-0.002356886863708496,-9.340312004089355
92772492000,0.0,0.0,-0.0,-2.999112844467163,-0.002356886863708496,-9.340312004089355
92779364000,0.0,0.0,-0.0,-2.999112844467163,-0.002356886863708496,-9.340312004089355
92793297000,0.0,0.0,-0.0,-2.999112844467163,-0.002356886863708496,-9.340312004089355
92800264000,0.0,0.0,-0.0,-2.999112844467163,-0.002356886863708496,-9.340312004089355
92807199000,0.0,0.0,-0.0,-2.999112844467163,-0.002356886863708496,-9.340312004089355
92814091000,0.0,0.0,-0.0,-2.999112844467163,-0.002356886863708496,-9.340312004089355
92821078000,0.0,0.0,-0.0,-2.999112844467163,-0.002356886863708496,-9.340312004089355
92835035000,0.0,0.0,-0.0,-2.999112844467163,-0.002356886863708496,-9.340312004089355
92841930000,0.0,0.0,-0.0,-2.999112844467163,-0.002356886863708496,-9.340312004089355
92848973000,0.0,0.0,-0.0,-2.999112844467163,-0.002356886863708496,-9.340312004089355
92855779000,0.0,0.0,-0.0,-2.999112844467163,-0.002356886863708496,-9.340312004089355
92862732000,0.0,0.0,-0.0,-2.999112844467163,-0.002356886863708496,-9.340312004089355
92876625000,0.0,0.0,-0.0,-2.999112844467163,-0.002356886863708496,-9.340312004089355
92883586000,0.0,0.0,-0.0,-2.999112844467163,-0.002356886863708496,-9.340312004089355
92890549000,0.0,0.0,-0.0,-2.999112844467163,-0.002356886863708496,-9.340312004089355
92897498000,0.0,0.0,-0.0,-2.999112844467163,-0.002356886863708496,-9.340312004089355
92911376000,0.0,0.0,-0.0,-2.999112844467163,-0.002356886863708496,-9.340312004089355
92918381000,0.0,0.0,-0.0,-2.999112844467163,-0.002356886863708496,-9.340312004089355
92925280000,0.0,0.0,-0.0,-2.999112844467163,-0.002356886863708496,-9.340312004089355
92932227000,0.0,0.0,-0.0,-2.999112844467163,-0.002356886863708496,-9.340312004089355
92939183000,0.0,0.0,-0.0,-2.999112844467163,-0.002356886863708496,-9.340312004089355
92946077000,0.0,0.0,-0.0,-2.999112844467163,-0.002356886863708496,-9.340312004089355
92959959000,0.0,0.0,-0.0,-2.999112844467163,-0.002356886863708496,-9.340312004089355
92966944000,0.0,0.0,-0.0,-2.999112844467163,-0.002356886863708496,-9.340312004089355
92973883000,0.0,0.0,-0.0,-2.999112844467163,-0.002356886863708496,-9.340312004089355
92980791000,0.0,0.0,-0.0,-2.999112844467163,-0.002356886863708496,-9.340312004089355
92994690000,0.0,0.0,-0.0,-2.999112844467163,-0.002356886863708496,-9.340312004089355
93001678000,0.0,0.0,-0.0,-2.999112844467163,-0.002356886863708496,-9.340312004089355
93008566000,0.0,0.0,-0.0,-2.999112844467163,-0.002356886863708496,-9.340312004089355
93015632000,0.0,0.0,-0.0,-2.999112844467163,-0.002356886863708496,-9.340312004089355
93029404000,0.0,0.0,-0.0,-2.999112844467163,-0.002356886863708496,-9.340312004089355
93036382000,0.0,0.0,-0.0,-2.999112844467163,-0.002356886863708496,-9.340312004089355
93043306000,0.0,0.0,-0.0,-2.999112844467163,-0.002356886863708496,-9.340312004089355
93050276000,0.0,0.0,-0.0,-2.999112844467163,-0.002356886863708496,-9.340312004089355
93057222000,0.0,0.0,-0.0,-2.999112844467163,-0.002356886863708496,-9.340312004089355
93071132000,0.0,0.0,-0.0,-2.999112844467163,-0.002356886863708496,-9.340312004089355
93078057000,0.0,0.0,-0.0,-2.999112844467163,-0.002356886863708496,-9.340312004089355
93084980000,0.0,0.0,-0.0,-2.999112844467163,-0.002356886863708496,-9.340312004089355
93091930000,0.0,0.0,-0.0,-2.999112844467163,-0.002356886863708496,-9.340312004089355
93098970000,0.0,0.0,-0.0,-2.999112844467163,-0.002356886863708496,-9.340312004089355
93112720000,0.0,0.0,-0.0,-2.999112844467163,-0.002356886863708496,-9.340312004089355
93119726000,0.0,0.0,-0.0,-2.999112844467163,-0.002356886863708496,-9.340312004089355
93126638000,0.0,0.0,-0.0,-2.999112844467163,-0.002356886863708496,-9.340312004089355
93133603000,0.0,0.0,-0.0,-2.999112844467163,-0.002356886863708496,-9.340312004089355
93140553000,0.0,0.0,-0.0,-2.999112844467163,-0.002356886863708496,-9.340312004089355
93154426000,0.0,0.0,-0.0,-2.999112844467163,-0.002356886863708496,-9.340312004089355
93161351000,0.0,0.0,-0.0,-2.999112844467163,-0.002356886863708496,-9.340312004089355
93168314000,0.0,0.0,-0.0,-2.999112844467163,-0.002356886863708496,-9.340312004089355
93175231000,0.0,0.0,-0.0,-2.999112844467163,-0.002356886863708496,-9.340312004089355
93189175000,0.0,0.0,-0.0,-2.999112844467163,-0.002356886863708496,-9.340312004089355
93196120000,0.0,0.0,-0.0,-2.999112844467163,-0.002356886863708496,-9.340312004089355
93203035000,0.0,0.0,-0.0,-2.999112844467163,-0.002356886863708496,-9.340312004089355
93209960000,0.0,0.0,-0.0,-2.999112844467163,-0.002356886863708496,-9.340312004089355
93216927000,0.0,0.0,-0.0,-2.999112844467163,-0.002356886863708496,-9.340312004089355
93230804000,0.0,0.0,-0.0,-2.999112844467163,-0.002356886863708496,-9.340312004089355
93237784000,0.0,0.0,-0.0,-2.999112844467163,-0.002356886863708496,-9.340312004089355
93244722000,0.0,0.0,-0.0,-2.999112844467163,-0.002356886863708496,-9.340312004089355
93251647000,0.0,0.0,-0.0,-2.999112844467163,-0.002356886863708496,-9.340312004089355
93265572000,0.0,0.0,-0.0,-2.999112844467163,-0.002356886863708496,-9.340312004089355
93272514000,0.0,0.0,-0.0,-2.999112844467163,-0.002356886863708496,-9.340312004089355
93279403000,0.0,0.0,-0.0,-2.999112844467163,-0.002356886863708496,-9.340312004089355
93286380000,0.0,0.0,-0.0,-2.999112844467163,-0.002356886863708496,-9.340312004089355
93293309000,0.0,0.0,-0.0,-2.999112844467163,-0.002356886863708496,-9.340312004089355
93307213000,0.0,0.0,-0.0,-2.999112844467163,-0.002356886863708496,-9.340312004089355
93314130000,0.0,0.0,-0.0,-2.999112844467163,-0.002356886863708496,-9.340312004089355
93321118000,0.0,0.0,-0.0,-2.999112844467163,-0.002356886863708496,-9.340312004089355
93328120000,0.0,0.0,-0.0,-2.999112844467163,-0.002356886863708496,-9.340312004089355
93341908000,0.0,0.0,-0.0,-2.999112844467163,-0.002356886863708496,-9.340312004089355
93348933000,0.0,0.0,-0.0,-2.999112844467163,-0.002356886863708496,-9.340312004089355
93355895000,0.0,0.0,-0.0,-2.999112844467163,-0.002356886863708496,-9.340312004089355
93362848000,0.0,0.0,-0.0,-2.999112844467163,-0.002356886863708496,-9.340312004089355
93376712000,0.0,0.0,-0.0,-2.999112844467163,-0.002356886863708496,-9.340312004089355
93383719000,0.0,0.0,-0.0,-2.999112844467163,-0.002356886863708496,-9.340312004089355
93390629000,0.0,0.0,-0.0,-2.999112844467163,-0.002356886863708496,-9.340312004089355
93397542000,0.0,0.0,-0.0,-2.999112844467163,-0.002356886863708496,-9.340312004089355
93411488000,0.0,0.0,-0.0,-2.999112844467163,-0.002356886863708496,-9.340312004089355
93418428000,0.0,0.0,-0.0,-2.999112844467163,-0.002356886863708496,-9.340312004089355
93425361000,0.0,0.0,-0.0,-2.999112844467163,-0.002356886863708496,-9.340312004089355
93432353000,0.0,0.0,-0.0,-2.999112844467163,-0.002356886863708496,-9.340312004089355
93439228000,0.0,0.0,-0.0,-2.999112844467163,-0.002356886863708496,-9.340312004089355
93453145000,0.0,0.0,-0.0,-2.999112844467163,-0.002356886863708496,-9.340312004089355
93460086000,0.0,0.0,-0.0,-2.999112844467163,-0.002356886863708496,-9.340312004089355
93467070000,0.0,0.0,-0.0,-2.999112844467163,-0.002356886863708496,-9.340312004089355
93473961000,0.0,0.0,-0.0,-2.999112844467163,-0.002356886863708496,-9.340312004089355
93487879000,0.0,0.0,-0.0,-2.999112844467163,-0.002356886863708496,-9.340312004089355
93494792000,0.0,0.0,-0.0,-2.999112844467163,-0.002356886863708496,-9.340312004089355
93501759000,0.0,0.0,-0.0,-2.999112844467163,-0.002356886863708496,-9.340312004089355
93508793000,0.0,0.0,-0.0,-2.999112844467163,-0.002356886863708496,-9.340312004089355
93515641000,0.0,0.0,-0.0,-2.999112844467163,-0.002356886863708496,-9.340312004089355
93529542000,0.0,0.0,-0.0,-2.999112844467163,-0.002356886863708496,-9.340312004089355
93536491000,0.0,0.0,-0.0,-2.999112844467163,-0.002356886863708496,-9.340312004089355
93543389000,0.0,0.0,-0.0,-2.999112844467163,-0.002356886863708496,-9.340312004089355
93550404000,0.0,0.0,-0.0,-2.999112844467163,-0.002356886863708496,-9.340312004089355
93557323000,0.0,0.0,-0.0,-2.999112844467163,-0.002356886863708496,-9.340312004089355
93571226000,0.0,0.0,-0.0,-2.999112844467163,-0.002356886863708496,-9.340312004089355
93578161000,0.0,0.0,-0.0,-2.999112844467163,-0.002356886863708496,-9.340312004089355
93585088000,0.0,0.0,-0.0,-2.999112844467163,-0.002356886863708496,-9.340312004089355
93592023000,0.0,0.0,-0.0,-2.999112844467163,-0.002356886863708496,-9.340312004089355
93605957000,0.0,0.0,-0.0,-2.999112844467163,-0.002356886863708496,-9.340312004089355
93612837000,0.0,0.0,-0.0,-2.999112844467163,-0.002356886863708496,-9.340312004089355
93619822000,0.0,0.0,-0.0,-2.999112844467163,-0.002356886863708496,-9.340312004089355
93626727000,0.0,0.0,-0.0,-2.999112844467163,-0.002356886863708496,-9.340312004089355
93633749000,0.0,0.0,-0.0,-2.999112844467163,-0.002356886863708496,-9.340312004089355
93647553000,0.0,0.0,-0.0,-2.999112844467163,-0.002356886863708496,-9.340312004089355
93654592000,0.0,0.0,-0.0,-2.999112844467163,-0.002356886863708496,-9.340312004089355
93661452000,0.0,0.0,-0.0,-2.999112844467163,-0.002356886863708496,-9.340312004089355
93668474000,0.0,0.0,-0.0,-2.999112844467163,-0.002356886863708496,-9.340312004089355
93675351000,0.0,0.0,-0.0,-2.999112844467163,-0.002356886863708496,-9.340312004089355
93689408000,0.0,0.0,-0.0,-2.999112844467163,-0.002356886863708496,-9.340312004089355
93696248000,0.0,0.0,-0.0,-2.999112844467163,-0.002356886863708496,-9.340312004089355
93703215000,0.0,0.0,-0.0,-2.999112844467163,-0.002356886863708496,-9.340312004089355
93710147000,0.0,0.0,-0.0,-2.999112844467163,-0.002356886863708496,-9.340312004089355
93724050000,0.0,0.0,-0.0,-2.999112844467163,-0.002356886863708496,-9.340312004089355
93730977000,0.0,0.0,-0.0,-2.999112844467163,-0.002356886863708496,-9.340312004089355
93737957000,0.0,0.0,-0.0,-2.999112844467163,-0.002356886863708496,-9.340312004089355
93744873000,0.0,0.0,-0.0,-2.999112844467163,-0.002356886863708496,-9.340312004089355
93758797000,0.0,0.0,-0.0,-2.999112844467163,-0.002356886863708496,-9.340312004089355
93765757000,0.0,0.0,-0.0,-2.999112844467163,-0.002356886863708496,-9.340312004089355
93772679000,0.0,0.0,-0.0,-2.999112844467163,-0.002356886863708496,-9.340312004089355
93779592000,0.0,0.0,-0.0,-2.999112844467163,-0.002356886863708496,-9.340312004089355
93786576000,0.0,0.0,-0.0,-2.999112844467163,-0.002356886863708496,-9.340312004089355
93800621000,0.0,0.0,-0.0,-2.999112844467163,-0.002356886863708496,-9.340312004089355
93807405000,0.0,0.0,-0.0,-2.999112844467163,-0.002356886863708496,-9.340312004089355
93814327000,0.0,0.0,-0.0,-2.999112844467163,-0.002356886863708496,-9.340312004089355
93821326000,0.0,0.0,-0.0,-2.999112844467163,-0.002356886863708496,-9.340312004089355
93835216000,0.0,0.0,-0.0,-2.999112844467163,-0.002356886863708496,-9.340312004089355
93842132000,0.0,0.0,-0.0,-2.999112844467163,-0.002356886863708496,-9.340312004089355
93849098000,0.0,0.0,-0.0,-2.999112844467163,-0.002356886863708496,-9.340312004089355
93856043000,0.0,0.0,-0.0,-2.999112844467163,-0.002356886863708496,-9.340312004089355
93869916000,0.0,0.0,-0.0,-2.999112844467163,-0.002356886863708496,-9.340312004089355
93876822000,0.0,0.0,-0.0,-2.999112844467163,-0.002356886863708496,-9.340312004089355
93883823000,0.0,0.0,-0.0,-2.999112844467163,-0.002356886863708496,-9.340312004089355
93890753000,0.0,0.0,-0.0,-2.999112844467163,-0.002356886863708496,-9.340312004089355
93904632000,0.0,0.0,-0.0,-2.999112844467163,-0.002356886863708496,-9.340312004089355
93911557000,0.0,0.0,-0.0,-2.999112844467163,-0.002356886863708496,-9.340312004089355
93918527000,0.0,0.0,-0.0,-2.999112844467163,-0.002356886863708496,-9.340312004089355
93925464000,0.0,0.0,-0.0,-2.999112844467163,-0.002356886863708496,-9.340312004089355
93932379000,0.0,0.0,-0.0,-2.999112844467163,-0.002356886863708496,-9.340312004089355
93946287000,0.0,0.0,-0.0,-2.999112844467163,-0.002356886863708496,-9.340312004089355
93953261000,0.0,0.0,-0.0,-2.999112844467163,-0.002356886863708496,-9.340312004089355
93960157000,0.0,0.0,-0.0,-2.999112844467163,-0.002356886863708496,-9.340312004089355
93967208000,0.0,0.0,-0.0,-2.999112844467163,-0.002356886863708496,-9.340312004089355
93981013000,0.0,0.0,-0.0,-2.999112844467163,-0.002356886863708496,-9.340312004089355
93987980000,0.0,0.0,-0.0,-2.999112844467163,-0.002356886863708496,-9.340312004089355
93994892000,0.0,0.0,-0.0,-2.999112844467163,-0.002356886863708496,-9.340312004089355
94001861000,0.0,0.0,-0.0,-2.999112844467163,-0.002356886863708496,-9.340312004089355
94015710000,0.0,0.0,-0.0,-2.999112844467163,-0.002356886863708496,-9.340312004089355
94022702000,0.0,0.0,-0.0,-2.999112844467163,-0.002356886863708496,-9.340312004089355
94029607000,0.0,0.0,-0.0,-2.999112844467163,-0.002356886863708496,-9.340312004089355
94036662000,0.0,0.0,-0.0,-2.999112844467163,-0.002356886863708496,-9.340312004089355
94043497000,0.0,0.0,-0.0,-2.999112844467163,-0.002356886863708496,-9.340312004089355
94057416000,0.0,0.0,-0.0,-2.999112844467163,-0.002356886863708496,-9.340312004089355
94064319000,0.0,0.0,-0.0,-2.999112844467163,-0.002356886863708496,-9.340312004089355
94071352000,0.0,0.0,-0.0,-2.999112844467163,-0.002356886863708496,-9.340312004089355
94078262000,0.0,0.0,-0.0,-2.999112844467163,-0.002356886863708496,-9.340312004089355
94085197000,0.0,0.0,-0.0,-2.999112844467163,-0.002356886863708496,-9.340312004089355
94099048000,0.0,0.0,-0.0,-2.999112844467163,-0.002356886863708496,-9.340312004089355
94106042000,0.0,0.0,-0.0,-2.999112844467163,-0.002356886863708496,-9.340312004089355
94112947000,0.0,0.0,-0.0,-2.999112844467163,-0.002356886863708496,-9.340312004089355
94119940000,0.0,0.0,-0.0,-2.999112844467163,-0.002356886863708496,-9.340312004089355
94133849000,0.0,0.0,-0.0,-2.999112844467163,-0.002356886863708496,-9.340312004089355
94140729000,0.0,0.0,-0.0,-2.999112844467163,-0.002356886863708496,-9.340312004089355
94147676000,0.0,0.0,-0.0,-2.999112844467163,-0.002356886863708496,-9.340312004089355
94154646000,0.0,0.0,-0.0,-2.999112844467163,-0.002356886863708496,-9.340312004089355
94168544000,0.0,0.0,-0.0,-2.999112844467163,-0.002356886863708496,-9.340312004089355
94175509000,0.0,0.0,-0.0,-2.999112844467163,-0.002356886863708496,-9.340312004089355
94182401000,0.0,0.0,-0.0,-2.999112844467163,-0.002356886863708496,-9.340312004089355
94189413000,0.0,0.0,-0.0,-2.999112844467163,-0.002356886863708496,-9.340312004089355
94196350000,0.0,0.0,-0.0,-2.999112844467163,-0.002356886863708496,-9.340312004089355
94210179000,0.0,0.0,-0.0,-2.999112844467163,-0.002356886863708496,-9.340312004089355
94217269000,0.0,0.0,-0.0,-2.999112844467163,-0.002356886863708496,-9.340312004089355
94224084000,0.0,0.0,-0.0,-2.999112844467163,-0.002356886863708496,-9.340312004089355
94231019000,0.0,0.0,-0.0,-2.999112844467163,-0.002356886863708496,-9.340312004089355
94244900000,0.0,0.0,-0.0,-2.999112844467163,-0.002356886863708496,-9.340312004089355
94251921000,0.0,0.0,-0.0,-2.999112844467163,-0.002356886863708496,-9.340312004089355
94258806000,0.0,0.0,-0.0,-2.999112844467163,-0.002356886863708496,-9.340312004089355
94265713000,0.0,0.0,-0.0,-2.999112844467163,-0.002356886863708496,-9.340312004089355
94272699000,0.0,0.0,-0.0,-2.999112844467163,-0.002356886863708496,-9.340312004089355
94279606000,0.0,0.0,-0.0,-2.999112844467163,-0.002356886863708496,-9.340312004089355
94293568000,0.0,0.0,-0.0,-2.999112844467163,-0.002356886863708496,-9.340312004089355
94300596000,0.0,0.0,-0.0,-2.999112844467163,-0.002356886863708496,-9.340312004089355
94307459000,0.0,0.0,-0.0,-2.999112844467163,-0.002356886863708496,-9.340312004089355
94314419000,0.0,0.0,-0.0,-2.999112844467163,-0.002356886863708496,-9.340312004089355
94328337000,0.0,0.0,-0.0,-2.999112844467163,-0.002356886863708496,-9.340312004089355
94335281000,0.0,0.0,-0.0,-2.999112844467163,-0.002356886863708496,-9.340312004089355
94342209000,0.0,0.0,-0.0,-2.999112844467163,-0.002356886863708496,-9.340312004089355
94349112000,0.0,0.0,-0.0,-2.999112844467163,-0.002356886863708496,-9.340312004089355
94363000000,0.0,0.0,-0.0,-2.999112844467163,-0.002356886863708496,-9.340312004089355
94369975000,0.0,0.0,-0.0,-2.999112844467163,-0.002356886863708496,-9.340312004089355
94376883000,0.0,0.0,-0.0,-2.999112844467163,-0.002356886863708496,-9.340312004089355
94383878000,0.0,0.0,-0.0,-2.999112844467163,-0.002356886863708496,-9.340312004089355
94390840000,0.0,0.0,-0.0,-2.999112844467163,-0.002356886863708496,-9.340312004089355
94404734000,0.0,0.0,-0.0,-2.999112844467163,-0.002356886863708496,-9.340312004089355
94411619000,0.0,0.0,-0.0,-2.999112844467163,-0.002356886863708496,-9.340312004089355
94418602000,0.0,0.0,-0.0,-2.999112844467163,-0.002356886863708496,-9.340312004089355
94425523000,0.0,0.0,-0.0,-2.999112844467163,-0.002356886863708496,-9.340312004089355
94432444000,0.0,0.0,-0.0,-2.999112844467163,-0.002356886863708496,-9.340312004089355
94446355000,0.0,0.0,-0.0,-2.999112844467163,-0.002356886863708496,-9.340312004089355
94453352000,0.0,0.0,-0.0,-2.999112844467163,-0.002356886863708496,-9.340312004089355
94460237000,0.0,0.0,-0.0,-2.999112844467163,-0.002356886863708496,-9.340312004089355
94467298000,0.0,0.0,-0.0,-2.999112844467163,-0.002356886863708496,-9.340312004089355
94474174000,0.0,0.0,-0.0,-2.999112844467163,-0.002356886863708496,-9.340312004089355
94488049000,0.0,0.0,-0.0,-2.999112844467163,-0.002356886863708496,-9.340312004089355
94495018000,0.0,0.0,-0.0,-2.999112844467163,-0.002356886863708496,-9.340312004089355
94502036000,0.0,0.0,-0.0,-2.999112844467163,-0.002356886863708496,-9.340312004089355
94508864000,0.0,0.0,-0.0,-2.999112844467163,-0.002356886863708496,-9.340312004089355
94515790000,0.0,0.0,-0.0,-2.999112844467163,-0.002356886863708496,-9.340312004089355
94529696000,0.0,0.0,-0.0,-2.999112844467163,-0.002356886863708496,-9.340312004089355
94536712000,0.0,0.0,-0.0,-2.999112844467163,-0.002356886863708496,-9.340312004089355
94543575000,0.0,0.0,-0.0,-2.999112844467163,-0.002356886863708496,-9.340312004089355
94550681000,0.0,0.0,-0.0,-2.999112844467163,-0.002356886863708496,-9.340312004089355
94564424000,0.0,0.0,-0.0,-2.999112844467163,-0.002356886863708496,-9.340312004089355
94571400000,0.0,0.0,-0.0,-2.999112844467163,-0.002356886863708496,-9.340312004089355
94578364000,0.0,0.0,-0.0,-2.999112844467163,-0.002356886863708496,-9.340312004089355
94585298000,0.0,0.0,-0.0,-2.999112844467163,-0.002356886863708496,-9.340312004089355
94592251000,0.0,0.0,-0.0,-2.999112844467163,-0.002356886863708496,-9.340312004089355
94606141000,0.0,0.0,-0.0,-2.999112844467163,-0.002356886863708496,-9.340312004089355
94613038000,0.0,0.0,-0.0,-2.999112844467163,-0.002356886863708496,-9.340312004089355
94620048000,0.0,0.0,-0.0,-2.999112844467163,-0.002356886863708496,-9.340312004089355
94626969000,0.0,0.0,-0.0,-2.999112844467163,-0.002356886863708496,-9.340312004089355
94640820000,0.0,0.0,-0.0,-2.999112844467163,-0.002356886863708496,-9.340312004089355
94647757000,0.0,0.0,-0.0,-2.999112844467163,-0.002356886863708496,-9.340312004089355
94654734000,0.0,0.0,-0.0,-2.999112844467163,-0.002356886863708496,-9.340312004089355
94661648000,0.0,0.0,-0.0,-2.999112844467163,-0.002356886863708496,-9.340312004089355
94675540000,0.0,0.0,-0.0,-2.999112844467163,-0.002356886863708496,-9.340312004089355
94682471000,0.0,0.0,-0.0,-2.999112844467163,-0.002356886863708496,-9.340312004089355
94689531000,0.0,0.0,-0.0,-2.999112844467163,-0.002356886863708496,-9.340312004089355
94696373000,0.0,0.0,-0.0,-2.999112844467163,-0.002356886863708496,-9.340312004089355
94703347000,0.0,0.0,-0.0,-2.999112844467163,-0.002356886863708496,-9.340312004089355
94717283000,0.0,0.0,-0.0,-2.999112844467163,-0.002356886863708496,-9.340312004089355
94724222000,0.0,0.0,-0.0,-2.999112844467163,-0.002356886863708496,-9.340312004089355
94731093000,0.0,0.0,-0.0,-2.999112844467163,-0.002356886863708496,-9.340312004089355
94738144000,0.0,0.0,-0.0,-2.999112844467163,-0.002356886863708496,-9.340312004089355
94745044000,0.0,0.0,-0.0,-2.999112844467163,-0.002356886863708496,-9.340312004089355
94758919000,0.0,0.0,-0.0,-2.999112844467163,-0.002356886863708496,-9.340312004089355
94765840000,0.0,0.0,-0.0,-2.999112844467163,-0.002356886863708496,-9.340312004089355
94772799000,0.0,0.0,-0.0,-2.999112844467163,-0.002356886863708496,-9.340312004089355
94779789000,0.0,0.0,-0.0,-2.999112844467163,-0.002356886863708496,-9.340312004089355
94793650000,0.0,0.0,-0.0,-2.999112844467163,-0.002356886863708496,-9.340312004089355
94800616000,0.0,0.0,-0.0,-2.999112844467163,-0.002356886863708496,-9.340312004089355
94807499000,0.0,0.0,-0.0,-2.999112844467163,-0.002356886863708496,-9.340312004089355
94814431000,0.0,0.0,-0.0,-2.999112844467163,-0.002356886863708496,-9.340312004089355
94828436000,0.0,0.0,-0.0,-2.999112844467163,-0.002356886863708496,-9.340312004089355
94835308000,0.0,0.0,-0.0,-2.999112844467163,-0.002356886863708496,-9.340312004089355
94842245000,0.0,0.0,-0.0,-2.999112844467163,-0.002356886863708496,-9.340312004089355
94849164000,0.0,0.0,-0.0,-2.999112844467163,-0.002356886863708496,-9.340312004089355
94863050000,0.0,0.0,-0.0,-2.999112844467163,-0.002356886863708496,-9.340312004089355
94870065000,0.0,0.0,-0.0,-2.999112844467163,-0.002356886863708496,-9.340312004089355
94876948000,0.0,0.0,-0.0,-2.999112844467163,-0.002356886863708496,-9.340312004089355
94883914000,0.0,0.0,-0.0,-2.999112844467163,-0.002356886863708496,-9.340312004089355
94890875000,0.0,0.0,-0.0,-2.999112844467163,-0.002356886863708496,-9.340312004089355
94904738000,0.0,0.0,-0.0,-2.999112844467163,-0.002356886863708496,-9.340312004089355
94911705000,0.0,0.0,-0.0,-2.999112844467163,-0.002356886863708496,-9.340312004089355
94918631000,0.0,0.0,-0.0,-2.999112844467163,-0.002356886863708496,-9.340312004089355
94925602000,0.0,0.0,-0.0,-2.999112844467163,-0.002356886863708496,-9.340312004089355
94939470000,0.0,0.0,-0.0,-2.999112844467163,-0.002356886863708496,-9.340312004089355
94946379000,0.0,0.0,-0.0,-2.999112844467163,-0.002356886863708496,-9.340312004089355
94953397000,0.0,0.0,-0.0,-2.999112844467163,-0.002356886863708496,-9.340312004089355
94960326000,0.0,0.0,-0.0,-2.999112844467163,-0.002356886863708496,-9.340312004089355
94967354000,0.0,0.0,-0.0,-2.999112844467163,-0.002356886863708496,-9.340312004089355
94981102000,0.0,0.0,-0.0,-2.999112844467163,-0.002356886863708496,-9.340312004089355
94988085000,0.0,0.0,-0.0,-2.999112844467163,-0.002356886863708496,-9.340312004089355
94995017000,0.0,0.0,-0.0,-2.999112844467163,-0.002356886863708496,-9.340312004089355
95001995000,0.0,0.0,-0.0,-2.999112844467163,-0.002356886863708496,-9.340312004089355
95008877000,0.0,0.0,-0.0,-2.999112844467163,-0.002356886863708496,-9.340312004089355
95022793000,0.0,0.0,-0.0,-2.999112844467163,-0.002356886863708496,-9.340312004089355
95029705000,0.0,0.0,-0.0,-2.999112844467163,-0.002356886863708496,-9.340312004089355
95036724000,0.0,0.0,-0.0,-2.999112844467163,-0.002356886863708496,-9.340312004089355
95043609000,0.0,0.0,-0.0,-2.999112844467163,-0.002356886863708496,-9.340312004089355
95050634000,0.0,0.0,-0.0,-2.999112844467163,-0.002356886863708496,-9.340312004089355
95064430000,0.0,0.0,-0.0,-2.999112844467163,-0.002356886863708496,-9.340312004089355
95071458000,0.0,0.0,-0.0,-2.999112844467163,-0.002356886863708496,-9.340312004089355
95078328000,0.0,0.0,-0.0,-2.999112844467163,-0.002356886863708496,-9.340312004089355
95085331000,0.0,0.0,-0.0,-2.999112844467163,-0.002356886863708496,-9.340312004089355
95099146000,0.0,0.0,-0.0,-2.999112844467163,-0.002356886863708496,-9.340312004089355
95106184000,0.0,0.0,-0.0,-2.999112844467163,-0.002356886863708496,-9.340312004089355
95113057000,0.0,0.0,-0.0,-2.999112844467163,-0.002356886863708496,-9.340312004089355
95120039000,0.0,0.0,-0.0,-2.999112844467163,-0.002356886863708496,-9.340312004089355
95133897000,0.0,0.0,-0.0,-2.999112844467163,-0.002356886863708496,-9.340312004089355
95140880000,0.0,0.0,-0.0,-2.999112844467163,-0.002356886863708496,-9.340312004089355
95147776000,0.0,0.0,-0.0,-2.999112844467163,-0.002356886863708496,-9.340312004089355
95154761000,0.0,0.0,-0.0,-2.999112844467163,-0.002356886863708496,-9.340312004089355
95168680000,0.0,0.0,-0.0,-2.999112844467163,-0.002356886863708496,-9.340312004089355
95175549000,0.0,0.0,-0.0,-2.999112844467163,-0.002356886863708496,-9.340312004089355
95182500000,0.0,0.0,-0.0,-2.999112844467163,-0.002356886863708496,-9.340312004089355
95189506000,0.0,0.0,-0.0,-2.999112844467163,-0.002356886863708496,-9.340312004089355
95203414000,0.0,0.0,-0.0,-2.999112844467163,-0.002356886863708496,-9.340312004089355
95210289000,0.0,0.0,-0.0,-2.999112844467163,-0.002356886863708496,-9.340312004089355
95217271000,0.0,0.0,-0.0,-2.999112844467163,-0.002356886863708496,-9.340312004089355
95224204000,0.0,0.0,-0.0,-2.999112844467163,-0.002356886863708496,-9.340312004089355
95231114000,0.0,0.0,-0.0,-2.999112844467163,-0.002356886863708496,-9.340312004089355
95245050000,0.0,0.0,-0.0,-2.999112844467163,-0.002356886863708496,-9.340312004089355
95251971000,0.0,0.0,-0.0,-2.999112844467163,-0.002356886863708496,-9.340312004089355
95258920000,0.0,0.0,-0.0,-2.999112844467163,-0.002356886863708496,-9.340312004089355
95265821000,0.0,0.0,-0.0,-2.999112844467163,-0.002356886863708496,-9.340312004089355
95279717000,0.0,0.0,-0.0,-2.999112844467163,-0.002356886863708496,-9.340312004089355
95286698000,0.0,0.0,-0.0,-2.999112844467163,-0.002356886863708496,-9.340312004089355
95293651000,0.0,0.0,-0.0,-2.999112844467163,-0.002356886863708496,-9.340312004089355
95300554000,0.0,0.0,-0.0,-2.999112844467163,-0.002356886863708496,-9.340312004089355
95307562000,0.0,0.0,-0.0,-2.999112844467163,-0.002356886863708496,-9.340312004089355
95321414000,0.0,0.0,-0.0,-2.999112844467163,-0.002356886863708496,-9.340312004089355
95328355000,0.0,0.0,-0.0,-2.999112844467163,-0.002356886863708496,-9.340312004089355
95335340000,0.0,0.0,-0.0,-2.999112844467163,-0.002356886863708496,-9.340312004089355
95342233000,0.0,0.0,-0.0,-2.999112844467163,-0.002356886863708496,-9.340312004089355
95356168000,0.0,0.0,-0.0,-2.999112844467163,-0.002356886863708496,-9.340312004089355
95363083000,0.0,0.0,-0.0,-2.999112844467163,-0.002356886863708496,-9.340312004089355
95370060000,0.0,0.0,-0.0,-2.999112844467163,-0.002356886863708496,-9.340312004089355
95377008000,0.0,0.0,-0.0,-2.999112844467163,-0.002356886863708496,-9.340312004089355
95384002000,0.0,0.0,-0.0,-2.999112844467163,-0.002356886863708496,-9.340312004089355
95390921000,0.0,0.0,-0.0,-2.999112844467163,-0.002356886863708496,-9.340312004089355
95404761000,0.0,0.0,-0.0,-2.999112844467163,-0.002356886863708496,-9.340312004089355
95411707000,0.0,0.0,-0.0,-2.999112844467163,-0.002356886863708496,-9.340312004089355
95418684000,0.0,0.0,-0.0,-2.999112844467163,-0.002356886863708496,-9.340312004089355
95425597000,0.0,0.0,-0.0,-2.999112844467163,-0.002356886863708496,-9.340312004089355
95432508000,0.0,0.0,-0.0,-2.999112844467163,-0.002356886863708496,-9.340312004089355
95446426000,0.0,0.0,-0.0,-2.999112844467163,-0.002356886863708496,-9.340312004089355
95453363000,0.0,0.0,-0.0,-2.999112844467163,-0.002356886863708496,-9.340312004089355
95460289000,0.0,0.0,-0.0,-2.999112844467163,-0.002356886863708496,-9.340312004089355
95467232000,0.0,0.0,-0.0,-2.999112844467163,-0.002356886863708496,-9.340312004089355
95481120000,0.0,0.0,-0.0,-2.999112844467163,-0.002356886863708496,-9.340312004089355
95488103000,0.0,0.0,-0.0,-2.999112844467163,-0.002356886863708496,-9.340312004089355
95495009000,0.0,0.0,-0.0,-2.999112844467163,-0.002356886863708496,-9.340312004089355
95502077000,0.0,0.0,-0.0,-2.999112844467163,-0.002356886863708496,-9.340312004089355
95515831000,0.0,0.0,-0.0,-2.999112844467163,-0.002356886863708496,-9.340312004089355
95522815000,0.0,0.0,-0.0,-2.999112844467163,-0.002356886863708496,-9.340312004089355
95529734000,0.0,0.0,-0.0,-2.999112844467163,-0.002356886863708496,-9.340312004089355
95536701000,0.0,0.0,-0.0,-2.999112844467163,-0.002356886863708496,-9.340312004089355
95543635000,0.0,0.0,-0.0,-2.999112844467163,-0.002356886863708496,-9.340312004089355
95550567000,0.0,0.0,-0.0,-2.999112844467163,-0.002356886863708496,-9.340312004089355
95564450000,0.0,0.0,-0.0,-2.999112844467163,-0.002356886863708496,-9.340312004089355
95571452000,0.0,0.0,-0.0,-2.999112844467163,-0.002356886863708496,-9.340312004089355
95578348000,0.0,0.0,-0.0,-2.999112844467163,-0.002356886863708496,-9.340312004089355
95585426000,0.0,0.0,-0.0,-2.999112844467163,-0.002356886863708496,-9.340312004089355
95599189000,0.0,0.0,-0.0,-2.999112844467163,-0.002356886863708496,-9.340312004089355
95606186000,0.0,0.0,-0.0,-2.999112844467163,-0.002356886863708496,-9.340312004089355
95613134000,0.0,0.0,-0.0,-2.999112844467163,-0.002356886863708496,-9.340312004089355
95620060000,0.0,0.0,-0.0,-2.999112844467163,-0.002356886863708496,-9.340312004089355
95627069000,0.0,0.0,-0.0,-2.999112844467163,-0.002356886863708496,-9.340312004089355
95640982000,0.0,0.0,-0.0,-2.999112844467163,-0.002356886863708496,-9.340312004089355
95647793000,0.0,0.0,-0.0,-2.999112844467163,-0.002356886863708496,-9.340312004089355
95654783000,0.0,0.0,-0.0,-2.999112844467163,-0.002356886863708496,-9.340312004089355
95661733000,0.0,0.0,-0.0,-2.999112844467163,-0.002356886863708496,-9.340312004089355
95675600000,0.0,0.0,-0.0,-2.999112844467163,-0.002356886863708496,-9.340312004089355
95682539000,0.0,0.0,-0.0,-2.999112844467163,-0.002356886863708496,-9.340312004089355
95689522000,0.0,0.0,-0.0,-2.999112844467163,-0.002356886863708496,-9.340312004089355
95696471000,0.0,0.0,-0.0,-2.999112844467163,-0.002356886863708496,-9.340312004089355
95710338000,0.0,0.0,-0.0,-2.999112844467163,-0.002356886863708496,-9.340312004089355
95717260000,0.0,0.0,-0.0,-2.999112844467163,-0.002356886863708496,-9.340312004089355
95724293000,0.0,0.0,-0.0,-2.999112844467163,-0.002356886863708496,-9.340312004089355
95731140000,0.0,0.0,-0.0,-2.999112844467163,-0.002356886863708496,-9.340312004089355
95738172000,0.0,0.0,-0.0,-2.999112844467163,-0.002356886863708496,-9.340312004089355
95745072000,0.0,0.0,-0.0,-2.999112844467163,-0.002356886863708496,-9.340312004089355
95758995000,0.0,0.0,-0.0,-2.999112844467163,-0.002356886863708496,-9.340312004089355
95765868000,0.0,0.0,-0.0,-2.999112844467163,-0.002356886863708496,-9.340312004089355
95772866000,0.0,0.0,-0.0,-2.999112844467163,-0.002356886863708496,-9.340312004089355
95779800000,0.0,0.0,-0.0,-2.999112844467163,-0.002356886863708496,-9.340312004089355
95793681000,0.0,0.0,-0.0,-2.999112844467163,-0.002356886863708496,-9.340312004089355
95800611000,0.0,0.0,-0.0,-2.999112844467163,-0.002356886863708496,-9.340312004089355
95807579000,0.0,0.0,-0.0,-2.999112844467163,-0.002356886863708496,-9.340312004089355
95814491000,0.0,0.0,-0.0,-2.999112844467163,-0.002356886863708496,-9.340312004089355
95821461000,0.0,0.0,-0.0,-2.999112844467163,-0.002356886863708496,-9.340312004089355
95835381000,0.0,0.0,-0.0,-2.999112844467163,-0.002356886863708496,-9.340312004089355
95842270000,0.0,0.0,-0.0,-2.999112844467163,-0.002356886863708496,-9.340312004089355
95849213000,0.0,0.0,-0.0,-2.999112844467163,-0.002356886863708496,-9.340312004089355
95856203000,0.0,0.0,-0.0,-2.999112844467163,-0.002356886863708496,-9.340312004089355
95863109000,0.0,0.0,-0.0,-2.999112844467163,-0.002356886863708496,-9.340312004089355
95877027000,0.0,0.0,-0.0,-2.999112844467163,-0.002356886863708496,-9.340312004089355
95883930000,0.0,0.0,-0.0,-2.999112844467163,-0.002356886863708496,-9.340312004089355
95890906000,0.0,0.0,-0.0,-2.999112844467163,-0.002356886863708496,-9.340312004089355
95897822000,0.0,0.0,-0.0,-2.999112844467163,-0.002356886863708496,-9.340312004089355
95904859000,0.0,0.0,-0.0,-2.999112844467163,-0.002356886863708496,-9.340312004089355
95918724000,0.0,0.0,-0.0,-2.999112844467163,-0.002356886863708496,-9.340312004089355
95925636000,0.0,0.0,-0.0,-2.999112844467163,-0.002356886863708496,-9.340312004089355
95932566000,0.0,0.0,-0.0,-2.999112844467163,-0.002356886863708496,-9.340312004089355
95939575000,0.0,0.0,-0.0,-2.999112844467163,-0.002356886863708496,-9.340312004089355
95953482000,0.0,0.0,-0.0,-2.999112844467163,-0.002356886863708496,-9.340312004089355
95960331000,0.0,0.0,-0.0,-2.999112844467163,-0.002356886863708496,-9.340312004089355
95967291000,0.0,0.0,-0.0,-2.999112844467163,-0.002356886863708496,-9.340312004089355
95974245000,0.0,0.0,-0.0,-2.999112844467163,-0.002356886863708496,-9.340312004089355
95981160000,0.0,0.0,-0.0,-2.999112844467163,-0.002356886863708496,-9.340312004089355
95995049000,0.0,0.0,-0.0,-2.999112844467163,-0.002356886863708496,-9.340312004089355
96002086000,0.0,0.0,-0.0,-2.999112844467163,-0.002356886863708496,-9.340312004089355
96008978000,0.0,0.0,-0.0,-2.999112844467163,-0.002356886863708496,-9.340312004089355
96015878000,0.0,0.0,-0.0,-2.999112844467163,-0.002356886863708496,-9.340312004089355
96022870000,0.0,0.0,-0.0,-2.999112844467163,-0.002356886863708496,-9.340312004089355
96036750000,0.0,0.0,-0.0,-2.999112844467163,-0.002356886863708496,-9.340312004089355
96043667000,0.0,0.0,-0.0,-2.999112844467163,-0.002356886863708496,-9.340312004089355
96050613000,0.0,0.0,-0.0,-2.999112844467163,-0.002356886863708496,-9.340312004089355
96057627000,0.0,0.0,-0.0,-2.999112844467163,-0.002356886863708496,-9.340312004089355
96071471000,0.0,0.0,-0.0,-2.999112844467163,-0.002356886863708496,-9.340312004089355
96078388000,0.0,0.0,-0.0,-2.999112844467163,-0.002356886863708496,-9.340312004089355
96085577000,0.0,0.0,-0.0,-2.999112844467163,-0.002356886863708496,-9.340312004089355
96092339000,0.0,0.0,-0.0,-2.999112844467163,-0.002356886863708496,-9.340312004089355
96106290000,0.0,0.0,-0.0,-2.999112844467163,-0.002356886863708496,-9.340312004089355
96113177000,0.0,0.0,-0.0,-2.999112844467163,-0.002356886863708496,-9.340312004089355
96120138000,0.0,0.0,-0.0,-2.999112844467163,-0.002356886863708496,-9.340312004089355
96127027000,0.0,0.0,-0.0,-2.999112844467163,-0.002356886863708496,-9.340312004089355
96133936000,0.0,0.0,-0.0,-2.999112844467163,-0.002356886863708496,-9.340312004089355
96147846000,0.0,0.0,-0.0,-2.999112844467163,-0.002356886863708496,-9.340312004089355
96154918000,0.0,0.0,-0.0,-2.999112844467163,-0.002356886863708496,-9.340312004089355
96161736000,0.0,0.0,-0.0,-2.999112844467163,-0.002356886863708496,-9.340312004089355
96168734000,0.0,0.0,-0.0,-2.999112844467163,-0.002356886863708496,-9.340312004089355
96175624000,0.0,0.0,-0.0,-2.999112844467163,-0.002356886863708496,-9.340312004089355
96189562000,0.0,0.0,-0.0,-2.999112844467163,-0.002356886863708496,-9.340312004089355
96196446000,0.0,0.0,-0.0,-2.999112844467163,-0.002356886863708496,-9.340312004089355
96203475000,0.0,0.0,-0.0,-2.999112844467163,-0.002356886863708496,-9.340312004089355
96210374000,0.0,0.0,-0.0,-2.999112844467163,-0.002356886863708496,-9.340312004089355
96224282000,0.0,0.0,-0.0,-2.999112844467163,-0.002356886863708496,-9.340312004089355
96231171000,0.0,0.0,-0.0,-2.999112844467163,-0.002356886863708496,-9.340312004089355
96238177000,0.0,0.0,-0.0,-2.999112844467163,-0.002356886863708496,-9.340312004089355
96245099000,0.0,0.0,-0.0,-2.999112844467163,-0.002356886863708496,-9.340312004089355
96252150000,0.0,0.0,-0.0,-2.999112844467163,-0.002356886863708496,-9.340312004089355
96265889000,0.0,0.0,-0.0,-2.999112844467163,-0.002356886863708496,-9.340312004089355
96272875000,0.0,0.0,-0.0,-2.999112844467163,-0.002356886863708496,-9.340312004089355
96279835000,0.0,0.0,-0.0,-2.999112844467163,-0.002356886863708496,-9.340312004089355
96286761000,0.0,0.0,-0.0,-2.999112844467163,-0.002356886863708496,-9.340312004089355
96300684000,0.0,0.0,-0.0,-2.999112844467163,-0.002356886863708496,-9.340312004089355
96307623000,0.0,0.0,-0.0,-2.999112844467163,-0.002356886863708496,-9.340312004089355
96314548000,0.0,0.0,-0.0,-2.999112844467163,-0.002356886863708496,-9.340312004089355
96321534000,0.0,0.0,-0.0,-2.999112844467163,-0.002356886863708496,-9.340312004089355
96328475000,0.0,0.0,-0.0,-2.999112844467163,-0.002356886863708496,-9.340312004089355
96342344000,0.0,0.0,-0.0,-2.999112844467163,-0.002356886863708496,-9.340312004089355
96349291000,0.0,0.0,-0.0,-2.999112844467163,-0.002356886863708496,-9.340312004089355
96356328000,0.0,0.0,-0.0,-2.999112844467163,-0.002356886863708496,-9.340312004089355
96363168000,0.0,0.0,-0.0,-2.999112844467163,-0.002356886863708496,-9.340312004089355
96370153000,0.0,0.0,-0.0,-2.999112844467163,-0.002356886863708496,-9.340312004089355
96383997000,0.0,0.0,-0.0,-2.999112844467163,-0.002356886863708496,-9.340312004089355
96391013000,0.0,0.0,-0.0,-2.999112844467163,-0.002356886863708496,-9.340312004089355
96397885000,0.0,0.0,-0.0,-2.999112844467163,-0.002356886863708496,-9.340312004089355
96404874000,0.0,0.0,-0.0,-2.999112844467163,-0.002356886863708496,-9.340312004089355
96418785000,0.0,0.0,-0.0,-2.999112844467163,-0.002356886863708496,-9.340312004089355
96425837000,0.0,0.0,-0.0,-2.999112844467163,-0.002356886863708496,-9.340312004089355
96432611000,0.0,0.0,-0.0,-2.999112844467163,-0.002356886863708496,-9.340312004089355
96439619000,0.0,0.0,-0.0,-2.999112844467163,-0.002356886863708496,-9.340312004089355
96446541000,0.0,0.0,-0.0,-2.999112844467163,-0.002356886863708496,-9.340312004089355
96460455000,0.0,0.0,-0.0,-2.999112844467163,-0.002356886863708496,-9.340312004089355
96467418000,0.0,0.0,-0.0,-2.999112844467163,-0.002356886863708496,-9.340312004089355
96474316000,0.0,0.0,-0.0,-2.999112844467163,-0.002356886863708496,-9.340312004089355
96481236000,0.0,0.0,-0.0,-2.999112844467163,-0.002356886863708496,-9.340312004089355
96488264000,0.0,0.0,-0.0,-2.999112844467163,-0.002356886863708496,-9.340312004089355
96502136000,0.0,0.0,-0.0,-2.999112844467163,-0.002356886863708496,-9.340312004089355
96509030000,0.0,0.0,-0.0,-2.999112844467163,-0.002356886863708496,-9.340312004089355
96515941000,0.0,0.0,-0.0,-2.999112844467163,-0.002356886863708496,-9.340312004089355
96523041000,0.0,0.0,-0.0,-2.999112844467163,-0.002356886863708496,-9.340312004089355
96529939000,0.0,0.0,-0.0,-2.999112844467163,-0.002356886863708496,-9.340312004089355
96543830000,0.0,0.0,-0.0,-2.999112844467163,-0.002356886863708496,-9.340312004089355
96550767000,0.0,0.0,-0.0,-2.999112844467163,-0.002356886863708496,-9.340312004089355
96557770000,0.0,0.0,-0.0,-2.999112844467163,-0.002356886863708496,-9.340312004089355
96564658000,0.0,0.0,-0.0,-2.999112844467163,-0.002356886863708496,-9.340312004089355
96571673000,0.0,0.0,-0.0,-2.999112844467163,-0.002356886863708496,-9.340312004089355
96585528000,0.0,0.0,-0.0,-2.999112844467163,-0.002356886863708496,-9.340312004089355
96592492000,0.0,0.0,-0.0,-2.999112844467163,-0.002356886863708496,-9.340312004089355
96599427000,0.0,0.0,-0.0,-2.999112844467163,-0.002356886863708496,-9.340312004089355
96606383000,0.0,0.0,-0.0,-2.999112844467163,-0.002356886863708496,-9.340312004089355
96620239000,0.0,0.0,-0.0,-2.999112844467163,-0.002356886863708496,-9.340312004089355
96627189000,0.0,0.0,-0.0,-2.999112844467163,-0.002356886863708496,-9.340312004089355
96634102000,0.0,0.0,-0.0,-2.999112844467163,-0.002356886863708496,-9.340312004089355
96641140000,0.0,0.0,-0.0,-2.999112844467163,-0.002356886863708496,-9.340312004089355
96655038000,0.0,0.0,-0.0,-2.999112844467163,-0.002356886863708496,-9.340312004089355
96661926000,0.0,0.0,-0.0,-2.999112844467163,-0.002356886863708496,-9.340312004089355
96668884000,0.0,0.0,-0.0,-2.999112844467163,-0.002356886863708496,-9.340312004089355
96675826000,0.0,0.0,-0.0,-2.999112844467163,-0.002356886863708496,-9.340312004089355
96682737000,0.0,0.0,-0.0,-2.999112844467163,-0.002356886863708496,-9.340312004089355
96696646000,0.0,0.0,-0.0,-2.999112844467163,-0.002356886863708496,-9.340312004089355
96703622000,0.0,0.0,-0.0,-2.999112844467163,-0.002356886863708496,-9.340312004089355
96710501000,0.0,0.0,-0.0,-2.999112844467163,-0.002356886863708496,-9.340312004089355
96717469000,0.0,0.0,-0.0,-2.999112844467163,-0.002356886863708496,-9.340312004089355
96731380000,0.0,0.0,-0.0,-2.999112844467163,-0.002356886863708496,-9.340312004089355
96738299000,0.0,0.0,-0.0,-2.999112844467163,-0.002356886863708496,-9.340312004089355
96745232000,0.0,0.0,-0.0,-2.999112844467163,-0.002356886863708496,-9.340312004089355
96752183000,0.0,0.0,-0.0,-2.999112844467163,-0.002356886863708496,-9.340312004089355
96759157000,0.0,0.0,-0.0,-2.999112844467163,-0.002356886863708496,-9.340312004089355
96773065000,0.0,0.0,-0.0,-2.999112844467163,-0.002356886863708496,-9.340312004089355
96779941000,0.0,0.0,-0.0,-2.999112844467163,-0.002356886863708496,-9.340312004089355
96786941000,0.0,0.0,-0.0,-2.999112844467163,-0.002356886863708496,-9.340312004089355
96793858000,0.0,0.0,-0.0,-2.999112844467163,-0.002356886863708496,-9.340312004089355
96807746000,0.0,0.0,-0.0,-2.999112844467163,-0.002356886863708496,-9.340312004089355
96814663000,0.0,0.0,-0.0,-2.999112844467163,-0.002356886863708496,-9.340312004089355
96821635000,0.0,0.0,-0.0,-2.999112844467163,-0.002356886863708496,-9.340312004089355
96828607000,0.0,0.0,-0.0,-2.999112844467163,-0.002356886863708496,-9.340312004089355
96835498000,0.0,0.0,-0.0,-2.999112844467163,-0.002356886863708496,-9.340312004089355
96849388000,0.0,0.0,-0.0,-2.999112844467163,-0.002356886863708496,-9.340312004089355
96856384000,0.0,0.0,-0.0,-2.999112844467163,-0.002356886863708496,-9.340312004089355
96863297000,0.0,0.0,-0.0,-2.999112844467163,-0.002356886863708496,-9.340312004089355
96870269000,0.0,0.0,-0.0,-2.999112844467163,-0.002356886863708496,-9.340312004089355
96884107000,0.0,0.0,-0.0,-2.999112844467163,-0.002356886863708496,-9.340312004089355
96891263000,0.0,0.0,-0.0,-2.999112844467163,-0.002356886863708496,-9.340312004089355
96898024000,0.0,0.0,-0.0,-2.999112844467163,-0.002356886863708496,-9.340312004089355
96904985000,0.0,0.0,-0.0,-2.999112844467163,-0.002356886863708496,-9.340312004089355
96911887000,0.0,0.0,-0.0,-2.999112844467163,-0.002356886863708496,-9.340312004089355
96925831000,0.0,0.0,-0.0,-2.999112844467163,-0.002356886863708496,-9.340312004089355
96932800000,0.0,0.0,-0.0,-2.999112844467163,-0.002356886863708496,-9.340312004089355
96939741000,0.0,0.0,-0.0,-2.999112844467163,-0.002356886863708496,-9.340312004089355
96946686000,0.0,0.0,-0.0,-2.999112844467163,-0.002356886863708496,-9.340312004089355
96960533000,0.0,0.0,-0.0,-2.999112844467163,-0.002356886863708496,-9.340312004089355
96967502000,0.0,0.0,-0.0,-2.999112844467163,-0.002356886863708496,-9.340312004089355
96974452000,0.0,0.0,-0.0,-2.999112844467163,-0.002356886863708496,-9.340312004089355
96981374000,0.0,0.0,-0.0,-2.999112844467163,-0.002356886863708496,-9.340312004089355
96995248000,0.0,0.0,-0.0,-2.999112844467163,-0.002356886863708496,-9.340312004089355
97002188000,0.0,0.0,-0.0,-2.999112844467163,-0.002356886863708496,-9.340312004089355
97009210000,0.0,0.0,-0.0,-2.999112844467163,-0.002356886863708496,-9.340312004089355
97016115000,0.0,0.0,-0.0,-2.999112844467163,-0.002356886863708496,-9.340312004089355
97023279000,0.0,0.0,-0.0,-2.999112844467163,-0.002356886863708496,-9.340312004089355
97037073000,0.0,0.0,-0.0,-2.999112844467163,-0.002356886863708496,-9.340312004089355
97043895000,0.0,0.0,-0.0,-2.999112844467163,-0.002356886863708496,-9.340312004089355
97050818000,0.0,0.0,-0.0,-2.999112844467163,-0.002356886863708496,-9.340312004089355
97057879000,0.0,0.0,-0.0,-2.999112844467163,-0.002356886863708496,-9.340312004089355
97071792000,0.0,0.0,-0.0,-2.999112844467163,-0.002356886863708496,-9.340312004089355
97078673000,0.0,0.0,-0.0,-2.999112844467163,-0.002356886863708496,-9.340312004089355
97085614000,0.0,0.0,-0.0,-2.999112844467163,-0.002356886863708496,-9.340312004089355
97092790000,0.0,0.0,-0.0,-2.999112844467163,-0.002356886863708496,-9.340312004089355
97099672000,0.0,0.0,-0.0,-2.999112844467163,-0.002356886863708496,-9.340312004089355
97113530000,0.0,0.0,-0.0,-2.999112844467163,-0.002356886863708496,-9.340312004089355
97120534000,0.0,0.0,-0.0,-2.999112844467163,-0.002356886863708496,-9.340312004089355
97127419000,0.0,0.0,-0.0,-2.999112844467163,-0.002356886863708496,-9.340312004089355
97134365000,0.0,0.0,-0.0,-2.999112844467163,-0.002356886863708496,-9.340312004089355
97148256000,0.0,0.0,-0.0,-2.999112844467163,-0.002356886863708496,-9.340312004089355
97155224000,0.0,0.0,-0.0,-2.999112844467163,-0.002356886863708496,-9.340312004089355
97162151000,0.0,0.0,-0.0,-2.999112844467163,-0.002356886863708496,-9.340312004089355
97169083000,0.0,0.0,-0.0,-2.999112844467163,-0.002356886863708496,-9.340312004089355
97183003000,0.0,0.0,-0.0,-2.999112844467163,-0.002356886863708496,-9.340312004089355
97190012000,0.0,0.0,-0.0,-2.999112844467163,-0.002356886863708496,-9.340312004089355
97196874000,0.0,0.0,-0.0,-2.999112844467163,-0.002356886863708496,-9.340312004089355
97203900000,0.0,0.0,-0.0,-2.999112844467163,-0.002356886863708496,-9.340312004089355
97210868000,0.0,0.0,-0.0,-2.999112844467163,-0.002356886863708496,-9.340312004089355
97224706000,0.0,0.0,-0.0,-2.999112844467163,-0.002356886863708496,-9.340312004089355
97231646000,0.0,0.0,-0.0,-2.999112844467163,-0.002356886863708496,-9.340312004089355
97238602000,0.0,0.0,-0.0,-2.999112844467163,-0.002356886863708496,-9.340312004089355
97245497000,0.0,0.0,-0.0,-2.999112844467163,-0.002356886863708496,-9.340312004089355
97259431000,0.0,0.0,-0.0,-2.999112844467163,-0.002356886863708496,-9.340312004089355
97266325000,0.0,0.0,-0.0,-2.999112844467163,-0.002356886863708496,-9.340312004089355
97273415000,0.0,0.0,-0.0,-2.999112844467163,-0.002356886863708496,-9.340312004089355
97280272000,0.0,0.0,-0.0,-2.999112844467163,-0.002356886863708496,-9.340312004089355
97287314000,0.0,0.0,-0.0,-2.999112844467163,-0.002356886863708496,-9.340312004089355
97301102000,0.0,0.0,-0.0,-2.999112844467163,-0.002356886863708496,-9.340312004089355
97308180000,0.0,0.0,-0.0,-2.999112844467163,-0.002356886863708496,-9.340312004089355
97315052000,0.0,0.0,-0.0,-2.999112844467163,-0.002356886863708496,-9.340312004089355
97322033000,0.0,0.0,-0.0,-2.999112844467163,-0.002356886863708496,-9.340312004089355
97335856000,0.0,0.0,-0.0,-2.999112844467163,-0.002356886863708496,-9.340312004089355
97342874000,0.0,0.0,-0.0,-2.999112844467163,-0.002356886863708496,-9.340312004089355
97349756000,0.0,0.0,-0.0,-2.999112844467163,-0.002356886863708496,-9.340312004089355
97356749000,0.0,0.0,-0.0,-2.999112844467163,-0.002356886863708496,-9.340312004089355
97363658000,0.0,0.0,-0.0,-2.999112844467163,-0.002356886863708496,-9.340312004089355
97370662000,0.0,0.0,-0.0,-2.999112844467163,-0.002356886863708496,-9.340312004089355
97384491000,0.0,0.0,-0.0,-2.999112844467163,-0.002356886863708496,-9.340312004089355
97391468000,0.0,0.0,-0.0,-2.999112844467163,-0.002356886863708496,-9.340312004089355
97398374000,0.0,0.0,-0.0,-2.999112844467163,-0.002356886863708496,-9.340312004089355
97405339000,0.0,0.0,-0.0,-2.999112844467163,-0.002356886863708496,-9.340312004089355
97419207000,0.0,0.0,-0.0,-2.999112844467163,-0.002356886863708496,-9.340312004089355
97426364000,0.0,0.0,-0.0,-2.999112844467163,-0.002356886863708496,-9.340312004089355
97433092000,0.0,0.0,-0.0,-2.999112844467163,-0.002356886863708496,-9.340312004089355
97440083000,0.0,0.0,-0.0,-2.999112844467163,-0.002356886863708496,-9.340312004089355
97447051000,0.0,0.0,-0.0,-2.999112844467163,-0.002356886863708496,-9.340312004089355
97460907000,0.0,0.0,-0.0,-2.999112844467163,-0.002356886863708496,-9.340312004089355
97467826000,0.0,0.0,-0.0,-2.999112844467163,-0.002356886863708496,-9.340312004089355
97474798000,0.0,0.0,-0.0,-2.999112844467163,-0.002356886863708496,-9.340312004089355
97481706000,0.0,0.0,-0.0,-2.999112844467163,-0.002356886863708496,-9.340312004089355
97495638000,0.0,0.0,-0.0,-2.999112844467163,-0.002356886863708496,-9.340312004089355
97502565000,0.0,0.0,-0.0,-2.999112844467163,-0.002356886863708496,-9.340312004089355
97509576000,0.0,0.0,-0.0,-2.999112844467163,-0.002356886863708496,-9.340312004089355
97516454000,0.0,0.0,-0.0,-2.999112844467163,-0.002356886863708496,-9.340312004089355
97530354000,0.0,0.0,-0.0,-2.999112844467163,-0.002356886863708496,-9.340312004089355
97537408000,0.0,0.0,-0.0,-2.999112844467163,-0.002356886863708496,-9.340312004089355
97544225000,0.0,0.0,-0.0,-2.999112844467163,-0.002356886863708496,-9.340312004089355
97551182000,0.0,0.0,-0.0,-2.999112844467163,-0.002356886863708496,-9.340312004089355
97558191000,0.0,0.0,-0.0,-2.999112844467163,-0.002356886863708496,-9.340312004089355
97572060000,0.0,0.0,-0.0,-2.999112844467163,-0.002356886863708496,-9.340312004089355
97578997000,0.0,0.0,-0.0,-2.999112844467163,-0.002356886863708496,-9.340312004089355
97585880000,0.0,0.0,-0.0,-2.999112844467163,-0.002356886863708496,-9.340312004089355
97592875000,0.0,0.0,-0.0,-2.999112844467163,-0.002356886863708496,-9.340312004089355
97606761000,0.0,0.0,-0.0,-2.999112844467163,-0.002356886863708496,-9.340312004089355
97613668000,0.0,0.0,-0.0,-2.999112844467163,-0.002356886863708496,-9.340312004089355
97620813000,0.0,0.0,-0.0,-2.999112844467163,-0.002356886863708496,-9.340312004089355
97627570000,0.0,0.0,-0.0,-2.999112844467163,-0.002356886863708496,-9.340312004089355
97634501000,0.0,0.0,-0.0,-2.999112844467163,-0.002356886863708496,-9.340312004089355
97648385000,0.0,0.0,-0.0,-2.999112844467163,-0.002356886863708496,-9.340312004089355
97655363000,0.0,0.0,-0.0,-2.999112844467163,-0.002356886863708496,-9.340312004089355
97662321000,0.0,0.0,-0.0,-2.999112844467163,-0.002356886863708496,-9.340312004089355
97669220000,0.0,0.0,-0.0,-2.999112844467163,-0.002356886863708496,-9.340312004089355
97683137000,0.0,0.0,-0.0,-2.999112844467163,-0.002356886863708496,-9.340312004089355
97690155000,0.0,0.0,-0.0,-2.999112844467163,-0.002356886863708496,-9.340312004089355
97697032000,0.0,0.0,-0.0,-2.999112844467163,-0.002356886863708496,-9.340312004089355
97704006000,0.0,0.0,-0.0,-2.999112844467163,-0.002356886863708496,-9.340312004089355
97717852000,0.0,0.0,-0.0,-2.999112844467163,-0.002356886863708496,-9.340312004089355
97724968000,0.0,0.0,-0.0,-2.999112844467163,-0.002356886863708496,-9.340312004089355
97731748000,0.0,0.0,-0.0,-2.999112844467163,-0.002356886863708496,-9.340312004089355
97738719000,0.0,0.0,-0.0,-2.999112844467163,-0.002356886863708496,-9.340312004089355
97752588000,0.0,0.0,-0.0,-2.999112844467163,-0.002356886863708496,-9.340312004089355
97759695000,0.0,0.0,-0.0,-2.999112844467163,-0.002356886863708496,-9.340312004089355
97766439000,0.0,0.0,-0.0,-2.999112844467163,-0.002356886863708496,-9.340312004089355
97773426000,0.0,0.0,-0.0,-2.999112844467163,-0.002356886863708496,-9.340312004089355
97780336000,0.0,0.0,-0.0,-2.999112844467163,-0.002356886863708496,-9.340312004089355
97794266000,0.0,0.0,-0.0,-2.999112844467163,-0.002356886863708496,-9.340312004089355
97801165000,0.0,0.0,-0.0,-2.999112844467163,-0.002356886863708496,-9.340312004089355
97808209000,0.0,0.0,-0.0,-2.999112844467163,-0.002356886863708496,-9.340312004089355
97815118000,0.0,0.0,-0.0,-2.999112844467163,-0.002356886863708496,-9.340312004089355
97828993000,0.0,0.0,-0.0,-2.999112844467163,-0.002356886863708496,-9.340312004089355
97835887000,0.0,0.0,-0.0,-2.999112844467163,-0.002356886863708496,-9.340312004089355
97843055000,0.0,0.0,-0.0,-2.999112844467163,-0.002356886863708496,-9.340312004089355
97849784000,0.0,0.0,-0.0,-2.999112844467163,-0.002356886863708496,-9.340312004089355
97857047000,0.0,0.0,-0.0,-2.999112844467163,-0.002356886863708496,-9.340312004089355
97870862000,0.0,0.0,-0.0,-2.999112844467163,-0.002356886863708496,-9.340312004089355
97877769000,0.0,0.0,-0.0,-2.999112844467163,-0.002356886863708496,-9.340312004089355
97884713000,0.0,0.0,-0.0,-2.999112844467163,-0.002356886863708496,-9.340312004089355
97891494000,0.0,0.0,-0.0,-2.999112844467163,-0.002356886863708496,-9.340312004089355
97905639000,0.0,0.0,-0.0,-2.999112844467163,-0.002356886863708496,-9.340312004089355
97912310000,0.0,0.0,-0.0,-2.999112844467163,-0.002356886863708496,-9.340312004089355
97919443000,0.0,0.0,-0.0,-2.999112844467163,-0.002356886863708496,-9.340312004089355
97926250000,0.0,0.0,-0.0,-2.999112844467163,-0.002356886863708496,-9.340312004089355
97933367000,0.0,0.0,-0.0,-2.999112844467163,-0.002356886863708496,-9.340312004089355
97947275000,0.0,0.0,-0.0,-2.999112844467163,-0.002356886863708496,-9.340312004089355
97954261000,0.0,0.0,-0.0,-2.999112844467163,-0.002356886863708496,-9.340312004089355
97961359000,0.0,0.0,-0.0,-2.999112844467163,-0.002356886863708496,-9.340312004089355
97968100000,0.0,0.0,-0.0,-2.999112844467163,-0.002356886863708496,-9.340312004089355
97981812000,0.0,0.0,-0.0,-2.999112844467163,-0.002356886863708496,-9.340312004089355
97988788000,0.0,0.0,-0.0,-2.999112844467163,-0.002356886863708496,-9.340312004089355
97995694000,0.0,0.0,-0.0,-2.999112844467163,-0.002356886863708496,-9.340312004089355
98002646000,0.0,0.0,-0.0,-2.999112844467163,-0.002356886863708496,-9.340312004089355
98009620000,0.0,0.0,-0.0,-2.999112844467163,-0.002356886863708496,-9.340312004089355
98023512000,0.0,0.0,-0.0,-2.999112844467163,-0.002356886863708496,-9.340312004089355
98030372000,0.0,0.0,-0.0,-2.999112844467163,-0.002356886863708496,-9.340312004089355
98037452000,0.0,0.0,-0.0,-2.999112844467163,-0.002356886863708496,-9.340312004089355
98044337000,0.0,0.0,-0.0,-2.999112844467163,-0.002356886863708496,-9.340312004089355
98051224000,0.0,0.0,-0.0,-2.999112844467163,-0.002356886863708496,-9.340312004089355
98065124000,0.0,0.0,-0.0,-2.999112844467163,-0.002356886863708496,-9.340312004089355
98072251000,0.0,0.0,-0.0,-2.999112844467163,-0.002356886863708496,-9.340312004089355
98079073000,0.0,0.0,-0.0,-2.999112844467163,-0.002356886863708496,-9.340312004089355
98086028000,0.0,0.0,-0.0,-2.999112844467163,-0.002356886863708496,-9.340312004089355
98099886000,0.0,0.0,-0.0,-2.999112844467163,-0.002356886863708496,-9.340312004089355
98106882000,0.0,0.0,-0.0,-2.999112844467163,-0.002356886863708496,-9.340312004089355
98113786000,0.0,0.0,-0.0,-2.999112844467163,-0.002356886863708496,-9.340312004089355
98120821000,0.0,0.0,-0.0,-2.999112844467163,-0.002356886863708496,-9.340312004089355
98127775000,0.0,0.0,-0.0,-2.999112844467163,-0.002356886863708496,-9.340312004089355
98141614000,0.0,0.0,-0.0,-2.999112844467163,-0.002356886863708496,-9.340312004089355
98148523000,0.0,0.0,-0.0,-2.999112844467163,-0.002356886863708496,-9.340312004089355
98155546000,0.0,0.0,-0.0,-2.999112844467163,-0.002356886863708496,-9.340312004089355
98162420000,0.0,0.0,-0.0,-2.999112844467163,-0.002356886863708496,-9.340312004089355
98169326000,0.0,0.0,-0.0,-2.999112844467163,-0.002356886863708496,-9.340312004089355
98183259000,0.0,0.0,-0.0,-2.999112844467163,-0.002356886863708496,-9.340312004089355
98190269000,0.0,0.0,-0.0,-2.999112844467163,-0.002356886863708496,-9.340312004089355
98197220000,0.0,0.0,-0.0,-2.999112844467163,-0.002356886863708496,-9.340312004089355
98204138000,0.0,0.0,-0.0,-2.999112844467163,-0.002356886863708496,-9.340312004089355
98211024000,0.0,0.0,-0.0,-2.999112844467163,-0.002356886863708496,-9.340312004089355
98226209000,0.0,0.0,-0.0,-2.999112844467163,-0.002356886863708496,-9.340312004089355
98232672000,0.0,0.0,-0.0,-2.999112844467163,-0.002356886863708496,-9.340312004089355
98240010000,0.0,0.0,-0.0,-2.999112844467163,-0.002356886863708496,-9.340312004089355
98253672000,0.0,0.0,-0.0,-2.999112844467163,-0.002356886863708496,-9.340312004089355
98260952000,0.0,0.0,-0.0,-2.999112844467163,-0.002356886863708496,-9.340312004089355
98267704000,0.0,0.0,-0.0,-2.999112844467163,-0.002356886863708496,-9.340312004089355
98274680000,0.0,0.0,-0.0,-2.999112844467163,-0.002356886863708496,-9.340312004089355
98288841000,0.0,0.0,-0.0,-2.999112844467163,-0.002356886863708496,-9.340312004089355
98295607000,0.0,0.0,-0.0,-2.999112844467163,-0.002356886863708496,-9.340312004089355
98302767000,0.0,0.0,-0.0,-2.999112844467163,-0.002356886863708496,-9.340312004089355
98309552000,0.0,0.0,-0.0,-2.999112844467163,-0.002356886863708496,-9.340312004089355
98323444000,0.0,0.0,-0.0,-2.999112844467163,-0.002356886863708496,-9.340312004089355
98330342000,0.0,0.0,-0.0,-2.999112844467163,-0.002356886863708496,-9.340312004089355
98337523000,0.0,0.0,-0.0,-2.999112844467163,-0.002356886863708496,-9.340312004089355
98344404000,0.0,0.0,-0.0,-2.999112844467163,-0.002356886863708496,-9.340312004089355
98358289000,0.0,0.0,-0.0,-2.999112844467163,-0.002356886863708496,-9.340312004089355
98365378000,0.0,0.0,-0.0,-2.999112844467163,-0.002356886863708496,-9.340312004089355
98372334000,0.0,0.0,-0.0,-2.999112844467163,-0.002356886863708496,-9.340312004089355
98379213000,0.0,0.0,-0.0,-2.999112844467163,-0.002356886863708496,-9.340312004089355
98386542000,0.0,0.0,-0.0,-2.999112844467163,-0.002356886863708496,-9.340312004089355
98400429000,0.0,0.0,-0.0,-2.999112844467163,-0.002356886863708496,-9.340312004089355
98407344000,0.0,0.0,-0.0,-2.999112844467163,-0.002356886863708496,-9.340312004089355
98414239000,0.0,0.0,-0.0,-2.999112844467163,-0.002356886863708496,-9.340312004089355
98421411000,0.0,0.0,-0.0,-2.999112844467163,-0.002356886863708496,-9.340312004089355
98435072000,0.0,0.0,-0.0,-2.999112844467163,-0.002356886863708496,-9.340312004089355
98442071000,0.0,0.0,-0.0,-2.999112844467163,-0.002356886863708496,-9.340312004089355
98448876000,0.0,0.0,-0.0,-2.999112844467163,-0.002356886863708496,-9.340312004089355
98455927000,0.0,0.0,-0.0,-2.999112844467163,-0.002356886863708496,-9.340312004089355
98462760000,0.0,0.0,-0.0,-2.999112844467163,-0.002356886863708496,-9.340312004089355
98476730000,0.0,0.0,-0.0,-2.999112844467163,-0.002356886863708496,-9.340312004089355
98483584000,0.0,0.0,-0.0,-2.999112844467163,-0.002356886863708496,-9.340312004089355
98490705000,0.0,0.0,-0.0,-2.999112844467163,-0.002356886863708496,-9.340312004089355
98497503000,0.0,0.0,-0.0,-2.999112844467163,-0.002356886863708496,-9.340312004089355
98511408000,0.0,0.0,-0.0,-2.999112844467163,-0.002356886863708496,-9.340312004089355
98518316000,0.0,0.0,-0.0,-2.999112844467163,-0.002356886863708496,-9.340312004089355
98525318000,0.0,0.0,-0.0,-2.999112844467163,-0.002356886863708496,-9.340312004089355
98532218000,0.0,0.0,-0.0,-2.999112844467163,-0.002356886863708496,-9.340312004089355
98539314000,0.0,0.0,-0.0,-2.999112844467163,-0.002356886863708496,-9.340312004089355
98553089000,0.0,0.0,-0.0,-2.999112844467163,-0.002356886863708496,-9.340312004089355
98560067000,0.0,0.0,-0.0,-2.999112844467163,-0.002356886863708496,-9.340312004089355
98566927000,0.0,0.0,-0.0,-2.999112844467163,-0.002356886863708496,-9.340312004089355
98573927000,0.0,0.0,-0.0,-2.999112844467163,-0.002356886863708496,-9.340312004089355
98580865000,0.0,0.0,-0.0,-2.999112844467163,-0.002356886863708496,-9.340312004089355
98587894000,0.0,0.0,-0.0,-2.999112844467163,-0.002356886863708496,-9.340312004089355
98601721000,0.0,0.0,-0.0,-2.999112844467163,-0.002356886863708496,-9.340312004089355
98608725000,0.0,0.0,-0.0,-2.999112844467163,-0.002356886863708496,-9.340312004089355
98615617000,0.0,0.0,-0.0,-2.999112844467163,-0.002356886863708496,-9.340312004089355
98622659000,0.0,0.0,-0.0,-2.999112844467163,-0.002356886863708496,-9.340312004089355
98636479000,0.0,0.0,-0.0,-2.999112844467163,-0.002356886863708496,-9.340312004089355
98643473000,0.0,0.0,-0.0,-2.999112844467163,-0.002356886863708496,-9.340312004089355
98650306000,0.0,0.0,-0.0,-2.999112844467163,-0.002356886863708496,-9.340312004089355
98657539000,0.0,0.0,-0.0,-2.999112844467163,-0.002356886863708496,-9.340312004089355
98671239000,0.0,0.0,-0.0,-2.999112844467163,-0.002356886863708496,-9.340312004089355
98678186000,0.0,0.0,-0.0,-2.999112844467163,-0.002356886863708496,-9.340312004089355
98685100000,0.0,0.0,-0.0,-2.999112844467163,-0.002356886863708496,-9.340312004089355
98692050000,0.0,0.0,-0.0,-2.999112844467163,-0.002356886863708496,-9.340312004089355
98698989000,0.0,0.0,-0.0,-2.999112844467163,-0.002356886863708496,-9.340312004089355
98712909000,0.0,0.0,-0.0,-2.999112844467163,-0.002356886863708496,-9.340312004089355
98719795000,0.0,0.0,-0.0,-2.999112844467163,-0.002356886863708496,-9.340312004089355
98726864000,0.0,0.0,-0.0,-2.999112844467163,-0.002356886863708496,-9.340312004089355
98733675000,0.0,0.0,-0.0,-2.999112844467163,-0.002356886863708496,-9.340312004089355
98740708000,0.0,0.0,-0.0,-2.999112844467163,-0.002356886863708496,-9.340312004089355
98754540000,0.0,0.0,-0.0,-2.999112844467163,-0.002356886863708496,-9.340312004089355
98761413000,0.0,0.0,-0.0,-2.999112844467163,-0.002356886863708496,-9.340312004089355
98768348000,0.0,0.0,-0.0,-2.999112844467163,-0.002356886863708496,-9.340312004089355
98775324000,0.0,0.0,-0.0,-2.999112844467163,-0.002356886863708496,-9.340312004089355
98782238000,0.0,0.0,-0.0,-2.999112844467163,-0.002356886863708496,-9.340312004089355
98796126000,0.0,0.0,-0.0,-2.999112844467163,-0.002356886863708496,-9.340312004089355
98803062000,0.0,0.0,-0.0,-2.999112844467163,-0.002356886863708496,-9.340312004089355
98810047000,0.0,0.0,-0.0,-2.999112844467163,-0.002356886863708496,-9.340312004089355
98817002000,0.0,0.0,-0.0,-2.999112844467163,-0.002356886863708496,-9.340312004089355
98830887000,0.0,0.0,-0.0,-2.999112844467163,-0.002356886863708496,-9.340312004089355
98837848000,0.0,0.0,-0.0,-2.999112844467163,-0.002356886863708496,-9.340312004089355
98844752000,0.0,0.0,-0.0,-2.999112844467163,-0.002356886863708496,-9.340312004089355
98851672000,0.0,0.0,-0.0,-2.999112844467163,-0.002356886863708496,-9.340312004089355
98865632000,0.0,0.0,-0.0,-2.999112844467163,-0.002356886863708496,-9.340312004089355
98872575000,0.0,0.0,-0.0,-2.999112844467163,-0.002356886863708496,-9.340312004089355
98879456000,0.0,0.0,-0.0,-2.999112844467163,-0.002356886863708496,-9.340312004089355
98886503000,0.0,0.0,-0.0,-2.999112844467163,-0.002356886863708496,-9.340312004089355
98900315000,0.0,0.0,-0.0,-2.999112844467163,-0.002356886863708496,-9.340312004089355
98907254000,0.0,0.0,-0.0,-2.999112844467163,-0.002356886863708496,-9.340312004089355
98914235000,0.0,0.0,-0.0,-2.999112844467163,-0.002356886863708496,-9.340312004089355
98921212000,0.0,0.0,-0.0,-2.999112844467163,-0.002356886863708496,-9.340312004089355
98928097000,0.0,0.0,-0.0,-2.999112844467163,-0.002356886863708496,-9.340312004089355
98941996000,0.0,0.0,-0.0,-2.999112844467163,-0.002356886863708496,-9.340312004089355
98948910000,0.0,0.0,-0.0,-2.999112844467163,-0.002356886863708496,-9.340312004089355
98955910000,0.0,0.0,-0.0,-2.999112844467163,-0.002356886863708496,-9.340312004089355
98962795000,0.0,0.0,-0.0,-2.999112844467163,-0.002356886863708496,-9.340312004089355
98969725000,0.0,0.0,-0.0,-2.999112844467163,-0.002356886863708496,-9.340312004089355
98983645000,0.0,0.0,-0.0,-2.999112844467163,-0.002356886863708496,-9.340312004089355
98990621000,0.0,0.0,-0.0,-2.999112844467163,-0.002356886863708496,-9.340312004089355
98997547000,0.0,0.0,-0.0,-2.999112844467163,-0.002356886863708496,-9.340312004089355
99004453000,0.0,0.0,-0.0,-2.999112844467163,-0.002356886863708496,-9.340312004089355
99018358000,0.0,0.0,-0.0,-2.999112844467163,-0.002356886863708496,-9.340312004089355
99025406000,0.0,0.0,-0.0,-2.999112844467163,-0.002356886863708496,-9.340312004089355
99032235000,0.0,0.0,-0.0,-2.999112844467163,-0.002356886863708496,-9.340312004089355
99039357000,0.0,0.0,-0.0,-2.999112844467163,-0.002356886863708496,-9.340312004089355
99053160000,0.0,0.0,-0.0,-2.999112844467163,-0.002356886863708496,-9.340312004089355
99060134000,0.0,0.0,-0.0,-2.999112844467163,-0.002356886863708496,-9.340312004089355
99067060000,0.0,0.0,-0.0,-2.999112844467163,-0.002356886863708496,-9.340312004089355
99074106000,0.0,0.0,-0.0,-2.999112844467163,-0.002356886863708496,-9.340312004089355
99080971000,0.0,0.0,-0.0,-2.999112844467163,-0.002356886863708496,-9.340312004089355
99095015000,0.0,0.0,-0.0,-2.999112844467163,-0.002356886863708496,-9.340312004089355
99101973000,0.0,0.0,-0.0,-2.999112844467163,-0.002356886863708496,-9.340312004089355
99108877000,0.0,0.0,-0.0,-2.999112844467163,-0.002356886863708496,-9.340312004089355
99115797000,0.0,0.0,-0.0,-2.999112844467163,-0.002356886863708496,-9.340312004089355
99129669000,0.0,0.0,-0.0,-2.999112844467163,-0.002356886863708496,-9.340312004089355
99136588000,0.0,0.0,-0.0,-2.999112844467163,-0.002356886863708496,-9.340312004089355
99143616000,0.0,0.0,-0.0,-2.999112844467163,-0.002356886863708496,-9.340312004089355
99150444000,0.0,0.0,-0.0,-2.999112844467163,-0.002356886863708496,-9.340312004089355
99157487000,0.0,0.0,-0.0,-2.999112844467163,-0.002356886863708496,-9.340312004089355
99171426000,0.0,0.0,-0.0,-2.999112844467163,-0.002356886863708496,-9.340312004089355
99178300000,0.0,0.0,-0.0,-2.999112844467163,-0.002356886863708496,-9.340312004089355
99185191000,0.0,0.0,-0.0,-2.999112844467163,-0.002356886863708496,-9.340312004089355
99192293000,0.0,0.0,-0.0,-2.999112844467163,-0.002356886863708496,-9.340312004089355
99206157000,0.0,0.0,-0.0,-2.999112844467163,-0.002356886863708496,-9.340312004089355
99213442000,0.0,0.0,-0.0,-2.999112844467163,-0.002356886863708496,-9.340312004089355
99219974000,0.0,0.0,-0.0,-2.999112844467163,-0.002356886863708496,-9.340312004089355
99219974000,0.0,0.0,-0.0,-2.999112844467163,-0.002356886863708496,-9.340312004089355
99219974000,0.0,0.0,-0.0,-2.999112844467163,-0.002356886863708496,-9.340312004089355
99219974000,0.0,0.0,-0.0,-2.999112844467163,-0.002356886863708496,-9.340312004089355
99219974000,0.0,0.0,-0.0,-2.999112844467163,-0.002356886863708496,-9.340312004089355
99219974000,0.0,0.0,-0.0,-2.999112844467163,-0.002356886863708496,-9.340312004089355
99219974000,0.0,0.0,-0.0,-2.999112844467163,-0.002356886863708496,-9.340312004089355
99276234000,0.0,0.0,-0.0,-2.999112844467163,-0.002356886863708496,-9.340312004089355
99276234000,0.0,0.0,-0.0,-2.999112844467163,-0.002356886863708496,-9.340312004089355
99276234000,0.0,0.0,-0.0,-2.999112844467163,-0.002356886863708496,-9.340312004089355
99276234000,0.0,0.0,-0.0,-2.999112844467163,-0.002356886863708496,-9.340312004089355
99310264000,0.0,0.0,-0.0,-2.999112844467163,-0.002356886863708496,-9.340312004089355
99310264000,0.0,0.0,-0.0,-2.999112844467163,-0.002356886863708496,-9.340312004089355
99333041000,0.0,0.0,-0.0,-2.999112844467163,-0.002356886863708496,-9.340312004089355
99340036000,0.0,0.0,-0.0,-2.999112844467163,-0.002356886863708496,-9.340312004089355
99346895000,0.0,0.0,-0.0,-2.999112844467163,-0.002356886863708496,-9.340312004089355
99353873000,0.0,0.0,-0.0,-2.999112844467163,-0.002356886863708496,-9.340312004089355
99367764000,0.0,0.0,-0.0,-2.999112844467163,-0.002356886863708496,-9.340312004089355
99374768000,0.0,0.0,-0.0,-2.999112844467163,-0.002356886863708496,-9.340312004089355
99381607000,0.0,0.0,-0.0,-2.999112844467163,-0.002356886863708496,-9.340312004089355
99388593000,0.0,0.0,-0.0,-2.999112844467163,-0.002356886863708496,-9.340312004089355
99402470000,0.0,0.0,-0.0,-2.999112844467163,-0.002356886863708496,-9.340312004089355
99409430000,0.0,0.0,-0.0,-2.999112844467163,-0.002356886863708496,-9.340312004089355
99416346000,0.0,0.0,-0.0,-2.999112844467163,-0.002356886863708496,-9.340312004089355
99423339000,0.0,0.0,-0.0,-2.999112844467163,-0.002356886863708496,-9.340312004089355
99437155000,0.0,0.0,-0.0,-2.999112844467163,-0.002356886863708496,-9.340312004089355
99444190000,0.0,0.0,-0.0,-2.999112844467163,-0.002356886863708496,-9.340312004089355
99451079000,0.0,0.0,-0.0,-2.999112844467163,-0.002356886863708496,-9.340312004089355
99458053000,0.0,0.0,-0.0,-2.999112844467163,-0.002356886863708496,-9.340312004089355
99465000000,0.0,0.0,-0.0,-2.999112844467163,-0.002356886863708496,-9.340312004089355
99471928000,0.0,0.0,-0.0,-2.999112844467163,-0.002356886863708496,-9.340312004089355
99485759000,0.0,0.0,-0.0,-2.999112844467163,-0.002356886863708496,-9.340312004089355
99492745000,0.0,0.0,-0.0,-2.999112844467163,-0.002356886863708496,-9.340312004089355
99499670000,0.0,0.0,-0.0,-2.999112844467163,-0.002356886863708496,-9.340312004089355
99506741000,0.0,0.0,-0.0,-2.999112844467163,-0.002356886863708496,-9.340312004089355
99520537000,0.0,0.0,-0.0,-2.999112844467163,-0.002356886863708496,-9.340312004089355
99527545000,0.0,0.0,-0.0,-2.999112844467163,-0.002356886863708496,-9.340312004089355
99534385000,0.0,0.0,-0.0,-2.999112844467163,-0.002356886863708496,-9.340312004089355
99541423000,0.0,0.0,-0.0,-2.999112844467163,-0.002356886863708496,-9.340312004089355
99555273000,0.0,0.0,-0.0,-2.999112844467163,-0.002356886863708496,-9.340312004089355
99562217000,0.0,0.0,-0.0,-2.999112844467163,-0.002356886863708496,-9.340312004089355
99569139000,0.0,0.0,-0.0,-2.999112844467163,-0.002356886863708496,-9.340312004089355
99576132000,0.0,0.0,-0.0,-2.999112844467163,-0.002356886863708496,-9.340312004089355
99583054000,0.0,0.0,-0.0,-2.999112844467163,-0.002356886863708496,-9.340312004089355
99596897000,0.0,0.0,-0.0,-2.999112844467163,-0.002356886863708496,-9.340312004089355
99603855000,0.0,0.0,-0.0,-2.999112844467163,-0.002356886863708496,-9.340312004089355
99610822000,0.0,0.0,-0.0,-2.999112844467163,-0.002356886863708496,-9.340312004089355
99617731000,0.0,0.0,-0.0,-2.999112844467163,-0.002356886863708496,-9.340312004089355
99631611000,0.0,0.0,-0.0,-2.999112844467163,-0.002356886863708496,-9.340312004089355
99638603000,0.0,0.0,-0.0,-2.999112844467163,-0.002356886863708496,-9.340312004089355
99645541000,0.0,0.0,-0.0,-2.999112844467163,-0.002356886863708496,-9.340312004089355
99652450000,0.0,0.0,-0.0,-2.999112844467163,-0.002356886863708496,-9.340312004089355
99666359000,0.0,0.0,-0.0,-2.999112844467163,-0.002356886863708496,-9.340312004089355
99673360000,0.0,0.0,-0.0,-2.999112844467163,-0.002356886863708496,-9.340312004089355
99680229000,0.0,0.0,-0.0,-2.999112844467163,-0.002356886863708496,-9.340312004089355
99687185000,0.0,0.0,-0.0,-2.999112844467163,-0.002356886863708496,-9.340312004089355
99694146000,0.0,0.0,-0.0,-2.999112844467163,-0.002356886863708496,-9.340312004089355
99708127000,0.0,0.0,-0.0,-2.999112844467163,-0.002356886863708496,-9.340312004089355
99714954000,0.0,0.0,-0.0,-2.999112844467163,-0.002356886863708496,-9.340312004089355
99721898000,0.0,0.0,-0.0,-2.999112844467163,-0.002356886863708496,-9.340312004089355
99729140000,0.0,0.0,-0.0,-2.999112844467163,-0.002356886863708496,-9.340312004089355
99742865000,0.0,0.0,-0.0,-2.999112844467163,-0.002356886863708496,-9.340312004089355
99749811000,0.0,0.0,-0.0,-2.999112844467163,-0.002356886863708496,-9.340312004089355
99756801000,0.0,0.0,-0.0,-2.999112844467163,-0.002356886863708496,-9.340312004089355
99763858000,0.0,0.0,-0.0,-2.999112844467163,-0.002356886863708496,-9.340312004089355
99770618000,0.0,0.0,-0.0,-2.999112844467163,-0.002356886863708496,-9.340312004089355
99784654000,0.0,0.0,-0.0,-2.999112844467163,-0.002356886863708496,-9.340312004089355
99791525000,0.0,0.0,-0.0,-2.999112844467163,-0.002356886863708496,-9.340312004089355
99798585000,0.0,0.0,-0.0,-2.999112844467163,-0.002356886863708496,-9.340312004089355
99805584000,0.0,0.0,-0.0,-2.999112844467163,-0.002356886863708496,-9.340312004089355
99812522000,0.0,0.0,-0.0,-2.999112844467163,-0.002356886863708496,-9.340312004089355
99826456000,0.0,0.0,-0.0,-2.999112844467163,-0.002356886863708496,-9.340312004089355
99833291000,0.0,0.0,-0.0,-2.999112844467163,-0.002356886863708496,-9.340312004089355
99840351000,0.0,0.0,-0.0,-2.999112844467163,-0.002356886863708496,-9.340312004089355
99847022000,0.0,0.0,-0.0,-2.999112844467163,-0.002356886863708496,-9.340312004089355
99854130000,0.0,0.0,-0.0,-2.999112844467163,-0.002356886863708496,-9.340312004089355
99868023000,0.0,0.0,-0.0,-2.999112844467163,-0.002356886863708496,-9.340312004089355
99875000000,0.0,0.0,-0.0,-2.999112844467163,-0.002356886863708496,-9.340312004089355
99881726000,0.0,0.0,-0.0,-2.999112844467163,-0.002356886863708496,-9.340312004089355
99888901000,0.0,0.0,-0.0,-2.999112844467163,-0.002356886863708496,-9.340312004089355
99895633000,0.0,0.0,-0.0,-2.999112844467163,-0.002356886863708496,-9.340312004089355
99909601000,0.0,0.0,-0.0,-2.999112844467163,-0.002356886863708496,-9.340312004089355
99916450000,0.0,0.0,-0.0,-2.999112844467163,-0.002356886863708496,-9.340312004089355
99923772000,0.0,0.0,-0.0,-2.999112844467163,-0.002356886863708496,-9.340312004089355
99930392000,0.0,0.0,-0.0,-2.999112844467163,-0.002356886863708496,-9.340312004089355
99944263000,0.0,0.0,-0.0,-2.999112844467163,-0.002356886863708496,-9.340312004089355
99951203000,0.0,0.0,-0.0,-2.999112844467163,-0.002356886863708496,-9.340312004089355
99958237000,0.0,0.0,-0.0,-2.999112844467163,-0.002356886863708496,-9.340312004089355
99965052000,0.0,0.0,-0.0,-2.999112844467163,-0.002356886863708496,-9.340312004089355
99972192000,0.0,0.0,-0.0,-2.999112844467163,-0.002356886863708496,-9.340312004089355
99985881000,0.0,0.0,-0.0,-2.999112844467163,-0.002356886863708496,-9.340312004089355
99992919000,0.0,0.0,-0.0,-2.999112844467163,-0.002356886863708496,-9.340312004089355
99999818000,0.0,0.0,-0.0,-2.999112844467163,-0.002356886863708496,-9.340312004089355
100006804000,0.0,0.0,-0.0,-2.999112844467163,-0.002356886863708496,-9.340312004089355
100020617000,0.0,0.0,-0.0,-2.999112844467163,-0.002356886863708496,-9.340312004089355
100027610000,0.0,0.0,-0.0,-2.999112844467163,-0.002356886863708496,-9.340312004089355
100034520000,0.0,0.0,-0.0,-2.999112844467163,-0.002356886863708496,-9.340312004089355
100041499000,0.0,0.0,-0.0,-2.999112844467163,-0.002356886863708496,-9.340312004089355
100048390000,0.0,0.0,-0.0,-2.999112844467163,-0.002356886863708496,-9.340312004089355
100062342000,0.0,0.0,-0.0,-2.999112844467163,-0.002356886863708496,-9.340312004089355
100069247000,0.0,0.0,-0.0,-2.999112844467163,-0.002356886863708496,-9.340312004089355
100076237000,0.0,0.0,-0.0,-2.999112844467163,-0.002356886863708496,-9.340312004089355
100083148000,0.0,0.0,-0.0,-2.999112844467163,-0.002356886863708496,-9.340312004089355
100090175000,0.0,0.0,-0.0,-2.999112844467163,-0.002356886863708496,-9.340312004089355
100103948000,0.0,0.0,-0.0,-2.999112844467163,-0.002356886863708496,-9.340312004089355
100110962000,0.0,0.0,-0.0,-2.999112844467163,-0.002356886863708496,-9.340312004089355
100117859000,0.0,0.0,-0.0,-2.999112844467163,-0.002356886863708496,-9.340312004089355
100124843000,0.0,0.0,-0.0,-2.999112844467163,-0.002356886863708496,-9.340312004089355
100138691000,0.0,0.0,-0.0,-2.999112844467163,-0.002356886863708496,-9.340312004089355
100145649000,0.0,0.0,-0.0,-2.999112844467163,-0.002356886863708496,-9.340312004089355
100152580000,0.0,0.0,-0.0,-2.999112844467163,-0.002356886863708496,-9.340312004089355
100159562000,0.0,0.0,-0.0,-2.999112844467163,-0.002356886863708496,-9.340312004089355
100166463000,0.0,0.0,-0.0,-2.999112844467163,-0.002356886863708496,-9.340312004089355
100180602000,0.0,0.0,-0.0,-2.999112844467163,-0.002356886863708496,-9.340312004089355
100187458000,0.0,0.0,-0.0,-2.999112844467163,-0.002356886863708496,-9.340312004089355
100194644000,0.0,0.0,-0.0,-2.999112844467163,-0.002356886863708496,-9.340312004089355
100201194000,0.0,0.0,-0.0,-2.999112844467163,-0.002356886863708496,-9.340312004089355
100215249000,0.0,0.0,-0.0,-2.999112844467163,-0.002356886863708496,-9.340312004089355
100222228000,0.0,0.0,-0.0,-2.999112844467163,-0.002356886863708496,-9.340312004089355
100229243000,0.0,0.0,-0.0,-2.999112844467163,-0.002356886863708496,-9.340312004089355
100236109000,0.0,0.0,-0.0,-2.999112844467163,-0.002356886863708496,-9.340312004089355
100242919000,0.0,0.0,-0.0,-2.999112844467163,-0.002356886863708496,-9.340312004089355
100249858000,0.0,0.0,-0.0,-2.999112844467163,-0.002356886863708496,-9.340312004089355
100263770000,0.0,0.0,-0.0,-2.999112844467163,-0.002356886863708496,-9.340312004089355
100270909000,0.0,0.0,-0.0,-2.999112844467163,-0.002356886863708496,-9.340312004089355
100277752000,0.0,0.0,-0.0,-2.999112844467163,-0.002356886863708496,-9.340312004089355
100284798000,0.0,0.0,-0.0,-2.999112844467163,-0.002356886863708496,-9.340312004089355
100298502000,0.0,0.0,-0.0,-2.999112844467163,-0.002356886863708496,-9.340312004089355
100305651000,0.0,0.0,-0.0,-2.999112844467163,-0.002356886863708496,-9.340312004089355
100312633000,0.0,0.0,-0.0,-2.999112844467163,-0.002356886863708496,-9.340312004089355
100319332000,0.0,0.0,-0.0,-2.999112844467163,-0.002356886863708496,-9.340312004089355
100326409000,0.0,0.0,-0.0,-2.999112844467163,-0.002356886863708496,-9.340312004089355
100340629000,0.0,0.0,-0.0,-2.999112844467163,-0.002356886863708496,-9.340312004089355
100347123000,0.0,0.0,-0.0,-2.999112844467163,-0.002356886863708496,-9.340312004089355
100354149000,0.0,0.0,-0.0,-2.999112844467163,-0.002356886863708496,-9.340312004089355
100361032000,0.0,0.0,-0.0,-2.999112844467163,-0.002356886863708496,-9.340312004089355
100374945000,0.0,0.0,-0.0,-2.999112844467163,-0.002356886863708496,-9.340312004089355
100381870000,0.0,0.0,-0.0,-2.999112844467163,-0.002356886863708496,-9.340312004089355
100388812000,0.0,0.0,-0.0,-2.999112844467163,-0.002356886863708496,-9.340312004089355
100395768000,0.0,0.0,-0.0,-2.999112844467163,-0.002356886863708496,-9.340312004089355
100402651000,0.0,0.0,-0.0,-2.999112844467163,-0.002356886863708496,-9.340312004089355
100416555000,0.0,0.0,-0.0,-2.999112844467163,-0.002356886863708496,-9.340312004089355
100423605000,0.0,0.0,-0.0,-2.999112844467163,-0.002356886863708496,-9.340312004089355
100434558000,0.0,0.0,-0.0,-2.999112844467163,-0.002356886863708496,-9.340312004089355
100437424000,0.0,0.0,-0.0,-2.999112844467163,-0.002356886863708496,-9.340312004089355
100451286000,0.0,0.0,-0.0,-2.999112844467163,-0.002356886863708496,-9.340312004089355
100458379000,0.0,0.0,-0.0,-2.999112844467163,-0.002356886863708496,-9.340312004089355
100465205000,0.0,0.0,-0.0,-2.999112844467163,-0.002356886863708496,-9.340312004089355
100472104000,0.0,0.0,-0.0,-2.999112844467163,-0.002356886863708496,-9.340312004089355
100479135000,0.0,0.0,-0.0,-2.999112844467163,-0.002356886863708496,-9.340312004089355
100493136000,0.0,0.0,-0.0,-2.999112844467163,-0.002356886863708496,-9.340312004089355
100499873000,0.0,0.0,-0.0,-2.999112844467163,-0.002356886863708496,-9.340312004089355
100506891000,0.0,0.0,-0.0,-2.999112844467163,-0.002356886863708496,-9.340312004089355
100513778000,0.0,0.0,-0.0,-2.999112844467163,-0.002356886863708496,-9.340312004089355
100520735000,0.0,0.0,-0.0,-2.999112844467163,-0.002356886863708496,-9.340312004089355
100534609000,0.0,0.0,-0.0,-2.999112844467163,-0.002356886863708496,-9.340312004089355
100541590000,0.0,0.0,-0.0,-2.999112844467163,-0.002356886863708496,-9.340312004089355
100548542000,0.0,0.0,-0.0,-2.999112844467163,-0.002356886863708496,-9.340312004089355
100555432000,0.0,0.0,-0.0,-2.999112844467163,-0.002356886863708496,-9.340312004089355
100562425000,0.0,0.0,-0.0,-2.999112844467163,-0.002356886863708496,-9.340312004089355
100576404000,0.0,0.0,-0.0,-2.999112844467163,-0.002356886863708496,-9.340312004089355
100583211000,0.0,0.0,-0.0,-2.999112844467163,-0.002356886863708496,-9.340312004089355
100590271000,0.0,0.0,-0.0,-2.999112844467163,-0.002356886863708496,-9.340312004089355
100597125000,0.0,0.0,-0.0,-2.999112844467163,-0.002356886863708496,-9.340312004089355
100604137000,0.0,0.0,-0.0,-2.999112844467163,-0.002356886863708496,-9.340312004089355
100617968000,0.0,0.0,-0.0,-2.999112844467163,-0.002356886863708496,-9.340312004089355
100625017000,0.0,0.0,-0.0,-2.999112844467163,-0.002356886863708496,-9.340312004089355
100631854000,0.0,0.0,-0.0,-2.999112844467163,-0.002356886863708496,-9.340312004089355
100638804000,0.0,0.0,-0.0,-2.999112844467163,-0.002356886863708496,-9.340312004089355
100652697000,0.0,0.0,-0.0,-2.999112844467163,-0.002356886863708496,-9.340312004089355
100659737000,0.0,0.0,-0.0,-2.999112844467163,-0.002356886863708496,-9.340312004089355
100666576000,0.0,0.0,-0.0,-2.999112844467163,-0.002356886863708496,-9.340312004089355
100673560000,0.0,0.0,-0.0,-2.999112844467163,-0.002356886863708496,-9.340312004089355
100680508000,0.0,0.0,-0.0,-2.999112844467163,-0.002356886863708496,-9.340312004089355
100694524000,0.0,0.0,-0.0,-2.999112844467163,-0.002356886863708496,-9.340312004089355
100701324000,0.0,0.0,-0.0,-2.999112844467163,-0.002356886863708496,-9.340312004089355
100708312000,0.0,0.0,-0.0,-2.999112844467163,-0.002356886863708496,-9.340312004089355
100715419000,0.0,0.0,-0.0,-2.999112844467163,-0.002356886863708496,-9.340312004089355
100729153000,0.0,0.0,-0.0,-2.999112844467163,-0.002356886863708496,-9.340312004089355
100736296000,0.0,0.0,-0.0,-2.999112844467163,-0.002356886863708496,-9.340312004089355
100743049000,0.0,0.0,-0.0,-2.999112844467163,-0.002356886863708496,-9.340312004089355
100750164000,0.0,0.0,-0.0,-2.999112844467163,-0.002356886863708496,-9.340312004089355
100757239000,0.0,0.0,-0.0,-2.999112844467163,-0.002356886863708496,-9.340312004089355
100770955000,0.0,0.0,-0.0,-2.999112844467163,-0.002356886863708496,-9.340312004089355
100777962000,0.0,0.0,-0.0,-2.999112844467163,-0.002356886863708496,-9.340312004089355
100784861000,0.0,0.0,-0.0,-2.999112844467163,-0.002356886863708496,-9.340312004089355
100791869000,0.0,0.0,-0.0,-2.999112844467163,-0.002356886863708496,-9.340312004089355
100805656000,0.0,0.0,-0.0,-2.999112844467163,-0.002356886863708496,-9.340312004089355
100812740000,0.0,0.0,-0.0,-2.999112844467163,-0.002356886863708496,-9.340312004089355
100819394000,0.0,0.0,-0.0,-2.999112844467163,-0.002356886863708496,-9.340312004089355
100826481000,0.0,0.0,-0.0,-2.999112844467163,-0.002356886863708496,-9.340312004089355
100833338000,0.0,0.0,-0.0,-2.999112844467163,-0.002356886863708496,-9.340312004089355
100847306000,0.0,0.0,-0.0,-2.999112844467163,-0.002356886863708496,-9.340312004089355
100854213000,0.0,0.0,-0.0,-2.999112844467163,-0.002356886863708496,-9.340312004089355
100861232000,0.0,0.0,-0.0,-2.999112844467163,-0.002356886863708496,-9.340312004089355
100868086000,0.0,0.0,-0.0,-2.999112844467163,-0.002356886863708496,-9.340312004089355
100881990000,0.0,0.0,-0.0,-2.999112844467163,-0.002356886863708496,-9.340312004089355
100888930000,0.0,0.0,-0.0,-2.999112844467163,-0.002356886863708496,-9.340312004089355
100895852000,0.0,0.0,-0.0,-2.999112844467163,-0.002356886863708496,-9.340312004089355
100902798000,0.0,0.0,-0.0,-2.999112844467163,-0.002356886863708496,-9.340312004089355
100909849000,0.0,0.0,-0.0,-2.999112844467163,-0.002356886863708496,-9.340312004089355
100923791000,0.0,0.0,-0.0,-2.999112844467163,-0.002356886863708496,-9.340312004089355
100930582000,0.0,0.0,-0.0,-2.999112844467163,-0.002356886863708496,-9.340312004089355
100937482000,0.0,0.0,-0.0,-2.999112844467163,-0.002356886863708496,-9.340312004089355
100944550000,0.0,0.0,-0.0,-2.999112844467163,-0.002356886863708496,-9.340312004089355
100958502000,0.0,0.0,-0.0,-2.999112844467163,-0.002356886863708496,-9.340312004089355
100965275000,0.0,0.0,-0.0,-2.999112844467163,-0.002356886863708496,-9.340312004089355
100972207000,0.0,0.0,-0.0,-2.999112844467163,-0.002356886863708496,-9.340312004089355
100979185000,0.0,0.0,-0.0,-2.999112844467163,-0.002356886863708496,-9.340312004089355
100986130000,0.0,0.0,-0.0,-2.999112844467163,-0.002356886863708496,-9.340312004089355
101000029000,0.0,0.0,-0.0,-2.999112844467163,-0.002356886863708496,-9.340312004089355
101007091000,0.0,0.0,-0.0,-2.999112844467163,-0.002356886863708496,-9.340312004089355
101013881000,0.0,0.0,-0.0,-2.999112844467163,-0.002356886863708496,-9.340312004089355
101020838000,0.0,0.0,-0.0,-2.999112844467163,-0.002356886863708496,-9.340312004089355
101034710000,0.0,0.0,-0.0,-2.999112844467163,-0.002356886863708496,-9.340312004089355
101041715000,0.0,0.0,-0.0,-2.999112844467163,-0.002356886863708496,-9.340312004089355
101048614000,0.0,0.0,-0.0,-2.999112844467163,-0.002356886863708496,-9.340312004089355
101055539000,0.0,0.0,-0.0,-2.999112844467163,-0.002356886863708496,-9.340312004089355
101062534000,0.0,0.0,-0.0,-2.999112844467163,-0.002356886863708496,-9.340312004089355
101076421000,0.0,0.0,-0.0,-2.999112844467163,-0.002356886863708496,-9.340312004089355
101083320000,0.0,0.0,-0.0,-2.999112844467163,-0.002356886863708496,-9.340312004089355
101090371000,0.0,0.0,-0.0,-2.999112844467163,-0.002356886863708496,-9.340312004089355
101097253000,0.0,0.0,-0.0,-2.999112844467163,-0.002356886863708496,-9.340312004089355
101111147000,0.0,0.0,-0.0,-2.999112844467163,-0.002356886863708496,-9.340312004089355
101118043000,0.0,0.0,-0.0,-2.999112844467163,-0.002356886863708496,-9.340312004089355
101125072000,0.0,0.0,-0.0,-2.999112844467163,-0.002356886863708496,-9.340312004089355
101131961000,0.0,0.0,-0.0,-2.999112844467163,-0.002356886863708496,-9.340312004089355
101145851000,0.0,0.0,-0.0,-2.999112844467163,-0.002356886863708496,-9.340312004089355
101152775000,0.0,0.0,-0.0,-2.999112844467163,-0.002356886863708496,-9.340312004089355
101159779000,0.0,0.0,-0.0,-2.999112844467163,-0.002356886863708496,-9.340312004089355
101166651000,0.0,0.0,-0.0,-2.999112844467163,-0.002356886863708496,-9.340312004089355
101173625000,0.0,0.0,-0.0,-2.999112844467163,-0.002356886863708496,-9.340312004089355
101187495000,0.0,0.0,-0.0,-2.999112844467163,-0.002356886863708496,-9.340312004089355
101194468000,0.0,0.0,-0.0,-2.999112844467163,-0.002356886863708496,-9.340312004089355
101201384000,0.0,0.0,-0.0,-2.999112844467163,-0.002356886863708496,-9.340312004089355
101208408000,0.0,0.0,-0.0,-2.999112844467163,-0.002356886863708496,-9.340312004089355
101222211000,0.0,0.0,-0.0,-2.999112844467163,-0.002356886863708496,-9.340312004089355
101229196000,0.0,0.0,-0.0,-2.999112844467163,-0.002356886863708496,-9.340312004089355
101236124000,0.0,0.0,-0.0,-2.999112844467163,-0.002356886863708496,-9.340312004089355
101243122000,0.0,0.0,-0.0,-2.999112844467163,-0.002356886863708496,-9.340312004089355
101250028000,0.0,0.0,-0.0,-2.999112844467163,-0.002356886863708496,-9.340312004089355
101263949000,0.0,0.0,-0.0,-2.999112844467163,-0.002356886863708496,-9.340312004089355
101270829000,0.0,0.0,-0.0,-2.999112844467163,-0.002356886863708496,-9.340312004089355
101277811000,0.0,0.0,-0.0,-2.999112844467163,-0.002356886863708496,-9.340312004089355
101284761000,0.0,0.0,-0.0,-2.999112844467163,-0.002356886863708496,-9.340312004089355
101298640000,0.0,0.0,-0.0,-2.999112844467163,-0.002356886863708496,-9.340312004089355
101305567000,0.0,0.0,-0.0,-2.999112844467163,-0.002356886863708496,-9.340312004089355
101312527000,0.0,0.0,-0.0,-2.999112844467163,-0.002356886863708496,-9.340312004089355
101319496000,0.0,0.0,-0.0,-2.999112844467163,-0.002356886863708496,-9.340312004089355
101333362000,0.0,0.0,-0.0,-2.999112844467163,-0.002356886863708496,-9.340312004089355
101340313000,0.0,0.0,-0.0,-2.999112844467163,-0.002356886863708496,-9.340312004089355
101347321000,0.0,0.0,-0.0,-2.999112844467163,-0.002356886863708496,-9.340312004089355
101354169000,0.0,0.0,-0.0,-2.999112844467163,-0.002356886863708496,-9.340312004089355
101361209000,0.0,0.0,-0.0,-2.999112844467163,-0.002356886863708496,-9.340312004089355
101375078000,0.0,0.0,-0.0,-2.999112844467163,-0.002356886863708496,-9.340312004089355
101381934000,0.0,0.0,-0.0,-2.999112844467163,-0.002356886863708496,-9.340312004089355
101388884000,0.0,0.0,-0.0,-2.999112844467163,-0.002356886863708496,-9.340312004089355
101395861000,0.0,0.0,-0.0,-2.999112844467163,-0.002356886863708496,-9.340312004089355
101402772000,0.0,0.0,-0.0,-2.999112844467163,-0.002356886863708496,-9.340312004089355
101416664000,0.0,0.0,-0.0,-2.999112844467163,-0.002356886863708496,-9.340312004089355
101423610000,0.0,0.0,-0.0,-2.999112844467163,-0.002356886863708496,-9.340312004089355
101430585000,0.0,0.0,-0.0,-2.999112844467163,-0.002356886863708496,-9.340312004089355
101437502000,0.0,0.0,-0.0,-2.999112844467163,-0.002356886863708496,-9.340312004089355
101451434000,0.0,0.0,-0.0,-2.999112844467163,-0.002356886863708496,-9.340312004089355
101458494000,0.0,0.0,-0.0,-2.999112844467163,-0.002356886863708496,-9.340312004089355
101465300000,0.0,0.0,-0.0,-2.999112844467163,-0.002356886863708496,-9.340312004089355
101472261000,0.0,0.0,-0.0,-2.999112844467163,-0.002356886863708496,-9.340312004089355
101479227000,0.0,0.0,-0.0,-2.999112844467163,-0.002356886863708496,-9.340312004089355
101493155000,0.0,0.0,-0.0,-2.999112844467163,-0.002356886863708496,-9.340312004089355
101500052000,0.0,0.0,-0.0,-2.999112844467163,-0.002356886863708496,-9.340312004089355
101506960000,0.0,0.0,-0.0,-2.999112844467163,-0.002356886863708496,-9.340312004089355
101513949000,0.0,0.0,-0.0,-2.999112844467163,-0.002356886863708496,-9.340312004089355
101520870000,0.0,0.0,-0.0,-2.999112844467163,-0.002356886863708496,-9.340312004089355
101534755000,0.0,0.0,-0.0,-2.999112844467163,-0.002356886863708496,-9.340312004089355
101541753000,0.0,0.0,-0.0,-2.999112844467163,-0.002356886863708496,-9.340312004089355
101548692000,0.0,0.0,-0.0,-2.999112844467163,-0.002356886863708496,-9.340312004089355
101555607000,0.0,0.0,-0.0,-2.999112844467163,-0.002356886863708496,-9.340312004089355
101569523000,0.0,0.0,-0.0,-2.999112844467163,-0.002356886863708496,-9.340312004089355
101576451000,0.0,0.0,-0.0,-2.999112844467163,-0.002356886863708496,-9.340312004089355
101583433000,0.0,0.0,-0.0,-2.999112844467163,-0.002356886863708496,-9.340312004089355
101590332000,0.0,0.0,-0.0,-2.999112844467163,-0.002356886863708496,-9.340312004089355
101604223000,0.0,0.0,-0.0,-2.999112844467163,-0.002356886863708496,-9.340312004089355
101611233000,0.0,0.0,-0.0,-2.999112844467163,-0.002356886863708496,-9.340312004089355
101618145000,0.0,0.0,-0.0,-2.999112844467163,-0.002356886863708496,-9.340312004089355
101625243000,0.0,0.0,-0.0,-2.999112844467163,-0.002356886863708496,-9.340312004089355
101638979000,0.0,0.0,-0.0,-2.999112844467163,-0.002356886863708496,-9.340312004089355
101645934000,0.0,0.0,-0.0,-2.999112844467163,-0.002356886863708496,-9.340312004089355
101652868000,0.0,0.0,-0.0,-2.999112844467163,-0.002356886863708496,-9.340312004089355
101659897000,0.0,0.0,-0.0,-2.999112844467163,-0.002356886863708496,-9.340312004089355
101666722000,0.0,0.0,-0.0,-2.999112844467163,-0.002356886863708496,-9.340312004089355
101680705000,0.0,0.0,-0.0,-2.999112844467163,-0.002356886863708496,-9.340312004089355
101687640000,0.0,0.0,-0.0,-2.999112844467163,-0.002356886863708496,-9.340312004089355
101694678000,0.0,0.0,-0.0,-2.999112844467163,-0.002356886863708496,-9.340312004089355
101701462000,0.0,0.0,-0.0,-2.999112844467163,-0.002356886863708496,-9.340312004089355
101715349000,0.0,0.0,-0.0,-2.999112844467163,-0.002356886863708496,-9.340312004089355
101722302000,0.0,0.0,-0.0,-2.999112844467163,-0.002356886863708496,-9.340312004089355
101729279000,0.0,0.0,-0.0,-2.999112844467163,-0.002356886863708496,-9.340312004089355
101736182000,0.0,0.0,-0.0,-2.999112844467163,-0.002356886863708496,-9.340312004089355
101743241000,0.0,0.0,-0.0,-2.999112844467163,-0.002356886863708496,-9.340312004089355
101757031000,0.0,0.0,-0.0,-2.999112844467163,-0.002356886863708496,-9.340312004089355
101764047000,0.0,0.0,-0.0,-2.999112844467163,-0.002356886863708496,-9.340312004089355
101770905000,0.0,0.0,-0.0,-2.999112844467163,-0.002356886863708496,-9.340312004089355
101777937000,0.0,0.0,-0.0,-2.999112844467163,-0.002356886863708496,-9.340312004089355
101791830000,0.0,0.0,-0.0,-2.999112844467163,-0.002356886863708496,-9.340312004089355
101798761000,0.0,0.0,-0.0,-2.999112844467163,-0.002356886863708496,-9.340312004089355
101805645000,0.0,0.0,-0.0,-2.999112844467163,-0.002356886863708496,-9.340312004089355
101812655000,0.0,0.0,-0.0,-2.999112844467163,-0.002356886863708496,-9.340312004089355
101819579000,0.0,0.0,-0.0,-2.999112844467163,-0.002356886863708496,-9.340312004089355
101833438000,0.0,0.0,-0.0,-2.999112844467163,-0.002356886863708496,-9.340312004089355
101840400000,0.0,0.0,-0.0,-2.999112844467163,-0.002356886863708496,-9.340312004089355
101847403000,0.0,0.0,-0.0,-2.999112844467163,-0.002356886863708496,-9.340312004089355
101854265000,0.0,0.0,-0.0,-2.999112844467163,-0.002356886863708496,-9.340312004089355
101868155000,0.0,0.0,-0.0,-2.999112844467163,-0.002356886863708496,-9.340312004089355
101875165000,0.0,0.0,-0.0,-2.999112844467163,-0.002356886863708496,-9.340312004089355
101882080000,0.0,0.0,-0.0,-2.999112844467163,-0.002356886863708496,-9.340312004089355
101889036000,0.0,0.0,-0.0,-2.999112844467163,-0.002356886863708496,-9.340312004089355
101902880000,0.0,0.0,-0.0,-2.999112844467163,-0.002356886863708496,-9.340312004089355
101909859000,0.0,0.0,-0.0,-2.999112844467163,-0.002356886863708496,-9.340312004089355
101916763000,0.0,0.0,-0.0,-2.999112844467163,-0.002356886863708496,-9.340312004089355
101923724000,0.0,0.0,-0.0,-2.999112844467163,-0.002356886863708496,-9.340312004089355
101930703000,0.0,0.0,-0.0,-2.999112844467163,-0.002356886863708496,-9.340312004089355
101944599000,0.0,0.0,-0.0,-2.999112844467163,-0.002356886863708496,-9.340312004089355
101951505000,0.0,0.0,-0.0,-2.999112844467163,-0.002356886863708496,-9.340312004089355
101958520000,0.0,0.0,-0.0,-2.999112844467163,-0.002356886863708496,-9.340312004089355
101965396000,0.0,0.0,-0.0,-2.999112844467163,-0.002356886863708496,-9.340312004089355
101979341000,0.0,0.0,-0.0,-2.999112844467163,-0.002356886863708496,-9.340312004089355
101986214000,0.0,0.0,-0.0,-2.999112844467163,-0.002356886863708496,-9.340312004089355
101993240000,0.0,0.0,-0.0,-2.999112844467163,-0.002356886863708496,-9.340312004089355
102000139000,0.0,0.0,-0.0,-2.999112844467163,-0.002356886863708496,-9.340312004089355
102007058000,0.0,0.0,-0.0,-2.999112844467163,-0.002356886863708496,-9.340312004089355
102020945000,0.0,0.0,-0.0,-2.999112844467163,-0.002356886863708496,-9.340312004089355
102027948000,0.0,0.0,-0.0,-2.999112844467163,-0.002356886863708496,-9.340312004089355
102034840000,0.0,0.0,-0.0,-2.999112844467163,-0.002356886863708496,-9.340312004089355
102041834000,0.0,0.0,-0.0,-2.999112844467163,-0.002356886863708496,-9.340312004089355
102048734000,0.0,0.0,-0.0,-2.999112844467163,-0.002356886863708496,-9.340312004089355
102062679000,0.0,0.0,-0.0,-2.999112844467163,-0.002356886863708496,-9.340312004089355
102069594000,0.0,0.0,-0.0,-2.999112844467163,-0.002356886863708496,-9.340312004089355
102076555000,0.0,0.0,-0.0,-2.999112844467163,-0.002356886863708496,-9.340312004089355
102083441000,0.0,0.0,-0.0,-2.999112844467163,-0.002356886863708496,-9.340312004089355
102090462000,0.0,0.0,-0.0,-2.999112844467163,-0.002356886863708496,-9.340312004089355
102104307000,0.0,0.0,-0.0,-2.999112844467163,-0.002356886863708496,-9.340312004089355
102111251000,0.0,0.0,-0.0,-2.999112844467163,-0.002356886863708496,-9.340312004089355
102118167000,0.0,0.0,-0.0,-2.999112844467163,-0.002356886863708496,-9.340312004089355
102125216000,0.0,0.0,-0.0,-2.999112844467163,-0.002356886863708496,-9.340312004089355
102139062000,0.0,0.0,-0.0,-2.999112844467163,-0.002356886863708496,-9.340312004089355
102145965000,0.0,0.0,-0.0,-2.999112844467163,-0.002356886863708496,-9.340312004089355
102152884000,0.0,0.0,-0.0,-2.999112844467163,-0.002356886863708496,-9.340312004089355
102159912000,0.0,0.0,-0.0,-2.999112844467163,-0.002356886863708496,-9.340312004089355
102166769000,0.0,0.0,-0.0,-2.999112844467163,-0.002356886863708496,-9.340312004089355
102180755000,0.0,0.0,-0.0,-2.999112844467163,-0.002356886863708496,-9.340312004089355
102187621000,0.0,0.0,-0.0,-2.999112844467163,-0.002356886863708496,-9.340312004089355
102194634000,0.0,0.0,-0.0,-2.999112844467163,-0.002356886863708496,-9.340312004089355
102201501000,0.0,0.0,-0.0,-2.999112844467163,-0.002356886863708496,-9.340312004089355
102215390000,0.0,0.0,-0.0,-2.999112844467163,-0.002356886863708496,-9.340312004089355
102222376000,0.0,0.0,-0.0,-2.999112844467163,-0.002356886863708496,-9.340312004089355
102229366000,0.0,0.0,-0.0,-2.999112844467163,-0.002356886863708496,-9.340312004089355
102236232000,0.0,0.0,-0.0,-2.999112844467163,-0.002356886863708496,-9.340312004089355
102243223000,0.0,0.0,-0.0,-2.999112844467163,-0.002356886863708496,-9.340312004089355
102257094000,0.0,0.0,-0.0,-2.999112844467163,-0.002356886863708496,-9.340312004089355
102264040000,0.0,0.0,-0.0,-2.999112844467163,-0.002356886863708496,-9.340312004089355
102270959000,0.0,0.0,-0.0,-2.999112844467163,-0.002356886863708496,-9.340312004089355
102277977000,0.0,0.0,-0.0,-2.999112844467163,-0.002356886863708496,-9.340312004089355
102291832000,0.0,0.0,-0.0,-2.999112844467163,-0.002356886863708496,-9.340312004089355
102298739000,0.0,0.0,-0.0,-2.999112844467163,-0.002356886863708496,-9.340312004089355
102305653000,0.0,0.0,-0.0,-2.999112844467163,-0.002356886863708496,-9.340312004089355
102312658000,0.0,0.0,-0.0,-2.999112844467163,-0.002356886863708496,-9.340312004089355
102326684000,0.0,0.0,-0.0,-2.999112844467163,-0.002356886863708496,-9.340312004089355
102333475000,0.0,0.0,-0.0,-2.999112844467163,-0.002356886863708496,-9.340312004089355
102340402000,0.0,0.0,-0.0,-2.999112844467163,-0.002356886863708496,-9.340312004089355
102347417000,0.0,0.0,-0.0,-2.999112844467163,-0.002356886863708496,-9.340312004089355
102354318000,0.0,0.0,-0.0,-2.999112844467163,-0.002356886863708496,-9.340312004089355
102368192000,0.0,0.0,-0.0,-2.999112844467163,-0.002356886863708496,-9.340312004089355
102375177000,0.0,0.0,-0.0,-2.999112844467163,-0.002356886863708496,-9.340312004089355
102382072000,0.0,0.0,-0.0,-2.999112844467163,-0.002356886863708496,-9.340312004089355
102388998000,0.0,0.0,-0.0,-2.999112844467163,-0.002356886863708496,-9.340312004089355
102395982000,0.0,0.0,-0.0,-2.999112844467163,-0.002356886863708496,-9.340312004089355
102410026000,0.0,0.0,-0.0,-2.999112844467163,-0.002356886863708496,-9.340312004089355
102416788000,0.0,0.0,-0.0,-2.999112844467163,-0.002356886863708496,-9.340312004089355
102423767000,0.0,0.0,-0.0,-2.999112844467163,-0.002356886863708496,-9.340312004089355
102430719000,0.0,0.0,-0.0,-2.999112844467163,-0.002356886863708496,-9.340312004089355
102444687000,0.0,0.0,-0.0,-2.999112844467163,-0.002356886863708496,-9.340312004089355
102451542000,0.0,0.0,-0.0,-2.999112844467163,-0.002356886863708496,-9.340312004089355
102458577000,0.0,0.0,-0.0,-2.999112844467163,-0.002356886863708496,-9.340312004089355
102465521000,0.0,0.0,-0.0,-2.999112844467163,-0.002356886863708496,-9.340312004089355
102472394000,0.0,0.0,-0.0,-2.999112844467163,-0.002356886863708496,-9.340312004089355
102486264000,0.0,0.0,-0.0,-2.999112844467163,-0.002356886863708496,-9.340312004089355
102493288000,0.0,0.0,-0.0,-2.999112844467163,-0.002356886863708496,-9.340312004089355
102500207000,0.0,0.0,-0.0,-2.999112844467163,-0.002356886863708496,-9.340312004089355
102507091000,0.0,0.0,-0.0,-2.999112844467163,-0.002356886863708496,-9.340312004089355
102520999000,0.0,0.0,-0.0,-2.999112844467163,-0.002356886863708496,-9.340312004089355
102527999000,0.0,0.0,-0.0,-2.999112844467163,-0.002356886863708496,-9.340312004089355
102534836000,0.0,0.0,-0.0,-2.999112844467163,-0.002356886863708496,-9.340312004089355
102541834000,0.0,0.0,-0.0,-2.999112844467163,-0.002356886863708496,-9.340312004089355
102548795000,0.0,0.0,-0.0,-2.999112844467163,-0.002356886863708496,-9.340312004089355
102562661000,0.0,0.0,-0.0,-2.999112844467163,-0.002356886863708496,-9.340312004089355
102569593000,0.0,0.0,-0.0,-2.999112844467163,-0.002356886863708496,-9.340312004089355
102576575000,0.0,0.0,-0.0,-2.999112844467163,-0.002356886863708496,-9.340312004089355
102583482000,0.0,0.0,-0.0,-2.999112844467163,-0.002356886863708496,-9.340312004089355
102590447000,0.0,0.0,-0.0,-2.999112844467163,-0.002356886863708496,-9.340312004089355
102604321000,0.0,0.0,-0.0,-2.999112844467163,-0.002356886863708496,-9.340312004089355
102611306000,0.0,0.0,-0.0,-2.999112844467163,-0.002356886863708496,-9.340312004089355
102618187000,0.0,0.0,-0.0,-2.999112844467163,-0.002356886863708496,-9.340312004089355
102625211000,0.0,0.0,-0.0,-2.999112844467163,-0.002356886863708496,-9.340312004089355
102632122000,0.0,0.0,-0.0,-2.999112844467163,-0.002356886863708496,-9.340312004089355
102645989000,0.0,0.0,-0.0,-2.999112844467163,-0.002356886863708496,-9.340312004089355
102652898000,0.0,0.0,-0.0,-2.999112844467163,-0.002356886863708496,-9.340312004089355
102659930000,0.0,0.0,-0.0,-2.999112844467163,-0.002356886863708496,-9.340312004089355
102666801000,0.0,0.0,-0.0,-2.999112844467163,-0.002356886863708496,-9.340312004089355
102680765000,0.0,0.0,-0.0,-2.999112844467163,-0.002356886863708496,-9.340312004089355
102687659000,0.0,0.0,-0.0,-2.999112844467163,-0.002356886863708496,-9.340312004089355
102694867000,0.0,0.0,-0.0,-2.999112844467163,-0.002356886863708496,-9.340312004089355
102701512000,0.0,0.0,-0.0,-2.999112844467163,-0.002356886863708496,-9.340312004089355
102708477000,0.0,0.0,-0.0,-2.999112844467163,-0.002356886863708496,-9.340312004089355
102722378000,0.0,0.0,-0.0,-2.999112844467163,-0.002356886863708496,-9.340312004089355
102729365000,0.0,0.0,-0.0,-2.999112844467163,-0.002356886863708496,-9.340312004089355
102736269000,0.0,0.0,-0.0,-2.999112844467163,-0.002356886863708496,-9.340312004089355
102743250000,0.0,0.0,-0.0,-2.999112844467163,-0.002356886863708496,-9.340312004089355
102750140000,0.0,0.0,-0.0,-2.999112844467163,-0.002356886863708496,-9.340312004089355
102764059000,0.0,0.0,-0.0,-2.999112844467163,-0.002356886863708496,-9.340312004089355
102770962000,0.0,0.0,-0.0,-2.999112844467163,-0.002356886863708496,-9.340312004089355
102778004000,0.0,0.0,-0.0,-2.999112844467163,-0.002356886863708496,-9.340312004089355
102784867000,0.0,0.0,-0.0,-2.999112844467163,-0.002356886863708496,-9.340312004089355
102791809000,0.0,0.0,-0.0,-2.999112844467163,-0.002356886863708496,-9.340312004089355
102805688000,0.0,0.0,-0.0,-2.999112844467163,-0.002356886863708496,-9.340312004089355
102812677000,0.0,0.0,-0.0,-2.999112844467163,-0.002356886863708496,-9.340312004089355
102819604000,0.0,0.0,-0.0,-2.999112844467163,-0.002356886863708496,-9.340312004089355
102826721000,0.0,0.0,-0.0,-2.999112844467163,-0.002356886863708496,-9.340312004089355
102833474000,0.0,0.0,-0.0,-2.999112844467163,-0.002356886863708496,-9.340312004089355
102847404000,0.0,0.0,-0.0,-2.999112844467163,-0.002356886863708496,-9.340312004089355
102854374000,0.0,0.0,-0.0,-2.999112844467163,-0.002356886863708496,-9.340312004089355
102861318000,0.0,0.0,-0.0,-2.999112844467163,-0.002356886863708496,-9.340312004089355
102868198000,0.0,0.0,-0.0,-2.999112844467163,-0.002356886863708496,-9.340312004089355
102882117000,0.0,0.0,-0.0,-2.999112844467163,-0.002356886863708496,-9.340312004089355
102889051000,0.0,0.0,-0.0,-2.999112844467163,-0.002356886863708496,-9.340312004089355
102896003000,0.0,0.0,-0.0,-2.999112844467163,-0.002356886863708496,-9.340312004089355
102902922000,0.0,0.0,-0.0,-2.999112844467163,-0.002356886863708496,-9.340312004089355
102916796000,0.0,0.0,-0.0,-2.999112844467163,-0.002356886863708496,-9.340312004089355
102923751000,0.0,0.0,-0.0,-2.999112844467163,-0.002356886863708496,-9.340312004089355
102930741000,0.0,0.0,-0.0,-2.999112844467163,-0.002356886863708496,-9.340312004089355
102937646000,0.0,0.0,-0.0,-2.999112844467163,-0.002356886863708496,-9.340312004089355
102944610000,0.0,0.0,-0.0,-2.999112844467163,-0.002356886863708496,-9.340312004089355
102951528000,0.0,0.0,-0.0,-2.999112844467163,-0.002356886863708496,-9.340312004089355
102965433000,0.0,0.0,-0.0,-2.999112844467163,-0.002356886863708496,-9.340312004089355
102972425000,0.0,0.0,-0.0,-2.999112844467163,-0.002356886863708496,-9.340312004089355
102979346000,0.0,0.0,-0.0,-2.999112844467163,-0.002356886863708496,-9.340312004089355
102986287000,0.0,0.0,-0.0,-2.999112844467163,-0.002356886863708496,-9.340312004089355
103000170000,0.0,0.0,-0.0,-2.999112844467163,-0.002356886863708496,-9.340312004089355
103007117000,0.0,0.0,-0.0,-2.999112844467163,-0.002356886863708496,-9.340312004089355
103014079000,0.0,0.0,-0.0,-2.999112844467163,-0.002356886863708496,-9.340312004089355
103021023000,0.0,0.0,-0.0,-2.999112844467163,-0.002356886863708496,-9.340312004089355
103034865000,0.0,0.0,-0.0,-2.999112844467163,-0.002356886863708496,-9.340312004089355
103041855000,0.0,0.0,-0.0,-2.999112844467163,-0.002356886863708496,-9.340312004089355
103048794000,0.0,0.0,-0.0,-2.999112844467163,-0.002356886863708496,-9.340312004089355
103055692000,0.0,0.0,-0.0,-2.999112844467163,-0.002356886863708496,-9.340312004089355
103069599000,0.0,0.0,-0.0,-2.999112844467163,-0.002356886863708496,-9.340312004089355
103076600000,0.0,0.0,-0.0,-2.999112844467163,-0.002356886863708496,-9.340312004089355
103083480000,0.0,0.0,-0.0,-2.999112844467163,-0.002356886863708496,-9.340312004089355
103090425000,0.0,0.0,-0.0,-2.999112844467163,-0.002356886863708496,-9.340312004089355
103104363000,0.0,0.0,-0.0,-2.999112844467163,-0.002356886863708496,-9.340312004089355
103111287000,0.0,0.0,-0.0,-2.999112844467163,-0.002356886863708496,-9.340312004089355
103118245000,0.0,0.0,-0.0,-2.999112844467163,-0.002356886863708496,-9.340312004089355
103125184000,0.0,0.0,-0.0,-2.999112844467163,-0.002356886863708496,-9.340312004089355
103132120000,0.0,0.0,-0.0,-2.999112844467163,-0.002356886863708496,-9.340312004089355
103146037000,0.0,0.0,-0.0,-2.999112844467163,-0.002356886863708496,-9.340312004089355
103152933000,0.0,0.0,-0.0,-2.999112844467163,-0.002356886863708496,-9.340312004089355
103160058000,0.0,0.0,-0.0,-2.999112844467163,-0.002356886863708496,-9.340312004089355
103166891000,0.0,0.0,-0.0,-2.999112844467163,-0.002356886863708496,-9.340312004089355
103173763000,0.0,0.0,-0.0,-2.999112844467163,-0.002356886863708496,-9.340312004089355
103187682000,0.0,0.0,-0.0,-2.999112844467163,-0.002356886863708496,-9.340312004089355
103194702000,0.0,0.0,-0.0,-2.999112844467163,-0.002356886863708496,-9.340312004089355
103201552000,0.0,0.0,-0.0,-2.999112844467163,-0.002356886863708496,-9.340312004089355
103208526000,0.0,0.0,-0.0,-2.999112844467163,-0.002356886863708496,-9.340312004089355
103222417000,0.0,0.0,-0.0,-2.999112844467163,-0.002356886863708496,-9.340312004089355
103229383000,0.0,0.0,-0.0,-2.999112844467163,-0.002356886863708496,-9.340312004089355
103236313000,0.0,0.0,-0.0,-2.999112844467163,-0.002356886863708496,-9.340312004089355
103243299000,0.0,0.0,-0.0,-2.999112844467163,-0.002356886863708496,-9.340312004089355
103250209000,0.0,0.0,-0.0,-2.999112844467163,-0.002356886863708496,-9.340312004089355
103264154000,0.0,0.0,-0.0,-2.999112844467163,-0.002356886863708496,-9.340312004089355
103271072000,0.0,0.0,-0.0,-2.999112844467163,-0.002356886863708496,-9.340312004089355
103278022000,0.0,0.0,-0.0,-2.999112844467163,-0.002356886863708496,-9.340312004089355
103284893000,0.0,0.0,-0.0,-2.999112844467163,-0.002356886863708496,-9.340312004089355
103291845000,0.0,0.0,-0.0,-2.999112844467163,-0.002356886863708496,-9.340312004089355
103305730000,0.0,0.0,-0.0,-2.999112844467163,-0.002356886863708496,-9.340312004089355
103312754000,0.0,0.0,-0.0,-2.999112844467163,-0.002356886863708496,-9.340312004089355
103319676000,0.0,0.0,-0.0,-2.999112844467163,-0.002356886863708496,-9.340312004089355
103326624000,0.0,0.0,-0.0,-2.999112844467163,-0.002356886863708496,-9.340312004089355
103340444000,0.0,0.0,-0.0,-2.999112844467163,-0.002356886863708496,-9.340312004089355
103347476000,0.0,0.0,-0.0,-2.999112844467163,-0.002356886863708496,-9.340312004089355
103354338000,0.0,0.0,-0.0,-2.999112844467163,-0.002356886863708496,-9.340312004089355
103361361000,0.0,0.0,-0.0,-2.999112844467163,-0.002356886863708496,-9.340312004089355
103368243000,0.0,0.0,-0.0,-2.999112844467163,-0.002356886863708496,-9.340312004089355
103382159000,0.0,0.0,-0.0,-2.999112844467163,-0.002356886863708496,-9.340312004089355
103389099000,0.0,0.0,-0.0,-2.999112844467163,-0.002356886863708496,-9.340312004089355
103396152000,0.0,0.0,-0.0,-2.999112844467163,-0.002356886863708496,-9.340312004089355
103403022000,0.0,0.0,-0.0,-2.999112844467163,-0.002356886863708496,-9.340312004089355
103410136000,0.0,0.0,-0.0,-2.999112844467163,-0.002356886863708496,-9.340312004089355
103423808000,0.0,0.0,-0.0,-2.999112844467163,-0.002356886863708496,-9.340312004089355
103430779000,0.0,0.0,-0.0,-2.999112844467163,-0.002356886863708496,-9.340312004089355
103437732000,0.0,0.0,-0.0,-2.999112844467163,-0.002356886863708496,-9.340312004089355
103444674000,0.0,0.0,-0.0,-2.999112844467163,-0.002356886863708496,-9.340312004089355
103458511000,0.0,0.0,-0.0,-2.999112844467163,-0.002356886863708496,-9.340312004089355
103465490000,0.0,0.0,-0.0,-2.999112844467163,-0.002356886863708496,-9.340312004089355
103472393000,0.0,0.0,-0.0,-2.999112844467163,-0.002356886863708496,-9.340312004089355
103479435000,0.0,0.0,-0.0,-2.999112844467163,-0.002356886863708496,-9.340312004089355
103493297000,0.0,0.0,-0.0,-2.999112844467163,-0.002356886863708496,-9.340312004089355
103500219000,0.0,0.0,-0.0,-2.999112844467163,-0.002356886863708496,-9.340312004089355
103507163000,0.0,0.0,-0.0,-2.999112844467163,-0.002356886863708496,-9.340312004089355
103514152000,0.0,0.0,-0.0,-2.999112844467163,-0.002356886863708496,-9.340312004089355
103521042000,0.0,0.0,-0.0,-2.999112844467163,-0.002356886863708496,-9.340312004089355
103534953000,0.0,0.0,-0.0,-2.999112844467163,-0.002356886863708496,-9.340312004089355
103541846000,0.0,0.0,-0.0,-2.999112844467163,-0.002356886863708496,-9.340312004089355
103548886000,0.0,0.0,-0.0,-2.999112844467163,-0.002356886863708496,-9.340312004089355
103555755000,0.0,0.0,-0.0,-2.999112844467163,-0.002356886863708496,-9.340312004089355
103562716000,0.0,0.0,-0.0,-2.999112844467163,-0.002356886863708496,-9.340312004089355
103576721000,0.0,0.0,-0.0,-2.999112844467163,-0.002356886863708496,-9.340312004089355
103583592000,0.0,0.0,-0.0,-2.999112844467163,-0.002356886863708496,-9.340312004089355
103590530000,0.0,0.0,-0.0,-2.999112844467163,-0.002356886863708496,-9.340312004089355
103597526000,0.0,0.0,-0.0,-2.999112844467163,-0.002356886863708496,-9.340312004089355
103604433000,0.0,0.0,-0.0,-2.999112844467163,-0.002356886863708496,-9.340312004089355
103618362000,0.0,0.0,-0.0,-2.999112844467163,-0.002356886863708496,-9.340312004089355
103625279000,0.0,0.0,-0.0,-2.999112844467163,-0.002356886863708496,-9.340312004089355
103632252000,0.0,0.0,-0.0,-2.999112844467163,-0.002356886863708496,-9.340312004089355
103646105000,0.0,0.0,-0.0,-2.999112844467163,-0.002356886863708496,-9.340312004089355
103653074000,0.0,0.0,-0.0,-2.999112844467163,-0.002356886863708496,-9.340312004089355
103660146000,0.0,0.0,-0.0,-2.999112844467163,-0.002356886863708496,-9.340312004089355
103666944000,0.0,0.0,-0.0,-2.999112844467163,-0.002356886863708496,-9.340312004089355
103673864000,0.0,0.0,-0.0,-2.999112844467163,-0.002356886863708496,-9.340312004089355
103687764000,0.0,0.0,-0.0,-2.999112844467163,-0.002356886863708496,-9.340312004089355
103694805000,0.0,0.0,-0.0,-2.999112844467163,-0.002356886863708496,-9.340312004089355
103701637000,0.0,0.0,-0.0,-2.999112844467163,-0.002356886863708496,-9.340312004089355
103708568000,0.0,0.0,-0.0,-2.999112844467163,-0.002356886863708496,-9.340312004089355
103715592000,0.0,0.0,-0.0,-2.999112844467163,-0.002356886863708496,-9.340312004089355
103729446000,0.0,0.0,-0.0,-2.999112844467163,-0.002356886863708496,-9.340312004089355
103736363000,0.0,0.0,-0.0,-2.999112844467163,-0.002356886863708496,-9.340312004089355
103743379000,0.0,0.0,-0.0,-2.999112844467163,-0.002356886863708496,-9.340312004089355
103750307000,0.0,0.0,-0.0,-2.999112844467163,-0.002356886863708496,-9.340312004089355
103764267000,0.0,0.0,-0.0,-2.999112844467163,-0.002356886863708496,-9.340312004089355
103771089000,-0.008303973823785782,-0.010888300836086273,-0.0033524269238114357,-2.9756851196289062,0.07503402233123779,-8.356369972229004
103778156000,-0.0017577055841684341,-0.005084010306745768,-0.00306179141625762,-2.9730348587036133,-0.041147470474243164,-10.117493629455566
103784979000,-0.0006034346297383308,-0.005868894048035145,-0.0004934475291520357,-1.8487203121185303,-0.018185734748840332,-9.487865447998047
103791973000,0.002426828257739544,-0.0004860989283770323,0.0001885651145130396,-0.6951901912689209,-0.020208656787872314,-9.373858451843262
103805806000,0.0019984208047389984,0.003513676580041647,0.000728204264305532,-0.0003644227981567383,0.00015437602996826172,-11.076333045959473
103812791000,0.0013627170119434595,0.003734736703336239,0.0008278416935354471,-0.0005943775177001953,0.00011491775512695312,-12.214705467224121
103819756000,0.000702486140653491,0.0031380297150462866,0.0008315893355756998,-0.0007903575897216797,6.437301635742188e-05,-13.212547302246094
103826858000,0.00016864482313394547,0.0021441627759486437,0.0007600295357406139,-0.0008552074432373047,1.52587890625e-05,-14.077536582946777
103833622000,-0.00016727496404200792,0.0011237761937081814,0.0006360446568578482,-0.0011129379272460938,-1.71661376953125e-05,-14.820066452026367
103847534000,-0.00029343145433813334,-0.00016459351172670722,0.0003184633096680045,-0.0015256404876708984,-3.266334533691406e-05,-15.989298820495605
103854463000,-0.0001962789974641055,-0.0003471456002444029,0.00016190098540391773,-0.007216691970825195,-2.7894973754882812e-05,-16.428197860717773
103861479000,-7.291798829101026e-05,-0.00031030469108372927,2.4708904675208032e-05,0.0026857852935791016,-6.67572021484375e-06,-16.832427978515625
103868359000,3.337960515636951e-05,-0.00015745896962471306,-8.456366049358621e-05,-0.0029799938201904297,-2.6226043701171875e-06,-17.135108947753906
103882259000,0.0001348994264844805,0.00017105817096307874,-0.00020895604393444955,-0.004023313522338867,1.52587890625e-05,-17.614072799682617
103889210000,0.0001354122650809586,0.00026230129878968,-0.00022651963809039444,-0.004799604415893555,-1.1920928955078125e-06,-17.79177474975586
103896202000,0.00011792400619015098,0.00029675010591745377,-0.00021995716087985784,-0.005328655242919922,1.4066696166992188e-05,-17.93798828125
103903178000,9.417664841748774e-05,0.00028867690707556903,-0.00019513166625984013,-0.006119728088378906,1.2159347534179688e-05,-18.056121826171875
103910079000,7.29006715118885e-05,0.00025707442546263337,-0.00015823061403352767,-0.009709596633911133,5.0067901611328125e-06,-18.143125534057617
103916990000,5.7647746871225536e-05,0.00021902212756685913,-0.0001151571050286293,-0.0048828125,4.76837158203125e-07,-18.235816955566406
103930888000,4.637196252588183e-05,0.00016272607899736613,-3.0372311812243424e-05,-0.009360074996948242,-4.76837158203125e-07,-18.333663940429688
103937817000,4.6675922931171954e-05,0.0001493453892180696,4.216435627313331e-06,-0.010250091552734375,4.291534423828125e-06,-18.36860466003418
103944758000,4.852075653616339e-05,0.00014421134255826473,3.088452649535611e-05,-0.01128387451171875,-1.9073486328125e-06,-18.39362144470215
103951686000,5.026912549510598e-05,0.00014297844609245658,4.897810140391812e-05,-0.012180805206298828,4.0531158447265625e-06,-18.411283493041992
103958669000,5.110091296955943e-05,0.00014358918997459114,5.879483069293201e-05,-0.013345718383789062,-1.9073486328125e-06,-18.421436309814453
103972510000,4.955446638632566e-05,0.0001423935900675133,5.7675304560689256e-05,-0.015495061874389648,-1.9073486328125e-06,-18.42681884765625
103979501000,4.773664113599807e-05,0.00013958568160887808,4.966101550962776e-05,-0.01679086685180664,3.337860107421875e-06,-18.42279815673828
103986445000,4.5594468247145414e-05,0.0001355107524432242,3.90353161492385e-05,-0.017899036407470703,-1.9073486328125e-06,-18.41596031188965
103993451000,4.3591237044893205e-05,0.00013093336019665003,2.719110307225492e-05,-0.020404577255249023,-9.059906005859375e-06,-18.40228271484375
104000311000,4.187312151771039e-05,0.00012617337051779032,1.5476218322874047e-05,-0.019429922103881836,5.4836273193359375e-06,-18.397024154663086
104014239000,3.9222053601406515e-05,0.00011716791777871549,-3.8024918467272073e-06,-0.023215055465698242,-5.9604644775390625e-06,-18.363544464111328
104021132000,3.812804789049551e-05,0.0001130398886743933,-1.032357249641791e-05,-0.02473592758178711,4.76837158203125e-06,-18.346073150634766
104028191000,3.710680903168395e-05,0.0001095008774427697,-1.443606561224442e-05,-0.026245594024658203,0.0,-18.327314376831055
104035015000,3.614785964600742e-05,0.00010621667024679482,-1.633356987440493e-05,-0.027762889862060547,-5.245208740234375e-06,-18.307689666748047
104049009000,3.3691758289933205e-05,0.00010034392471425235,-1.4917925000190735e-05,-0.03079819679260254,-9.5367431640625e-07,-18.266233444213867
104055865000,3.271983587183058e-05,9.753255289979279e-05,-1.240447090822272e-05,-0.03256797790527344,-5.245208740234375e-06,-18.243915557861328
104062886000,3.155308513669297e-05,9.478874562773854e-05,-9.406379831489176e-06,-0.03424787521362305,2.6226043701171875e-06,-18.22151756286621
104069747000,3.0802963010501117e-05,9.176941239275038e-05,-6.181637218105607e-06,-0.03596067428588867,-1.1920928955078125e-06,-18.198509216308594
104076748000,2.990970097016543e-05,8.901413821149617e-05,-3.1549243431072682e-06,-0.037789106369018555,-5.4836273193359375e-06,-18.17490577697754
104090668000,2.803467941703275e-05,8.324494410771877e-05,1.633356987440493e-06,-0.05219244956970215,-1.0967254638671875e-05,-18.0949649810791
104097635000,2.703246718738228e-05,8.044505375437438e-05,3.1817462513572536e-06,-0.0324397087097168,2.86102294921875e-06,-18.134668350219727
104104479000,2.609355578897521e-05,7.813832053216174e-05,4.0817085391609e-06,-0.04517364501953125,-9.298324584960938e-06,-18.077795028686523
104111528000,2.5455366994719952e-05,7.582725811516866e-05,4.47000638814643e-06,-0.0472867488861084,2.6226043701171875e-06,-18.0524959564209
104118441000,2.449133899062872e-05,7.367914076894522e-05,4.378064204502152e-06,-0.05088400840759277,-2.1457672119140625e-06,-18.022518157958984
104132343000,2.320609928574413e-05,6.932840187801048e-05,3.0947421691962518e-06,-0.05335497856140137,-7.152557373046875e-06,-17.97637939453125
104139212000,2.25630501518026e-05,6.72738315188326e-05,2.2657432054984383e-06,-0.05553078651428223,1.430511474609375e-06,-17.950563430786133
104146222000,2.1678228222299367e-05,6.501217285403982e-05,1.3507560652215034e-06,-0.05782365798950195,-1.9073486328125e-06,-17.92418670654297
104153141000,2.083625440718606e-05,6.29063870292157e-05,5.375741238822229e-07,-0.06271624565124512,-6.67572021484375e-06,-17.890287399291992
104167023000,1.985278504434973e-05,5.87417307542637e-05,-7.172930054366589e-07,-0.06444382667541504,-1.0251998901367188e-05,-17.845802307128906
104173957000,1.9187886209692806e-05,5.6863656936911866e-05,-1.0383459994045552e-06,-0.0668797492980957,2.384185791015625e-06,-17.818958282470703
104180924000,1.853451249189675e-05,5.5336946388706565e-05,-1.1571382856345735e-06,-0.06922698020935059,4.76837158203125e-07,-17.792387008666992
104187876000,1.797438017092645e-05,5.361119838198647e-05,-1.1773586265917402e-06,-0.07168412208557129,-1.9073486328125e-06,-17.76545524597168
104194840000,1.7494166968390346e-05,5.204832268645987e-05,-1.0594203558866866e-06,-0.07426810264587402,-3.814697265625e-06,-17.738157272338867
104208664000,1.6348280041711405e-05,4.883302244707011e-05,-6.65067091176752e-07,-0.07917618751525879,-8.344650268554688e-06,-17.6843318939209
104215638000,1.576657814439386e-05,4.728486237581819e-05,-4.4167791202198714e-07,-0.08188915252685547,4.76837158203125e-07,-17.656797409057617
104222583000,1.5601388440700248e-05,4.604095738613978e-05,-2.3199254428618588e-07,-0.08435249328613281,-1.6689300537109375e-06,-17.629928588867188
104229558000,1.5209636330837384e-05,4.464103767531924e-05,-3.519016900099814e-08,-0.08714175224304199,-3.5762786865234375e-06,-17.601959228515625
104236439000,1.4873767213430256e-05,4.3107313103973866e-05,5.8250407164450735e-08,-0.08971285820007324,-5.245208740234375e-06,-17.57488250732422
104250400000,1.3862474588677287e-05,4.0641461964696646e-05,1.8262835510540754e-07,-0.09524679183959961,-8.821487426757812e-06,-17.519371032714844
104257290000,1.3218555977800861e-05,3.926158751710318e-05,1.7141383068519644e-07,-0.09813714027404785,-1.049041748046875e-05,-17.49129295349121
104264275000,1.2833283108193427e-05,3.7828423955943435e-05,2.065246462734649e-07,-0.1009669303894043,-1.430511474609375e-06,-17.463497161865234
104271223000,1.2336207873886451e-05,3.6599776649381965e-05,2.394808689132333e-07,-0.10395407676696777,-3.337860107421875e-06,-17.435251235961914
104278192000,1.2076823622919619e-05,3.562980054994114e-05,2.2477343009086326e-07,-0.10669326782226562,-4.291534423828125e-06,-17.40768051147461
104292000000,1.138987863669172e-05,3.3823329431470484e-05,6.670279617537744e-08,-0.11278891563415527,-6.67572021484375e-06,-17.3509521484375
104299052000,1.0931991710094735e-05,3.274924529250711e-05,1.6967305782600306e-08,-0.11576008796691895,-8.58306884765625e-06,-17.322702407836914
104305930000,1.0372674296377227e-05,3.1661656976211816e-05,1.5925252228043973e-08,-0.11880087852478027,-1.0013580322265625e-05,-17.294599533081055
104312867000,1.0059950000140816e-05,3.081266186200082e-05,1.4946863302611746e-08,-0.12199234962463379,-1.0967254638671875e-05,-17.265779495239258
104319787000,9.791843694983982e-06,2.9584507501567714e-05,1.4028728401171975e-08,-0.12517809867858887,-1.2636184692382812e-05,-17.237287521362305
104333702000,9.496003258391283e-06,2.7759986551245674e-05,1.2364807844278403e-08,-0.13149571418762207,-1.6689300537109375e-06,-17.180442810058594
104340646000,9.058217983692884e-06,2.6800673367688432e-05,-3.403306436666753e-08,-0.13482236862182617,-3.0994415283203125e-06,-17.151500701904297
104347638000,8.682911357027479e-06,2.5978239136748016e-05,-3.194372766301967e-08,-0.13810253143310547,-3.814697265625e-06,-17.122753143310547
104354492000,8.194379915948957e-06,2.518977998988703e-05,-2.9981947591295466e-08,-0.14150214195251465,-5.245208740234375e-06,-17.09379768371582
104361564000,8.109092959784903e-06,2.451381806167774e-05,-2.814113031490706e-08,-0.16103053092956543,-1.8835067749023438e-05,-17.02120590209961
104375370000,7.722775990259834e-06,2.31844860536512e-05,-2.4781684260233305e-08,-0.15162110328674316,-8.106231689453125e-06,-17.007314682006836
104382370000,7.371250831056386e-06,2.2294378140941262e-05,2.2379254005500115e-08,-0.15521788597106934,-8.58306884765625e-06,-16.977975845336914
104389403000,7.153264959924854e-06,2.1614647266687825e-05,6.664322427241132e-08,-0.15875864028930664,-9.5367431640625e-06,-16.948768615722656
104396253000,6.799606126151048e-06,2.1031893993495032e-05,1.0819121598615311e-07,-0.1621532440185547,-1.0251998901367188e-05,-16.92017936706543
104403154000,6.663191015832126e-06,2.036554360529408e-05,1.0154758456337731e-07,-0.16577672958374023,-1.1444091796875e-05,-16.890817642211914
104417072000,6.445976396207698e-06,1.9364124455023557e-05,4.3819682105095126e-08,-0.17312288284301758,0.0,-16.832292556762695
104424035000,6.026486516930163e-06,1.8768983863992617e-05,-4.510411599767394e-09,-0.17675471305847168,-1.1920928955078125e-06,-16.80307388305664
104430964000,6.000387656968087e-06,1.775846612872556e-05,-4.98720282848808e-08,-0.18047571182250977,-1.6689300537109375e-06,-16.773895263671875
104437912000,5.811247319797985e-06,1.7225673218490556e-05,-4.6809532250335906e-08,-0.18433260917663574,-2.6226043701171875e-06,-16.744342803955078
104445014000,5.8158602769253775e-06,1.6685509763192385e-05,-4.3934960558544844e-08,-0.18800592422485352,-3.0994415283203125e-06,-16.71525764465332
104458741000,5.513466021511704e-06,1.5813529898878187e-05,6.935238161531743e-09,-0.1957242488861084,-4.76837158203125e-06,-16.65631103515625
104465680000,5.3938001656206325e-06,1.530809822725132e-05,5.2149630391795654e-08,-0.199493408203125,-5.245208740234375e-06,-16.627302169799805
104472628000,5.2912155297235586e-06,1.4874806765874382e-05,4.894707217317773e-08,-0.2034773826599121,-5.9604644775390625e-06,-16.597614288330078
104479615000,5.119883098814171e-06,1.4586724319087807e-05,9.158043212664779e-08,-0.20746207237243652,-6.9141387939453125e-06,-16.568132400512695
104493498000,4.537340828392189e-06,1.3746798686042894e-05,8.067809176282026e-08,-0.21549344062805176,-7.867813110351562e-06,-16.508922576904297
104500429000,4.556966814561747e-06,1.3286133253131993e-05,3.008403837156948e-08,-0.2194664478302002,-7.867813110351562e-06,-16.479755401611328
104507373000,4.573791557049844e-06,1.2891208825749345e-05,-1.7402498997398652e-08,-0.2236170768737793,-8.821487426757812e-06,-16.44990348815918
104514307000,4.4214411900611594e-06,1.2385855370666832e-05,-6.197353741299594e-08,-0.2276170253753662,-8.821487426757812e-06,-16.420814514160156
104521227000,4.124070983380079e-06,1.1869241461681668e-05,-1.0380733783676988e-07,-0.23179197311401367,-9.5367431640625e-06,-16.391149520874023
104535116000,3.7339568734751083e-06,1.1058556992793456e-05,-1.342855284747202e-07,-0.24026179313659668,-1.0728836059570312e-05,-16.331623077392578
104542103000,3.618064511101693e-06,1.0898103028011974e-05,-1.260389126400696e-07,-0.24438738822937012,-1.0728836059570312e-05,-16.30247688293457
104549065000,3.6020965126226656e-06,1.0510390893614385e-05,-7.26593043509638e-08,-0.24870729446411133,-1.1205673217773438e-05,-16.272823333740234
104555955000,3.6717965485877357e-06,1.0344768270442728e-05,-2.2558424461749382e-08,-0.25294947624206543,-2.86102294921875e-06,-16.243358612060547
104562916000,3.648160600278061e-06,1.0036019375547767e-05,2.4465805381623795e-08,-0.25731778144836426,-3.5762786865234375e-06,-16.21384620666504
104576771000,3.27699126501102e-06,9.37763888941845e-06,2.1553319129452575e-08,-0.2660825252532959,-4.0531158447265625e-06,-16.154462814331055
104583747000,3.142921741527971e-06,9.040119948622305e-06,2.022972012127866e-08,-0.27045345306396484,-4.5299530029296875e-06,-16.12517738342285
104590725000,2.8612221285584383e-06,8.667388101457618e-06,1.89874072020757e-08,-0.2749674320220947,-5.245208740234375e-06,-16.09544563293457
104597644000,2.7864816729561426e-06,8.431221431237645e-06,1.7821264464146225e-08,-0.2793307304382324,-5.4836273193359375e-06,-16.06591796875
104604552000,2.6390225684735924e-06,8.228753358707763e-06,1.6726801277400227e-08,-0.2838301658630371,-5.4836273193359375e-06,-16.036359786987305
104618445000,2.4876126190065406e-06,7.90636840974912e-06,1.4735462627868401e-08,-0.2930033206939697,-6.4373016357421875e-06,-15.9773530960083
104625436000,2.299413154105423e-06,7.612022272951435e-06,1.3830401712766616e-08,-0.29746150970458984,-5.9604644775390625e-06,-15.948107719421387
104632378000,2.138074705726467e-06,7.359683877439238e-06,5.861949148311396e-08,-0.302152156829834,-6.198883056640625e-06,-15.918476104736328
104639284000,1.9997573872387875e-06,7.143351467675529e-06,5.501965461007785e-08,-0.3068974018096924,-6.67572021484375e-06,-15.88880443572998
104653164000,2.2679123503621668e-06,6.775092515454162e-06,2.8315412237134296e-09,-0.3161308765411377,-6.9141387939453125e-06,-15.830184936523438
104660204000,2.277832663821755e-06,6.475411282735877e-06,-4.298055955587188e-08,-0.32088446617126465,-7.62939453125e-06,-15.800748825073242
104667108000,2.369719368289225e-06,6.218491762410849e-06,-8.59794795360358e-08,-0.325716495513916,-7.62939453125e-06,-15.771126747131348
104674017000,2.1149580788915046e-06,6.164995284052566e-06,1.0579640274954727e-08,-0.33030152320861816,-7.867813110351562e-06,-15.742265701293945
104680983000,1.9799399524345063e-06,6.035751539457124e-06,1.0120652405021247e-07,-0.33516478538513184,-8.344650268554688e-06,-15.712721824645996
104695190000,1.6815670278447215e-06,5.663193405780476e-06,2.2046816638976452e-07,-0.3448638916015625,-9.5367431640625e-06,-15.654221534729004
104701803000,1.6083881746453699e-06,5.355404482543236e-06,1.6129121149788261e-07,-0.3497631549835205,-9.298324584960938e-06,-15.624802589416504
104708698000,1.629035068617668e-06,5.008146217733156e-06,1.0574751740932697e-07,-0.35466432571411133,-9.775161743164062e-06,-15.5958251953125
104715701000,1.6467356545035727e-06,4.877206720266258e-06,5.361471266951412e-08,-0.35964179039001465,-9.5367431640625e-06,-15.566452980041504
104729662000,1.5200475900201127e-06,4.513840849540429e-06,-4.124450470044394e-08,-0.3694155216217041,-9.775161743164062e-06,-15.508369445800781
104736494000,1.5532996258116327e-06,4.4534353946801275e-06,-8.435065979028877e-08,-0.37453269958496094,-1.0251998901367188e-05,-15.479393005371094
104743433000,1.4984225344960578e-06,4.318264473113231e-06,-1.248099295025895e-07,-0.37949931621551514,-1.0251998901367188e-05,-15.450393676757812
104750485000,1.5347604858106934e-06,4.1189991861756425e-06,-1.6278443126793718e-07,-0.3845665454864502,-1.049041748046875e-05,-15.42128849029541
104757373000,1.315758709097281e-06,4.198319402348716e-06,-1.0714842346715159e-07,-0.3895803689956665,-1.0728836059570312e-05,-15.392635345458984
104771265000,1.1934071153518744e-06,4.241234364599222e-06,-5.918366241530748e-09,-0.3998910188674927,-1.0728836059570312e-05,-15.33450984954834
104778250000,1.1898846423719078e-06,4.136340976401698e-06,-5.119534307596041e-08,-0.4048912525177002,-1.0967254638671875e-05,-15.306228637695312
104785122000,1.3536300684791058e-06,4.0464187804900575e-06,-9.36896356051875e-08,-0.41017794609069824,-1.1205673217773438e-05,-15.277124404907227
104792086000,1.3272442629386205e-06,3.969327281083679e-06,-1.3357529837776383e-07,-0.4152318239212036,-1.1205673217773438e-05,-15.248602867126465
104799040000,1.137859271693742e-06,3.7364720810728613e-06,-1.2537270777102094e-07,-0.42057251930236816,-1.1444091796875e-05,-15.21969985961914
104812961000,9.196812698064605e-07,3.4490760754124494e-06,-1.1044778602808947e-07,-0.4310382604598999,-1.1682510375976562e-05,-15.162681579589844
104819860000,8.718329809198622e-07,3.3738358524715295e-06,-1.0366522928961786e-07,-0.43622148036956787,-1.1682510375976562e-05,-15.134334564208984
104826801000,7.474288850062294e-07,3.2259495128528215e-06,-9.729942007652426e-08,-0.44158852100372314,-1.2040138244628906e-05,-15.105710983276367
104833768000,8.07544438430341e-07,2.9323944090720033e-06,-4.568431677398621e-08,-0.44677698612213135,-1.1801719665527344e-05,-15.077576637268066
104840664000,9.424627478438197e-07,2.7641171982395463e-06,2.7596342988545075e-09,-0.4522291421890259,-1.2040138244628906e-05,-15.049001693725586
104854560000,1.085811391021707e-06,2.4246803604910383e-06,9.090736341477168e-08,-0.46294116973876953,-1.2040138244628906e-05,-14.992554664611816
104861612000,9.3087191999075e-07,2.412231424386846e-06,8.532460071819514e-08,-0.46835291385650635,-1.1920928955078125e-05,-14.964495658874512
104868456000,8.814265584078385e-07,2.3181735286925687e-06,8.008477436760586e-08,-0.47368431091308594,-1.2159347534179688e-05,-14.93638801574707
104875428000,8.390375114686321e-07,2.4043060875555966e-06,7.516676703289704e-08,-0.47928619384765625,-1.2278556823730469e-05,-14.908267974853516
104882386000,8.026961495488649e-07,2.4781488718872424e-06,7.055064088490326e-08,-0.4846895933151245,-1.1920928955078125e-05,-14.880213737487793
104896259000,8.997035365609918e-07,2.44085572376207e-06,6.215181258539815e-08,-0.495471715927124,-1.1920928955078125e-05,-14.824606895446777
104903175000,8.547053766960744e-07,2.5094834654737497e-06,5.833496175000619e-08,-0.5010617971420288,-1.2159347534179688e-05,-14.796844482421875
104910162000,7.327455477934564e-07,2.4849337023624685e-06,5.475251896314148e-08,-0.5065809488296509,-1.1920928955078125e-05,-14.76889419555664
104917143000,6.281884452619124e-07,2.4638868580950657e-06,5.1390031785558676e-08,-0.5122189521789551,-1.2516975402832031e-05,-14.741129875183105
104924126000,8.720887763047358e-07,2.1123039459780557e-06,4.823480992399709e-08,-0.546877384185791,-3.910064697265625e-05,-14.650394439697266
104938022000,9.290433808928356e-07,1.8829467762770946e-06,4.2459433302610705e-08,-0.5289132595062256,-3.814697265625e-06,-14.65845012664795
104944970000,7.964779342728434e-07,1.9477979549265e-06,3.9852011468610726e-08,-0.5347293615341187,-3.933906555175781e-06,-14.630643844604492
104951913000,6.828236109868158e-07,2.00339832190366e-06,3.74046749129775e-08,-0.5401033163070679,-3.933906555175781e-06,-14.603732109069824
104958865000,5.853896709595574e-07,2.0510628928605e-06,3.5107660778521677e-08,-0.5458117723464966,-4.291534423828125e-06,-14.576370239257812
104972751000,5.13631107423862e-07,1.8053256098937709e-06,3.092824840678077e-08,-0.5572669506072998,-5.0067901611328125e-06,-14.521992683410645
104979720000,6.071070401958423e-07,1.714486415949068e-06,2.9028981884948735e-08,-0.5629048347473145,-4.649162292480469e-06,-14.495085716247559
104986579000,6.872450057926471e-07,1.6366094541808707e-06,2.7246372269473795e-08,-0.5686320066452026,-5.245208740234375e-06,-14.468006134033203
104993537000,7.559474397567101e-07,1.5698450397394481e-06,2.557325018415213e-08,-0.5743541717529297,-4.887580871582031e-06,-14.441144943237305
105007429000,7.819053280400112e-07,1.3799414091408835e-06,2.2526492671204323e-08,-0.5819780826568604,-1.7881393432617188e-06,-14.395712852478027
105014451000,8.371007425012067e-07,1.3498013231583172e-06,2.1143165440662415e-08,-0.5947294235229492,-8.463859558105469e-06,-14.354316711425781
105021378000,7.174979828050709e-07,1.1569452453841222e-06,-2.585503722229987e-08,-0.5942404270172119,-3.0994415283203125e-06,-14.340934753417969
105028350000,6.151163916001678e-07,9.918578598444583e-07,-6.9906320732116e-08,-0.6032266616821289,-6.318092346191406e-06,-14.307829856872559
105042178000,1.4235467915568734e-07,1.0387304882897297e-06,-1.5006028775133018e-07,-0.6148073673248291,-6.318092346191406e-06,-14.255010604858398
105049150000,1.2204145605210215e-07,1.1406640396671719e-06,-1.4084514532441972e-07,-0.6206860542297363,-6.198883056640625e-06,-14.22880744934082
105056124000,1.0462701993674273e-07,1.311434402850864e-06,-1.3219607808423461e-07,-0.6264780759811401,-6.079673767089844e-06,-14.202558517456055
105063041000,2.5646272661106195e-07,1.2910702480439795e-06,-7.843981109090237e-08,-0.6324877738952637,-6.318092346191406e-06,-14.176412582397461
105069936000,3.8663483792333864e-07,1.2736114740619087e-06,-2.798391562919278e-08,-0.6382358074188232,-5.9604644775390625e-06,-14.15046215057373
105083877000,2.600475568215188e-07,9.118089110415895e-07,6.388241047261545e-08,-0.6469442844390869,-3.814697265625e-06,-14.104930877685547
105090855000,5.617044962491491e-08,6.149292062218592e-07,1.0559903529383519e-07,-0.6559630632400513,-6.794929504394531e-06,-14.07282543182373
105097771000,2.1492508039955283e-07,6.939518470971962e-07,1.4475392617896432e-07,-0.6618921756744385,-7.152557373046875e-06,-14.047051429748535
105104670000,3.5102630135952495e-07,7.616984021296958e-07,1.8150433334085392e-07,-0.6679168939590454,-6.9141387939453125e-06,-14.021408081054688
105111856000,3.843219928967301e-07,7.363927352344035e-07,2.159983836236279e-07,-0.6737645864486694,-6.9141387939453125e-06,-13.996115684509277
105125548000,4.2543706513242796e-07,6.842012680863263e-07,2.3312047403578617e-07,-0.6857491731643677,-7.033348083496094e-06,-13.945061683654785
105132494000,3.647294875008811e-07,5.865693992745946e-07,2.1880464373680297e-07,-0.6917366981506348,-6.9141387939453125e-06,-13.919917106628418
105139400000,1.459148393223586e-07,6.696389505123079e-07,1.5972817379861226e-07,-0.6976360082626343,-7.033348083496094e-06,-13.894840240478516
105146398000,4.171170076006092e-08,6.574703093065182e-07,1.0428122010353036e-07,-0.7037125825881958,-6.794929504394531e-06,-13.869523048400879
105160227000,5.4455796316688065e-08,4.5942763904349704e-07,3.392258918211155e-09,-0.7157363891601562,-6.9141387939453125e-06,-13.819668769836426
105167236000,2.1345258005567302e-07,2.2710349867338664e-07,-4.245494977794806e-08,-0.7217773199081421,-7.271766662597656e-06,-13.794740676879883
105174131000,1.8299402881893911e-07,4.448517358923709e-07,-3.984784768817917e-08,-0.7278127670288086,-7.152557373046875e-06,-13.770139694213867
105181164000,1.5688226540078176e-07,7.149094471969875e-07,-3.740090193105061e-08,-0.733905553817749,-7.3909759521484375e-06,-13.745214462280273
105195080000,4.4884336602990516e-07,8.113869398584939e-07,-3.294830719369202e-08,-0.7459530830383301,-6.9141387939453125e-06,-13.696379661560059
105201929000,3.847966922876367e-07,3.6207339348948153e-07,-3.0924940830345804e-08,-0.7520848512649536,-7.3909759521484375e-06,-13.67190933227539
105208843000,7.973807214511908e-08,3.1040832482176484e-07,-2.9025962078321754e-08,-0.7581280469894409,-7.152557373046875e-06,-13.647611618041992
105215818000,6.836012289568316e-08,5.99650093136006e-07,-2.7243565625667543e-08,-0.7642775774002075,-7.510185241699219e-06,-13.623324394226074
105222751000,5.860539431523648e-08,7.642402692908945e-07,-2.5570564332610957e-08,-0.7701572179794312,-6.9141387939453125e-06,-13.599449157714844
105236613000,1.926946424646303e-08,5.378929017751943e-07,6.594955692662552e-08,-0.7824863195419312,-7.152557373046875e-06,-13.551445960998535
105243557000,-6.68639188461384e-08,3.7775600958411815e-07,1.0753868195934047e-07,-0.7887529134750366,-7.152557373046875e-06,-13.527459144592285
105250549000,-5.732277941206121e-08,3.238522481296968e-07,1.0093476987549366e-07,-0.7947351932525635,-7.510185241699219e-06,-13.503811836242676
105257498000,-4.914323881166638e-08,2.776409928628709e-07,9.473649953406493e-08,-0.800979733467102,-7.3909759521484375e-06,-13.479974746704102
105264438000,-4.213077886561223e-08,2.3802313364740257e-07,8.891876746019989e-08,-0.806991696357727,-7.271766662597656e-06,-13.45679759979248
105278378000,-3.096526768331387e-08,1.7494215853730566e-07,7.83334570542138e-08,-0.8194416761398315,-7.3909759521484375e-06,-13.409624099731445
105285291000,-2.6546757680989685e-08,1.4997922903603467e-07,7.352309694397263e-08,-0.8255594968795776,-7.3909759521484375e-06,-13.386456489562988
105292181000,-2.2758733564387512e-08,1.2857830711254792e-07,6.900813076526902e-08,-0.831697940826416,-7.271766662597656e-06,-13.363041877746582
105299177000,-1.951114825260447e-08,1.1023061574633175e-07,6.477031178064863e-08,-0.837763786315918,-7.271766662597656e-06,-13.340179443359375
105306138000,-1.6727099705349247e-08,9.450177174130658e-08,6.079290670868431e-08,-0.8440738916397095,-7.510185241699219e-06,-13.31685733795166
105319987000,-1.2293959628095763e-08,6.945621322529405e-08,5.355562393560831e-08,-0.856358528137207,-7.271766662597656e-06,-13.27127456665039
105326928000,-1.053970422049133e-08,5.954533577323673e-08,5.02668413560059e-08,-0.8626102209091187,-7.510185241699219e-06,-13.2485933303833
105333924000,-9.035744596985751e-09,5.1048541394038693e-08,4.7179970152910755e-08,-0.8687329292297363,-7.510185241699219e-06,-13.22605037689209
105340801000,-7.746411512243867e-09,4.376430950969734e-08,4.4282707278853195e-08,-0.8749891519546509,-7.748603820800781e-06,-13.203460693359375
105347784000,-6.641080574354419e-09,3.751955546249519e-08,4.156340338568043e-08,-0.881151556968689,-7.62939453125e-06,-13.180953979492188
105361672000,-4.881021808955666e-09,2.7575914884891972e-08,3.6615389831240464e-08,-0.8934751749038696,-7.152557373046875e-06,-13.136466026306152
105368624000,-4.184538049400999e-09,2.364103934837658e-08,3.4366884449354984e-08,-0.8997565507888794,-7.748603820800781e-06,-13.114256858825684
105375512000,-3.5874343495834182e-09,2.0267640010729338e-08,3.2256455284596086e-08,-0.9060317277908325,-7.748603820800781e-06,-13.091960906982422
105389437000,-2.636666884825445e-09,1.4896162525701584e-08,2.8416383912599485e-08,-0.9184356927871704,-7.867813110351562e-06,-13.048168182373047
105396415000,-2.2604260685454847e-09,1.277052952275426e-08,2.667131759892527e-08,-0.9246280193328857,-7.510185241699219e-06,-13.026651382446289
105403333000,1.648295153700019e-07,1.7771559157608863e-07,7.06724847532314e-08,-0.9307955503463745,-7.3909759521484375e-06,-13.004768371582031
105410281000,3.0807686357547936e-07,3.191242115008208e-07,1.1197157334663643e-07,-0.9370620250701904,-7.987022399902344e-06,-12.983325958251953
105417234000,3.474997356534004e-07,3.5697070188689395e-07,1.5073396752995905e-07,-0.9433580636978149,-7.748603820800781e-06,-12.961831092834473
105424135000,2.9791479505547613e-07,3.0603439427068224e-07,1.4147772731121222e-07,-0.948951005935669,-4.947185516357422e-06,-2.0994880199432373
105438015000,3.72846500340529e-08,4.0660370359546505e-07,1.246351928330114e-07,-0.9605754613876343,-1.9073486328125e-06,9.524922370910645
105445066000,-9.727472161102924e-09,3.9027628417898086e-07,1.1698149648964318e-07,-0.9664187431335449,-9.5367431640625e-07,12.344013214111328
105451916000,-8.339384294231422e-09,5.013525310459954e-07,1.0979788100939913e-07,-0.972501277923584,-4.76837158203125e-07,13.869563102722168
105458886000,-7.149424163799267e-09,4.2981218939530663e-07,8.023539521673229e-08,-0.9783852100372314,-2.384185791015625e-07,14.473320960998535
105465820000,-6.129283747213776e-09,3.6848214790552447e-07,5.24891490272239e-08,-0.9845974445343018,-2.384185791015625e-07,14.426071166992188
105479775000,-4.5048693664284656e-09,2.7082492692898086e-07,2.4821968480637224e-08,-0.9967379570007324,0.0,13.160414695739746
105486637000,-3.862027142531588e-09,2.3218022704440955e-07,4.781810503118322e-10,-1.0066429376602173,-4.291534423828125e-06,12.164751052856445
105493599000,8.02311035386083e-08,2.4075779947452247e-07,-2.241377572431702e-08,-1.005140781402588,4.0531158447265625e-06,11.192030906677246
105500565000,6.878286740175099e-08,1.6471273056595237e-07,-4.3856559273081075e-08,-1.0151376724243164,-7.152557373046875e-07,10.06594467163086
105514511000,2.0542199763440294e-07,1.2106018232316273e-07,-6.005345909443349e-08,-1.0274957418441772,-4.76837158203125e-07,7.935357570648193
105521356000,2.386480559835036e-07,1.246317538061703e-07,-5.6365585976436705e-08,-1.0336592197418213,-9.5367431640625e-07,6.939270973205566
105528382000,2.462866177666001e-07,1.485395699774017e-07,-3.008474180887788e-08,-1.0445361137390137,-6.4373016357421875e-06,5.969541072845459
105535284000,1.4837351614005456e-07,6.460741275304827e-08,-2.8232900461944155e-08,-1.0414468050003052,4.291534423828125e-06,5.174472332000732
105542235000,8.550988184197195e-08,9.708025316967905e-08,-3.679669013934017e-09,-1.0523121356964111,-1.5497207641601562e-06,4.347616195678711
105556152000,1.1496177876324509e-07,2.1282404816247436e-07,-3.2416345163710503e-09,-1.0647953748703003,-1.9073486328125e-06,2.9739930629730225
105563136000,9.334580397535319e-08,1.7724366330185148e-07,-3.0425661989852415e-09,-1.0708825588226318,-1.9073486328125e-06,2.387451648712158
105569991000,8.002606932677736e-08,1.5195232094811217e-07,-2.855720104832926e-09,-1.077071189880371,-1.7881393432617188e-06,1.8612022399902344
105576956000,6.860712176148809e-08,1.302701804206663e-07,-2.6803608221825925e-09,-1.0833427906036377,-2.2649765014648438e-06,1.3912039995193481
105583937000,5.8817533954425016e-08,1.1168185665155761e-07,-2.5157635974437653e-09,-1.0896189212799072,-2.2649765014648438e-06,0.9728379845619202
105597868000,1.3629745865273435e-07,1.7515164074666245e-07,-2.363416840012178e-08,-1.102021336555481,-2.384185791015625e-06,0.27143657207489014
105604729000,1.7938721441623784e-07,2.126970599647393e-07,-4.500262207329797e-08,-1.1081455945968628,-2.2649765014648438e-06,-0.019970208406448364
105611706000,1.4336706044559833e-07,1.7192382983921561e-07,-4.2239069131255746e-08,-1.1143816709518433,-2.2649765014648438e-06,-0.2780933976173401
105618624000,1.229096540100727e-07,1.4739158871179825e-07,-3.9645218663508786e-08,-1.1206121444702148,-2.5033950805664062e-06,-0.5064183473587036
105625555000,1.0537084449424583e-07,1.2635931057047856e-07,-3.721058661199095e-08,-1.1266578435897827,-2.384185791015625e-06,-0.7074967622756958
105639441000,7.744469598947035e-08,9.287064273166834e-08,-3.2780732794890355e-08,-1.1391180753707886,-2.562999725341797e-06,-1.0433872938156128
105646487000,6.639392324814253e-08,7.961869386008402e-08,-3.076770838106313e-08,-1.145288348197937,-2.562999725341797e-06,-1.1831879615783691
105653340000,1.0903481495461165e-07,1.2037249064178468e-07,-6.058796131469535e-09,-1.1516225337982178,-2.7418136596679688e-06,-1.3071709871292114
105660294000,1.5601544589571859e-07,1.6573530103869416e-07,1.7133436003291536e-08,-1.1576149463653564,-2.6226043701171875e-06,-1.4167108535766602
105667265000,1.3375323248965287e-07,1.4208613663413416e-07,3.8900793697393965e-08,-1.1638928651809692,-2.8014183044433594e-06,-1.514599084854126
105681175000,9.830519331899268e-08,1.0442966669188536e-07,5.5687589650688096e-08,-1.180804967880249,-8.58306884765625e-06,-1.6996541023254395
105688076000,8.424203201684577e-08,8.949037066940946e-08,5.225916765994043e-08,-1.1777116060256958,3.039836883544922e-06,-1.731466293334961
105695068000,3.0529498928899557e-08,1.184126006137376e-07,2.6230468463950274e-08,-1.188595175743103,-2.86102294921875e-06,-1.8143359422683716
105701975000,8.871172241242675e-08,3.897713085621035e-08,2.4619694727334718e-08,-1.194688081741333,-2.86102294921875e-06,-1.871429443359375
105708895000,9.689902924492344e-08,1.2569820739827264e-08,2.886899608256499e-10,-1.2009161710739136,-2.9802322387695312e-06,-1.9241100549697876
105715939000,2.0533406086542527e-08,7.331485107897606e-08,-2.2548899636376518e-08,-1.2070605754852295,-3.039836883544922e-06,-1.971536636352539
105729819000,1.5091529803612502e-08,5.388453416799166e-08,-1.9864511813239005e-08,-1.219260573387146,-2.9802322387695312e-06,-2.055732488632202
105736681000,1.2938112803340118e-08,4.619572990804954e-08,-1.8644673360768138e-08,-1.2253817319869995,-2.9206275939941406e-06,-2.0934314727783203
105743655000,1.109196645643351e-08,3.960403915925781e-08,-1.749974387621478e-08,-1.2317174673080444,-3.2186508178710938e-06,-2.1287271976470947
105750635000,9.509186327250063e-09,3.3952673561543634e-08,-1.642507463373022e-08,-1.237654209136963,-2.9802322387695312e-06,-2.161112070083618
105757527000,8.152277075623715e-09,2.910780594334028e-08,-1.541641658775461e-08,-1.2438006401062012,-2.9802322387695312e-06,-2.1921274662017822
105771410000,5.991717344500103e-09,2.1393491422827537e-08,-1.3581133551099356e-08,-1.255959153175354,-3.0994415283203125e-06,-2.2490501403808594
105778366000,5.136753244983083e-09,1.834084706331396e-08,-1.2747143784963555e-08,-1.2621177434921265,-3.0994415283203125e-06,-2.275886297225952
105785358000,4.403778675055037e-09,1.5723745860896088e-08,-1.1964357504723466e-08,-1.2681121826171875,-3.159046173095703e-06,-2.301039218902588
105792263000,3.775401324901395e-09,1.3480117466713182e-08,-1.1229651875055424e-08,-1.2743644714355469,-3.2782554626464844e-06,-2.32596755027771
105799280000,3.236665158112828e-09,1.1556550383318154e-08,-1.05400319583282e-08,-1.2803118228912354,-3.2186508178710938e-06,-2.3491554260253906
105813161000,2.378865993080126e-09,8.493767467143698e-09,-9.285269442216304e-09,-1.2924273014068604,-3.039836883544922e-06,-2.3942675590515137
105820084000,2.039425517352811e-09,7.281788505508757e-09,-8.715081101229316e-09,-1.2984743118286133,-3.0994415283203125e-06,-2.4160163402557373
105826956000,1.7484182990301633e-09,6.242745875795208e-09,-8.179905641725327e-09,-1.304587483406067,-3.3974647521972656e-06,-2.437343120574951
105833946000,1.4989289809363981e-09,5.35194022432961e-09,-7.677581237430786e-09,-1.310559630393982,-3.159046173095703e-06,-2.4577133655548096
105840863000,2.213097616277082e-08,2.5434168549054448e-08,-3.0025610442407924e-08,-1.3166794776916504,-3.3974647521972656e-06,-2.478139638900757
105854762000,1.6265710556240265e-08,1.869344856686439e-08,-7.068913987495762e-08,-1.3286142349243164,-3.3974647521972656e-06,-2.5175700187683105
105861712000,-6.901863081054671e-09,-4.820554622142481e-09,-6.634808613625864e-08,-1.3346691131591797,-3.337860107421875e-06,-2.5364012718200684
105868684000,3.577545015787109e-08,3.755974731234346e-08,-6.2273670664581e-08,-1.3405890464782715,-3.2782554626464844e-06,-2.555237293243408
105875578000,7.236187116177462e-08,7.389154887960103e-08,-5.844956874057061e-08,-1.3466627597808838,-3.4570693969726562e-06,-2.5741965770721436
105889495000,9.487597196766728e-08,9.600024242217842e-08,-3.007279758548975e-08,-1.3585841655731201,-3.4570693969726562e-06,-2.6103951930999756
105896503000,1.2302970731070673e-07,1.239935443209106e-07,-2.8226056159041946e-08,-1.3646001815795898,-3.516674041748047e-06,-2.6285006999969482
105903356000,1.0547379503123011e-07,1.0630009938950025e-07,-3.6725271712612084e-09,-1.3703739643096924,-3.2782554626464844e-06,-2.645735740661621
105910331000,4.8732445634414034e-08,4.9440881610962606e-08,1.9372158988062438e-08,-1.3765004873275757,-3.516674041748047e-06,-2.6634886264801025
105917359000,4.177869428190206e-08,4.238603068529301e-08,1.818253458907293e-08,-1.3823022842407227,-3.3974647521972656e-06,-2.6806321144104004
105931179000,-1.098611512873049e-08,-1.0539716654989206e-08,1.6017962067849112e-08,-1.394210934638977,-3.5762786865234375e-06,-2.714592933654785
105938086000,-5.111033374305407e-08,-5.072760700386425e-08,1.503431334981542e-08,-1.4001166820526123,-3.516674041748047e-06,-2.731410503387451
105945013000,-4.38172733652209e-08,-4.348915538798792e-08,1.4111078527889731e-08,-1.4060031175613403,-3.635883331298828e-06,-2.7479424476623535
105952017000,-3.756488098360933e-08,-3.728358066723558e-08,1.3244536134493501e-08,-1.4119250774383545,-3.516674041748047e-06,-2.764362335205078
105958981000,-3.220464606101814e-08,-3.19634985146422e-08,1.2431204510221505e-08,-1.4177601337432861,-3.4570693969726562e-06,-2.780486822128296
105965934000,-2.760935835510736e-08,-2.7402611735283244e-08,1.1667831145700802e-08,-1.4237191677093506,-3.5762786865234375e-06,-2.7968437671661377
105979825000,1.545107686240499e-08,1.5603031755517804e-08,3.169730078411703e-08,-1.4354448318481445,-3.635883331298828e-06,-2.8284146785736084
105986749000,1.3246289398693989e-08,1.3376565632938764e-08,2.9750783170356954e-08,-1.4412332773208618,-3.635883331298828e-06,-2.8439676761627197
105993622000,1.1356117823879686e-08,1.1467803595621717e-08,2.7923800161033796e-08,-1.4470348358154297,-3.5762786865234375e-06,-2.8593149185180664
106000620000,9.735684258771471e-09,9.831435221485663e-09,2.620903316596923e-08,-1.4529234170913696,-3.6954879760742188e-06,-2.8747317790985107
106007566000,8.346472846199049e-09,8.428562736639833e-09,2.4599568604344313e-08,-1.4586628675460815,-3.5762786865234375e-06,-2.8899085521698
106021419000,6.134472929630874e-09,6.194808221948733e-09,2.167109514061849e-08,-1.4703178405761719,-3.6954879760742188e-06,-2.9198880195617676
106028400000,5.2591415666825014e-09,5.310868189667417e-09,2.034031787445656e-08,-1.475996494293213,-3.6954879760742188e-06,-2.9346511363983154
106035329000,4.508711626272088e-09,4.553059262946135e-09,1.9091263681048076e-08,-1.4818401336669922,-3.814697265625e-06,-2.949253559112549
106042266000,3.865360920229932e-09,3.9033807297528256e-09,1.7918907246894378e-08,-1.487598180770874,-3.6954879760742188e-06,-2.963838815689087
106056149000,2.840941037973721e-09,2.868885573548141e-09,1.5785710516524887e-08,-1.499086856842041,-3.814697265625e-06,-2.992201566696167
106063236000,2.4355597538772145e-09,2.4595177006148106e-09,1.4816329496625258e-08,-1.5047504901885986,-3.814697265625e-06,-3.0064685344696045
106070019000,2.0880235318543328e-09,2.108563101899108e-09,1.390647685894919e-08,-1.5105249881744385,-3.6954879760742188e-06,-3.0204076766967773
106076950000,1.7900778637169878e-09,1.8076871111105675e-09,1.3052497749299619e-08,-1.5161707401275635,-3.6954879760742188e-06,-3.0341453552246094
106083956000,1.5346506287983175e-09,1.5497476635317753e-09,1.2250970904403857e-08,-1.5219035148620605,-3.933906555175781e-06,-3.0479536056518555
106097929000,1.1279365219607485e-09,1.1390333121141794e-09,1.079255529390366e-08,-1.5333425998687744,-4.0531158447265625e-06,-3.075064182281494
106104731000,9.669880451923518e-10,9.765019903795746e-10,1.0129797445301847e-08,-1.5389072895050049,-3.933906555175781e-06,-3.0883493423461914
106111677000,8.290058639559561e-10,8.371628390513308e-10,9.507739484604372e-09,-1.5446133613586426,-3.814697265625e-06,-3.1016507148742676
106118660000,7.107111565929358e-10,7.177043404027472e-10,8.923871419597162e-09,-1.5502188205718994,-3.933906555175781e-06,-3.1146128177642822
106125591000,6.092963911186189e-10,6.152920395408046e-10,8.375860005571667e-09,-1.5558700561523438,-3.814697265625e-06,-3.127470016479492
106139452000,4.478180326561443e-10,4.522251462191207e-10,7.3787433940708524e-09,-1.5670742988586426,-4.0531158447265625e-06,-3.153151273727417
106146511000,3.839175366504577e-10,3.8769609744804256e-10,6.925623630138489e-09,-1.5726358890533447,-3.933906555175781e-06,-3.16575288772583
106153414000,3.2913533010159313e-10,3.323749053762981e-10,6.50033005200612e-09,-1.5783016681671143,-3.933906555175781e-06,-3.1782302856445312
106160318000,2.8217012060238744e-10,2.8494762105424343e-10,6.101152028037404e-09,-1.5837948322296143,-4.0531158447265625e-06,-3.1906189918518066
106167301000,2.419063838132729e-10,2.442878677122451e-10,5.726488172541622e-09,-1.589416742324829,-4.172325134277344e-06,-3.203009605407715
106181190000,1.777943903213952e-10,1.7954515652007785e-10,5.044760609251853e-09,-1.6004513502120972,-4.172325134277344e-06,-3.226989507675171
106188135000,1.5242429540762714e-10,1.5392542795922282e-10,4.734967529174128e-09,-1.6059590578079224,-4.0531158447265625e-06,-3.2390003204345703
106195013000,1.3067397164334693e-10,1.3196121972924857e-10,4.444194789954281e-09,-1.6114428043365479,-4.0531158447265625e-06,-3.250685214996338
106201999000,1.120275539001625e-10,1.1313111558663991e-10,4.1712784337732955e-09,-1.6169934272766113,-4.172325134277344e-06,-3.2623558044433594
106208901000,9.604173012434103e-11,9.698802871938028e-11,3.915122004372051e-09,-1.6224305629730225,-4.172325134277344e-06,-3.2738969326019287
106222818000,7.058784112778937e-11,7.128364565289758e-11,3.4490337252890413e-09,-1.6333286762237549,-4.172325134277344e-06,-3.2965526580810547
106229906000,6.051559253705818e-11,6.111217087934051e-11,3.2372355907028805e-09,-1.6388542652130127,-4.291534423828125e-06,-3.3079183101654053
106236698000,5.188049989612864e-11,5.239209066587591e-11,3.0384441629394132e-09,-1.6442747116088867,-4.291534423828125e-06,-3.3192343711853027
106243621000,4.44773662344744e-11,4.491615412938188e-11,2.8518543082611814e-09,-1.649599552154541,-4.172325134277344e-06,-3.3299248218536377
106250644000,3.8130831825355926e-11,3.850708640840139e-11,2.676727728356809e-09,-1.6550912857055664,-4.291534423828125e-06,-3.3409621715545654
106264554000,2.802533205503721e-11,2.8301916366046953e-11,2.3580750685425755e-09,-1.6664550304412842,-5.245208740234375e-06,-3.3650333881378174
106271414000,2.4024476852346766e-11,2.426173151270916e-11,2.2132060628621275e-09,-1.6706362962722778,-3.2186508178710938e-06,-3.3705556392669678
106278378000,2.059624693018236e-11,2.0799723055020536e-11,2.0772936704105405e-09,-1.6765520572662354,-4.410743713378906e-06,-3.383613109588623
106285390000,1.76571812726678e-11,1.7831680576563258e-11,1.949725936256641e-09,-1.681883454322815,-4.410743713378906e-06,-3.3936221599578857
106299298000,1.2977646735023995e-11,1.3106044027821895e-11,1.7176211564162713e-09,-1.6926233768463135,-4.5299530029296875e-06,-3.4145686626434326
106306161000,1.1125753096585811e-11,1.1235817831689587e-11,1.612141198314987e-09,-1.6978309154510498,-4.410743713378906e-06,-3.4242188930511475
106313130000,9.538203560310876e-12,9.63260027297963e-12,1.513141500986137e-09,-1.7031209468841553,-4.410743713378906e-06,-3.4344301223754883
106320114000,8.177139521059473e-12,8.258130290705878e-12,1.420220052672505e-09,-1.708380103111267,-4.291534423828125e-06,-3.4440150260925293
106327016000,7.010322877754049e-12,7.0797950835199686e-12,1.3330073711514956e-09,-1.7137293815612793,-4.410743713378906e-06,-3.453935146331787
106340877000,5.152336890468234e-12,5.203532049691262e-12,1.1743175321043964e-09,-1.7241578102111816,-4.5299530029296875e-06,-3.473238945007324
106347823000,4.417133325773648e-12,4.461001013034149e-12,1.1022021073614496e-09,-1.729276418685913,-4.410743713378906e-06,-3.4823598861694336
106354796000,3.786831959118331e-12,3.8244823974409314e-12,1.0345182488435967e-09,-1.734631061553955,-4.5299530029296875e-06,-3.49212646484375
106361687000,3.246430901882036e-12,3.2787661474742436e-12,9.709887338615886e-10,-1.7396825551986694,-4.410743713378906e-06,-3.501063823699951
106368668000,2.7831764670693815e-12,2.8109459204728182e-12,9.113624299672551e-10,-1.7449662685394287,-4.649162292480469e-06,-3.510636806488037
106382557000,2.0455304117206197e-12,2.065986270949338e-12,8.028656628411568e-10,-1.7551904916763306,-4.410743713378906e-06,-3.5282435417175293
106389531000,1.7536319618649543e-12,1.7711943023357435e-12,7.535633783639639e-10,-1.76041579246521,-4.5299530029296875e-06,-3.537355899810791
106396443000,1.503394631008348e-12,1.5184589696737305e-12,7.072880059411091e-10,-1.7655127048492432,-4.76837158203125e-06,-3.5460410118103027
106403431000,1.288871787075152e-12,1.301812824205939e-12,6.638543048609336e-10,-1.7706093788146973,-4.649162292480469e-06,-3.554725408554077
106417316000,9.472631012918953e-13,9.568179581975755e-13,5.848247441875287e-10,-1.7808794975280762,-4.649162292480469e-06,-3.571939468383789
106424209000,8.120795702559747e-13,8.202882817442969e-13,5.489103616085345e-10,-1.7857853174209595,-4.649162292480469e-06,-3.5799448490142822
106431204000,6.962000420607239e-13,7.032499582670937e-13,5.152029913801925e-10,-1.7909915447235107,-4.76837158203125e-06,-3.5885496139526367
106438144000,5.968420202506763e-13,6.029066135226913e-13,4.835650213586007e-10,-1.7959656715393066,-4.649162292480469e-06,-3.5965986251831055
106445030000,5.116809753680229e-13,5.168920846898573e-13,4.5387027469701025e-10,-1.8009986877441406,-4.76837158203125e-06,-3.604889154434204
106458918000,3.7604641622834833e-13,3.7991138013282466e-13,3.998386066683679e-10,-1.8110160827636719,-4.76837158203125e-06,-3.620840549468994
106465952000,3.2238794966943374e-13,3.257186187433092e-13,3.752846644555774e-10,-1.8159923553466797,-4.649162292480469e-06,-3.6284170150756836
106472807000,2.763830830865288e-13,2.7923843792798664e-13,3.5223923777749633e-10,-1.8210041522979736,-4.76837158203125e-06,-3.6364166736602783
106479811000,2.369215934550084e-13,2.393987785787033e-13,3.3060865156642194e-10,-1.8259613513946533,-5.0067901611328125e-06,-3.643993377685547
106493637000,1.741315425185519e-13,1.7595994106223145e-13,2.9125057920964537e-10,-1.8358807563781738,-4.887580871582031e-06,-3.6589365005493164
106500670000,1.4927989400170816e-13,1.50861961811799e-13,2.733652193498415e-10,-1.8406741619110107,-4.76837158203125e-06,-3.666452169418335
106507591000,1.279670813758571e-13,1.2933404347492683e-13,2.5657820312829926e-10,-1.8456940650939941,-5.0067901611328125e-06,-3.6738035678863525
106514559000,1.0970391262077328e-13,1.1088699403138946e-13,2.408218346960922e-10,-1.8505653142929077,-5.0067901611328125e-06,-3.6808583736419678
106528418000,8.061953882254613e-14,8.150771724224626e-14,2.1215262879792363e-10,-1.8602404594421387,-4.887580871582031e-06,-3.6950416564941406
106535334000,6.9111383282916e-14,6.98816005062497e-14,1.9912457793758165e-10,-1.8650949001312256,-4.887580871582031e-06,-3.702073335647583
106542251000,5.924948032198785e-14,5.991040996633501e-14,1.8689658154436017e-10,-1.8699820041656494,-5.0067901611328125e-06,-3.7090117931365967
106549247000,5.0790968653124935e-14,5.136863157062521e-14,1.7541933183817804e-10,-1.8748000860214233,-5.125999450683594e-06,-3.7157068252563477
106556208000,4.353635507658993e-14,4.40394248846232e-14,1.6464687946360357e-10,-1.8795307874679565,-5.0067901611328125e-06,-3.7223222255706787
106570032000,3.19900356204883e-14,3.23716747852032e-14,1.450463776864197e-10,-1.8891396522521973,-5.125999450683594e-06,-3.7356245517730713
106577025000,2.742597815519332e-14,2.7755575615628914e-14,1.361392665266692e-10,-1.8938522338867188,-5.125999450683594e-06,-3.741990327835083
106583953000,2.350897254643769e-14,2.3795201919973863e-14,1.2777912061778807e-10,-1.898695468902588,-5.245208740234375e-06,-3.7483136653900146
106590950000,2.0152282620422568e-14,2.0403817524439205e-14,1.1993236959106923e-10,-1.9033997058868408,-5.125999450683594e-06,-3.754683256149292
106604788000,1.480586486746205e-14,1.4998419173295474e-14,1.0565463781642137e-10,-1.912735939025879,-5.0067901611328125e-06,-3.766913414001465
106611729000,1.2687767503294367e-14,1.2861239850892048e-14,9.916642507157292e-11,-1.917494535446167,-5.125999450683594e-06,-3.7730040550231934
106618683000,1.0874981470898604e-14,1.1027637136784563e-14,9.307656034795997e-11,-1.9220893383026123,-5.0067901611328125e-06,-3.7787160873413086
106625613000,9.320669236423385e-15,9.454242944073599e-15,8.73608407836457e-11,-1.9268122911453247,-5.125999450683594e-06,-3.7846319675445557
106639494000,6.849555644894423e-15,6.952771691715043e-15,7.696097925613543e-11,-1.9361627101898193,-5.245208740234375e-06,-3.796264171600342
106646587000,5.871171604443504e-15,5.960509863456309e-15,7.223490555707812e-11,-1.940678358078003,-5.125999450683594e-06,-3.8017916679382324
106653376000,5.028963356856764e-15,5.111362721965662e-15,6.779905109555173e-11,-1.9453556537628174,-5.245208740234375e-06,-3.807405948638916
106660343000,4.3081857525884004e-15,4.3836462237933915e-15,6.363552740307199e-11,-1.9498887062072754,-5.245208740234375e-06,-3.8127617835998535
106667309000,3.693226280354622e-15,3.7582784107037526e-15,5.972769501205732e-11,-1.9551901817321777,-6.9141387939453125e-06,-3.8221449851989746
106681212000,2.7113727929517495e-15,2.764281858969042e-15,5.261483956853219e-11,-1.9636003971099854,-5.364418029785156e-06,-3.8287034034729004
106688139000,2.3245294578089215e-15,2.3713669916602953e-15,4.9383826888904636e-11,-1.968130350112915,-5.364418029785156e-06,-3.833860158920288
106695040000,1.990595188683386e-15,2.033095913844818e-15,4.635118330820198e-11,-1.9726190567016602,-5.245208740234375e-06,-3.8388547897338867
106702031000,1.7061005386231898e-15,1.7442644550946795e-15,4.3504772700986294e-11,-1.977096676826477,-5.245208740234375e-06,-3.8438143730163574
106708947000,1.4610708476414658e-15,1.4961989980299961e-15,4.083315977010393e-11,-1.9815397262573242,-5.245208740234375e-06,-3.8486342430114746
106722892000,1.0711917464156784e-15,1.0993810029003015e-15,3.59720760123583e-11,-1.9904714822769165,-5.364418029785156e-06,-3.858290195465088
106729890000,9.181023996607252e-16,9.441232518003773e-16,3.3763044443579915e-11,-1.994920015335083,-5.4836273193359375e-06,-3.862934112548828
106736732000,7.871307772244762e-16,8.101158632811689e-16,3.168967172006987e-11,-1.9993538856506348,-5.364418029785156e-06,-3.867534637451172
106743659000,6.739400704169896e-16,6.947567521287112e-16,2.9743620760802614e-11,-2.0038158893585205,-5.4836273193359375e-06,-3.871997356414795
106750640000,5.772292366312826e-16,5.958775139980332e-16,2.7917073167071926e-11,-2.008267402648926,-5.602836608886719e-06,-3.876427173614502
106764557000,4.2327252813834093e-16,4.393187202911264e-16,2.4593618808133044e-11,-2.0168826580047607,-5.245208740234375e-06,-3.884995460510254
106771440000,3.619066851756614e-16,3.7643499428696714e-16,2.3083377223565016e-11,-2.0213756561279297,-5.7220458984375e-06,-3.8893990516662598
106778376000,3.1073234263434557e-16,3.230922474006803e-16,2.1665835792106236e-11,-2.0255954265594482,-5.4836273193359375e-06,-3.893296718597412
106785382000,2.662800535624399e-16,2.7777259659078624e-16,2.0335361866630208e-11,-2.0299384593963623,-5.364418029785156e-06,-3.897353410720825
106792282000,2.2789929665645303e-16,2.387413183813081e-16,1.9086610764107448e-11,-2.0342869758605957,-5.602836608886719e-06,-3.9015331268310547
106806159000,1.6653345369377348e-16,1.7607443281164592e-16,1.6814400566333987e-11,-2.0428590774536133,-5.4836273193359375e-06,-3.9252688884735107
106813155000,1.4289784633358948e-16,1.5092094240998222e-16,1.5781848050622216e-11,-2.047114133834839,-5.602836608886719e-06,-3.9403867721557617
106820109000,1.218643241873707e-16,1.2967057982926633e-16,1.4812678861275685e-11,-2.051356315612793,-5.602836608886719e-06,-3.955131769180298
106826988000,1.0451708942760263e-16,1.1123914289701275e-16,1.3903036708007299e-11,-2.0555617809295654,-5.7220458984375e-06,-3.9702134132385254
106840876000,7.589415207398531e-17,8.239936510889834e-17,1.2247928365960448e-11,-2.064066171646118,-5.841255187988281e-06,-4.00051212310791
106847886000,6.483528991463317e-17,7.090682208055199e-17,1.1495798236949017e-11,-2.068192481994629,-5.7220458984375e-06,-4.015900611877441
106854802000,5.551115123125783e-17,6.071532165918825e-17,1.0789835171165496e-11,-2.0724291801452637,-5.602836608886719e-06,-4.030819892883301
106861708000,4.7596475372113645e-17,5.2150124496552763e-17,1.0127245396451823e-11,-2.0766046047210693,-5.9604644775390625e-06,-4.046324253082275
106868699000,4.0766001685454967e-17,4.5211230592645535e-17,9.505334019888068e-12,-2.080711841583252,-5.7220458984375e-06,-4.061550140380859
106875592000,3.5019730171281793e-17,3.870601755773251e-17,8.921624723712274e-12,-2.084918260574341,-5.9604644775390625e-06,-4.076894283294678
106889504000,2.5370330836160804e-17,2.862293735361732e-17,7.859543744992425e-12,-2.0930678844451904,-5.841255187988281e-06,-4.107883453369141
106896460000,2.1575623232461538e-17,2.482822974991805e-17,7.376898571165302e-12,-2.097222328186035,-5.9604644775390625e-06,-4.123324394226074
106903424000,1.8431436932253575e-17,2.1250362580715887e-17,6.923885076393077e-12,-2.1011672019958496,-5.841255187988281e-06,-4.138751983642578
106910337000,1.5612511283791264e-17,1.8323016715005025e-17,6.498691775685961e-12,-2.105337142944336,-5.841255187988281e-06,-4.154170036315918
106917397000,1.3227266504323154e-17,1.5829351718288365e-17,6.099615604271413e-12,-2.1093454360961914,-5.841255187988281e-06,-4.169796943664551
106931189000,9.540979117872439e-18,1.1980434005964824e-17,5.373466862440557e-12,-2.1174376010894775,-5.841255187988281e-06,-4.2007975578308105
106938113000,7.968885967768458e-18,1.0245710529988017e-17,5.0434938343724145e-12,-2.121448040008545,-6.079673767089844e-06,-4.21672248840332
106945087000,6.7220534694101275e-18,8.782037597132586e-18,4.733774570248039e-12,-2.1254241466522217,-6.079673767089844e-06,-4.232245922088623
106952050000,5.7462715141731735e-18,7.643625316022806e-18,4.443075247995143e-12,-2.1295084953308105,-6.198883056640625e-06,-4.247884750366211
106965911000,4.065758146820642e-18,5.7462715141731735e-18,3.914135508764627e-12,-2.1372694969177246,-6.198883056640625e-06,-4.279167652130127
106972827000,3.469446951953614e-18,5.041540102057596e-18,3.673776127061101e-12,-2.141254186630249,-6.079673767089844e-06,-4.294943809509277
106979815000,2.927345865710862e-18,4.336808689942018e-18,3.4481775074146626e-12,-2.14524245262146,-6.198883056640625e-06,-4.310797691345215
106986796000,2.3852447794681098e-18,3.74049749507499e-18,3.236426101074774e-12,-2.149109363555908,-6.079673767089844e-06,-4.3264336585998535
106993668000,1.951563910473908e-18,3.3068166260807885e-18,3.0376783987512423e-12,-2.152972936630249,-6.079673767089844e-06,-4.341987609863281
107007568000,1.3552527156068805e-18,2.4936649967166602e-18,2.676058376629986e-12,-2.1607604026794434,-6.198883056640625e-06,-4.373714923858643
107014516000,1.0842021724855044e-18,2.1955093992831465e-18,2.5117226007398408e-12,-2.1644859313964844,-6.198883056640625e-06,-4.389357089996338
107021442000,9.215718466126788e-19,2.032879073410321e-18,2.357478361830756e-12,-2.168459415435791,-6.318092346191406e-06,-4.405097484588623
107028382000,7.860465750519907e-19,1.7076184216646695e-18,2.212706797302677e-12,-2.1722168922424316,-6.198883056640625e-06,-4.420840740203857
107042301000,3.2526065174565133e-19,1.3010426069826053e-18,1.949287736432992e-12,-2.1798171997070312,-6.4373016357421875e-06,-4.452363967895508
107049310000,2.981555974335137e-19,1.1655173354219173e-18,1.8295827092923433e-12,-2.183506488800049,-6.198883056640625e-06,-4.468051910400391
107056187000,1.8973538018496328e-19,1.0299920638612292e-18,1.7172319339078812e-12,-2.1873841285705566,-6.318092346191406e-06,-4.484011173248291
107063138000,1.0842021724855044e-19,9.215718466126788e-19,1.6117773348617304e-12,-2.191516399383545,-7.152557373046875e-06,-5.568417072296143
107070087000,5.421010862427522e-20,8.131516293641283e-19,1.5128013858972666e-12,-2.1956939697265625,-7.62939453125e-06,-6.2744460105896
107083968000,-2.710505431213761e-20,5.827586677109586e-19,1.332705213547003e-12,-2.203562021255493,-8.463859558105469e-06,-7.419023513793945
107090923000,-6.776263578034403e-20,5.421010862427522e-19,1.2508652967591072e-12,-2.207472801208496,-9.000301361083984e-06,-7.881649971008301
107097894000,-6.776263578034403e-20,5.149960319306146e-19,1.1740502233598127e-12,-2.211304187774658,-9.179115295410156e-06,-8.280282974243164
107104774000,-1.2197274440461925e-19,4.2012834183813297e-19,1.1019530557140889e-12,-2.215142011642456,-9.5367431640625e-06,-8.6221342086792
107111729000,-9.486769009248164e-20,3.9302328752599536e-19,1.0342846371025338e-12,-2.218879461288452,-9.59634780883789e-06,-8.913994789123535
107125843000,-9.486769009248164e-20,3.2526065174565133e-19,9.11154832139438e-13,-2.2263071537017822,-1.0073184967041016e-05,-9.372695922851562
107132619000,-1.0842021724855044e-19,2.981555974335137e-19,8.552004048499595e-13,-2.230036973953247,-1.0132789611816406e-05,-9.550739288330078
107139513000,-1.0842021724855044e-19,2.846030702774449e-19,8.026827900270428e-13,-2.233614444732666,-1.0073184967041016e-05,-9.701181411743164
107146481000,-1.0842021724855044e-19,2.439454888092385e-19,7.533917608694429e-13,-2.237213373184204,-1.049041748046875e-05,-9.827996253967285
107153423000,-1.0842021724855044e-19,2.1006417091906648e-19,7.07126902605576e-13,-2.240835428237915,-1.0371208190917969e-05,-9.934935569763184
107167348000,-1.1519648082658485e-19,1.8973538018496328e-19,6.229464643778271e-13,-2.248044729232788,-1.0788440704345703e-05,-10.100653648376465
107174223000,-1.1519648082658485e-19,1.6263032587282567e-19,5.84692125445152e-13,-2.2515437602996826,-1.0728836059570312e-05,-10.164543151855469
107181339000,-1.2197274440461925e-19,1.3552527156068805e-19,5.487868731494927e-13,-2.2550556659698486,-1.0848045349121094e-05,-10.21832275390625
107188144000,-1.0842021724855044e-19,1.4230153513872246e-19,5.150860749210395e-13,-2.258671522140503,-1.1146068572998047e-05,-10.263528823852539
107195046000,-1.0842021724855044e-19,1.2874900798265365e-19,4.834529586557335e-13,-2.2619965076446533,-1.0609626770019531e-05,-10.301958084106445
107208977000,-8.809142651444724e-20,1.0164395367051604e-19,4.2589876395569826e-13,-2.2689170837402344,-1.0728836059570312e-05,-10.361684799194336
107215935000,-9.486769009248164e-20,9.486769009248164e-20,3.9974485310442787e-13,-2.272517204284668,-1.1026859283447266e-05,-10.381827354431152
107222879000,-8.809142651444724e-20,8.809142651444724e-20,3.751966727756628e-13,-2.2758877277374268,-1.0907649993896484e-05,-10.398256301879883
107229787000,-8.809142651444724e-20,8.470329472543003e-20,3.521566176688251e-13,-2.2792367935180664,-1.0907649993896484e-05,-10.411603927612305
107243657000,-7.792703114739563e-20,7.792703114739563e-20,3.1023390779059967e-13,-2.2860641479492188,-1.1086463928222656e-05,-10.43146800994873
107250658000,-8.470329472543003e-20,6.437450399132683e-20,2.91182795106662e-13,-2.2894487380981445,-1.1086463928222656e-05,-10.43868637084961
107257790000,-6.776263578034403e-20,6.437450399132683e-20,2.7330188893254226e-13,-2.2928812503814697,-1.1265277862548828e-05,-10.444387435913086
107264656000,-7.453889935837843e-20,5.759824041329242e-20,2.565187374580641e-13,-2.297154426574707,-1.4483928680419922e-05,-10.447383880615234
107271458000,-6.776263578034403e-20,5.421010862427522e-20,2.407437855837802e-13,-2.298483371734619,-7.927417755126953e-06,-10.454100608825684
107278423000,-7.115076756936123e-20,5.082197683525802e-20,2.2595957765471353e-13,-2.30281400680542,-1.1205673217773438e-05,-10.455284118652344
107292370000,-5.759824041329242e-20,3.7269449679189215e-20,1.9905969505119164e-13,-2.3094096183776855,-1.150369644165039e-05,-10.45875358581543
107299332000,-4.743384504624082e-20,4.404571325722362e-20,1.868354917392706e-13,-2.3126885890960693,-1.150369644165039e-05,-10.459755897521973
107306175000,-4.404571325722362e-20,3.5575383784680614e-20,1.7536199001157854e-13,-2.315962076187134,-1.1563301086425781e-05,-10.46034049987793
107313122000,-4.0657581468206416e-20,4.0657581468206416e-20,1.6459321969600205e-13,-2.3191490173339844,-1.1742115020751953e-05,-10.460516929626465
107320102000,-4.573977915173222e-20,3.3881317890172014e-20,1.5448546033993565e-13,-2.322462320327759,-1.1563301086425781e-05,-10.460548400878906
107333992000,-3.218725199566341e-20,3.049318610115481e-20,1.3609438283355285e-13,-2.328824281692505,-1.1682510375976562e-05,-10.459792137145996
107340901000,-3.049318610115481e-20,2.710505431213761e-20,1.2773710854254577e-13,-2.3321213722229004,-1.1682510375976562e-05,-10.459009170532227
107347936000,-2.879912020664621e-20,2.371692252312041e-20,1.1989293292966746e-13,-2.335212230682373,-1.1563301086425781e-05,-10.458304405212402
107354802000,-2.541098841762901e-20,2.541098841762901e-20,1.1253046156576088e-13,-2.3385024070739746,-1.1682510375976562e-05,-10.457321166992188
107361725000,-2.0328790734103208e-20,2.202285662861181e-20,1.0562010250778076e-13,-2.3415305614471436,-1.1622905731201172e-05,-10.456419944763184
107375622000,-1.8634724839594607e-20,2.0328790734103208e-20,9.304648116445838e-14,-2.3477888107299805,-1.1682510375976562e-05,-10.454171180725098
107382642000,-1.6940658945086007e-20,1.7787691892340307e-20,8.733270183414188e-14,-2.351004123687744,-1.1622905731201172e-05,-10.452909469604492
107389582000,-1.8634724839594607e-20,1.6940658945086007e-20,8.196970934046949e-14,-2.3540778160095215,-1.1801719665527344e-05,-10.451656341552734
107396485000,-1.6093625997831706e-20,1.6940658945086007e-20,7.693596871779021e-14,-2.357189178466797,-1.1742115020751953e-05,-10.450430870056152
107410397000,-1.5246593050577406e-20,1.4399560103323106e-20,6.777701501165662e-14,-2.3633387088775635,-1.1801719665527344e-05,-10.447709083557129
107417321000,-1.2705494208814505e-20,1.3552527156068805e-20,6.361485096291128e-14,-2.3663535118103027,-1.1622905731201172e-05,-10.446406364440918
107424264000,-1.1011428314305904e-20,1.2705494208814505e-20,5.970840277281023e-14,-2.369474172592163,-1.1801719665527344e-05,-10.444849967956543
107431252000,-1.1011428314305904e-20,1.0164395367051604e-20,5.604178010326297e-14,-2.3724770545959473,-1.1920928955078125e-05,-10.443466186523438
107438134000,-1.0164395367051604e-20,1.1858461261560205e-20,5.260037332999526e-14,-2.3754117488861084,-1.1861324310302734e-05,-10.442005157470703
107452061000,-9.740878893424454e-21,1.0164395367051604e-20,4.6338434933797246e-14,-2.381481647491455,-1.1920928955078125e-05,-10.439167022705078
107458979000,-9.317362419797304e-21,9.317362419797304e-21,4.3492892122000415e-14,-2.384467601776123,-1.1980533599853516e-05,-10.437556266784668
107465987000,-1.0164395367051604e-20,8.470329472543003e-21,4.082196684634595e-14,-2.3878002166748047,-1.329183578491211e-05,-10.435434341430664
107472857000,-7.199780051661553e-21,7.623296525288703e-21,3.831344489173445e-14,-2.3899478912353516,-1.049041748046875e-05,-10.435439109802246
107479783000,-8.470329472543003e-21,7.199780051661553e-21,3.5960699072386595e-14,-2.3933351039886475,-1.2218952178955078e-05,-10.433098793029785
107493706000,-7.199780051661553e-21,6.776263578034403e-21,3.1679675972350746e-14,-2.3991355895996094,-1.2040138244628906e-05,-10.430095672607422
107500658000,-7.623296525288703e-21,6.3527471044072525e-21,2.9734264909205693e-14,-2.402050495147705,-1.1980533599853516e-05,-10.428618431091309
107507644000,-7.199780051661553e-21,5.505714157152952e-21,2.7908317678875492e-14,-2.404944658279419,-1.2159347534179688e-05,-10.427075386047363
107514589000,-6.776263578034403e-21,5.082197683525802e-21,2.6194504058234605e-14,-2.407857894897461,-1.233816146850586e-05,-10.42555046081543
107521522000,-6.3527471044072525e-21,5.505714157152952e-21,2.4585907176235752e-14,-2.4107437133789062,-1.2159347534179688e-05,-10.424023628234863
107535390000,-5.293955920339377e-21,4.0234064994579266e-21,2.165904242523893e-14,-2.4163925647735596,-1.2218952178955078e-05,-10.42099666595459
107542305000,-4.658681209898652e-21,4.658681209898652e-21,2.032900588047181e-14,-2.419273614883423,-1.2218952178955078e-05,-10.419373512268066
107549302000,-5.293955920339377e-21,3.5998900258307764e-21,1.9080626699951794e-14,-2.422045946121216,-1.2278556823730469e-05,-10.41785717010498
107556205000,-5.082197683525802e-21,3.5998900258307764e-21,1.7908890448631136e-14,-2.4248745441436768,-1.245737075805664e-05,-10.416335105895996
107563141000,-4.235164736271502e-21,3.8116482626443515e-21,1.680911303431152e-14,-2.427755832672119,-1.2516975402832031e-05,-10.414712905883789
107577016000,-4.446922973085077e-21,2.964615315390051e-21,1.480801802521397e-14,-2.4337236881256104,-1.4424324035644531e-05,-10.41071891784668
107584048000,-3.8116482626443515e-21,2.541098841762901e-21,1.3897890440751643e-14,-2.435544013977051,-1.0311603546142578e-05,-10.410975456237793
107590963000,-3.3881317890172014e-21,2.541098841762901e-21,1.3044437830790102e-14,-2.4387381076812744,-1.2636184692382812e-05,-10.408530235290527
107597930000,-3.1763735522036263e-21,2.541098841762901e-21,1.224338352597866e-14,-2.441464424133301,-1.2278556823730469e-05,-10.406994819641113
107611749000,-2.752857078576476e-21,2.2234614865425384e-21,1.078585242902377e-14,-2.4468839168548584,-1.239776611328125e-05,-10.403883934020996
107618784000,-2.752857078576476e-21,2.0117032497289633e-21,1.0123515862951217e-14,-2.4496030807495117,-1.2516975402832031e-05,-10.402204513549805
107625681000,-2.6469779601696886e-21,2.117582368135751e-21,9.501841960544554e-15,-2.4522929191589355,-1.245737075805664e-05,-10.400740623474121
107632616000,-2.2234614865425384e-21,1.9058241313221758e-21,8.918354844498957e-15,-2.4549646377563477,-1.2576580047607422e-05,-10.399099349975586
107646517000,-2.0117032497289633e-21,1.5881867761018131e-21,7.856641396763054e-15,-2.46028995513916,-1.2516975402832031e-05,-10.395959854125977
107653448000,-1.7999450129153882e-21,1.376428539288238e-21,7.374173971105846e-15,-2.4629640579223633,-1.2814998626708984e-05,-10.394366264343262
107660447000,-1.5881867761018131e-21,1.4823076576950256e-21,6.921328558163542e-15,-2.4656410217285156,-1.2695789337158203e-05,-10.392822265625
107667374000,-1.6940658945086007e-21,1.2705494208814505e-21,6.496292083912544e-15,-2.4681661128997803,-1.2755393981933594e-05,-10.391254425048828
107674279000,-1.4823076576950256e-21,1.376428539288238e-21,6.097357353447661e-15,-2.4708175659179688,-1.2636184692382812e-05,-10.3897066116333
107688157000,-1.4293680984916318e-21,1.0587911840678754e-21,5.3714924692980885e-15,-2.47593355178833,-1.2636184692382812e-05,-10.38654899597168
107695231000,-1.376428539288238e-21,1.1117307432712692e-21,5.041640475461845e-15,-2.4785685539245605,-1.2814998626708984e-05,-10.38487434387207
107702064000,-1.376428539288238e-21,8.999725064576941e-22,4.732044004009768e-15,-2.481109142303467,-1.2934207916259766e-05,-10.383275985717773
107708975000,-1.2176098616780567e-21,9.529120656610879e-22,4.441451140245814e-15,-2.483710289001465,-1.2993812561035156e-05,-10.381719589233398
107722857000,-1.0058516248644817e-21,7.940933880509066e-22,3.912708187097736e-15,-2.488739252090454,-1.2874603271484375e-05,-10.378518104553223
107729799000,-1.0587911840678754e-21,7.411538288475128e-22,3.672429927433635e-15,-2.4912824630737305,-1.3113021850585938e-05,-10.37696647644043
107736789000,-1.0058516248644817e-21,7.411538288475128e-22,3.446904228853625e-15,-2.4937796592712402,-1.3053417205810547e-05,-10.375348091125488
107743702000,-9.529120656610879e-22,6.88214269644119e-22,3.2352309070930122e-15,-2.49630069732666,-1.3113021850585938e-05,-10.3738431930542
107757591000,-7.411538288475128e-22,5.293955920339377e-22,2.8500852377347187e-15,-2.5012619495391846,-1.3113021850585938e-05,-10.370615005493164
107764688000,-6.088049308390284e-22,5.558653716356346e-22,2.6750651491841675e-15,-2.5099077224731445,-4.1961669921875e-05,-10.35595703125
107771604000,-5.293955920339377e-22,5.029258124322408e-22,2.508685008453847e-15,-2.4998531341552734,1.615285873413086e-05,-10.380524635314941
107778564000,-5.558653716356346e-22,4.764560328305439e-22,2.3546251736995772e-15,-2.5085997581481934,-1.3053417205810547e-05,-10.36584186553955
107785489000,-5.823351512373315e-22,3.970466940254533e-22,2.2100305086144006e-15,-2.511082887649536,-1.329183578491211e-05,-10.364142417907715
107799390000,-5.029258124322408e-22,3.970466940254533e-22,1.946934028384216e-15,-2.5159127712249756,-1.329183578491211e-05,-10.360957145690918
107806291000,-4.499862532288471e-22,3.705769144237564e-22,1.827373633813377e-15,-2.518296718597412,-1.3232231140136719e-05,-10.359397888183594
107813270000,-4.235164736271502e-22,3.441071348220595e-22,1.7151551090711014e-15,-2.5206458568573,-1.33514404296875e-05,-10.357802391052246
107820240000,-3.970466940254533e-22,3.441071348220595e-22,1.6098311148821207e-15,-2.52309513092041,-1.3589859008789062e-05,-10.35611343383789
107827344000,-3.705769144237564e-22,3.1763735522036263e-22,1.5109705114762823e-15,-2.5257270336151123,-1.5079975128173828e-05,-10.353840827941895
107841023000,-2.9116757561866574e-22,2.514629062161204e-22,1.3310245028209738e-15,-2.530132293701172,-1.33514404296875e-05,-10.35134220123291
107848042000,-3.1763735522036263e-22,2.3822801641527197e-22,1.2492867763229994e-15,-2.532416820526123,-1.33514404296875e-05,-10.349767684936523
107854931000,-2.6469779601696886e-22,2.779326858178173e-22,1.1725706846528222e-15,-2.5348691940307617,-1.3530254364013672e-05,-10.348125457763672
107861883000,-2.6469779601696886e-22,2.117582368135751e-22,1.1005634608946685e-15,-2.537029504776001,-1.3470649719238281e-05,-10.346579551696777
107868841000,-1.9852334701272664e-22,2.2499312661442353e-22,1.0329793373079583e-15,-2.5394644737243652,-1.3530254364013672e-05,-10.344919204711914
107875751000,-2.117582368135751e-22,1.852884572118782e-22,9.695444046133733e-16,-2.54162859916687,-1.341104507446289e-05,-10.343419075012207
107889730000,-1.7205356741102976e-22,1.852884572118782e-22,8.541235659348845e-16,-2.5462265014648438,-1.3530254364013672e-05,-10.340150833129883
107896557000,-1.852884572118782e-22,1.5881867761018131e-22,8.016720565277868e-16,-2.548459053039551,-1.341104507446289e-05,-10.338569641113281
107903610000,-1.7205356741102976e-22,1.4558378780933287e-22,7.524416546004196e-16,-2.5506913661956787,-1.3530254364013672e-05,-10.336986541748047
107910474000,-1.3234889800848443e-22,1.4558378780933287e-22,7.062345250200398e-16,-2.5529651641845703,-1.3589859008789062e-05,-10.335378646850586
107924372000,-1.3896634290890865e-22,1.257314531080602e-22,6.221603110766237e-16,-2.5574874877929688,-1.3887882232666016e-05,-10.332100868225098
107931500000,-1.257314531080602e-22,1.3234889800848443e-22,5.839536194412976e-16,-2.5595993995666504,-1.3709068298339844e-05,-10.330592155456543
107938296000,-1.3896634290890865e-22,1.0587911840678754e-22,5.480932620094252e-16,-2.561875820159912,-1.3828277587890625e-05,-10.328923225402832
107945187000,-1.257314531080602e-22,9.26442286059391e-23,5.14434978482177e-16,-2.5640487670898438,-1.3709068298339844e-05,-10.327348709106445
107952210000,-1.257314531080602e-22,9.26442286059391e-23,4.828432435879926e-16,-2.566257953643799,-1.3887882232666016e-05,-10.325761795043945
107966089000,-9.926167350636332e-23,7.940933880509066e-23,4.253624495867929e-16,-2.5705502033233643,-1.3887882232666016e-05,-10.322508811950684
107972978000,-9.926167350636332e-23,7.940933880509066e-23,3.992414622709076e-16,-2.572653293609619,-1.4066696166992188e-05,-10.320907592773438
107979955000,-9.26442286059391e-23,7.279189390466644e-23,3.7472382891483584e-16,-2.574873208999634,-1.3887882232666016e-05,-10.319352149963379
107986923000,-8.271806125530277e-23,7.279189390466644e-23,3.5171248483677827e-16,-2.5769858360290527,-1.424551010131836e-05,-10.317615509033203
107993843000,-7.610061635487855e-23,6.28657265540301e-23,3.3011208589060954e-16,-2.578996181488037,-1.3709068298339844e-05,-10.316213607788086
108007724000,-7.610061635487855e-23,5.293955920339377e-23,2.9081340996759504e-16,-2.5832667350769043,-1.3887882232666016e-05,-10.312894821166992
108014794000,-6.948317145445432e-23,5.624828165360588e-23,2.7295464671702417e-16,-2.585427761077881,-1.4126300811767578e-05,-10.311347007751465
108021581000,-6.28657265540301e-23,4.632211430296955e-23,2.5619284407270683e-16,-2.5874385833740234,-1.4007091522216797e-05,-10.30971622467041
108028565000,-5.293955920339377e-23,4.963083675318166e-23,2.4046013351974426e-16,-2.589513063430786,-1.3828277587890625e-05,-10.308124542236328
108035506000,-4.632211430296955e-23,4.632211430296955e-23,2.2569375521070084e-16,-2.5916099548339844,-1.430511474609375e-05,-10.306537628173828
108049443000,-4.632211430296955e-23,3.970466940254533e-23,1.9882553925154941e-16,-2.5957603454589844,-1.4126300811767578e-05,-10.303293228149414
108056368000,-5.293955920339377e-23,3.970466940254533e-23,1.8661571813555629e-16,-2.5977091789245605,-1.4007091522216797e-05,-10.301790237426758
108063258000,-4.4667753077863494e-23,3.3087224502121107e-23,1.7515603733858544e-16,-2.5997848510742188,-1.424551010131836e-05,-10.300138473510742
108070264000,-4.1359030627651384e-23,3.474158572722716e-23,1.643999232834277e-16,-2.6018002033233643,-1.4126300811767578e-05,-10.298553466796875
108077218000,-3.8050308177439273e-23,2.9778502051908996e-23,1.5430432287356091e-16,-2.6037449836730957,-1.430511474609375e-05,-10.296942710876465
108091025000,-2.812414082680294e-23,2.812414082680294e-23,1.359346928766773e-16,-2.6077640056610107,-1.436471939086914e-05,-10.293801307678223
108098064000,-2.9778502051908996e-23,2.6469779601696886e-23,1.2758722288615557e-16,-2.609757900238037,-1.436471939086914e-05,-10.29215145111084
108104919000,-3.143286327701505e-23,2.3161057151484775e-23,1.197523534125105e-16,-2.6116585731506348,-1.4483928680419922e-05,-10.290627479553223
108111857000,-2.9778502051908996e-23,2.150669592637872e-23,1.1239850600867728e-16,-2.6136693954467773,-1.436471939086914e-05,-10.288997650146484
108118847000,-2.481541837659083e-23,1.819797347616661e-23,1.0549615363551019e-16,-2.615673065185547,-1.436471939086914e-05,-10.287439346313477
108132734000,-2.481541837659083e-23,1.819797347616661e-23,9.293719612657068e-17,-2.6194920539855957,-1.4662742614746094e-05,-10.28425407409668
108139643000,-2.150669592637872e-23,1.819797347616661e-23,8.723004694664882e-17,-2.6214308738708496,-1.4603137969970703e-05,-10.282657623291016
108146634000,-2.0679515313825692e-23,1.5716431638507526e-23,8.187335103120852e-17,-2.623814105987549,-1.7762184143066406e-05,-10.279809951782227
108153579000,-1.5716431638507526e-23,1.6543612251060553e-23,7.683881218585557e-17,-2.624790668487549,-1.1682510375976562e-05,-10.28073787689209
108160484000,-1.5716431638507526e-23,1.3234889800848443e-23,7.212017030771417e-17,-2.627058506011963,-1.4543533325195312e-05,-10.277917861938477
108174372000,-1.1580528575742387e-23,1.3234889800848443e-23,6.353433995187917e-17,-2.6308765411376953,-1.4483928680419922e-05,-10.274792671203613
108181489000,-1.406207041340147e-23,1.2407709188295415e-23,5.963276723048295e-17,-2.635770797729492,-3.325939178466797e-05,-10.2655611038208
108188395000,-1.406207041340147e-23,1.075334796318936e-23,5.594084178097707e-17,-2.631648063659668,3.993511199951172e-06,-10.279184341430664
108195264000,-1.2407709188295415e-23,1.075334796318936e-23,5.25055375359872e-17,-2.636427879333496,-1.4603137969970703e-05,-10.270041465759277
108202265000,-1.2407709188295415e-23,9.098986738083304e-24,4.9281187508255496e-17,-2.6383461952209473,-1.4841556549072266e-05,-10.268379211425781
108216186000,-1.1580528575742387e-23,8.271806125530277e-24,4.3414399087555796e-17,-2.6420834064483643,-1.5020370483398438e-05,-10.265195846557617
108223035000,-1.0339757656912846e-23,7.858215819253763e-24,4.0748333107570834e-17,-2.6438212394714355,-1.4901161193847656e-05,-10.263675689697266
108230068000,-9.926167350636332e-24,8.271806125530277e-24,3.824602903653667e-17,-2.645630121231079,-1.4781951904296875e-05,-10.26212215423584
108236990000,-8.68539643180679e-24,7.031035206700735e-24,3.5897385344812807e-17,-2.647428035736084,-1.4662742614746094e-05,-10.260534286499023
108250919000,-7.858215819253763e-24,6.2038545941477076e-24,3.1623928763625e-17,-2.651060104370117,-1.5974044799804688e-05,-10.257085800170898
108257790000,-7.858215819253763e-24,5.37667398159468e-24,2.9681132967644154e-17,-2.6526858806610107,-1.4185905456542969e-05,-10.256190299987793
108264767000,-6.617444900424222e-24,5.790264287871194e-24,2.7858397474491705e-17,-2.6545963287353516,-1.5139579772949219e-05,-10.254278182983398
108271674000,-7.031035206700735e-24,4.549493369041652e-24,2.6147597716191157e-17,-2.656248092651367,-1.52587890625e-05,-10.252713203430176
108278646000,-6.617444900424222e-24,4.1359030627651384e-24,2.454188132854812e-17,-2.658127784729004,-1.5139579772949219e-05,-10.251184463500977
108292534000,-5.37667398159468e-24,4.1359030627651384e-24,2.1620238045980198e-17,-2.6615328788757324,-1.5020370483398438e-05,-10.24806022644043
108299498000,-4.963083675318166e-24,4.342698215903395e-24,2.0292546988383585e-17,-2.6632449626922607,-1.52587890625e-05,-10.246487617492676
108306375000,-4.756288522179909e-24,3.5155176033503676e-24,1.9046424210990825e-17,-2.664991855621338,-1.52587890625e-05,-10.244881629943848
108313364000,-3.9291079096268815e-24,3.7223127564886245e-24,1.7876770972506143e-17,-2.6666698455810547,-1.52587890625e-05,-10.24337100982666
108327276000,-3.9291079096268815e-24,3.1019272970738538e-24,1.5748575877111336e-17,-2.6701197624206543,-1.537799835205078e-05,-10.240219116210938
108334212000,-4.1359030627651384e-24,2.895132143935597e-24,1.4781459465971488e-17,-2.6717333793640137,-1.5139579772949219e-05,-10.238785743713379
108341125000,-3.308722450212111e-24,2.68833699079734e-24,1.3873760265411936e-17,-2.673445224761963,-1.5497207641601562e-05,-10.237154006958008
108348108000,-3.308722450212111e-24,2.481541837659083e-24,1.3021802284790495e-17,-2.6750564575195312,-1.5497207641601562e-05,-10.235603332519531
108355013000,-3.7223127564886245e-24,2.274746684520826e-24,1.2222137835314044e-17,-2.676790237426758,-1.5497207641601562e-05,-10.23409652709961
108361947000,-3.308722450212111e-24,2.274746684520826e-24,1.1471602123958955e-17,-2.6784515380859375,-1.5497207641601562e-05,-10.232505798339844
108375830000,-2.274746684520826e-24,2.0679515313825692e-24,1.0105958365497183e-17,-2.6816649436950684,-1.537799835205078e-05,-10.229432106018066
108382816000,-2.1713491079516976e-24,1.8611563782443123e-24,9.485346258594573e-18,-2.6833224296569824,-1.537799835205078e-05,-10.227911949157715
108389780000,-2.1713491079516976e-24,1.5509636485369269e-24,8.902862214846982e-18,-2.684929132461548,-1.5616416931152344e-05,-10.226375579833984
108396687000,-1.8611563782443123e-24,1.5509636485369269e-24,8.35614132488312e-18,-2.686595916748047,-1.5735626220703125e-05,-10.224830627441406
108410552000,-1.5509636485369269e-24,1.5509636485369269e-24,7.361372265865624e-18,-2.6897244453430176,-1.5735626220703125e-05,-10.221770286560059
108417535000,-1.2407709188295415e-24,1.34416849539867e-24,6.909312684431413e-18,-2.6913962364196777,-1.5616416931152344e-05,-10.220212936401367
108424480000,-1.4475660719677984e-24,1.2407709188295415e-24,6.485007494090194e-18,-2.692941427230835,-1.5735626220703125e-05,-10.218685150146484
108431421000,-1.34416849539867e-24,1.2407709188295415e-24,6.086748566877044e-18,-2.694479465484619,-1.5616416931152344e-05,-10.217239379882812
108445275000,-1.2407709188295415e-24,1.137373342260413e-24,5.362132146425998e-18,-2.697662353515625,-1.5735626220703125e-05,-10.214125633239746
108452269000,-1.2407709188295415e-24,9.305781891221561e-25,5.0328406435553754e-18,-2.6991944313049316,-1.5735626220703125e-05,-10.21263599395752
108459238000,-1.0339757656912846e-24,9.822769774067204e-25,4.723776188203512e-18,-2.7007203102111816,-1.5974044799804688e-05,-10.211099624633789
108466163000,-9.305781891221561e-25,8.788794008375919e-25,4.433690564826066e-18,-2.7022719383239746,-1.5735626220703125e-05,-10.209616661071777
108473096000,-8.271806125530277e-25,7.754818242684634e-25,4.161415380807805e-18,-2.7037792205810547,-1.5854835510253906e-05,-10.208073616027832
108486971000,-7.754818242684634e-25,7.237830359838992e-25,3.66601318963704e-18,-2.7068419456481934,-1.5854835510253906e-05,-10.205034255981445
108493924000,-7.754818242684634e-25,7.754818242684634e-25,3.4408881277149146e-18,-2.708317279815674,-1.5854835510253906e-05,-10.203539848327637
108500870000,-8.271806125530277e-25,7.237830359838992e-25,3.2295842198527843e-18,-2.7098474502563477,-1.633167266845703e-05,-10.20199203491211
108507807000,-7.754818242684634e-25,5.686866711302065e-25,3.0312533991276294e-18,-2.711320400238037,-1.609325408935547e-05,-10.200567245483398
108514783000,-8.271806125530277e-25,5.686866711302065e-25,2.8451081895962994e-18,-2.712836265563965,-1.609325408935547e-05,-10.19899845123291
108528606000,-6.462348535570529e-25,4.652890945610781e-25,2.5064104023900304e-18,-2.7157678604125977,-1.609325408935547e-05,-10.196002006530762
108535584000,-5.945360652724886e-25,4.1359030627651384e-25,2.352494631065604e-18,-2.717308521270752,-1.6450881958007812e-05,-10.194486618041992
108542513000,-5.945360652724886e-25,4.3943970041879595e-25,2.2080287778541366e-18,-2.7186384201049805,-1.609325408935547e-05,-10.193013191223145
108549537000,-5.686866711302065e-25,3.877409121342317e-25,2.0724344367123003e-18,-2.720050811767578,-1.5974044799804688e-05,-10.191597938537598
108556422000,-5.169878828456423e-25,3.877409121342317e-25,1.9451687703631074e-18,-2.7215702533721924,-1.633167266845703e-05,-10.190016746520996
108570314000,-4.3943970041879595e-25,3.618915179919496e-25,1.7136016258304187e-18,-2.724567413330078,-1.7523765563964844e-05,-10.186637878417969
108577249000,-3.877409121342317e-25,3.360421238496675e-25,1.608319835223471e-18,-2.725681781768799,-1.52587890625e-05,-10.186002731323242
108584264000,-4.1359030627651384e-25,2.8434333556510326e-25,1.5095549870725223e-18,-2.7272884845733643,-1.6570091247558594e-05,-10.18404483795166
108591340000,-3.618915179919496e-25,2.5849394142282115e-25,1.416855130570389e-18,-2.731140613555908,-3.707408905029297e-05,-10.175041198730469
108605125000,-3.2311742677852644e-25,2.714186384939622e-25,1.247442544060088e-18,-2.731499671936035,-1.633167266845703e-05,-10.179616928100586
108612000000,-3.360421238496675e-25,2.3264454728053903e-25,1.1708376577242818e-18,-2.7328977584838867,-1.6450881958007812e-05,-10.178178787231445
108619011000,-2.5849394142282115e-25,2.3264454728053903e-25,1.0989389120860195e-18,-2.734224557876587,-1.6570091247558594e-05,-10.17664909362793
108625915000,-2.8434333556510326e-25,1.9387045606711586e-25,1.0314533818108807e-18,-2.7356302738189697,-1.6570091247558594e-05,-10.175188064575195
108632909000,-2.455692443516801e-25,1.809457589959748e-25,9.681122331997857e-19,-2.736952781677246,-1.6689300537109375e-05,-10.17374038696289
108646754000,-2.0679515313825692e-25,1.6802106192483375e-25,8.528627094164209e-19,-2.7397539615631104,-1.6689300537109375e-05,-10.170784950256348
108653714000,-2.0679515313825692e-25,1.6802106192483375e-25,8.004901825229323e-19,-2.740967273712158,-1.6808509826660156e-05,-10.169374465942383
108660649000,-1.9387045606711586e-25,1.4217166778255163e-25,7.513330617668021e-19,-2.742375373840332,-1.6689300537109375e-05,-10.1683931350708
108667605000,-2.0679515313825692e-25,1.4217166778255163e-25,7.05195253644067e-19,-2.743739128112793,-1.6689300537109375e-05,-10.167428970336914
108674574000,-1.6802106192483375e-25,1.357093192469811e-25,6.618895051435603e-19,-2.7452940940856934,-1.919269561767578e-05,-10.16565227508545
108688518000,-1.6802106192483375e-25,9.693522803355793e-26,5.827264076670691e-19,-2.745469093322754,2.9802322387695312e-06,-10.171714782714844
108695431000,-1.550963648536927e-25,1.1632227364026952e-25,5.469418505849891e-19,-2.7490103244781494,-1.6808509826660156e-05,-10.163654327392578
108702434000,-1.357093192469811e-25,1.0985992510469899e-25,5.133548538965211e-19,-2.750356674194336,-1.6927719116210938e-05,-10.162681579589844
108709311000,-1.357093192469811e-25,1.0339757656912846e-25,4.818302769690892e-19,-2.7515718936920166,-1.6689300537109375e-05,-10.161749839782715
108716342000,-1.2924697071141057e-25,8.401053096241687e-26,4.522417162653377e-19,-2.75285267829895,-1.6689300537109375e-05,-10.160797119140625
108730139000,-1.1632227364026952e-25,7.754818242684634e-26,3.9840389061549966e-19,-2.7554142475128174,-1.704692840576172e-05,-10.158894538879395
108737196000,-1.0985992510469899e-25,7.108583389127582e-26,3.739383954874129e-19,-2.7567567825317383,-1.6927719116210938e-05,-10.15793228149414
108744059000,-9.370405376577267e-26,7.108583389127582e-26,3.509756290383936e-19,-2.757951498031616,-1.704692840576172e-05,-10.15693473815918
108751061000,-9.04728794979874e-26,5.816113682013476e-26,3.294229728892299e-19,-2.7592458724975586,-1.7404556274414062e-05,-10.156003952026367
108764865000,-8.724170523020214e-26,5.492996255234949e-26,2.902062624999084e-19,-2.7616662979125977,-1.704692840576172e-05,-10.154109001159668
108771834000,-8.401053096241687e-26,4.2005265481208437e-26,2.723850697927597e-19,-2.763005495071411,-1.704692840576172e-05,-10.153091430664062
108778788000,-7.431700815906108e-26,5.492996255234949e-26,2.556580043914714e-19,-2.7642102241516113,-1.71661376953125e-05,-10.152127265930176
108785736000,-6.785465962349055e-26,4.8467614016778965e-26,2.399581163652149e-19,-2.76535701751709,-1.704692840576172e-05,-10.151228904724121
108792697000,-7.108583389127582e-26,4.2005265481208437e-26,2.2522259168622457e-19,-2.766620397567749,-1.728534698486328e-05,-10.150199890136719
108806529000,-5.816113682013476e-26,3.877409121342317e-26,1.9841061780487215e-19,-2.7690887451171875,-1.7404556274414062e-05,-10.148274421691895
108813465000,-4.8467614016778965e-26,3.877409121342317e-26,1.8622664804757526e-19,-2.7702348232269287,-1.7523765563964844e-05,-10.147308349609375
108820458000,-4.8467614016778965e-26,3.877409121342317e-26,1.7479052711220873e-19,-2.7713708877563477,-1.728534698486328e-05,-10.146377563476562
108827384000,-3.715850407953054e-26,3.554291694563791e-26,1.6405686346265872e-19,-2.7726340293884277,-1.7523765563964844e-05,-10.14534854888916
108834374000,-4.0389678347315804e-26,2.908056841006738e-26,1.5398219134267497e-19,-2.7738430500030518,-1.728534698486328e-05,-10.144439697265625
108848391000,-3.069615554396001e-26,2.5849394142282115e-26,1.356511451854639e-19,-2.776169776916504,-1.7642974853515625e-05,-10.1424560546875
108855173000,-2.908056841006738e-26,2.7464981276174747e-26,1.2732097112796035e-19,-2.7773051261901855,-1.7404556274414062e-05,-10.141458511352539
108862114000,-3.2311742677852644e-26,2.4233807008389483e-26,1.1950212393598528e-19,-2.778740406036377,-2.0503997802734375e-05,-10.139444351196289
108869077000,-2.908056841006738e-26,2.1002632740604218e-26,1.1215359354573196e-19,-2.7794034481048584,-1.4424324035644531e-05,-10.140625
108883001000,-2.5849394142282115e-26,1.9387045606711586e-26,9.880201957972526e-20,-2.78200626373291,-1.823902130126953e-05,-10.137386322021484
108889903000,-2.7464981276174747e-26,1.6155871338926322e-26,9.27333056181534e-20,-2.783003807067871,-1.704692840576172e-05,-10.136810302734375
108896871000,-2.1810426307550534e-26,1.7771458472818954e-26,8.703874871209401e-20,-2.78420352935791,-1.7762184143066406e-05,-10.13558578491211
108903800000,-2.4233807008389483e-26,1.6155871338926322e-26,8.169381132415752e-20,-2.785338878631592,-1.7762184143066406e-05,-10.134587287902832
108917752000,-1.857925203976527e-26,1.6155871338926322e-26,7.196817711092847e-20,-2.787590980529785,-1.7642974853515625e-05,-10.132658004760742
108924614000,-1.9387045606711586e-26,1.3732490638087374e-26,6.754869973207396e-20,-2.7886500358581543,-1.800060272216797e-05,-10.131649017333984
108931520000,-1.7771458472818954e-26,1.2116903504194741e-26,6.34004923576971e-20,-2.7897863388061523,-1.7881393432617188e-05,-10.130716323852539
108938543000,-1.6155871338926322e-26,1.0501316370302109e-26,5.950708892372925e-20,-2.790848731994629,-1.7881393432617188e-05,-10.129694938659668
108945434000,-1.5348077771980006e-26,1.0501316370302109e-26,5.585261790216704e-20,-2.7919552326202393,-1.800060272216797e-05,-10.128732681274414
108959338000,-1.454028420503369e-26,9.693522803355793e-27,4.920360442914656e-20,-2.794119358062744,-1.811981201171875e-05,-10.126693725585938
108966345000,-1.3732490638087374e-26,8.885729236409477e-27,4.618202997376399e-20,-2.7951934337615967,-1.800060272216797e-05,-10.125770568847656
108973271000,-1.25208002876679e-26,8.885729236409477e-27,4.3346005700708986e-20,-2.7962985038757324,-1.7881393432617188e-05,-10.124741554260254
108980170000,-1.2116903504194741e-26,8.885729236409477e-27,4.0684180494778825e-20,-2.7973623275756836,-1.823902130126953e-05,-10.123786926269531
108987155000,-1.1713006720721583e-26,7.270142102516845e-27,3.818581716388165e-20,-2.7983365058898926,-1.800060272216797e-05,-10.122798919677734
109001074000,-1.0097419586828951e-26,6.462348535570529e-27,3.363995563471699e-20,-2.8004488945007324,-1.800060272216797e-05,-10.120802879333496
109007954000,-8.481832452936319e-27,6.058451752097371e-27,3.157413667835116e-20,-2.801553726196289,-1.811981201171875e-05,-10.119772911071777
109014906000,-8.077935669463161e-27,6.058451752097371e-27,2.9635209166655523e-20,-2.8026232719421387,-1.8358230590820312e-05,-10.118795394897461
109021842000,-7.674038885990003e-27,5.2506581851510546e-27,2.781529549676522e-20,-2.803600311279297,-1.811981201171875e-05,-10.117796897888184
109028776000,-7.270142102516845e-27,5.2506581851510546e-27,2.610714329803621e-20,-2.804647922515869,-1.8358230590820312e-05,-10.11683177947998
109042689000,-6.866245319043687e-27,4.4428646182047385e-27,2.299913654657752e-20,-2.806675910949707,-1.8358230590820312e-05,-10.114818572998047
109049675000,-5.6545549686242126e-27,4.4428646182047385e-27,2.1586767655908706e-20,-2.8076558113098145,-1.8358230590820312e-05,-10.113808631896973
109056552000,-5.2506581851510546e-27,4.0389678347315804e-27,2.0261112173477312e-20,-2.808703660964966,-1.811981201171875e-05,-10.112842559814453
109063488000,-5.2506581851510546e-27,4.0389678347315804e-27,1.9016901669639713e-20,-2.809746265411377,-1.8477439880371094e-05,-10.111822128295898
109070487000,-4.4428646182047385e-27,3.4331226595218434e-27,1.7849097128125298e-20,-2.810655117034912,-1.8358230590820312e-05,-10.110855102539062
109084430000,-3.4331226595218434e-27,3.2311742677852644e-27,1.572423977112563e-20,-2.8126752376556396,-1.8477439880371094e-05,-10.108837127685547
109091331000,-3.0292258760486853e-27,3.0292258760486853e-27,1.4758648577637752e-20,-2.8141393661499023,-1.9729137420654297e-05,-11.6442289352417
109098252000,-2.8272774843121063e-27,3.0292258760486853e-27,1.3852349431963734e-20,-2.8155677318573,-2.0802021026611328e-05,-12.749700546264648
109105183000,-3.0292258760486853e-27,2.6253290925755273e-27,1.3001707263052318e-20,-2.8167951107025146,-2.110004425048828e-05,-13.714643478393555
109119098000,-2.6253290925755273e-27,2.4233807008389483e-27,1.1453898856187883e-20,-2.8192830085754395,-2.256035804748535e-05,-15.26166820526123
109126031000,-2.8272774843121063e-27,1.8175355256292112e-27,1.0750530379227851e-20,-2.8203506469726562,-2.3245811462402344e-05,-15.868151664733887
109133052000,-2.3224065049706588e-27,2.1204581132340797e-27,1.0090353816498872e-20,-2.8214399814605713,-2.3320317268371582e-05,-16.380504608154297
109139885000,-2.6253290925755273e-27,1.8175355256292112e-27,9.470707488197857e-21,-2.8225386142730713,-2.3916363716125488e-05,-16.811368942260742
109146839000,-2.2214323091023692e-27,1.8175355256292112e-27,8.889123584977785e-21,-2.823615312576294,-2.4259090423583984e-05,-17.17131996154785
109161030000,-2.1204581132340797e-27,1.4136387421560532e-27,7.830903510961741e-21,-2.8255844116210938,-2.446770668029785e-05,-17.719438552856445
109167702000,-2.1204581132340797e-27,1.4136387421560532e-27,7.350024000558599e-21,-2.826563835144043,-2.4870038032531738e-05,-17.923660278320312
109174602000,-1.7165613297609217e-27,1.3126645462877636e-27,6.898662074885242e-21,-2.827571153640747,-2.4870038032531738e-05,-18.091615676879883
109181566000,-1.9185097214975007e-27,1.1107161545511846e-27,6.475017162080948e-21,-2.828521728515625,-2.4937093257904053e-05,-18.228185653686523
109188540000,-1.5146129380243427e-27,1.1107161545511846e-27,6.077388856687293e-21,-2.8294146060943604,-2.5101006031036377e-05,-18.338804244995117
109202415000,-1.3126645462877636e-27,1.0097419586828951e-27,5.353902280942463e-21,-2.831305503845215,-2.5480985641479492e-05,-18.496578216552734
109209357000,-1.2116903504194741e-27,9.592548607487504e-28,5.025125452433911e-21,-2.832210063934326,-2.5466084480285645e-05,-18.550960540771484
109216350000,-1.2116903504194741e-27,9.592548607487504e-28,4.7165426553054495e-21,-2.833078622817993,-2.5928020477294922e-05,-18.591646194458008
109223282000,-1.2116903504194741e-27,8.582806648804608e-28,4.426897366663694e-21,-2.833925247192383,-2.5346875190734863e-05,-18.622770309448242
109230165000,-1.1612032524853294e-27,7.068193710780266e-28,4.155051001476034e-21,-2.834883689880371,-2.5928020477294922e-05,-18.643352508544922
109237217000,-1.0097419586828951e-27,7.573064690121713e-28,3.899894863071835e-21,-2.835716485977173,-2.5346875190734863e-05,-18.65709114074707
109251042000,-9.087677628146056e-28,6.058451752097371e-28,3.435628839063294e-21,-2.837491035461426,-2.5928020477294922e-05,-18.665616989135742
109257968000,-7.573064690121713e-28,6.058451752097371e-28,3.224651132783781e-21,-2.8383638858795166,-2.6419758796691895e-05,-18.662580490112305
109264886000,-8.582806648804608e-28,5.553580772755923e-28,3.026626396350252e-21,-2.8391473293304443,-2.60770320892334e-05,-18.656042098999023
109271881000,-8.077935669463161e-28,5.553580772755923e-28,2.8407623862219246e-21,-2.8400681018829346,-2.6032328605651855e-05,-18.64624786376953
109285766000,-6.310887241768094e-28,5.048709793414476e-28,2.5025773879875403e-21,-2.8417696952819824,-2.5764107704162598e-05,-18.61876106262207
109292714000,-5.301145283085199e-28,4.796274303743752e-28,2.3488970852567045e-21,-2.8425400257110596,-2.6047229766845703e-05,-18.601987838745117
109299615000,-5.301145283085199e-28,3.7865323450608567e-28,2.2046564562008116e-21,-2.8433611392974854,-2.6091933250427246e-05,-18.583295822143555
109306598000,-4.291403324402304e-28,3.7865323450608567e-28,2.069271062174176e-21,-2.8441832065582275,-2.637505531311035e-05,-18.563631057739258
109313497000,-4.0389678347315804e-28,3.7865323450608567e-28,1.9421998834353353e-21,-2.8449463844299316,-2.631545066833496e-05,-18.542646408081055
109327546000,-4.0389678347315804e-28,3.281661365719409e-28,1.710984524923116e-21,-2.846635103225708,-2.625584602355957e-05,-18.497913360595703
109334369000,-3.534096855390133e-28,2.7767903863779616e-28,1.6059135030058624e-21,-2.847383499145508,-2.6211142539978027e-05,-18.474340438842773
109341278000,-3.534096855390133e-28,2.7767903863779616e-28,1.5072963477917264e-21,-2.8482742309570312,-2.6561319828033447e-05,-18.449796676635742
109348212000,-2.7767903863779616e-28,2.7767903863779616e-28,1.4147339082844406e-21,-2.8490090370178223,-2.6561319828033447e-05,-18.425416946411133
109355209000,-3.0292258760486853e-28,2.7767903863779616e-28,1.3278580325658693e-21,-2.8498823642730713,-2.6598572731018066e-05,-18.399703979492188
109369114000,-2.524354896707238e-28,2.271919407036514e-28,1.1697801016565778e-21,-2.851431369781494,-2.674013376235962e-05,-18.348161697387695
109375996000,-2.271919407036514e-28,2.0194839173657902e-28,1.0979453421545468e-21,-2.8522045612335205,-2.6658177375793457e-05,-18.321470260620117
109382992000,-2.271919407036514e-28,2.271919407036514e-28,1.0305208326054552e-21,-2.8528928756713867,-2.6598572731018066e-05,-18.295137405395508
109389913000,-2.145701662201152e-28,2.0194839173657902e-28,9.67238890416056e-22,-2.853787660598755,-2.6814639568328857e-05,-18.267831802368164
109396911000,-2.0194839173657902e-28,1.6408306828597046e-28,9.078427382062562e-22,-2.8544235229492188,-2.6695430278778076e-05,-18.2404842376709
109410806000,-2.0194839173657902e-28,1.5146129380243427e-28,7.997664212973747e-22,-2.8559632301330566,-2.655014395713806e-05,-18.18568229675293
109417782000,-1.8932661725304283e-28,1.3883951931889808e-28,7.506544404496622e-22,-2.8567311763763428,-2.680346369743347e-05,-18.15753173828125
109424616000,-1.6408306828597046e-28,1.262177448353619e-28,7.045583568841438e-22,-2.8576548099517822,-2.6971101760864258e-05,-18.129018783569336
109431629000,-1.5777218104420236e-28,1.135959703518257e-28,6.612910654158756e-22,-2.8582398891448975,-2.682209014892578e-05,-18.101600646972656
109438565000,-1.4515040656066617e-28,1.199068575935938e-28,6.206825759861132e-22,-2.858959674835205,-2.6866793632507324e-05,-18.072587966918945
109452425000,-1.199068575935938e-28,1.135959703518257e-28,5.467920323433018e-22,-2.860511541366577,-2.7038156986236572e-05,-18.01557159423828
109459352000,-1.072850831100576e-28,8.835242138475332e-29,5.132141237363588e-22,-2.8612074851989746,-2.685561776161194e-05,-17.986881256103516
109466429000,-1.135959703518257e-28,8.835242138475332e-29,4.816987140542214e-22,-2.861975908279419,-2.7198344469070435e-05,-17.957571029663086
109473227000,-9.466330862652142e-29,8.835242138475332e-29,4.521177680165287e-22,-2.8626585006713867,-2.6971101760864258e-05,-17.928972244262695
109480171000,-9.466330862652142e-29,8.835242138475332e-29,4.243542060431714e-22,-2.863353967666626,-2.7723610401153564e-05,-17.896982192993164
109494085000,-8.835242138475332e-29,6.941975965944904e-29,3.738053119011553e-22,-2.864748954772949,-2.498924732208252e-05,-17.849119186401367
109501063000,-7.573064690121713e-29,6.310887241768094e-29,3.508503935705356e-22,-2.8654308319091797,-2.71722674369812e-05,-17.81127166748047
109507997000,-7.257520328033309e-29,5.99534287967969e-29,3.293051255013352e-22,-2.866298198699951,-2.7373433113098145e-05,-17.78138542175293
109514877000,-6.941975965944904e-29,5.679798517591285e-29,3.090823164754218e-22,-2.8669230937957764,-2.7082860469818115e-05,-17.75214385986328
109521892000,-6.310887241768094e-29,5.048709793414476e-29,2.9010194444256975e-22,-2.86765718460083,-2.7455389499664307e-05,-17.721965789794922
109535797000,-6.310887241768094e-29,5.36425415550288e-29,2.5556561401199385e-22,-2.8689780235290527,-2.7224421501159668e-05,-17.66255760192871
109542686000,-5.99534287967969e-29,5.048709793414476e-29,2.3987185108045876e-22,-2.869722366333008,-2.7514994144439697e-05,-17.631961822509766
109549694000,-5.99534287967969e-29,4.733165431326071e-29,2.2514160916944785e-22,-2.870327949523926,-2.7351081371307373e-05,-17.60171127319336
109556616000,-5.679798517591285e-29,4.1020767071492614e-29,2.1131554069533954e-22,-2.871192693710327,-2.7611851692199707e-05,-17.571868896484375
109563504000,-5.36425415550288e-29,3.7865323450608567e-29,1.983389176439732e-22,-2.8716490268707275,-2.7455389499664307e-05,-17.54128074645996
109577428000,-4.417621069237666e-29,3.155443620884047e-29,1.7472720003455378e-22,-2.8731391429901123,-2.7798116207122803e-05,-17.480348587036133
109584401000,-4.417621069237666e-29,3.3132158019282496e-29,1.639972528412569e-22,-2.8737545013427734,-2.7433037757873535e-05,-17.450050354003906
109591292000,-4.417621069237666e-29,3.3132158019282496e-29,1.5392637684616682e-22,-2.874452829360962,-2.816319465637207e-05,-17.41676139831543
109598246000,-3.944304526105059e-29,2.8398992587956425e-29,1.4447096381844294e-22,-2.8749191761016846,-2.664327621459961e-05,-17.391128540039062
109605275000,-4.1020767071492614e-29,2.68212707775144e-29,1.3559904280331845e-22,-2.875242233276367,-2.5391578674316406e-05,-11.768428802490234
109619139000,-2.997671439839845e-29,2.3665827156630354e-29,1.1945634859695294e-22,-2.8757681846618652,-2.300739288330078e-05,-5.464532375335693
109626053000,-3.155443620884047e-29,2.3665827156630354e-29,1.1212056064534722e-22,-2.876284122467041,-2.2411346435546875e-05,-3.805257797241211
109633079000,-2.8398992587956425e-29,2.208810534618833e-29,1.0523538897546547e-22,-2.8765296936035156,-2.1457672119140625e-05,-2.8088951110839844
109646851000,-2.3665827156630354e-29,2.0510383535746307e-29,9.270748262876334e-23,-2.8774983882904053,-2.09808349609375e-05,-2.1332883834838867
109653879000,-2.524354896707238e-29,1.735493991486226e-29,8.701450697861124e-23,-2.878081798553467,-2.09808349609375e-05,-2.214698314666748
109660771000,-2.208810534618833e-29,1.6566079009641248e-29,8.167105350745723e-23,-2.878570556640625,-2.0503997802734375e-05,-2.462332010269165
109667750000,-2.2876966251409342e-29,1.6566079009641248e-29,7.665573461843895e-23,-2.8790431022644043,-2.0503997802734375e-05,-2.8182485103607178
109681609000,-2.0510383535746307e-29,1.4199496293978212e-29,6.753000865111228e-23,-2.8805181980133057,-2.6702880859375e-05,-3.7070093154907227
109688606000,-1.9721522630525295e-29,1.262177448353619e-29,6.3371783980173e-23,-2.880465269088745,-1.4543533325195312e-05,-4.14208984375
109695485000,-1.735493991486226e-29,1.262177448353619e-29,5.948020060608567e-23,-2.881397008895874,-2.0742416381835938e-05,-4.613417625427246
109702481000,-1.4988357199199224e-29,1.1044052673094165e-29,5.582759159918238e-23,-2.8819713592529297,-2.0742416381835938e-05,-5.053544044494629
109709377000,-1.34106353887572e-29,1.1044052673094165e-29,5.2399290457513246e-23,-2.882585048675537,-2.09808349609375e-05,-5.469588279724121
109716434000,-1.4199496293978212e-29,9.466330862652142e-30,4.9181470027131563e-23,-2.883056163787842,-2.086162567138672e-05,-5.857245922088623
109730230000,-1.1832913578315177e-29,7.888609052210118e-30,4.332662958555898e-23,-2.884316921234131,-2.110004425048828e-05,-6.540754795074463
109737226000,-1.1044052673094165e-29,8.283039504820624e-30,4.0665915348218857e-23,-2.8848698139190674,-2.09808349609375e-05,-6.83615779876709
109744144000,-9.071900410041636e-30,7.888609052210118e-30,3.8168637313222425e-23,-2.8856160640716553,-2.288818359375e-05,-7.104074478149414
109751115000,-9.071900410041636e-30,7.099748146989106e-30,3.582282372747205e-23,-2.8860015869140625,-1.9431114196777344e-05,-7.339090347290039
109764935000,-7.494178599599612e-30,6.7053176943786e-30,3.155824482929088e-23,-2.887272596359253,-2.1457672119140625e-05,-7.741392135620117
109771936000,-7.494178599599612e-30,5.9164567891575885e-30,2.962029126420149e-23,-2.887857675552368,-2.1457672119140625e-05,-7.908070087432861
109778822000,-7.494178599599612e-30,5.5220263365470826e-30,2.780129161273219e-23,-2.888288974761963,-2.110004425048828e-05,-8.05488109588623
109785860000,-6.7053176943786e-30,5.127595883936577e-30,2.6094071973810895e-23,-2.8890790939331055,-2.1576881408691406e-05,-8.184006690979004
109792835000,-6.7053176943786e-30,5.127595883936577e-30,2.4491668283366317e-23,-2.8912436962127686,-5.698204040527344e-05,-8.313464164733887
109806809000,-5.7192415628523356e-30,4.338734978715565e-30,2.1546085329098215e-23,-2.890089273452759,-9.298324584960938e-06,-8.479974746704102
109813694000,-5.127595883936577e-30,3.747089299799806e-30,2.0222968375816273e-23,-2.8913373947143555,-2.1696090698242188e-05,-8.559755325317383
109820682000,-5.127595883936577e-30,3.747089299799806e-30,1.898111829526839e-23,-2.8918747901916504,-2.181529998779297e-05,-8.625215530395508
109827583000,-4.338734978715565e-30,3.944304526105059e-30,1.7815495843992012e-23,-2.8923821449279785,-2.181529998779297e-05,-8.68203067779541
109841498000,-4.141519752410312e-30,3.1554436208840472e-30,1.5694622789921786e-23,-2.893430233001709,-2.1696090698242188e-05,-8.77422046661377
109848415000,-3.549874073494553e-30,2.7610131682735413e-30,1.4730835134411635e-23,-2.8942136764526367,-2.205371856689453e-05,-8.811244010925293
109855411000,-3.549874073494553e-30,2.5637979419682884e-30,1.3826219935402113e-23,-2.894709825515747,-2.193450927734375e-05,-8.84332275390625
109862314000,-3.3526588471893e-30,2.5637979419682884e-30,1.2977180776026317e-23,-2.8952739238739014,-2.205371856689453e-05,-8.87113094329834
109869330000,-2.9582283945787943e-30,2.3665827156630354e-30,1.2180267967545714e-23,-2.895775318145752,-2.205371856689453e-05,-8.895147323608398
109876200000,-2.5637979419682884e-30,2.3665827156630354e-30,1.1432292145320497e-23,-2.896251916885376,-2.205371856689453e-05,-8.91594409942627
109890146000,-2.5637979419682884e-30,1.9721522630525295e-30,1.0071318546057903e-23,-2.8973593711853027,-2.205371856689453e-05,-8.949482917785645
109897010000,-2.3665827156630354e-30,1.9721522630525295e-30,9.45285159636463e-24,-2.8979296684265137,-2.2172927856445312e-05,-8.962936401367188
109904089000,-2.3665827156630354e-30,1.5777218104420236e-30,8.872354099761455e-24,-2.898617744445801,-2.2411346435546875e-05,-8.974512100219727
109910961000,-2.465190328815662e-30,1.4791141972893971e-30,8.32749812771707e-24,-2.8989949226379395,-2.2530555725097656e-05,-8.984667778015137
109924869000,-1.9721522630525295e-30,1.2818989709841442e-30,7.336125584073151e-24,-2.900076150894165,-2.2292137145996094e-05,-9.001058578491211
109931779000,-1.873544649899903e-30,1.3805065841367707e-30,6.885622898319536e-24,-2.9006166458129883,-2.2649765014648438e-05,-9.007681846618652
109938736000,-1.7749370367472766e-30,1.1832913578315177e-30,6.4627851700815685e-24,-2.9011762142181396,-2.2411346435546875e-05,-9.01346492767334
109945704000,-1.67632942359465e-30,1.1832913578315177e-30,6.0659195038566454e-24,-2.9016549587249756,-2.2530555725097656e-05,-9.018549919128418
109952655000,-1.4791141972893971e-30,1.1832913578315177e-30,5.693413862384947e-24,-2.902212619781494,-2.2530555725097656e-05,-9.022980690002441
109966513000,-1.232595164407831e-30,9.860761315262648e-31,5.015632461228106e-24,-2.9031519889831543,-2.2649765014648438e-05,-9.030396461486816
109973449000,-1.2818989709841442e-30,9.367723249499515e-31,4.707628426102256e-24,-2.9036991596221924,-2.2530555725097656e-05,-9.033447265625
109980383000,-1.232595164407831e-30,7.395570986446986e-31,4.418538908900891e-24,-2.904282331466675,-2.288818359375e-05,-9.036162376403809
109987366000,-1.232595164407831e-30,7.395570986446986e-31,4.147201523080166e-24,-2.904658079147339,-2.2411346435546875e-05,-9.038679122924805
110001280000,-9.860761315262648e-31,6.902532920683853e-31,3.6534814870644704e-24,-2.9057116508483887,-2.2649765014648438e-05,-9.04285717010498
110008166000,-8.874685183736383e-31,6.409494854920721e-31,3.429129051189162e-24,-2.906160354614258,-2.2530555725097656e-05,-9.04470443725586
110015083000,-8.38164711797325e-31,6.409494854920721e-31,3.218547168490618e-24,-2.906689167022705,-2.2649765014648438e-05,-9.046350479125977
110022087000,-7.395570986446986e-31,6.902532920683853e-31,3.0209002380549828e-24,-2.9073238372802734,-2.3126602172851562e-05,-9.04787826538086
110029036000,-6.409494854920721e-31,5.9164567891575885e-31,2.8353905242918518e-24,-2.9076600074768066,-2.276897430419922e-05,-9.0493745803833
110042868000,-5.669937756276022e-31,4.930380657631324e-31,2.497847395354775e-24,-2.9086413383483887,-2.288818359375e-05,-9.051980018615723
110049890000,-5.423418723394456e-31,4.190823558986625e-31,2.3444575338543017e-24,-2.9091711044311523,-2.3126602172851562e-05,-9.053179740905762
110056818000,-4.683861624749758e-31,4.190823558986625e-31,2.200487263207846e-24,-2.909543514251709,-2.288818359375e-05,-9.054340362548828
110063691000,-4.437342591868191e-31,4.437342591868191e-31,2.0653579539414288e-24,-2.910036563873291,-2.300739288330078e-05,-9.055426597595215
110070709000,-4.683861624749758e-31,3.697785493223493e-31,1.9385268697522576e-24,-2.910515069961548,-2.3245811462402344e-05,-9.056466102600098
110077600000,-4.437342591868191e-31,3.697785493223493e-31,1.8194828287737493e-24,-2.911118984222412,-2.3245811462402344e-05,-9.057450294494629
110091487000,-3.697785493223493e-31,3.2047474274603605e-31,1.6028766125572586e-24,-2.9120261669158936,-2.3245811462402344e-05,-9.05937671661377
110098424000,-3.2047474274603605e-31,2.9582283945787943e-31,1.5044431404494597e-24,-2.9123291969299316,-2.300739288330078e-05,-9.060319900512695
110105408000,-3.4512664603419266e-31,2.9582283945787943e-31,1.412055794142114e-24,-2.912905693054199,-2.3484230041503906e-05,-9.061216354370117
110112333000,-2.711709361697228e-31,2.711709361697228e-31,1.325341935465118e-24,-2.913327693939209,-2.300739288330078e-05,-9.062081336975098
110126227000,-2.711709361697228e-31,2.2186712959340957e-31,1.1675656129011631e-24,-2.9143145084381104,-2.3365020751953125e-05,-9.063806533813477
110133271000,-2.0954117794933126e-31,2.341930812374879e-31,1.0958669326941438e-24,-2.914736270904541,-2.3365020751953125e-05,-9.06467056274414
110140181000,-1.9721522630525295e-31,2.0954117794933126e-31,1.0285692088697392e-24,-2.9151463508605957,-2.3603439331054688e-05,-9.065500259399414
110147033000,-1.8488927466117464e-31,2.0954117794933126e-31,9.65403242644043e-25,-2.91568660736084,-2.3365020751953125e-05,-9.066283226013184
110154030000,-2.0954117794933126e-31,1.8488927466117464e-31,9.061198525786181e-25,-2.91610050201416,-2.3484230041503906e-05,-9.067122459411621
110167942000,-1.6023737137301802e-31,1.4791141972893971e-31,7.982495332844997e-25,-2.916922092437744,-2.3484230041503906e-05,-9.068782806396484
110174837000,-1.6023737137301802e-31,1.4791141972893971e-31,7.4922858264651475e-25,-2.917323589324951,-2.3484230041503906e-05,-9.06958293914795
110181815000,-1.6023737137301802e-31,1.4791141972893971e-31,7.032193057294373e-25,-2.917729377746582,-2.372264862060547e-05,-9.070398330688477
110188735000,-1.4791141972893971e-31,1.1093356479670479e-31,6.600342987644709e-25,-2.918254852294922,-2.372264862060547e-05,-9.071136474609375
110195662000,-1.4791141972893971e-31,1.1709654061874394e-31,6.195029705808613e-25,-2.9186534881591797,-2.3603439331054688e-05,-9.071928024291992
110209587000,-1.4791141972893971e-31,1.1093356479670479e-31,5.457532520202673e-25,-2.9194581508636475,-2.372264862060547e-05,-9.073535919189453
110216555000,-1.4791141972893971e-31,9.244463733058732e-32,5.122386936771789e-25,-2.9199795722961426,-2.372264862060547e-05,-9.074260711669922
110223476000,-1.355854680848614e-31,9.244463733058732e-32,4.807832102081371e-25,-2.9203691482543945,-2.396106719970703e-05,-9.075024604797363
110230402000,-1.232595164407831e-31,8.628166150854817e-32,4.512589075388829e-25,-2.9207658767700195,-2.3603439331054688e-05,-9.075811386108398
110237395000,-1.1093356479670479e-31,8.628166150854817e-32,4.235480481793121e-25,-2.9211549758911133,-2.384185791015625e-05,-9.076573371887207
110251247000,-9.244463733058732e-32,8.011868568650901e-32,3.7312647500410726e-25,-2.92193603515625,-2.372264862060547e-05,-9.078107833862305
110258227000,-8.628166150854817e-32,6.77927340424307e-32,3.5021324580296104e-25,-2.9224495887756348,-2.4080276489257812e-05,-9.078807830810547
110265089000,-8.936314941956774e-32,6.77927340424307e-32,3.2870707328579293e-25,-2.922849416732788,-2.396106719970703e-05,-9.079604148864746
110272109000,-8.936314941956774e-32,6.77927340424307e-32,3.085212813606418e-25,-2.923226833343506,-2.4199485778808594e-05,-9.080330848693848
110279046000,-8.011868568650901e-32,5.238529448733282e-32,2.895751103923356e-25,-2.923614501953125,-2.4080276489257812e-05,-9.081088066101074
110292873000,-6.471124613141112e-32,5.546678239835239e-32,2.5510196278988724e-25,-2.9245095252990723,-2.4080276489257812e-05,-9.082527160644531
110299858000,-6.471124613141112e-32,4.930380657631324e-32,2.3943646711116893e-25,-2.924766778945923,-2.396106719970703e-05,-9.083328247070312
110306784000,-5.546678239835239e-32,4.3140830754274083e-32,2.2473296265446435e-25,-2.9252748489379883,-2.4199485778808594e-05,-9.084012985229492
110313725000,-5.238529448733282e-32,4.3140830754274083e-32,2.109323834594951e-25,-2.9255268573760986,-2.4318695068359375e-05,-9.084796905517578
110320689000,-5.238529448733282e-32,4.0059342843254506e-32,1.9797928739576608e-25,-2.9260413646698,-2.4199485778808594e-05,-9.085500717163086
110334700000,-5.238529448733282e-32,3.389636702121535e-32,1.7432509593748773e-25,-2.9280309677124023,-1.2218952178955078e-05,-14.50877571105957
110341545000,-5.084455053182303e-32,3.389636702121535e-32,1.6361968645986298e-25,-2.92966890335083,-3.096461296081543e-05,-16.576370239257812
110348512000,-4.3140830754274083e-32,3.235562306570556e-32,1.5357201441386952e-25,-2.93060302734375,-3.218650817871094e-05,-18.441631317138672
110355469000,-4.3140830754274083e-32,2.9274135154685985e-32,1.4414120694385562e-25,-2.931330680847168,-3.3527612686157227e-05,-20.063697814941406
110362408000,-3.8518598887744717e-32,2.619264724366641e-32,1.3528979315682325e-25,-2.9322116374969482,-3.4868717193603516e-05,-21.452075958251953
110376293000,-3.0814879110195774e-32,2.311115933264683e-32,1.1918390355181367e-25,-2.933339834213257,-3.6776065826416016e-05,-23.61580467224121
110383350000,-3.235562306570556e-32,2.311115933264683e-32,1.1186486439912477e-25,-2.9340500831604004,-3.7729740142822266e-05,-24.437421798706055
110390310000,-2.7733391199176196e-32,2.0029671421627253e-32,1.0499538968075033e-25,-2.9345004558563232,-3.790855407714844e-05,-25.115415573120117
110397087000,-2.7733391199176196e-32,1.6948183510607676e-32,9.854783845012852e-26,-2.9350695610046387,-3.814697265625e-05,-25.67050552368164
110410987000,-2.7733391199176196e-32,1.6948183510607676e-32,8.681605314207718e-26,-2.935920238494873,-3.886222839355469e-05,-26.484716415405273
110418091000,-2.619264724366641e-32,1.5407439555097887e-32,8.148486335185954e-26,-2.936534881591797,-3.981590270996094e-05,-26.771764755249023
110424896000,-2.3881531310401725e-32,1.4637067577342992e-32,7.648090908886471e-26,-2.936697006225586,-3.981590270996094e-05,-26.997982025146484
110431831000,-2.0800043399382147e-32,1.4637067577342992e-32,7.17843085930908e-26,-2.9372310638427734,-3.981590270996094e-05,-27.170570373535156
110445735000,-1.9259299443872359e-32,1.232595164407831e-32,6.323868934039638e-26,-2.9379642009735107,-4.00543212890625e-05,-27.389963150024414
110452732000,-1.8488927466117464e-32,1.232595164407831e-32,5.935528734136471e-26,-2.938258171081543,-3.981590270996094e-05,-27.44990348815918
110459650000,-1.4637067577342992e-32,1.232595164407831e-32,5.571030006200863e-26,-2.9387588500976562,-4.0531158447265625e-05,-27.4845027923584
110466524000,-1.5407439555097887e-32,9.244463733058732e-33,5.228919520533976e-26,-2.9390158653259277,-4.076957702636719e-05,-27.496801376342773
110480429000,-1.3096323621833204e-32,1.0014835710813626e-32,4.606434618753524e-26,-2.9397177696228027,-4.100799560546875e-05,-27.46900749206543
110487464000,-1.1555579666323415e-32,9.244463733058732e-33,4.323550947034016e-26,-2.9399592876434326,-4.017353057861328e-05,-27.4354305267334
110494359000,-1.0014835710813626e-32,9.244463733058732e-33,4.058043477495956e-26,-2.9404239654541016,-4.0531158447265625e-05,-27.39043426513672
110501330000,-9.244463733058732e-33,8.08890576642639e-33,3.808844166429385e-26,-2.9406304359436035,-4.124641418457031e-05,-27.33576011657715
110515145000,-8.859277744181285e-33,6.162975822039155e-33,3.355408150703512e-26,-2.941283702850342,-4.076957702636719e-05,-27.206727981567383
110522145000,-8.474091755303838e-33,6.162975822039155e-33,3.14935675781341e-26,-2.9415576457977295,-4.112720489501953e-05,-27.13347816467285
110529072000,-7.703719777548943e-33,5.7777898331617076e-33,2.955958262434746e-26,-2.9419362545013428,-4.1484832763671875e-05,-27.055355072021484
110536025000,-7.703719777548943e-33,5.7777898331617076e-33,2.774433972572405e-26,-2.942201614379883,-4.1365623474121094e-05,-26.97450828552246
110542924000,-6.933347799794049e-33,5.007417855406813e-33,2.6040618956088346e-26,-2.942448854446411,-4.1365623474121094e-05,-26.888532638549805
110556844000,-7.318533788671496e-33,4.622231866529366e-33,2.2940574324868608e-26,-2.9431214332580566,-4.172325134277344e-05,-26.71099281311035
110563804000,-6.162975822039155e-33,4.237045877651919e-33,2.1531801252124055e-26,-2.943324089050293,-4.1484832763671875e-05,-26.619544982910156
110570741000,-5.585196838722984e-33,3.851859888774472e-33,2.0209540952481377e-26,-2.943723201751709,-4.100799560546875e-05,-26.52602767944336
110577713000,-4.8148248609680896e-33,4.044452883213195e-33,1.896847940003802e-26,-2.9439220428466797,-4.124641418457031e-05,-26.43099594116211
110584650000,-4.4296388720906425e-33,3.659266894335748e-33,1.780363228809791e-26,-2.944308280944824,-4.1484832763671875e-05,-26.334732055664062
110598545000,-4.237045877651919e-33,3.274080905458301e-33,1.568346229398351e-26,-2.944706916809082,-3.9577484130859375e-05,-26.150737762451172
110605535000,-4.4296388720906425e-33,2.8888949165808538e-33,1.4720360195577852e-26,-2.9451191425323486,-4.172325134277344e-05,-26.040203094482422
110612387000,-3.851859888774472e-33,2.6963019221421302e-33,1.3816401094648392e-26,-2.9453256130218506,-4.1365623474121094e-05,-25.94043731689453
110619353000,-3.4666738998970245e-33,2.6963019221421302e-33,1.296794113174035e-26,-2.945664882659912,-4.124641418457031e-05,-25.84044647216797
110633258000,-2.6963019221421302e-33,2.311115933264683e-33,1.142413032538712e-26,-2.9462337493896484,-4.124641418457031e-05,-25.639019012451172
110640205000,-2.6963019221421302e-33,1.925929944387236e-33,1.0722588772728692e-26,-2.946441173553467,-4.1484832763671875e-05,-25.537494659423828
110647139000,-2.4074124304840448e-33,1.925929944387236e-33,1.0064136435902029e-26,-2.9467387199401855,-4.172325134277344e-05,-25.43509864807129
110654087000,-2.5037089277034066e-33,1.7333369499485123e-33,9.446101664888276e-27,-2.946857452392578,-4.1365623474121094e-05,-25.333520889282227
110661139000,-2.1185229388259594e-33,1.829633447167874e-33,8.866020039730596e-27,-2.947352409362793,-4.184246063232422e-05,-25.231319427490234
110674882000,-1.7333369499485123e-33,1.5407439555097887e-33,7.810544178216304e-27,-2.9478070735931396,-4.1484832763671875e-05,-25.02660369873047
110681851000,-1.6370404527291505e-33,1.5407439555097887e-33,7.33091597746995e-27,-2.9480504989624023,-4.208087921142578e-05,-24.923385620117188
110688809000,-1.5407439555097887e-33,1.4444474582904269e-33,6.880732934457345e-27,-2.9482879638671875,-4.1604042053222656e-05,-24.821056365966797
110695720000,-1.3481509610710651e-33,1.2518544638517033e-33,6.458201623214274e-27,-2.948662042617798,-4.1961669921875e-05,-24.71780014038086
110709605000,-1.0592614694129797e-33,1.1555579666323415e-33,5.689370004228901e-27,-2.9490761756896973,-4.214048385620117e-05,-24.512495040893555
110716558000,-1.0592614694129797e-33,1.0592614694129797e-33,5.3399924456214565e-27,-2.9492359161376953,-4.190206527709961e-05,-24.409027099609375
110723544000,-1.0111132208032988e-33,9.62964972193618e-34,5.0120651243626196e-27,-2.949604034423828,-4.202127456665039e-05,-24.306655883789062
110730433000,-1.0592614694129797e-33,9.14816723583937e-34,4.70428071920614e-27,-2.949805736541748,-4.26173210144043e-05,-24.203311920166016
110744362000,-1.0111132208032988e-33,8.666684749742561e-34,4.1442526470013975e-27,-2.9503345489501953,-4.220008850097656e-05,-23.997255325317383
110751379000,-8.666684749742561e-34,7.703719777548943e-34,3.889751404872324e-27,-2.9505867958068848,-4.214048385620117e-05,-23.895835876464844
110758236000,-8.185202263645752e-34,7.703719777548943e-34,3.6508898694496414e-27,-2.950878381729126,-4.225969314575195e-05,-23.791921615600586
110765211000,-8.666684749742561e-34,6.7407548053553255e-34,3.426686972019679e-27,-2.951022148132324,-4.190206527709961e-05,-23.690383911132812
110772172000,-8.666684749742561e-34,6.2592723192585165e-34,3.2162585181449685e-27,-2.9512174129486084,-4.1961669921875e-05,-23.58769989013672
110786034000,-7.703719777548943e-34,5.296307347064899e-34,2.8333769044459807e-27,-2.951730728149414,-4.1961669921875e-05,-23.383358001708984
110792978000,-7.2222372914521344e-34,4.81482486096809e-34,2.659384926596138e-27,-2.951986312866211,-4.2438507080078125e-05,-23.28110122680664
110799882000,-6.500013562306921e-34,4.333342374871281e-34,2.4960756969618222e-27,-2.9521484375,-4.2378902435302734e-05,-23.17945098876953
110806865000,-6.500013562306921e-34,4.092601131822876e-34,2.3427924734319976e-27,-2.952481746673584,-4.202127456665039e-05,-23.07809829711914
110813785000,-5.7777898331617076e-34,4.81482486096809e-34,2.1989222325053657e-27,-2.9527721405029297,-4.2319297790527344e-05,-22.977001190185547
110827727000,-5.7777898331617076e-34,3.6111186457260672e-34,1.937148293720297e-27,-2.9531726837158203,-4.2438507080078125e-05,-22.774795532226562
110834675000,-4.574083617919685e-34,3.6111186457260672e-34,1.8181922677402472e-27,-2.9534196853637695,-4.2557716369628906e-05,-22.673219680786133
110841604000,-4.092601131822876e-34,3.6111186457260672e-34,1.706537634772364e-27,-2.952698230743408,-3.7789344787597656e-05,-10.978018760681152
110848525000,-3.851859888774472e-34,2.8888949165808538e-34,1.6017426827839018e-27,-2.9520606994628906,-3.4809112548828125e-05,-3.1629109382629395
110855480000,-3.3703774026776627e-34,3.1296361596292583e-34,1.5033788923622347e-27,-2.951570987701416,-3.170967102050781e-05,2.136554479598999
110862391000,-3.3703774026776627e-34,2.407412430484045e-34,1.4110581886235687e-27,-2.9512062072753906,-3.0040740966796875e-05,5.5485100746154785
110876305000,-3.009265538105056e-34,2.2870418089598426e-34,1.2430754010897057e-27,-2.9509060382843018,-2.7179718017578125e-05,8.572208404541016
110883233000,-2.527783052008247e-34,2.2870418089598426e-34,1.1667397232964594e-27,-2.9507761001586914,-2.7179718017578125e-05,8.852413177490234
110890262000,-2.6481536735324493e-34,2.1666711874356403e-34,1.095091566394857e-27,-2.9506499767303467,-2.6226043701171875e-05,8.627549171447754
110897152000,-2.2870418089598426e-34,2.1666711874356403e-34,1.0278424260792297e-27,-2.9508633613586426,-2.6226043701171875e-05,8.062543869018555
110911031000,-2.2870418089598426e-34,1.8055593228630336e-34,9.05241577679427e-28,-2.9507651329040527,-1.6689300537109375e-05,6.427894115447998
110918104000,-2.1666711874356403e-34,1.6851887013388314e-34,8.496509579856505e-28,-2.95098876953125,-2.5987625122070312e-05,5.39086389541626
110924955000,-1.925929944387236e-34,1.5648180798146291e-34,7.974750120832726e-28,-2.951237678527832,-2.574920654296875e-05,4.400945663452148
110931921000,-1.8055593228630336e-34,1.5648180798146291e-34,7.485023210126481e-28,-2.9513063430786133,-2.5987625122070312e-05,3.4284045696258545
110938859000,-1.3240768367662246e-34,1.4444474582904269e-34,7.025370658466816e-28,-2.951385498046875,-2.574920654296875e-05,2.4946279525756836
110952750000,-1.4444474582904269e-34,1.1435209044799213e-34,6.189018728229645e-28,-2.9518320560455322,-2.5987625122070312e-05,0.7930290699005127
110959653000,-1.2037062152420224e-34,1.1435209044799213e-34,5.808964379689018e-28,-2.952157735824585,-2.6464462280273438e-05,0.03678023815155029
110966597000,-1.1435209044799213e-34,1.2037062152420224e-34,5.452238339082267e-28,-2.9521656036376953,-2.6226043701171875e-05,-0.6530829668045044
110973612000,-1.3842621475283258e-34,9.62964972193618e-35,5.117417825662976e-28,-2.952531337738037,-2.6464462280273438e-05,-1.2789322137832642
110987565000,-1.2037062152420224e-34,9.62964972193618e-35,4.508202369347059e-28,-2.9530208110809326,-2.6702880859375e-05,-2.3493332862854004
110994407000,-1.2037062152420224e-34,9.027796614315168e-35,4.231355236148741e-28,-2.953058958053589,-2.6702880859375e-05,-2.8017079830169678
111001383000,-1.0833355937178202e-34,8.425943506694157e-35,3.971509249534501e-28,-2.953275203704834,-2.6941299438476562e-05,-3.204334259033203
111008332000,-1.023150282955719e-34,8.425943506694157e-35,3.7276200739919955e-28,-2.9535322189331055,-2.6702880859375e-05,-3.5616466999053955
111015211000,-1.023150282955719e-34,7.222237291452134e-35,3.498711744521906e-28,-2.953826427459717,-2.6941299438476562e-05,-3.8782899379730225
111029168000,-9.328723168125674e-35,6.319457630020618e-35,3.0821993013927854e-28,-2.95430326461792,-2.7418136596679688e-05,-4.405240058898926
111036084000,-8.425943506694157e-35,6.319457630020618e-35,2.89292540647197e-28,-2.9542958736419678,-2.7179718017578125e-05,-4.623104572296143
111043062000,-8.726870060504662e-35,5.115751414778595e-35,2.7152713691293723e-28,-2.954657554626465,-2.7418136596679688e-05,-4.81503963470459
111049929000,-7.824090399073146e-35,4.513898307157584e-35,2.5485301323341586e-28,-2.954798698425293,-2.7418136596679688e-05,-4.984016418457031
111057149000,-6.620384183831123e-35,5.115751414778595e-35,2.3920235280046617e-28,-2.9551355838775635,-2.7179718017578125e-05,-5.132705211639404
111070825000,-5.717604522399606e-35,4.2129717533470784e-35,2.1072637116298286e-28,-2.9555044174194336,-2.7894973754882812e-05,-5.379631042480469
111077708000,-5.717604522399606e-35,3.912045199536573e-35,1.9778553027297247e-28,-2.955641269683838,-2.7418136596679688e-05,-5.4814453125
111084858000,-5.115751414778595e-35,3.611118645726067e-35,1.8563976141225374e-28,-2.9559295177459717,-2.7894973754882812e-05,-5.571768760681152
111091627000,-5.115751414778595e-35,3.611118645726067e-35,1.7423968855187744e-28,-2.956179618835449,-2.765655517578125e-05,-5.651540756225586
111105549000,-4.363435030252331e-35,2.858802261199803e-35,1.534970739760245e-28,-2.9565720558166504,-2.765655517578125e-05,-5.785799980163574
111112432000,-3.76158192263132e-35,3.009265538105056e-35,1.4407073023384269e-28,-2.956864595413208,-2.7894973754882812e-05,-5.841852188110352
111119448000,-3.4606553688208144e-35,2.5578757073892976e-35,1.3522353770006243e-28,-2.9570016860961914,-2.8133392333984375e-05,-5.892580509185791
111126351000,-3.009265538105056e-35,2.407412430484045e-35,1.2691962592946951e-28,-2.9571738243103027,-2.7894973754882812e-05,-5.937981128692627
111133249000,-3.009265538105056e-35,2.407412430484045e-35,1.191257605934611e-28,-2.9573965072631836,-2.8133392333984375e-05,-5.979235649108887
111147189000,-2.5578757073892976e-35,2.256949153578792e-35,1.0494405507734416e-28,-2.9579358100891113,-2.8014183044433594e-05,-6.050478935241699
111154203000,-2.256949153578792e-35,1.9560225997682864e-35,9.849947820478021e-29,-2.9580259323120117,-2.8014183044433594e-05,-6.081750392913818
111161036000,-2.256949153578792e-35,1.6550960459577808e-35,9.245065586166353e-29,-2.958296060562134,-2.8371810913085938e-05,-6.110391139984131
111168100000,-1.8055593228630336e-35,1.6550960459577808e-35,8.677337549747453e-29,-2.9585013389587402,-2.849102020263672e-05,-6.137033462524414
111174944000,-1.8055593228630336e-35,1.6550960459577808e-35,8.144480280531007e-29,-2.958725929260254,-2.8133392333984375e-05,-6.161985874176025
111188862000,-1.6550960459577808e-35,1.3541694921472752e-35,7.174909368628141e-29,-2.9590988159179688,-2.8371810913085938e-05,-6.20724630355835
111195819000,-1.6550960459577808e-35,1.3541694921472752e-35,6.73429993077609e-29,-2.9593918323516846,-2.849102020263672e-05,-6.227877616882324
111202750000,-1.7303276844104072e-35,1.3541694921472752e-35,6.320755827173756e-29,-2.9594130516052246,-2.849102020263672e-05,-6.247748851776123
111209659000,-1.504632769052528e-35,1.0532429383367696e-35,5.932599693210199e-29,-2.9596831798553467,-2.849102020263672e-05,-6.266510963439941
111216611000,-1.2037062152420224e-35,1.0532429383367696e-35,5.568286571958156e-29,-2.959874153137207,-2.849102020263672e-05,-6.284578323364258
111230527000,-1.2789378536946488e-35,9.027796614315168e-36,4.905401647179175e-29,-2.9603452682495117,-2.86102294921875e-05,-6.318914413452148
111237483000,-1.2037062152420224e-35,9.780112998841432e-36,4.6041624306792604e-29,-2.9604458808898926,-2.872943878173828e-05,-6.335354804992676
111244382000,-1.2037062152420224e-35,8.275480229788904e-36,4.321426285193492e-29,-2.960598945617676,-2.849102020263672e-05,-6.351142883300781
111251472000,-1.1660903960157092e-35,7.52316384526264e-36,4.056049087964283e-29,-2.960883378982544,-3.147125244140625e-05,-6.370048522949219
111258341000,-1.0532429383367696e-35,7.147005652999508e-36,3.806689007488192e-29,-2.9610347747802734,-2.6226043701171875e-05,-6.378507614135742
111272209000,-9.027796614315168e-36,6.770847460736376e-36,3.3535155850879987e-29,-2.961456060409546,-2.8848648071289062e-05,-6.411257743835449
111279099000,-7.52316384526264e-36,6.770847460736376e-36,3.1475807109595325e-29,-2.961623430252075,-2.8967857360839844e-05,-6.425741672515869
111286072000,-7.52316384526264e-36,5.64237288394698e-36,2.954288664136307e-29,-2.961836338043213,-2.8967857360839844e-05,-6.43983793258667
111293059000,-6.770847460736376e-36,5.266214691683848e-36,2.7728693735671214e-29,-2.961965560913086,-2.8848648071289062e-05,-6.453673362731934
111299952000,-5.64237288394698e-36,5.266214691683848e-36,2.602593393285539e-29,-2.962226629257202,-2.9325485229492188e-05,-6.467550277709961
111313835000,-5.266214691683848e-36,4.890056499420716e-36,2.292765883403149e-29,-2.9625582695007324,-2.944469451904297e-05,-6.494629859924316
111320822000,-4.890056499420716e-36,4.137740114894452e-36,2.1519698720390588e-29,-2.9628915786743164,-2.956390380859375e-05,-6.507835388183594
111328029000,-4.70197740328915e-36,3.76158192263132e-36,2.0198181263964522e-29,-2.962942361831665,-2.9325485229492188e-05,-6.52105712890625
111334709000,-4.325819211026018e-36,3.76158192263132e-36,1.8957799624976844e-29,-2.963059902191162,-2.9206275939941406e-05,-6.533957481384277
111348609000,-3.573502826499754e-36,3.573502826499754e-36,1.6700910656708814e-29,-2.963557243347168,-2.9325485229492188e-05,-6.559720516204834
111355536000,-3.573502826499754e-36,3.385423730368188e-36,1.5675325877932768e-29,-2.9636120796203613,-2.956390380859375e-05,-6.572427749633789
111362484000,-3.385423730368188e-36,2.82118644197349e-36,1.4712738568564182e-29,-2.963839530944824,-3.2067298889160156e-05,-6.58834171295166
111369442000,-3.197344634236622e-36,3.009265538105056e-36,1.3808207514589488e-29,-2.9640443325042725,-2.6941299438476562e-05,-6.59454870223999
111383296000,-3.197344634236622e-36,2.445028249710358e-36,1.2164353332365683e-29,-2.9644968509674072,-2.968311309814453e-05,-6.622415065765381
111390253000,-3.197344634236622e-36,2.256949153578792e-36,1.1417344539932252e-29,-2.964536666870117,-2.9802322387695312e-05,-6.634703159332275
111397236000,-2.82118644197349e-36,2.068870057447226e-36,1.071619996356508e-29,-2.964705467224121,-2.9802322387695312e-05,-6.646869659423828
111404166000,-2.82118644197349e-36,1.88079096131566e-36,1.0058121738630114e-29,-2.9648327827453613,-2.968311309814453e-05,-6.6589035987854
111411086000,-2.633107345841924e-36,2.068870057447226e-36,9.440463968402975e-30,-2.9651126861572266,-2.9802322387695312e-05,-6.671041488647461
111418072000,-2.256949153578792e-36,1.786751413249877e-36,8.860728962487036e-30,-2.9654016494750977,-3.612041473388672e-05,-6.690089702606201
111431911000,-1.88079096131566e-36,1.692711865184094e-36,7.804492557256236e-30,-2.9656786918640137,-2.9921531677246094e-05,-6.706523895263672
111438894000,-1.692711865184094e-36,1.598672317118311e-36,7.32521435816609e-30,-2.9656996726989746,-2.956390380859375e-05,-6.718156814575195
111445886000,-1.786751413249877e-36,1.316553672920962e-36,6.875387840897377e-30,-2.9658539295196533,-3.0040740966796875e-05,-6.72990083694458
111452790000,-1.692711865184094e-36,1.316553672920962e-36,6.453178858104623e-30,-2.966096878051758,-3.0279159545898438e-05,-6.741507530212402
111459700000,-1.692711865184094e-36,1.222514124855179e-36,6.0568864224424146e-30,-2.9661865234375,-2.968311309814453e-05,-6.752943515777588
111473681000,-1.692711865184094e-36,1.128474576789396e-36,5.335829536009601e-30,-2.9665865898132324,-3.0040740966796875e-05,-6.775710582733154
111480593000,-1.4576129950196365e-36,8.46355932592047e-37,5.0081675386839936e-30,-2.9666144847869873,-3.0159950256347656e-05,-6.78706169128418
111487492000,-1.3635734469538535e-36,9.874152546907215e-37,4.700622105322426e-30,-2.9668819904327393,-3.0159950256347656e-05,-6.79818868637085
111494435000,-1.316553672920962e-36,9.4039548065783e-37,4.4119669602181205e-30,-2.967151165008545,-3.0517578125e-05,-6.809424877166748
111501376000,-1.1754943508222875e-36,8.46355932592047e-37,4.141029618285793e-30,-2.967115640640259,-3.039836883544922e-05,-6.8205437660217285
111515281000,-1.0814548027565045e-36,7.052966104933725e-37,3.6480442146695776e-30,-2.9675040245056152,-3.0159950256347656e-05,-6.842377662658691
111522286000,-1.034435028723613e-36,7.052966104933725e-37,3.4240220747926925e-30,-2.967709541320801,-3.075599670410156e-05,-6.853344917297363
111529180000,-9.4039548065783e-37,7.052966104933725e-37,3.213757168481447e-30,-2.967893123626709,-3.039836883544922e-05,-6.864249229431152
111536140000,-9.4039548065783e-37,6.112570624275895e-37,3.0164040801987296e-30,-2.9679927825927734,-3.075599670410156e-05,-6.87485408782959
111543062000,-7.52316384526264e-37,5.64237288394698e-37,2.831173065819884e-30,-2.968287467956543,-3.0875205993652344e-05,-6.885721206665039
111556955000,-7.52316384526264e-37,4.231779662960235e-37,2.494124605043638e-30,-2.969977378845215,-3.4809112548828125e-05,-11.357436180114746
111563866000,-6.112570624275895e-37,5.172175143618065e-37,2.3409657785326277e-30,-2.9713592529296875,-3.8743019104003906e-05,-14.941614151000977
111570841000,-6.112570624275895e-37,3.76158192263132e-37,2.197209966432715e-30,-2.9724791049957275,-4.1872262954711914e-05,-18.295053482055664
111584748000,-5.4072740137825225e-37,3.291384182302405e-37,1.935638023092259e-30,-2.9743599891662598,-4.70280647277832e-05,-23.899612426757812
111591696000,-4.70197740328915e-37,3.76158192263132e-37,1.8167694012297633e-30,-2.9749345779418945,-4.887580871582031e-05,-26.108749389648438
111598580000,-4.231779662960235e-37,3.291384182302405e-37,1.7052006933254223e-30,-2.975670099258423,-5.054473876953125e-05,-27.95217514038086
111605587000,-4.231779662960235e-37,3.0562853121379475e-37,1.600484835367731e-30,-2.976161479949951,-5.137920379638672e-05,-29.470638275146484
111612535000,-4.231779662960235e-37,2.82118644197349e-37,1.502201000379095e-30,-2.9765994548797607,-5.316734313964844e-05,-30.707828521728516
111626394000,-3.9966807927957775e-37,2.350988701644575e-37,1.3233717282348274e-30,-2.9772465229034424,-5.435943603515625e-05,-32.49971008300781
111633329000,-3.5264830524668625e-37,2.82118644197349e-37,1.2421050077455313e-30,-2.977696418762207,-5.53131103515625e-05,-33.1258430480957
111640305000,-3.291384182302405e-37,2.4685381367268038e-37,1.1658289660720863e-30,-2.977944850921631,-5.602836608886719e-05,-33.61064147949219
111647216000,-3.291384182302405e-37,2.1158898314801175e-37,1.0942377866041825e-30,-2.978149175643921,-5.626678466796875e-05,-33.97653579711914
111654242000,-2.82118644197349e-37,1.9983403963978888e-37,1.0270420156128734e-30,-2.9783787727355957,-5.626678466796875e-05,-34.24544143676758
111668091000,-2.2334392665623463e-37,1.6456920911512025e-37,9.047736760087037e-31,-2.9787886142730713,-5.6743621826171875e-05,-34.554195404052734
111674993000,-2.350988701644575e-37,1.7632415262334313e-37,8.492134182995739e-31,-2.9789440631866455,-5.698204040527344e-05,-34.61638259887695
111681957000,-2.2334392665623463e-37,1.6456920911512025e-37,7.970635048010497e-31,-2.9790713787078857,-5.7220458984375e-05,-34.634281158447266
111688981000,-1.9983403963978888e-37,1.5281426560689738e-37,7.481161081119058e-31,-2.979112386703491,-5.745887756347656e-05,-34.613590240478516
111702840000,-1.7632415262334313e-37,1.2930437859045163e-37,6.590554839184657e-31,-2.9795010089874268,-5.793571472167969e-05,-34.479248046875
111709753000,-1.3518185034456306e-37,1.2930437859045163e-37,6.185836836173947e-31,-2.9796805381774902,-5.793571472167969e-05,-34.376060485839844
111716693000,-1.5281426560689738e-37,1.1754943508222875e-37,5.805971604926061e-31,-2.9795823097229004,-5.841255187988281e-05,-34.25423049926758
111723632000,-1.5281426560689738e-37,1.0579449157400588e-37,5.449424420016568e-31,-2.979727268218994,-5.841255187988281e-05,-34.11894989013672
111730543000,-1.4693679385278594e-37,9.991701981989444e-38,5.114776224665153e-31,-2.979853391647339,-5.817413330078125e-05,-33.97005844116211
111744428000,-1.1754943508222875e-37,8.228460455756013e-38,4.505880495289495e-31,-2.9800338745117188,-5.8650970458984375e-05,-33.641170501708984
111751391000,-9.4039548065783e-38,7.640713280344869e-38,4.229176178072034e-31,-2.980232000350952,-5.793571472167969e-05,-33.46597671508789
111758384000,-9.4039548065783e-38,8.228460455756013e-38,3.969471389958424e-31,-2.9800686836242676,-5.7697296142578125e-05,-33.28287124633789
111765265000,-8.228460455756013e-38,7.640713280344869e-38,3.725707480736315e-31,-2.9803340435028076,-5.841255187988281e-05,-33.09756088256836
111772272000,-8.228460455756013e-38,7.052966104933725e-38,3.496919369543682e-31,-2.9802706241607666,-5.817413330078125e-05,-32.905696868896484
111786169000,-7.052966104933725e-38,5.877471754111438e-38,3.0806206312875407e-31,-2.9805238246917725,-5.841255187988281e-05,-32.51509094238281
111793077000,-7.052966104933725e-38,5.583598166405866e-38,2.891438216158293e-31,-2.9804515838623047,-5.793571472167969e-05,-32.31668472290039
111799992000,-6.465218929522581e-38,5.877471754111438e-38,2.7138760328846637e-31,-2.980666399002075,-5.841255187988281e-05,-32.11570358276367
111806944000,-5.877471754111438e-38,4.995850990994722e-38,2.547217735209262e-31,-2.9809300899505615,-5.8650970458984375e-05,-31.914634704589844
111820857000,-6.171345341817009e-38,4.408103815583578e-38,2.243984626383573e-31,-2.9808082580566406,-5.8650970458984375e-05,-31.50702667236328
111827768000,-4.995850990994722e-38,4.408103815583578e-38,2.106184244823118e-31,-2.9810988903045654,-5.793571472167969e-05,-31.302825927734375
111835026000,-5.289724578700294e-38,4.1142302278780063e-38,1.9768443663032718e-31,-2.9811973571777344,-6.67572021484375e-05,-31.021150588989258
111841711000,-4.408103815583578e-38,3.8203566401724344e-38,1.855013545696478e-31,-2.9811012744903564,-5.078315734863281e-05,-30.97124671936035
111855666000,-4.70197740328915e-38,3.2326094647612906e-38,1.6341789468309438e-31,-2.981337547302246,-5.888938903808594e-05,-30.48394203186035
111862575000,-4.408103815583578e-38,2.644862289350147e-38,1.5338246431125435e-31,-2.9813926219940186,-6.127357482910156e-05,-30.25348472595215
111869539000,-3.8203566401724344e-38,2.791799083202933e-38,1.4395149664449415e-31,-2.981503963470459,-5.614757537841797e-05,-30.101821899414062
111876431000,-3.2326094647612906e-38,2.644862289350147e-38,1.3511149700766635e-31,-2.9815564155578613,-5.8650970458984375e-05,-29.872329711914062
111883345000,-3.2326094647612906e-38,2.791799083202933e-38,1.2681444645653986e-31,-2.981579303741455,-5.8650970458984375e-05,-29.66895294189453
111897242000,-3.2326094647612906e-38,2.204051907791789e-38,1.1171731390017204e-31,-2.981718063354492,-5.888938903808594e-05,-29.265050888061523
111904246000,-2.644862289350147e-38,2.0571151139390031e-38,1.0485670569080687e-31,-2.9818475246429443,-5.817413330078125e-05,-29.064380645751953
111911150000,-2.204051907791789e-38,2.0571151139390031e-38,9.841758273587254e-32,-2.981931686401367,-5.8770179748535156e-05,-28.8631534576416
111918056000,-2.350988701644575e-38,1.9101783200862172e-38,9.237378440859151e-32,-2.9819111824035645,-5.8531761169433594e-05,-28.663976669311523
111925074000,-2.350988701644575e-38,1.7632415262334313e-38,8.670122482971541e-32,-2.981928586959839,-5.900859832763672e-05,-28.46478271484375
111938952000,-2.130583510865396e-38,1.6163047323806453e-38,7.637967325541348e-32,-2.9820609092712402,-5.91278076171875e-05,-28.06998062133789
111945848000,-2.0571151139390031e-38,1.3958995416014664e-38,7.168922157423414e-32,-2.982306957244873,-5.900859832763672e-05,-27.873777389526367
111952890000,-1.6897731293070383e-38,1.3958995416014664e-38,6.7286748376591e-32,-2.982234001159668,-5.8770179748535156e-05,-27.679609298706055
111959753000,-1.7632415262334313e-38,1.3224311446750734e-38,6.315475055160032e-32,-2.9823341369628906,-5.936622619628906e-05,-27.4847412109375
111966681000,-1.5428363354542524e-38,1.2489627477486805e-38,5.927643616246059e-32,-2.9824159145355225,-5.888938903808594e-05,-27.291627883911133
111980598000,-1.3958995416014664e-38,1.0285575569695016e-38,5.221969084318897e-32,-2.9825077056884766,-5.91278076171875e-05,-26.908626556396484
111987616000,-1.1754943508222875e-38,1.1020259538958945e-38,4.901289523437174e-32,-2.982638359069824,-5.9485435485839844e-05,-26.719058990478516
111994459000,-1.1020259538958945e-38,9.550891600431086e-39,4.600303313288364e-32,-2.9825878143310547,-5.900859832763672e-05,-26.530284881591797
112001405000,-1.0285575569695016e-38,8.081523661903227e-39,4.317800282438296e-32,-2.9827005863189697,-5.900859832763672e-05,-26.342453002929688
112008385000,-1.1020259538958945e-38,8.081523661903227e-39,4.052645491091251e-32,-2.9827098846435547,-5.924701690673828e-05,-26.156341552734375
112022518000,-8.816207631167156e-39,6.612155723375367e-39,3.570192340534251e-32,-2.9828271865844727,-5.924701690673828e-05,-25.786636352539062
112029190000,-8.816207631167156e-39,6.612155723375367e-39,3.3509511830359736e-32,-2.982839584350586,-5.936622619628906e-05,-25.604124069213867
112036199000,-7.714181677271262e-39,6.244813738743402e-39,3.145175901073541e-32,-2.982891082763672,-5.936622619628906e-05,-25.421247482299805
112043100000,-6.979497708007332e-39,6.612155723375367e-39,2.9520292487955803e-32,-2.982913017272949,-5.936622619628906e-05,-25.24166488647461
112057016000,-5.510129769479473e-39,5.510129769479473e-39,2.600595816960469e-32,-2.9831137657165527,-5.91278076171875e-05,-24.88435935974121
112063912000,-5.510129769479473e-39,5.510129769479473e-39,2.4408963870672177e-32,-2.983149290084839,-5.91278076171875e-05,-24.70730209350586
112070949000,-4.775445800215543e-39,5.142787784847508e-39,2.2910017555541752e-32,-2.9816904067993164,-5.1856040954589844e-05,-7.4317779541015625
112077805000,-4.775445800215543e-39,4.775445800215543e-39,2.1503141835439482e-32,-2.9805972576141357,-4.649162292480469e-05,4.261015892028809
112084736000,-4.775445800215543e-39,4.408103815583578e-39,2.0182641440235634e-32,-2.9796409606933594,-4.1961669921875e-05,12.228946685791016
112098640000,-4.224432823267596e-39,3.6734198463196485e-39,1.7779951558306018e-32,-2.9781506061553955,-3.814697265625e-05,20.32161521911621
112105649000,-4.040761830951613e-39,3.489748854003666e-39,1.6688074528761535e-32,-2.977715253829956,-3.528594970703125e-05,21.746625900268555
112112527000,-3.6734198463196485e-39,3.122406869371701e-39,1.5663265329403218e-32,-2.9772331714630127,-3.4332275390625e-05,22.05803108215332
112119558000,-3.6734198463196485e-39,2.7550648847397363e-39,1.4701390628219988e-32,-2.9768707752227783,-3.2901763916015625e-05,21.59925651550293
112126469000,-3.489748854003666e-39,2.7550648847397363e-39,1.3798594803741147e-32,-2.9768221378326416,-3.2901763916015625e-05,20.623493194580078
112140348000,-2.571393892423754e-39,2.571393892423754e-39,1.2155908304708204e-32,-2.9762368202209473,-3.147125244140625e-05,17.83584213256836
112147264000,-2.571393892423754e-39,2.3877229001077715e-39,1.1409428984317742e-32,-2.9761950969696045,-3.1948089599609375e-05,16.261369705200195
112154231000,-2.3877229001077715e-39,2.204051907791789e-39,1.0708790270189502e-32,-2.9761605262756348,-3.147125244140625e-05,14.671622276306152
112161211000,-2.2958874039497803e-39,2.0203809154758067e-39,1.0051176118669297e-32,-2.9760541915893555,-3.24249267578125e-05,13.114208221435547
112168075000,-2.4795583962657627e-39,1.8367099231598242e-39,9.43392770847236e-33,-2.9760756492614746,-3.147125244140625e-05,11.625072479248047
112181963000,-1.9285454193178154e-39,1.744874427001833e-39,8.310844242649423e-33,-2.9760894775390625,-3.1948089599609375e-05,8.914807319641113
112189010000,-1.744874427001833e-39,1.4693679385278594e-39,7.800478390984972e-33,-2.976147174835205,-3.1948089599609375e-05,7.71235466003418
112195901000,-1.744874427001833e-39,1.5612034346858506e-39,7.321453422765351e-33,-2.976161241531372,-3.4809112548828125e-05,6.593921184539795
112202948000,-1.3775324423698682e-39,1.3775324423698682e-39,6.871282432754602e-33,-2.976301670074463,-2.956390380859375e-05,5.6347432136535645
112209765000,-1.4693679385278594e-39,1.285696946211877e-39,6.449318899059771e-33,-2.9763083457946777,-3.266334533691406e-05,4.716047763824463
112223734000,-1.4693679385278594e-39,1.1020259538958945e-39,5.681544763820194e-33,-2.9764962196350098,-3.2901763916015625e-05,3.182361602783203
112230639000,-1.285696946211877e-39,1.1020259538958945e-39,5.332653265050339e-33,-2.9764938354492188,-3.314018249511719e-05,2.5342233180999756
112237571000,-1.1938614500538858e-39,9.183549615799121e-40,5.0051719265127734e-33,-2.976618766784668,-3.337860107421875e-05,1.957959532737732
112244479000,-1.1479437019748901e-39,9.183549615799121e-40,4.6978106431574697e-33,-2.9767417907714844,-3.337860107421875e-05,1.4442377090454102
112251416000,-1.1479437019748901e-39,7.346839692639297e-40,4.4093241256565255e-33,-2.976715087890625,-3.314018249511719e-05,0.9881670475006104
112265346000,-1.1479437019748901e-39,8.265194654219209e-40,3.8844166741884335e-33,-2.976980447769165,-3.337860107421875e-05,0.22266295552253723
112272321000,-9.642727096589077e-40,6.887662211849341e-40,3.645876176969959e-33,-2.9770264625549316,-3.337860107421875e-05,-0.09680187702178955
112279207000,-9.183549615799121e-40,6.887662211849341e-40,3.4219841760726536e-33,-2.976982831954956,-3.3855438232421875e-05,-0.38082215189933777
112286246000,-8.724372135009165e-40,5.969307250269429e-40,3.211844357054015e-33,-2.977283000946045,-3.337860107421875e-05,-0.6335857510566711
112293122000,-7.806017173429253e-40,1.1938614500538858e-38,3.0146116496783973e-33,-2.977236032485962,-3.361701965332031e-05,-0.8590205907821655
112307011000,-6.428484731059385e-40,2.0111973658600075e-38,2.655730285636476e-33,-2.9775185585021973,-3.3855438232421875e-05,-1.2398524284362793
112313957000,-5.280541029084495e-40,1.735690877386034e-38,2.492645321810261e-33,-2.9775614738464355,-3.3855438232421875e-05,-1.4015536308288574
112320980000,-5.969307250269429e-40,2.6104239782909e-38,2.339577222891983e-33,-2.977656364440918,-3.3855438232421875e-05,-1.547135829925537
112327825000,-4.821363548294539e-40,2.2407861062549856e-38,2.195904813585629e-33,-2.977557897567749,-3.3855438232421875e-05,-1.678422212600708
112341750000,-5.050952288689517e-40,3.733112918822343e-38,1.9344879106032067e-33,-2.9779157638549805,-3.4332275390625e-05,-1.9062302112579346
112348651000,-4.5917748078995606e-40,3.2004670411059937e-38,1.815693369864068e-33,-2.97786283493042,-3.409385681152344e-05,-2.0057685375213623
112355689000,-4.3621860675045825e-40,3.8410196268079824e-38,1.7041938735977353e-33,-2.9781620502471924,-3.4332275390625e-05,-2.0969691276550293
112362581000,-4.3621860675045825e-40,4.4379503518349253e-38,1.5995414482539502e-33,-2.9781455993652344,-3.457069396972656e-05,-2.1814589500427246
112376446000,-3.6734198463196485e-40,4.3323395312532354e-38,1.4091216489963094e-33,-2.9784295558929443,-3.457069396972656e-05,-2.3331422805786133
112383404000,-3.9030085867146265e-40,4.825955323102438e-38,1.3225891935639613e-33,-2.9782862663269043,-3.457069396972656e-05,-2.401411294937134
112390361000,-3.7882142165171375e-40,5.292020466104244e-38,1.2413706154458032e-33,-2.978400707244873,-3.457069396972656e-05,-2.465891122817993
112397318000,-3.4438311059246704e-40,4.5389693976087156e-38,1.1651406333144433e-33,-2.978595018386841,-3.457069396972656e-05,-2.5271289348602295
112411159000,-3.2142423655296924e-40,5.329902608269415e-38,1.0264366161857328e-33,-2.9788658618927,-3.4809112548828125e-05,-2.6407976150512695
112418101000,-3.0994479953322034e-40,5.688061043285581e-38,9.63404405042734e-34,-2.978759288787842,-3.4809112548828125e-05,-2.6940064430236816
112425090000,-2.6402705145422473e-40,6.030148266474098e-38,9.042421417078328e-34,-2.978937864303589,-3.4809112548828125e-05,-2.7448596954345703
112431977000,-2.2958874039497803e-40,5.16919048999293e-38,8.487128906009419e-34,-2.9789581298828125,-3.4809112548828125e-05,-2.794327974319458
112438969000,-2.2958874039497803e-40,5.465359965102452e-38,7.965937669728856e-34,-2.979170560836792,-3.504753112792969e-05,-2.842238187789917
112445908000,-1.9515042933573132e-40,5.745458228384325e-38,7.476745134552103e-34,-2.9792709350585938,-3.552436828613281e-05,-2.8883564472198486
112459904000,-1.8367099231598242e-40,6.258589063167101e-38,6.5812044061052395e-34,-2.979128837585449,-6.67572021484375e-06,-2.8973443508148193
112466800000,-1.9515042933573132e-40,6.485881916158129e-38,6.1770487853059015e-34,-2.979414463043213,-3.528594970703125e-05,-3.021202325820923
112473783000,-1.8941071082585687e-40,6.703991219533358e-38,5.797718135827992e-34,-2.9795165061950684,-3.552436828613281e-05,-3.0632855892181396
112480684000,-1.7793127380610797e-40,6.907751226633901e-38,5.441682019128037e-34,-2.9796690940856934,-3.528594970703125e-05,-3.1046276092529297
112487710000,-1.6645183678635907e-40,5.923963474041421e-38,5.107510556530858e-34,-2.979612112045288,-3.504753112792969e-05,-3.145322799682617
112501503000,-1.4923268125673572e-40,6.271216443888825e-38,4.499479215905818e-34,-2.979736566543579,-3.528594970703125e-05,-3.224576711654663
112508530000,-1.4923268125673572e-40,6.429058702910372e-38,4.223175595325193e-34,-2.9799184799194336,-3.5762786865234375e-05,-3.263406276702881
112515399000,-1.4923268125673572e-40,6.577143440465133e-38,3.963835368417391e-34,-2.9800634384155273,-3.5762786865234375e-05,-3.301753520965576
112522440000,-1.4349296274686127e-40,6.715470656553107e-38,3.7204143655910965e-34,-2.979997158050537,-3.5762786865234375e-05,-3.3390164375305176
112536305000,-1.3775324423698682e-40,6.968592242838571e-38,3.27751794073751e-34,-2.9802212715148926,-3.552436828613281e-05,-3.4133706092834473
112543197000,-1.3775324423698682e-40,7.08338661303606e-38,3.0762524153013584e-34,-2.9803850650787354,-3.5762786865234375e-05,-3.449892044067383
112550143000,-1.4062310349192404e-40,7.191293321021699e-38,2.887343585462005e-34,-2.9805119037628174,-3.62396240234375e-05,-3.485854148864746
112557141000,-1.3201352572711237e-40,7.293173324571971e-38,2.710032660432444e-34,-2.9804229736328125,-3.5762786865234375e-05,-3.521423101425171
112571004000,0.027124404907226562,-7.011797904968262,-0.0038217902183532715,11.657315254211426,0.003318309783935547,50.176761627197266
112577976000,1.6824989318847656,-42.84978485107422,-0.4221516251564026,-687.7615966796875,-21.0289306640625,858.259521484375
112584868000,0.7926406860351562,10.998193740844727,0.11500495672225952,-366.9480285644531,-5.6964111328125,517.9684448242188
112591857000,0.38315868377685547,9.452899932861328,0.11336454749107361,-2.004141330718994,0.044004082679748535,-17.29327964782715
112598745000,0.06542778015136719,7.343183994293213,0.1111932098865509,-1.8700852394104004,0.006742984056472778,-19.39470100402832
112612644000,-0.21067774295806885,2.1504478454589844,0.08096650242805481,-1.2436681985855103,-0.036738038063049316,-23.97182273864746
