sim_time_ns,gyro_x,gyro_y,gyro_z,accel_x,accel_y,accel_z
730621521000,0.00022797338897362351,0.0007642928976565599,-0.0036827288568019867,-0.7843776941299438,0.09056875109672546,-9.768860816955566
730628427000,-0.0009957854636013508,-0.0002448783488944173,0.0023577450774610043,-0.7679171562194824,-0.09097573161125183,-9.777833938598633
730635341000,0.0010824943892657757,0.002208882011473179,-0.0005766087560914457,-0.759053111076355,0.037685543298721313,-9.79752254486084
730649216000,1.2116186553612351e-05,0.00025892286794260144,-0.003835248528048396,-0.7936493754386902,0.1075604259967804,-9.780718803405762
730656210000,-0.0008783990051597357,-0.0009285765700042248,0.0025286246091127396,-0.7673685550689697,-0.09798002243041992,-9.779858589172363
730663088000,0.0009649193380028009,0.0015608350513502955,-0.0007716243271715939,-0.7618094682693481,0.045129865407943726,-9.798585891723633
730670087000,-0.0003299565287306905,0.0011230935342609882,-0.0009476677514612675,-0.7833079099655151,0.011017680168151855,-9.789512634277344
730676990000,-6.40074722468853e-05,-0.001280678203329444,0.0025326255708932877,-0.7949392795562744,-0.06105536222457886,-9.763415336608887
730690908000,-0.0010363268665969372,-0.0013910980196669698,0.002364738378673792,-0.7672179937362671,-0.09040820598602295,-9.775346755981445
730697983000,0.001066003693267703,0.0015029906062409282,-0.0005735085578635335,-0.7566853761672974,0.03759598731994629,-9.791807174682617
730704895000,-0.0002445693826302886,0.0012293332256376743,-0.0009382920688949525,-0.7834107875823975,0.01410791277885437,-9.788421630859375
730711811000,-0.00010027142707258463,-0.0011759044136852026,0.0025389238726347685,-0.794985294342041,-0.06021547317504883,-9.76208209991455
730725667000,-0.0010174914496019483,-0.0012007765471935272,0.0023593755904585123,-0.7674814462661743,-0.09044653177261353,-9.775825500488281
730732518000,0.0010711238719522953,0.0015209342818707228,-0.000576171325519681,-0.7575219869613647,0.037636399269104004,-9.791966438293457
730739536000,-0.00024096027482300997,0.001330066006630659,-0.0009358267416246235,-0.7829571962356567,0.014030516147613525,-9.789371490478516
730746431000,-0.00012555357534438372,-0.0011304933577775955,0.002542499452829361,-0.7952330708503723,-0.06006669998168945,-9.762176513671875
730760402000,-0.0010227999882772565,-0.0012579989852383733,0.0023563080467283726,-0.7681766748428345,-0.09032246470451355,-9.776203155517578
730767250000,0.0010650677140802145,0.0015035286778584123,-0.000575255777221173,-0.7572899460792542,0.037572264671325684,-9.792549133300781
730774274000,-8.343206718564034e-05,0.001168641960248351,-0.0007337876595556736,-0.782221257686615,0.009706109762191772,-9.78846263885498
730781164000,-6.769085302948952e-05,-0.0011718419846147299,0.0025711345952004194,-0.7959669828414917,-0.056487977504730225,-9.762441635131836
730795071000,-0.001070123864337802,-0.00131797487847507,0.002368408953770995,-0.7683451771736145,-0.09026730060577393,-9.775291442871094
730801982000,0.0010700691491365433,0.001482608960941434,-0.0005756961181759834,-0.757046103477478,0.03747996687889099,-9.791693687438965
730808953000,-2.5846180506050587e-05,0.0012681980151683092,-0.0007396608707495034,-0.7815983295440674,0.009488791227340698,-9.78943157196045
730815883000,-3.642379306256771e-05,-0.0011234936537221074,0.0025680349208414555,-0.7961879968643188,-0.05638059973716736,-9.762463569641113
730822869000,0.00017622874293010682,-0.0003322605334687978,-0.0036568855866789818,-0.7893564701080322,0.09866651892662048,-9.776650428771973
730836756000,0.0002289674594067037,0.0003765626752283424,-0.0036821579560637474,-0.7851825952529907,0.0904054045677185,-9.770309448242188
730843656000,-0.001041492447257042,-0.0005879678064957261,0.002368191722780466,-0.7676467299461365,-0.09086951613426208,-9.777140617370605
730850577000,0.001311162835918367,0.00020138639956712723,0.0030775743070989847,-0.7732527852058411,-0.02373826503753662,-9.773059844970703
730857589000,0.00022837391588836908,0.0006843713345006108,-0.00359233096241951,-0.7916722297668457,0.11187216639518738,-9.782593727111816
730871536000,0.0010283272713422775,0.001834204071201384,-0.0005767535767517984,-0.7608168125152588,0.037656545639038086,-9.799863815307617
730878370000,-0.00024401559494435787,0.0014809846179559827,-0.0009434236562810838,-0.7841479778289795,0.013914436101913452,-9.791142463684082
730885325000,-0.0003243866958655417,0.0008896977524273098,-0.0009831645293161273,-0.7827490568161011,0.0011986494064331055,-9.787592887878418
730892333000,0.0001235057134181261,-0.0017235417617484927,0.0027324475813657045,-0.7941588163375854,-0.06625795364379883,-9.76313304901123
730899198000,0.00011001882376149297,-0.0008417147910222411,-0.003850914305076003,-0.7915449142456055,0.10597768425941467,-9.774974822998047
730913100000,0.0009818103862926364,0.0014639170840382576,-0.0007696578977629542,-0.7584172487258911,0.04518932104110718,-9.790148735046387
730920163000,-0.00030191807309165597,0.0012212845031172037,-0.0009531498071737587,-0.7821012139320374,0.011184781789779663,-9.788501739501953
730927055000,0.00012631050776690245,-0.0012161268386989832,0.00273411488160491,-0.7935693264007568,-0.06547722220420837,-9.761795043945312
730933986000,0.00030841329135000706,-0.00038027207483537495,-0.003648869227617979,-0.7903447151184082,0.1015024483203888,-9.774433135986328
730947870000,0.0010626508155837655,0.0015426204772666097,-0.0005751723074354231,-0.7574654817581177,0.03775787353515625,-9.791935920715332
730954868000,-0.000239783083088696,0.0013451478444039822,-0.0009360178955830634,-0.7830322980880737,0.013999074697494507,-9.789379119873047
730961844000,-0.0001393159618601203,-0.001139436848461628,0.002548790769651532,-0.7953528165817261,-0.06008327007293701,-9.762032508850098
730968710000,0.00019973007147200406,-0.00029697103309445083,-0.003659391775727272,-0.7892992496490479,0.09776929020881653,-9.776298522949219
730975668000,-0.001025182893499732,-0.0012424946762621403,0.00236130622215569,-0.7681723833084106,-0.09041061997413635,-9.776333808898926
730989527000,-0.0002120143035426736,0.0013031339040026069,-0.0009394481312483549,-0.7828896641731262,0.013930261135101318,-9.78951644897461
730996489000,-8.187838830053806e-05,-0.0011520565021783113,0.002540568821132183,-0.795208215713501,-0.06017610430717468,-9.762288093566895
731003725000,0.00019383738981559873,-0.0004141549579799175,-0.0036591007374227047,-0.7896904349327087,0.09769228100776672,-9.775455474853516
731010359000,-0.0010098189814016223,-0.001239690463989973,0.0023473785258829594,-0.7675313353538513,-0.09028831124305725,-9.776179313659668
731024304000,0.0002178059658035636,-0.000693785201292485,0.0027952820528298616,-0.7956748604774475,-0.05168670415878296,-9.765961647033691
731031218000,2.2295178496278822e-05,-1.871207496151328e-05,-0.003836474847048521,-0.7923163175582886,0.1074792742729187,-9.776771545410156
731038254000,-0.0009497746359556913,-0.0011365044629201293,0.0025387341156601906,-0.7667537927627563,-0.0976930558681488,-9.776945114135742
731045088000,0.0009611389832571149,0.0017626616172492504,-0.0007680448470637202,-0.7594520449638367,0.04485422372817993,-9.795164108276367
731052022000,-0.00030837953090667725,0.001365820993669331,-0.0009548250236548483,-0.7829245328903198,0.011139541864395142,-9.789077758789062
731065990000,-4.074815660715103e-05,-0.0016109994612634182,0.002564700087532401,-0.7956134080886841,-0.05795666575431824,-9.762537002563477
731072926000,0.00022988789714872837,-0.0006700283847749233,-0.003657394088804722,-0.7885204553604126,0.09831804037094116,-9.774455070495605
731079808000,-0.0010461878264322877,-0.0014548145700246096,0.0023678173311054707,-0.7670932412147522,-0.09015035629272461,-9.77358627319336
731086918000,0.0010651653865352273,0.0014653762336820364,-0.0005703181959688663,-0.7562969923019409,0.037543654441833496,-9.79018783569336
731093739000,0.00021688081324100494,-0.0006763806450180709,0.00280662695877254,-0.7953358888626099,-0.051837027072906494,-9.765658378601074
731107630000,-0.0009364733705297112,-0.0010855395812541246,0.0025391136296093464,-0.7671929597854614,-0.0977763831615448,-9.776617050170898
731114544000,0.00012836215319111943,0.0006459590513259172,-0.0038758516311645508,-0.7877622246742249,0.09780624508857727,-9.773407936096191
731121555000,-0.0008525672019459307,-0.0005597251001745462,0.0025331987999379635,-0.7665814161300659,-0.09850937128067017,-9.778316497802734
731128488000,0.0009940643794834614,0.002020323881879449,-0.0007704660529270768,-0.7612653970718384,0.04517984390258789,-9.797736167907715
731142632000,0.00013268506154417992,9.384151780977845e-05,-0.0036512226797640324,-0.7913625240325928,0.09877938032150269,-9.780118942260742
731149274000,-0.0010323607129976153,-0.000980715500190854,0.0023590491618961096,-0.7692503929138184,-0.09056997299194336,-9.779009819030762
731156288000,0.0010680959094315767,0.0014644234906882048,-0.0005796210025437176,-0.7593575716018677,0.037619709968566895,-9.796093940734863
731163188000,-9.470514487475157e-05,0.0010958024067804217,-0.0007305241888388991,-0.7826904058456421,0.009665489196777344,-9.789255142211914
731170123000,-0.00026177894324064255,0.0007312859524972737,-0.0009629616979509592,-0.7826573848724365,0.0048714280128479,-9.78669548034668
731184013000,0.0011841655941680074,0.0003795438096858561,-0.0005510764895007014,-0.7614947557449341,0.04857134819030762,-9.794591903686523
731191012000,-0.0005104508018121123,0.00027547869831323624,-0.0011272213887423277,-0.7837728261947632,0.020217061042785645,-9.786942481994629
731197869000,-0.00015524961054325104,-0.001946670701727271,0.002512752078473568,-0.7923351526260376,-0.06424838304519653,-9.759597778320312
731204906000,0.00019994701142422855,-0.0005654265405610204,-0.0036613421980291605,-0.7859253883361816,0.09715020656585693,-9.767619132995605
731218714000,0.0002418917720206082,0.0007645351579412818,-0.003686512354761362,-0.7842074632644653,0.09062433242797852,-9.769305229187012
731225669000,-0.0010389081435278058,-0.00034842302557080984,0.0023647965863347054,-0.7683917284011841,-0.09081465005874634,-9.776947975158691
731232600000,0.0010865528602153063,0.002211684826761484,-0.0005761105567216873,-0.7584975957870483,0.03752109408378601,-9.79719066619873
731239611000,0.00016116238839458674,-0.00023121124831959605,0.002817286876961589,-0.7970817685127258,-0.051659077405929565,-9.766866683959961
731246591000,7.442373316735029e-06,0.00029045232804492116,-0.003834858536720276,-0.7934053540229797,0.10758095979690552,-9.780954360961914
731260390000,0.0009644618257880211,0.001561490586027503,-0.0007714227540418506,-0.7617729306221008,0.04504883289337158,-9.79840087890625
731267342000,-0.00032046466367319226,0.0011458784574642777,-0.0009502809261903167,-0.7830867171287537,0.011105507612228394,-9.789713859558105
731274295000,0.00012215145397931337,-0.0013461256166920066,0.0027292040176689625,-0.7939333915710449,-0.06543418765068054,-9.763137817382812
731281272000,0.00010406807996332645,-0.0005119217094033957,-0.003851157147437334,-0.7917883396148682,0.10593688488006592,-9.776508331298828
731295110000,0.0009607102256268263,0.0014288111124187708,-0.0007701252470724285,-0.7593042850494385,0.045282214879989624,-9.791131973266602
731302081000,-0.00031766126630827785,0.001194814220070839,-0.0009504170739091933,-0.782001256942749,0.011097997426986694,-9.78865909576416
731309047000,0.0001159644452854991,-0.001231865375302732,0.002732135122641921,-0.7934653759002686,-0.06543430685997009,-9.761961936950684
731315942000,0.0002973742666654289,-0.0004102533566765487,-0.0036482701543718576,-0.790391206741333,0.10146385431289673,-9.774582862854004
731322953000,-0.0010254689259454608,-0.001202446292154491,0.002365135820582509,-0.7676711082458496,-0.08957216143608093,-9.77599048614502
731336808000,-0.0002346228575333953,0.0013368031941354275,-0.0009375153458677232,-0.783038318157196,0.014048933982849121,-9.78928279876709
731343748000,-0.000124635873362422,-0.0011359768686816096,0.0025424519553780556,-0.7952646017074585,-0.06001994013786316,-9.762097358703613
731350674000,0.0002092281065415591,-0.00031091406708583236,-0.003658664645627141,-0.7893093824386597,0.09768283367156982,-9.776280403137207
731357737000,-0.0010207400191575289,-0.001252335263416171,0.002359989797696471,-0.7681041955947876,-0.09034731984138489,-9.7763090133667
731371601000,-0.00027802446857094765,0.0012290256563574076,-0.0009337140363641083,-0.7832549214363098,0.0142173171043396,-9.788599967956543
731378497000,-0.00012748700100928545,-0.001180919585749507,0.002542938804253936,-0.7949086427688599,-0.06024736166000366,-9.7620849609375
731385376000,0.00020323334319982678,-0.00029351114062592387,-0.0036624528001993895,-0.7889490723609924,0.09776866436004639,-9.776036262512207
731392354000,-0.0010041786590591073,-0.0012298008659854531,0.0023575446102768183,-0.7680128812789917,-0.09049734473228455,-9.776107788085938
731399276000,0.0010706260800361633,0.0014953645877540112,-0.0005760339554399252,-0.7574105262756348,0.03767862915992737,-9.792339324951172
731413214000,-6.894359830766916e-05,-0.0011745840311050415,0.0025692451745271683,-0.7960125207901001,-0.05640164017677307,-9.76229476928711
731420137000,0.00020654995751101524,-0.00032676884438842535,-0.003660057205706835,-0.7890702486038208,0.09837749600410461,-9.77626895904541
731427142000,-0.0010892351856455207,-0.0013307356275618076,0.002369760302826762,-0.7682836055755615,-0.09012404084205627,-9.775259017944336
731434031000,0.00021960644517093897,0.00041476686601527035,-0.0036848383024334908,-0.784980058670044,0.09040549397468567,-9.770347595214844
731440993000,-0.0009853476658463478,-0.0005068310420028865,0.002358523430302739,-0.76749187707901,-0.09113991260528564,-9.77782154083252
731455023000,0.00021395680960267782,0.0006769169704057276,-0.00359108648262918,-0.7916655540466309,0.11190685629844666,-9.782696723937988
731461799000,-0.0010396441211923957,-0.00036488723708316684,0.002356170443817973,-0.7702881097793579,-0.08852192759513855,-9.779622077941895
731468715000,0.0010292603401467204,0.0018202564679086208,-0.0005774304736405611,-0.7608129382133484,0.037693917751312256,-9.800103187561035
731475713000,-0.00021059566643089056,0.0014557811664417386,-0.0009457144187763333,-0.7842233180999756,0.013754069805145264,-9.791025161743164
731489654000,0.00016305805183947086,-0.0017343783983960748,0.0027260060887783766,-0.7941141128540039,-0.0663195550441742,-9.763206481933594
731496551000,0.0001251359935849905,-0.0008369425777345896,-0.0038516896311193705,-0.7914199829101562,0.10601601004600525,-9.775229454040527
731503624000,-0.0009132504928857088,-0.0017001631204038858,0.0025444382335990667,-0.765204906463623,-0.09767156839370728,-9.772705078125
731510461000,0.0009734509512782097,0.0014833459863439202,-0.0007654491346329451,-0.7578369379043579,0.04504355788230896,-9.790010452270508
731524349000,-9.018764831125736e-05,-0.0011641581077128649,0.002538391388952732,-0.7946374416351318,-0.060882747173309326,-9.761712074279785
731531261000,0.0001982444227905944,-0.0003143763751722872,-0.0036592537071555853,-0.7891746163368225,0.09790107607841492,-9.774140357971191
731538263000,-0.0010513672605156898,-0.0011710352264344692,0.002366892294958234,-0.7676447629928589,-0.09034717082977295,-9.775322914123535
731545229000,0.0010739732533693314,0.0016761379083618522,-0.0005754063604399562,-0.756951630115509,0.03753471374511719,-9.7930269241333
731552084000,-0.00024113489780575037,0.001366366515867412,-0.000937426055315882,-0.7835961580276489,0.014089316129684448,-9.788922309875488
731565946000,0.0002073682117043063,-0.000322598876664415,-0.00365792796947062,-0.7898604869842529,0.09792515635490417,-9.777144432067871
731572957000,-0.0010656623635441065,-0.0013722667936235666,0.002366853877902031,-0.7686725854873657,-0.09018462896347046,-9.775714874267578
731579864000,0.0010720337741076946,0.0014626954216510057,-0.0005727910902351141,-0.7569503784179688,0.037421584129333496,-9.792133331298828
731586869000,-4.7236913815140724e-05,0.0011764607625082135,-0.0007388204103335738,-0.7820317149162292,0.009659379720687866,-9.788790702819824
731600676000,0.00019801309099420905,-0.0004326309135649353,-0.003657406894490123,-0.7895911931991577,0.09845194220542908,-9.774974822998047
731607702000,-0.001026834361255169,-0.0012199659831821918,0.0023608014453202486,-0.7672978043556213,-0.09034284949302673,-9.776022911071777
731614573000,0.0010712412185966969,0.0015266508562490344,-0.000573290279135108,-0.7573246359825134,0.03755870461463928,-9.792167663574219
731621617000,0.00020957092056050897,-0.0006669656722806394,0.0028096626047044992,-0.7956844568252563,-0.05185458064079285,-9.765923500061035
731628510000,9.517796570435166e-06,7.510209979955107e-05,-0.003833901835605502,-0.7920065522193909,0.10768988728523254,-9.777765274047852
731635477000,-0.0009397724643349648,-0.001133162877522409,0.0025381867308169603,-0.7672803401947021,-0.09777161478996277,-9.776751518249512
731649382000,-0.00032471679151058197,0.0013424515491351485,-0.0009513662080280483,-0.7824275493621826,0.011102259159088135,-9.789490699768066
731656381000,-8.169672219082713e-05,0.0008626399212516844,-0.0007909758132882416,-0.7804005146026611,-0.004093348979949951,-9.7866792678833
731663256000,2.3025786504149437e-06,-0.0015842244029045105,0.0025549528654664755,-0.7958401441574097,-0.057838112115859985,-9.762584686279297
731670203000,0.00020610744832083583,-0.0007797071011736989,-0.003656791988760233,-0.7891696691513062,0.09853044152259827,-9.773715019226074
731684071000,0.0010796296410262585,0.001553356647491455,-0.0005733297439292073,-0.755847692489624,0.037527769804000854,-9.790904998779297
731691227000,0.00015387393068522215,-0.0007327859639190137,0.0028174174949526787,-0.7960150241851807,-0.05160924792289734,-9.764601707458496
731697940000,8.145318133756518e-06,0.00011867277498822659,-0.003832360031083226,-0.791313111782074,0.10748350620269775,-9.776461601257324
731704943000,-0.0008792205480858684,-0.0009797244565561414,0.002527127740904689,-0.7666692733764648,-0.09792652726173401,-9.777599334716797
731718762000,-0.0008392994641326368,-0.0005693768616765738,0.002530907280743122,-0.7666360139846802,-0.09867236018180847,-9.778299331665039
731725841000,0.0010092330630868673,0.0020267050713300705,-0.0007716069230809808,-0.7611854672431946,0.045147985219955444,-9.798160552978516
731732685000,-8.324265945702791e-05,-0.00040551048004999757,0.0025918607134371996,-0.7972933650016785,-0.05014145374298096,-9.766658782958984
731739766000,0.00012801549746654928,9.258858335670084e-05,-0.0036536450497806072,-0.791282057762146,0.09889477491378784,-9.78037166595459
731746569000,-0.001090415520593524,-0.0010810454841703176,0.002367015229538083,-0.7696778178215027,-0.09042471647262573,-9.778031349182129
731760538000,-2.215406857430935e-05,0.0011912495829164982,-0.0007417857414111495,-0.7821566462516785,0.00940638780593872,-9.790221214294434
731767422000,-7.059075869619846e-06,-0.0012005527969449759,0.0025610572192817926,-0.7965286374092102,-0.0564456582069397,-9.763224601745605
731774454000,0.00018808880122378469,-0.0005021324614062905,-0.0036576841957867146,-0.7901079654693604,0.09866577386856079,-9.776476860046387
731781304000,-0.0010362565517425537,-0.0013965782709419727,0.0023618268314749002,-0.768059492111206,-0.09036058187484741,-9.775335311889648
731788262000,0.0010651187039911747,0.0014832578599452972,-0.0005752510041929781,-0.7568662762641907,0.03758391737937927,-9.791994094848633
731802065000,-2.8827344067394733e-05,-0.0011918570380657911,0.002566494047641754,-0.796231746673584,-0.05642139911651611,-9.762198448181152
731809085000,0.0001879659539554268,-0.00039305584505200386,-0.003656648797914386,-0.7894936800003052,0.09861719608306885,-9.775237083435059
731815981000,-0.0010915615130215883,-0.0013095111353322864,0.0023707991931587458,-0.7680684924125671,-0.09017840027809143,-9.77479362487793
731823008000,0.0010785214835777879,0.0015340446261689067,-0.0005766414105892181,-0.7570071220397949,0.0373665988445282,-9.791508674621582
731836831000,-8.789938874542713e-06,-0.0010409916285425425,0.0025612441822886467,-0.7961024045944214,-0.05656728148460388,-9.76304817199707
731843761000,0.0002016581129282713,-0.00033291109139099717,-0.0036548790521919727,-0.7899789810180664,0.09853747487068176,-9.776833534240723
731850670000,-0.0010798199800774455,-0.0013472373830154538,0.0023678236175328493,-0.7685902118682861,-0.090084969997406,-9.775617599487305
731857680000,0.0010631104232743382,0.001500423182733357,-0.0005723625072278082,-0.7569481134414673,0.03740161657333374,-9.792241096496582
731864567000,-7.473735604435205e-05,0.001180386869236827,-0.0007312420639209449,-0.7822314500808716,0.009648501873016357,-9.788481712341309
731878519000,0.00018470911891199648,-0.0003123521455563605,-0.0036555698607116938,-0.7891936302185059,0.09849163889884949,-9.776288032531738
731885391000,-0.0010178611846640706,-0.0012559064198285341,0.0023590836208313704,-0.7682298421859741,-0.09041887521743774,-9.775832176208496
731892411000,0.0010809178929775953,0.0015123496996238828,-0.0005768370465375483,-0.7572978734970093,0.03758081793785095,-9.792431831359863
731899281000,-7.840711623430252e-05,0.001169478171505034,-0.0007349278312176466,-0.7823079824447632,0.009764254093170166,-9.788330078125
731913197000,0.00018960004672408104,-0.0004285199102014303,-0.0036575733684003353,-0.789729118347168,0.09850949048995972,-9.775147438049316
731920237000,-0.001036101602949202,-0.001221340848132968,0.002362264320254326,-0.7673368453979492,-0.09036567807197571,-9.776106834411621
731927094000,0.0010758081916719675,0.0015071030938997865,-0.0005771644064225256,-0.7574782967567444,0.03753930330276489,-9.791966438293457
731934030000,-3.6299112252891064e-05,0.0012645593378692865,-0.0007388947997242212,-0.7817907333374023,0.009547293186187744,-9.78925609588623
731947911000,0.00018307830032426864,-0.0003479954320937395,-0.003655672539025545,-0.7895156145095825,0.09860256314277649,-9.776609420776367
731954866000,-0.00107920216396451,-0.0013390725944191217,0.0023679647129029036,-0.7683132886886597,-0.09021422266960144,-9.775444030761719
731961819000,0.0010736341355368495,0.0014840362127870321,-0.000572980148717761,-0.756929874420166,0.03735622763633728,-9.791877746582031
731968747000,0.00020862655946984887,-0.000687410356476903,0.0028113608714193106,-0.7955236434936523,-0.051863133907318115,-9.765926361083984
731975723000,0.00022093400184530765,4.630227340385318e-05,-0.0036363876424729824,-0.7907155752182007,0.10320347547531128,-9.777739524841309
731982635000,-0.0010596152860671282,-0.0010409940732643008,0.00236294767819345,-0.7694050073623657,-0.08953997492790222,-9.777231216430664
731996511000,-0.00026067171711474657,0.0013223703717812896,-0.0009381727431900799,-0.7833248376846313,0.014071524143218994,-9.789459228515625
732003464000,-0.00035509560257196426,0.0008305604569613934,-0.0009769005700945854,-0.7818701267242432,0.0012648701667785645,-9.786005020141602
732010458000,0.00011781707871705294,-0.001664236537180841,0.0027333293110132217,-0.7932167053222656,-0.06631726026535034,-9.762247085571289
732017358000,0.00011431888560764492,-0.0006177779287099838,-0.003848035354167223,-0.7903821468353271,0.1058829128742218,-9.774423599243164
732031245000,0.0009674759348854423,0.0015954662812873721,-0.0007642588461749256,-0.7580431699752808,0.045168161392211914,-9.791165351867676
732038230000,-0.00010399561142548919,-0.00068530288990587,0.002593999495729804,-0.7961112260818481,-0.05018928647041321,-9.764585494995117
732045184000,0.00013373917317949235,0.00012758051161654294,-0.003650988917797804,-0.7891417741775513,0.09873813390731812,-9.776102066040039
732052071000,-0.0010240426054224372,-0.000890066847205162,0.0023547569289803505,-0.7686103582382202,-0.09053945541381836,-9.777891159057617
732059106000,0.00024401850532740355,0.0006118283490650356,-0.0036890115588903427,-0.7864032983779907,0.09045770764350891,-9.773777961730957
732073016000,0.00108442734926939,0.001981311244890094,-0.0005781337968073785,-0.7589555978775024,0.037604331970214844,-9.798029899597168
732079855000,0.00017961848061531782,-0.00045347155537456274,0.002812776016071439,-0.7971442341804504,-0.05173423886299133,-9.76656723022461
732086791000,1.3595519703812897e-05,7.742679736111313e-05,-0.0038362403865903616,-0.7934063673019409,0.10759511590003967,-9.78016471862793
732093842000,-0.0008812713203951716,-0.0010810460662469268,0.0025289435870945454,-0.7672497034072876,-0.09797191619873047,-9.778826713562012
732100728000,0.0009668890852481127,0.001521317521110177,-0.0007749894284643233,-0.7612080574035645,0.04516276717185974,-9.796351432800293
732114586000,-0.0003229460562579334,0.0007174413185566664,-0.0009835512610152364,-0.7817178964614868,0.0006211996078491211,-9.786152839660645
732121581000,-7.745379116386175e-05,-0.0017419607611373067,0.0025374696124345064,-0.794562578201294,-0.06181129813194275,-9.761773109436035
732128488000,0.0002335539902560413,-0.0007238528924062848,-0.0036602094769477844,-0.7882187366485596,0.09778204560279846,-9.772496223449707
732135400000,-0.00103706622030586,-0.0013945457758381963,0.0023677826393395662,-0.7665354013442993,-0.09024500846862793,-9.77286148071289
732149339000,0.000223294657189399,-0.0006147482781670988,0.002807366894558072,-0.7957764863967896,-0.051844656467437744,-9.765457153320312
732156334000,0.00022643864213023335,7.44942226447165e-05,-0.003633592976257205,-0.7909789085388184,0.10314643383026123,-9.77687931060791
732163215000,-0.0010122096864506602,-0.0009246258996427059,0.00235601793974638,-0.7691131830215454,-0.08962580561637878,-9.778098106384277
732170136000,0.001061665010638535,0.0015838135732337832,-0.0005787061527371407,-0.758769154548645,0.03769594430923462,-9.79442310333252
732177152000,-0.00025565619580447674,0.0013311350485309958,-0.0009393178625032306,-0.78338223695755,0.014077723026275635,-9.789667129516602
732191025000,0.00019557132327463478,-0.00035884007229469717,-0.003660178044810891,-0.7895976305007935,0.09777787327766418,-9.776945114135742
732197942000,-0.0010697082616388798,-0.0013557031052187085,0.0023670175578445196,-0.768425703048706,-0.09028324484825134,-9.775847434997559
732204950000,0.001076066168025136,0.001464609056711197,-0.0005764702800661325,-0.757073163986206,0.03743791580200195,-9.791994094848633
732211815000,-0.00020522507838904858,0.001294849906116724,-0.0009443412418477237,-0.7829272747039795,0.013980180025100708,-9.789422035217285
732218748000,-8.322938811033964e-05,-0.0011498522944748402,0.0025380104780197144,-0.7951774597167969,-0.06016731262207031,-9.762227058410645
732232631000,-0.0010253563523292542,-0.0012494164984673262,0.0023580919951200485,-0.7676054239273071,-0.09034094214439392,-9.775925636291504
732239684000,0.001081494614481926,0.0015136064030230045,-0.0005773812881670892,-0.7573190927505493,0.03752398490905762,-9.792118072509766
732246517000,-0.00017666921485215425,0.0012829964980483055,-0.0008571376674808562,-0.7829934358596802,0.012366682291030884,-9.788976669311523
732253468000,-7.370044477283955e-05,-0.0011341740610077977,0.002549726516008377,-0.7951473593711853,-0.0587482750415802,-9.762439727783203
732267359000,-0.00104274891782552,-0.0012451910879462957,0.00236010504886508,-0.7675129175186157,-0.09041094779968262,-9.775997161865234
732274339000,0.0010789100779220462,0.0015159916365519166,-0.0005773737793788314,-0.7572751045227051,0.037476569414138794,-9.792137145996094
732281248000,-3.120431210845709e-05,0.00125794461928308,-0.0007391819963231683,-0.7818648815155029,0.009533494710922241,-9.789175987243652
732288285000,-4.624854773283005e-05,-0.0011316619347780943,0.002568401861935854,-0.7962177991867065,-0.05635106563568115,-9.762470245361328
732302090000,-0.0010645015863701701,-0.0013311471557244658,0.002366270637139678,-0.7683444023132324,-0.09028202295303345,-9.775513648986816
732309089000,0.00023850362049415708,0.0003754924109671265,-0.0036873938515782356,-0.7852379083633423,0.09042134881019592,-9.770297050476074
732315982000,-0.0010410428512841463,-0.0005881472607143223,0.0023665153421461582,-0.7676870226860046,-0.09087467193603516,-9.777173042297363
732322988000,0.001309079467318952,0.00020150607451796532,0.00307442550547421,-0.773306131362915,-0.023705720901489258,-9.77303695678711
732329883000,0.00022227538283914328,0.0007006415980868042,-0.003592198481783271,-0.7916182279586792,0.11184966564178467,-9.782761573791504
732343792000,0.001051687286235392,0.0018474436365067959,-0.0005819553043693304,-0.7607259750366211,0.0375826358795166,-9.799945831298828
732350702000,-0.00025265361182391644,0.0014729946851730347,-0.0009440311114303768,-0.7843064069747925,0.01402309536933899,-9.791024208068848
732357693000,-0.00032343738712370396,0.0008947046007961035,-0.0009845069143921137,-0.7827340364456177,0.0011565089225769043,-9.7876558303833
732364632000,0.0001401578774675727,-0.0017105430597439408,0.0027301479130983353,-0.7941664457321167,-0.06633678078651428,-9.763235092163086
732371618000,0.0011736326850950718,0.0002276145969517529,-0.0005537103279493749,-0.7630355358123779,0.04877209663391113,-9.796564102172852
732385422000,-0.0003967213269788772,-0.00013242590648587793,-0.0009947512298822403,-0.7796024084091187,-0.002585470676422119,-9.7827730178833
732392407000,0.00011877110227942467,-0.002323522698134184,0.0027336792554706335,-0.7910200953483582,-0.06695893406867981,-9.75704574584961
732399312000,0.0001159612147603184,-0.0006340476684272289,-0.0038431056309491396,-0.7865626215934753,0.10581165552139282,-9.765312194824219
732406328000,-0.0009103588527068496,-0.0011760115157812834,0.0025473006535321474,-0.7629766464233398,-0.09764730930328369,-9.768260955810547
732420190000,-0.0008994778036139905,-0.00023000396322458982,0.0025422018952667713,-0.7656988501548767,-0.09833735227584839,-9.777019500732422
732427156000,0.0012186083476990461,0.0005824724794365466,0.0028923368081450462,-0.7759616374969482,-0.016186952590942383,-9.775346755981445
732434033000,0.00012824032455682755,0.0009176398161798716,-0.0036017706152051687,-0.7912454605102539,0.10900425910949707,-9.783239364624023
732441048000,-0.0010875776642933488,-0.0002090991474688053,0.0023637181147933006,-0.7704013586044312,-0.08918538689613342,-9.78030776977539
732447918000,0.001035249442793429,0.001890417654067278,-0.0005786321125924587,-0.7613340616226196,0.03754100203514099,-9.80265998840332
732461827000,-6.640533683821559e-05,0.0007621501572430134,-0.0007704515592195094,-0.7825754284858704,0.0005018115043640137,-9.788190841674805
732468749000,-3.982218913733959e-06,-0.0017215557163581252,0.0025620250962674618,-0.7965167760848999,-0.057393431663513184,-9.76400375366211
732475749000,0.00021234818268567324,-0.0009163193171843886,-0.003658212022855878,-0.7893885970115662,0.09858059883117676,-9.775464057922363
732482647000,-0.0010339239379391074,-0.001649121637456119,0.002364926738664508,-0.7669700384140015,-0.09028312563896179,-9.773185729980469
732496545000,-3.2097334042191505e-05,0.0011247878428548574,-0.0007390818209387362,-0.7814830541610718,0.009542733430862427,-9.78864860534668
732503471000,-4.806555807590485e-06,-0.0011745047522708774,0.002562236273661256,-0.7957645654678345,-0.05648839473724365,-9.762131690979004
732510505000,0.00019622153195086867,-0.00035550311440601945,-0.00365556706674397,-0.7891677021980286,0.09861534833908081,-9.774133682250977
732517378000,-0.0010149021400138736,-0.0011678681476041675,0.0023599355481565,-0.7674426436424255,-0.09037443995475769,-9.775307655334473
732524389000,0.0010692409705370665,0.0015597904566675425,-0.0005730916745960712,-0.7574142217636108,0.03762117028236389,-9.7919340133667
732538279000,6.63811806589365e-06,9.721478272695094e-05,-0.0038336659781634808,-0.7919573783874512,0.10763144493103027,-9.777741432189941
732545152000,-0.0009655293542891741,-0.0011238129809498787,0.002543244045227766,-0.7673022747039795,-0.09771838784217834,-9.776826858520508
732552073000,0.000959247350692749,0.0017390577122569084,-0.0007721404545009136,-0.7596843242645264,0.044914454221725464,-9.795236587524414
732559075000,-0.00031556154135614634,0.0013637327356263995,-0.0009535099379718304,-0.7828140258789062,0.01108163595199585,-9.789424896240234
732573010000,8.920906111598015e-07,-0.0016013315180316567,0.0025581808295100927,-0.7958779335021973,-0.05789309740066528,-9.762738227844238
732579865000,0.00021864601876586676,-0.00078947888687253,-0.0036578914150595665,-0.7891423106193542,0.0985184907913208,-9.773881912231445
732586801000,-0.001037203473970294,-0.001460236613638699,0.0023670208174735308,-0.7664819955825806,-0.09026148915290833,-9.773706436157227
732593787000,0.0010774829424917698,0.0014494656352326274,-0.0005715383449569345,-0.7563523054122925,0.03753238916397095,-9.789981842041016
732600739000,0.00012510025408118963,-0.0007726702024228871,0.0028201935347169638,-0.7956620454788208,-0.051473915576934814,-9.76479434967041
732614602000,-0.0010491558350622654,-0.0009173111757263541,0.002362051047384739,-0.7689844369888306,-0.08953338861465454,-9.777878761291504
732621660000,0.0002233452396467328,0.0006279154913499951,-0.0036873563658446074,-0.7861983776092529,0.09051725268363953,-9.773728370666504
732628505000,-0.0009929572697728872,-0.0004876437014900148,0.0023535429500043392,-0.7686514854431152,-0.09102818369865417,-9.778604507446289
732635417000,0.0010985606350004673,0.0019679609686136246,-0.0005802226369269192,-0.7592008113861084,0.03759989142417908,-9.797986030578613
732649317000,0.00011852572788484395,7.023428042884916e-05,-0.0036504226736724377,-0.7913974523544312,0.09954401850700378,-9.780360221862793
732656375000,-0.001089506084099412,-0.0010920122731477022,0.002363807987421751,-0.7696976661682129,-0.09036386013031006,-9.778097152709961
732663263000,0.0010669112671166658,0.001450593932531774,-0.0005801855586469173,-0.7588863372802734,0.03731760382652283,-9.79548454284668
732670170000,-1.024617813527584e-05,0.0011854118201881647,-0.0007451463025063276,-0.7822346687316895,0.009369730949401855,-9.790224075317383
732677167000,-5.565467290580273e-06,-0.0012179571203887463,0.0025507709942758083,-0.7965783476829529,-0.05626511573791504,-9.763229370117188
732691077000,-0.0010262863943353295,-0.0013963363599032164,0.0023602196015417576,-0.7679961323738098,-0.0903235375881195,-9.775315284729004
732697970000,0.0010662556160241365,0.001485462998971343,-0.0005761360516771674,-0.7568643093109131,0.03762146830558777,-9.792017936706543
732704986000,-1.671456266194582e-05,0.0011639522854238749,-0.0007422576891258359,-0.7823659181594849,0.009458273649215698,-9.788418769836426
732711883000,-2.1769199520349503e-05,-0.0011954313376918435,0.002564112190157175,-0.7962417602539062,-0.05638507008552551,-9.7622652053833
732725810000,-0.0010706743923947215,-0.001300802337937057,0.0023675516713410616,-0.7679545283317566,-0.09029647707939148,-9.77486801147461
732732693000,0.001082496833987534,0.001511633861809969,-0.0005777518381364644,-0.7571603655815125,0.03742620348930359,-9.791419982910156
732739708000,-3.100384492427111e-05,0.0012881046859547496,-0.0007387946825474501,-0.7818130254745483,0.009543031454086304,-9.789369583129883
732746577000,-7.171835750341415e-05,-0.0011207610368728638,0.002571078948676586,-0.796450674533844,-0.05623629689216614,-9.762289047241211
732753529000,0.0001944718387676403,-0.0003202772350050509,-0.0036569249350577593,-0.7894948720932007,0.09841668605804443,-9.776468276977539
732767413000,0.0010717811528593302,0.0015029285568743944,-0.0005730823613703251,-0.7573531866073608,0.037553489208221436,-9.792571067810059
732774414000,-7.250055205076933e-05,0.0011653671972453594,-0.0007349415682256222,-0.7823458909988403,0.009735673666000366,-9.788423538208008
732781341000,-5.088059697300196e-05,-0.001165220164693892,0.002568483119830489,-0.7960214018821716,-0.05649369955062866,-9.762552261352539
732788336000,0.00019411486573517323,-0.00042470425250940025,-0.003654519096016884,-0.7897088527679443,0.09846058487892151,-9.775298118591309
732795270000,-0.0010404296917840838,-0.0012463161256164312,0.002363644540309906,-0.767528772354126,-0.09028562903404236,-9.775927543640137
732809127000,-1.9671861082315445e-05,0.0012690344592556357,-0.0007410091930069029,-0.781847357749939,0.009559690952301025,-9.789299011230469
732816040000,-4.8738205805420876e-05,-0.0011328543769195676,0.0025644910056144,-0.7963407039642334,-0.056230366230010986,-9.762451171875
732823084000,0.00020160473650321364,-0.00043870939407497644,-0.0036592313554137945,-0.7899038195610046,0.09843689203262329,-9.775557518005371
732829935000,-0.0010351865785196424,-0.0012603215873241425,0.0023626445326954126,-0.7675125002861023,-0.09034031629562378,-9.77619457244873
732843839000,-1.504877582192421e-05,0.0012509755324572325,-0.0007413715356960893,-0.7818191051483154,0.009544342756271362,-9.789273262023926
732850792000,-1.9375118426978588e-05,-0.0011300442274659872,0.0025637755170464516,-0.7961883544921875,-0.056365907192230225,-9.762625694274902
732857774000,0.0001755873381625861,-0.0004553459875751287,-0.0036556983832269907,-0.7899612784385681,0.09867563843727112,-9.775546073913574
732864654000,-0.001006905804388225,-0.0012529821833595634,0.0023593432269990444,-0.7673361301422119,-0.09053641557693481,-9.776140213012695
732871626000,0.0010630168253555894,0.0014848068822175264,-0.0005753088626079261,-0.7573479413986206,0.03772777318954468,-9.792150497436523
732885483000,3.471267700660974e-05,3.982057387474924e-05,-0.003746212460100651,-0.7916117310523987,0.10593271255493164,-9.776910781860352
732892520000,-0.0011331074638292193,-0.0010472744470462203,0.0023540654219686985,-0.7681421041488647,-0.09193193912506104,-9.777116775512695
732899363000,0.00022996164625510573,0.0006279172375798225,-0.003689638338983059,-0.7856473922729492,0.08994197845458984,-9.773287773132324
732906397000,-0.0009883553721010685,-0.0004787034704349935,0.002356459852308035,-0.76857590675354,-0.09111669659614563,-9.778493881225586
732913250000,0.0010817337315529585,0.0019672424532473087,-0.0005781922372989357,-0.7593094706535339,0.0377354621887207,-9.79761028289795
732927220000,-0.00015292793978005648,-0.0010226740268990397,0.002548511838540435,-0.7961297035217285,-0.060062259435653687,-9.763423919677734
732934135000,0.0010467360261827707,0.0006793169304728508,-0.0005574128590524197,-0.7630570530891418,0.04488840699195862,-9.800376892089844
732941168000,-4.336965503171086e-05,0.00041686667827889323,-0.0007414355059154332,-0.78199303150177,0.010029226541519165,-9.789087295532227
732947988000,-0.0003014921094290912,4.802507464773953e-05,-0.0009614899754524231,-0.7822849154472351,0.005195438861846924,-9.784546852111816
732954976000,0.00015295273624360561,-0.0022477556485682726,0.002732509048655629,-0.7922537326812744,-0.06585747003555298,-9.760261535644531
732968814000,-0.0009213256416842341,-0.0014165728352963924,0.002548309974372387,-0.763420820236206,-0.09767597913742065,-9.768684387207031
732975815000,0.00012809911277145147,0.0006985282525420189,-0.0038728476502001286,-0.7853170037269592,0.0979924201965332,-9.767193794250488
732982716000,-0.0009175786981359124,-0.0003691200399771333,0.0025463742204010487,-0.7655155658721924,-0.09828925132751465,-9.775654792785645
732989725000,0.001223685685545206,0.00048775540199130774,0.0028950348496437073,-0.7757003307342529,-0.016294479370117188,-9.773550033569336
732996602000,0.00011653988622128963,0.0008813359308987856,-0.0035996965598315,-0.790920615196228,0.10910490155220032,-9.783098220825195
733010526000,0.0009366192389279604,0.0019495083251968026,-0.0007714888197369874,-0.7635005712509155,0.04573225975036621,-9.802392959594727
733017432000,-0.0003378599649295211,0.001461003557778895,-0.0009498475701548159,-0.7836498022079468,0.011044025421142578,-9.791277885437012
733024453000,-0.00014293350977823138,0.0008063572458922863,-0.0007817313889972866,-0.7815335988998413,-0.003940761089324951,-9.787901878356934
733031345000,-2.4354085326194763e-05,-0.001685321214608848,0.0025612949393689632,-0.796297550201416,-0.057992130517959595,-9.763875007629395
733038293000,0.0002110357745550573,-0.0009109571110457182,-0.0036555605474859476,-0.789566159248352,0.09843811392784119,-9.775150299072266
733052152000,0.001079248497262597,0.0014189411886036396,-0.0005718178581446409,-0.755722165107727,0.03737318515777588,-9.789665222167969
733059209000,0.0001919376663863659,-0.0007736044935882092,0.0028131441213190556,-0.7956814169883728,-0.05172047019004822,-9.76517391204834
733066101000,-7.172988262027502e-06,3.534073766786605e-05,-0.003831094829365611,-0.7916206121444702,0.10769897699356079,-9.774897575378418
733073063000,-0.0008960333652794361,-0.0009477755520492792,0.002533583203330636,-0.7661367654800415,-0.09799784421920776,-9.776934623718262
733079948000,0.0009707683930173516,0.001810104469768703,-0.0007737706764601171,-0.7602336406707764,0.04511505365371704,-9.795011520385742
733093910000,-0.0002937593380920589,0.0009369724430143833,-0.000986769562587142,-0.7821325063705444,0.0007043182849884033,-9.786825180053711
733100822000,0.0001412578858435154,-0.0016675678780302405,0.0027309798169881105,-0.7938872575759888,-0.06622332334518433,-9.762521743774414
733107752000,0.00012900703586637974,-0.0007573695620521903,-0.003851190209388733,-0.7911847829818726,0.10594707727432251,-9.774266242980957
733114657000,-0.0009188014082610607,-0.0015664702514186502,0.0025454750284552574,-0.7647604942321777,-0.0976254940032959,-9.773316383361816
733128571000,-5.6354503612965345e-05,-0.0006402261205948889,0.0025909238029271364,-0.7954757213592529,-0.05044475197792053,-9.7658052444458
733135485000,0.00013377942377701402,0.00016745436005294323,-0.0036470636259764433,-0.7892454862594604,0.09889340400695801,-9.776493072509766
733142505000,-0.0010790509404614568,-0.0009861583821475506,0.0023646564222872257,-0.7693623304367065,-0.09031045436859131,-9.776836395263672
733149391000,0.0010784793412312865,0.0017210898222401738,-0.0005782371736131608,-0.7577378153800964,0.03735807538032532,-9.795045852661133
733156403000,-6.738991942256689e-05,0.0013056776951998472,-0.0007392342668026686,-0.7827277183532715,0.009727537631988525,-9.78928279876709
733170197000,0.0001914614113047719,-0.0003972258709836751,-0.0036608437076210976,-0.790141224861145,0.09862056374549866,-9.777984619140625
733177194000,-0.0010451300768181682,-0.0014210835797712207,0.0023624333553016186,-0.7685680389404297,-0.09035560488700867,-9.776052474975586
733184136000,0.0010645954171195626,0.0014545932644978166,-0.0005751135176979005,-0.7567219734191895,0.037542879581451416,-9.79266357421875
733191194000,-1.6782665625214577e-05,0.0011227652430534363,-0.0007418424356728792,-0.7822226881980896,0.009347349405288696,-9.7883939743042
733198078000,-7.444759830832481e-06,-0.0012134878197684884,0.002514731138944626,-0.7960939407348633,-0.055651694536209106,-9.76266098022461
733211988000,-0.0010471494169905782,-0.0013284585438668728,0.0023603516165167093,-0.7678035497665405,-0.09040558338165283,-9.774797439575195
733218931000,0.001078995643183589,0.0015038902638480067,-0.0005765621899627149,-0.7568504214286804,0.03744089603424072,-9.79161548614502
733225940000,2.4827895686030388e-06,0.0012694577453657985,-0.0007471065619029105,-0.7817033529281616,0.009484946727752686,-9.789319038391113
733232803000,-3.098964225500822e-05,-0.0011430421145632863,0.0025649804156273603,-0.796267569065094,-0.05631330609321594,-9.762348175048828
733246707000,-0.001007507205940783,-0.0012492925161495805,0.0023595779202878475,-0.7673777341842651,-0.09046489000320435,-9.776196479797363
733253633000,0.00022867444204166532,0.0003950995742343366,-0.0036855055950582027,-0.7854912281036377,0.09065908193588257,-9.770746231079102
733260716000,-0.0010259259724989533,-0.0006019110442139208,0.0023637658450752497,-0.767828643321991,-0.09093192219734192,-9.777225494384766
733267518000,0.0013255983358249068,9.022769518196583e-05,0.0030747714918106794,-0.7737438082695007,-0.023760974407196045,-9.77218246459961
733281402000,-0.0010757485870271921,-0.000373599526938051,0.0023659931030124426,-0.770031750202179,-0.08844801783561707,-9.779586791992188
733288373000,0.001028092810884118,0.0018905899487435818,-0.0005758245824836195,-0.7604085206985474,0.03763356804847717,-9.800067901611328
733295395000,-0.0002645918866619468,0.0014711437979713082,-0.0009412288782186806,-0.7844750285148621,0.014010041952133179,-9.79062557220459
733302307000,-0.0003445139154791832,0.0008863548282533884,-0.0009777112863957882,-0.782680094242096,0.0011472105979919434,-9.787517547607422
733309284000,0.00010765332262963057,-0.0017120427219197154,0.002734242007136345,-0.7940519452095032,-0.06605193018913269,-9.763221740722656
733323229000,-0.0008803684031590819,-0.001596382586285472,0.002540602581575513,-0.7647168636322021,-0.09774854779243469,-9.773772239685059
733330074000,0.000967746484093368,0.0014742249622941017,-0.0007689475896768272,-0.7584366798400879,0.045256733894348145,-9.790360450744629
733336987000,-0.0003063431940972805,0.001214952557347715,-0.0009494120022282004,-0.7822697162628174,0.01097947359085083,-9.7883882522583
733343976000,-9.584822691977024e-05,-0.0011748888064175844,0.0025365811306983232,-0.7947320342063904,-0.06082355976104736,-9.761749267578125
733350868000,0.00018796930089592934,-0.0003335120854899287,-0.0036589372903108597,-0.7892324924468994,0.09788927435874939,-9.774248123168945
733364773000,0.0010779853910207748,0.0016657079104334116,-0.0005756269674748182,-0.756958544254303,0.03749370574951172,-9.793028831481934
733371703000,-0.00021609326358884573,0.001375969615764916,-0.0009407153120264411,-0.7834928035736084,0.014000385999679565,-9.789152145385742
733378696000,-0.00013014988508075476,-0.0011363349622115493,0.002541718538850546,-0.7955179214477539,-0.05995658040046692,-9.762192726135254
733385598000,0.00019753677770495415,-0.0003317806695122272,-0.0036607144866138697,-0.7894938588142395,0.09774112701416016,-9.776581764221191
733392622000,-0.0010175589704886079,-0.0012709246948361397,0.0023591637145727873,-0.7681347131729126,-0.09045273065567017,-9.776453018188477
733406492000,-0.00025764619931578636,0.0012261717347428203,-0.0009374387445859611,-0.7832446694374084,0.01421394944190979,-9.788838386535645
733413448000,-0.00010472582653164864,-0.0011918196687474847,0.002539608161896467,-0.7949943542480469,-0.060261547565460205,-9.762174606323242
733420311000,0.00020266033243387938,-0.0004133778566028923,-0.0036614288110285997,-0.7895127534866333,0.09783509373664856,-9.774931907653809
733427383000,-0.0010206662118434906,-0.0012257460039108992,0.002361676190048456,-0.7673722505569458,-0.0904412567615509,-9.775999069213867
733441235000,0.00020410912111401558,-0.0006689936853945255,0.0028090672567486763,-0.7956821918487549,-0.05182403326034546,-9.765949249267578
733448155000,1.024243829306215e-05,7.075104804243892e-05,-0.003836759366095066,-0.7920398712158203,0.10769188404083252,-9.777722358703613
733455067000,-0.0009370539337396622,-0.0011385270627215505,0.0025385688059031963,-0.7672605514526367,-0.09783497452735901,-9.776762962341309
733462036000,0.0009737900691106915,0.001656449749134481,-0.0007737610139884055,-0.7599903345108032,0.044944167137145996,-9.794479370117188
733468939000,-0.0003257871139794588,0.0013350602239370346,-0.0009516151039861143,-0.7824979424476624,0.011169373989105225,-9.789451599121094
733482834000,2.0845327526330948e-06,-0.0015956686111167073,0.0025576057378202677,-0.7959070205688477,-0.05783537030220032,-9.7625093460083
733489848000,0.00021497480338439345,-0.0007644459838047624,-0.003657926805317402,-0.7890256643295288,0.09853658080101013,-9.773953437805176
733496750000,-0.001067313365638256,-0.001485934597440064,0.0023714813869446516,-0.7667131423950195,-0.09018340706825256,-9.773311614990234
733503647000,0.0010820359457284212,0.00155991455540061,-0.0005737266037613153,-0.7556565403938293,0.037442415952682495,-9.79094409942627
733517563000,4.913037992082536e-05,9.388588659930974e-05,-0.0037498583551496267,-0.7913529872894287,0.10595104098320007,-9.776325225830078
733524592000,-0.001084327814169228,-0.0009407468605786562,0.0023447978310287,-0.7678673267364502,-0.09203743934631348,-9.77767276763916
733531458000,0.00023411487927660346,0.0006320311222225428,-0.003690439974889159,-0.7860827445983887,0.09005498886108398,-9.773542404174805
733538379000,-0.000982827041298151,-0.00048186059575527906,0.002351666335016489,-0.7686083316802979,-0.09105539321899414,-9.778593063354492
733545444000,0.0010814841371029615,0.0019675404764711857,-0.0005785042885690928,-0.759221076965332,0.037696242332458496,-9.797957420349121
733559277000,0.00013197140651755035,6.475436384789646e-05,-0.0036517814733088017,-0.7914378643035889,0.09950321912765503,-9.780243873596191
733566177000,-0.0010930354474112391,-0.0010899277403950691,0.0023635956458747387,-0.7696565985679626,-0.09028193354606628,-9.778135299682617
733573239000,0.0010753299575299025,0.0014613260282203555,-0.0005807742709293962,-0.7588022947311401,0.03732594847679138,-9.795613288879395
733580057000,-1.984217669814825e-05,0.0011766470270231366,-0.0007426198571920395,-0.7823066115379333,0.009447216987609863,-9.790064811706543
733594021000,0.00012272736057639122,-0.0018137245206162333,0.0027396853547543287,-0.794033408164978,-0.06547239422798157,-9.761711120605469
733600903000,0.001170181785710156,0.0003434790996834636,-0.0005475669167935848,-0.7616865038871765,0.04872980713844299,-9.794831275939941
733607898000,-0.00048305297968909144,0.00025402833125554025,-0.001132343546487391,-0.7837071418762207,0.02012234926223755,-9.787080764770508
733614790000,-0.00021516368724405766,-0.0020581497810781,0.0025210995227098465,-0.7927097678184509,-0.06396254897117615,-9.758722305297852
733628706000,-0.0010016912128776312,-0.0010845515644177794,0.0023609064519405365,-0.7656086683273315,-0.09052836894989014,-9.770766258239746
733635610000,0.00024047726765275002,0.0007530901348218322,-0.003684293944388628,-0.784318208694458,0.09062555432319641,-9.768956184387207
733642600000,-0.0009701623348519206,-0.00026060716481879354,0.0023551557678729296,-0.7679498791694641,-0.09102830290794373,-9.777772903442383
733649498000,0.0010999708902090788,0.0022072182036936283,-0.000575205369386822,-0.7589404582977295,0.037662506103515625,-9.797690391540527
733656582000,0.00019118556519970298,-0.000246043928200379,0.002811938524246216,-0.7971473932266235,-0.05164274573326111,-9.766949653625488
733670319000,-0.0009165515657514334,-0.0010200812248513103,0.0025339992716908455,-0.7678022384643555,-0.09786826372146606,-9.778894424438477
733677312000,0.0009624355006963015,0.0015538613079115748,-0.0007718163542449474,-0.7613326907157898,0.045022279024124146,-9.798097610473633
733684250000,-0.00032356270821765065,0.0011462945258244872,-0.0009497936116531491,-0.7830077409744263,0.0110989511013031,-9.789666175842285
733691244000,0.00011338188778609037,-0.0013545920373871922,0.002730501350015402,-0.7939697504043579,-0.06541967391967773,-9.76292896270752
733705057000,-0.0010094947647303343,-0.0014117129612714052,0.0023613665252923965,-0.7681931853294373,-0.08963003754615784,-9.77563190460205
733712045000,0.001064810436218977,0.0013882508501410484,-0.0005726822419092059,-0.7570765018463135,0.03768247365951538,-9.791181564331055
733718986000,-0.00024630542611703277,0.0011847486020997167,-0.0009382982971146703,-0.7830275297164917,0.014125943183898926,-9.788634300231934
733725963000,-9.809760376811028e-05,-0.0012094613630324602,0.0025385557673871517,-0.7948899269104004,-0.06023344397544861,-9.761883735656738
733739835000,-0.0010377540020272136,-0.001218782039359212,0.002362521830946207,-0.7676988244056702,-0.09031620621681213,-9.77544116973877
733746736000,0.0010774588445201516,0.0015656986506655812,-0.0005731960409320891,-0.7571555376052856,0.03748658299446106,-9.792186737060547
733753671000,-0.0002329822164028883,0.0013412144035100937,-0.0009375559166073799,-0.7831053733825684,0.01409420371055603,-9.789205551147461
733760678000,-0.00014764536172151566,-0.001151540782302618,0.002545172581449151,-0.7953550815582275,-0.05996301770210266,-9.76190185546875
733767553000,0.00020556547679007053,-0.00029428533161990345,-0.0036607554648071527,-0.7891415357589722,0.09765243530273438,-9.77635383605957
733781464000,0.001072182902134955,0.0014988814946264029,-0.0005767058464698493,-0.7573643922805786,0.037619978189468384,-9.792580604553223
733788386000,-0.00027636613231152296,0.0012287875870242715,-0.00093394162831828,-0.7832589149475098,0.014202356338500977,-9.788628578186035
733795392000,-0.00014033017214387655,-0.0011912357294932008,0.0025446696672588587,-0.7949399948120117,-0.060193270444869995,-9.7620210647583
733802282000,0.0001960390218300745,-0.000286896392935887,-0.0036629107780754566,-0.7888514995574951,0.09777489304542542,-9.776087760925293
733809300000,-0.0010063855443149805,-0.0012267022393643856,0.0023567285388708115,-0.7680203914642334,-0.09052318334579468,-9.776124000549316
733823410000,-7.580756209790707e-05,0.0011737702880054712,-0.0007356804562732577,-0.7821404933929443,0.009626001119613647,-9.788368225097656
733830124000,-6.482063326984644e-05,-0.0011623643804341555,0.002548382617533207,-0.7959098815917969,-0.05608287453651428,-9.762569427490234
733837063000,0.0001891975407488644,-0.00042971057700924575,-0.003661154769361019,-0.7895914316177368,0.09819382429122925,-9.775197982788086
733844038000,-0.0010542593663558364,-0.0012479349970817566,0.002361326478421688,-0.7673165798187256,-0.09032389521598816,-9.77590274810791
733857961000,-0.0009863588493317366,-0.0005068907630629838,0.00235840049572289,-0.7675032615661621,-0.09109234809875488,-9.777996063232422
733864818000,0.0013245102018117905,0.00020961521659046412,0.0030761701054871082,-0.77360999584198,-0.023630768060684204,-9.773783683776855
733871768000,0.00020901532843708992,0.000668094027787447,-0.003591901855543256,-0.7917459011077881,0.11202910542488098,-9.782634735107422
733878818000,-0.0010580993257462978,-0.00039791339077055454,0.0023615816608071327,-0.7703697681427002,-0.08855226635932922,-9.779352188110352
733885660000,0.0010271284263581038,0.001852561952546239,-0.0005799991195090115,-0.7604902386665344,0.037731945514678955,-9.800325393676758
733899594000,-0.0002964693121612072,0.0008728966349735856,-0.000988743151538074,-0.7826403379440308,0.001226574182510376,-9.787697792053223
733906563000,0.00016214733477681875,-0.0017305638175457716,0.0027255986351519823,-0.7940978407859802,-0.06629526615142822,-9.7632474899292
733913441000,9.70958499237895e-05,-0.0008415395859628916,-0.003847446758300066,-0.7914565801620483,0.10610136389732361,-9.775198936462402
733920367000,-0.0008965122979134321,-0.0016846612561494112,0.002543309237807989,-0.765078067779541,-0.09784483909606934,-9.772737503051758
733934255000,-0.0003084004274569452,0.0012063686735928059,-0.000949345005210489,-0.7822891473770142,0.01096874475479126,-9.78813648223877
733941292000,-7.804413326084614e-05,-0.0011556311510503292,0.002536499872803688,-0.7945804595947266,-0.060937464237213135,-9.761816024780273
733948179000,0.0002020373212872073,-0.00032283918699249625,-0.003659918438643217,-0.7892422676086426,0.09792676568031311,-9.774145126342773
733955117000,-0.0010428372770547867,-0.0011665030615404248,0.002364233834668994,-0.7675740718841553,-0.09033995866775513,-9.775436401367188
733969002000,-0.00021812680643051863,0.00137894949875772,-0.0009406515746377409,-0.783411979675293,0.013951092958450317,-9.789168357849121
733976026000,-0.00014094088692218065,-0.001139616477303207,0.002547525567933917,-0.7955113649368286,-0.06000027060508728,-9.762055397033691
733982871000,0.00019660999532788992,-0.00032957567600533366,-0.0036602176260203123,-0.7894589900970459,0.09776914119720459,-9.776419639587402
733989886000,-0.0010191546753048897,-0.0012513748370110989,0.0023589853662997484,-0.7680323123931885,-0.09043994545936584,-9.776532173156738
733996777000,0.0010739072458818555,0.0014901130925863981,-0.0005742780631408095,-0.7573978900909424,0.03757452964782715,-9.792608261108398
734010755000,0.0001363514456897974,4.93197439936921e-05,-0.0036501840222626925,-0.7895214557647705,0.09924930334091187,-9.776956558227539
734017664000,-0.0010772933019325137,-0.0010279432171955705,0.002361478516831994,-0.7690573334693909,-0.0902920663356781,-9.777274131774902
734024572000,0.0010707015171647072,0.0016044435324147344,-0.0005800002254545689,-0.7581466436386108,0.037390708923339844,-9.794042587280273
734031492000,-6.65868865326047e-05,0.0012938164873048663,-0.0007395437569357455,-0.7822452783584595,0.009650826454162598,-9.789556503295898
734045425000,-1.558661460876465e-05,-0.0016036012675613165,0.0025622418615967035,-0.7961025238037109,-0.05713263154029846,-9.762650489807129
734052330000,0.00019973827875219285,-0.0007766694761812687,-0.0036568192299455404,-0.7891020774841309,0.09856817126274109,-9.773859024047852
734059367000,-0.0010597053915262222,-0.0014714464778080583,0.0023705202620476484,-0.7666053771972656,-0.09028369188308716,-9.77340316772461
734066240000,0.0010726358741521835,0.0015591351548209786,-0.0005737207247875631,-0.7557694315910339,0.037526726722717285,-9.790958404541016
734073212000,-4.697177791967988e-05,-0.0006792644271627069,0.0026179600972682238,-0.7971922159194946,-0.04713863134384155,-9.764638900756836
734080128000,0.00013571276213042438,0.00013294481323100626,-0.0036455392837524414,-0.7891687750816345,0.0992683470249176,-9.77647876739502
734094114000,0.0010694196680560708,0.001700288150459528,-0.000578971637878567,-0.7581446170806885,0.037546783685684204,-9.795304298400879
734100932000,-2.3878994397819042e-05,0.001312723383307457,-0.0007439606124535203,-0.7825795412063599,0.00949186086654663,-9.789450645446777
734107960000,0.00014197942800819874,-0.0012118903687223792,0.002763559576123953,-0.7955467104911804,-0.0607704222202301,-9.762796401977539
734114820000,7.065970567055047e-05,-0.00040309131145477295,-0.003845751518383622,-0.7917982339859009,0.10660624504089355,-9.777817726135254
734128760000,0.0002413913607597351,0.00039105041651055217,-0.0036899056285619736,-0.7847808599472046,0.08986333012580872,-9.770700454711914
734135713000,-0.001011518994346261,-0.0006306396098807454,0.002361178630962968,-0.7679732441902161,-0.0909971296787262,-9.776877403259277
734142672000,0.001089568017050624,0.001964500406756997,-0.000575029815081507,-0.7583684921264648,0.03758767247200012,-9.795332908630371
734149545000,0.0002243910712422803,-0.00033418997190892696,0.002806741511449218,-0.7964662313461304,-0.05180823802947998,-9.76718521118164
734156573000,0.00022202060790732503,0.00010208858293481171,-0.0036367441061884165,-0.7925634384155273,0.10322746634483337,-9.779870986938477
734170367000,0.0010576352942734957,0.0014862340176478028,-0.0005802606465294957,-0.7592036724090576,0.037639111280441284,-9.796258926391602
734177358000,-0.0002233979757875204,0.001240248209796846,-0.0009435696410946548,-0.783504843711853,0.013915866613388062,-9.790217399597168
734184272000,-6.978237070143223e-05,-0.0012336515355855227,0.0025357697159051895,-0.7955236434936523,-0.060308098793029785,-9.76295280456543
734191368000,0.00019575824262574315,-0.0005029060412198305,-0.003661402501165867,-0.7899681329727173,0.09800872206687927,-9.776239395141602
734205090000,0.0010851148981601,0.0015183695359155536,-0.0005766242975369096,-0.7566641569137573,0.03749126195907593,-9.792357444763184
734212089000,-4.4887070544064045e-05,0.0011346187675371766,-0.0007385396165773273,-0.7826768159866333,0.009656757116317749,-9.787993431091309
734219056000,-1.1775409802794456e-05,-0.0011771294521167874,0.0025619121734052896,-0.7959978580474854,-0.05650663375854492,-9.762572288513184
734226068000,0.00017917228979058564,-0.00040950922993943095,-0.0036565158516168594,-0.7896231412887573,0.09868857264518738,-9.775227546691895
734232945000,-0.0010798677103593946,-0.0013136195484548807,0.0023688827641308308,-0.7679945230484009,-0.09026262164115906,-9.774782180786133
734246813000,-0.00019451347179710865,0.0013049270492047071,-0.0008503436110913754,-0.7830530405044556,0.012304157018661499,-9.788922309875488
734253770000,-3.166799433529377e-05,-0.0010401044273748994,0.0025453863199800253,-0.7949301600456238,-0.058911144733428955,-9.763153076171875
734260710000,0.00018877840193454176,-0.00031247027800418437,-0.0036554979160428047,-0.7898696660995483,0.0982891321182251,-9.776753425598145
734267644000,-0.0010727000189945102,-0.0013474150327965617,0.002366863191127777,-0.7686598300933838,-0.09020888805389404,-9.775432586669922
734274692000,0.0010771253146231174,0.0014724135398864746,-0.0005746298120357096,-0.7570821046829224,0.03738284111022949,-9.791914939880371
734288502000,-2.402486279606819e-05,-0.0011366020189598203,0.0025633221957832575,-0.7963225841522217,-0.056329190731048584,-9.76248836517334
734295510000,0.00018863825243897736,-0.00044449444976635277,-0.0036578450817614794,-0.7899608016014099,0.0986039936542511,-9.775497436523438
734302362000,-0.001014255452901125,-0.0012510772794485092,0.0023581909481436014,-0.7674776315689087,-0.090433269739151,-9.776126861572266
734309348000,0.0010900312336161733,0.0014910731697455049,-0.0005785143002867699,-0.7574222087860107,0.03755941987037659,-9.792131423950195
734316251000,-6.364588625729084e-05,0.0011898670345544815,-0.0007379961316473782,-0.7820788621902466,0.00975540280342102,-9.78866958618164
734330155000,0.0001838166790548712,-0.00043245501001365483,-0.0036541905719786882,-0.7896968126296997,0.09850606322288513,-9.775135040283203
734337091000,-0.001037876820191741,-0.001223606988787651,0.0023626270703971386,-0.7673107385635376,-0.09033629298210144,-9.776068687438965
734344066000,0.0010742939775809646,0.0015185473021119833,-0.0005774586461484432,-0.7573873400688171,0.037570834159851074,-9.792092323303223
734350969000,-2.300483174622059e-05,0.0012713578762486577,-0.00074065598892048,-0.7818030118942261,0.009486794471740723,-9.78928279876709
734364893000,0.0001871640415629372,-0.0003409014316275716,-0.0036565775517374277,-0.7893259525299072,0.09850507974624634,-9.776576042175293
734371766000,-0.001070797210559249,-0.0013230966869741678,0.0023665407206863165,-0.7682589292526245,-0.09023383259773254,-9.775609016418457
734378775000,0.0010636125225573778,0.0014819474890828133,-0.0005727443494834006,-0.7570096254348755,0.03743636608123779,-9.791942596435547
734385686000,0.00022282754071056843,-0.0006704780971631408,0.0028074015863239765,-0.7954260110855103,-0.051933348178863525,-9.766141891479492
734399579000,-0.0010711807990446687,-0.0010654350044205785,0.0023645509500056505,-0.769357442855835,-0.08955690264701843,-9.77713394165039
734406612000,0.0010606612777337432,0.0016055750893428922,-0.0005772527656517923,-0.7578685283660889,0.037476569414138794,-9.794428825378418
734413505000,-0.0002509402111172676,0.001329168095253408,-0.0009404243901371956,-0.7833757400512695,0.01408270001411438,-9.789414405822754
734456306000,0.00022902543423697352,-0.0006070589879527688,0.002888075541704893,-0.7960913777351379,-0.05360972881317139,-9.764766693115234
734456306000,0.00022902543423697352,-0.0006070589879527688,0.002888075541704893,-0.7960913777351379,-0.05360972881317139,-9.764766693115234
734473841000,0.000487570243421942,0.0005508422618731856,-0.00404831487685442,-0.7907177805900574,0.12480711936950684,-9.774598121643066
734473841000,0.000487570243421942,0.0005508422618731856,-0.00404831487685442,-0.7907177805900574,0.12480711936950684,-9.774598121643066
734491699000,-2.7507543563842773e-05,0.0019450073596090078,-0.0008836283232085407,-0.7841055989265442,0.01826140284538269,-9.792659759521484
734498680000,0.00010385946370661259,-0.0009812270291149616,0.0032541011460125446,-0.7965224981307983,-0.06497398018836975,-9.760516166687012
734505760000,0.0002506340970285237,-0.00017612954252399504,-0.0035753485281020403,-0.7913521528244019,0.1086961030960083,-9.78139591217041
734519508000,0.0009805875597521663,0.0013268380425870419,-0.0005717056919820607,-0.7569908499717712,0.037119150161743164,-9.79214859008789
734526504000,-5.340040661394596e-05,0.0010597534710541368,-0.0007402602350339293,-0.7819664478302002,0.00920155644416809,-9.788744926452637
734533394000,-6.527523510158062e-05,-0.0012968919472768903,0.0025660048704594374,-0.796025276184082,-0.05635824799537659,-9.761994361877441
734540337000,0.0001865311642177403,-0.00042851929902099073,-0.0036576164420694113,-0.7889546155929565,0.09842488169670105,-9.774255752563477
734554214000,0.0010787064675241709,0.0015475222608074546,-0.0005780020146630704,-0.7574189901351929,0.03767871856689453,-9.791959762573242
734561197000,-1.199671532958746e-05,0.001281136297620833,-0.0007434696308337152,-0.7818870544433594,0.009489685297012329,-9.789281845092773
734568082000,-6.214843597263098e-05,-0.0011496676597744226,0.0025684074498713017,-0.7964128851890564,-0.05621832609176636,-9.762314796447754
734575170000,0.00018534464470576495,-0.0003304100828245282,-0.003659517504274845,-0.7892450094223022,0.09851402044296265,-9.776612281799316
734588971000,0.00022875244030728936,0.0003861591103486717,-0.003686981974169612,-0.7851181626319885,0.0904417634010315,-9.770355224609375
734595928000,-0.0010528776329010725,-0.0005927399033680558,0.002367970999330282,-0.7677456736564636,-0.09088343381881714,-9.777070045471191
734602798000,0.0013187236618250608,0.0002336357720196247,0.0030730015132576227,-0.7731132507324219,-0.023781150579452515,-9.77334213256836
734609866000,0.000219848589040339,0.0006603483343496919,-0.0035914061591029167,-0.7919689416885376,0.11188653111457825,-9.782303810119629
734616731000,-0.0010861026821658015,-0.00037872971734032035,0.002366095781326294,-0.7702692747116089,-0.08840030431747437,-9.779537200927734
734630622000,-9.602471254765987e-05,0.0014433561591431499,-0.0008315267623402178,-0.7833895683288574,0.011255264282226562,-9.791107177734375
734637559000,-0.0002879185485653579,0.0008694419520907104,-0.0009738602093420923,-0.783787727355957,0.0035201609134674072,-9.787629127502441
734644553000,0.00013568229041993618,-0.001730333431623876,0.002731448970735073,-0.794273853302002,-0.06589117646217346,-9.76339340209961
734651448000,0.000958253804128617,0.00028375640977174044,-0.0007538530044257641,-0.7639375925064087,0.053325384855270386,-9.796859741210938
734665324000,-9.918976866174489e-05,-0.00018545376951806247,-0.0007888358668424189,-0.7791243195533752,-0.004036605358123779,-9.783116340637207
734672233000,-3.027566708624363e-05,-0.002320352476090193,0.0025629654992371798,-0.7937700748443604,-0.05785420536994934,-9.757574081420898
734679254000,0.0002147332124877721,-0.0007787490030750632,-0.003651807550340891,-0.78476881980896,0.09833759069442749,-9.764251708984375
734686137000,-0.001051447237841785,-0.0010982687817886472,0.002369252499192953,-0.7642959952354431,-0.09013935923576355,-9.768499374389648
734693192000,0.0002410446759313345,0.0008424364496022463,-0.0036830950994044542,-0.78370201587677,0.09045630693435669,-9.767419815063477
734707040000,0.0013180386740714312,0.0004942870000377297,0.0030753908213227987,-0.7739142179489136,-0.02377566695213318,-9.774886131286621
734714037000,0.00021656532771885395,0.000902045052498579,-0.0035893067251890898,-0.7919520139694214,0.11191257834434509,-9.783354759216309
734720850000,-0.0010982321109622717,-0.00022888730745762587,0.002367711393162608,-0.7706608772277832,-0.08834323287010193,-9.780316352844238
734727906000,0.001033697510138154,0.0018864201847463846,-0.0005786148831248283,-0.7612099051475525,0.0375443696975708,-9.80260944366455
734741788000,-0.00025270372861996293,0.0008254029671661556,-0.0009687682613730431,-0.7836996912956238,0.0050019025802612305,-9.788376808166504
734748647000,0.00015203654766082764,-0.0017897539073601365,0.002729647560045123,-0.7943321466445923,-0.06563326716423035,-9.763686180114746
734755575000,0.0002955297823064029,-0.0009036619449034333,-0.003738221013918519,-0.7902060747146606,0.10310465097427368,-9.775927543640137
734762575000,-0.0010496164904907346,-0.001693348167464137,0.002359985141083598,-0.7674155235290527,-0.0908227264881134,-9.773252487182617
734769468000,0.0008642695611342788,0.001375372288748622,-0.0007716254331171513,-0.7569079995155334,0.041920870542526245,-9.78917121887207
734783374000,0.0001288830244448036,9.640432836022228e-05,-0.0036506247706711292,-0.7888051271438599,0.0988781750202179,-9.774473190307617
734790499000,-0.001012291293591261,-0.0008648446528241038,0.0023543131537735462,-0.7685570120811462,-0.08949851989746094,-9.776938438415527
734797436000,0.0010699853301048279,0.001766745001077652,-0.0005858258227817714,-0.7582873702049255,0.037736743688583374,-9.794501304626465
734804339000,-6.949412636458874e-05,0.0013489499688148499,-0.000741263444069773,-0.7826188802719116,0.009615331888198853,-9.789371490478516
734811309000,-0.00027852202765643597,0.0009016899857670069,-0.0009638338233344257,-0.7829208374023438,0.004949122667312622,-9.786944389343262
734825207000,0.00032697076676413417,-0.0007004039944149554,-0.0036491078790277243,-0.7895718812942505,0.10136529803276062,-9.7750244140625
734832109000,-0.00104312424082309,-0.0015026135370135307,0.002371798735111952,-0.7675132751464844,-0.08940422534942627,-9.774027824401855
734839037000,0.0010634501231834292,0.0014324113726615906,-0.0005704693030565977,-0.7562212944030762,0.03763428330421448,-9.79028606414795
734846088000,-5.2436196710914373e-05,-0.0007418511668220162,0.0026208870112895966,-0.7968590259552002,-0.047155678272247314,-9.764896392822266
734859931000,-0.0010915071470662951,-0.0009897983400151134,0.0023649113718420267,-0.7692155838012695,-0.0902656614780426,-9.776702880859375
734866811000,0.0010771190281957388,0.0017315205186605453,-0.0005783882807008922,-0.7576098442077637,0.03730180859565735,-9.794804573059082
734873868000,-6.0069956816732883e-05,0.0013299386482685804,-0.0007400650065392256,-0.7826096415519714,0.009685933589935303,-9.789361953735352
734880751000,-2.9067276045680046e-05,-0.00105727044865489,0.002562548266723752,-0.7962936162948608,-0.056538671255111694,-9.763646125793457
734887615000,0.00018715736223384738,-0.00041612100903876126,-0.0036586765199899673,-0.7902463674545288,0.09858682751655579,-9.777791023254395
734901517000,0.0010633980855345726,0.0014486933359876275,-0.0005752780707553029,-0.7567777633666992,0.03755456209182739,-9.792596817016602
734908520000,-1.3406970538198948e-05,0.001144462381489575,-0.0007426487863995135,-0.7820717692375183,0.009425073862075806,-9.788737297058105
734915426000,-2.4228240363299847e-05,-0.0012211818248033524,0.0025553067680448294,-0.7960875034332275,-0.05621722340583801,-9.76237964630127
734922348000,0.00018472125520929694,-0.0004135587369091809,-0.003656422719359398,-0.7891743183135986,0.09847310185432434,-9.775508880615234
734929356000,-0.0010590425226837397,-0.0013309669448062778,0.0023656233679503202,-0.7678547501564026,-0.09029996395111084,-9.774857521057129
734943284000,-0.0010458597680553794,-0.0005696114967577159,0.002367344917729497,-0.7676609754562378,-0.09089499711990356,-9.776957511901855
734950134000,0.0013191918842494488,0.0002159331925213337,0.0030758450739085674,-0.7732748985290527,-0.023797571659088135,-9.773043632507324
734957185000,0.0002223671181127429,0.00068591971648857,-0.003589706728234887,-0.7917191982269287,0.11188700795173645,-9.782607078552246
734964080000,-0.0010741485748440027,-0.0003593548317439854,0.002365764230489731,-0.7702840566635132,-0.08841970562934875,-9.779584884643555
734970960000,0.0010322972666472197,0.0018403452122583985,-0.0005815693875774741,-0.7607756853103638,0.037706077098846436,-9.800027847290039
734984898000,-0.0002587398048490286,0.0008808934362605214,-0.0009693784522823989,-0.7836311459541321,0.00496402382850647,-9.787961959838867
734991843000,0.00012245657853782177,-0.0017399933421984315,0.002737349597737193,-0.7944220304489136,-0.06563502550125122,-9.76327133178711
734998765000,0.0001048622652888298,-0.0008542325813323259,-0.003851461224257946,-0.7915354371070862,0.10607582330703735,-9.775172233581543
735005738000,-0.000939277233555913,-0.0016991568263620138,0.002548182848840952,-0.7650617957115173,-0.09769359230995178,-9.772850036621094
735019568000,-0.0003268023137934506,0.0012145296204835176,-0.0009465961484238505,-0.78232741355896,0.011066347360610962,-9.788239479064941
735026592000,-0.00011640263255685568,-0.0011685765348374844,0.002539109205827117,-0.7946910858154297,-0.06081923842430115,-9.76165771484375
735033494000,0.00021504647156689316,-0.00022919676848687232,-0.0036574169062078,-0.7887557744979858,0.09763666987419128,-9.77501106262207
735040463000,-0.001022961805574596,-0.0011649485677480698,0.0023605460301041603,-0.7681360244750977,-0.09028762578964233,-9.775718688964844
735054293000,-0.00021222408395260572,0.0013480759225785732,-0.0009428047924302518,-0.7834521532058716,0.01400691270828247,-9.789238929748535
735061308000,-0.00010217202361673117,-0.0011438964866101742,0.0025376153644174337,-0.795438289642334,-0.06006515026092529,-9.762345314025879
735068199000,0.00020556451636366546,-0.000423807738116011,-0.0036625938955694437,-0.7899024486541748,0.09781363606452942,-9.775729179382324
735075206000,-0.0010282419389113784,-0.001274445210583508,0.002361036604270339,-0.7676398754119873,-0.0904054343700409,-9.776299476623535
735089013000,-0.00022684806026518345,0.0012010273057967424,-0.00084835005691275,-0.7832417488098145,0.012518316507339478,-9.78846263885498
735096040000,-0.00010865507647395134,-0.0011791252763941884,0.0025576537009328604,-0.7949424982070923,-0.05882275104522705,-9.762367248535156
735102929000,0.00018822154379449785,-0.0003040065639652312,-0.0036576716229319572,-0.7890390157699585,0.09809157252311707,-9.776017189025879
735109949000,-0.0010135226184502244,-0.0012368314201012254,0.002358451019972563,-0.7680822610855103,-0.090457022190094,-9.775956153869629
735116808000,0.001077981316484511,0.0015016793040558696,-0.0005744991940446198,-0.757374107837677,0.03757840394973755,-9.792362213134766
735130799000,-1.0580755770206451e-05,-0.0011393992463126779,0.002561071887612343,-0.7961883544921875,-0.05642145872116089,-9.762699127197266
735137646000,0.0001998889201786369,-0.0004611213516909629,-0.00365884555503726,-0.7899441719055176,0.09859535098075867,-9.775690078735352
735144629000,-0.0010791834210976958,-0.001349859987385571,0.0023690713569521904,-0.7677268981933594,-0.09018206596374512,-9.775369644165039
735151530000,0.0010767059866338968,0.0014992350479587913,-0.0005739220650866628,-0.7567799687385559,0.03737282752990723,-9.791802406311035
735158517000,0.0002245774958282709,-0.0006647558766417205,0.0028076046146452427,-0.7954846620559692,-0.05188915133476257,-9.76608943939209
735172367000,-0.0011243164772167802,-0.0010693258373066783,0.0023540158290416002,-0.7682585716247559,-0.09201890230178833,-9.777034759521484
735179358000,0.00021974695846438408,0.0005240241880528629,-0.003690409241244197,-0.7860202193260193,0.0900677740573883,-9.772480964660645
735186248000,-0.0010200508404523134,-0.00051989866187796,0.002360397484153509,-0.7682284116744995,-0.09107387065887451,-9.778602600097656
735193297000,0.0010955370962619781,0.0019788099452853203,-0.0005771019496023655,-0.7590076923370361,0.037523359060287476,-9.797215461730957
735207107000,0.0001307612401433289,9.747721196617931e-05,-0.003649645484983921,-0.7915167808532715,0.0993785560131073,-9.780050277709961
735214079000,-0.001052837003953755,-0.0009823904838413,0.0023571611382067204,-0.7693507075309753,-0.09038698673248291,-9.77894401550293
735220969000,0.001073426683433354,0.0014544118894264102,-0.0005821341765113175,-0.7594462633132935,0.03748098015785217,-9.795975685119629
735228114000,-2.160482108592987e-05,0.0011805207468569279,-0.0007441618945449591,-0.7822978496551514,0.009454399347305298,-9.790244102478027
735234858000,-0.00022695906227454543,0.0007475671009160578,-0.0009692910243757069,-0.783011794090271,0.004969686269760132,-9.786733627319336
735248834000,0.0011710117105394602,0.00035623484291136265,-0.0005470200558193028,-0.7615858316421509,0.04867124557495117,-9.7950439453125
735255691000,-0.00029805267695337534,0.00024102494353428483,-0.001022840617224574,-0.782674252986908,0.01722651720046997,-9.787384033203125
735262805000,-0.00015802448615431786,-0.002062006387859583,0.002531989011913538,-0.793978750705719,-0.06151968240737915,-9.758766174316406
735269622000,0.00019052141578868032,-0.0006680681835860014,-0.0036604981869459152,-0.7858237028121948,0.09748619794845581,-9.766678810119629
735276592000,-0.0010101801017299294,-0.00107906898483634,0.0023626876063644886,-0.7649094462394714,-0.0905982255935669,-9.770760536193848
735290476000,-0.000988808460533619,-0.00023897446226328611,0.002357319463044405,-0.7677885890007019,-0.09094208478927612,-9.777756690979004
735297442000,0.0010904704686254263,0.002218300476670265,-0.0005784436943940818,-0.7590351104736328,0.03770175576210022,-9.797496795654297
735304316000,0.00011191643716301769,-0.0001993976766243577,0.002732850145548582,-0.7971301078796387,-0.049955159425735474,-9.767260551452637
735311353000,-1.8158694729208946e-05,0.00030624103965237737,-0.003842733334749937,-0.7935048341751099,0.10619485378265381,-9.781033515930176
735325206000,0.0010723855812102556,0.001543699880130589,-0.0005797382327727973,-0.7591066360473633,0.03670337796211243,-9.797906875610352
735332104000,-2.5260960683226585e-06,0.0011812413576990366,-0.0007470500422641635,-0.7826504111289978,0.009407371282577515,-9.790457725524902
735339023000,-3.527384251356125e-06,-0.0012667131377384067,0.0025598707143217325,-0.7967419624328613,-0.05641961097717285,-9.763465881347656
735346102000,0.00018572344561107457,-0.0005614988040179014,-0.00365803437307477,-0.7899929285049438,0.09868025779724121,-9.777029037475586
735352953000,-0.0010527324629947543,-0.0015005342429503798,0.002364394022151828,-0.7681846618652344,-0.09033021330833435,-9.774822235107422
735366863000,-5.767960101366043e-05,0.0011214425321668386,-0.0007378569571301341,-0.7818931937217712,0.009638220071792603,-9.788578033447266
735373746000,0.00017002993263304234,-0.0012452010996639729,0.0027622473426163197,-0.7947862148284912,-0.06100308895111084,-9.762214660644531
735380745000,8.759816410019994e-05,-0.00037501423503272235,-0.003846406238153577,-0.791400134563446,0.10666227340698242,-9.774901390075684
735387645000,-0.0010849973186850548,-0.001213309122249484,0.0023403053637593985,-0.7666242122650146,-0.09333544969558716,-9.77537727355957
735394631000,0.0010816518915817142,0.0015631939750164747,-0.0005765606765635312,-0.7572411298751831,0.0369202196598053,-9.791801452636719
735408535000,0.00013492885045707226,-0.0011834015604108572,0.002768621314316988,-0.7952821254730225,-0.06074613332748413,-9.762336730957031
735415548000,7.242905849125236e-05,-0.0003259637742303312,-0.0038420238997787237,-0.7915100455284119,0.10658124089241028,-9.776823043823242
735422403000,-0.0010299814166501164,-0.0013159328373149037,0.002424613805487752,-0.7671583890914917,-0.0951373279094696,-9.775713920593262
735429366000,0.0011164933675900102,0.0015272028977051377,-0.0005740349879488349,-0.7570953369140625,0.038412272930145264,-9.792640686035156
735436260000,-9.19996527954936e-05,0.0011606526095420122,-0.0007337683346122503,-0.7824079990386963,0.010091453790664673,-9.788363456726074
735450180000,8.121160499285907e-05,-0.0003127287491224706,-0.0038446984253823757,-0.7911654114723206,0.10662722587585449,-9.77663516998291
735457184000,-0.0009294266346842051,-0.0014028052100911736,0.0025424708146601915,-0.7663595676422119,-0.09767952561378479,-9.774906158447266
735464084000,0.0009587733075022697,0.0015521307941526175,-0.0007703655865043402,-0.7589480876922607,0.045084238052368164,-9.792049407958984
735471022000,-0.0003014345420524478,0.0013148030266165733,-0.0009544766508042812,-0.7819298505783081,0.011050999164581299,-9.789225578308105
735477963000,0.00010857381857931614,-0.0011772102443501353,0.0027326513081789017,-0.7936931252479553,-0.0653754472732544,-9.762139320373535
735491894000,-0.0010723647428676486,-0.0012379831168800592,0.002257132902741432,-0.7684265375137329,-0.08906382322311401,-9.77665901184082
735498761000,0.0008232685504481196,0.0015612137503921986,-0.0007788403308950365,-0.7580749988555908,0.04042515158653259,-9.79268741607666
735505730000,-8.824077667668462e-05,-0.0007322662859223783,0.0025856068823486567,-0.7960578203201294,-0.05136770009994507,-9.764663696289062
735512756000,0.00012716525816358626,9.025156032294035e-06,-0.00365249696187675,-0.7895851135253906,0.09877309203147888,-9.776083946228027
735526750000,0.00024749478325247765,0.0006041401065886021,-0.0036894415970891714,-0.7857397794723511,0.09019440412521362,-9.772992134094238
735533516000,-0.001001507043838501,-0.00047328422078862786,0.00235894531942904,-0.7683915495872498,-0.09096276760101318,-9.77863597869873
735540428000,0.0010852122213691473,0.001986199291422963,-0.0005767527618445456,-0.7591850757598877,0.03765738010406494,-9.797658920288086
735547425000,-6.057228893041611e-05,0.0015178130706772208,-0.000736555433832109,-0.7831196784973145,0.009714752435684204,-9.790070533752441
735561340000,0.0010334127582609653,0.0006412860238924623,-0.0005548011977225542,-0.7635833024978638,0.04576295614242554,-9.801105499267578
735568241000,-9.277812205255032e-05,0.00031260447576642036,-0.0007386076613329351,-0.7822843790054321,0.01025235652923584,-9.788375854492188
735575246000,-0.000307445356156677,4.154193447902799e-06,-0.0009619859047234058,-0.7819406986236572,0.005001932382583618,-9.78460693359375
735582151000,7.899338379502296e-05,-0.002348091918975115,0.0027441747952252626,-0.7924240827560425,-0.06567355990409851,-9.759310722351074
735596080000,-0.0008799267234280705,-0.0013030740665271878,0.0025384980253875256,-0.7630088329315186,-0.0976727306842804,-9.769287109375
735602949000,0.0005623947945423424,-0.0011799600906670094,-1.2603704817593098e-05,-0.7999626398086548,0.03222861886024475,-9.744345664978027
735610046000,0.00044892984442412853,0.003856922034174204,0.002342959400266409,-0.7021089792251587,-0.031565338373184204,-9.834887504577637
735616873000,-5.09486417286098e-05,0.0007569051813334227,-0.003958940505981445,-0.8410696983337402,0.09952056407928467,-9.74964714050293
735623787000,-0.0011515833903104067,-0.0007353714318014681,0.002326640533283353,-0.7689566016197205,-0.09578430652618408,-9.778996467590332
735637669000,-0.0010465243831276894,-0.0008312823483720422,0.0023638794664293528,-0.7690091729164124,-0.0910068154335022,-9.77987289428711
735644682000,0.0010976593475788832,0.0016812061658129096,-0.0005802329978905618,-0.7589263916015625,0.03746575117111206,-9.798643112182617
735651579000,0.00021709944121539593,-0.000712740293238312,0.0028068237006664276,-0.7968975305557251,-0.05181020498275757,-9.767050743103027
735658555000,1.8345621356274933e-05,-0.00019746835459955037,-0.0038414220325648785,-0.7933642864227295,0.10775941610336304,-9.779067993164062
735672502000,0.000956880277954042,0.0015936160925775766,-0.0007684601587243378,-0.7591954469680786,0.04484274983406067,-9.794332504272461
735679483000,-0.00032900949008762836,0.0012037389678880572,-0.0009476784034632146,-0.783005952835083,0.011011183261871338,-9.788777351379395
735686374000,-0.00011287792585790157,-0.001215783879160881,0.0025370281655341387,-0.7949497699737549,-0.0608384907245636,-9.762444496154785
735693334000,0.0001986208080779761,-0.000412602792493999,-0.0036620083265006542,-0.789518415927887,0.09779274463653564,-9.7752103805542
735707190000,0.0010739723220467567,0.0015431662322953343,-0.000577170867472887,-0.7572115659713745,0.03753691911697388,-9.792346000671387
735714219000,-0.0002054949291050434,0.001319049159064889,-0.0009433245868422091,-0.7831892371177673,0.013950198888778687,-9.7893705368042
735721153000,-0.00010488135740160942,-0.0011723893694579601,0.0025391888339072466,-0.7954378128051758,-0.06004980206489563,-9.762084007263184
735728097000,0.00019391116802580655,-0.00040086149238049984,-0.003661268623545766,-0.7896295189857483,0.0978718101978302,-9.775389671325684
735741955000,0.0010702487779781222,0.0015150931430980563,-0.0005741743952967227,-0.7573437094688416,0.0375555157661438,-9.792336463928223
735748769000,-0.0002124293241649866,0.001308377948589623,-0.0009418482659384608,-0.7830688953399658,0.013991236686706543,-9.789379119873047
735755719000,-0.00010214094072580338,-0.0011677396250888705,0.0025385364424437284,-0.7953165769577026,-0.06007006764411926,-9.762136459350586
735762721000,0.00019918128964491189,-0.00040121719939634204,-0.003661906346678734,-0.7896113395690918,0.09785476326942444,-9.775434494018555
735776640000,0.0010790883097797632,0.0015218312619253993,-0.0005777823971584439,-0.7571712732315063,0.03748899698257446,-9.792312622070312
735783496000,-2.7052592486143112e-06,0.0012640918139368296,-0.0007478302577510476,-0.781894862651825,0.00950804352760315,-9.78936767578125
735790450000,-4.5996042899787426e-05,-0.0011653386754915118,0.002566335489973426,-0.7964068055152893,-0.05629384517669678,-9.762324333190918
735797441000,0.0001771095849107951,-0.00042756833136081696,-0.003656323067843914,-0.789657473564148,0.09857293963432312,-9.77576732635498
735811394000,0.00106803176458925,0.0014994766097515821,-0.0005761389038525522,-0.7568612098693848,0.037425339221954346,-9.791686058044434
735818244000,-3.192422445863485e-05,0.0012691500596702099,-0.0007392078987322748,-0.7816798686981201,0.009494215250015259,-9.789358139038086
735825339000,-5.735654849559069e-05,-0.0011315466836094856,0.0025692780036479235,-0.7961612343788147,-0.056090205907821655,-9.762446403503418
735832153000,0.00018762823310680687,-0.00030990588129498065,-0.003647195640951395,-0.7891722917556763,0.0983593761920929,-9.776710510253906
735839093000,-0.0010877654422074556,-0.001338960719294846,0.0023696827702224255,-0.768487811088562,-0.09004154801368713,-9.775388717651367
735852977000,-0.0010560790542513132,-0.0005852894391864538,0.0023682608734816313,-0.7676334381103516,-0.09080994129180908,-9.777294158935547
735860143000,0.0013141327071934938,0.00018523423932492733,0.0030755996704101562,-0.7733546495437622,-0.023809880018234253,-9.772873878479004
735866866000,0.0002374153700657189,0.0006930759409442544,-0.0035945666022598743,-0.7915468215942383,0.11184540390968323,-9.782831192016602
735873806000,-0.0010795752750709653,-0.00035917654167860746,0.0023643700405955315,-0.770302414894104,-0.08835151791572571,-9.779563903808594
735887742000,-0.00025411020033061504,0.0014772862195968628,-0.0009442928712815046,-0.7841490507125854,0.013902157545089722,-9.791176795959473
735894675000,-0.00033454480580985546,0.0008852843311615288,-0.000983072561211884,-0.782749354839325,0.0011819005012512207,-9.787586212158203
735901593000,0.00012441352009773254,-0.0017171638319268823,0.002730878535658121,-0.7941103577613831,-0.06629645824432373,-9.763236999511719
735908572000,0.00011093978537246585,-0.0008401054074056447,-0.0038525729905813932,-0.791573166847229,0.10597911477088928,-9.775032997131348
735915524000,-0.0008900199318304658,-0.0016253524227067828,0.002540230518206954,-0.7648171782493591,-0.0978403091430664,-9.773513793945312
735929397000,-0.0003011649241670966,0.0012224172241985798,-0.0009546246146783233,-0.7821134328842163,0.011186361312866211,-9.788536071777344
735936302000,0.00011688692029565573,-0.001226798864081502,0.0027331127785146236,-0.7936283349990845,-0.06542730331420898,-9.761714935302734
735943450000,0.0002657005097717047,-0.0003389750199858099,-0.0037356631364673376,-0.7900220155715942,0.10167446732521057,-9.77490234375
735950330000,-0.0010323213646188378,-0.001183843589387834,0.0023008857388049364,-0.768102765083313,-0.09007865190505981,-9.775790214538574
735964221000,-0.0002916431985795498,0.001349496771581471,-0.0009564175270497799,-0.7819181084632874,0.010169446468353271,-9.789244651794434
735971126000,8.535617962479591e-05,-0.001180674065835774,0.0027384937275201082,-0.7939489483833313,-0.06529760360717773,-9.76203727722168
735978194000,0.0002994711394421756,-0.00034862427855841815,-0.003645553719252348,-0.7904375791549683,0.1013384461402893,-9.776366233825684
735985073000,-0.0010128208668902516,-0.0012588221579790115,0.0023625530302524567,-0.7683395147323608,-0.08954772353172302,-9.77664852142334
735998949000,-4.590529715642333e-05,-0.0007138351211324334,0.0026176718529313803,-0.7970688343048096,-0.047160983085632324,-9.765396118164062
736005860000,0.0001314897817792371,5.694727587979287e-05,-0.0036462831776589155,-0.7895246148109436,0.09930533170700073,-9.77708625793457
736012895000,-0.0010951535077765584,-0.0010541726369410753,0.0023638042621314526,-0.7692371606826782,-0.09018844366073608,-9.776918411254883
736019785000,0.0010745134204626083,0.00171018170658499,-0.0005790790892206132,-0.7574961185455322,0.037289053201675415,-9.7951078414917
736026738000,-2.4039531126618385e-05,0.001313617336563766,-0.0007441957714036107,-0.7827250957489014,0.009519577026367188,-9.789270401000977
736040595000,0.00011889403685927391,-0.001692608231678605,0.0027346110437065363,-0.7936950325965881,-0.06560814380645752,-9.762411117553711
736047559000,0.0003276110510341823,-0.0007864137878641486,-0.0036509244237095118,-0.7898411750793457,0.10139241814613342,-9.773768424987793
736054477000,-0.001068033161573112,-0.001486646244302392,0.002373817842453718,-0.7669504880905151,-0.08932170271873474,-9.773660659790039
736061439000,0.0010644024005159736,0.0015604424988850951,-0.0005701276240870357,-0.7556859254837036,0.037511199712753296,-9.790947914123535
736075341000,0.00012607072130776942,0.00013145137927494943,-0.003645409597083926,-0.7891302704811096,0.09930968284606934,-9.776400566101074
736082240000,-0.0010268675396218896,-0.0009158713510259986,0.00235553877428174,-0.7688829898834229,-0.09046941995620728,-9.77764892578125
736089185000,0.0010594493942335248,0.0017180456779897213,-0.0005781115032732487,-0.7580525875091553,0.037619441747665405,-9.795437812805176
736096200000,-2.7077854610979557e-05,0.0013135569170117378,-0.0007429611869156361,-0.7826837301254272,0.009451597929000854,-9.78931713104248
736103144000,-7.881515193730593e-05,-0.001152354758232832,0.0025672856718301773,-0.7966647148132324,-0.05618277192115784,-9.762871742248535
736117026000,-0.0010459439363330603,-0.0013914017472416162,0.002362895291298628,-0.76834636926651,-0.09039285778999329,-9.776001930236816
736123927000,0.0010643515270203352,0.0014439249644055963,-0.0005759850610047579,-0.7569117546081543,0.03756198287010193,-9.792283058166504
736130959000,-3.1537143513560295e-05,0.0011507755843922496,-0.0007405671058222651,-0.7820250391960144,0.009502232074737549,-9.7886962890625
736137823000,-1.8257764168083668e-05,-0.0011905431747436523,0.0025602905079722404,-0.7959719896316528,-0.05640855431556702,-9.762474060058594
736151680000,-0.0010721299331635237,-0.0013047446263954043,0.0023686005733907223,-0.767525315284729,-0.09031721949577332,-9.774975776672363
736158734000,0.0002385936677455902,0.0004340240848250687,-0.0036878567188978195,-0.7850497961044312,0.09042331576347351,-9.770123481750488
736165591000,-0.001009034225717187,-0.0005004006088711321,0.0023597609251737595,-0.7675816416740417,-0.09095808863639832,-9.777715682983398
736172538000,0.0013247918104752898,0.00022326631005853415,0.003071656683459878,-0.7736129760742188,-0.023672372102737427,-9.773544311523438
736186418000,-0.001065540942363441,-0.0003728225128725171,0.0023622666485607624,-0.7703184485435486,-0.08846944570541382,-9.779608726501465
736193418000,0.0010379654122516513,0.0018490486545488238,-0.0005785447428934276,-0.7606782913208008,0.03761458396911621,-9.800312995910645
736200307000,-0.0002438864903524518,0.0014511223416775465,-0.0009460216970182955,-0.7844154834747314,0.013982266187667847,-9.790901184082031
736207243000,-0.0003151407581754029,0.0008711630944162607,-0.0009865526808425784,-0.7827264070510864,0.0011608600616455078,-9.787668228149414
736221172000,0.0009664263343438506,0.0002911508781835437,-0.0007546978304162621,-0.7638760209083557,0.05328819155693054,-9.796756744384766
736228204000,-0.001091123092919588,-0.0008726962842047215,-0.004110322799533606,-0.8117793798446655,0.06507909297943115,-9.76618766784668
736235166000,-0.0009021684527397156,-0.0018941638991236687,0.0024908147752285004,-0.7604602575302124,-0.10966986417770386,-9.76703929901123
736242108000,0.0013004428474232554,-0.0004703004378825426,0.002882414497435093,-0.7726121544837952,-0.017258763313293457,-9.764998435974121
736248986000,0.00015389121836051345,0.0004113040922675282,-0.0035992085468024015,-0.7880414128303528,0.10910838842391968,-9.777329444885254
736262857000,0.0010464803781360388,0.002079424913972616,-0.0005776459001936018,-0.7588701844215393,0.03758281469345093,-9.796760559082031
736269764000,-4.9477675929665565e-06,0.0016381702153012156,-0.0007478939951397479,-0.7831001281738281,0.009334474802017212,-9.790546417236328
736277005000,-0.00023044220870360732,0.0010825430508702993,-0.0009715634514577687,-0.7836737632751465,0.005057841539382935,-9.788082122802734
736283649000,0.00015613657888025045,-0.0015701098600402474,0.0027293774764984846,-0.7945791482925415,-0.06556612253189087,-9.763772010803223
736290618000,0.00030909449560567737,-0.0008054320933297276,-0.0036502995062619448,-0.7908239960670471,0.10160654783248901,-9.777018547058105
736304485000,0.0010600986424833536,0.0013738193083554506,-0.00057334074517712,-0.7557522654533386,0.037596672773361206,-9.790550231933594
736311461000,-0.00021457730326801538,0.001146194408647716,-0.0009417074616067111,-0.7831611633300781,0.013965100049972534,-9.788346290588379
736318390000,-0.00010397867299616337,-0.0012771732872352004,0.0025395697448402643,-0.7949877977371216,-0.0600849986076355,-9.761383056640625
736325414000,0.00019218480156268924,-0.00033792146132327616,-0.0036590108647942543,-0.7886172533035278,0.09785717725753784,-9.773981094360352
736339198000,0.0010872348211705685,0.0016503342194482684,-0.0005767762777395546,-0.7569313049316406,0.03754439949989319,-9.792803764343262
736346239000,1.0835181456059217e-05,-0.0005773232551291585,0.002608251990750432,-0.7972984910011292,-0.04727533459663391,-9.765789031982422
736353081000,0.00011873814219143242,5.038798553869128e-05,-0.0036466666497290134,-0.7902556657791138,0.09955018758773804,-9.777722358703613
736360377000,-0.0010533176828175783,-0.00103717518504709,0.0023590472992509604,-0.769130289554596,-0.09042796492576599,-9.777488708496094
736367038000,0.0010561954695731401,0.001565279089845717,-0.0005786473047919571,-0.7583265900611877,0.037495702505111694,-9.794400215148926
736380904000,-0.0002572049852460623,0.0007476166356354952,-0.0008750653942115605,-0.7829873561859131,0.0034748613834381104,-9.785860061645508
736387814000,-7.406424265354872e-05,-0.001651838654652238,0.002551696728914976,-0.7946199774742126,-0.05972751975059509,-9.762619972229004
736394868000,0.0002042373234871775,-0.0007423355709761381,-0.003658430417999625,-0.7886819839477539,0.09812420606613159,-9.773164749145508
736401721000,-0.00105539639480412,-0.0014133317163214087,0.0023688392248004675,-0.7664391994476318,-0.09029543399810791,-9.77340316772461
736415609000,0.00021830626064911485,-0.0006423459853976965,0.0028046828228980303,-0.7956128716468811,-0.05180445313453674,-9.76561164855957
736422545000,1.729160430841148e-05,0.00013518574996851385,-0.0038380022160708904,-0.7917202711105347,0.10767966508865356,-9.777290344238281
736429597000,-0.0009359588148072362,-0.0010903667425736785,0.002537395106628537,-0.7672785520553589,-0.09780415892601013,-9.776739120483398
736436425000,0.0009564050706103444,0.0017447791760787368,-0.0007692959043197334,-0.7597084641456604,0.04496011137962341,-9.795281410217285
736443559000,-0.00030005385633558035,0.0013653462519869208,-0.0009556508739478886,-0.7827595472335815,0.011057913303375244,-9.789387702941895
736457314000,-2.4361303076148033e-05,-0.0016048557590693235,0.0025613668840378523,-0.795340895652771,-0.05812680721282959,-9.762890815734863
736464288000,0.0002151678199879825,-0.0006783768767490983,-0.0036602038890123367,-0.7885355949401855,0.09848317503929138,-9.774553298950195
736471150000,-0.0010323767783120275,-0.0014598184498026967,0.0023647912312299013,-0.7670162916183472,-0.09031462669372559,-9.773569107055664
736478221000,0.001088708289898932,0.0014549533370882273,-0.0005729267722927034,-0.7562210559844971,0.03748518228530884,-9.79027271270752
736492051000,0.00022047232778277248,6.674628821201622e-05,-0.003633292159065604,-0.7900454998016357,0.10289183259010315,-9.776285171508789
736498968000,-0.0010376340942457318,-0.0009347728919237852,0.002359236590564251,-0.7688674926757812,-0.08957433700561523,-9.77791690826416
736505880000,0.0002248683013021946,0.000625710585154593,-0.003687582677230239,-0.7860274910926819,0.09053048491477966,-9.773910522460938
736512945000,-0.0009914300171658397,-0.000518519023898989,0.0023557296954095364,-0.7687252759933472,-0.09106993675231934,-9.778322219848633
736526800000,-1.0638730600476265e-05,-0.0004046543617732823,0.002611410804092884,-0.7981652021408081,-0.047192543745040894,-9.766740798950195
736533662000,0.00012029481877107173,6.81484816595912e-05,-0.003647607984021306,-0.7912670373916626,0.09949570894241333,-9.780405044555664
736540650000,-0.001064891810528934,-0.0010866420343518257,0.0023607381153851748,-0.7695853114128113,-0.09040004014968872,-9.778162002563477
736547638000,0.0010643383720889688,0.0014661509776487947,-0.0005770911229774356,-0.7587050199508667,0.03744417428970337,-9.795880317687988
736554490000,-8.051004260778427e-05,0.001096283202059567,-0.0007339246803894639,-0.7826045751571655,0.009657353162765503,-9.78922176361084
736568378000,0.00018671451834961772,-0.000488959951326251,-0.0036581899039447308,-0.7897221446037292,0.09857749938964844,-9.776093482971191
736575395000,-0.0010445205261930823,-0.001370652113109827,0.002362094121053815,-0.7678920030593872,-0.09033477306365967,-9.775238990783691
736582309000,0.0010778529103845358,0.0015013811644166708,-0.0005770496209152043,-0.7568269968032837,0.03749585151672363,-9.791962623596191
736589228000,-5.704537034034729e-05,0.0011674577835947275,-0.0007398565649054945,-0.7823345065116882,0.009700387716293335,-9.788328170776367
736596233000,-5.077302921563387e-05,-0.0011779158376157284,0.0025670290924608707,-0.7960919141769409,-0.05646422505378723,-9.762288093566895
736610141000,-0.0010508035775274038,-0.0012497161515057087,0.002363410545513034,-0.7677226066589355,-0.09031438827514648,-9.775569915771484
736617072000,0.0010779715375974774,0.001544356346130371,-0.0005745273665525019,-0.7571825981140137,0.037442922592163086,-9.792162895202637
736623928000,-1.5494530089199543e-05,0.0012786914594471455,-0.0007419130997732282,-0.7819669842720032,0.009531199932098389,-9.78923511505127
736630950000,-6.284087430685759e-05,-0.0011487730080261827,0.002570897340774536,-0.7964645624160767,-0.05624735355377197,-9.762256622314453
736644882000,-0.0010791902896016836,-0.0013416350120678544,0.0023682829923927784,-0.7684582471847534,-0.0901745855808258,-9.775404930114746
736651719000,0.001071856007911265,0.0015069824876263738,-0.0005739915068261325,-0.7568619251251221,0.03739151358604431,-9.792146682739258
736658720000,-4.8441579565405846e-06,0.0012675481848418713,-0.0007444327347911894,-0.7817976474761963,0.00948593020439148,-9.789398193359375
736665683000,-6.0166697949171066e-05,-0.0011683820048347116,0.0025685762520879507,-0.7964597940444946,-0.056203633546829224,-9.762134552001953
736679618000,-0.0010318157728761435,-0.0012681293301284313,0.0023622410371899605,-0.7676297426223755,-0.09040042757987976,-9.775924682617188
736686445000,0.0010749299544841051,0.0015251034637913108,-0.0005738381296396255,-0.7570698857307434,0.03754383325576782,-9.792421340942383
736693505000,1.3783574104309082e-07,0.0012663576053455472,-0.0007482523215003312,-0.7818825244903564,0.009539812803268433,-9.789297103881836
736700413000,-4.4018495827913284e-05,-0.0011622380698099732,0.002565894741564989,-0.7963614463806152,-0.056285560131073,-9.762298583984375
736707299000,0.0001965701812878251,-0.00043257136712782085,-0.003658485598862171,-0.7896590232849121,0.09849873185157776,-9.775717735290527
736721176000,0.0010737627744674683,0.0014975664671510458,-0.0005767667898908257,-0.7568222284317017,0.03741145133972168,-9.791668891906738
736728259000,0.00018679333152249455,-0.000668879714794457,0.002811945741996169,-0.7954562902450562,-0.05180847644805908,-9.765995025634766
736735114000,0.00022069024271331728,4.683856968767941e-05,-0.003637575777247548,-0.7907814979553223,0.10311353206634521,-9.777533531188965
736742033000,-0.0010869031539186835,-0.0010339084547013044,0.002366213593631983,-0.769303560256958,-0.08946549892425537,-9.777311325073242
736755925000,-0.0009931591339409351,-0.0005281753255985677,0.00235583633184433,-0.768608808517456,-0.09107482433319092,-9.7784423828125
736762953000,0.0010964637622237206,0.0019791063386946917,-0.0005768666742369533,-0.7589292526245117,0.03759446740150452,-9.797898292541504
736769826000,-2.2201682440936565e-05,-0.0004075785109307617,0.0026127297896891832,-0.7983253002166748,-0.047102391719818115,-9.766508102416992
736776811000,0.00011651612294372171,8.245263597927988e-05,-0.003647671779617667,-0.7912740707397461,0.09947124123573303,-9.78039264678955
736783702000,-0.001070212572813034,-0.0010674501536414027,0.0023604200687259436,-0.7696490287780762,-0.09038838744163513,-9.778143882751465
736797628000,-8.638016879558563e-07,0.0011894673807546496,-0.0007462842622771859,-0.7822864055633545,0.009406596422195435,-9.790160179138184
736804509000,-0.0002391503658145666,0.0007298019481822848,-0.0009681835654191673,-0.7831034064292908,0.00510743260383606,-9.78642463684082
736811558000,0.00011059688404202461,-0.0018272576853632927,0.002740208525210619,-0.7939447164535522,-0.06547251343727112,-9.761678695678711
736818401000,0.0011773720616474748,0.00036481861025094986,-0.0005478609818965197,-0.7615121006965637,0.04863438010215759,-9.7948637008667
736825349000,-0.00046954271965660155,0.00027161568868905306,-0.0011338910553604364,-0.7837429046630859,0.020105093717575073,-9.787097930908203
736839273000,0.00021031813230365515,-0.0005614897236227989,-0.003662374336272478,-0.7854167222976685,0.09704214334487915,-9.767282485961914
736846261000,-0.0010126279667019844,-0.0010868783574551344,0.002361586783081293,-0.7654628753662109,-0.09048977494239807,-9.770750045776367
736853143000,0.0002437909133732319,0.0007656675879843533,-0.003685309551656246,-0.784261167049408,0.09057161211967468,-9.76895523071289
736860141000,-0.000991686014458537,-0.00027038779808208346,0.00235726241953671,-0.7680668830871582,-0.09093984961509705,-9.777606964111328
736873950000,0.00019401605823077261,-0.0002241683832835406,0.0028114442247897387,-0.797072172164917,-0.051582396030426025,-9.767107009887695
736880962000,-5.8380537666380405e-06,0.0002728656691033393,-0.003831609385088086,-0.7935101985931396,0.10769334435462952,-9.781004905700684
736887870000,-0.0009324520360678434,-0.0010227076709270477,0.00253679184243083,-0.7679007053375244,-0.09785166382789612,-9.778748512268066
736895078000,0.0009503061883151531,0.00155647995416075,-0.0007742441375739872,-0.7613294124603271,0.04508981108665466,-9.798044204711914
736908678000,-9.509199298918247e-05,-0.001274727052077651,0.002532875631004572,-0.7950562238693237,-0.06087261438369751,-9.763147354125977
736915695000,0.00021477785776369274,-0.000512912985868752,-0.0036634537391364574,-0.7897472977638245,0.09775245189666748,-9.776093482971191
736922576000,-0.001038178219459951,-0.0013959859497845173,0.002359243342652917,-0.767839789390564,-0.09027647972106934,-9.77536392211914
736929602000,0.0010771530214697123,0.001512053539045155,-0.0005768602131865919,-0.7565897703170776,0.037487030029296875,-9.792193412780762
736943511000,-7.640523836016655e-05,-0.0011763146612793207,0.0025351999793201685,-0.7948753833770752,-0.06029751896858215,-9.76226806640625
736950343000,0.0001816067670006305,-0.0003903745673596859,-0.0036596660502254963,-0.7894959449768066,0.09801262617111206,-9.774831771850586
736957274000,-0.0010131343733519316,-0.0012154970318078995,0.0023593532387167215,-0.7675107717514038,-0.09055468440055847,-9.775652885437012
736964339000,0.0010880394838750362,0.0015223691007122397,-0.0005755940801464021,-0.7574280500411987,0.037554532289505005,-9.791988372802734
736971171000,-0.00022509053815156221,0.0013322164304554462,-0.0009406416211277246,-0.7829532027244568,0.014124691486358643,-9.789432525634766
736985057000,0.00019227415032219142,-0.00031586570548824966,-0.0036606122739613056,-0.7893421649932861,0.09786835312843323,-9.776352882385254
736991997000,-0.0010078848572447896,-0.0012602591887116432,0.0023570444900542498,-0.768136739730835,-0.09050431847572327,-9.77613639831543
736999013000,0.0010826308280229568,0.001501327846199274,-0.0005779400235041976,-0.7572810649871826,0.037610918283462524,-9.7926025390625
737005906000,-0.000278141291346401,0.0012093557743355632,-0.0009356306400150061,-0.7833959460258484,0.014282464981079102,-9.788422584533691
737019796000,0.00020153465447947383,-0.0003954947169404477,-0.0036616527941077948,-0.7895239591598511,0.09784671664237976,-9.775076866149902
737026879000,-0.0010343447793275118,-0.0012349947355687618,0.002358880126848817,-0.767481803894043,-0.09034240245819092,-9.775897979736328
737033746000,0.0010672371136024594,0.0015188477700576186,-0.0005769238923676312,-0.7572553157806396,0.03756415843963623,-9.792081832885742
737040624000,-1.3282638974487782e-05,0.0012782149715349078,-0.0007448254036717117,-0.7817639112472534,0.009461522102355957,-9.789327621459961
737054545000,0.00018949795048683882,-0.00033958841231651604,-0.0036598569713532925,-0.7893422842025757,0.09854587912559509,-9.776666641235352
737061483000,-0.0010752949165180326,-0.0013478382024914026,0.002366806147620082,-0.7683357000350952,-0.09025073051452637,-9.775411605834961
737068421000,0.00023160572163760662,0.00037584814708679914,-0.0036868785973638296,-0.7851276397705078,0.09039962291717529,-9.770259857177734
737075337000,-0.0010322900488972664,-0.0005749118863604963,0.002365415683016181,-0.7675561904907227,-0.09093812108039856,-9.777277946472168
737082346000,0.0013247805181890726,0.00019215128850191832,0.003074557753279805,-0.7733714580535889,-0.023760050535202026,-9.773011207580566
737096253000,-0.001069872174412012,-0.0003632268635556102,0.0023625819012522697,-0.7703399062156677,-0.08844229578971863,-9.779447555541992
737103142000,0.0010265263263136148,0.0018416540697216988,-0.0005775622557848692,-0.7607332468032837,0.03764694929122925,-9.79998779296875
737110119000,-0.00024437298998236656,0.0014732953859493136,-0.0009455461404286325,-0.7842347025871277,0.013928055763244629,-9.791032791137695
737117053000,-0.00032481661764904857,0.0008833797182887793,-0.0009851822396740317,-0.7827426195144653,0.0011979937553405762,-9.787575721740723
737123976000,0.0001232359791174531,-0.0017293236451223493,0.0027308915741741657,-0.7941501140594482,-0.0662686824798584,-9.763107299804688
737137872000,-0.0008851498132571578,-0.0016176622593775392,0.002538930159062147,-0.7648328542709351,-0.09784737229347229,-9.7734956741333
737144853000,0.00098183483351022,0.0014619501307606697,-0.0007713059894740582,-0.758398175239563,0.04515951871871948,-9.790093421936035
737151736000,-0.0002977370750159025,0.0012190802954137325,-0.0009550279355607927,-0.782099723815918,0.01116412878036499,-9.788479804992676
737158668000,0.00013068073894828558,-0.0012178542092442513,0.002732351887971163,-0.7935649156570435,-0.06548166275024414,-9.761786460876465
737172601000,-0.0010293283266946673,-0.0011956458911299706,0.002367818495258689,-0.7678321599960327,-0.08959189057350159,-9.775792121887207
737179626000,0.0010534697212278843,0.0015445846365764737,-0.0005720598273910582,-0.7574584484100342,0.03773358464241028,-9.791951179504395
737186489000,-0.0002398850629106164,0.0013468170072883368,-0.0009373476495966315,-0.7830333113670349,0.014018982648849487,-9.78935718536377
737193486000,-0.00013945542741566896,-0.0011377081973478198,0.0025471870321780443,-0.7953535318374634,-0.060077548027038574,-9.762033462524414
737207306000,-0.0010213229106739163,-0.0012413612566888332,0.0023601555731147528,-0.7681442499160767,-0.09045624732971191,-9.776342391967773
737214352000,0.0010719078127294779,0.0014867741847410798,-0.0005749444244429469,-0.7575145363807678,0.037601619958877563,-9.792407035827637
737221193000,-0.00021577533334493637,0.001300331554375589,-0.000941854843404144,-0.7829434275627136,0.01401221752166748,-9.789480209350586
737228212000,-8.198432624340057e-05,-0.0011567057808861136,0.0025387497153133154,-0.7952148914337158,-0.060209572315216064,-9.762269973754883
737235101000,0.00019516574684530497,-0.00041832681745290756,-0.003661462804302573,-0.7897235155105591,0.09798869490623474,-9.775421142578125
737249035000,0.0010855933651328087,0.0014971507480368018,-0.0005752171855419874,-0.7573448419570923,0.03754526376724243,-9.79221248626709
737255938000,0.00021533359540626407,-0.0006932495161890984,0.002806947799399495,-0.7956840991973877,-0.051788538694381714,-9.765924453735352
737263041000,2.3803164367564023e-05,-1.7758080502972007e-05,-0.0038404844235628843,-0.7923399209976196,0.10770058631896973,-9.776763916015625
737269817000,-0.0009498507715761662,-0.00113924581091851,0.00253991037607193,-0.7667974829673767,-0.09776908159255981,-9.77691650390625
737276891000,0.0009473887039348483,0.0017540148692205548,-0.0007681446732021868,-0.7594712972640991,0.04495856165885925,-9.795075416564941
737290632000,-0.0001398388994857669,0.0007995623745955527,-0.0007831627153791487,-0.7808292508125305,-0.0038531720638275146,-9.785951614379883
737297710000,-4.049914423376322e-05,-0.0016075423918664455,0.002563239075243473,-0.7956085205078125,-0.05793410539627075,-9.762557983398438
737304581000,0.0002213267725892365,-0.0006647258996963501,-0.003658163594081998,-0.7885085940361023,0.098359614610672,-9.774521827697754
737311583000,-0.0010357819264754653,-0.00144479819573462,0.0023651898372918367,-0.7670779228210449,-0.0902310311794281,-9.77366828918457
737325391000,0.00021732342429459095,-0.0006806721794418991,0.0028052262496203184,-0.7952420711517334,-0.051839232444763184,-9.765743255615234
737332348000,1.7167767509818077e-05,0.00014019249647390097,-0.00383724900893867,-0.7914626002311707,0.1076735258102417,-9.777009963989258
737339311000,-0.0009356404189020395,-0.0010891748825088143,0.0025373150128871202,-0.76728355884552,-0.09778943657875061,-9.776497840881348
737346260000,0.00011502578854560852,0.0006477435817942023,-0.003876119153574109,-0.7877210974693298,0.09786418080329895,-9.773445129394531
737360204000,0.0009824743028730154,0.00201662490144372,-0.0007713562808930874,-0.7613130211830139,0.04530438780784607,-9.797789573669434
737367098000,-8.857925422489643e-05,-0.0003876306291203946,0.002592299599200487,-0.7971435785293579,-0.0502743124961853,-9.766716957092285
737373967000,0.00011589034693315625,0.00010313527309335768,-0.003651432693004608,-0.7913147807121277,0.09891417622566223,-9.780266761779785
737380971000,-0.0010279323905706406,-0.0009911444503813982,0.0023542193230241537,-0.7693603038787842,-0.09061574935913086,-9.778822898864746
737387858000,0.0010616254294291139,0.0014718719758093357,-0.0005810779402963817,-0.7592649459838867,0.03762814402580261,-9.796216011047363
737401821000,-3.21059487760067e-05,-0.0012406149180606008,0.002522096037864685,-0.796343207359314,-0.055959224700927734,-9.763323783874512
737408751000,0.00017289863899350166,-0.0005069643375463784,-0.003661648603156209,-0.7898737192153931,0.09806379675865173,-9.77602481842041
737415790000,-0.0010467693209648132,-0.001371069229207933,0.0023619546554982662,-0.7678239345550537,-0.09048214554786682,-9.775165557861328
737422654000,0.0010812027612701058,0.0015054343966767192,-0.0005775209283456206,-0.756894588470459,0.037471383810043335,-9.79187297821045
737436532000,-6.605812814086676e-05,-0.0011816159822046757,0.002568111289292574,-0.7962881326675415,-0.056355834007263184,-9.762112617492676
737443603000,0.00019540442735888064,-0.0003910278028342873,-0.00365574867464602,-0.7895460724830627,0.09837839007377625,-9.7750825881958
737450500000,-0.001050935941748321,-0.0012335628271102905,0.0023638373240828514,-0.7677326202392578,-0.0902445912361145,-9.775677680969238
737457390000,0.0010674723889678717,0.0015489421784877777,-0.0005776287871412933,-0.7573319673538208,0.03756174445152283,-9.792122840881348
737464347000,-2.6452122256159782e-05,0.0012825627345591784,-0.000740886724088341,-0.7820686101913452,0.009467869997024536,-9.789169311523438
737478212000,0.00018948524666484445,-0.0003259408986195922,-0.0036578478757292032,-0.7894579172134399,0.09838423132896423,-9.776544570922852
737485159000,-0.0010059602791443467,-0.0012451732764020562,0.0023557015229016542,-0.7681694626808167,-0.0904410183429718,-9.77638053894043
737492093000,0.001081775757484138,0.0014962557470425963,-0.0005754464655183256,-0.757474422454834,0.037569135427474976,-9.792637825012207
737499092000,-6.823532748967409e-05,0.0011603616876527667,-0.0007390100508928299,-0.7823621034622192,0.009800225496292114,-9.7884521484375
737506012000,-4.9323891289532185e-05,-0.0011817899066954851,0.0025667690206319094,-0.7960811853408813,-0.056518614292144775,-9.762426376342773
737519875000,-0.0010392579715698957,-0.0012523947516456246,0.0023618079721927643,-0.7675998210906982,-0.09034952521324158,-9.775721549987793
737526852000,0.0010810612002387643,0.0015428069746121764,-0.0005747424438595772,-0.757146954536438,0.03747159242630005,-9.792272567749023
737533826000,-1.4465069398283958e-05,0.0012643270893022418,-0.0007423729985021055,-0.7820349931716919,0.009548038244247437,-9.789080619812012
737540742000,-5.744420923292637e-05,-0.001144896843470633,0.0025677296798676252,-0.796378493309021,-0.05622583627700806,-9.762341499328613
737554621000,-0.001071416074410081,-0.0013405594509094954,0.0023664666805416346,-0.7684468030929565,-0.09011459350585938,-9.775463104248047
737561681000,0.0010650489712134004,0.0014978009276092052,-0.0005734727601520717,-0.757045328617096,0.03718653321266174,-9.79198169708252
737568527000,1.1522788554430008e-06,0.0012471054214984179,-0.0007495534373447299,-0.7819606065750122,0.009490728378295898,-9.789253234863281
737575459000,-4.172767512500286e-05,-0.0011543096043169498,0.002564958995208144,-0.7961858510971069,-0.05628630518913269,-9.762426376342773
737582472000,0.0002019172825384885,-0.0004219604597892612,-0.0036591088864952326,-0.7896878719329834,0.09847435355186462,-9.775653839111328
737596476000,0.0010782723547890782,0.0015338659286499023,-0.0005769683048129082,-0.7570127248764038,0.03756037354469299,-9.792530059814453
737603278000,0.00013239419786259532,-0.0007760654552839696,0.0028163001406937838,-0.7961986064910889,-0.05153551697731018,-9.76476764678955
737610243000,2.912827767431736e-06,9.262391540687531e-05,-0.003834135364741087,-0.7913399934768677,0.10740694403648376,-9.777314186096191
737617213000,-0.0009415190434083343,-0.001098474720492959,0.0025350740179419518,-0.767145574092865,-0.09772533178329468,-9.776830673217773
737631175000,-0.0003056313144043088,0.0013704707380384207,-0.0009553284617140889,-0.7828212976455688,0.011077195405960083,-9.78923511505127
737638175000,-9.122950723394752e-05,0.0008587034535594285,-0.0007920890348032117,-0.7805741429328918,-0.003977596759796143,-9.78663444519043
737645191000,7.615191861987114e-06,-0.0015816004015505314,0.0025525307282805443,-0.7957573533058167,-0.057859212160110474,-9.762791633605957
737652161000,0.00021995522547513247,-0.0008034856873564422,-0.0036573440302163363,-0.7892868518829346,0.09838572144508362,-9.773740768432617
737658879000,-0.0010506062535569072,-0.0014638770371675491,0.002365823369473219,-0.7663954496383667,-0.09014859795570374,-9.773645401000977
737672751000,0.0002171637606807053,-0.0006726258434355259,0.0028086393140256405,-0.7952606081962585,-0.05190318822860718,-9.765674591064453
737679796000,0.00021038425620645285,7.723411545157433e-05,-0.0036352435126900673,-0.7905009388923645,0.10325172543525696,-9.776711463928223
737686641000,-0.00108048552647233,-0.0009991572005674243,0.0023652755189687014,-0.769249677658081,-0.08950266242027283,-9.777152061462402
737693630000,0.00022622098913416266,0.0005979352281428874,-0.0036882897838950157,-0.7859290242195129,0.09038957953453064,-9.773282051086426
737700501000,-0.0010160270612686872,-0.0005113728111609817,0.0023592321667820215,-0.7685325145721436,-0.09098759293556213,-9.778398513793945
737714529000,-4.2076571844518185e-05,-0.0003931006067432463,0.002619636943563819,-0.7983266115188599,-0.04715663194656372,-9.766486167907715
737721444000,0.0001320635637966916,7.524469401687384e-05,-0.0036497986875474453,-0.7913659811019897,0.09941980242729187,-9.780167579650879
737731685000,-0.0010350651573389769,-0.000996511080302298,0.0023580000270158052,-0.7692586779594421,-0.09049519896507263,-9.778996467590332
737738352000,0.0010610270546749234,0.001480097183957696,-0.0005778102786280215,-0.7591642141342163,0.03759944438934326,-9.796273231506348
737742369000,-6.412377115339041e-05,0.0011130963684991002,-0.000736755202524364,-0.7826656103134155,0.009581685066223145,-9.789373397827148
737756150000,0.00018760174862109125,-0.0004827611264772713,-0.0036581833846867085,-0.7896438241004944,0.09851846098899841,-9.77623176574707
737763179000,-0.0010493850568309426,-0.0013804287882521749,0.0023627281188964844,-0.7680280208587646,-0.09031745791435242,-9.775150299072266
737770083000,0.0010787115897983313,0.001498103141784668,-0.0005771506112068892,-0.7568769454956055,0.03742778301239014,-9.791823387145996
737777101000,-5.012797191739082e-05,0.0011755658779293299,-0.0007422345806844532,-0.7823569774627686,0.009700179100036621,-9.788406372070312
737784008000,-4.676624666899443e-05,-0.0011703449999913573,0.0025662726256996393,-0.7960780262947083,-0.05628445744514465,-9.762358665466309
737784008000,-4.676624666899443e-05,-0.0011703449999913573,0.0025662726256996393,-0.7960780262947083,-0.05628445744514465,-9.762358665466309
737784008000,-4.676624666899443e-05,-0.0011703449999913573,0.0025662726256996393,-0.7960780262947083,-0.05628445744514465,-9.762358665466309
737784008000,-4.676624666899443e-05,-0.0011703449999913573,0.0025662726256996393,-0.7960780262947083,-0.05628445744514465,-9.762358665466309
737784008000,-4.676624666899443e-05,-0.0011703449999913573,0.0025662726256996393,-0.7960780262947083,-0.05628445744514465,-9.762358665466309
737784008000,-4.676624666899443e-05,-0.0011703449999913573,0.0025662726256996393,-0.7960780262947083,-0.05628445744514465,-9.762358665466309
737784008000,-4.676624666899443e-05,-0.0011703449999913573,0.0025662726256996393,-0.7960780262947083,-0.05628445744514465,-9.762358665466309
737784008000,-4.676624666899443e-05,-0.0011703449999913573,0.0025662726256996393,-0.7960780262947083,-0.05628445744514465,-9.762358665466309
737856024000,2.450720057822764e-05,-0.00028920883778482676,-0.003392640268430114,-0.7844724655151367,0.07527714967727661,-9.769742012023926
737864125000,0.0010461782803758979,0.0016899923793971539,-0.0002368752466281876,-0.7287043333053589,0.035033077001571655,-9.818326950073242
737870814000,0.0004631481133401394,-0.0008351893629878759,0.00487080542370677,-0.8018984794616699,-0.0833151638507843,-9.754399299621582
737884693000,-0.001208665082231164,-0.0005998610868118703,0.002176473615691066,-0.7732837200164795,-0.07902228832244873,-9.778329849243164
737891601000,5.548656918108463e-05,0.0006480843876488507,-0.0036953426897525787,-0.786569356918335,0.08758217096328735,-9.774984359741211
737898696000,-0.0012380225816741586,-0.00045911758206784725,0.0021543526090681553,-0.7697756290435791,-0.08747559785842896,-9.778531074523926
737905534000,0.0009950343519449234,0.0019435081630945206,-0.0005940789123997092,-0.7581861019134521,0.03374356031417847,-9.797856330871582
737919443000,-0.00035268673673272133,0.0009439312852919102,-0.0009775239741429687,-0.7826287150382996,0.0012779533863067627,-9.787189483642578
737926307000,-3.0114315450191498e-06,-0.0015754027990624309,0.002615300239995122,-0.7948263883590698,-0.06363517045974731,-9.763466835021973
737933343000,0.00026270642410963774,-0.0007581182289868593,-0.0036569014191627502,-0.7894338369369507,0.09925949573516846,-9.775906562805176
737940235000,-0.0009956376161426306,-0.0015305527485907078,0.002360435901209712,-0.767318844795227,-0.09008613228797913,-9.77450942993164
737947307000,0.0010755276307463646,0.0013835964491590858,-0.0005758506595157087,-0.7564328908920288,0.03772246837615967,-9.790509223937988
737961099000,0.0002072542265523225,-2.4573731934651732e-05,-0.003633581567555666,-0.7903561592102051,0.10315918922424316,-9.775470733642578
737961099000,0.0002072542265523225,-2.4573731934651732e-05,-0.003633581567555666,-0.7903561592102051,0.10315918922424316,-9.775470733642578
737977546000,0.0009614797309041023,0.0017237371066585183,-0.0006676584598608315,-0.7620569467544556,0.03416639566421509,-9.787712097167969
737977546000,0.0009614797309041023,0.0017237371066585183,-0.0006676584598608315,-0.7620569467544556,0.03416639566421509,-9.787712097167969
737977546000,0.0009614797309041023,0.0017237371066585183,-0.0006676584598608315,-0.7620569467544556,0.03416639566421509,-9.787712097167969
737977546000,0.0009614797309041023,0.0017237371066585183,-0.0006676584598608315,-0.7620569467544556,0.03416639566421509,-9.787712097167969
738011286000,0.0011777093168348074,0.0014581246068701148,-0.0005540541606023908,-0.7565445899963379,0.04054945707321167,-9.794766426086426
738011286000,0.0011777093168348074,0.0014581246068701148,-0.0005540541606023908,-0.7565445899963379,0.04054945707321167,-9.794766426086426
738011286000,0.0011777093168348074,0.0014581246068701148,-0.0005540541606023908,-0.7565445899963379,0.04054945707321167,-9.794766426086426
738011286000,0.0011777093168348074,0.0014581246068701148,-0.0005540541606023908,-0.7565445899963379,0.04054945707321167,-9.794766426086426
738011286000,0.0011777093168348074,0.0014581246068701148,-0.0005540541606023908,-0.7565445899963379,0.04054945707321167,-9.794766426086426
738011286000,0.0011777093168348074,0.0014581246068701148,-0.0005540541606023908,-0.7565445899963379,0.04054945707321167,-9.794766426086426
738063896000,-0.00024396181106567383,0.0012608785182237625,-0.0009183244546875358,-0.7826610803604126,0.013714790344238281,-9.788331985473633
738064539000,-1.5258905477821827e-05,-0.001049122423864901,0.0024054485838860273,-0.791986882686615,-0.05335983633995056,-9.765958786010742
738079889000,0.001753814984112978,0.00197188020683825,1.3338001735974103e-05,-0.7439696788787842,0.0429246723651886,-9.808328628540039
738086721000,0.0001700167777016759,0.001235593925230205,-0.0009460299625061452,-0.7943093776702881,0.023501276969909668,-9.785573959350586
738093804000,-9.620585478842258e-05,-0.001476311357691884,0.002541663357988,-0.7968605160713196,-0.057730913162231445,-9.76148796081543
738100679000,0.00018398967222310603,-0.0006669385475106537,-0.003662660950794816,-0.7892124652862549,0.09799066185951233,-9.775430679321289
738107561000,-0.0010456586023792624,-0.0014887955039739609,0.002359251957386732,-0.7672897577285767,-0.09039837121963501,-9.774280548095703
738121576000,-0.0010266422759741545,-0.0005722881760448217,0.002362605184316635,-0.7671926021575928,-0.090961754322052,-9.776143074035645
738128351000,0.001319832750596106,0.0002598614082671702,0.003074715146794915,-0.773030161857605,-0.023672282695770264,-9.772775650024414
738135392000,0.00022410921519622207,0.0006922977045178413,-0.0035861891228705645,-0.79188472032547,0.111813485622406,-9.782306671142578
738142325000,-0.0010981573723256588,-0.0003708645235747099,0.0023667814675718546,-0.7703477144241333,-0.08823797106742859,-9.779338836669922
738149326000,0.0010379112791270018,0.001880758092738688,-0.0005830808659084141,-0.7604846358299255,0.03757968544960022,-9.800023078918457
738163240000,-0.0003607093822211027,0.0008881384273990989,-0.00097886030562222,-0.7827296257019043,0.0012202858924865723,-9.787583351135254
738170119000,0.00010178796947002411,-0.0017151437932625413,0.0027339612133800983,-0.7940839529037476,-0.06630289554595947,-9.763205528259277
738177262000,0.00010645773727446795,-0.0008364704553969204,-0.0038538561202585697,-0.7914448976516724,0.10472184419631958,-9.774879455566406
738184317000,-0.000871788477525115,-0.0015616309829056263,0.0024892932269722223,-0.7646996378898621,-0.09714117646217346,-9.773910522460938
738190985000,0.0009562119375914335,0.0014652808895334601,-0.0007712049409747124,-0.7584701180458069,0.044575899839401245,-9.790387153625488
738204867000,0.00010972016025334597,-0.0012260260991752148,0.0027314242906868458,-0.7934820652008057,-0.06541889905929565,-9.761842727661133
738211733000,0.0003119956818409264,-0.0003636413312051445,-0.003651609178632498,-0.7902143001556396,0.10139116644859314,-9.774474143981934
738218775000,-0.0010553498286753893,-0.0012019112473353744,0.0023673241958022118,-0.7679030895233154,-0.08939945697784424,-9.775774955749512
738225793000,0.0010663947323337197,0.0016447831876575947,-0.0005766251124441624,-0.7569237947463989,0.037572234869003296,-9.792932510375977
738232554000,-0.0002116798423230648,0.001365480711683631,-0.0009440445574000478,-0.7834553718566895,0.013966351747512817,-9.789199829101562
738246489000,0.0002005551941692829,-0.0003191443101968616,-0.003662330796942115,-0.789328396320343,0.09735947847366333,-9.776659965515137
738253398000,-0.0010702634463086724,-0.001335727865807712,0.002348347334191203,-0.7685428857803345,-0.08997026085853577,-9.775676727294922
738260367000,0.0010747209889814258,0.0014826016267761588,-0.000576514401473105,-0.7569739818572998,0.037141233682632446,-9.792119979858398
738267272000,1.867697574198246e-05,-0.0006326937582343817,0.002608037553727627,-0.7967096567153931,-0.04740056395530701,-9.766213417053223
738281213000,-0.001094299484975636,-0.0010435633594170213,0.002360618207603693,-0.768628716468811,-0.0902392566204071,-9.777334213256836
738288159000,0.001068853191100061,0.0017107764724642038,-0.0005801145453006029,-0.757533073425293,0.037292540073394775,-9.794957160949707
738295138000,-3.3653341233730316e-05,0.0013188598677515984,-0.0007461541681550443,-0.7826796174049377,0.009557753801345825,-9.789286613464355
738302081000,-0.0002337558544240892,0.0008901979890652001,-0.0009742702241055667,-0.7828617095947266,0.0049860477447509766,-9.786925315856934
738308895000,0.00015234819147735834,-0.0016719751292839646,0.0027290789876133204,-0.7938802242279053,-0.06560617685317993,-9.762502670288086
738322850000,-0.0010252201464027166,-0.00148192688357085,0.002358126686885953,-0.7668994665145874,-0.08942222595214844,-9.773898124694824
738330098000,0.0010720688151195645,0.0014263949124142528,-0.0005738852778449655,-0.7563228011131287,0.037518978118896484,-9.789958000183105
738336726000,-6.563635542988777e-05,-0.0007290402427315712,0.00261746090836823,-0.7967402935028076,-0.04703068733215332,-9.764846801757812
738343696000,0.00010999201913364232,0.00015177266323007643,-0.0036444056313484907,-0.7888059020042419,0.09928703308105469,-9.776155471801758
738357566000,0.0010731687070801854,0.0017203747993335128,-0.0005803400417789817,-0.7581222057342529,0.03755819797515869,-9.795256614685059
738364611000,-3.166845999658108e-05,0.0013233902864158154,-0.0007463916554115713,-0.7826237678527832,0.009577333927154541,-9.789392471313477
738371630000,1.810840331017971e-06,-0.0010700761340558529,0.002554187085479498,-0.7963642477989197,-0.056521832942962646,-9.76367473602295
738378864000,0.00018254612223245203,-0.0005268082022666931,-0.003660692600533366,-0.7907223105430603,0.09868744015693665,-9.77695083618164
738385605000,-0.00106018444057554,-0.0014150104252621531,0.002364544663578272,-0.7677870988845825,-0.09035870432853699,-9.776016235351562
738399459000,-3.1578936614096165e-05,0.0011536363745108247,-0.0007437090971507132,-0.7820472717285156,0.00957903265953064,-9.788637161254883
738406374000,-4.172534681856632e-05,-0.0012056302512064576,0.002564466092735529,-0.7960229516029358,-0.05639198422431946,-9.762262344360352
738413297000,0.00018198185716755688,-0.00039681035559624434,-0.003657734487205744,-0.7892162799835205,0.09855872392654419,-9.775388717651367
738420139000,-0.0010864675277844071,-0.001321975258179009,0.002368783578276634,-0.7678853273391724,-0.09023436903953552,-9.774823188781738
738434198000,-0.000988717656582594,-0.0004757199203595519,0.00235645635984838,-0.7673866748809814,-0.09104162454605103,-9.777993202209473
738441176000,0.001319804578088224,0.00019948300905525684,0.003070742590352893,-0.7738484144210815,-0.02356398105621338,-9.77344036102295
738447901000,0.00021343445405364037,0.0006829971680417657,-0.0035939468070864677,-0.791662335395813,0.11192673444747925,-9.78280258178711
738454762000,-0.001060299575328827,-0.0003715106286108494,0.0023606682661920786,-0.7703425884246826,-0.0885343849658966,-9.779576301574707
738468672000,-2.7397414669394493e-05,0.001395513187162578,-0.0007495826575905085,-0.7832221984863281,0.009451955556869507,-9.790953636169434
738475620000,-0.00024471303913742304,0.0008617639541625977,-0.0009713007020764053,-0.783641517162323,0.00498083233833313,-9.78793716430664
738482592000,0.0001367460936307907,-0.0017534595681354403,0.0027293700259178877,-0.7944234013557434,-0.06553620100021362,-9.763236999511719
738489509000,0.00028072253917343915,-0.0008596179541200399,-0.003738983767107129,-0.7902440428733826,0.1031181812286377,-9.77558708190918
738496602000,-0.001134958234615624,-0.0016266147140413523,0.002273263642564416,-0.7676897644996643,-0.08893737196922302,-9.773381233215332
738510455000,-0.0002648980589583516,0.0012239766074344516,-0.0009585227235220373,-0.7819926142692566,0.009838700294494629,-9.788127899169922
738517412000,0.0001470119459554553,-0.001216418924741447,0.002728512044996023,-0.7935315370559692,-0.06539678573608398,-9.76174259185791
738524337000,9.383754513692111e-05,-0.0003310258616693318,-0.0038476409390568733,-0.7913804054260254,0.10607203841209412,-9.774291038513184
738531215000,-0.0008741474011912942,-0.001239051460288465,0.002533751307055354,-0.7655056118965149,-0.09784206748008728,-9.775146484375
738545144000,-0.0002685760846361518,0.0013643319252878428,-0.0009569080430082977,-0.7826343774795532,0.010930448770523071,-9.789088249206543
738551996000,-9.926792699843645e-05,-0.0011216631392017007,0.0025344074238091707,-0.7952135801315308,-0.06066393852233887,-9.762271881103516
738558923000,0.00019423189223743975,-0.00032266194466501474,-0.003661898197606206,-0.7895073890686035,0.09784895181655884,-9.776666641235352
738566027000,-0.001074604457244277,-0.0013444919604808092,0.002366446191444993,-0.768513023853302,-0.09028080105781555,-9.77556037902832
738579837000,-0.00023096229415386915,0.0013005657820031047,-0.0009412532090209424,-0.7828807830810547,0.014099985361099243,-9.789459228515625
738586717000,-7.952633313834667e-05,-0.0011435325723141432,0.00253860536031425,-0.7951504588127136,-0.06030094623565674,-9.762246131896973
738593831000,0.00019463125499896705,-0.00041403534123674035,-0.003662295639514923,-0.7897368669509888,0.09771212935447693,-9.77527904510498
738600659000,-0.0010211459593847394,-0.0012330182362347841,0.0023467200808227062,-0.7674946188926697,-0.0902596116065979,-9.776161193847656
738607566000,0.0010638164822012186,0.0015073369722813368,-0.0005755666643381119,-0.7573298215866089,0.03744611144065857,-9.792274475097656
738621476000,2.1433530491776764e-05,8.309220720548183e-05,-0.0038394092116504908,-0.7918275594711304,0.10705801844596863,-9.77786922454834
738628524000,-0.0009069559164345264,-0.0011126500321552157,0.0025089557748287916,-0.767325758934021,-0.09749260544776917,-9.776984214782715
738635418000,0.000945426058024168,0.0016032741405069828,-0.0007761958404444158,-0.7603058815002441,0.04483330249786377,-9.794205665588379
738642355000,-0.0003055341076105833,0.0013323836028575897,-0.0009559848112985492,-0.7822481393814087,0.0109158456325531,-9.789652824401855
738656215000,-2.082961145788431e-05,-0.0016034237341955304,0.0025597750209271908,-0.7954604625701904,-0.05803629755973816,-9.762585639953613
738663290000,0.00022064702352508903,-0.0007477555191144347,-0.0036631340626627207,-0.7889361381530762,0.09849920868873596,-9.773411750793457
738670157000,-0.0010858367895707488,-0.0014529768377542496,0.0023726390209048986,-0.7666171789169312,-0.09015312790870667,-9.773221969604492
738677071000,0.0010797260329127312,0.0015898339916020632,-0.0005754060694016516,-0.7556892037391663,0.03739842772483826,-9.790892601013184
738684038000,0.00021823140559718013,-0.0006319154636003077,0.0028062891215085983,-0.7957322597503662,-0.05183267593383789,-9.765413284301758
738697972000,-0.0009413498919457197,-0.0010870307451114058,0.002538566244766116,-0.7671470046043396,-0.09786742925643921,-9.776732444763184
738704862000,0.0009574074065312743,0.0017514554783701897,-0.0007704943418502808,-0.7596843242645264,0.04496574401855469,-9.795197486877441
738711825000,-0.0003282018005847931,0.001371418358758092,-0.0009539650054648519,-0.7827411890029907,0.011179149150848389,-9.789290428161621
738718715000,-9.134103311225772e-05,0.0008677036385051906,-0.0007951968000270426,-0.7804752588272095,-0.00403323769569397,-9.786728858947754
738732669000,0.00021783568081445992,-0.0007856049342080951,-0.003660280490294099,-0.7891232967376709,0.09843742847442627,-9.773934364318848
738739678000,-0.00105458649341017,-0.001468644943088293,0.0023676869459450245,-0.766442060470581,-0.09022164344787598,-9.773685455322266
738746616000,0.0010767815401777625,0.001444100635126233,-0.0005767696420662105,-0.7562505006790161,0.037533849477767944,-9.7898588180542
738753592000,0.00021263386588543653,-0.0006770975887775421,0.002808614168316126,-0.7951048016548157,-0.05185672640800476,-9.7658109664917
738760490000,0.00017483416013419628,0.0001097114582080394,-0.0037219482474029064,-0.7903587222099304,0.10484680533409119,-9.777022361755371
738768283000,-0.001145411399193108,-0.0009650808060541749,0.0022656251676380634,-0.7693625092506409,-0.08905693888664246,-9.77725887298584
738779279000,-0.0009517147555015981,-0.0008313662838190794,0.0032927279826253653,-0.7612507343292236,-0.13254348933696747,-9.774711608886719
738786041000,0.001315280795097351,0.002369311172515154,-0.000700107601005584,-0.758799135684967,0.05413559079170227,-9.802815437316895
738799951000,0.00013906348613090813,-8.318544132634997e-06,-0.003655955893918872,-0.7921946048736572,0.09981131553649902,-9.779722213745117
738806855000,-0.0010920525528490543,-0.0011631273664534092,0.002363460836932063,-0.7695528268814087,-0.09030899405479431,-9.77847957611084
738813785000,0.001073174295015633,0.0014364751987159252,-0.0005787353729829192,-0.7584452629089355,0.037309467792510986,-9.796219825744629
738820712000,-0.0002590779331512749,0.001133127138018608,-0.0009415385429747403,-0.7836689949035645,0.014193594455718994,-9.789558410644531
738827732000,-0.00030246953247115016,0.0006951539544388652,-0.000984062673524022,-0.781710147857666,0.0010359883308410645,-9.78635311126709
738841570000,0.00012220616918057203,-0.0007036671740934253,-0.0038505960255861282,-0.7900129556655884,0.10595753788948059,-9.77292251586914
738848544000,-0.0008682478219270706,-0.0014878391521051526,0.0025363487657159567,-0.7645924687385559,-0.09779182076454163,-9.772333145141602
738855452000,0.0009763588896021247,0.0015439052367582917,-0.0007686810567975044,-0.7584089040756226,0.04520469903945923,-9.78971004486084
738862437000,-6.644951645284891e-05,-0.0006047646165825427,0.002589066047221422,-0.7955408096313477,-0.050345033407211304,-9.765549659729004
738876252000,-0.0010332204401493073,-0.0008998982375487685,0.0023561997804790735,-0.7688553333282471,-0.09058544039726257,-9.777615547180176
738883270000,0.0010741398436948657,0.0017249038210138679,-0.0005806069239042699,-0.7581226825714111,0.037549734115600586,-9.795419692993164
738890154000,-4.70518134534359e-05,0.0013167101424187422,-0.0007438571774400771,-0.7826886773109436,0.009625226259231567,-9.789353370666504
738897190000,-1.2983684428036213e-05,-0.0010745510226115584,0.002555892802774906,-0.7963641285896301,-0.056511759757995605,-9.763651847839355
738911014000,-0.0010411450639367104,-0.0014269844396039844,0.0023567292373627424,-0.7684721350669861,-0.09029427170753479,-9.776052474975586
738917972000,0.0010654948418959975,0.0014667540090158582,-0.0005774113233201206,-0.7565767765045166,0.03750652074813843,-9.79280948638916
738924868000,-1.1918251402676105e-05,0.0011200846638530493,-0.0007482603541575372,-0.782349705696106,0.009495317935943604,-9.78833293914795
738931958000,-6.897340063005686e-05,-0.0012850317871198058,0.0025663028936833143,-0.7962077856063843,-0.05622130632400513,-9.76175308227539
738945807000,-0.001085498253814876,-0.0012959858868271112,0.0023685358464717865,-0.7675796747207642,-0.09021210670471191,-9.77472972869873
738952703000,0.0002433682093396783,0.0005445918068289757,-0.003687710966914892,-0.7845539450645447,0.09031632542610168,-9.771000862121582
738959685000,-0.0010522010270506144,-0.0005730105331167579,0.0023659414146095514,-0.7686353921890259,-0.08946701884269714,-9.777030944824219
738966687000,0.001292664441280067,0.00025901763001456857,0.003012297675013542,-0.7731680870056152,-0.022695690393447876,-9.773412704467773
738973619000,0.00020306254737079144,0.0006596884923055768,-0.0036009722389280796,-0.7920898199081421,0.11105978488922119,-9.782084465026855
738987551000,0.001039620372466743,0.001872533350251615,-0.0005833192844875157,-0.7605835795402527,0.03756174445152283,-9.800199508666992
738994516000,-0.00027334829792380333,0.0014675650745630264,-0.0009392147185280919,-0.7844045758247375,0.013930261135101318,-9.790848731994629
739001456000,-0.00035044545074924827,0.0008746110834181309,-0.0009807113092392683,-0.7828302383422852,0.0012024641036987305,-9.787520408630371
739008328000,0.00010423059575259686,-0.0017198518617078662,0.0027325798291713,-0.7940492630004883,-0.06625249981880188,-9.763236045837402
739022243000,-0.0003465285408310592,0.00014444979024119675,-0.0009536180878058076,-0.7816458344459534,0.011763989925384521,-9.787692070007324
739029326000,-0.0001361148606520146,-0.00016346978372894228,-0.0007846785592846572,-0.7791481018066406,-0.004050254821777344,-9.78298282623291
739036152000,2.063671126961708e-05,-0.0022144189570099115,0.002555812941864133,-0.7934302091598511,-0.05818554759025574,-9.7584867477417
739043061000,0.0002254461869597435,-0.0007776137790642679,-0.0036543107125908136,-0.7853232622146606,0.09848883748054504,-9.764796257019043
739050100000,-0.0010577496141195297,-0.0011380866635590792,0.0023694809060543776,-0.7645406723022461,-0.09008029103279114,-9.768594741821289
739063935000,-0.0010213697096332908,-0.00016274466179311275,0.002361196093261242,-0.7677199840545654,-0.09084907174110413,-9.777328491210938
739063935000,-0.0010213697096332908,-0.00016274466179311275,0.002361196093261242,-0.7677199840545654,-0.09084907174110413,-9.777328491210938
739080025000,-0.0018094077240675688,-0.00045440741814672947,0.004269616678357124,-0.7651485204696655,-0.1756347268819809,-9.772218704223633
739086873000,0.0019856123253703117,0.002694850554689765,8.284105570055544e-05,-0.7482017278671265,0.04921156167984009,-9.814659118652344
739093913000,-5.576934199780226e-05,0.0015955487033352256,-0.0011412387248128653,-0.7985308170318604,0.03048291802406311,-9.787418365478516
739100736000,-0.00035973091144114733,0.000677074771374464,-0.0010063053341582417,-0.7835955619812012,-0.00012433528900146484,-9.788115501403809
739114652000,-1.282012090086937e-05,-0.002444562502205372,0.002561695408076048,-0.7955285310745239,-0.05792868137359619,-9.762067794799805
739121572000,0.00021703302627429366,-0.0011789960553869605,-0.0036564539186656475,-0.7864910364151001,0.09847784042358398,-9.76975154876709
739128672000,-0.0010148484725505114,-0.0016131759621202946,0.0023651900701224804,-0.7650057077407837,-0.09034261107444763,-9.769115447998047
739135441000,0.00046272139297798276,-0.0013771004742011428,-2.840311935869977e-05,-0.7980536222457886,0.029225319623947144,-9.743208885192871
739142392000,0.00039752875454723835,0.00367463449947536,0.002347473753616214,-0.7017900943756104,-0.03208467364311218,-9.831822395324707
739156277000,-0.0010498075280338526,-0.0007689558551646769,0.002340565901249647,-0.7698580622673035,-0.09206488728523254,-9.779156684875488
739163284000,0.00025073718279600143,0.0004126301209907979,-0.003696995787322521,-0.7883341312408447,0.09019795060157776,-9.779472351074219
739170174000,-0.0009822265710681677,-0.0008126653847284615,0.002349983900785446,-0.7692087888717651,-0.0910390317440033,-9.779905319213867
739177109000,0.0010958738857880235,0.001579576637595892,-0.0005805030232295394,-0.7594825625419617,0.03762534260749817,-9.797393798828125
739190996000,0.00013104570098221302,-0.00020591073553077877,-0.003651401260867715,-0.7910671830177307,0.09945154190063477,-9.778120994567871
739198083000,-0.0010263078147545457,-0.0011718057794496417,0.0023573306389153004,-0.7685920000076294,-0.09056487679481506,-9.778341293334961
739204882000,0.0010509102139621973,0.0014288341626524925,-0.0005800892831757665,-0.7583475112915039,0.03773483633995056,-9.793444633483887
739211898000,-7.28159211575985e-05,0.0011231075040996075,-0.0007363655604422092,-0.7822595834732056,0.009501099586486816,-9.789323806762695
739218825000,-3.565929364413023e-05,-0.0012226746184751391,0.0025500014889985323,-0.796237587928772,-0.05631032586097717,-9.76303482055664
739232772000,-0.0010752035304903984,-0.0013366853818297386,0.0023658927530050278,-0.767694890499115,-0.09025067090988159,-9.77511215209961
739239619000,0.0010655723745003343,0.0015347556909546256,-0.0005748428520746529,-0.7568176984786987,0.03742459416389465,-9.791922569274902
739246908000,-1.7239945009350777e-06,0.0012670722790062428,-0.0007458229665644467,-0.7820444703102112,0.009439677000045776,-9.789389610290527
739253556000,-4.551385063678026e-05,-0.001167900743894279,0.002565976930782199,-0.7965526580810547,-0.05625215172767639,-9.762364387512207
739267452000,-0.0010375278070569038,-0.0012849986087530851,0.0023608789779245853,-0.767819881439209,-0.09037727117538452,-9.77584457397461
739274355000,0.0010791575768962502,0.001521051162853837,-0.0005757178296335042,-0.7570885419845581,0.03749719262123108,-9.792479515075684
739281347000,-8.042703848332167e-05,0.001166974427178502,-0.0007344520417973399,-0.782374382019043,0.009775221347808838,-9.788516998291016
739288254000,-7.081008516252041e-05,-0.0011808424023911357,0.002567596035078168,-0.7960824966430664,-0.05640372633934021,-9.762527465820312
739295281000,0.0002016108192037791,-0.0004152849141974002,-0.003657601773738861,-0.789546549320221,0.09833967685699463,-9.775367736816406
739309065000,0.0010782786412164569,0.0014951825141906738,-0.0005759733612649143,-0.7573927640914917,0.03755500912666321,-9.792088508605957
739316041000,-2.5375746190547943e-05,0.001244714017957449,-0.0007420944748446345,-0.7818292379379272,0.009572505950927734,-9.789372444152832
739322987000,-3.671366721391678e-05,-0.0011529374169185758,0.0025646251160651445,-0.7962672710418701,-0.05635493993759155,-9.762543678283691
739330020000,0.0001903786906041205,-0.000437997019616887,-0.003659329377114773,-0.789768636226654,0.0985707938671112,-9.775738716125488
739336852000,-0.0010111307492479682,-0.0012578711612150073,0.0023564337752759457,-0.7674624919891357,-0.09043604135513306,-9.776305198669434
739350795000,0.00014980696141719818,-0.000781484239269048,0.002812240505591035,-0.7959438562393188,-0.051631003618240356,-9.765185356140137
739357681000,1.4728226233273745e-05,8.046806033235043e-05,-0.0038389135152101517,-0.7913721799850464,0.10744825005531311,-9.777451515197754
739364703000,-0.0009342391276732087,-0.001128632458858192,0.002535678446292877,-0.7672067880630493,-0.09782218933105469,-9.77678394317627
739371571000,0.0009691027225926518,0.0016568063292652369,-0.0007755139376968145,-0.7599833011627197,0.044969648122787476,-9.794353485107422
739378621000,-0.0003326816949993372,0.0013369654770940542,-0.0009529772796668112,-0.7824443578720093,0.011175036430358887,-9.789460182189941
739392435000,-3.575696609914303e-06,-0.0015937034040689468,0.0025536397006362677,-0.7958037257194519,-0.057896167039871216,-9.762571334838867
739399375000,0.0002285933878738433,-0.0007705220486968756,-0.0036607226356863976,-0.7890393733978271,0.09840860962867737,-9.773910522460938
739406289000,-0.0010593585902824998,-0.001480449573136866,0.0023691137321293354,-0.7666122913360596,-0.09015956521034241,-9.773542404174805
739413319000,0.0010732491500675678,0.0015585420187562704,-0.0005715704173780978,-0.7556521892547607,0.03746458888053894,-9.791131019592285
739427201000,0.00022322362929116935,7.50917533878237e-05,-0.0036375694908201694,-0.7901132106781006,0.10299220681190491,-9.77670955657959
739434153000,-0.0010895930463448167,-0.0010128106223419309,0.00236572721041739,-0.7692663073539734,-0.08942857384681702,-9.77716064453125
739441040000,0.00022477307356894016,0.0006111076800152659,-0.0036892893258482218,-0.7857624888420105,0.09037122130393982,-9.773506164550781
739448065000,-0.0010097173508256674,-0.0005077352398075163,0.0023566684685647488,-0.7685613632202148,-0.09100693464279175,-9.778465270996094
739461880000,-3.088032826781273e-05,-0.00038624275475740433,0.00261324318125844,-0.7980538606643677,-0.04715847969055176,-9.76689624786377
739468815000,0.00013116493937559426,8.156258263625205e-05,-0.003651166334748268,-0.7913122177124023,0.09940895438194275,-9.780341148376465
739475766000,-0.001018185866996646,-0.001000857213512063,0.0023537694942206144,-0.7692985534667969,-0.09054946899414062,-9.779025077819824
739482727000,0.0010607907315716147,0.0014447512803599238,-0.0005792341544292867,-0.7592849731445312,0.037649691104888916,-9.796204566955566
739496829000,-1.3634562492370605e-05,-0.0012583115603774786,0.0025589733850210905,-0.7960863709449768,-0.056126147508621216,-9.763391494750977
739503594000,0.00018993281992152333,-0.0005072579369880259,-0.00363922119140625,-0.7897133231163025,0.09831121563911438,-9.776135444641113
739510539000,-0.001035537337884307,-0.001393358688801527,0.0023604966700077057,-0.7680172920227051,-0.09005728363990784,-9.775050163269043
739517512000,0.0010654988000169396,0.0015210468554869294,-0.0005770104471594095,-0.7565798759460449,0.037593692541122437,-9.792238235473633
739524437000,-3.237638156861067e-05,0.0011581066064536572,-0.0007422382477670908,-0.7825369834899902,0.009527415037155151,-9.788116455078125
739538316000,0.0001874654262792319,-0.00041689813951961696,-0.00365865183994174,-0.7896153926849365,0.09861919283866882,-9.775192260742188
739545306000,-0.0010727859335020185,-0.0013091482687741518,0.0023671998642385006,-0.7678859233856201,-0.09026309847831726,-9.774956703186035
739552204000,0.0010652069468051195,0.0015212856233119965,-0.0005778896738775074,-0.7570064067840576,0.03751271963119507,-9.791606903076172
739559179000,-2.8025824576616287e-05,0.0012903109891340137,-0.0007418189779855311,-0.7818100452423096,0.009474605321884155,-9.78933048248291
739573053000,0.00018772674957290292,-0.00032981554977595806,-0.003658534027636051,-0.7894384860992432,0.09842157363891602,-9.77643871307373
739580121000,-0.00102285947650671,-0.0012546550715342164,0.0023573925718665123,-0.7681149244308472,-0.0903952419757843,-9.776260375976562
739586958000,0.001080348389223218,0.0014912483748048544,-0.0005761886131949723,-0.7573840618133545,0.0375216007232666,-9.792479515075684
739593904000,-6.233225576579571e-05,0.0011794962920248508,-0.0007393372943624854,-0.7821603417396545,0.009748786687850952,-9.788678169250488
739607743000,0.00018790035392157733,-0.0004467002290766686,-0.0036561868619173765,-0.7897046804428101,0.09846484661102295,-9.775101661682129
739614734000,-0.0010265290038660169,-0.0012258675415068865,0.0023595187813043594,-0.7672737240791321,-0.09036979079246521,-9.776110649108887
739621677000,0.0010794132249429822,0.0015163422795012593,-0.0005758596234954894,-0.7573503255844116,0.03753507137298584,-9.792173385620117
739628612000,0.00021552579710260034,-0.000662672275211662,0.002806643722578883,-0.7956117987632751,-0.051834166049957275,-9.766057014465332
739635604000,2.5127665139734745e-06,6.37753983028233e-05,-0.0038385356310755014,-0.792106032371521,0.10778701305389404,-9.77773666381836
739649493000,0.0009704176336526871,0.0016479260521009564,-0.0007754851249046624,-0.7600544691085815,0.04497501254081726,-9.79443073272705
739656357000,-0.0003191080177202821,0.0013389362720772624,-0.0009541917243041098,-0.7824324369430542,0.011124968528747559,-9.789495468139648
739663571000,-0.00016908231191337109,0.0007728513446636498,-0.000777896901126951,-0.7807661890983582,-0.003811091184616089,-9.785738945007324
739670252000,-3.0390918254852295e-05,-0.0015929366927593946,0.0025561293587088585,-0.7954205274581909,-0.05796441435813904,-9.762655258178711
739677460000,0.00022884708596393466,-0.0006487495265901089,-0.0036599156446754932,-0.7884800434112549,0.09828445315361023,-9.77447509765625
739691266000,0.0010881236521527171,0.0015744605334475636,-0.0005764997331425548,-0.7556596994400024,0.037381768226623535,-9.791194915771484
739698109000,0.00015309726586565375,-0.0007428594399243593,0.002815990475937724,-0.7961745262145996,-0.05158776044845581,-9.764439582824707
739705191000,0.00022075141896493733,6.752132321707904e-05,-0.0036379185039550066,-0.7902333736419678,0.1029900312423706,-9.776575088500977
739712241000,-0.001017425092868507,-0.0009258255595341325,0.002355444012209773,-0.7688931226730347,-0.08969777822494507,-9.77804946899414
739719090000,0.00021215877495706081,0.0005176443955861032,-0.0036861980333924294,-0.7866758704185486,0.0906381607055664,-9.772993087768555
739733020000,0.0010948958806693554,0.0019706422463059425,-0.0005808028508909047,-0.7589598894119263,0.03758251667022705,-9.797478675842285
739739919000,-2.0683277398347855e-05,-0.0003747956361621618,0.0026160702109336853,-0.7980632781982422,-0.04724252223968506,-9.766814231872559
739746990000,0.00011710956459864974,8.82347667356953e-05,-0.0036492631770670414,-0.7913916110992432,0.09956106543540955,-9.780210494995117
739753778000,-0.0010343388421460986,-0.0010006232187151909,0.0023561418056488037,-0.7693752646446228,-0.09054681658744812,-9.778806686401367
739760815000,0.0010784895857796073,0.0014616840053349733,-0.0005830619484186172,-0.7592476606369019,0.03755652904510498,-9.796073913574219
739774652000,-4.3186708353459835e-05,-0.0012549229431897402,0.002563094487413764,-0.7964044809341431,-0.05645754933357239,-9.763043403625488
739781654000,0.0001912532898131758,-0.0005160196451470256,-0.003659592941403389,-0.7898882627487183,0.09851160645484924,-9.775918006896973
739788490000,-0.001044456847012043,-0.0013739299029111862,0.0023621241562068462,-0.7678279876708984,-0.09033700823783875,-9.775236129760742
739795297000,0.0010797701543197036,0.0015159840695559978,-0.0005785778630524874,-0.756807804107666,0.03751182556152344,-9.792017936706543
739809381000,-4.865985829383135e-05,-0.0011666498612612486,0.0025645585265010595,-0.7961825132369995,-0.056428611278533936,-9.762321472167969
739816384000,0.00019112625159323215,-0.00041016199975274503,-0.003658828092738986,-0.7897149324417114,0.09849321842193604,-9.7750244140625
739823235000,-0.0010195220820605755,-0.0012151965638622642,0.002359196078032255,-0.767518937587738,-0.09042099118232727,-9.77591609954834
739830429000,0.0010650947224348783,0.0015079936711117625,-0.0005786250112578273,-0.7576167583465576,0.03769460320472717,-9.79190731048584
739837150000,-2.387876156717539e-05,0.0012740996899083257,-0.0007424428476952016,-0.7818858027458191,0.009452342987060547,-9.789318084716797
739851093000,0.00020193704403936863,-0.00033261330099776387,-0.003659589448943734,-0.7894988059997559,0.0984700620174408,-9.776610374450684
739858000000,-0.001075919484719634,-0.0013393689878284931,0.002365842927247286,-0.7687387466430664,-0.08831250667572021,-9.775528907775879
739865152000,0.0010622675763443112,0.0015000059502199292,-0.0005901390686631203,-0.7572505474090576,0.037672847509384155,-9.791202545166016
739872088000,-4.963728133589029e-05,0.0012702777748927474,-0.0007424394134432077,-0.7815237045288086,0.009412199258804321,-9.789420127868652
739879125000,-6.543996278196573e-05,-0.0011295212898403406,0.0025667641311883926,-0.7963436245918274,-0.05638059973716736,-9.762285232543945
739892896000,-0.001020608120597899,-0.0012588865356519818,0.002357139717787504,-0.7681934833526611,-0.09037703275680542,-9.776127815246582
739899887000,0.0010701657738536596,0.0015065643237903714,-0.0005776839097961783,-0.7573086023330688,0.03761136531829834,-9.792557716369629
739906572000,-7.071997970342636e-05,0.001170016941614449,-0.0007381787290796638,-0.7822877168655396,0.009698331356048584,-9.788423538208008
739914106000,-4.492839798331261e-05,-0.0011614635586738586,0.002565443981438875,-0.7959749698638916,-0.05652239918708801,-9.762545585632324
739927613000,-0.001019999268464744,-0.0012314682826399803,0.002359627978876233,-0.7674222588539124,-0.09013184905052185,-9.77602481842041
739934650000,0.0010641159024089575,0.0015081719029694796,-0.0005765135865658522,-0.7574153542518616,0.03767314553260803,-9.79197883605957
739941447000,-2.7566449716687202e-05,0.0012669460847973824,-0.0007428304525092244,-0.7817426919937134,0.009512186050415039,-9.789274215698242
739948271000,-3.3831107430160046e-05,-0.0011273662094026804,0.0025649541057646275,-0.796240508556366,-0.05640336871147156,-9.762463569641113
739955406000,0.0001887934486148879,-0.00034286858863197267,-0.0036550001241266727,-0.7894229888916016,0.0985344648361206,-9.776638984680176
739969288000,0.0010784473270177841,0.0014840959338471293,-0.0005751850549131632,-0.7569417357444763,0.037354856729507446,-9.791938781738281
739976160000,0.00020280329044908285,-0.0006988561945036054,0.002808335702866316,-0.7955900430679321,-0.051787614822387695,-9.76584529876709
739983180000,2.6426423573866487e-06,9.137233428191394e-05,-0.0038378406316041946,-0.7917289733886719,0.10773420333862305,-9.777688026428223
739990112000,-0.0009132587583735585,-0.0011108642211183906,0.0025325422175228596,-0.7672150135040283,-0.09793680906295776,-9.77678394317627
739997198000,0.000971494591794908,0.0016290911007672548,-0.0007762070163153112,-0.7602301836013794,0.04503387212753296,-9.794174194335938
740010882000,-0.00014637858839705586,0.0007949708960950375,-0.0007830722024664283,-0.7806726098060608,-0.003869473934173584,-9.785897254943848
740017881000,-3.7658377550542355e-05,-0.0015938329743221402,0.002562298672273755,-0.7954633831977844,-0.05797243118286133,-9.762540817260742
740024815000,0.00021601159824058414,-0.0006578129250556231,-0.003658476285636425,-0.7884976267814636,0.09839501976966858,-9.774351119995117
740031764000,-0.0010485193924978375,-0.0014434915501624346,0.0023666219785809517,-0.767054557800293,-0.09021764993667603,-9.773490905761719
740038708000,0.0010790139203891158,0.0015444172313436866,-0.000575668818783015,-0.7559274435043335,0.03751751780509949,-9.79096508026123
740052642000,0.00020736105216201395,6.245102849788964e-05,-0.0036334614269435406,-0.7902998924255371,0.10309630632400513,-9.776626586914062
740059556000,-0.0010244238656014204,-0.0009321456309407949,0.0023560156114399433,-0.7688929438591003,-0.08967173099517822,-9.777945518493652
740066302000,0.00022604299010708928,0.0005002430407330394,-0.003693640697747469,-0.7867187261581421,0.09064266085624695,-9.77269458770752
740073223000,-0.0010069860145449638,-0.0005164961330592632,0.002357032150030136,-0.7680394649505615,-0.09108883142471313,-9.778883934020996
740080534000,0.0010964684188365936,0.0019820271991193295,-0.0005811479641124606,-0.7589472532272339,0.037600040435791016,-9.79755687713623
740094100000,0.00012152119597885758,9.073913679458201e-05,-0.0036488377954810858,-0.7912945747375488,0.09948086738586426,-9.780230522155762
740101030000,-0.0010261652059853077,-0.0009858391713351011,0.002355586038902402,-0.7692832946777344,-0.09055382013320923,-9.778924942016602
740107924000,0.0010650469921529293,0.0014626338379457593,-0.000582024164032191,-0.759284257888794,0.03765568137168884,-9.79611873626709
740114958000,-8.261960465461016e-05,0.0010910372948274016,-0.0007343731122091413,-0.7826652526855469,0.009602934122085571,-9.789196968078613
740128788000,0.00018814890063367784,-0.0005001057870686054,-0.003659816225990653,-0.7898621559143066,0.09859329462051392,-9.776046752929688
740135735000,-0.0010513250017538667,-0.0013756604166701436,0.0023624892346560955,-0.7678914070129395,-0.0903228223323822,-9.775176048278809
740142646000,0.0010797522263601422,0.001516043907031417,-0.0005783757078461349,-0.7567682862281799,0.037475377321243286,-9.791980743408203
740149627000,-5.2028102800250053e-05,0.0011812873417511582,-0.0007415321306325495,-0.7823830246925354,0.009688407182693481,-9.788324356079102
740156575000,-7.200974505394697e-05,-0.0011842998210340738,0.00256813270971179,-0.7962334156036377,-0.05635783076286316,-9.762085914611816
740170433000,-0.0010459704790264368,-0.001218779245391488,0.0023623432498425245,-0.7676115036010742,-0.09026667475700378,-9.775766372680664
740177423000,0.001078540924936533,0.0015549652744084597,-0.0005789395072497427,-0.7574498653411865,0.03731265664100647,-9.792119979858398
740184389000,-3.0232477001845837e-05,0.0012693292228505015,-0.0007445741794072092,-0.7822017669677734,0.0095805823802948,-9.789102554321289
740191337000,-7.575436029583216e-05,-0.0011335179442539811,0.0025664677377790213,-0.7963056564331055,-0.05621764063835144,-9.762446403503418
740205189000,-0.0010104910470545292,-0.0012449957430362701,0.002355877310037613,-0.767977237701416,-0.09042221307754517,-9.776384353637695
740212162000,0.0010802290635183454,0.001498818164691329,-0.0005758131155744195,-0.7574158906936646,0.037560731172561646,-9.792564392089844
740219108000,-7.373443804681301e-05,0.0011654264526441693,-0.000738710630685091,-0.782299280166626,0.00981190800666809,-9.788451194763184
740226069000,-6.644276436418295e-05,-0.0011859075166285038,0.002568818163126707,-0.7960734367370605,-0.0564819872379303,-9.762309074401855
740233274000,0.0001920635113492608,-0.0004078964120708406,-0.0036586688365787268,-0.7895041108131409,0.09845545887947083,-9.775260925292969
740246888000,0.0010650953045114875,0.0015332658076658845,-0.0005744087393395603,-0.7572532892227173,0.037607342004776,-9.792242050170898
740253825000,-1.9475817680358887e-05,0.0012680807849392295,-0.0007423619972541928,-0.7819269299507141,0.009493142366409302,-9.78913402557373
740261010000,-5.901698023080826e-05,-0.0011435861233621836,0.0025681995321065187,-0.7963403463363647,-0.05625668168067932,-9.762319564819336
740267751000,0.0001913082815008238,-0.0003407816693652421,-0.0036547628697007895,-0.7893522381782532,0.09842532873153687,-9.776510238647461
740281861000,0.0010676238453015685,0.0015136570436879992,-0.0005737008759751916,-0.7567850351333618,0.03736460208892822,-9.792074203491211
740288785000,0.0002128281630575657,-0.0006658319034613669,0.0028071138076484203,-0.7955996990203857,-0.05186626315116882,-9.765985488891602
740295813000,1.5807076124474406e-05,6.711679452564567e-05,-0.00383954681456089,-0.7920520305633545,0.10772073268890381,-9.777528762817383
740302642000,-0.0009125249926000834,-0.0011034734779968858,0.002532706828787923,-0.7670601606369019,-0.09789180755615234,-9.777063369750977
740309535000,0.0009697922505438328,0.0016317134723067284,-0.0007759862928651273,-0.7602735161781311,0.045045554637908936,-9.7942533493042
740323483000,-7.861299673095345e-05,0.0008647864451631904,-0.0007936164038255811,-0.78034508228302,-0.004128992557525635,-9.7866849899292
740330532000,1.0876101441681385e-05,-0.0015790365869179368,0.0025523067452013493,-0.7957761287689209,-0.057867467403411865,-9.76258659362793
740337174000,0.00022388104116544127,-0.0007898941985331476,-0.0036637638695538044,-0.7892323732376099,0.09854471683502197,-9.773569107055664
740344370000,-0.001052557141520083,-0.0014481418766081333,0.002367471344769001,-0.7663769125938416,-0.09024739265441895,-9.773634910583496
740351262000,0.0010733773233368993,0.0015511509263888001,-0.000574708275962621,-0.7558834552764893,0.03752562403678894,-9.790839195251465
740365050000,0.00022023743076715618,7.997857755981386e-05,-0.003634384833276272,-0.7902640700340271,0.10304245352745056,-9.776686668395996
740371871000,-0.0010334840044379234,-0.0009381691925227642,0.0023577045649290085,-0.7690248489379883,-0.08958673477172852,-9.777810096740723
740378814000,0.0002252823323942721,0.000509362667798996,-0.003690392477437854,-0.7866445183753967,0.09057402610778809,-9.772751808166504
740385836000,-0.0010266717290505767,-0.0005319989868439734,0.0023611970245838165,-0.7681875228881836,-0.09099695086479187,-9.778670310974121
740399963000,-5.343509837985039e-05,-0.0003898853901773691,0.0026206388138234615,-0.7982702851295471,-0.04712763428688049,-9.766440391540527
740406605000,0.00011535218800418079,9.89632389973849e-05,-0.0036487269680947065,-0.7912659049034119,0.09945055842399597,-9.780269622802734
740413646000,-0.001051869010552764,-0.0009976486908271909,0.0023570205084979534,-0.7693765759468079,-0.09046298265457153,-9.77872085571289
740420514000,0.001063120667822659,0.0014946416486054659,-0.0005816612392663956,-0.7590876817703247,0.037537723779678345,-9.796248435974121
740427667000,-5.349400453269482e-06,0.0011934597278013825,-0.0007468938711099327,-0.782395601272583,0.009354084730148315,-9.790106773376465
740441603000,0.0001859935000538826,-0.000529312586877495,-0.0036592374090105295,-0.7900873422622681,0.09865406155586243,-9.776453971862793
740448313000,-0.0010305569740012288,-0.0014076030347496271,0.0023592778015881777,-0.7679814100265503,-0.09039381146430969,-9.775279998779297
740455270000,0.0010775659466162324,0.0014080400578677654,-0.0005786344408988953,-0.7571226954460144,0.03756427764892578,-9.791154861450195
740462179000,-6.26581022515893e-05,0.0011447465512901545,-0.0007391175022348762,-0.782042384147644,0.009692072868347168,-9.788519859313965
740476109000,0.00019116292241960764,-0.00041510898154228926,-0.003655879758298397,-0.7896804809570312,0.09850800037384033,-9.774550437927246
740483096000,-0.001022639567963779,-0.0011908190790563822,0.0023603965528309345,-0.7673603296279907,-0.09037575125694275,-9.775782585144043
740490115000,0.0010773754911497235,0.0015429253689944744,-0.0005786967813037336,-0.7575514316558838,0.037624239921569824,-9.792006492614746
740496972000,-3.5668956115841866e-05,0.0012845866149291396,-0.0007402822375297546,-0.7819863557815552,0.009540975093841553,-9.789188385009766
740503969000,-7.167039439082146e-05,-0.0011258875019848347,0.0025619864463806152,-0.7964511513710022,-0.05613875389099121,-9.762350082397461
740510814000,0.00018480428843759,-0.00033100819564424455,-0.003658370580524206,-0.7895128726959229,0.09835150837898254,-9.776530265808105
740524690000,0.0010682479478418827,0.001481768791563809,-0.00057456165086478,-0.7574546337127686,0.03757759928703308,-9.792346954345703
740531733000,-5.5256765335798264e-05,0.0011829554568976164,-0.0007393332780338824,-0.7821390628814697,0.00966501235961914,-9.788674354553223
740538557000,-5.046429578214884e-05,-0.0011715978616848588,0.0025676991790533066,-0.796118438243866,-0.056459009647369385,-9.762386322021484
740545513000,0.00018655855092220008,-0.0004366273060441017,-0.003655848791822791,-0.7897192239761353,0.09851422905921936,-9.775097846984863
740559394000,0.0010632919147610664,0.001517410739324987,-0.0005742432549595833,-0.7574290037155151,0.03765234351158142,-9.792121887207031
740566351000,-1.9198749214410782e-05,0.001268915249966085,-0.0007422183989547193,-0.7818536758422852,0.009482383728027344,-9.789217948913574
740573290000,-4.773796536028385e-05,-0.0011324366787448525,0.0025665450375527143,-0.7963092923164368,-0.056290239095687866,-9.762423515319824
740580313000,0.00018818465468939394,-0.0003461470769252628,-0.00365718686953187,-0.789440393447876,0.09851422905921936,-9.776529312133789
740587185000,-0.0010625259019434452,-0.0013266690075397491,0.0023653723765164614,-0.7682937979698181,-0.0902661383152008,-9.77552318572998
740601097000,-7.408205419778824e-06,0.0012589645339176059,-0.0007442707428708673,-0.7817355394363403,0.009512603282928467,-9.789344787597656
740608039000,-2.804130781441927e-05,-0.0011437562061473727,0.0025647056754678488,-0.7962649464607239,-0.05632343888282776,-9.762385368347168
740614996000,0.00018370727775618434,-0.0004595752980094403,-0.003657837864011526,-0.7899013757705688,0.0986347496509552,-9.775293350219727
740621914000,-0.0010233430657535791,-0.0012415433302521706,0.002359159756451845,-0.7672324180603027,-0.09042683243751526,-9.776129722595215
740635799000,0.00023240817245095968,-0.00066761439666152,0.002802307950332761,-0.795609176158905,-0.05191698670387268,-9.765983581542969
740642708000,0.00020734546706080437,-9.311686153523624e-05,-0.0036386305000633,-0.7914652824401855,0.10331359505653381,-9.776577949523926
740649710000,-0.0010951999574899673,-0.001070567057467997,0.002367760054767132,-0.7687757611274719,-0.08953696489334106,-9.777588844299316
740656879000,0.0010632716584950686,0.0016068267868831754,-0.0005790719878859818,-0.7578102350234985,0.037411659955978394,-9.793919563293457
740670546000,-0.000308091111946851,0.0009208739502355456,-0.0009853579103946686,-0.7815935611724854,0.0010819733142852783,-9.78664493560791
740677502000,0.00011750077828764915,-0.0016473685391247272,0.0027320615481585264,-0.7935771942138672,-0.0661630928516388,-9.762080192565918
740684448000,0.00011174954124726355,-0.0006104472558945417,-0.003849753877148032,-0.7904250025749207,0.10590329766273499,-9.77490520477295
740691376000,-0.00111015560105443,-0.001476112985983491,0.002348253969103098,-0.7664104700088501,-0.0932539701461792,-9.773280143737793
740698348000,0.0010723148006945848,0.001460433006286621,-0.000574068515561521,-0.7561522126197815,0.03692442178726196,-9.789752006530762
740712159000,0.0002217255678260699,9.559537284076214e-05,-0.0036368626169860363,-0.7904443740844727,0.10315021872520447,-9.776899337768555
740719196000,-0.0010902938665822148,-0.0010048234835267067,0.0023669421207159758,-0.7693343162536621,-0.08943626284599304,-9.777000427246094
740726158000,0.00023218034766614437,0.0006143879145383835,-0.003689057193696499,-0.7857992649078369,0.09033674001693726,-9.773502349853516
740733066000,-0.0010101648513227701,-0.0004988552536815405,0.0023577946703881025,-0.7685329914093018,-0.0909787118434906,-9.778467178344727
740746962000,-3.1015631975606084e-05,-0.00037068582605570555,0.0026139928959310055,-0.7979679107666016,-0.04718002676963806,-9.766921997070312
740753855000,0.00012737361248582602,8.621066808700562e-05,-0.0036483355797827244,-0.7913697361946106,0.09939980506896973,-9.780181884765625
740760837000,-0.0010347387287765741,-0.0010014582658186555,0.0023581217974424362,-0.7693108320236206,-0.09050720930099487,-9.778860092163086
740767786000,0.0010756386909633875,0.0014619220746681094,-0.0005819746875204146,-0.7591990232467651,0.03758496046066284,-9.796092987060547
740774679000,-8.332007564604282e-05,0.001104686758480966,-0.0007356925634667277,-0.7825808525085449,0.009691387414932251,-9.789400100708008
740788581000,0.00018404057482257485,-0.0005153656820766628,-0.003658548230305314,-0.7899057865142822,0.09862184524536133,-9.775922775268555
740795592000,-0.0010500887874513865,-0.0013717865804210305,0.002363546984270215,-0.7677735090255737,-0.09034982323646545,-9.775184631347656
740802536000,0.0010618694359436631,0.0015261127846315503,-0.000576124235522002,-0.7567185163497925,0.03756755590438843,-9.792052268981934
740816398000,-5.0162081606686115e-05,-0.0011587232584133744,0.0025663531851023436,-0.7960660457611084,-0.056468695402145386,-9.762372016906738
740823354000,0.00018881598953157663,-0.0003989566466771066,-0.003654943313449621,-0.7896389961242676,0.09846347570419312,-9.775068283081055
740830313000,-0.0010349869262427092,-0.0012179429177194834,0.002361651975661516,-0.7675677537918091,-0.0903075635433197,-9.77582836151123
740837253000,0.0010753199458122253,0.0015170567203313112,-0.0005786051042377949,-0.7575234174728394,0.03758618235588074,-9.791874885559082
740844161000,-3.8368976674973965e-05,0.0012765987776219845,-0.0007400729809887707,-0.7818652987480164,0.009554266929626465,-9.789301872253418
740858022000,0.0001733986719045788,-0.0003404881281312555,-0.0036563659086823463,-0.7895717620849609,0.09857836365699768,-9.77647876739502
740865063000,-0.001020278548821807,-0.0012641922803595662,0.0023586901370435953,-0.7681207656860352,-0.09047892689704895,-9.776080131530762
740871892000,0.0010652211494743824,0.0015059676952660084,-0.0005765954847447574,-0.7572832703590393,0.03765091300010681,-9.79255199432373
740878834000,-7.072906009852886e-05,0.0011676921276375651,-0.0007370245875790715,-0.7822912931442261,0.009668290615081787,-9.78838062286377
740892771000,0.00018861948046833277,-0.0004303680616430938,-0.0036554853431880474,-0.7897131443023682,0.09848803281784058,-9.775160789489746
740899711000,-0.0010239555267617106,-0.0012264047982171178,0.0023608235642313957,-0.7673789262771606,-0.090390145778656,-9.776002883911133
740906689000,0.001064996817149222,0.001498577301390469,-0.0005739012849517167,-0.7574514746665955,0.037622928619384766,-9.791911125183105
740913661000,-1.6417005099356174e-05,0.0012807773891836405,-0.0007427572854794562,-0.7816649675369263,0.009490340948104858,-9.789441108703613
740927515000,0.00018715187616180629,-0.0003344643919263035,-0.003653774270787835,-0.7893368005752563,0.0984840989112854,-9.776628494262695
740934429000,-0.0010662282584235072,-0.0013306649634614587,0.00236625038087368,-0.7683397531509399,-0.09020879864692688,-9.775479316711426
740941334000,0.0010732617229223251,0.0014771814458072186,-0.000574186269659549,-0.757004976272583,0.037424713373184204,-9.791858673095703
740948323000,0.0002129474887624383,-0.0006811504135839641,0.0028053834103047848,-0.7954859137535095,-0.051811277866363525,-9.766034126281738
740955272000,0.00021951469534542412,3.807622124440968e-05,-0.0036379299126565456,-0.7907625436782837,0.10316649079322815,-9.777678489685059
740969163000,0.001057251589372754,0.0015736857894808054,-0.0005794634926132858,-0.7581629753112793,0.037591367959976196,-9.794228553771973
740976062000,-0.00025403115432709455,0.0013265445595607162,-0.000938800279982388,-0.7832660675048828,0.014017939567565918,-9.789544105529785
740983127000,-0.0003458668361417949,0.0008324106456711888,-0.0009788895258679986,-0.7818710803985596,0.0012705028057098389,-9.786017417907715
740989971000,0.00012003607116639614,-0.0016749647911638021,0.0027333246544003487,-0.7932775616645813,-0.06631100177764893,-9.762141227722168
740997021000,0.0001247433538082987,-0.0006126491352915764,-0.003850549692288041,-0.7903034687042236,0.10587987303733826,-9.774474143981934
741003867000,-0.0008905002614483237,-0.001509308349341154,0.0025404144544154406,-0.7651249170303345,-0.09772500395774841,-9.773161888122559
741003867000,-0.0008905002614483237,-0.001509308349341154,0.0025404144544154406,-0.7651249170303345,-0.09772500395774841,-9.773161888122559
741003867000,-0.0008905002614483237,-0.001509308349341154,0.0025404144544154406,-0.7651249170303345,-0.09772500395774841,-9.773161888122559
741003867000,-0.0008905002614483237,-0.001509308349341154,0.0025404144544154406,-0.7651249170303345,-0.09772500395774841,-9.773161888122559
741003867000,-0.0008905002614483237,-0.001509308349341154,0.0025404144544154406,-0.7651249170303345,-0.09772500395774841,-9.773161888122559
741003867000,-0.0008905002614483237,-0.001509308349341154,0.0025404144544154406,-0.7651249170303345,-0.09772500395774841,-9.773161888122559
741003867000,-0.0008905002614483237,-0.001509308349341154,0.0025404144544154406,-0.7651249170303345,-0.09772500395774841,-9.773161888122559
741003867000,-0.0008905002614483237,-0.001509308349341154,0.0025404144544154406,-0.7651249170303345,-0.09772500395774841,-9.773161888122559
741003867000,-0.0008905002614483237,-0.001509308349341154,0.0025404144544154406,-0.7651249170303345,-0.09772500395774841,-9.773161888122559
741003867000,-0.0008905002614483237,-0.001509308349341154,0.0025404144544154406,-0.7651249170303345,-0.09772500395774841,-9.773161888122559
741003867000,-0.0008905002614483237,-0.001509308349341154,0.0025404144544154406,-0.7651249170303345,-0.09772500395774841,-9.773161888122559
741003867000,-0.0008905002614483237,-0.001509308349341154,0.0025404144544154406,-0.7651249170303345,-0.09772500395774841,-9.773161888122559
741003867000,-0.0008905002614483237,-0.001509308349341154,0.0025404144544154406,-0.7651249170303345,-0.09772500395774841,-9.773161888122559
741003867000,-0.0008905002614483237,-0.001509308349341154,0.0025404144544154406,-0.7651249170303345,-0.09772500395774841,-9.773161888122559
741003867000,-0.0008905002614483237,-0.001509308349341154,0.0025404144544154406,-0.7651249170303345,-0.09772500395774841,-9.773161888122559
741003867000,-0.0008905002614483237,-0.001509308349341154,0.0025404144544154406,-0.7651249170303345,-0.09772500395774841,-9.773161888122559
741003867000,-0.0008905002614483237,-0.001509308349341154,0.0025404144544154406,-0.7651249170303345,-0.09772500395774841,-9.773161888122559
741003867000,-0.0008905002614483237,-0.001509308349341154,0.0025404144544154406,-0.7651249170303345,-0.09772500395774841,-9.773161888122559
741003867000,-0.0008905002614483237,-0.001509308349341154,0.0025404144544154406,-0.7651249170303345,-0.09772500395774841,-9.773161888122559
741003867000,-0.0008905002614483237,-0.001509308349341154,0.0025404144544154406,-0.7651249170303345,-0.09772500395774841,-9.773161888122559
741003867000,-0.0008905002614483237,-0.001509308349341154,0.0025404144544154406,-0.7651249170303345,-0.09772500395774841,-9.773161888122559
741003867000,-0.0008905002614483237,-0.001509308349341154,0.0025404144544154406,-0.7651249170303345,-0.09772500395774841,-9.773161888122559
741003867000,-0.0008905002614483237,-0.001509308349341154,0.0025404144544154406,-0.7651249170303345,-0.09772500395774841,-9.773161888122559
741003867000,-0.0008905002614483237,-0.001509308349341154,0.0025404144544154406,-0.7651249170303345,-0.09772500395774841,-9.773161888122559
741003867000,-0.0008905002614483237,-0.001509308349341154,0.0025404144544154406,-0.7651249170303345,-0.09772500395774841,-9.773161888122559
741003867000,-0.0008905002614483237,-0.001509308349341154,0.0025404144544154406,-0.7651249170303345,-0.09772500395774841,-9.773161888122559
741003867000,-0.0008905002614483237,-0.001509308349341154,0.0025404144544154406,-0.7651249170303345,-0.09772500395774841,-9.773161888122559
741003867000,-0.0008905002614483237,-0.001509308349341154,0.0025404144544154406,-0.7651249170303345,-0.09772500395774841,-9.773161888122559
741003867000,-0.0008905002614483237,-0.001509308349341154,0.0025404144544154406,-0.7651249170303345,-0.09772500395774841,-9.773161888122559
741003867000,-0.0008905002614483237,-0.001509308349341154,0.0025404144544154406,-0.7651249170303345,-0.09772500395774841,-9.773161888122559
741003867000,-0.0008905002614483237,-0.001509308349341154,0.0025404144544154406,-0.7651249170303345,-0.09772500395774841,-9.773161888122559
741003867000,-0.0008905002614483237,-0.001509308349341154,0.0025404144544154406,-0.7651249170303345,-0.09772500395774841,-9.773161888122559
741003867000,-0.0008905002614483237,-0.001509308349341154,0.0025404144544154406,-0.7651249170303345,-0.09772500395774841,-9.773161888122559
741003867000,-0.0008905002614483237,-0.001509308349341154,0.0025404144544154406,-0.7651249170303345,-0.09772500395774841,-9.773161888122559
741003867000,-0.0008905002614483237,-0.001509308349341154,0.0025404144544154406,-0.7651249170303345,-0.09772500395774841,-9.773161888122559
741003867000,-0.0008905002614483237,-0.001509308349341154,0.0025404144544154406,-0.7651249170303345,-0.09772500395774841,-9.773161888122559
305646000,-0.00031105242669582367,-0.009785851463675499,-8.310074917972088e-05,-3.060314178466797,-0.0027899742126464844,-9.278966903686523
312760000,0.0019263771828263998,0.0010429389076307416,0.00016019472968764603,-2.924131393432617,-0.002323746681213379,-9.35140323638916
319414000,0.0008003939874470234,-0.005822303704917431,0.0002500071423128247,-3.0493836402893066,0.0005168914794921875,-9.334507942199707
326345000,-0.00030916277319192886,-0.009784759022295475,-8.311320561915636e-05,-3.0239806175231934,0.0044825077056884766,-9.334964752197266
340269000,0.0008031525649130344,-0.005820097401738167,0.00024992390535771847,-3.04937744140625,0.0005130767822265625,-9.334513664245605
347164000,-0.00031089968979358673,-0.009794401004910469,-8.288910612463951e-05,-3.0240421295166016,0.0045032501220703125,-9.334900856018066
354225000,0.0019253881182521582,0.0010440087644383311,0.0001602180564077571,-2.924077033996582,-0.002314329147338867,-9.351522445678711
361047000,0.0008054804056882858,-0.005801634397357702,0.00024951936211436987,-3.04927921295166,0.0004907846450805664,-9.33463191986084
375002000,0.0019277884857729077,0.0010475710732862353,0.00016013607091736048,-2.924067258834839,-0.0023250579833984375,-9.351533889770508
381902000,0.0008093458600342274,-0.005817666184157133,0.0002497925888746977,-3.04937744140625,0.0004699230194091797,-9.334427833557129
388859000,-0.00031244195997714996,-0.009790688753128052,-8.290167897939682e-05,-3.024043560028076,0.004552006721496582,-9.334996223449707
395821000,0.0019305238965898752,0.0010511891450732946,0.00015991926193237305,-2.924055814743042,-0.0023500919342041016,-9.351454734802246
409675000,0.0,0.0,-0.0,-2.962860584259033,0.008196353912353516,-9.396265029907227
416591000,0.0,0.0,-0.0,-2.9991579055786133,0.0008856058120727539,-9.34029769897461
423620000,0.0,0.0,-0.0,-2.9991579055786133,0.0008856058120727539,-9.34029769897461
430486000,0.0,0.0,-0.0,-2.9991579055786133,0.0008856058120727539,-9.34029769897461
437543000,0.0,0.0,-0.0,-2.9991579055786133,0.0008856058120727539,-9.34029769897461
451300000,0.0,0.0,-0.0,-2.9991579055786133,0.0008856058120727539,-9.34029769897461
458314000,0.0,0.0,-0.0,-2.9991579055786133,0.0008856058120727539,-9.34029769897461
465227000,0.0,0.0,-0.0,-2.9991579055786133,0.0008856058120727539,-9.34029769897461
472194000,0.0,0.0,-0.0,-2.9991579055786133,0.0008856058120727539,-9.34029769897461
479145000,0.0,0.0,-0.0,-2.9991579055786133,0.0008856058120727539,-9.34029769897461
493029000,0.0,0.0,-0.0,-2.9991579055786133,0.0008856058120727539,-9.34029769897461
499978000,0.0,0.0,-0.0,-2.9991579055786133,0.0008856058120727539,-9.34029769897461
507010000,0.0,0.0,-0.0,-2.9991579055786133,0.0008856058120727539,-9.34029769897461
513831000,0.0,0.0,-0.0,-2.9991579055786133,0.0008856058120727539,-9.34029769897461
527770000,0.0,0.0,-0.0,-2.9991579055786133,0.0008856058120727539,-9.34029769897461
534671000,0.0,0.0,-0.0,-2.9991579055786133,0.0008856058120727539,-9.34029769897461
541643000,0.0,0.0,-0.0,-2.9991579055786133,0.0008856058120727539,-9.34029769897461
548550000,0.0,0.0,-0.0,-2.9991579055786133,0.0008856058120727539,-9.34029769897461
562440000,0.0,0.0,-0.0,-2.9991579055786133,0.0008856058120727539,-9.34029769897461
569369000,0.0,0.0,-0.0,-2.9991579055786133,0.0008856058120727539,-9.34029769897461
576411000,0.0,0.0,-0.0,-2.9991579055786133,0.0008856058120727539,-9.34029769897461
583279000,0.0,0.0,-0.0,-2.9991579055786133,0.0008856058120727539,-9.34029769897461
597171000,0.0,0.0,-0.0,-2.9991579055786133,0.0008856058120727539,-9.34029769897461
604364000,0.0,0.0,-0.0,-2.9991579055786133,0.0008856058120727539,-9.34029769897461
611283000,0.0,0.0,-0.0,-2.9991579055786133,0.0008856058120727539,-9.34029769897461
618026000,0.0,0.0,-0.0,-2.9991579055786133,0.0008856058120727539,-9.34029769897461
624986000,0.0,0.0,-0.0,-2.9991579055786133,0.0008856058120727539,-9.34029769897461
638861000,0.0,0.0,-0.0,-2.9991579055786133,0.0008856058120727539,-9.34029769897461
645803000,0.0,0.0,-0.0,-2.9991579055786133,0.0008856058120727539,-9.34029769897461
652736000,0.0,0.0,-0.0,-2.9991579055786133,0.0008856058120727539,-9.34029769897461
659698000,0.0,0.0,-0.0,-2.9991579055786133,0.0008856058120727539,-9.34029769897461
666601000,0.0,0.0,-0.0,-2.9991579055786133,0.0008856058120727539,-9.34029769897461
673586000,0.0,0.0,-0.0,-2.9991579055786133,0.0008856058120727539,-9.34029769897461
687491000,0.0,0.0,-0.0,-2.9991579055786133,0.0008856058120727539,-9.34029769897461
694392000,0.0,0.0,-0.0,-2.9991579055786133,0.0008856058120727539,-9.34029769897461
701323000,0.0,0.0,-0.0,-2.9991579055786133,0.0008856058120727539,-9.34029769897461
708326000,0.0,0.0,-0.0,-2.9991579055786133,0.0008856058120727539,-9.34029769897461
722200000,0.0,0.0,-0.0,-2.9991579055786133,0.0008856058120727539,-9.34029769897461
729109000,0.0,0.0,-0.0,-2.9991579055786133,0.0008856058120727539,-9.34029769897461
736080000,0.0,0.0,-0.0,-2.9991579055786133,0.0008856058120727539,-9.34029769897461
743038000,0.0,0.0,-0.0,-2.9991579055786133,0.0008856058120727539,-9.34029769897461
756949000,0.0,0.0,-0.0,-2.9991579055786133,0.0008856058120727539,-9.34029769897461
763858000,0.0,0.0,-0.0,-2.9991579055786133,0.0008856058120727539,-9.34029769897461
770848000,0.0,0.0,-0.0,-2.9991579055786133,0.0008856058120727539,-9.34029769897461
777777000,0.0,0.0,-0.0,-2.9991579055786133,0.0008856058120727539,-9.34029769897461
791650000,0.0,0.0,-0.0,-2.9991579055786133,0.0008856058120727539,-9.34029769897461
798627000,0.0,0.0,-0.0,-2.9991579055786133,0.0008856058120727539,-9.34029769897461
805566000,0.0,0.0,-0.0,-2.9991579055786133,0.0008856058120727539,-9.34029769897461
812449000,0.0,0.0,-0.0,-2.9991579055786133,0.0008856058120727539,-9.34029769897461
819381000,0.0,0.0,-0.0,-2.9991579055786133,0.0008856058120727539,-9.34029769897461
833295000,0.0,0.0,-0.0,-2.9991579055786133,0.0008856058120727539,-9.34029769897461
840273000,0.0,0.0,-0.0,-2.9991579055786133,0.0008856058120727539,-9.34029769897461
847222000,0.0,0.0,-0.0,-2.9991579055786133,0.0008856058120727539,-9.34029769897461
854271000,0.0,0.0,-0.0,-2.9991579055786133,0.0008856058120727539,-9.34029769897461
867994000,0.0,0.0,-0.0,-2.9991579055786133,0.0008856058120727539,-9.34029769897461
875025000,0.0,0.0,-0.0,-2.9991579055786133,0.0008856058120727539,-9.34029769897461
881902000,0.0,0.0,-0.0,-2.9991579055786133,0.0008856058120727539,-9.34029769897461
888860000,0.0,0.0,-0.0,-2.9991579055786133,0.0008856058120727539,-9.34029769897461
895836000,0.0,0.0,-0.0,-2.9991579055786133,0.0008856058120727539,-9.34029769897461
909846000,0.0,0.0,-0.0,-2.9991579055786133,0.0008856058120727539,-9.34029769897461
916651000,0.0,0.0,-0.0,-2.9991579055786133,0.0008856058120727539,-9.34029769897461
923804000,0.0,0.0,-0.0,-2.9991579055786133,0.0008856058120727539,-9.34029769897461
930514000,0.0,0.0,-0.0,-2.9991579055786133,0.0008856058120727539,-9.34029769897461
937758000,0.0,0.0,-0.0,-2.9991579055786133,0.0008856058120727539,-9.34029769897461
951331000,0.0,0.0,-0.0,-2.9991579055786133,0.0008856058120727539,-9.34029769897461
958558000,0.0,0.0,-0.0,-2.9991579055786133,0.0008856058120727539,-9.34029769897461
965430000,0.0,0.0,-0.0,-2.9991579055786133,0.0008856058120727539,-9.34029769897461
972392000,0.0,0.0,-0.0,-2.9991579055786133,0.0008856058120727539,-9.34029769897461
979322000,0.0,0.0,-0.0,-2.9991579055786133,0.0008856058120727539,-9.34029769897461
993262000,0.0,0.0,-0.0,-2.9991579055786133,0.0008856058120727539,-9.34029769897461
1000305000,0.0,0.0,-0.0,-2.9991579055786133,0.0008856058120727539,-9.34029769897461
1007145000,0.0,0.0,-0.0,-2.9991579055786133,0.0008856058120727539,-9.34029769897461
1014050000,0.0,0.0,-0.0,-2.9991579055786133,0.0008856058120727539,-9.34029769897461
1027914000,0.0,0.0,-0.0,-2.9991579055786133,0.0008856058120727539,-9.34029769897461
1034842000,0.0,0.0,-0.0,-2.9991579055786133,0.0008856058120727539,-9.34029769897461
1041915000,0.0,0.0,-0.0,-2.9991579055786133,0.0008856058120727539,-9.34029769897461
1048934000,0.0,0.0,-0.0,-2.9991579055786133,0.0008856058120727539,-9.34029769897461
1055773000,0.0,0.0,-0.0,-2.9991579055786133,0.0008856058120727539,-9.34029769897461
1069584000,0.0,0.0,-0.0,-2.9991579055786133,0.0008856058120727539,-9.34029769897461
1076572000,0.0,0.0,-0.0,-2.9991579055786133,0.0008856058120727539,-9.34029769897461
1083551000,0.0,0.0,-0.0,-2.9991579055786133,0.0008856058120727539,-9.34029769897461
1090463000,0.0,0.0,-0.0,-2.9991579055786133,0.0008856058120727539,-9.34029769897461
1104555000,0.0,0.0,-0.0,-2.9991579055786133,0.0008856058120727539,-9.34029769897461
1111130000,0.0,0.0,-0.0,-2.9991579055786133,0.0008856058120727539,-9.34029769897461
1118010000,0.0,0.0,-0.0,-2.9991579055786133,0.0008856058120727539,-9.34029769897461
1125000000,0.0,0.0,-0.0,-2.9991579055786133,0.0008856058120727539,-9.34029769897461
1131894000,0.0,0.0,-0.0,-2.9991579055786133,0.0008856058120727539,-9.34029769897461
1145810000,0.0,0.0,-0.0,-2.9991579055786133,0.0008856058120727539,-9.34029769897461
1152749000,0.0,0.0,-0.0,-2.9991579055786133,0.0008856058120727539,-9.34029769897461
1159716000,0.0,0.0,-0.0,-2.9991579055786133,0.0008856058120727539,-9.34029769897461
1166639000,0.0,0.0,-0.0,-2.9991579055786133,0.0008856058120727539,-9.34029769897461
1180555000,0.0,0.0,-0.0,-2.9991579055786133,0.0008856058120727539,-9.34029769897461
1187596000,0.0,0.0,-0.0,-2.9991579055786133,0.0008856058120727539,-9.34029769897461
1194428000,0.0,0.0,-0.0,-2.9991579055786133,0.0008856058120727539,-9.34029769897461
1201344000,0.0,0.0,-0.0,-2.9991579055786133,0.0008856058120727539,-9.34029769897461
1208388000,0.0,0.0,-0.0,-2.9991579055786133,0.0008856058120727539,-9.34029769897461
1222303000,0.0,0.0,-0.0,-2.9991579055786133,0.0008856058120727539,-9.34029769897461
1229159000,0.0,0.0,-0.0,-2.9991579055786133,0.0008856058120727539,-9.34029769897461
1236083000,0.0,0.0,-0.0,-2.9991579055786133,0.0008856058120727539,-9.34029769897461
1243068000,0.0,0.0,-0.0,-2.9991579055786133,0.0008856058120727539,-9.34029769897461
1256961000,0.0,0.0,-0.0,-2.9991579055786133,0.0008856058120727539,-9.34029769897461
1263888000,0.0,0.0,-0.0,-2.9991579055786133,0.0008856058120727539,-9.34029769897461
1270856000,0.0,0.0,-0.0,-2.9991579055786133,0.0008856058120727539,-9.34029769897461
1277819000,0.0,0.0,-0.0,-2.9991579055786133,0.0008856058120727539,-9.34029769897461
1291672000,0.0,0.0,-0.0,-2.9991579055786133,0.0008856058120727539,-9.34029769897461
1298637000,0.0,0.0,-0.0,-2.9991579055786133,0.0008856058120727539,-9.34029769897461
1305624000,0.0,0.0,-0.0,-2.9991579055786133,0.0008856058120727539,-9.34029769897461
1312539000,0.0,0.0,-0.0,-2.9991579055786133,0.0008856058120727539,-9.34029769897461
1319449000,0.0,0.0,-0.0,-2.9991579055786133,0.0008856058120727539,-9.34029769897461
1333364000,0.0,0.0,-0.0,-2.9991579055786133,0.0008856058120727539,-9.34029769897461
1340302000,0.0,0.0,-0.0,-2.9991579055786133,0.0008856058120727539,-9.34029769897461
1347306000,0.0,0.0,-0.0,-2.9991579055786133,0.0008856058120727539,-9.34029769897461
1354446000,0.0,0.0,-0.0,-2.9991579055786133,0.0008856058120727539,-9.34029769897461
1368133000,0.0,0.0,-0.0,-2.9991579055786133,0.0008856058120727539,-9.34029769897461
1375108000,0.0,0.0,-0.0,-2.9991579055786133,0.0008856058120727539,-9.34029769897461
1382023000,0.0,0.0,-0.0,-2.9991579055786133,0.0008856058120727539,-9.34029769897461
1389006000,0.0,0.0,-0.0,-2.9991579055786133,0.0008856058120727539,-9.34029769897461
1395918000,0.0,0.0,-0.0,-2.9991579055786133,0.0008856058120727539,-9.34029769897461
1409899000,0.0,0.0,-0.0,-2.9991579055786133,0.0008856058120727539,-9.34029769897461
1416789000,0.0,0.0,-0.0,-2.9991579055786133,0.0008856058120727539,-9.34029769897461
1423737000,0.0,0.0,-0.0,-2.9991579055786133,0.0008856058120727539,-9.34029769897461
1430642000,0.0,0.0,-0.0,-2.9991579055786133,0.0008856058120727539,-9.34029769897461
1444624000,0.0,0.0,-0.0,-2.9991579055786133,0.0008856058120727539,-9.34029769897461
1451544000,0.0,0.0,-0.0,-2.9991579055786133,0.0008856058120727539,-9.34029769897461
1458576000,0.0,0.0,-0.0,-2.9991579055786133,0.0008856058120727539,-9.34029769897461
1465446000,0.0,0.0,-0.0,-2.9991579055786133,0.0008856058120727539,-9.34029769897461
1472417000,0.0,0.0,-0.0,-2.9991579055786133,0.0008856058120727539,-9.34029769897461
1486283000,0.0,0.0,-0.0,-2.9991579055786133,0.0008856058120727539,-9.34029769897461
1493270000,0.0,0.0,-0.0,-2.9991579055786133,0.0008856058120727539,-9.34029769897461
1500165000,0.0,0.0,-0.0,-2.9991579055786133,0.0008856058120727539,-9.34029769897461
1507208000,0.0,0.0,-0.0,-2.9991579055786133,0.0008856058120727539,-9.34029769897461
1514082000,0.0,0.0,-0.0,-2.9991579055786133,0.0008856058120727539,-9.34029769897461
1527965000,0.0,0.0,-0.0,-2.9991579055786133,0.0008856058120727539,-9.34029769897461
1534908000,0.0,0.0,-0.0,-2.9991579055786133,0.0008856058120727539,-9.34029769897461
1541871000,0.0,0.0,-0.0,-2.9991579055786133,0.0008856058120727539,-9.34029769897461
1548817000,0.0,0.0,-0.0,-2.9991579055786133,0.0008856058120727539,-9.34029769897461
1562662000,0.0,0.0,-0.0,-2.9991579055786133,0.0008856058120727539,-9.34029769897461
1569672000,0.0,0.0,-0.0,-2.9991579055786133,0.0008856058120727539,-9.34029769897461
1576846000,0.0,0.0,-0.0,-2.9991579055786133,0.0008856058120727539,-9.34029769897461
1583490000,0.0,0.0,-0.0,-2.9991579055786133,0.0008856058120727539,-9.34029769897461
1590482000,0.0,0.0,-0.0,-2.9991579055786133,0.0008856058120727539,-9.34029769897461
1604560000,0.0,0.0,-0.0,-2.9991579055786133,0.0008856058120727539,-9.34029769897461
1611335000,0.0,0.0,-0.0,-2.9991579055786133,0.0008856058120727539,-9.34029769897461
1618221000,0.0,0.0,-0.0,-2.9991579055786133,0.0008856058120727539,-9.34029769897461
1625224000,0.0,0.0,-0.0,-2.9991579055786133,0.0008856058120727539,-9.34029769897461
1632116000,0.0,0.0,-0.0,-2.9991579055786133,0.0008856058120727539,-9.34029769897461
1646066000,0.0,0.0,-0.0,-2.9991579055786133,0.0008856058120727539,-9.34029769897461
1652932000,0.0,0.0,-0.0,-2.9991579055786133,0.0008856058120727539,-9.34029769897461
1659940000,0.0,0.0,-0.0,-2.9991579055786133,0.0008856058120727539,-9.34029769897461
1666831000,0.0,0.0,-0.0,-2.9991579055786133,0.0008856058120727539,-9.34029769897461
1680780000,0.0,0.0,-0.0,-2.9991579055786133,0.0008856058120727539,-9.34029769897461
1687736000,0.0,0.0,-0.0,-2.9991579055786133,0.0008856058120727539,-9.34029769897461
1694651000,0.0,0.0,-0.0,-2.9991579055786133,0.0008856058120727539,-9.34029769897461
1701594000,0.0,0.0,-0.0,-2.9991579055786133,0.0008856058120727539,-9.34029769897461
1715752000,0.0,0.0,-0.0,-2.9991579055786133,0.0008856058120727539,-9.34029769897461
1722838000,0.0,0.0,-0.0,-2.9991579055786133,0.0008856058120727539,-9.34029769897461
1729634000,0.0,0.0,-0.0,-2.9991579055786133,0.0008856058120727539,-9.34029769897461
1736530000,0.0,0.0,-0.0,-2.9991579055786133,0.0008856058120727539,-9.34029769897461
1743305000,0.0,0.0,-0.0,-2.9991579055786133,0.0008856058120727539,-9.34029769897461
1757226000,0.0,0.0,-0.0,-2.9991579055786133,0.0008856058120727539,-9.34029769897461
1764102000,0.0,0.0,-0.0,-2.9991579055786133,0.0008856058120727539,-9.34029769897461
1771077000,0.0,0.0,-0.0,-2.9991579055786133,0.0008856058120727539,-9.34029769897461
1778021000,0.0,0.0,-0.0,-2.9991579055786133,0.0008856058120727539,-9.34029769897461
1791911000,0.0,0.0,-0.0,-2.9991579055786133,0.0008856058120727539,-9.34029769897461
1798832000,0.0,0.0,-0.0,-2.9991579055786133,0.0008856058120727539,-9.34029769897461
1805993000,0.0,0.0,-0.0,-2.9991579055786133,0.0008856058120727539,-9.34029769897461
1812815000,0.0,0.0,-0.0,-2.9991579055786133,0.0008856058120727539,-9.34029769897461
1826639000,0.0,0.0,-0.0,-2.9991579055786133,0.0008856058120727539,-9.34029769897461
1833528000,0.0,0.0,-0.0,-2.9991579055786133,0.0008856058120727539,-9.34029769897461
1840544000,0.0,0.0,-0.0,-2.9991579055786133,0.0008856058120727539,-9.34029769897461
1847479000,0.0,0.0,-0.0,-2.9991579055786133,0.0008856058120727539,-9.34029769897461
1854425000,0.0,0.0,-0.0,-2.9991579055786133,0.0008856058120727539,-9.34029769897461
1868311000,0.0,0.0,-0.0,-2.9991579055786133,0.0008856058120727539,-9.34029769897461
1875279000,0.0,0.0,-0.0,-2.9991579055786133,0.0008856058120727539,-9.34029769897461
1882169000,0.0,0.0,-0.0,-2.9991579055786133,0.0008856058120727539,-9.34029769897461
1889288000,0.0,0.0,-0.0,-2.9991579055786133,0.0008856058120727539,-9.34029769897461
1896060000,0.0,0.0,-0.0,-2.9991579055786133,0.0008856058120727539,-9.34029769897461
1909943000,0.0,0.0,-0.0,-2.9991579055786133,0.0008856058120727539,-9.34029769897461
1916910000,0.0,0.0,-0.0,-2.9991579055786133,0.0008856058120727539,-9.34029769897461
1923890000,0.0,0.0,-0.0,-2.9991579055786133,0.0008856058120727539,-9.34029769897461
1930794000,0.0,0.0,-0.0,-2.9991579055786133,0.0008856058120727539,-9.34029769897461
1937821000,0.0,0.0,-0.0,-2.9991579055786133,0.0008856058120727539,-9.34029769897461
1951597000,0.0,0.0,-0.0,-2.9991579055786133,0.0008856058120727539,-9.34029769897461
1958629000,0.0,0.0,-0.0,-2.9991579055786133,0.0008856058120727539,-9.34029769897461
1965546000,0.0,0.0,-0.0,-2.9991579055786133,0.0008856058120727539,-9.34029769897461
1972555000,0.0,0.0,-0.0,-2.9991579055786133,0.0008856058120727539,-9.34029769897461
1986398000,0.0,0.0,-0.0,-2.9991579055786133,0.0008856058120727539,-9.34029769897461
1993445000,0.0,0.0,-0.0,-2.9991579055786133,0.0008856058120727539,-9.34029769897461
2000257000,0.0,0.0,-0.0,-2.9991579055786133,0.0008856058120727539,-9.34029769897461
2007245000,0.0,0.0,-0.0,-2.9991579055786133,0.0008856058120727539,-9.34029769897461
2014168000,0.0,0.0,-0.0,-2.9991579055786133,0.0008856058120727539,-9.34029769897461
2028085000,0.0,0.0,-0.0,-2.9991579055786133,0.0008856058120727539,-9.34029769897461
2034943000,0.0,0.0,-0.0,-2.9991579055786133,0.0008856058120727539,-9.34029769897461
2042011000,0.0,0.0,-0.0,-2.9991579055786133,0.0008856058120727539,-9.34029769897461
2048834000,0.0,0.0,-0.0,-2.9991579055786133,0.0008856058120727539,-9.34029769897461
2055839000,0.0,0.0,-0.0,-2.9991579055786133,0.0008856058120727539,-9.34029769897461
2069671000,0.0,0.0,-0.0,-2.9991579055786133,0.0008856058120727539,-9.34029769897461
2076732000,0.0,0.0,-0.0,-2.9991579055786133,0.0008856058120727539,-9.34029769897461
2084116000,0.0,0.0,-0.0,-2.9991579055786133,0.0008856058120727539,-9.34029769897461
2091501000,0.0,0.0,-0.0,-2.9991579055786133,0.0008856058120727539,-9.34029769897461
2098406000,0.0,0.0,-0.0,-2.9991579055786133,0.0008856058120727539,-9.34029769897461
2112887000,0.0,0.0,-0.0,-2.9991579055786133,0.0008856058120727539,-9.34029769897461
2119844000,0.0,0.0,-0.0,-2.9991579055786133,0.0008856058120727539,-9.34029769897461
2127496000,0.0,0.0,-0.0,-2.9991579055786133,0.0008856058120727539,-9.34029769897461
2134650000,0.0,0.0,-0.0,-2.9991579055786133,0.0008856058120727539,-9.34029769897461
2141720000,0.0,0.0,-0.0,-2.9991579055786133,0.0008856058120727539,-9.34029769897461
2155828000,0.0,0.0,-0.0,-2.9991579055786133,0.0008856058120727539,-9.34029769897461
2162836000,0.0,0.0,-0.0,-2.9991579055786133,0.0008856058120727539,-9.34029769897461
2169832000,0.0,0.0,-0.0,-2.9991579055786133,0.0008856058120727539,-9.34029769897461
2176725000,0.0,0.0,-0.0,-2.9991579055786133,0.0008856058120727539,-9.34029769897461
2183679000,0.0,0.0,-0.0,-2.9991579055786133,0.0008856058120727539,-9.34029769897461
2197729000,0.0,0.0,-0.0,-2.9991579055786133,0.0008856058120727539,-9.34029769897461
2204822000,0.0,0.0,-0.0,-2.9991579055786133,0.0008856058120727539,-9.34029769897461
2211579000,0.0,0.0,-0.0,-2.9991579055786133,0.0008856058120727539,-9.34029769897461
2218498000,0.0,0.0,-0.0,-2.9991579055786133,0.0008856058120727539,-9.34029769897461
2232411000,0.0,0.0,-0.0,-2.9991579055786133,0.0008856058120727539,-9.34029769897461
2239368000,0.0,0.0,-0.0,-2.9991579055786133,0.0008856058120727539,-9.34029769897461
2246277000,0.0,0.0,-0.0,-2.9991579055786133,0.0008856058120727539,-9.34029769897461
2253210000,0.0,0.0,-0.0,-2.9991579055786133,0.0008856058120727539,-9.34029769897461
2260179000,0.0,0.0,-0.0,-2.9991579055786133,0.0008856058120727539,-9.34029769897461
2274077000,0.0,0.0,-0.0,-2.9991579055786133,0.0008856058120727539,-9.34029769897461
2281029000,0.0,0.0,-0.0,-2.9991579055786133,0.0008856058120727539,-9.34029769897461
2287956000,0.0,0.0,-0.0,-2.9991579055786133,0.0008856058120727539,-9.34029769897461
2294899000,0.0,0.0,-0.0,-2.9991579055786133,0.0008856058120727539,-9.34029769897461
2301812000,0.0,0.0,-0.0,-2.9991579055786133,0.0008856058120727539,-9.34029769897461
2315710000,0.0,0.0,-0.0,-2.9991579055786133,0.0008856058120727539,-9.34029769897461
2322747000,0.0,0.0,-0.0,-2.9991579055786133,0.0008856058120727539,-9.34029769897461
2329666000,0.0,0.0,-0.0,-2.9991579055786133,0.0008856058120727539,-9.34029769897461
2336536000,0.0,0.0,-0.0,-2.9991579055786133,0.0008856058120727539,-9.34029769897461
2343582000,0.0,0.0,-0.0,-2.9991579055786133,0.0008856058120727539,-9.34029769897461
2357404000,0.0,0.0,-0.0,-2.9991579055786133,0.0008856058120727539,-9.34029769897461
2364318000,0.0,0.0,-0.0,-2.9991579055786133,0.0008856058120727539,-9.34029769897461
2371291000,0.0,0.0,-0.0,-2.9991579055786133,0.0008856058120727539,-9.34029769897461
2378225000,0.0,0.0,-0.0,-2.9991579055786133,0.0008856058120727539,-9.34029769897461
2392143000,0.0,0.0,-0.0,-2.9991579055786133,0.0008856058120727539,-9.34029769897461
2399076000,0.0,0.0,-0.0,-2.9991579055786133,0.0008856058120727539,-9.34029769897461
2406084000,0.0,0.0,-0.0,-2.9991579055786133,0.0008856058120727539,-9.34029769897461
2412925000,0.0,0.0,-0.0,-2.9991579055786133,0.0008856058120727539,-9.34029769897461
2426841000,0.0,0.0,-0.0,-2.9991579055786133,0.0008856058120727539,-9.34029769897461
2433758000,0.0,0.0,-0.0,-2.9991579055786133,0.0008856058120727539,-9.34029769897461
2440820000,0.0,0.0,-0.0,-2.9991579055786133,0.0008856058120727539,-9.34029769897461
2447654000,0.0,0.0,-0.0,-2.9991579055786133,0.0008856058120727539,-9.34029769897461
2454621000,0.0,0.0,-0.0,-2.9991579055786133,0.0008856058120727539,-9.34029769897461
2468513000,0.0,0.0,-0.0,-2.9991579055786133,0.0008856058120727539,-9.34029769897461
2475434000,0.0,0.0,-0.0,-2.9991579055786133,0.0008856058120727539,-9.34029769897461
2482440000,0.0,0.0,-0.0,-2.9991579055786133,0.0008856058120727539,-9.34029769897461
2489422000,0.0,0.0,-0.0,-2.9991579055786133,0.0008856058120727539,-9.34029769897461
2503196000,0.0,0.0,-0.0,-2.9991579055786133,0.0008856058120727539,-9.34029769897461
2510196000,0.0,0.0,-0.0,-2.9991579055786133,0.0008856058120727539,-9.34029769897461
2517090000,0.0,0.0,-0.0,-2.9991579055786133,0.0008856058120727539,-9.34029769897461
2524067000,0.0,0.0,-0.0,-2.9991579055786133,0.0008856058120727539,-9.34029769897461
2530967000,0.0,0.0,-0.0,-2.9991579055786133,0.0008856058120727539,-9.34029769897461
2544943000,0.0,0.0,-0.0,-2.9991579055786133,0.0008856058120727539,-9.34029769897461
2551884000,0.0,0.0,-0.0,-2.9991579055786133,0.0008856058120727539,-9.34029769897461
2558858000,0.0,0.0,-0.0,-2.9991579055786133,0.0008856058120727539,-9.34029769897461
2565697000,0.0,0.0,-0.0,-2.9991579055786133,0.0008856058120727539,-9.34029769897461
2579604000,0.0,0.0,-0.0,-2.9991579055786133,0.0008856058120727539,-9.34029769897461
2586546000,0.0,0.0,-0.0,-2.9991579055786133,0.0008856058120727539,-9.34029769897461
2593588000,0.0,0.0,-0.0,-2.9991579055786133,0.0008856058120727539,-9.34029769897461
2600498000,0.0,0.0,-0.0,-2.9991579055786133,0.0008856058120727539,-9.34029769897461
2607531000,0.0,0.0,-0.0,-2.9991579055786133,0.0008856058120727539,-9.34029769897461
2621424000,0.0,0.0,-0.0,-2.9991579055786133,0.0008856058120727539,-9.34029769897461
2628538000,0.0,0.0,-0.0,-2.9991579055786133,0.0008856058120727539,-9.34029769897461
2635288000,0.0,0.0,-0.0,-2.9991579055786133,0.0008856058120727539,-9.34029769897461
2642232000,0.0,0.0,-0.0,-2.9991579055786133,0.0008856058120727539,-9.34029769897461
2649114000,0.0,0.0,-0.0,-2.9991579055786133,0.0008856058120727539,-9.34029769897461
2663082000,0.0,0.0,-0.0,-2.9991579055786133,0.0008856058120727539,-9.34029769897461
2670120000,0.0,0.0,-0.0,-2.9991579055786133,0.0008856058120727539,-9.34029769897461
2677014000,0.0,0.0,-0.0,-2.9991579055786133,0.0008856058120727539,-9.34029769897461
2683945000,0.0,0.0,-0.0,-2.9991579055786133,0.0008856058120727539,-9.34029769897461
2697847000,0.0,0.0,-0.0,-2.9991579055786133,0.0008856058120727539,-9.34029769897461
2704785000,0.0,0.0,-0.0,-2.9991579055786133,0.0008856058120727539,-9.34029769897461
2711692000,0.0,0.0,-0.0,-2.9991579055786133,0.0008856058120727539,-9.34029769897461
2718590000,0.0,0.0,-0.0,-2.9991579055786133,0.0008856058120727539,-9.34029769897461
2732496000,0.0,0.0,-0.0,-2.9991579055786133,0.0008856058120727539,-9.34029769897461
2739484000,0.0,0.0,-0.0,-2.9991579055786133,0.0008856058120727539,-9.34029769897461
2746429000,0.0,0.0,-0.0,-2.9991579055786133,0.0008856058120727539,-9.34029769897461
2753368000,0.0,0.0,-0.0,-2.9991579055786133,0.0008856058120727539,-9.34029769897461
2760304000,0.0,0.0,-0.0,-2.9991579055786133,0.0008856058120727539,-9.34029769897461
2774281000,0.0,0.0,-0.0,-2.9991579055786133,0.0008856058120727539,-9.34029769897461
2781111000,0.0,0.0,-0.0,-2.9991579055786133,0.0008856058120727539,-9.34029769897461
2788069000,0.0,0.0,-0.0,-2.9991579055786133,0.0008856058120727539,-9.34029769897461
2795007000,0.0,0.0,-0.0,-2.9991579055786133,0.0008856058120727539,-9.34029769897461
2808906000,0.0,0.0,-0.0,-2.9991579055786133,0.0008856058120727539,-9.34029769897461
2815869000,0.0,0.0,-0.0,-2.9991579055786133,0.0008856058120727539,-9.34029769897461
2822919000,0.0,0.0,-0.0,-2.9991579055786133,0.0008856058120727539,-9.34029769897461
2829789000,0.0,0.0,-0.0,-2.9991579055786133,0.0008856058120727539,-9.34029769897461
2836789000,0.0,0.0,-0.0,-2.9991579055786133,0.0008856058120727539,-9.34029769897461
2850753000,0.0,0.0,-0.0,-2.9991579055786133,0.0008856058120727539,-9.34029769897461
2857610000,0.0,0.0,-0.0,-2.9991579055786133,0.0008856058120727539,-9.34029769897461
2864518000,0.0,0.0,-0.0,-2.9991579055786133,0.0008856058120727539,-9.34029769897461
2871519000,0.0,0.0,-0.0,-2.9991579055786133,0.0008856058120727539,-9.34029769897461
2878471000,0.0,0.0,-0.0,-2.9991579055786133,0.0008856058120727539,-9.34029769897461
2892557000,0.0,0.0,-0.0,-2.9991579055786133,0.0008856058120727539,-9.34029769897461
2899389000,0.0,0.0,-0.0,-2.9991579055786133,0.0008856058120727539,-9.34029769897461
2906272000,0.0,0.0,-0.0,-2.9991579055786133,0.0008856058120727539,-9.34029769897461
2913242000,0.0,0.0,-0.0,-2.9991579055786133,0.0008856058120727539,-9.34029769897461
2927150000,0.0,0.0,-0.0,-2.9991579055786133,0.0008856058120727539,-9.34029769897461
2933998000,0.0,0.0,-0.0,-2.9991579055786133,0.0008856058120727539,-9.34029769897461
2940994000,0.0,0.0,-0.0,-2.9991579055786133,0.0008856058120727539,-9.34029769897461
2947840000,0.0,0.0,-0.0,-2.9991579055786133,0.0008856058120727539,-9.34029769897461
2954806000,0.0,0.0,-0.0,-2.9991579055786133,0.0008856058120727539,-9.34029769897461
2968701000,0.0,0.0,-0.0,-2.9991579055786133,0.0008856058120727539,-9.34029769897461
2975645000,0.0,0.0,-0.0,-2.9991579055786133,0.0008856058120727539,-9.34029769897461
2982590000,0.0,0.0,-0.0,-2.9991579055786133,0.0008856058120727539,-9.34029769897461
2989574000,0.0,0.0,-0.0,-2.9991579055786133,0.0008856058120727539,-9.34029769897461
3003367000,0.0,0.0,-0.0,-2.9991579055786133,0.0008856058120727539,-9.34029769897461
3010398000,0.0,0.0,-0.0,-2.9991579055786133,0.0008856058120727539,-9.34029769897461
3017274000,0.0,0.0,-0.0,-2.9991579055786133,0.0008856058120727539,-9.34029769897461
3024402000,0.0,0.0,-0.0,-2.9991579055786133,0.0008856058120727539,-9.34029769897461
3031204000,0.0,0.0,-0.0,-2.9991579055786133,0.0008856058120727539,-9.34029769897461
3045087000,0.0,0.0,-0.0,-2.9991579055786133,0.0008856058120727539,-9.34029769897461
3051991000,0.0,0.0,-0.0,-2.9991579055786133,0.0008856058120727539,-9.34029769897461
3059038000,0.0,0.0,-0.0,-2.9991579055786133,0.0008856058120727539,-9.34029769897461
3065923000,0.0,0.0,-0.0,-2.9991579055786133,0.0008856058120727539,-9.34029769897461
3079858000,0.0,0.0,-0.0,-2.9991579055786133,0.0008856058120727539,-9.34029769897461
3086723000,0.0,0.0,-0.0,-2.9991579055786133,0.0008856058120727539,-9.34029769897461
3093765000,0.0,0.0,-0.0,-2.9991579055786133,0.0008856058120727539,-9.34029769897461
3100622000,0.0,0.0,-0.0,-2.9991579055786133,0.0008856058120727539,-9.34029769897461
3107641000,0.0,0.0,-0.0,-2.9991579055786133,0.0008856058120727539,-9.34029769897461
3121419000,0.0,0.0,-0.0,-2.9991579055786133,0.0008856058120727539,-9.34029769897461
3128452000,0.0,0.0,-0.0,-2.9991579055786133,0.0008856058120727539,-9.34029769897461
3135334000,0.0,0.0,-0.0,-2.9991579055786133,0.0008856058120727539,-9.34029769897461
3142337000,0.0,0.0,-0.0,-2.9991579055786133,0.0008856058120727539,-9.34029769897461
3149239000,0.0,0.0,-0.0,-2.9991579055786133,0.0008856058120727539,-9.34029769897461
3163119000,0.0,0.0,-0.0,-2.9991579055786133,0.0008856058120727539,-9.34029769897461
3170069000,0.0,0.0,-0.0,-2.9991579055786133,0.0008856058120727539,-9.34029769897461
3177082000,0.0,0.0,-0.0,-2.9991579055786133,0.0008856058120727539,-9.34029769897461
3183982000,0.0,0.0,-0.0,-2.9991579055786133,0.0008856058120727539,-9.34029769897461
3190935000,0.0,0.0,-0.0,-2.9991579055786133,0.0008856058120727539,-9.34029769897461
3204798000,0.0,0.0,-0.0,-2.9991579055786133,0.0008856058120727539,-9.34029769897461
3211820000,0.0,0.0,-0.0,-2.9991579055786133,0.0008856058120727539,-9.34029769897461
3218671000,0.0,0.0,-0.0,-2.9991579055786133,0.0008856058120727539,-9.34029769897461
3225637000,0.0,0.0,-0.0,-2.9991579055786133,0.0008856058120727539,-9.34029769897461
3232544000,0.0,0.0,-0.0,-2.9991579055786133,0.0008856058120727539,-9.34029769897461
3239554000,0.0,0.0,-0.0,-2.9991579055786133,0.0008856058120727539,-9.34029769897461
3253382000,0.0,0.0,-0.0,-2.9991579055786133,0.0008856058120727539,-9.34029769897461
3260358000,0.0,0.0,-0.0,-2.9991579055786133,0.0008856058120727539,-9.34029769897461
3267284000,0.0,0.0,-0.0,-2.9991579055786133,0.0008856058120727539,-9.34029769897461
3274280000,0.0,0.0,-0.0,-2.9991579055786133,0.0008856058120727539,-9.34029769897461
3288119000,0.0,0.0,-0.0,-2.9991579055786133,0.0008856058120727539,-9.34029769897461
3295091000,0.0,0.0,-0.0,-2.9991579055786133,0.0008856058120727539,-9.34029769897461
3302002000,0.0,0.0,-0.0,-2.9991579055786133,0.0008856058120727539,-9.34029769897461
3308968000,0.0,0.0,-0.0,-2.9991579055786133,0.0008856058120727539,-9.34029769897461
3322926000,0.0,0.0,-0.0,-2.9991579055786133,0.0008856058120727539,-9.34029769897461
3329837000,0.0,0.0,-0.0,-2.9991579055786133,0.0008856058120727539,-9.34029769897461
3336867000,0.0,0.0,-0.0,-2.9991579055786133,0.0008856058120727539,-9.34029769897461
3343852000,0.0,0.0,-0.0,-2.9991579055786133,0.0008856058120727539,-9.34029769897461
3350676000,0.0,0.0,-0.0,-2.9991579055786133,0.0008856058120727539,-9.34029769897461
3364603000,0.0,0.0,-0.0,-2.9991579055786133,0.0008856058120727539,-9.34029769897461
3371541000,0.0,0.0,-0.0,-2.9991579055786133,0.0008856058120727539,-9.34029769897461
3378476000,0.0,0.0,-0.0,-2.9991579055786133,0.0008856058120727539,-9.34029769897461
3385390000,0.0,0.0,-0.0,-2.9991579055786133,0.0008856058120727539,-9.34029769897461
3399279000,0.0,0.0,-0.0,-2.9991579055786133,0.0008856058120727539,-9.34029769897461
3406284000,0.0,0.0,-0.0,-2.9991579055786133,0.0008856058120727539,-9.34029769897461
3413258000,0.0,0.0,-0.0,-2.9991579055786133,0.0008856058120727539,-9.34029769897461
3420170000,0.0,0.0,-0.0,-2.9991579055786133,0.0008856058120727539,-9.34029769897461
3434002000,0.0,0.0,-0.0,-2.9991579055786133,0.0008856058120727539,-9.34029769897461
3441042000,0.0,0.0,-0.0,-2.9991579055786133,0.0008856058120727539,-9.34029769897461
3447931000,0.0,0.0,-0.0,-2.9991579055786133,0.0008856058120727539,-9.34029769897461
3454883000,0.0,0.0,-0.0,-2.9991579055786133,0.0008856058120727539,-9.34029769897461
3461827000,0.0,0.0,-0.0,-2.9991579055786133,0.0008856058120727539,-9.34029769897461
3475710000,0.0,0.0,-0.0,-2.9991579055786133,0.0008856058120727539,-9.34029769897461
3482661000,0.0,0.0,-0.0,-2.9991579055786133,0.0008856058120727539,-9.34029769897461
3489613000,0.0,0.0,-0.0,-2.9991579055786133,0.0008856058120727539,-9.34029769897461
3496562000,0.0,0.0,-0.0,-2.9991579055786133,0.0008856058120727539,-9.34029769897461
3510547000,0.0,0.0,-0.0,-2.9991579055786133,0.0008856058120727539,-9.34029769897461
3517349000,0.0,0.0,-0.0,-2.9991579055786133,0.0008856058120727539,-9.34029769897461
3524385000,0.0,0.0,-0.0,-2.9991579055786133,0.0008856058120727539,-9.34029769897461
3531249000,0.0,0.0,-0.0,-2.9991579055786133,0.0008856058120727539,-9.34029769897461
3545171000,0.0,0.0,-0.0,-2.9991579055786133,0.0008856058120727539,-9.34029769897461
3552065000,0.0,0.0,-0.0,-2.9991579055786133,0.0008856058120727539,-9.34029769897461
3559139000,0.0,0.0,-0.0,-2.9991579055786133,0.0008856058120727539,-9.34029769897461
3565982000,0.0,0.0,-0.0,-2.9991579055786133,0.0008856058120727539,-9.34029769897461
3572956000,0.0,0.0,-0.0,-2.9991579055786133,0.0008856058120727539,-9.34029769897461
3586845000,0.0,0.0,-0.0,-2.9991579055786133,0.0008856058120727539,-9.34029769897461
3593836000,0.0,0.0,-0.0,-2.9991579055786133,0.0008856058120727539,-9.34029769897461
3600717000,0.0,0.0,-0.0,-2.9991579055786133,0.0008856058120727539,-9.34029769897461
3607737000,0.0,0.0,-0.0,-2.9991579055786133,0.0008856058120727539,-9.34029769897461
3614615000,0.0,0.0,-0.0,-2.9991579055786133,0.0008856058120727539,-9.34029769897461
3628549000,0.0,0.0,-0.0,-2.9991579055786133,0.0008856058120727539,-9.34029769897461
3635453000,0.0,0.0,-0.0,-2.9991579055786133,0.0008856058120727539,-9.34029769897461
3642425000,0.0,0.0,-0.0,-2.9991579055786133,0.0008856058120727539,-9.34029769897461
3649345000,0.0,0.0,-0.0,-2.9991579055786133,0.0008856058120727539,-9.34029769897461
3656308000,0.0,0.0,-0.0,-2.9991579055786133,0.0008856058120727539,-9.34029769897461
3670170000,0.0,0.0,-0.0,-2.9991579055786133,0.0008856058120727539,-9.34029769897461
3677206000,0.0,0.0,-0.0,-2.9991579055786133,0.0008856058120727539,-9.34029769897461
3684047000,0.0,0.0,-0.0,-2.9991579055786133,0.0008856058120727539,-9.34029769897461
3691007000,0.0,0.0,-0.0,-2.9991579055786133,0.0008856058120727539,-9.34029769897461
3704879000,0.0,0.0,-0.0,-2.9991579055786133,0.0008856058120727539,-9.34029769897461
3711867000,0.0,0.0,-0.0,-2.9991579055786133,0.0008856058120727539,-9.34029769897461
3718779000,0.0,0.0,-0.0,-2.9991579055786133,0.0008856058120727539,-9.34029769897461
3725730000,0.0,0.0,-0.0,-2.9991579055786133,0.0008856058120727539,-9.34029769897461
3732741000,0.0,0.0,-0.0,-2.9991579055786133,0.0008856058120727539,-9.34029769897461
3746600000,0.0,0.0,-0.0,-2.9991579055786133,0.0008856058120727539,-9.34029769897461
3753502000,0.0,0.0,-0.0,-2.9991579055786133,0.0008856058120727539,-9.34029769897461
3760484000,0.0,0.0,-0.0,-2.9991579055786133,0.0008856058120727539,-9.34029769897461
3767509000,0.0,0.0,-0.0,-2.9991579055786133,0.0008856058120727539,-9.34029769897461
3781292000,0.0,0.0,-0.0,-2.9991579055786133,0.0008856058120727539,-9.34029769897461
3788265000,0.0,0.0,-0.0,-2.9991579055786133,0.0008856058120727539,-9.34029769897461
3795224000,0.0,0.0,-0.0,-2.9991579055786133,0.0008856058120727539,-9.34029769897461
3802123000,0.0,0.0,-0.0,-2.9991579055786133,0.0008856058120727539,-9.34029769897461
3809100000,0.0,0.0,-0.0,-2.9991579055786133,0.0008856058120727539,-9.34029769897461
3822961000,0.0,0.0,-0.0,-2.9991579055786133,0.0008856058120727539,-9.34029769897461
3829939000,0.0,0.0,-0.0,-2.9991579055786133,0.0008856058120727539,-9.34029769897461
3836858000,0.0,0.0,-0.0,-2.9991579055786133,0.0008856058120727539,-9.34029769897461
3843885000,0.0,0.0,-0.0,-2.9991579055786133,0.0008856058120727539,-9.34029769897461
3858061000,0.0,0.0,-0.0,-2.9991579055786133,0.0008856058120727539,-9.34029769897461
3864870000,0.0,0.0,-0.0,-2.9991579055786133,0.0008856058120727539,-9.34029769897461
3871786000,0.004658542573451996,-0.01094723492860794,0.003510154550895095,-2.9715967178344727,-0.056429266929626465,-8.336468696594238
3885675000,0.0006458652205765247,-0.005972184706479311,0.0005010643508285284,-1.8545045852661133,0.014985918998718262,-9.496094703674316
3892659000,-0.00028326641768217087,-0.0011106152087450027,0.0001356542343273759,-0.7117038369178772,0.005501210689544678,-9.397096633911133
3899558000,-0.001121971756219864,0.0031734539661556482,-0.0002516679232940078,-0.0002638101577758789,-7.641315460205078e-05,-9.795584678649902
3906592000,-0.0015286384150385857,0.005725476890802383,-0.000531958881765604,-0.0004924535751342773,-0.00011968612670898438,-11.076302528381348
3913457000,-0.0015609138645231724,0.006584244780242443,-0.000703614205121994,-0.0009646415710449219,-0.00013196468353271484,-12.214500427246094
3927384000,-0.0009912122040987015,0.004913238808512688,-0.0007612425251863897,-0.0011239051818847656,-9.822845458984375e-05,-14.077485084533691
3934280000,-0.0006467343773692846,0.0034848847426474094,-0.000682366662658751,-0.0013575553894042969,-7.128715515136719e-05,-14.820014953613281
3941290000,-0.00037909112870693207,0.0022421497851610184,-0.0005594968097284436,-0.0015070438385009766,-3.910064697265625e-05,-15.45304012298584
3948170000,-0.0002178470604121685,0.0013911286368966103,-0.0004132299218326807,-0.0016911029815673828,-2.2649765014648438e-05,-15.989248275756836
3955133000,-0.000155577901750803,0.0009629926644265652,-0.00026184681337326765,-0.002191305160522461,-1.52587890625e-05,-16.440391540527344
3969056000,-0.00020784890512004495,0.0009903390891849995,1.7109123291447759e-06,-0.003088712692260742,-2.8848648071289062e-05,-17.13450813293457
3975983000,-0.0002594906836748123,0.0011842332314699888,9.672075975686312e-05,-0.0035245418548583984,-2.956390380859375e-05,-17.397037506103516
3982961000,-0.0002997593255713582,0.0013618755619972944,0.0001623418356757611,-0.004244804382324219,-3.886222839355469e-05,-17.613393783569336
3989936000,-0.0003209407441318035,0.0014738962054252625,0.00019910652190446854,-0.03854775428771973,-3.504753112792969e-05,-17.696699142456055
3996893000,-0.00032370537519454956,0.001509125460870564,0.00020991185738239437,0.028419017791748047,-4.673004150390625e-05,-18.03691864013672
4010999000,-0.00029561121482402086,0.0014145540772005916,0.0001734526304062456,-0.0070192813873291016,-4.267692565917969e-05,-18.1523380279541
4017694000,-0.0002767776604741812,0.0013334488030523062,0.000137563532916829,-0.007897138595581055,-3.743171691894531e-05,-18.22792625427246
4024751000,-0.0002596306148916483,0.0012549918610602617,9.712236351333559e-05,-0.008550405502319336,-3.504753112792969e-05,-18.288135528564453
4031599000,-0.00024584721541032195,0.0011887331493198872,5.679283640347421e-05,-0.009597063064575195,-3.075599670410156e-05,-18.333721160888672
4038524000,-0.0002356148324906826,0.0011371803702786565,2.0170773495920002e-05,-0.010424137115478516,-2.86102294921875e-05,-18.368698120117188
4052486000,-0.00022206210996955633,0.0010671736672520638,-3.310496686026454e-05,-0.012400388717651367,-2.8848648071289062e-05,-18.411069869995117
4059421000,-0.00021714146714657545,0.0010402213083580136,-4.8049696488305926e-05,-0.013405799865722656,-2.288818359375e-05,-18.421695709228516
4066327000,-0.0002123393351212144,0.0010148638393729925,-5.5413751397281885e-05,-0.014532804489135742,-2.7418136596679688e-05,-18.426433563232422
4073299000,-0.00020705570932477713,0.000988455256447196,-5.620914453174919e-05,-0.015731096267700195,-1.9311904907226562e-05,-18.426475524902344
4080252000,-0.00020119105465710163,0.0009607280371710658,-5.1753726438619196e-05,-0.016774892807006836,-2.6702880859375e-05,-18.423036575317383
4094137000,-0.0001887441030703485,0.0009028558852151036,-3.32990603055805e-05,-0.01930546760559082,-2.765655517578125e-05,-18.405847549438477
4101069000,-0.00018224096857011318,0.000873918819706887,-2.230882819276303e-05,-0.020697832107543945,-2.3603439331054688e-05,-18.393306732177734
4108061000,-0.0001765816123224795,0.0008461919496767223,-1.1719661415554583e-05,-0.02194976806640625,-2.2649765014648438e-05,-18.379302978515625
4114957000,-0.00017106381710618734,0.0008193367393687367,-2.373912138864398e-06,-0.023443222045898438,-1.6927719116210938e-05,-18.363033294677734
4121862000,-0.00016583205433562398,0.0007937283953651786,5.119756679050624e-06,-0.024740219116210938,-1.71661376953125e-05,-18.346036911010742
4135814000,-0.00015576364239677787,0.000745555676985532,1.383233757223934e-05,-0.027904033660888672,-2.0742416381835938e-05,-18.307249069213867
4142780000,-0.0001509641297161579,0.0007228869362734258,1.508227433077991e-05,-0.029385805130004883,-2.1219253540039062e-05,-18.286970138549805
4149674000,-0.00014626607298851013,0.0007007847307249904,1.4749421097803861e-05,-0.030913829803466797,-2.1696090698242188e-05,-18.265913009643555
4156597000,-0.0001419049222022295,0.0006793354987166822,1.3159056834410876e-05,-0.03270459175109863,-2.193450927734375e-05,-18.24357795715332
4163568000,-0.00013774912804365158,0.0006585284718312323,1.0799449228215963e-05,-0.03432321548461914,-1.3589859008789062e-05,-18.22117805480957
4177502000,-0.00012904725736007094,0.0006185482488945127,4.947258275933564e-06,-0.037850379943847656,-1.7881393432617188e-05,-18.174657821655273
4184376000,-0.00012497504940256476,0.0005993277300149202,2.224478521384299e-06,-0.039730072021484375,-2.0742416381835938e-05,-18.15057373046875
4191604000,-0.00012123375199735165,0.0005807647248730063,-1.9396247807890177e-07,-0.04137277603149414,-1.4781951904296875e-05,-18.12700843811035
4198274000,-0.00011760968482121825,0.0005627667414955795,-2.053362550213933e-06,-0.04343748092651367,-1.8835067749023438e-05,-18.101999282836914
4212250000,-0.00011067144805565476,0.000529248034581542,-4.052446456626058e-06,-0.04734396934509277,-1.8596649169921875e-05,-18.052318572998047
4219109000,-0.00010722008300945163,0.0005130974459461868,-4.259869456291199e-06,-0.04933738708496094,-1.5497207641601562e-05,-18.027069091796875
4226095000,-0.00010392788681201637,0.0004972502938471735,-3.9982187445275486e-06,-0.05144071578979492,-1.049041748046875e-05,-18.001487731933594
4232989000,-0.000100438337540254,0.00048174633411690593,-3.433342499192804e-06,-0.053522586822509766,-1.6450881958007812e-05,-17.9759578704834
4246973000,-9.42625047173351e-05,0.00045253324788063765,-1.871529093477875e-06,-0.0578310489654541,-1.0967254638671875e-05,-17.92412567138672
4253854000,-9.13182448130101e-05,0.00043874105904251337,-1.0720250429585576e-06,-0.060094356536865234,-9.298324584960938e-06,-17.897844314575195
4260846000,-8.86275083757937e-05,0.0004251656064298004,-3.671666490845382e-07,-0.06237292289733887,-6.198883056640625e-06,-17.87152862548828
4267754000,-8.582018199376762e-05,0.00041202615830115974,2.0283187041059136e-07,-0.06462836265563965,-1.4781951904296875e-05,-17.845243453979492
4274761000,-8.324676309712231e-05,0.0003992606943938881,6.92467438057065e-07,-0.06700444221496582,-1.3113021850585938e-05,-17.818641662597656
4288580000,-7.833910058252513e-05,0.0003752657794393599,1.2265227269381285e-06,-0.07186245918273926,-1.239776611328125e-05,-17.764856338500977
4295530000,-7.583262049593031e-05,0.0003637433983385563,1.2425007298588753e-06,-0.07429051399230957,-1.1920928955078125e-05,-17.738014221191406
4302469000,-7.368371007032692e-05,0.00035269767977297306,1.0749208740890026e-06,-0.0767207145690918,-1.2874603271484375e-05,-17.71139144897461
4309439000,-7.134120096452534e-05,0.0003418942214921117,9.176073945127428e-07,-0.07928705215454102,-1.239776611328125e-05,-17.68392562866211
4316337000,-6.92495668772608e-05,0.00033121477463282645,7.245107553899288e-07,-0.08193683624267578,-3.814697265625e-06,-17.656692504882812
4330240000,-6.496603600680828e-05,0.0003112556878477335,3.2715252018533647e-07,-0.08716440200805664,-5.7220458984375e-06,-17.601951599121094
4337176000,-6.270006997510791e-05,0.00030169624369591475,1.701118890196085e-07,-0.08991694450378418,-7.867813110351562e-06,-17.574142456054688
4344213000,-6.075744749978185e-05,0.00029250007355585694,2.2719177650287747e-08,-0.09259271621704102,-9.059906005859375e-06,-17.546710968017578
4351024000,-5.909200990572572e-05,0.00028328216285444796,-7.001654012128711e-08,-0.09545540809631348,-1.2159347534179688e-05,-17.51872444152832
4358069000,-5.724727816414088e-05,0.000274628953775391,-1.5687328414060175e-07,-0.09823203086853027,-4.5299530029296875e-06,-17.491147994995117
4364934000,-5.57492021471262e-05,0.00026629347121343017,-2.3852044250816107e-07,-0.10108041763305664,2.384185791015625e-06,-17.462974548339844
4378863000,-5.2184463129378855e-05,0.0002498282410670072,-2.957858669105917e-07,-0.10693717002868652,-2.6226043701171875e-06,-17.40688133239746
4385765000,-5.04915660712868e-05,0.00024219641636591405,-2.776178007479757e-07,-0.10976767539978027,3.5762786865234375e-06,-17.379058837890625
4392812000,-4.9123671487905085e-05,0.00023490338935516775,-2.606684574857354e-07,-0.11293411254882812,-8.58306884765625e-06,-17.350479125976562
4399664000,-4.753402026835829e-05,0.0002278170723002404,-1.9902290659956634e-07,-0.11584353446960449,-2.86102294921875e-06,-17.322410583496094
4406644000,-4.608789458870888e-05,0.00022065802477300167,-9.548966772854328e-08,-0.11911535263061523,-5.0067901611328125e-06,-17.293699264526367
4420487000,-4.3082269257865846e-05,0.0002075193915516138,4.721368895843625e-08,-0.12526273727416992,-3.5762786865234375e-06,-17.23697853088379
4427492000,-4.1771025280468166e-05,0.00020108868193347007,4.432149580679834e-08,-0.12850666046142578,1.6689300537109375e-06,-17.2082462310791
4434365000,-4.0563492802903056e-05,0.00019474166037980467,1.32884451886639e-07,-0.13178539276123047,-2.6226043701171875e-06,-17.179590225219727
4441463000,-3.936146094929427e-05,0.0001887999096652493,2.1600499167107046e-07,-0.13494420051574707,1.6689300537109375e-06,-17.151193618774414
4448287000,-3.841436409857124e-05,0.00018295565678272396,2.4835753720253706e-07,-0.13835406303405762,-1.6689300537109375e-06,-17.122072219848633
4462203000,-3.609625855460763e-05,0.00017187486810144037,1.7316051525995135e-07,-0.1450517177581787,-2.86102294921875e-06,-17.064491271972656
4469092000,-3.486459900159389e-05,0.00016669453179929405,1.6252670320682228e-07,-0.14841866493225098,1.430511474609375e-06,-17.03571319580078
4476083000,-3.3641932532191277e-05,0.00016150296141859144,1.0689291229937226e-07,-0.1518239974975586,-3.5762786865234375e-06,-17.006855010986328
4483000000,-3.2593728974461555e-05,0.0001563851983519271,1.0032817954197526e-07,-0.15536832809448242,0.0,-16.97759437561035
4489925000,-3.144494257867336e-05,0.00015174747386481613,9.415271051693708e-08,-0.15887022018432617,-4.76837158203125e-06,-16.948673248291016
4503838000,-2.967537147924304e-05,0.0001424807560397312,8.295501174870878e-08,-0.16602611541748047,-3.5762786865234375e-06,-16.890308380126953
4510880000,-2.8776252293027937e-05,0.00013824281631968915,7.786002242937684e-08,-0.1695098876953125,-7.152557373046875e-07,-16.86146354675293
4517720000,-2.7838657842949033e-05,0.00013410940300673246,2.7439455152489245e-08,-0.17342376708984375,-4.5299530029296875e-06,-16.83165740966797
4524727000,-2.7034839149564505e-05,0.00012964841153007,2.5755070964805782e-08,-0.176985502243042,-1.430511474609375e-06,-16.802814483642578
4538576000,-2.565975592005998e-05,0.00012228329433128238,-2.292836143169552e-08,-0.18449854850769043,-1.9073486328125e-06,-16.74420166015625
4545532000,-2.4833367206156254e-05,0.0001186760637210682,-2.1520463633351028e-08,-0.18828177452087402,1.1920928955078125e-06,-16.71468734741211
4552542000,-2.420824603177607e-05,0.00011499983520479873,2.544038579799235e-08,-0.19717788696289062,4.0531158447265625e-06,-16.67217445373535
4559455000,-2.3170134227257222e-05,0.00011150832870043814,6.959271559026092e-08,-0.19081759452819824,-1.6689300537109375e-06,-16.669309616088867
4566344000,-2.261557528981939e-05,0.00010793765250127763,6.531809049192816e-08,-0.19979500770568848,7.152557373046875e-07,-16.62670135498047
4580249000,-2.1291780285537243e-05,0.00010154931806027889,5.7541910791769624e-08,-0.20767450332641602,-1.6689300537109375e-06,-16.56777572631836
4587230000,-2.0588355255313218e-05,9.823241271078587e-05,5.400943337008357e-08,-0.21164870262145996,4.76837158203125e-07,-16.538314819335938
4594170000,-1.998529478441924e-05,9.51386900851503e-05,5.068977770861238e-08,-0.21571636199951172,3.337860107421875e-06,-16.508567810058594
4601077000,-1.9634986529126763e-05,9.206947288475931e-05,4.75647539133206e-08,-0.2198166847229004,-3.814697265625e-06,-16.479040145874023
4608280000,-1.9334729586262256e-05,8.943815191742033e-05,4.4643456931225955e-08,-0.2238011360168457,-1.9073486328125e-06,-16.449722290039062
4621878000,-1.7701080651022494e-05,8.391421579290181e-05,3.933746484108269e-08,-0.23224306106567383,-2.384185791015625e-06,-16.39031219482422
4628869000,-1.6842925106175244e-05,8.144599996739998e-05,8.256211003754288e-08,-0.23627066612243652,-2.384185791015625e-07,-16.361116409301758
4635788000,-1.6274010704364628e-05,7.899646152509376e-05,1.2313103070482612e-07,-0.2404940128326416,1.9073486328125e-06,-16.33141326904297
4642782000,-1.5953031834214926e-05,7.656292291358113e-05,1.1556767276488245e-07,-0.2447657585144043,3.814697265625e-06,-16.301748275756836
4656608000,-1.5215591702144593e-05,7.198512321338058e-05,5.617403076030314e-08,-0.253338098526001,1.430511474609375e-06,-16.242748260498047
4663681000,-1.4795499737374485e-05,6.980157922953367e-05,7.086782716214657e-09,-0.2577023506164551,3.337860107421875e-06,-16.213138580322266
4670513000,-1.460211569792591e-05,6.759606185369194e-05,-3.898821887560189e-08,-0.26192784309387207,5.0067901611328125e-06,-16.183666229248047
4677531000,-1.4186145563144237e-05,6.553853745572269e-05,-3.6608071241062135e-08,-0.2664794921875,-1.430511474609375e-06,-16.154008865356445
4684423000,-1.3662793207913637e-05,6.33576710242778e-05,-3.4361619327683e-08,-0.27078795433044434,0.0,-16.124347686767578
4698309000,-1.2186173989903182e-05,5.9718313423218206e-05,-3.02698026644066e-08,-0.2796802520751953,3.0994415283203125e-06,-16.065433502197266
4705227000,-1.1698044545482844e-05,5.7951016060542315e-05,-2.8410795493982732e-08,-0.2843136787414551,4.76837158203125e-06,-16.035886764526367
4712204000,-1.1362950317561626e-05,5.601896555162966e-05,-2.6665475161280483e-08,-0.2887237071990967,-1.9073486328125e-06,-16.006437301635742
4719124000,-1.1242438631597906e-05,5.4195872507989407e-05,-2.5028384698089212e-08,-0.293424129486084,-4.76837158203125e-07,-15.976863861083984
4726124000,-1.1139130947412923e-05,5.2883067837683484e-05,-6.913160177646205e-08,-0.297945499420166,4.76837158203125e-07,-15.947196960449219
4733053000,-1.0717027180362493e-05,5.117388354847208e-05,-1.9245817384216934e-08,-0.3024773597717285,1.6689300537109375e-06,-15.91799259185791
4746917000,-1.0044925147667527e-05,4.783297117683105e-05,1.1435531632741913e-07,-0.31187009811401367,3.5762786865234375e-06,-15.858845710754395
4753846000,-9.778985258890316e-06,4.617734521161765e-05,1.0734220268204808e-07,-0.3165726661682129,4.76837158203125e-07,-15.829423904418945
4760823000,-9.384199074702337e-06,4.492472726269625e-05,1.007501850835979e-07,-0.3213777542114258,1.9073486328125e-06,-15.800178527832031
4767747000,-8.962357242126018e-06,4.343391992733814e-05,4.892444849247113e-08,-0.32607483863830566,2.6226043701171875e-06,-15.770828247070312
4775056000,-8.517323294654489e-06,4.207246092846617e-05,2.801243681460619e-10,-0.3308243751525879,3.5762786865234375e-06,-15.741621017456055
4788803000,-8.297130989376456e-06,3.980939072789624e-05,-4.2588453652570024e-08,-0.34051084518432617,5.4836273193359375e-06,-15.682738304138184
4795673000,-8.19717752165161e-06,3.8798360037617385e-05,-3.997411113232374e-08,-0.34529829025268555,6.198883056640625e-06,-15.65364933013916
4802585000,-8.11149220680818e-06,3.759807805181481e-05,8.117240213323385e-09,-0.35033535957336426,2.384185791015625e-07,-15.624183654785156
4809490000,-7.78787216404453e-06,3.640226350398734e-05,5.325864549377002e-08,-0.35510826110839844,9.5367431640625e-07,-15.595476150512695
4823383000,-7.034343070699833e-06,3.404555536690168e-05,1.3539329302147962e-07,-0.365037202835083,3.5762786865234375e-06,-15.536882400512695
4830311000,-6.614282028749585e-06,3.3023163268808275e-05,1.270791472052224e-07,-0.3701162338256836,3.5762786865234375e-06,-15.507622718811035
4837187000,-6.587695679627359e-06,3.181310239597224e-05,1.1927568266401067e-07,-0.3750264644622803,4.291534423828125e-06,-15.478705406188965
4844229000,-6.481515811174177e-06,3.077571091125719e-05,1.1195061233593151e-07,-0.38008689880371094,5.4836273193359375e-06,-15.449812889099121
4858206000,-6.240961738512851e-06,2.8980934075661935e-05,1.0146777640329674e-08,-0.39282751083374023,6.198883056640625e-06,-15.38565444946289
4865088000,-6.100734026404098e-06,2.8096641472075135e-05,-3.6162873584544286e-08,-0.3926727771759033,6.9141387939453125e-06,-15.36895751953125
4871908000,-5.8972764236386865e-06,2.7422809580457397e-05,-3.394143277546391e-08,-0.40044105052948,7.152557373046875e-07,-15.334227561950684
4878929000,-5.639467417495325e-06,2.667836997716222e-05,-3.185778041370213e-08,-0.40572452545166016,1.1920928955078125e-06,-15.30496883392334
4892811000,-4.847719537792727e-06,2.4718610802665353e-05,6.041273081791587e-08,-0.415996789932251,1.9073486328125e-06,-15.247862815856934
4899720000,-4.7396715672221035e-06,2.4109867808874696e-05,1.1063548299716786e-08,-0.4211866855621338,3.0994415283203125e-06,-15.219143867492676
4906823000,-4.647041350835934e-06,2.3671378585277125e-05,1.0383701010141522e-08,-0.4264395236968994,3.337860107421875e-06,-15.19062328338623
4913627000,-4.48424179921858e-06,2.279514774272684e-05,-3.589320840546861e-08,-0.4317355155944824,3.814697265625e-06,-15.162015914916992
4920543000,-4.428056854521856e-06,2.1877180188312195e-05,-7.9329311120091e-08,-0.43691349029541016,4.172325134277344e-06,-15.133666038513184
4934425000,-4.243314833729528e-06,2.0784864318557084e-05,-1.583603079780005e-07,-0.447604775428772,4.887580871582031e-06,-15.076780319213867
4941523000,-4.138128133490682e-06,1.998699372052215e-05,-1.0299709174432792e-07,-0.45281994342803955,5.841255187988281e-06,-15.04834270477295
4948358000,-4.047953552799299e-06,1.930298822117038e-05,-5.1034021453233436e-08,-0.45836150646209717,5.9604644775390625e-06,-15.019876480102539
4955271000,-3.8038697312003933e-06,1.8716560589382425e-05,-2.2589574655285105e-09,-0.4637843370437622,7.152557373046875e-07,-14.991820335388184
4962352000,-3.6780020309379324e-06,1.8213810108136386e-05,4.352023097453639e-08,-0.46910619735717773,1.3113021850585938e-06,-14.963706016540527
4976154000,-3.4894865166279487e-06,1.7258444131584838e-05,8.117649485939182e-08,-0.48007428646087646,1.9073486328125e-06,-14.907240867614746
4983069000,-3.4084805520251393e-06,1.6796988347778097e-05,3.0551063900929876e-08,-0.4854700565338135,1.9073486328125e-06,-14.879398345947266
4989977000,-3.339029717608355e-06,1.6401379980379716e-05,-1.696548679319676e-08,-0.4908679723739624,2.5033950805664062e-06,-14.851551055908203
4996993000,-3.1961062632035464e-06,1.6062227587099187e-05,-6.156392373668496e-08,-0.4963885545730591,2.86102294921875e-06,-14.823800086975098
5003867000,-3.1569652492180467e-06,1.5271174561348744e-05,-5.778292688773945e-08,-0.5019304752349854,3.5762786865234375e-06,-14.795771598815918
5017762000,-2.9993370844749734e-06,1.417830844729906e-05,-5.2600626077037305e-09,-0.5127094984054565,3.5762786865234375e-06,-14.741081237792969
5024771000,-2.9048906071693636e-06,1.3822849723510444e-05,4.0701024772715755e-08,-0.5185661315917969,4.172325134277344e-06,-14.712870597839355
5031673000,-2.823921022354625e-06,1.3518109881260898e-05,8.384017746720929e-08,-0.5242563486099243,4.649162292480469e-06,-14.685297012329102
5038587000,-2.7545029297471046e-06,1.3256852071208414e-05,1.243306542164646e-07,-0.5298244953155518,4.291534423828125e-06,-14.657757759094238
5052566000,-2.560588654887397e-06,1.230476573255146e-05,2.1055029719718732e-08,-0.541187047958374,5.125999450683594e-06,-14.602972030639648
5059573000,-2.5287481548730284e-06,1.2049870747432578e-05,-2.5877625375869684e-08,-0.5466337203979492,5.364418029785156e-06,-14.576105117797852
5066361000,-2.501448761904612e-06,1.1664587873383425e-05,-2.4288510758196935e-08,-0.5524102449417114,5.841255187988281e-06,-14.548577308654785
5073297000,-2.478045644238591e-06,1.1417661880841479e-05,-2.2797166820964776e-08,-0.5580451488494873,6.079673767089844e-06,-14.521656036376953
5080335000,-2.2912172426003963e-06,1.1205973351025023e-05,-2.1396999727585353e-08,-0.5638037919998169,6.67572021484375e-06,-14.494486808776855
5094280000,-2.303467226738576e-06,9.951590982382186e-06,6.962477527849842e-08,-0.5752116441726685,6.9141387939453125e-06,-14.440566062927246
5101137000,-2.2249287212616764e-06,9.615558155928738e-06,6.53477627565735e-08,-0.5809850692749023,2.384185791015625e-07,-14.41395378112793
5108082000,-2.0742172637255862e-06,9.244098691851832e-06,6.133495844551362e-08,-0.586783766746521,5.960464477539062e-07,-14.38713264465332
5115112000,-1.9450117179076187e-06,9.092410437006038e-06,5.756839982495876e-08,-0.5926297903060913,7.152557373046875e-07,-14.36031723022461
5121920000,-1.8342379917157814e-06,8.962359970610123e-06,5.403330760600511e-08,-0.5983023643493652,1.1920928955078125e-06,-14.33395767211914
5135858000,-1.7412430679542013e-06,8.600419278081972e-06,4.760079264087835e-08,-0.6100152730941772,1.7881393432617188e-06,-14.280725479125977
5142848000,-1.5761620488774497e-06,8.37380503071472e-06,-9.620180208003148e-10,-0.6158392429351807,1.9073486328125e-06,-14.25460433959961
5149761000,-1.5180226000666153e-06,8.096146302705165e-06,-4.654191343433922e-08,-0.6216334104537964,2.1457672119140625e-06,-14.228216171264648
5156631000,-1.4681800166727044e-06,7.7747245086357e-06,-8.932283890317194e-08,-0.6275467872619629,2.384185791015625e-06,-14.202021598815918
5170528000,-1.3888147805118933e-06,7.26292455510702e-06,-1.671651261858642e-07,-0.639289379119873,2.6226043701171875e-06,-14.149907112121582
5177598000,-1.3574090189649723e-06,7.143780749174766e-06,-2.0253867205610732e-07,-0.6451774835586548,2.5033950805664062e-06,-14.123865127563477
5184424000,-1.3304838830663357e-06,7.041635399218649e-06,-1.9010087726201164e-07,-0.6511619091033936,2.7418136596679688e-06,-14.098064422607422
5191397000,-1.2240161595400423e-06,6.787297479604604e-06,-1.3278724964038702e-07,-0.6569808721542358,2.9802322387695312e-06,-14.072378158569336
5198385000,-1.1327415450068656e-06,6.569253855559509e-06,-7.899393494881224e-08,-0.6629431247711182,2.9802322387695312e-06,-14.046513557434082
5212269000,-9.040222721523605e-07,6.222065621841466e-06,1.8886225916503463e-08,-0.6748156547546387,2.7418136596679688e-06,-13.995526313781738
5219192000,-1.108559899876127e-06,5.917909675190458e-06,1.0900419056270039e-07,-0.6808719635009766,2.86102294921875e-06,-13.970118522644043
5226223000,-1.2839082046411932e-06,5.740540018450702e-06,1.9358685676706955e-07,-0.6869282722473145,3.2186508178710938e-06,-13.944601058959961
5233039000,-1.3508556548913475e-06,5.3383264457806945e-06,2.2733786408934975e-07,-0.6927425861358643,3.4570693969726562e-06,-13.919344902038574
5239971000,-1.1581009857764002e-06,5.243658051767852e-06,1.6773924471635837e-07,-0.6988190412521362,3.0994415283203125e-06,-13.894110679626465
5253922000,-9.345612852484919e-07,4.8665638132661115e-06,5.929598501097644e-08,-0.710966944694519,3.4570693969726562e-06,-13.843860626220703
5261061000,-8.012020771275274e-07,4.83921030536294e-06,1.0014389317802852e-08,-0.7168067693710327,3.6954879760742188e-06,-13.819299697875977
5267801000,-8.536439963791054e-07,4.8157608034671284e-06,-3.623961220000638e-08,-0.7229349613189697,3.933906555175781e-06,-13.794175148010254
5274856000,-8.152187547239009e-07,4.712273948825896e-06,-7.965320492075989e-08,-0.7289918661117554,4.172325134277344e-06,-13.769509315490723
5281788000,-8.656606951262802e-07,4.706937033915892e-06,-1.2040072761010379e-07,-0.7351059913635254,4.172325134277344e-06,-13.74483871459961
5295600000,-1.017465137920226e-06,4.388699380797334e-06,7.088436859703506e-08,-0.7472200393676758,4.410743713378906e-06,-13.695719718933105
5302531000,-1.0390481293143239e-06,4.262765287421644e-06,1.1217088058401714e-07,-0.7532318830490112,4.76837158203125e-06,-13.671459197998047
5310519000,-1.1409333637857344e-06,4.071422154083848e-06,1.5092086869117338e-07,-1.0507675409317017,-3.6954879760742188e-06,-13.087784767150879
5317413000,-9.538437097944552e-07,3.787084096984472e-06,1.4027057204657467e-07,-0.4316234588623047,1.4781951904296875e-05,-14.261994361877441
5324345000,-9.011214388010558e-07,3.496847057249397e-06,1.316566908826644e-07,-0.7725584506988525,4.76837158203125e-06,-13.59510612487793
5331357000,-8.559211437386693e-07,3.4147903988923645e-06,1.2357173773125396e-07,-0.7786110639572144,5.125999450683594e-06,-13.571086883544922
5345305000,-9.388197668158682e-07,3.129265905954526e-06,1.0886071777349571e-07,-0.7908645868301392,5.245208740234375e-06,-13.523394584655762
5352129000,-8.882418569555739e-07,2.9328971322684083e-06,1.0217581802862696e-07,-0.7971296310424805,5.245208740234375e-06,-13.499496459960938
5359292000,-6.781092452001758e-07,2.9313130198715953e-06,4.622165761247743e-09,-0.8031749725341797,5.125999450683594e-06,-13.47591495513916
5366024000,-4.979615368938539e-07,3.0967248676461168e-06,-8.69406449055532e-08,-0.8093302249908447,5.0067901611328125e-06,-13.45244026184082
5372974000,-5.936747129453579e-07,2.904993834818015e-06,-8.160191100614611e-08,-0.8154842853546143,5.245208740234375e-06,-13.428967475891113
5386876000,-5.912061169510707e-07,2.742681772360811e-06,-7.188748440967174e-08,-0.8278353214263916,4.76837158203125e-06,-13.382152557373047
5393945000,-5.902288648940157e-07,2.768240392470034e-06,-6.747285397068481e-08,-0.8339638710021973,5.0067901611328125e-06,-13.359360694885254
5400786000,-5.893912202736828e-07,2.790151256704121e-06,-6.332953716992051e-08,-0.840287446975708,5.0067901611328125e-06,-13.335883140563965
5407674000,-5.052884262113366e-07,2.725551439652918e-06,-5.944036729488289e-08,-0.8463493585586548,4.887580871582031e-06,-13.31301498413086
5414701000,-5.999561381031526e-07,2.670169578777859e-06,-5.5790337682992686e-08,-0.8526064157485962,5.245208740234375e-06,-13.290085792541504
5428564000,-4.4095122575527057e-07,2.5819863367360085e-06,-4.914835471936385e-08,-0.8650084733963013,5.0067901611328125e-06,-13.244551658630371
5435487000,-3.780296538025141e-07,2.463705413902062e-06,-4.61301112864021e-08,-0.8711224794387817,5.0067901611328125e-06,-13.222003936767578
5442807000,-3.240879777877126e-07,2.445687641738914e-06,-4.329720582063601e-08,-0.8775782585144043,5.125999450683594e-06,-13.198932647705078
5452559000,-4.446241064215428e-07,2.263452643092023e-06,-4.0638383325131144e-08,-0.8844600915908813,5.245208740234375e-06,-13.175543785095215
5456408000,-4.645737590180943e-07,2.0237346234353026e-06,-3.8141649838507874e-08,-0.8968925476074219,4.76837158203125e-06,-13.142121315002441
5470467000,-6.515200539070065e-07,1.7967329313250957e-06,-3.3593039461266017e-08,-0.9022921323776245,4.887580871582031e-06,-13.110136032104492
5477587000,-7.253203193613444e-07,1.7071198499252205e-06,-3.1530333899354446e-08,-0.9603480100631714,3.4570693969726562e-06,-12.995270729064941
5484335000,-6.191950205902685e-07,1.713844085315941e-06,-2.9544793278546422e-08,-0.8632997274398804,6.4373016357421875e-06,-13.158072471618652
5491227000,-5.307769015416852e-07,1.7194465726788621e-06,-2.7729072371585062e-08,-0.9196637868881226,5.602836608886719e-06,-13.04641342163086
5498246000,-4.550391849988955e-07,1.8076293599733617e-06,-2.6026071964224684e-08,-0.9273494482040405,5.364418029785156e-06,-13.021870613098145
5512126000,-3.3444189284637105e-07,1.793171691133466e-06,-2.292756562383147e-08,-0.9420104026794434,5.841255187988281e-06,-12.974893569946289
5519006000,-2.8666886464634445e-07,1.7665762470642221e-06,-2.1518104631468304e-08,-0.9434443712234497,5.364418029785156e-07,-2.0970358848571777
5526094000,-2.457627488183789e-07,1.5978805549821118e-06,-2.01966656732111e-08,-0.9533714056015015,1.1920928955078125e-07,4.902377128601074
5532921000,-2.106575038851588e-07,1.3278996675580856e-06,-1.8955120140162762e-08,-0.9551165103912354,0.0,9.53979778289795
5546838000,-1.5482828530366533e-07,1.059358510246966e-06,-1.6698578519935836e-08,-0.969071626663208,-2.384185791015625e-07,13.860093116760254
5553733000,-1.3273552212922368e-07,1.241730615220149e-06,-1.5673165876251005e-08,-0.9750242233276367,-4.76837158203125e-07,14.461666107177734
5560968000,-1.1379535180822131e-07,1.0645477459547692e-06,8.108472115964105e-09,-0.981163740158081,-7.152557373046875e-07,14.413814544677734
5567673000,-1.8094226561515825e-07,9.960273246178986e-07,5.325020424606919e-08,-0.9872400760650635,-7.152557373046875e-07,13.926292419433594
5581541000,-2.04472485165752e-07,9.703103387437295e-07,9.114862820069902e-08,-0.9995113611221313,-2.384185791015625e-07,12.1925630569458
5588486000,-2.1698758700949838e-07,9.152379902843677e-07,8.555130648346676e-08,-1.0056817531585693,-2.384185791015625e-07,11.14162826538086
5595514000,-2.2771718022340792e-07,9.097158795157156e-07,3.4658029335332685e-08,-1.0117665529251099,0.0,10.055480003356934
5602364000,-1.9522360616974765e-07,8.632899266558525e-07,9.710205972623953e-09,-1.017963171005249,-4.76837158203125e-07,8.973894119262695
5609408000,-1.256759105672245e-07,8.651804819237441e-07,9.113918508774077e-09,-1.0242938995361328,0.0,7.9247894287109375
5623268000,-2.6514788942222367e-07,9.307736377195397e-07,8.02857869075524e-09,-1.0353224277496338,-1.1920928955078125e-07,6.00579833984375
5630176000,-2.0646552911784966e-07,1.006420461635571e-06,-1.5284626897482667e-08,-1.0428451299667358,-2.384185791015625e-07,5.1319780349731445
5637114000,-2.1869652755412972e-07,8.836560141389782e-07,-3.71658330777791e-08,-1.0490117073059082,-1.1920928955078125e-07,4.340043067932129
5644128000,-1.8749062746792333e-07,8.617948310529755e-07,-3.488355559966294e-08,-1.0553447008132935,0.0,3.6182398796081543
5650984000,-9.819802926358534e-08,8.743218131712638e-07,-3.2741368727329245e-08,-1.0615077018737793,2.384185791015625e-07,2.966254234313965
5657911000,-1.2066664112353465e-07,7.860418236305122e-07,-5.355055066047498e-08,-1.0676562786102295,0.0,2.379427671432495
5671817000,-1.8738620610747603e-07,7.39857227927132e-07,-4.71755043918165e-08,-1.0802019834518433,1.1920928955078125e-07,1.383254051208496
5678885000,-1.9712808807526017e-07,7.124569378902379e-07,-2.1458632204485184e-08,-1.0863022804260254,1.1920928955078125e-07,0.9652538895606995
5685689000,-1.898453660942323e-07,7.358697757808841e-07,-4.296008171422727e-08,-1.0927057266235352,1.1920928955078125e-07,0.5928704738616943
5692738000,-1.62755100063805e-07,7.455195714101137e-07,-4.032186495805945e-08,-1.0993762016296387,1.1920928955078125e-07,0.26116856932640076
5706529000,-1.672455027801334e-07,6.759863140359812e-07,-5.6945864912449906e-08,-1.1112463474273682,1.1920928955078125e-07,-0.28586262464523315
5713557000,-1.8507273580326e-07,6.21220010543766e-07,-3.062936571041064e-08,-1.1175493001937866,1.1920928955078125e-07,-0.5140526294708252
5720409000,-2.003561689889466e-07,5.742676876252517e-07,-5.928612267780409e-09,-1.1237226724624634,1.1920928955078125e-07,-0.7156006693840027
5727479000,-1.6134282532220823e-07,4.818984962184913e-07,-5.564544380831649e-09,-1.1337608098983765,0.0,-0.9106582403182983
5734348000,-1.3827300904267759e-07,5.278822072796174e-07,-5.222119625614141e-09,-1.13235342502594,2.384185791015625e-07,-1.0345865488052368
5748275000,-1.0757577229014714e-07,5.577345518759103e-07,1.8219068920188874e-08,-1.1486173868179321,1.7881393432617188e-07,-1.3148154020309448
5755243000,-8.180177246686071e-08,4.6772447603871115e-07,1.7100198590469518e-08,-1.1547272205352783,1.1920928955078125e-07,-1.4243735074996948
5762156000,-7.012911851234094e-08,4.009827989648329e-07,1.6050087481289665e-08,-1.1609891653060913,1.1920928955078125e-07,-1.5223300457000732
5769097000,-6.012206199557113e-08,3.437646967086039e-07,1.5064443914525327e-08,-1.1672166585922241,1.7881393432617188e-07,-1.6096675395965576
5776121000,-1.1408243949517782e-07,3.780967858801887e-07,-8.680821395046223e-09,-1.1732425689697266,1.1920928955078125e-07,-1.6875455379486084
5789928000,-1.0171950748372183e-07,4.833748334931443e-07,-7.64738672387466e-09,-1.1857571601867676,1.1920928955078125e-07,-1.8215899467468262
5796883000,-8.720445521248621e-08,5.186313956073718e-07,-7.177767713528738e-09,-1.1917909383773804,1.7881393432617188e-07,-1.878419280052185
5803779000,-7.476103291992331e-08,4.237807331719523e-07,-6.736996738254675e-09,-1.1980855464935303,1.7881393432617188e-07,-1.9310053586959839
5810883000,-6.40928874418023e-08,3.6330874308987404e-07,-6.323269019503641e-09,-1.204174280166626,1.7881393432617188e-07,-1.9781161546707153
5824672000,-4.71069796503798e-08,2.6702448963078496e-07,-5.570520045239391e-09,-1.2165087461471558,1.7881393432617188e-07,-2.0626840591430664
5831586000,-4.038516010496096e-08,2.0807621581298008e-07,-5.228443455962406e-09,-1.2226941585540771,2.384185791015625e-07,-2.1000800132751465
5838522000,-3.462250219854468e-08,1.7838529231539724e-07,-4.907374062668168e-09,-1.2287311553955078,1.7881393432617188e-07,-2.134995698928833
5845505000,-7.13739609636832e-08,1.9462292755179078e-07,1.8213491159713158e-08,-1.2348982095718384,1.1920928955078125e-07,-2.167849063873291
5852423000,-6.118944639865731e-08,1.66851677363411e-07,1.7095020510282666e-08,-1.2411816120147705,2.384185791015625e-07,-2.198869228363037
5866380000,-6.581865363841644e-08,2.149647002624988e-07,1.505987867744807e-08,-1.259606122970581,-5.960464477539063e-08,-2.281099796295166
5873240000,-5.6392750025224814e-08,1.841795267409907e-07,-8.770598469709512e-09,-1.2529805898666382,3.5762786865234375e-07,-2.2563369274139404
5880258000,-6.919165684848849e-08,2.621270027702849e-07,-8.232007076003356e-09,-1.2654900550842285,1.1920928955078125e-07,-2.307563543319702
5887184000,-1.0100991687522765e-07,2.664152134457254e-07,-7.72649855207419e-09,-1.2716443538665771,1.7881393432617188e-07,-2.3321263790130615
5901021000,-1.4674782278234488e-08,3.2088661328089074e-07,-5.104525868659948e-08,-1.2838172912597656,1.7881393432617188e-07,-2.3782711029052734
5907982000,-1.2580784414240043e-08,1.9171295662090415e-07,-4.7910596379097115e-08,-1.2898104190826416,2.384185791015625e-07,-2.4004690647125244
5914976000,-1.0785583981487434e-08,1.6435694760730257e-07,-4.496847338941734e-08,-1.2959246635437012,1.7881393432617188e-07,-2.422192335128784
5921840000,-9.246534204976342e-09,2.242889678427673e-07,-4.220697391588146e-08,-1.302037000656128,1.7881393432617188e-07,-2.443237781524658
5928855000,-2.8773612825716555e-08,1.7143713648692938e-07,-3.96150170445253e-08,-1.308013677597046,1.7881393432617188e-07,-2.4635677337646484
5943491000,-1.1942765354433504e-07,2.4215361804635904e-07,-1.3480800475917931e-08,-1.3202396631240845,2.384185791015625e-07,-2.5038444995880127
5949777000,-1.0238596814815537e-07,2.0759962637839635e-07,-1.2652954239911196e-08,-1.3260469436645508,1.1920928955078125e-07,-2.5229759216308594
5956592000,-8.777647053648252e-08,9.459462546601571e-08,-1.1875968652930169e-08,-1.3322747945785522,1.7881393432617188e-07,-2.542383909225464
5963580000,-7.525125056417892e-08,2.0617378027054656e-07,-1.1146664036232323e-08,-1.3381884098052979,1.7881393432617188e-07,-2.560971260070801
5970462000,-6.451347189795342e-08,3.018298286860954e-07,-1.0462155586310473e-08,-1.344293475151062,1.7881393432617188e-07,-2.579774856567383
5984375000,-5.7231090977438726e-09,2.635285625274264e-07,1.2202132637639806e-08,-1.356230616569519,1.1920928955078125e-07,-2.615968704223633
5991323000,3.6785991142096464e-08,2.6761694016386173e-07,1.1452797821220884e-08,-1.362176775932312,1.7881393432617188e-07,-2.6337826251983643
5998292000,-1.0155602581107814e-08,1.877370010561208e-07,3.3569321544746344e-08,-1.3681347370147705,1.7881393432617188e-07,-2.6514089107513428
6005199000,3.298598016954202e-08,2.0264037914330402e-07,5.432764638158005e-08,-1.3740520477294922,1.1920928955078125e-07,-2.6686627864837646
6019190000,4.209144321976055e-08,1.667128515236982e-07,4.784948615110807e-08,-1.3806066513061523,3.5762786865234375e-07,-2.6805431842803955
6026158000,3.608522547438042e-08,2.2630874241258425e-07,4.491106864179528e-08,-1.3918689489364624,1.1920928955078125e-07,-2.7197728157043457
6032995000,3.093620648542128e-08,2.982447426802537e-07,4.215317517264339e-08,-1.3978943824768066,2.384185791015625e-07,-2.7367591857910156
6039975000,2.652177499840036e-08,2.5568684236532135e-07,3.9564564957572657e-08,-1.4145104885101318,-2.384185791015625e-07,-2.7971882820129395
6047049000,2.2711759584126412e-08,2.1895587565268215e-07,3.711854645871426e-08,-1.3989622592926025,6.556510925292969e-07,-2.7253026962280273
6060843000,-5.7769256045503425e-08,8.646443916404678e-08,3.269962789431702e-08,-1.4215904474258423,2.384185791015625e-07,-2.8016624450683594
6067776000,-9.121784216858941e-08,1.158184375071869e-07,7.87210296948615e-09,-1.4274179935455322,2.384185791015625e-07,-2.817810535430908
6074695000,-7.820138137049071e-08,9.929154742849278e-08,7.388674561070729e-09,-1.433221697807312,1.7881393432617188e-07,-2.8330934047698975
6081760000,-6.704277666358394e-08,8.512360238910333e-08,6.93495039172376e-09,-1.4392130374908447,1.7881393432617188e-07,-2.849076986312866
6088582000,-5.747614295614767e-08,7.297691695384856e-08,6.509076833083327e-09,-1.4450657367706299,1.7881393432617188e-07,-2.8643569946289062
6102493000,-4.224359884119622e-08,7.448193173331674e-08,5.734191788064891e-09,-1.4566627740859985,1.7881393432617188e-07,-2.894761085510254
6109498000,4.716662971304686e-08,1.0554531115758436e-07,-1.7437109534057527e-08,-1.4627094268798828,1.7881393432617188e-07,-2.9106576442718506
6116383000,-4.2959065638115135e-08,1.5302870792766043e-07,-1.6366172417292546e-08,-1.4682502746582031,1.1920928955078125e-07,-2.92449688911438
6123374000,-1.598011323267201e-08,1.103418156844782e-07,-1.536102978150211e-08,-1.4766900539398193,1.1920928955078125e-07,-2.94986629486084
6130367000,-1.369583202404101e-08,9.456898197868213e-08,-1.441605945728952e-08,-1.4772331714630127,3.5762786865234375e-07,-2.942593574523926
6144250000,-1.0066088407256757e-08,6.950577358111332e-08,-1.2699866935861337e-08,-1.4914458990097046,1.1920928955078125e-07,-2.9824976921081543
6151103000,-8.629751135913466e-09,5.9587968337382335e-08,-1.1919994769016284e-08,-1.4973094463348389,2.384185791015625e-07,-2.9969394207000732
6158094000,-7.398348600418103e-09,5.1085208951917593e-08,-1.1188004300777266e-08,-1.5029804706573486,3.5762786865234375e-07,-3.0110068321228027
6165101000,-6.342645519907819e-09,4.3795637338917004e-08,-1.0500952996039814e-08,-1.5086870193481445,2.384185791015625e-07,-3.024664878845215
6179017000,-4.6616897009243985e-09,3.218874411459183e-08,-9.250851640274504e-09,-1.536257028579712,-4.76837158203125e-07,-3.1205265522003174
6185929000,-3.989196528664252e-09,2.7545189240640866e-08,-8.676526164208553e-09,-1.509631872177124,9.5367431640625e-07,-2.996903419494629
6192903000,-3.419970084905799e-09,2.3614697752805114e-08,-8.143712371122547e-09,-1.5315395593643188,1.1920928955078125e-07,-3.079345226287842
6199853000,-2.931972886699441e-09,2.0245106924221545e-08,-7.643624400088811e-09,-1.5373378992080688,2.384185791015625e-07,-3.092663288116455
6206743000,-2.513608876597573e-09,1.735632615407212e-08,-7.174245197916207e-09,-1.542908787727356,2.384185791015625e-07,-3.105971336364746
6220714000,-1.8474377583288515e-09,1.2756455447515691e-08,-6.320171053175727e-09,-1.5541822910308838,1.1920928955078125e-07,-3.131852149963379
6227622000,-1.583818409756077e-09,1.0936179073439689e-08,-5.932051294621488e-09,-1.5599219799041748,1.1920928955078125e-07,-3.144515037536621
6234526000,-1.3578196345065408e-09,9.375668241773383e-09,-5.567771577119629e-09,-1.5654804706573486,1.1920928955078125e-07,-3.157311201095581
6241501000,-1.1640697294978963e-09,8.037831733531675e-09,-5.225861521296338e-09,-1.5710176229476929,1.1920928955078125e-07,-3.1697943210601807
6255411000,-8.555631758611071e-10,5.907613953581858e-09,-4.603740944020274e-09,-1.5822516679763794,1.1920928955078125e-07,-3.1946794986724854
6262346000,-7.334790552704362e-10,5.064629604589754e-09,-4.321027091691576e-09,-1.587888479232788,3.5762786865234375e-07,-3.2068228721618652
6269265000,-6.288156662037636e-10,4.341934811691317e-09,-4.055674018843547e-09,-1.5934433937072754,1.1920928955078125e-07,-3.218935012817383
6276316000,-5.390869972643486e-10,3.722364638747422e-09,-3.806616799550966e-09,-1.5989629030227661,2.384185791015625e-07,-3.2309391498565674
6283191000,-4.6216253046793554e-10,3.191203745700477e-09,-3.572853790601016e-09,-1.6044998168945312,1.1920928955078125e-07,-3.242772340774536
6297042000,-3.39677619365375e-10,2.345453165020217e-09,-3.1475149153692428e-09,-1.6155011653900146,1.1920928955078125e-07,-3.266186475753784
6303950000,-2.912081686901047e-10,2.0107742138009144e-09,-2.9542299717633114e-09,-1.6211388111114502,1.1920928955078125e-07,-3.2776594161987305
6310951000,-2.4965496336903925e-10,1.723852061097375e-09,-2.7728146445582524e-09,-1.6264598369598389,2.384185791015625e-07,-3.289020299911499
6317907000,-2.1403157024479924e-10,1.4778749335420116e-09,-2.6025419597175414e-09,-1.6320164203643799,2.384185791015625e-07,-3.3004908561706543
6324798000,-1.8349088914959566e-10,1.2669931770403764e-09,-2.442723134876701e-09,-1.63748300075531,2.384185791015625e-07,-3.31168270111084
6338713000,-1.3486156635877933e-10,9.312096649338741e-10,-2.1519255266611026e-09,-1.6484266519546509,1.1920928955078125e-07,-3.333822250366211
6345700000,-1.1561740453913671e-10,7.983311789416803e-10,-2.01977656821839e-09,-1.6538068056106567,1.1920928955078125e-07,-3.344493865966797
6352628000,-9.911954590435812e-11,6.844137478978496e-10,-1.8957428959964773e-09,-1.6592004299163818,1.1920928955078125e-07,-3.3551831245422363
6359585000,-8.497591519329717e-11,5.867530905590002e-10,-1.77932746314724e-09,-1.6646023988723755,2.384185791015625e-07,-3.3659234046936035
6373415000,-6.245537420568326e-11,4.3124956383699953e-10,-1.567504792632235e-09,-1.6753026247024536,2.384185791015625e-07,-3.386831283569336
6380392000,-5.354350296471466e-11,3.6971442574085245e-10,-1.4712475682188142e-09,-1.6807329654693604,0.0,-3.397515058517456
6387296000,-4.590311464269803e-11,3.16957349255631e-10,-1.3808975074525165e-09,-1.6860370635986328,1.1920928955078125e-07,-3.4071993827819824
6394336000,-3.9353242886619455e-11,2.7173063799068586e-10,-1.2960995610100667e-09,-1.691420555114746,2.384185791015625e-07,-3.4176831245422363
6401219000,-3.3737790339216644e-11,2.3295676498946705e-10,-1.2165076723746893e-09,-1.696728229522705,1.1920928955078125e-07,-3.42771053314209
6415152000,-2.4796442676944253e-11,1.7121724871227428e-10,-1.0716856291281829e-09,-1.7073172330856323,2.384185791015625e-07,-3.4473748207092285
6422007000,-2.1258189653039494e-11,1.4678583348803897e-10,-1.005874827875175e-09,-1.7126024961471558,2.384185791015625e-07,-3.4570798873901367
6429060000,-1.8224810549583026e-11,1.258405879500657e-10,-9.441053494541052e-10,-1.7178643941879272,2.384185791015625e-07,-3.4667117595672607
6435964000,-1.5624251892276675e-11,1.0788409054995896e-10,-8.86128892485516e-10,-1.7231571674346924,3.5762786865234375e-07,-3.4762158393859863
6442888000,-1.339479915873909e-11,9.2489849112809e-11,-8.317127542234459e-10,-1.7284574508666992,0.0,-3.4857966899871826
6456788000,-9.844833281924537e-12,6.797767904132002e-11,-7.326995676848469e-10,-1.7388365268707275,1.1920928955078125e-07,-3.5043609142303467
6463725000,-8.44004033329071e-12,5.827765353627612e-11,-6.877047820097459e-10,-1.7440030574798584,2.384185791015625e-07,-3.5132200717926025
6470651000,-7.235698151752956e-12,4.9961847159440964e-11,-6.454736189986932e-10,-1.749172329902649,0.0,-3.5223405361175537
6477598000,-6.203232372214984e-12,4.28326887846886e-11,-6.058358814620135e-10,-1.7543888092041016,1.1920928955078125e-07,-3.531437873840332
6491500000,-4.5592002395622444e-12,3.148077631909274e-11,-5.337117414683235e-10,-1.7646815776824951,1.1920928955078125e-07,-3.5488357543945312
6498486000,-3.908637302707518e-12,2.698864048911176e-11,-5.009366810249105e-10,-1.7697911262512207,2.384185791015625e-07,-3.5575737953186035
6505398000,-3.3508890107114553e-12,2.3137464166822497e-11,-4.701738443024794e-10,-1.7749431133270264,1.1920928955078125e-07,-3.5659401416778564
6512414000,-2.872736770687112e-12,1.9835882936192206e-11,-4.413006626791116e-10,-1.7800506353378296,1.1920928955078125e-07,-3.5743913650512695
6519251000,-2.4628285522076965e-12,1.700545954053112e-11,-4.1420095131528e-10,-1.7851307392120361,2.384185791015625e-07,-3.582756757736206
6533202000,-1.810128436030567e-12,1.249863754160252e-11,-3.6489211652224185e-10,-1.7952874898910522,1.1920928955078125e-07,-3.599367141723633
6540067000,-1.5518350493515243e-12,1.0715154458162957e-11,-3.424842354160518e-10,-1.800297737121582,2.384185791015625e-07,-3.6072914600372314
6547056000,-1.3304080059839407e-12,9.186179594777855e-12,-3.214526977934895e-10,-1.805345892906189,2.384185791015625e-07,-3.6153626441955566
6553975000,-1.1405772160077987e-12,7.875384372413308e-12,-3.0171265485989807e-10,-1.8103241920471191,1.1920928955078125e-07,-3.6231868267059326
6560934000,-9.778219900447027e-13,6.751647851910292e-12,-2.83185142002651e-10,-1.8153526782989502,2.384185791015625e-07,-3.6312546730041504
6574790000,-7.186785888624314e-13,4.962304872568879e-12,-2.4947294230415196e-10,-1.825401782989502,3.5762786865234375e-07,-3.6465752124786377
6581823000,-6.161147980687787e-13,4.254211566356858e-12,-2.341528915206226e-10,-1.8302199840545654,1.1920928955078125e-07,-3.653902530670166
6588676000,-5.282094206471299e-13,3.647165902620486e-12,-2.1977383801718986e-10,-1.8353160619735718,2.384185791015625e-07,-3.6614794731140137
6595669000,-4.528356856159377e-13,3.126738451486588e-12,-2.0627761998515126e-10,-1.8402026891708374,2.384185791015625e-07,-3.6688530445098877
6609555000,-3.3282751554786216e-13,2.2980610470124674e-12,-1.8172047200337715e-10,-1.8500463962554932,2.384185791015625e-07,-3.68331241607666
6616617000,-2.853307867756172e-13,1.9701393294546676e-12,-1.705609126156915e-10,-1.854882001876831,1.1920928955078125e-07,-3.690244197845459
6623416000,-2.446185615179175e-13,1.6890117776613423e-12,-1.6008681880119724e-10,-1.859795331954956,1.1920928955078125e-07,-3.697162628173828
6630428000,-2.097193946282161e-13,1.4480049104204085e-12,-1.5025623800735133e-10,-1.864705204963684,2.384185791015625e-07,-3.7044148445129395
6637303000,-1.797936799441402e-13,1.241387201367239e-12,-1.410290634273892e-10,-1.869504690170288,2.384185791015625e-07,-3.7110095024108887
6644523000,-1.5414058918139517e-13,1.0642493830648192e-12,-1.3236864382371039e-10,-1.8743722438812256,1.1920928955078125e-07,-3.717846393585205
6658126000,-1.1329479021604527e-13,7.822024278292261e-13,-1.1661073495705665e-10,-1.8840112686157227,2.384185791015625e-07,-3.7312510013580322
6665117000,-9.713237159036936e-14,6.705851152144504e-13,-1.0944970624260364e-10,-1.8886914253234863,2.384185791015625e-07,-3.737443447113037
6672033000,-8.32701962938387e-14,5.749012377265217e-13,-1.0272863115723396e-10,-1.893608570098877,1.1920928955078125e-07,-3.7439849376678467
6679032000,-7.138734048339757e-14,4.928696339945304e-13,-9.642028842016259e-11,-1.8983348608016968,1.1920928955078125e-07,-3.750413417816162
6692918000,-5.247191570134646e-14,3.6224582361521485e-13,-8.49417064463509e-11,-1.9078567028045654,1.1920928955078125e-07,-3.762813091278076
6699888000,-4.4982247093816596e-14,3.105571355632719e-13,-7.972538601519474e-11,-1.9125111103057861,2.384185791015625e-07,-3.7687318325042725
6706755000,-3.8566372317916375e-14,2.662410222842304e-13,-7.48294690100515e-11,-1.9172070026397705,1.1920928955078125e-07,-3.7748093605041504
6713802000,-3.3063829452117943e-14,2.282514455220763e-13,-7.023422121665845e-11,-1.9219069480895996,1.1920928955078125e-07,-3.780644416809082
6720642000,-2.8346248959199016e-14,1.9568114489887378e-13,-6.592122681059465e-11,-1.9266161918640137,1.1920928955078125e-07,-3.786540985107422
6727643000,-2.430174117495909e-14,1.6775990319128908e-13,-6.187308304594907e-11,-1.9312939643859863,2.384185791015625e-07,-3.792370557785034
6741453000,-1.7862447632133183e-14,1.2329894050200352e-13,-5.4507204305664914e-11,-1.9405021667480469,1.1920928955078125e-07,-3.8034751415252686
6748493000,-1.5313271484185265e-14,1.0570624237038473e-13,-5.1159985969828625e-11,-1.9470093250274658,1.1920928955078125e-07,-3.818600654602051
6755371000,-1.31266525427165e-14,9.059766825636473e-14,-4.801288533418102e-11,-1.9480385780334473,2.384185791015625e-07,-3.8053174018859863
6762391000,-1.1253584869530542e-14,7.76679068281716e-14,-4.506426135031383e-11,-1.9543559551239014,1.1920928955078125e-07,-3.81941294670105
6769265000,-9.647230930776018e-15,6.658692694450075e-14,-4.2296922908580115e-11,-1.958846926689148,1.1920928955078125e-07,-3.8250486850738525
6783216000,-7.0919832506621816e-15,4.8940452385126676e-14,-3.726169026108117e-11,-1.9680801630020142,2.384185791015625e-07,-3.8353657722473145
6790085000,-6.0793384215607205e-15,4.195732303258204e-14,-3.497353101566958e-11,-1.9725960493087769,0.0,-3.840467929840088
6797078000,-5.212410364441311e-15,3.596992495524809e-14,-3.282584967734259e-11,-1.9770710468292236,2.384185791015625e-07,-3.8454456329345703
6804006000,-4.469081354985249e-15,3.0837745551570706e-14,-3.081002813987155e-11,-1.9815493822097778,1.1920928955078125e-07,-3.850141763687134
6817908000,-3.2846989017620842e-15,2.2665463256243967e-14,-2.7142198211205226e-11,-1.9905370473861694,1.1920928955078125e-07,-3.8596625328063965
6824813000,-2.8171909249863347e-15,1.9431505016154205e-14,-2.5475455078804998e-11,-1.9950335025787354,1.1920928955078125e-07,-3.8645153045654297
6831801000,-2.4147350785597155e-15,1.665854953980528e-14,-2.3911015528677027e-11,-1.9994862079620361,1.1920928955078125e-07,-3.868940830230713
6838739000,-2.069741947274828e-15,1.428154469684806e-14,-2.2442648434095602e-11,-2.003870964050293,1.1920928955078125e-07,-3.8733460903167725
6845748000,-1.775272637227765e-15,1.2243678293444304e-14,-2.106447481720064e-11,-2.0083296298980713,2.384185791015625e-07,-3.8777897357940674
6859559000,-1.3055962561070444e-15,8.998878031629687e-15,-1.8556803663138943e-11,-2.01713490486145,1.1920928955078125e-07,-3.8863625526428223
6866516000,-1.1191134824395377e-15,7.714748978537855e-15,-1.741723779091764e-11,-2.021501302719116,1.1920928955078125e-07,-3.8904857635498047
6873434000,-9.595189226496714e-16,6.6145006138995655e-15,-1.6347664541505047e-11,-2.025851011276245,2.384185791015625e-07,-3.8945562839508057
6880461000,-8.226926084820008e-16,5.670594202533685e-15,-1.534378873957465e-11,-2.032400369644165,0.0,-3.9113409519195557
6887400000,-7.053819334190692e-16,4.859394137080031e-15,-1.4399361911165975e-11,-2.032257556915283,2.384185791015625e-07,-3.8901023864746094
6901226000,-5.186823193170653e-16,3.572012477470743e-15,-1.268513159097262e-11,-2.043121337890625,1.1920928955078125e-07,-3.9298627376556396
6908156000,-4.443060502845597e-16,3.0620037755335616e-15,-1.1906165289787829e-11,-2.047433853149414,2.384185791015625e-07,-3.9450645446777344
6915172000,-3.8120548384590336e-16,2.6252871404564004e-15,-1.117503312109136e-11,-2.051635265350342,1.1920928955078125e-07,-3.9602160453796387
6922169000,-3.271037954388767e-16,2.2508037100799072e-15,-1.0488778248718411e-11,-2.055929183959961,2.384185791015625e-07,-3.975135326385498
6929095000,-2.80483102022e-16,1.9297714468069493e-15,-9.844665881109105e-12,-2.0601961612701416,3.5762786865234375e-07,-3.990161180496216
6942954000,-2.0643209364124004e-16,1.4182448618282884e-15,-8.67269277227134e-12,-2.06862473487854,1.1920928955078125e-07,-4.020626068115234
6949981000,-1.7705021476688287e-16,1.2160411566597418e-15,-8.140113583188224e-12,-2.072817802429199,2.384185791015625e-07,-4.035905838012695
6956895000,-1.5178830414797062e-16,1.042568809062061e-15,-7.6402391357977e-12,-2.0769314765930176,1.1920928955078125e-07,-4.051126956939697
6963865000,-1.3010426069826053e-16,8.937078507798013e-16,-7.171067992889357e-12,-2.081181764602661,3.5762786865234375e-07,-4.066655158996582
6977719000,-9.573505183047004e-17,6.569180963089671e-16,-6.317365901231664e-12,-2.0894436836242676,2.384185791015625e-07,-4.0972394943237305
6984608000,-8.229094489164979e-17,5.632430286062196e-16,-5.929424486128543e-12,-2.0936226844787598,2.384185791015625e-07,-4.112698554992676
6991546000,-7.047314121155779e-17,4.8295785773366795e-16,-5.565306028521011e-12,-2.097698211669922,3.5762786865234375e-07,-4.128355503082275
6998611000,-6.071532165918825e-17,4.1405680967221414e-16,-5.223537314497095e-12,-2.101731061935425,1.1920928955078125e-07,-4.1434807777404785
7012462000,-4.4289658746032856e-17,3.0438975992530537e-16,-4.601701832085414e-12,-2.1099071502685547,1.1920928955078125e-07,-4.175059795379639
7019331000,-3.810970636286548e-17,2.6107588313450947e-16,-4.319108872635757e-12,-2.1139426231384277,3.5762786865234375e-07,-4.190227031707764
7026274000,-3.2742905609062234e-17,2.237793284010081e-16,-4.0538778930954145e-12,-2.1185498237609863,1.1920928955078125e-07,-4.208768844604492
7033222000,-2.8080836267374565e-17,1.9179536431268573e-16,-3.804798056478154e-12,-2.1215686798095703,2.384185791015625e-07,-4.218906402587891
7047141000,-2.076247160309741e-17,1.4100049253173985e-16,-3.351847228591498e-12,-2.130032539367676,2.384185791015625e-07,-4.252776622772217
7054012000,-1.7835125737386548e-17,1.2088854223213374e-16,-3.1460173008368564e-12,-2.134049415588379,2.384185791015625e-07,-4.268698692321777
7061078000,-1.5287250632045613e-17,1.037039377982385e-16,-2.9528215809981884e-12,-2.13800048828125,2.384185791015625e-07,-4.284379482269287
7067930000,-1.3064636178450328e-17,8.89316831981235e-17,-2.7714870329265118e-12,-2.1419148445129395,0.0,-4.299846172332764
7074865000,-1.1275702593849246e-17,7.62465177800431e-17,-2.6012935295388617e-12,-2.145839214324951,2.384185791015625e-07,-4.315600872039795
7088747000,-8.294146619514109e-18,5.610746242612485e-17,-2.291618500863124e-12,-2.1536412239074707,2.384185791015625e-07,-4.347068786621094
7095734000,-7.101524229780054e-18,4.811147140404426e-17,-2.1508929620023265e-12,-2.1576554775238037,2.384185791015625e-07,-4.362945079803467
7102684000,-6.179952383167375e-18,4.119968255444917e-17,-2.018807430254066e-12,-2.1614625453948975,2.384185791015625e-07,-4.378561019897461
7109590000,-5.2583805365546965e-18,3.531788576871531e-17,-1.8948349833625144e-12,-2.1688406467437744,0.0,-4.4147443771362305
7116601000,-4.526544070126981e-18,3.027634566665771e-17,-1.777992900478531e-12,-2.1656863689422607,4.76837158203125e-07,-4.389641284942627
7130465000,-3.3610267347050637e-18,2.2280354644577116e-17,-1.5663305071370037e-12,-2.1768643856048584,3.5762786865234375e-07,-4.441695690155029
7137375000,-2.913793338554793e-18,1.9081958235744878e-17,-1.470144101942128e-12,-2.180752754211426,2.384185791015625e-07,-4.457764625549316
7144443000,-2.4936649967166602e-18,1.6398557858843255e-17,-1.379857816549701e-12,-2.1844282150268555,2.384185791015625e-07,-4.472837448120117
7151329000,-2.15485181781494e-18,1.405397066084335e-17,-1.2951224294399655e-12,-2.188297748565674,3.5762786865234375e-07,-4.488903522491455
7158252000,-1.8295911660692887e-18,1.2061749168901237e-17,-1.215590670657074e-12,-2.191941499710083,0.0,-4.504717826843262
7165365000,-4.1691848196023784e-08,4.1691844643310105e-08,-2.2820632494813253e-08,-2.196258306503296,2.384185791015625e-07,-5.58018684387207
7179153000,-6.638506988565496e-08,6.638505567480024e-08,-4.1522039140318157e-08,-2.2043185234069824,3.5762786865234375e-07,-6.884145736694336
7186215000,-5.6912416113164e-08,5.6912416113164e-08,-3.8972228111333607e-08,-2.2082862854003906,3.5762786865234375e-07,-7.4171833992004395
7192929000,-4.8791324758212795e-08,4.8791324758212795e-08,-3.6578953199750686e-08,-2.2121212482452393,3.5762786865234375e-07,-7.8794074058532715
7199964000,-4.182917479056414e-08,4.182916768513678e-08,-3.433268602748285e-08,-2.216000556945801,2.384185791015625e-07,-8.277853012084961
7213831000,-3.07434468993506e-08,3.074344334663692e-08,-3.02455021028436e-08,-2.2235565185546875,5.364418029785156e-07,-8.911079406738281
7220731000,-2.6356586246834013e-08,2.6356586246834013e-08,-2.8388162931491934e-08,-2.227308750152588,5.960464477539062e-07,-9.159138679504395
7227761000,-2.2595758153443057e-08,2.2595756377086218e-08,-2.6644904949080228e-08,-2.230994701385498,5.960464477539062e-07,-9.369440078735352
7234615000,-1.9371464432538232e-08,1.9371464432538232e-08,-2.5008649373603475e-08,-2.2346291542053223,4.76837158203125e-07,-9.547430992126465
7241553000,-1.660733950359372e-08,1.660734127995056e-08,-2.34729231607389e-08,-2.238330125808716,3.5762786865234375e-07,-9.697670936584473
7255426000,-1.220594292306032e-08,1.220594381123874e-08,-2.0678514900396294e-08,-2.2455897331237793,5.960464477539062e-07,-9.931342124938965
7262429000,-1.0464273003663038e-08,1.0464271227306199e-08,-1.9408691542821543e-08,-2.2491021156311035,3.5762786865234375e-07,-10.021248817443848
7269319000,-8.971034581861659e-09,8.971033693683239e-09,-1.8216777419866048e-08,-2.252655506134033,4.76837158203125e-07,-10.097057342529297
7276285000,-7.690953651717791e-09,7.690953651717791e-09,-1.709812202932426e-08,-2.256194829940796,5.364418029785156e-07,-10.160760879516602
7283291000,-6.593528834031304e-09,6.593527945852884e-09,-1.6048161910475756e-08,-2.2597098350524902,5.364418029785156e-07,-10.214475631713867
7297123000,-4.846074652675725e-09,4.846074208586515e-09,-1.4137672366132392e-08,-2.2668075561523438,5.960464477539062e-07,-10.29803466796875
7304041000,-4.154586008553451e-09,4.154586452642661e-09,-1.326950727076337e-08,-2.2701802253723145,3.5762786865234375e-07,-10.330272674560547
7311071000,-3.5617668814325043e-09,3.5617668814325043e-09,-1.2454655085036848e-08,-2.2740705013275146,5.960464477539062e-07,-10.357176780700684
7317986000,-3.053295838384429e-09,3.053295394295219e-09,-1.1689478718324153e-08,-2.2768821716308594,4.76837158203125e-07,-10.381288528442383
7324881000,-2.61760702002789e-09,2.61760702002789e-09,-1.097163071506202e-08,-2.280575752258301,5.364418029785156e-07,-10.40066909790039
7338802000,-1.923883719001651e-09,1.923883941046256e-09,-9.665505729117285e-09,-2.2873682975769043,5.960464477539062e-07,-10.431879043579102
7345793000,-1.6493599819256133e-09,1.6493599819256133e-09,-9.071959183870604e-09,-2.290743112564087,5.364418029785156e-07,-10.444389343261719
7352700000,-1.4140091320058445e-09,1.4140087989389372e-09,-8.514861704611576e-09,-2.2950026988983154,2.980232238769531e-07,-10.451026916503906
7359661000,-1.2120021652961555e-09,1.2120019432515505e-09,-7.991356909542446e-09,-2.2967286109924316,7.152557373046875e-07,-10.459365844726562
7373535000,-8.90792883900815e-10,8.907926618562101e-10,-7.040014349257717e-09,-2.304215908050537,4.172325134277344e-07,-10.466142654418945
7380625000,-7.636854482129252e-10,7.63685170657169e-10,-6.607701941163668e-09,-2.307476282119751,4.172325134277344e-07,-10.468832015991211
7387481000,-6.547132835876823e-10,6.547131725653799e-10,-6.2019309687855184e-09,-2.3108086585998535,4.172325134277344e-07,-10.470848083496094
7394574000,-5.612892928219537e-10,5.612891817996513e-10,-5.821072512901537e-09,-2.3141493797302246,5.960464477539062e-07,-10.472311973571777
7408228000,-4.1253322979883933e-10,4.125333130655662e-10,-5.128089952677328e-09,-2.320605516433716,3.5762786865234375e-07,-10.4738187789917
7415225000,-3.536688164551549e-10,3.536687886995793e-10,-4.8131845176158095e-09,-2.323934316635132,5.960464477539062e-07,-10.473983764648438
7422111000,-3.0320224109203764e-10,3.03202213336462e-10,-4.517608953591434e-09,-2.3271396160125732,5.364418029785156e-07,-10.473902702331543
7429138000,-2.599375714673613e-10,2.5993762697851253e-10,-4.24018775646573e-09,-2.3303661346435547,3.5762786865234375e-07,-10.473573684692383
7436066000,-2.2284590839305451e-10,2.2284596390420575e-10,-3.979799600983824e-09,-2.333596706390381,6.556510925292969e-07,-10.473124504089355
7449965000,-1.6374651634620818e-10,1.6374643307948133e-10,-3.5056815228529103e-09,-2.339045524597168,6.556510925292969e-07,-10.473247528076172
7456837000,-1.4038115114800576e-10,1.4038109563685452e-10,-3.29040195090613e-09,-2.3431131839752197,5.960464477539062e-07,-10.470690727233887
7463836000,-1.203501742708113e-10,1.2035009100408445e-10,-3.08834535722724e-09,-2.3463900089263916,5.364418029785156e-07,-10.469575881958008
7470738000,-1.0317677268112391e-10,1.0317682819227514e-10,-2.898691064956438e-09,-2.349376678466797,3.5762786865234375e-07,-10.468589782714844
7484639000,-7.582692806984426e-11,7.582692806984426e-11,-2.5535376035890067e-09,-2.355454921722412,4.76837158203125e-07,-10.466586112976074
7491562000,-6.500686100530118e-11,6.500674998299871e-11,-2.396725706788061e-09,-2.358841896057129,5.364418029785156e-07,-10.464875221252441
7498547000,-5.5731003145709224e-11,5.573097539013361e-11,-2.2495476592609975e-09,-2.3618927001953125,3.5762786865234375e-07,-10.463505744934082
7505475000,-4.777850337589484e-11,4.777850337589484e-11,-2.111403718529914e-09,-2.364990472793579,5.960464477539062e-07,-10.462149620056152
7512516000,-4.0960762559549835e-11,4.0960818070701066e-11,-1.981743213974596e-09,-2.3680789470672607,5.960464477539062e-07,-10.460807800292969
7526307000,-3.010502958034067e-11,3.01050850914919e-11,-1.745820266130238e-09,-2.3741657733917236,7.152557373046875e-07,-10.457935333251953
7533282000,-2.580918812000732e-11,2.5809271386734167e-11,-1.6386101364673777e-09,-2.3772315979003906,5.364418029785156e-07,-10.45648193359375
7540183000,-2.2126411813871982e-11,2.2126397936084174e-11,-1.5379836293405447e-09,-2.3802223205566406,5.364418029785156e-07,-10.455013275146484
7547178000,-1.896910406529173e-11,1.896910406529173e-11,-1.4435365125464727e-09,-2.3831946849823,6.556510925292969e-07,-10.45357894897461
7561067000,-1.3941917065274367e-11,1.3941875431910944e-11,-1.2716897535014482e-09,-2.389209270477295,6.556510925292969e-07,-10.45052719116211
7567974000,-1.1952536183024165e-11,1.1952522305236357e-11,-1.1935979982169442e-09,-2.392122268676758,5.960464477539062e-07,-10.448999404907227
7574914000,-1.0246997694807192e-11,1.0246983817019384e-11,-1.1203006300419815e-09,-2.3950915336608887,4.76837158203125e-07,-10.447466850280762
7582032000,-8.784861726951476e-12,8.78483397137586e-12,-1.0515043280534542e-09,-2.398005485534668,5.364418029785156e-07,-10.445989608764648
7595776000,-6.4566824109490994e-12,6.456640777585676e-12,-9.263255718039431e-10,-2.4038772583007812,7.152557373046875e-07,-10.442896842956543
7602718000,-5.5353499561761055e-12,5.53532220060049e-12,-8.694402975351068e-10,-2.4067535400390625,5.364418029785156e-07,-10.441386222839355
7609617000,-4.745523418669961e-12,4.745495663094346e-12,-8.160497833031854e-10,-2.409653663635254,5.364418029785156e-07,-10.439777374267578
7616661000,-4.068370640375463e-12,4.068342884799847e-12,-7.659364809065039e-10,-2.412612199783325,4.76837158203125e-07,-10.438213348388672
7623555000,-3.487848898586776e-12,3.4878211430111605e-12,-7.189006057117808e-10,-2.4154322147369385,4.172325134277344e-07,-10.43670654296875
7630494000,-2.990184488904646e-12,2.9901150999656068e-12,-6.747538083828886e-10,-2.4183132648468018,2.384185791015625e-07,-10.435081481933594
7644733000,-2.197700355033305e-12,2.1976795383515935e-12,-5.944267300606043e-10,-2.4240217208862305,4.76837158203125e-07,-10.431933403015137
7651371000,-1.884090106152314e-12,1.88408316725841e-12,-5.579226525220804e-10,-2.426757335662842,6.556510925292969e-07,-10.43043041229248
7658281000,-1.6152565396332363e-12,1.6152357229515246e-12,-5.236613365156018e-10,-2.429637908935547,5.960464477539062e-07,-10.42880630493164
7665233000,-1.3847742397210538e-12,1.384760361933246e-12,-4.915034490515779e-10,-2.4323716163635254,4.172325134277344e-07,-10.427254676818848
7672135000,-1.1871892358072955e-12,1.1871684191255838e-12,-4.613208426373916e-10,-2.4351868629455566,5.960464477539062e-07,-10.425651550292969
7686027000,-8.724410083260636e-13,8.72413252750448e-13,-4.0637884723970785e-10,-2.4402267932891846,5.960464477539062e-07,-10.423380851745605
7692970000,-7.479503127960641e-13,7.479225572204484e-13,-3.814232540921836e-10,-2.4435319900512695,5.960464477539062e-07,-10.420875549316406
7699950000,-6.412266551070189e-13,6.412093078722592e-13,-3.5800018505227627e-10,-2.4462027549743652,3.5762786865234375e-07,-10.419393539428711
7713918000,-4.71289673953379e-13,4.712757961655711e-13,-3.1538213707271723e-10,-2.4516491889953613,2.980232238769531e-07,-10.416064262390137
7720772000,-4.0404138368366205e-13,4.0402750589585423e-13,-2.9601462947503876e-10,-2.4543442726135254,4.172325134277344e-07,-10.414535522460938
7727824000,-3.463861142360969e-13,3.46379175342193e-13,-2.7783619849230945e-10,-2.4579765796661377,3.5762786865234375e-07,-10.41105842590332
7734751000,-2.9686669789086295e-13,2.968701673378149e-13,-2.6074389869457093e-10,-2.4587392807006836,5.960464477539062e-07,-10.41325569152832
7741593000,-2.5451168950141323e-13,2.545047506075093e-13,-2.4473195692209515e-10,-2.4623677730560303,5.364418029785156e-07,-10.409696578979492
7755484000,-1.8706911020238692e-13,1.8705870186153106e-13,-2.1559706797624756e-10,-2.467691421508789,4.172325134277344e-07,-10.406553268432617
7762485000,-1.603682464601519e-13,1.6037171590710386e-13,-2.023575196297145e-10,-2.4710607528686523,2.980232238769531e-07,-10.403351783752441
7769439000,-1.3745601878945024e-13,1.3745254934249829e-13,-1.8991254402411784e-10,-2.4721202850341797,5.364418029785156e-07,-10.404890060424805
7776374000,-1.1784496989353244e-13,1.1784150044658048e-13,-1.782504283065478e-10,-2.4755024909973145,4.172325134277344e-07,-10.40164852142334
7783346000,-1.0103029524088925e-13,1.0102682579393729e-13,-1.6730412888410484e-10,-2.4784512519836426,4.76837158203125e-07,-10.399552345275879
7797214000,-7.425310366571125e-14,7.42496342187593e-14,-1.473818844743846e-10,-2.4833483695983887,4.76837158203125e-07,-10.396890640258789
7804118000,-6.365567795096894e-14,6.365394322749296e-14,-1.3833120759976225e-10,-2.485826253890991,2.980232238769531e-07,-10.395252227783203
7811149000,-5.4572665830754374e-14,5.45709311072784e-14,-1.2983659980481121e-10,-2.4884133338928223,5.364418029785156e-07,-10.393613815307617
7818019000,-4.678549214709449e-14,4.6787226870570464e-14,-1.2186349152010223e-10,-2.490999698638916,5.960464477539062e-07,-10.391975402832031
7831933000,-3.438742346428825e-14,3.4389158187764224e-14,-1.0735596439603867e-10,-2.496020793914795,4.76837158203125e-07,-10.388787269592285
7838850000,-2.947989075074986e-14,2.9483360197701813e-14,-1.0076336987019374e-10,-2.498473644256592,5.960464477539062e-07,-10.3871431350708
7846041000,-2.5273186321506103e-14,2.5273186321506103e-14,-9.457543775903687e-11,-2.502794027328491,5.960464477539063e-08,-10.38183307647705
7852816000,-2.1658022597570437e-14,2.165542051235647e-14,-8.874668361302795e-11,-2.501667022705078,7.152557373046875e-07,-10.387728691101074
7859727000,-1.8568480086855743e-14,1.856501063990379e-14,-8.329686246311141e-11,-2.505911350250244,5.364418029785156e-07,-10.38227653503418
7873626000,-1.364793694724753e-14,1.3647069585509541e-14,-7.338045449056807e-11,-2.510791301727295,5.960464477539062e-07,-10.379095077514648
7880598000,-1.1700709845463564e-14,1.1700709845463564e-14,-6.887425352264387e-11,-2.5133564472198486,4.76837158203125e-07,-10.377391815185547
7887543000,-1.003450794678784e-14,1.0030171138097899e-14,-6.464471319356235e-11,-2.5157291889190674,5.364418029785156e-07,-10.375800132751465
7894466000,-8.604228440844963e-15,8.599024270417033e-15,-6.067490954109189e-11,-2.518239974975586,3.5762786865234375e-07,-10.374149322509766
7901448000,-7.376911581591372e-15,7.37257477290143e-15,-5.694882759810227e-11,-2.520540237426758,5.364418029785156e-07,-10.372593879699707
7915315000,-5.4218782241655106e-15,5.420143500689534e-15,-5.0169222942653136e-11,-2.525402784347534,3.5762786865234375e-07,-10.369285583496094
7922244000,-4.649058915617843e-15,4.646456830403878e-15,-4.7088305477061e-11,-2.5277583599090576,4.76837158203125e-07,-10.36767578125
7929234000,-3.986394547794703e-15,3.982491419973755e-15,-4.419662552601622e-11,-2.530113458633423,5.960464477539062e-07,-10.36606502532959
7936110000,-3.41740524767431e-15,3.4161042050673274e-15,-4.148256738112366e-11,-2.5323891639709473,4.172325134277344e-07,-10.364394187927246
7950035000,-2.5118795932144167e-15,2.51014486973844e-15,-3.6544212100864115e-11,-2.5381016731262207,2.980232238769531e-07,-10.358859062194824
7956960000,-2.1527918336872176e-15,2.151490791080235e-15,-3.4295004336382107e-11,-2.53840970993042,5.364418029785156e-07,-10.361809730529785
7963929000,-1.8474805019152996e-15,1.8453120975703285e-15,-3.218899105594808e-11,-2.5417633056640625,4.76837158203125e-07,-10.357882499694824
7970878000,-1.5838025335668249e-15,1.582067810090848e-15,-3.0212304880095076e-11,-2.5441250801086426,4.76837158203125e-07,-10.356256484985352
7977924000,-1.3574211199518516e-15,1.3565537582138631e-15,-2.835700597947355e-11,-2.546348810195923,4.76837158203125e-07,-10.354578018188477
7991657000,-9.983333604246525e-16,9.97465998686664e-16,-2.4981180318794927e-11,-2.5509088039398193,5.364418029785156e-07,-10.351334571838379
7998635000,-8.560860353945543e-16,8.552186736565659e-16,-2.344711577673131e-11,-2.553218364715576,4.172325134277344e-07,-10.349700927734375
8005576000,-7.342217112071836e-16,7.335711899036923e-16,-2.2007215494390664e-11,-2.5553677082061768,4.76837158203125e-07,-10.348119735717773
8012560000,-6.294877813450839e-16,6.286204196070955e-16,-2.0655760088472697e-11,-2.5577259063720703,4.76837158203125e-07,-10.346447944641113
8019460000,-5.39499001028787e-16,5.39499001028787e-16,-1.9387279975857652e-11,-2.55987548828125,5.364418029785156e-07,-10.344866752624512
8033371000,-3.972516759986888e-16,3.968179951296946e-16,-1.7079259881369602e-11,-2.564317464828491,4.172325134277344e-07,-10.341634750366211
8040366000,-3.410900034639397e-16,3.397889608569571e-16,-1.6030428720559264e-11,-2.566582679748535,6.556510925292969e-07,-10.339933395385742
8047277000,-2.920840652675949e-16,2.914335439641036e-16,-1.5046004372964994e-11,-2.568668842315674,4.76837158203125e-07,-10.338312149047852
8054216000,-2.5066754227864863e-16,2.500170209751573e-16,-1.4122022128082445e-11,-2.570888042449951,4.76837158203125e-07,-10.33675765991211
8061174000,-2.1510571102112408e-16,2.1423834928313568e-16,-1.3254805239504286e-11,-2.573077440261841,3.5762786865234375e-07,-10.335043907165527
8074993000,-1.584019374001322e-16,1.5764299587939234e-16,-1.1676856530307145e-11,-2.5773086547851562,2.980232238769531e-07,-10.331793785095215
8081982000,-1.358505322124337e-16,1.3530843112619095e-16,-1.0959785162745206e-11,-2.579458236694336,4.172325134277344e-07,-10.330214500427246
8088901000,-1.1666015375944028e-16,1.1590121223870042e-16,-1.028675755687658e-11,-2.581664562225342,7.748603820800781e-07,-10.328518867492676
8095898000,-1.0007186052041206e-16,9.952975943416931e-17,-9.65505193156746e-12,-2.5837440490722656,4.76837158203125e-07,-10.326911926269531
8109713000,-7.37257477290143e-17,7.32920668600201e-17,-8.505635432087821e-12,-2.5879693031311035,5.364418029785156e-07,-10.323678016662598
8116888000,-6.288372600415926e-17,6.288372600415926e-17,-7.98330759138599e-12,-2.5900323390960693,2.384185791015625e-07,-10.322052955627441
8123628000,-5.399326818977812e-17,5.388484797252957e-17,-7.493061726648875e-12,-2.5921075344085693,5.364418029785156e-07,-10.320399284362793
8130597000,-4.640385298237959e-17,4.618701254788249e-17,-7.032915916305171e-12,-2.594175338745117,3.5762786865234375e-07,-10.31882095336914
8137493000,-3.979021973021801e-17,3.979021973021801e-17,-6.6010391597259854e-12,-2.5963709354400635,4.172325134277344e-07,-10.317092895507812
8151505000,-2.949029909160572e-17,2.905661822261152e-17,-5.8100755109813385e-12,-2.594892740249634,1.2516975402832031e-06,-10.32703971862793
8158424000,-2.5370330836160804e-17,2.4990860075790877e-17,-5.453281055889381e-12,-2.602475166320801,2.980232238769531e-07,-10.31226921081543
8165418000,-2.168404344971009e-17,2.1412992906588713e-17,-5.118396591979879e-12,-2.6044790744781494,5.960464477539062e-07,-10.310650825500488
8172349000,-1.85940672581264e-17,1.8539857149502126e-17,-4.8040777085589514e-12,-2.606482744216919,5.364418029785156e-07,-10.309032440185547
8186223000,-1.3715157481941631e-17,1.3660947373317356e-17,-4.232157159445027e-12,-2.610485076904297,2.980232238769531e-07,-10.30580997467041
8193151000,-1.1926223897340549e-17,1.1655173354219173e-17,-3.972265658763741e-12,-2.6124839782714844,2.980232238769531e-07,-10.304144859313965
8200126000,-1.0245710529988017e-17,1.0028870095490916e-17,-3.728330578295358e-12,-2.614422082901001,3.5762786865234375e-07,-10.302607536315918
8207048000,-8.782037597132586e-18,8.61940727125976e-18,-3.49938134025507e-12,-2.616410493850708,4.76837158203125e-07,-10.300909996032715
8220978000,-6.559423143537302e-18,6.342582709040201e-18,-3.0827866301375018e-12,-2.6202821731567383,4.172325134277344e-07,-10.297728538513184
8227984000,-5.6107462426124854e-18,5.5294310796760726e-18,-2.8934788592893668e-12,-2.62221097946167,4.172325134277344e-07,-10.296038627624512
8234837000,-4.824699667560495e-18,4.743384504624082e-18,-2.715791350485497e-12,-2.6242144107818604,4.172325134277344e-07,-10.29448127746582
8241775000,-4.255493527005605e-18,4.065758146820642e-18,-2.549020456515949e-12,-2.6260719299316406,2.980232238769531e-07,-10.292826652526855
8248775000,-3.604972223514302e-18,3.496552006265752e-18,-2.3924883341824854e-12,-2.6280815601348877,5.364418029785156e-07,-10.291193962097168
8262704000,-2.574980159653073e-18,2.6291902682773483e-18,-2.1076688571514124e-12,-2.63181734085083,5.960464477539062e-07,-10.288008689880371
8269571000,-2.2497195079074217e-18,2.222614453595284e-18,-1.978237669161831e-12,-2.6336796283721924,4.172325134277344e-07,-10.286459922790527
8276478000,-1.9786689647860456e-18,1.9244588561617704e-18,-1.8567582367456925e-12,-2.6355974674224854,5.364418029785156e-07,-10.284737586975098
8283453000,-1.734723475976807e-18,1.6805133673525319e-18,-1.7427354047708232e-12,-2.637486696243286,3.5762786865234375e-07,-10.283180236816406
8297483000,-1.2739375526704677e-18,1.2468324983583301e-18,-1.5352674643739905e-12,-2.6411962509155273,4.172325134277344e-07,-10.27994441986084
8304269000,-1.1384122811097797e-18,1.0842021724855044e-18,-1.4409870865983443e-12,-2.642993450164795,5.364418029785156e-07,-10.278356552124023
8311207000,-9.622294280808852e-19,9.622294280808852e-19,-1.3524966736844224e-12,-2.6448514461517334,4.76837158203125e-07,-10.27676010131836
8318206000,-8.673617379884035e-19,7.860465750519907e-19,-1.2694415831016048e-12,-2.646577835083008,5.364418029785156e-07,-10.275206565856934
8325096000,-7.453889935837843e-19,6.776263578034403e-19,-1.191487880580766e-12,-2.648505687713623,3.5762786865234375e-07,-10.273576736450195
8338983000,-5.55653613398821e-19,5.285485590866834e-19,-1.0496464808440464e-12,-2.652095317840576,4.76837158203125e-07,-10.270355224609375
8345998000,-5.149960319306146e-19,4.607859233063394e-19,-9.851890353865245e-13,-2.653897762298584,5.960464477539062e-07,-10.268754005432129
8352931000,-4.336808689942018e-19,3.9302328752599536e-19,-9.246889278585746e-13,-2.6556849479675293,3.5762786865234375e-07,-10.267192840576172
8359807000,-3.7947076036992655e-19,3.3881317890172014e-19,-8.679057364284481e-13,-2.657487392425537,5.960464477539062e-07,-10.265591621398926
8366806000,-3.3881317890172014e-19,2.846030702774449e-19,-8.146086886637316e-13,-2.6591434478759766,4.76837158203125e-07,-10.264013290405273
8380738000,-2.507217523872729e-19,2.439454888092385e-19,-7.17631737454788e-13,-2.662677764892578,3.5762786865234375e-07,-10.260844230651855
8387632000,-2.1006417091906648e-19,1.9651164376299768e-19,-6.735621717497697e-13,-2.6643941402435303,3.5762786865234375e-07,-10.259259223937988
8394645000,-1.9651164376299768e-19,1.7618285302889447e-19,-6.321995878189046e-13,-2.6676483154296875,1.1920928955078125e-07,-10.253705024719238
8401540000,-1.8973538018496328e-19,1.3552527156068805e-19,-5.932087503504602e-13,-2.6664533615112305,8.344650268554688e-07,-10.260026931762695
8408516000,-1.5585406229479126e-19,1.3552527156068805e-19,-5.567799910358162e-13,-2.6695752143859863,3.5762786865234375e-07,-10.254539489746094
8422380000,-1.4907779871675686e-19,1.0164395367051604e-19,-4.904978333220011e-13,-2.673027515411377,5.960464477539062e-07,-10.251312255859375
8429381000,-1.1519648082658485e-19,8.131516293641283e-20,-4.603765285660089e-13,-2.674744129180908,4.76837158203125e-07,-10.249727249145508
8436283000,-1.0164395367051604e-19,8.809142651444724e-20,-4.3210533350220015e-13,-2.676420211791992,3.5762786865234375e-07,-10.24815559387207
8443205000,-8.809142651444724e-20,8.131516293641283e-20,-4.0556953954072605e-13,-2.678082227706909,3.5762786865234375e-07,-10.246621131896973
8457079000,-7.115076756936123e-20,5.421010862427522e-20,-3.572872249793524e-13,-2.681385040283203,3.5762786865234375e-07,-10.243491172790527
8464065000,-5.421010862427522e-20,4.743384504624082e-20,-3.3534695745122967e-13,-2.6830201148986816,5.960464477539062e-07,-10.241847038269043
8470976000,-6.098637220230962e-20,4.404571325722362e-20,-3.147540279628547e-13,-2.684697151184082,4.76837158203125e-07,-10.240334510803223
8478052000,-4.404571325722362e-20,4.0657581468206416e-20,-2.9542565767835816e-13,-2.689263343811035,-1.1920928955078125e-07,-10.23044204711914
8484995000,-5.421010862427522e-20,4.0657581468206416e-20,-2.771157055995316e-13,-2.685009479522705,9.5367431640625e-07,-10.245511054992676
8498841000,-5.421010862427522e-20,2.371692252312041e-20,-2.4412560189514265e-13,-2.691195487976074,4.76837158203125e-07,-10.234048843383789
8505819000,-5.082197683525802e-20,2.710505431213761e-20,-2.291341487208054e-13,-2.692786455154419,5.960464477539062e-07,-10.232491493225098
8512934000,-4.404571325722362e-20,2.371692252312041e-20,-2.150633187161799e-13,-2.6944527626037598,3.5762786865234375e-07,-10.230945587158203
8519690000,-3.7269449679189215e-20,2.0328790734103208e-20,-2.0185654363291672e-13,-2.695952892303467,3.5762786865234375e-07,-10.22935676574707
8533567000,-3.218725199566341e-20,1.6940658945086007e-20,-1.7782605628898634e-13,-2.699090003967285,3.5762786865234375e-07,-10.22632884979248
8540475000,-2.879912020664621e-20,1.6940658945086007e-20,-1.6690614819056537e-13,-2.7007293701171875,5.960464477539062e-07,-10.22467041015625
8547544000,-2.879912020664621e-20,1.3552527156068805e-20,-1.5665664295297366e-13,-2.7022695541381836,3.5762786865234375e-07,-10.223154067993164
8554371000,-2.202285662861181e-20,1.3552527156068805e-20,-1.4703642220881968e-13,-2.703796863555908,3.5762786865234375e-07,-10.22167682647705
8561347000,-2.202285662861181e-20,1.0164395367051604e-20,-1.3800721362141471e-13,-2.7053709030151367,3.5762786865234375e-07,-10.220040321350098
8575224000,-1.6940658945086007e-20,1.0164395367051604e-20,-1.2157805415625306e-13,-2.7084109783172607,3.5762786865234375e-07,-10.216935157775879
8582192000,-2.0328790734103208e-20,1.0164395367051604e-20,-1.1411210247124631e-13,-2.7099575996398926,4.76837158203125e-07,-10.215463638305664
8589084000,-1.6940658945086007e-20,8.470329472543003e-21,-1.0710461922740222e-13,-2.7114806175231934,4.76837158203125e-07,-10.21387004852295
8602978000,-1.3552527156068805e-20,6.776263578034403e-21,-9.435401543194874e-14,-2.71445369720459,3.5762786865234375e-07,-10.210856437683105
8609962000,-1.1011428314305904e-20,7.623296525288703e-21,-8.855993737823253e-14,-2.715911388397217,3.5762786865234375e-07,-10.209282875061035
8616912000,-1.2705494208814505e-20,5.082197683525802e-21,-8.312149796588231e-14,-2.7174580097198486,3.5762786865234375e-07,-10.20781135559082
8623828000,-1.1858461261560205e-20,5.929230630780102e-21,-7.801704025650266e-14,-2.718907356262207,2.384185791015625e-07,-10.206263542175293
8630825000,-1.1011428314305904e-20,5.082197683525802e-21,-7.322604572397931e-14,-2.7203633785247803,3.5762786865234375e-07,-10.204761505126953
8644655000,-9.317362419797304e-21,4.235164736271502e-21,-6.45086130237997e-14,-2.723283529281616,2.384185791015625e-07,-10.201729774475098
8651610000,-7.623296525288703e-21,4.235164736271502e-21,-6.054722288860795e-14,-2.724794387817383,2.384185791015625e-07,-10.200173377990723
8658555000,-6.776263578034403e-21,3.3881317890172014e-21,-5.6829144661580885e-14,-2.7261719703674316,2.384185791015625e-07,-10.198600769042969
8665511000,-7.623296525288703e-21,2.541098841762901e-21,-5.333933503757528e-14,-2.727656841278076,3.5762786865234375e-07,-10.197138786315918
8679460000,-4.235164736271502e-21,3.3881317890172014e-21,-4.6989386530025753e-14,-2.7304396629333496,3.5762786865234375e-07,-10.194104194641113
8686339000,-4.658681209898652e-21,2.541098841762901e-21,-4.4103738402242326e-14,-2.731826066970825,2.384185791015625e-07,-10.192634582519531
8693255000,-4.658681209898652e-21,2.964615315390051e-21,-4.139538782284638e-14,-2.733351707458496,4.76837158203125e-07,-10.1910982131958
8700247000,-3.8116482626443515e-21,3.3881317890172014e-21,-3.885334708044613e-14,-2.734666585922241,2.384185791015625e-07,-10.189604759216309
8707152000,-4.658681209898652e-21,2.541098841762901e-21,-3.6467445003410953e-14,-2.7360546588897705,4.76837158203125e-07,-10.188065528869629
8721038000,-2.964615315390051e-21,2.541098841762901e-21,-3.2126123321925965e-14,-2.7388439178466797,4.76837158203125e-07,-10.185076713562012
8727984000,-2.964615315390051e-21,1.6940658945086007e-21,-3.0153298884475974e-14,-2.7402420043945312,4.76837158203125e-07,-10.18356990814209
8734951000,-2.541098841762901e-21,2.117582368135751e-21,-2.830159338221977e-14,-2.7415854930877686,4.76837158203125e-07,-10.182116508483887
8741863000,-2.964615315390051e-21,1.2705494208814505e-21,-2.6563576642144038e-14,-2.7429585456848145,2.384185791015625e-07,-10.18062686920166
8748925000,-1.6940658945086007e-21,1.6940658945086007e-21,-2.4932363980453495e-14,-2.7443463802337646,3.5762786865234375e-07,-10.179086685180664
8762924000,-2.117582368135751e-21,8.470329472543003e-22,-2.1964231784266444e-14,-2.7476515769958496,1.1920928955078125e-07,-10.173840522766113
8769692000,-1.9058241313221758e-21,1.4823076576950256e-21,-2.0611686185958988e-14,-2.747636318206787,5.960464477539062e-07,-10.176982879638672
8776621000,-2.117582368135751e-21,1.9058241313221758e-21,-1.9345947912217942e-14,-2.7495875358581543,4.76837158203125e-07,-10.173181533813477
8783621000,-1.9058241313221758e-21,1.0587911840678754e-21,-1.815793676984874e-14,-2.7510619163513184,4.76837158203125e-07,-10.171686172485352
8797515000,-1.0587911840678754e-21,1.0587911840678754e-21,-1.5996298524060398e-14,-2.7535758018493652,4.76837158203125e-07,-10.16945743560791
8804455000,-8.470329472543003e-22,1.0587911840678754e-21,-1.501399949732727e-14,-2.7549240589141846,4.76837158203125e-07,-10.168277740478516
8811340000,-1.2705494208814505e-21,6.352747104407253e-22,-1.4091769506114574e-14,-2.7560653686523438,4.76837158203125e-07,-10.167733192443848
8818338000,-1.0587911840678754e-21,6.352747104407253e-22,-1.3226399142585166e-14,-2.7574961185455322,3.5762786865234375e-07,-10.16659927368164
8832265000,-1.0587911840678754e-21,6.352747104407253e-22,-1.1651831809242254e-14,-2.760049819946289,2.384185791015625e-07,-10.164648056030273
8839117000,-1.0587911840678754e-21,4.235164736271502e-22,-1.0936296491884448e-14,-2.7612578868865967,4.76837158203125e-07,-10.163741111755371
8846151000,-8.470329472543003e-22,7.411538288475128e-22,-1.0264721337456192e-14,-2.7624692916870117,2.384185791015625e-07,-10.162752151489258
8853075000,-1.164670302474663e-21,7.411538288475128e-22,-9.634367888439015e-15,-2.763808250427246,4.76837158203125e-07,-10.161803245544434
8859953000,-8.470329472543003e-22,5.293955920339377e-22,-9.042742479836198e-15,-2.7650160789489746,4.76837158203125e-07,-10.160825729370117
8873849000,-8.470329472543003e-22,6.352747104407253e-22,-7.966243224973024e-15,-2.767559289932251,4.76837158203125e-07,-10.158843994140625
8880877000,-7.411538288475128e-22,5.293955920339377e-22,-7.477039346286303e-15,-2.7687089443206787,3.5762786865234375e-07,-10.157933235168457
8887729000,-9.529120656610879e-22,4.235164736271502e-22,-7.017876338106903e-15,-2.7699856758117676,3.5762786865234375e-07,-10.156991958618164
8894664000,-7.411538288475128e-22,3.1763735522036263e-22,-6.586916985972229e-15,-2.771193504333496,3.5762786865234375e-07,-10.15601634979248
8901671000,-6.352747104407253e-22,4.235164736271502e-22,-6.182416402010938e-15,-2.7724013328552246,2.384185791015625e-07,-10.15503978729248
8915612000,-5.823351512373315e-22,4.235164736271502e-22,-5.446411686449784e-15,-2.7747862339019775,4.76837158203125e-07,-10.153057098388672
8922451000,-5.823351512373315e-22,3.705769144237564e-22,-5.111948868765162e-15,-2.7759976387023926,4.76837158203125e-07,-10.15213680267334
8929488000,-5.823351512373315e-22,3.1763735522036263e-22,-4.7980304116997195e-15,-2.7772021293640137,5.960464477539062e-07,-10.151171684265137
8936356000,-5.293955920339377e-22,2.6469779601696886e-22,-4.503389153964364e-15,-2.778326988220215,3.5762786865234375e-07,-10.150141716003418
8950281000,-4.235164736271502e-22,2.6469779601696886e-22,-3.967268967362174e-15,-2.7807326316833496,5.960464477539062e-07,-10.148223876953125
8957182000,-2.6469779601696886e-22,3.1763735522036263e-22,-3.723640268875209e-15,-2.781926393508911,3.5762786865234375e-07,-10.147226333618164
8964156000,-3.1763735522036263e-22,2.117582368135751e-22,-3.494972925093833e-15,-2.783061981201172,5.960464477539062e-07,-10.146294593811035
8971074000,-1.5881867761018131e-22,2.6469779601696886e-22,-3.280350869885591e-15,-2.784180164337158,3.5762786865234375e-07,-10.145285606384277
8985064000,-2.6469779601696886e-22,2.117582368135751e-22,-2.8898337410922844e-15,-2.7865238189697266,7.152557373046875e-07,-10.143377304077148
8991884000,-2.3822801641527197e-22,2.117582368135751e-22,-2.712372715345983e-15,-2.787628412246704,3.5762786865234375e-07,-10.142348289489746
8998875000,-2.6469779601696886e-22,1.5881867761018131e-22,-2.545811733081424e-15,-2.7887463569641113,3.5762786865234375e-07,-10.141339302062988
9005848000,-2.117582368135751e-22,1.852884572118782e-22,-2.3894786736549604e-15,-2.789815902709961,2.384185791015625e-07,-10.140360832214355
9012847000,-2.3822801641527197e-22,1.5881867761018131e-22,-2.2427416504879408e-15,-2.7910234928131104,2.384185791015625e-07,-10.139386177062988
9026614000,-2.3822801641527197e-22,1.5881867761018131e-22,-1.975745642326834e-15,-2.7931907176971436,4.76837158203125e-07,-10.13740062713623
9033598000,-2.3822801641527197e-22,1.0587911840678754e-22,-1.8544160076874178e-15,-2.7943243980407715,3.5762786865234375e-07,-10.136479377746582
9040521000,-2.117582368135751e-22,1.5881867761018131e-22,-1.7405400512256024e-15,-2.7953693866729736,4.76837158203125e-07,-10.135448455810547
9047550000,-2.117582368135751e-22,1.0587911840678754e-22,-1.6336556105895424e-15,-2.7964253425598145,2.384185791015625e-07,-10.134448051452637
9061337000,-1.5881867761018131e-22,1.0587911840678754e-22,-1.4391719754605083e-15,-2.7986717224121094,3.5762786865234375e-07,-10.132463455200195
9068338000,-1.5881867761018131e-22,7.940933880509066e-23,-1.3507928753813498e-15,-2.799727439880371,4.76837158203125e-07,-10.131464958190918
9075275000,-1.4558378780933287e-22,9.26442286059391e-23,-1.2678400801205392e-15,-2.800776958465576,3.5762786865234375e-07,-10.130488395690918
9082396000,-1.5881867761018131e-22,5.293955920339377e-23,-1.1899823997957e-15,-2.8018999099731445,4.76837158203125e-07,-10.129535675048828
9089170000,-1.3234889800848443e-22,6.617444900424221e-23,-1.1169082321613611e-15,-2.802866220474243,3.5762786865234375e-07,-10.12850284576416
9096170000,-1.1911400820763599e-22,7.940933880509066e-23,-1.0483211156859834e-15,-2.8039844036102295,3.5762786865234375e-07,-10.127494812011719
9109975000,-7.940933880509066e-23,7.940933880509066e-23,-9.235230928857975e-16,-2.806030511856079,4.76837158203125e-07,-10.125517845153809
9116939000,-9.26442286059391e-23,6.617444900424221e-23,-8.668098960232674e-16,-2.807145357131958,4.76837158203125e-07,-10.124520301818848
9123866000,-9.26442286059391e-23,3.970466940254533e-23,-8.13580228035439e-16,-2.8081226348876953,3.5762786865234375e-07,-10.123520851135254
9130822000,-6.617444900424221e-23,6.617444900424221e-23,-7.63619260191065e-16,-2.809112548828125,2.384185791015625e-07,-10.122541427612305
9144688000,-9.26442286059391e-23,3.970466940254533e-23,-6.727117138247932e-16,-2.8111393451690674,3.5762786865234375e-07,-10.120566368103027
9151656000,-7.940933880509066e-23,4.632211430296955e-23,-6.314013875916089e-16,-2.812241792678833,3.5762786865234375e-07,-10.11946964263916
9158578000,-5.955700410381799e-23,4.632211430296955e-23,-5.926266544860304e-16,-2.8132238388061523,4.76837158203125e-07,-10.118525505065918
9165568000,-6.617444900424221e-23,3.970466940254533e-23,-5.562342015446046e-16,-2.8141403198242188,3.5762786865234375e-07,-10.11756420135498
9172484000,-8.602678370551488e-23,3.3087224502121107e-23,-5.220765920949501e-16,-2.815237522125244,4.76837158203125e-07,-10.11648941040039
9186355000,-6.617444900424221e-23,3.3087224502121107e-23,-4.599243319803042e-16,-2.8171281814575195,4.76837158203125e-07,-10.11453914642334
9193305000,-2.421438694000244e-08,-2.60770320892334e-08,-0.11145301908254623,-2.818209171295166,0.0021789073944091797,-10.21518325805664
9200304000,1.4901161193847656e-08,0.0,-0.25150927901268005,-2.819044828414917,0.004929542541503906,-10.288675308227539
9207210000,2.4959444999694824e-07,6.705522537231445e-08,-0.4013834297657013,-2.8200831413269043,0.007892131805419922,-10.334084510803223
9214218000,8.195638656616211e-08,2.2351741790771484e-08,-0.5455079078674316,-2.820958137512207,0.010797739028930664,-10.3421049118042
9228006000,-2.2351741790771484e-08,3.0547380447387695e-07,-0.7739725708961487,-2.8224353790283203,0.015790820121765137,-10.274263381958008
9235059000,-5.960464477539063e-08,8.940696716308594e-08,-0.8470749258995056,-2.8228840827941895,0.017760515213012695,-10.22492790222168
9241920000,-1.341104507446289e-07,1.9371509552001953e-07,-0.8912205100059509,-2.8229894638061523,0.01940286159515381,-10.18048095703125
9248935000,1.4901161193847656e-08,-1.341104507446289e-07,-0.9087620377540588,-2.823066234588623,0.020783305168151855,-10.146371841430664
9255854000,1.043081283569336e-07,4.470348358154297e-08,-0.9039233326911926,-2.8226871490478516,0.021968841552734375,-10.123767852783203
9269714000,-1.4901161193847656e-08,0.0,-0.8487159609794617,-2.821453094482422,0.024091601371765137,-10.103965759277344
9276783000,6.705522537231445e-08,3.725290298461914e-08,-0.809493362903595,-2.820659875869751,0.02517521381378174,-10.100756645202637
9283605000,-1.043081283569336e-07,-1.7136335372924805e-07,-0.7691497802734375,-2.8196535110473633,0.026323676109313965,-10.099133491516113
9290511000,2.905726432800293e-07,8.195638656616211e-08,-0.7315471172332764,-2.818664073944092,0.02764272689819336,-10.098126411437988
9297529000,3.725290298461914e-08,2.3096799850463867e-07,-0.6994548439979553,-2.81758189201355,0.029116153717041016,-10.097756385803223
9311358000,1.1920928955078125e-07,-2.9802322387695312e-08,-0.6574906706809998,-2.815180778503418,0.03259921073913574,-10.099601745605469
9318409000,1.7881393432617188e-07,-1.6391277313232422e-07,-0.648110032081604,-2.8139538764953613,0.03482973575592041,-10.101242065429688
9325285000,-5.21540641784668e-08,-2.905726432800293e-07,-0.6455686092376709,-2.812589168548584,0.03718602657318115,-10.103736877441406
9332231000,-3.725290298461914e-08,-1.341104507446289e-07,-0.648604154586792,-2.8111824989318848,0.039789557456970215,-10.106273651123047
9339199000,-2.9802322387695312e-08,-5.21540641784668e-08,-0.6557300090789795,-2.8095877170562744,0.04259610176086426,-10.108412742614746
9353052000,1.2665987014770508e-07,-2.0116567611694336e-07,-0.6762375831604004,-2.8058290481567383,0.048830628395080566,-10.110209465026855
9360046000,-1.4901161193847656e-08,-1.341104507446289e-07,-0.6869768500328064,-2.8039560317993164,0.05248236656188965,-10.109067916870117
9367008000,-7.450580596923828e-08,5.21540641784668e-08,-0.6966971158981323,-2.801362991333008,0.055593132972717285,-10.108922958374023
9373909000,2.60770320892334e-07,2.2351741790771484e-08,-0.7047358155250549,-2.7990877628326416,0.05957531929016113,-10.10639762878418
9387771000,2.2351741790771484e-08,-5.960464477539063e-08,-0.7146291732788086,-2.7936229705810547,0.06750565767288208,-10.101740837097168
9394689000,1.7881393432617188e-07,-2.086162567138672e-07,-0.7165025472640991,-2.7906599044799805,0.07169413566589355,-10.099331855773926
9401676000,7.450580596923828e-08,6.705522537231445e-08,-0.716635525226593,-2.78762149810791,0.07603615522384644,-10.097099304199219
9408613000,-6.705522537231445e-08,-8.195638656616211e-08,-0.7153953313827515,-2.7843093872070312,0.0804796814918518,-10.095162391662598
9415618000,1.4901161193847656e-07,-2.9802322387695312e-08,-0.7131921052932739,-2.7809717655181885,0.08507972955703735,-10.093440055847168
9429567000,-1.4901161193847656e-07,0.0,-0.7074869871139526,-2.7738871574401855,0.0947120189666748,-10.090720176696777
9436396000,-2.8312206268310547e-07,3.725290298461914e-08,-0.7046578526496887,-2.7700700759887695,0.09968525171279907,-10.089723587036133
9443360000,-3.501772880554199e-07,9.685754776000977e-08,-0.7021741271018982,-2.7662148475646973,0.10487955808639526,-10.088825225830078
9450314000,-2.086162567138672e-07,-2.2351741790771484e-07,-0.7001830339431763,-2.762235641479492,0.11018526554107666,-10.088079452514648
9457199000,1.1920928955078125e-07,-6.705522537231445e-08,-0.6987555027008057,-2.758167266845703,0.11565852165222168,-10.087396621704102
9471111000,8.195638656616211e-08,-2.384185791015625e-07,-0.6975599527359009,-2.7496228218078613,0.12708055973052979,-10.086088180541992
9478046000,2.3096799850463867e-07,-9.685754776000977e-08,-0.6976613998413086,-2.745166301727295,0.13303840160369873,-10.085381507873535
9485031000,6.705522537231445e-08,-3.7997961044311523e-07,-0.6980966329574585,-2.7406015396118164,0.13914787769317627,-10.084671974182129
9491924000,1.043081283569336e-07,-7.450580596923828e-09,-0.698753833770752,-2.7358288764953613,0.14543062448501587,-10.083881378173828
9505920000,-2.2351741790771484e-08,-6.705522537231445e-08,-0.7003185749053955,-2.726377487182617,0.1595199704170227,-10.080547332763672
9512826000,2.2351741790771484e-08,1.7881393432617188e-07,-0.7010577917098999,-2.720425844192505,0.16423940658569336,-10.082674980163574
9519777000,1.4901161193847656e-08,1.4901161193847656e-08,-0.7016863226890564,-2.7156145572662354,0.17219805717468262,-10.080145835876465
9526683000,-2.9802322387695312e-08,-5.960464477539063e-08,-0.702173113822937,-2.7101035118103027,0.1792823076248169,-10.079111099243164
9533651000,1.862645149230957e-07,5.960464477539063e-08,-0.7025055289268494,-2.7047252655029297,0.18657004833221436,-10.078039169311523
9547667000,-1.2665987014770508e-07,1.4901161193847656e-08,-0.7027350664138794,-2.693185329437256,0.20151764154434204,-10.076025009155273
9554446000,-1.1920928955078125e-07,1.9371509552001953e-07,-0.7026735544204712,-2.6873393058776855,0.20926636457443237,-10.074973106384277
9561390000,-7.450580596923828e-09,6.705522537231445e-08,-0.7025322318077087,-2.681232452392578,0.21712541580200195,-10.073984146118164
9568363000,-8.940696716308594e-08,-2.384185791015625e-07,-0.7023411989212036,-2.6750636100769043,0.22515708208084106,-10.07300090789795
9582290000,-5.21540641784668e-08,-2.0116567611694336e-07,-0.7019174695014954,-2.662431240081787,0.24168050289154053,-10.07111930847168
9589159000,8.195638656616211e-08,-1.4156103134155273e-07,-0.7017269730567932,-2.6559019088745117,0.25017666816711426,-10.070221900939941
9596271000,-2.7567148208618164e-07,6.705522537231445e-08,-0.7015696167945862,-2.649291515350342,0.25882965326309204,-10.069306373596191
9603061000,-5.960464477539063e-08,-8.195638656616211e-08,-0.7014522552490234,-2.642530679702759,0.26763826608657837,-10.068392753601074
9610040000,-1.341104507446289e-07,3.725290298461914e-08,-0.7013766169548035,-2.6356201171875,0.27654600143432617,-10.067574501037598
9617024000,5.21540641784668e-08,2.1606683731079102e-07,-0.7013404369354248,-2.628716468811035,0.2857022285461426,-10.066600799560547
9630868000,-7.450580596923828e-09,1.341104507446289e-07,-0.701363205909729,-2.6143603324890137,0.304320752620697,-10.064921379089355
9637836000,-1.4901161193847656e-08,-1.1920928955078125e-07,-0.701406717300415,-2.6070308685302734,0.3139002323150635,-10.063983917236328
9644742000,1.9371509552001953e-07,1.043081283569336e-07,-0.7014609575271606,-2.599557399749756,0.32361531257629395,-10.063105583190918
9651708000,-1.341104507446289e-07,7.450580596923828e-09,-0.7015190124511719,-2.591991901397705,0.3334590196609497,-10.062253952026367
9658640000,6.705522537231445e-08,-1.6391277313232422e-07,-0.701574444770813,-2.584357976913452,0.34348565340042114,-10.061349868774414
9672532000,2.9802322387695312e-08,-1.2665987014770508e-07,-0.701662003993988,-2.5686404705047607,0.36393803358078003,-10.059582710266113
9679602000,-1.2665987014770508e-07,2.086162567138672e-07,-0.7016899585723877,-2.560619831085205,0.37437933683395386,-10.058741569519043
9686436000,2.2351741790771484e-08,-1.341104507446289e-07,-0.7017066478729248,-2.55252742767334,0.3850066065788269,-10.057784080505371
9693332000,-7.450580596923828e-09,-1.4156103134155273e-07,-0.7017131447792053,-2.5443429946899414,0.3957403898239136,-10.056955337524414
9700319000,-1.1175870895385742e-07,1.564621925354004e-07,-0.7017109990119934,-2.535896062850952,0.40659475326538086,-10.056107521057129
9714279000,5.21540641784668e-08,-1.7136335372924805e-07,-0.532422661781311,-2.520298719406128,0.4249330163002014,-10.076228141784668
9721104000,2.60770320892334e-08,-6.332993507385254e-08,-0.4014856815338135,-2.514504909515381,0.43153804540634155,-10.117362976074219
9728086000,1.0803341865539551e-07,6.332993507385254e-08,-0.2631003260612488,-2.5106706619262695,0.43626874685287476,-10.143207550048828
9735037000,9.872019290924072e-08,7.450580596923828e-09,-0.13128647208213806,-2.5085792541503906,0.4390459656715393,-10.145875930786133
9741957000,8.847564458847046e-09,-2.9569491744041443e-08,-0.016427507624030113,-2.508568286895752,0.44036561250686646,-10.128702163696289
9755842000,-3.725290298461914e-09,-1.3969838619232178e-08,0.1395939737558365,-2.512632131576538,0.43941348791122437,-10.072864532470703
9762949000,-1.862645149230957e-08,-1.6763806343078613e-08,0.17769989371299744,-2.519554853439331,0.4453085660934448,-10.042445182800293
9769865000,-2.2351741790771484e-08,-1.4901161193847656e-08,0.19148895144462585,-2.51716685295105,0.4292556643486023,-10.04456901550293
9776785000,-2.421438694000244e-08,-7.078051567077637e-08,0.18498779833316803,-2.5245463848114014,0.4351733922958374,-10.031078338623047
9790697000,5.587935447692871e-09,-5.122274160385132e-08,0.13175353407859802,-2.5321834087371826,0.43364644050598145,-10.033003807067871
9797662000,4.6566128730773926e-09,-5.587935447692871e-09,0.09525227546691895,-2.535423755645752,0.43368691205978394,-10.034967422485352
9804537000,-9.313225746154785e-10,-1.1175870895385742e-08,0.05816817656159401,-2.5380473136901855,0.43426579236984253,-10.035491943359375
9811491000,-6.752088665962219e-09,-5.122274160385132e-09,0.023949965834617615,-2.540116310119629,0.4352912902832031,-10.03441047668457
9825367000,-3.725290298461914e-09,-7.683411240577698e-09,-0.027126535773277283,-2.5429651737213135,0.4385359287261963,-10.029107093811035
9832456000,1.7229467630386353e-08,-4.656612873077393e-10,-0.04203411191701889,-2.5437564849853516,0.44045543670654297,-10.026395797729492
9839291000,2.3283064365386963e-08,-1.862645149230957e-09,-0.04992782324552536,-2.5444693565368652,0.44252723455429077,-10.024177551269531
9846265000,1.1175870895385742e-08,4.190951585769653e-09,-0.051628489047288895,-2.545046806335449,0.4445958137512207,-10.022652626037598
9860082000,4.563480615615845e-08,3.91155481338501e-08,-0.041424740105867386,-2.5462849140167236,0.44852936267852783,-10.020849227905273
9867180000,8.335337042808533e-08,-4.6333298087120056e-08,-0.032309576869010925,-2.546881675720215,0.4502025842666626,-10.020347595214844
9874036000,1.5133991837501526e-07,-1.2852251529693604e-07,-0.022285452112555504,-2.547785758972168,0.45186424255371094,-10.019588470458984
9881025000,1.253793016076088e-07,-1.0919757187366486e-07,-0.012447969987988472,-2.548783302307129,0.45328402519226074,-10.018856048583984
9887924000,6.833579391241074e-08,-4.936009645462036e-08,-0.0036386712454259396,-2.5499024391174316,0.45464760065078735,-10.017918586730957
9894805000,-2.444721758365631e-08,4.0105078369379044e-08,0.0035778763704001904,-2.551123857498169,0.4558486342430115,-10.01699447631836
9908746000,-8.835922926664352e-08,9.918585419654846e-08,0.01226809062063694,-2.553896427154541,0.45811283588409424,-10.015039443969727
9915772000,3.725290298461914e-09,5.005858838558197e-09,0.013801965862512589,-2.555758476257324,0.4602189064025879,-10.01293659210205
9922632000,5.820766091346741e-09,2.444721758365631e-09,0.013762558810412884,-2.556375026702881,0.4592503309249878,-10.014342308044434
9929600000,1.1641532182693481e-09,-1.6298145055770874e-09,0.012498660944402218,-2.5582261085510254,0.46136248111724854,-10.0123929977417
9943456000,1.1443626135587692e-07,-1.1059455573558807e-07,0.0078102536499500275,-2.5610854625701904,0.46370643377304077,-10.0106782913208
9950431000,1.8317950889468193e-07,-1.803855411708355e-07,0.005092499777674675,-2.5624074935913086,0.4649345874786377,-10.009864807128906
9957336000,1.57160684466362e-07,-1.5393015928566456e-07,0.002510513411834836,-2.5637214183807373,0.4662022590637207,-10.009026527404785
9964379000,1.3466706150211394e-07,-1.319403963861987e-07,0.0002660927420947701,-2.5648865699768066,0.467440128326416,-10.008216857910156
9971224000,7.385096978396177e-08,-7.128983270376921e-08,-0.0015132823027670383,-2.5661516189575195,0.4687803387641907,-10.007331848144531
9985141000,-1.7636921256780624e-08,1.9383151084184647e-08,-0.003503798507153988,-2.568443775177002,0.4714297652244568,-10.005616188049316
9992073000,-1.4202669262886047e-08,1.743319444358349e-08,-0.003764284308999777,-2.56963849067688,0.4728012681007385,-10.004745483398438
9999076000,-1.1292286217212677e-08,1.461012288928032e-08,-0.0036308374255895615,-2.5707154273986816,0.4741307497024536,-10.003904342651367
10005957000,-9.406358003616333e-08,9.583891369402409e-08,-0.0032011212315410376,-2.571927785873413,0.47547125816345215,-10.003071784973145
10012926000,-8.047209121286869e-08,8.157803677022457e-08,-0.0025781847070902586,-2.572995901107788,0.4767664670944214,-10.00223445892334
10026760000,-5.929905455559492e-08,6.043410394340754e-08,-0.0011314776493236423,-2.575305938720703,0.47939199209213257,-10.000516891479492
10033798000,-5.0727976486086845e-08,5.1386450650170445e-08,-0.0004603171837516129,-2.5763802528381348,0.480631947517395,-9.999662399291992
10040667000,-4.351386451162398e-08,4.41177689936012e-08,0.00010585968266241252,-2.577589273452759,0.48193180561065674,-9.998814582824707
10047864000,-3.733293851837516e-08,3.773675416596234e-08,0.0005391364102251828,-2.5786805152893066,0.48319119215011597,-9.997974395751953
10054546000,-3.2123352866619825e-08,3.213062882423401e-08,0.000829750148113817,-2.579899787902832,0.48447418212890625,-9.99711799621582
10068488000,5.3871190175414085e-08,1.7935235518962145e-08,0.0010141971288248897,-2.582190990447998,0.4869784116744995,-9.995389938354492
10075378000,1.2973032426089048e-07,-6.811751518398523e-08,0.0009480828302912414,-2.583284378051758,0.48821592330932617,-9.99455738067627
10082403000,1.111548044718802e-07,-5.840411176905036e-08,0.0008113631047308445,-2.5844457149505615,0.4894835948944092,-9.993712425231934
10089295000,-3.005698090419173e-08,7.494236342608929e-08,0.0006317840307019651,-2.585592269897461,0.4907493591308594,-9.9928617477417
10096228000,-2.5647750589996576e-08,6.43121893517673e-08,0.00043461687164381146,-2.586678981781006,0.4919942617416382,-9.992013931274414
10110102000,-1.8794708012137562e-08,4.7289177018683404e-08,6.879038119222969e-05,-2.5888941287994385,0.49452662467956543,-9.990288734436035
10117117000,-1.6115336620714515e-08,4.0527993405703455e-08,-7.244224980240688e-05,-2.5899810791015625,0.4957848787307739,-9.989432334899902
10123989000,-4.0978193283081055e-08,4.6566128730773926e-09,0.11128173768520355,-2.591439723968506,0.49504923820495605,-10.090147972106934
10131174000,-2.60770320892334e-08,3.725290298461914e-08,0.25127577781677246,-2.5947494506835938,0.4920129179954529,-10.163738250732422
10137898000,1.2293457984924316e-07,-4.470348358154297e-08,0.40112289786338806,-2.600350856781006,0.48662811517715454,-10.209290504455566
10151877000,1.6391277313232422e-07,-5.21540641784668e-08,0.6725817322731018,-2.6170716285705566,0.46645402908325195,-10.197617530822754
10158760000,3.725290298461914e-08,-1.862645149230957e-07,0.7742528319358826,-2.6298460960388184,0.45811331272125244,-10.149772644042969
10165729000,-2.0116567611694336e-07,5.960464477539063e-08,0.8472664952278137,-2.642885208129883,0.44598454236984253,-10.100515365600586
10172707000,-3.427267074584961e-07,-1.341104507446289e-07,0.8913260698318481,-2.6568808555603027,0.4333799481391907,-10.056099891662598
10179593000,1.1920928955078125e-07,-7.450580596923828e-09,0.9087914824485779,-2.671138286590576,0.42066526412963867,-10.022187232971191
10193484000,-1.6391277313232422e-07,1.4901161193847656e-08,0.8819361925125122,-2.6994338035583496,0.3963269591331482,-9.986777305603027
10200481000,2.5331974029541016e-07,1.564621925354004e-07,0.8486093282699585,-2.712925672531128,0.38509809970855713,-9.98020076751709
10207366000,7.450580596923828e-09,1.6391277313232422e-07,0.8093739151954651,-2.7256569862365723,0.3745870590209961,-9.977056503295898
10214423000,1.862645149230957e-07,1.4901161193847656e-08,0.7690316438674927,-2.737712860107422,0.36478281021118164,-9.975531578063965
10221268000,1.043081283569336e-07,1.2665987014770508e-07,0.731439471244812,-2.7491016387939453,0.35562413930892944,-9.974649429321289
10235182000,8.940696716308594e-08,5.21540641784668e-08,0.6744824051856995,-2.769890308380127,0.33871519565582275,-9.97472095489502
10242090000,-1.6391277313232422e-07,-5.21540641784668e-08,0.6574521660804749,-2.7795684337615967,0.3307264447212219,-9.975995063781738
10249133000,-1.6391277313232422e-07,-6.705522537231445e-08,0.6480907201766968,-2.7888739109039307,0.32289087772369385,-9.978055000305176
10255986000,1.4901161193847656e-08,1.043081283569336e-07,0.6455658674240112,-2.798067092895508,0.31514763832092285,-9.980603218078613
10269899000,1.2665987014770508e-07,7.450580596923828e-08,0.6557496786117554,-2.8159098625183105,0.2995338439941406,-9.985379219055176
10276834000,-5.960464477539063e-08,0.0,0.6654413938522339,-2.824805498123169,0.291628360748291,-9.986771583557129
10283793000,-2.2351741790771484e-07,1.341104507446289e-07,0.6762643456459045,-2.833777904510498,0.2836769223213196,-9.98719596862793
10290685000,-9.685754776000977e-08,3.725290298461914e-08,0.6870024800300598,-2.842702627182007,0.2756587862968445,-9.986693382263184
10297706000,-1.1920928955078125e-07,-2.9802322387695312e-08,0.6967124342918396,-2.851534843444824,0.26756900548934937,-9.9854097366333
10311587000,3.725290298461914e-08,3.129243850708008e-07,0.7107537984848022,-2.869317054748535,0.25147950649261475,-9.981202125549316
10318536000,-2.086162567138672e-07,2.0116567611694336e-07,0.7146342396736145,-2.878188133239746,0.2435152530670166,-9.978772163391113
10325423000,-2.384185791015625e-07,-8.195638656616211e-08,0.7165045142173767,-2.8868184089660645,0.23563939332962036,-9.976401329040527
10332452000,-5.960464477539063e-08,2.3096799850463867e-07,0.7166348099708557,-2.8953142166137695,0.22783362865447998,-9.974222183227539
10339333000,-2.4586915969848633e-07,1.2665987014770508e-07,0.7153926491737366,-2.9037327766418457,0.22019755840301514,-9.972209930419922
10353287000,2.2351741790771484e-08,2.9802322387695312e-08,0.710428774356842,-2.92006778717041,0.20531940460205078,-9.968976974487305
10360134000,-3.725290298461914e-08,-8.940696716308594e-08,0.7074822783470154,-2.927953004837036,0.19808292388916016,-9.96770191192627
10367166000,4.470348358154297e-08,1.6391277313232422e-07,0.7046535611152649,-2.935715675354004,0.19097459316253662,-9.966608047485352
10374046000,-1.7136335372924805e-07,9.685754776000977e-08,0.7021704912185669,-2.9432156085968018,0.18400216102600098,-9.965696334838867
10387968000,1.1920928955078125e-07,2.1606683731079102e-07,0.6987535357475281,-2.9577882289886475,0.1703866720199585,-9.964152336120605
10394882000,-1.341104507446289e-07,1.1175870895385742e-07,0.6978958249092102,-2.9648356437683105,0.1637340784072876,-9.96343994140625
10401863000,5.960464477539063e-08,3.427267074584961e-07,0.6975597143173218,-2.9717113971710205,0.15719664096832275,-9.962685585021973
10408777000,8.940696716308594e-08,-1.2665987014770508e-07,0.6976617574691772,-2.978487491607666,0.15075528621673584,-9.961947441101074
10415865000,-2.7567148208618164e-07,2.9802322387695312e-08,0.6980975270271301,-2.9850687980651855,0.1443946361541748,-9.961146354675293
10429644000,-4.470348358154297e-08,-7.450580596923828e-09,0.6995272040367126,-2.9978251457214355,0.13201367855072021,-9.959253311157227
10436570000,2.3096799850463867e-07,1.7136335372924805e-07,0.7003198862075806,-3.004084587097168,0.12595677375793457,-9.958242416381836
10443551000,-2.9802322387695312e-08,-1.341104507446289e-07,0.7010576128959656,-3.010017156600952,0.12001323699951172,-9.95717716217041
10450477000,2.2351741790771484e-08,-2.9802322387695312e-08,0.7016861438751221,-3.0159220695495605,0.11417675018310547,-9.956056594848633
10457409000,3.725290298461914e-08,2.8312206268310547e-07,0.7021729946136475,-3.0216686725616455,0.10885858535766602,-9.953997611999512
10471291000,-5.21540641784668e-08,7.450580596923828e-08,0.7026874423027039,-3.0326876640319824,0.09733521938323975,-9.952550888061523
10478270000,9.685754776000977e-08,1.4901161193847656e-08,0.7027350664138794,-3.0379817485809326,0.09194719791412354,-9.951375961303711
10485191000,0.0,2.4586915969848633e-07,0.7026734352111816,-3.043130874633789,0.08668315410614014,-9.95022964477539
10492113000,2.2351741790771484e-08,2.4586915969848633e-07,0.7025321125984192,-3.048135280609131,0.08155834674835205,-9.94904899597168
10499069000,-2.3096799850463867e-07,2.905726432800293e-07,0.7023410797119141,-3.052945852279663,0.07654166221618652,-9.947931289672852
10512935000,5.21540641784668e-08,5.960464477539063e-08,0.7019173502922058,-3.0622339248657227,0.06687808036804199,-9.945687294006348
10519956000,-1.341104507446289e-07,4.470348358154297e-08,0.7017268538475037,-3.06657338142395,0.06223428249359131,-9.944595336914062
10526874000,1.564621925354004e-07,-9.685754776000977e-08,0.7015695571899414,-3.070859432220459,0.05770576000213623,-9.943499565124512
10533813000,-1.6391277313232422e-07,-7.450580596923828e-08,0.7014521360397339,-3.074798583984375,0.053309082984924316,-9.942429542541504
10540740000,-1.4901161193847656e-08,6.705522537231445e-08,0.7013766169548035,-3.0787558555603027,0.049041748046875,-9.94133186340332
10554615000,-1.564621925354004e-07,0.0,0.7013384699821472,-3.08615779876709,0.04088413715362549,-9.939160346984863
10561544000,-6.705522537231445e-08,-5.960464477539063e-08,0.7013633251190186,-3.0895347595214844,0.037004709243774414,-9.938063621520996
10568522000,1.4901161193847656e-07,1.862645149230957e-07,0.7014068961143494,-3.0928635597229004,0.03323781490325928,-9.936955451965332
10575522000,8.940696716308594e-08,-2.2351741790771484e-08,0.701461136341095,-3.095937728881836,0.029607057571411133,-9.935883522033691
10589333000,-9.685754776000977e-08,-1.043081283569336e-07,0.7015745639801025,-3.1018576622009277,0.022756338119506836,-9.93362045288086
10596291000,-1.862645149230957e-07,8.940696716308594e-08,0.701623260974884,-3.104447364807129,0.019515037536621094,-9.93252944946289
10603255000,-1.7881393432617188e-07,1.1920928955078125e-07,0.7016621828079224,-3.1070504188537598,0.016434431076049805,-9.931346893310547
10610191000,-3.725290298461914e-08,1.4901161193847656e-08,0.701690137386322,-3.1093590259552,0.013477444648742676,-9.930245399475098
10624054000,-1.043081283569336e-07,5.21540641784668e-08,0.7017131447792053,-3.11371111869812,0.007977724075317383,-9.927953720092773
10631047000,-2.2351741790771484e-08,2.2351741790771484e-08,0.7017109990119934,-3.1155052185058594,0.005437612533569336,-9.926852226257324
10637983000,-2.5331974029541016e-07,7.450580596923828e-09,0.6388359665870667,-3.1172142028808594,0.004410982131958008,-9.913704872131348
10645023000,-5.21540641784668e-08,4.470348358154297e-08,0.5324181914329529,-3.1186602115631104,0.004654645919799805,-9.946439743041992
10658778000,-5.21540641784668e-08,2.60770320892334e-08,0.2630999982357025,-3.120199203491211,0.007693767547607422,-10.012862205505371
10665796000,-3.725290298461914e-09,1.1175870895385742e-08,0.13128815591335297,-3.1201987266540527,0.009810090065002441,-10.01521110534668
10672670000,-1.7462298274040222e-08,3.958120942115784e-09,0.016429254785180092,-3.1198830604553223,0.011920690536499023,-9.997806549072266
10679648000,3.725290298461914e-09,3.725290298461914e-09,-0.07488277554512024,-3.1192944049835205,0.01384270191192627,-9.969983100891113
10686597000,-2.0489096641540527e-08,-3.725290298461914e-09,-0.13959263265132904,-3.11849308013916,0.015440821647644043,-9.94131088256836
10700505000,1.4901161193847656e-08,5.587935447692871e-09,-0.19158218801021576,-3.1163711547851562,0.01742243766784668,-9.904646873474121
10707399000,-2.2351741790771484e-08,3.725290298461914e-09,-0.18527619540691376,-3.1151723861694336,0.017829298973083496,-9.89875602722168
10714536000,3.5390257835388184e-08,-9.313225746154785e-09,-0.16374307870864868,-3.1139895915985107,0.01787889003753662,-9.898300170898438
10721283000,2.0489096641540527e-08,-7.450580596923828e-09,-0.13222944736480713,-3.11297607421875,0.017682552337646484,-9.900134086608887
10735204000,-1.210719347000122e-08,-7.450580596923828e-09,-0.05861062556505203,-3.111173152923584,0.01676464080810547,-9.90217113494873
10742108000,-1.234002411365509e-08,8.149072527885437e-09,-0.024322982877492905,-3.1103034019470215,0.016190052032470703,-9.900810241699219
10749134000,-4.249159246683121e-09,6.170012056827545e-09,0.004674466326832771,-3.109682559967041,0.01564490795135498,-9.898205757141113
10756071000,-1.862645149230957e-09,5.122274160385132e-09,0.02693585865199566,-3.1091089248657227,0.015139102935791016,-9.895072937011719
10762947000,-2.3283064365386963e-09,5.587935447692871e-09,0.041934285312891006,-3.1085891723632812,0.014739394187927246,-9.892104148864746
10776889000,-1.30385160446167e-08,-9.313225746154785e-10,0.05167347937822342,-3.107800006866455,0.014237403869628906,-9.887842178344727
10783823000,-1.257285475730896e-08,-2.3283064365386963e-09,0.04842456430196762,-3.107332706451416,0.014136195182800293,-9.886597633361816
10790748000,-1.1641532182693481e-08,4.190951585769653e-09,0.04154467582702637,-3.1069464683532715,0.01413869857788086,-9.885605812072754
10797755000,-8.847564458847046e-09,6.05359673500061e-09,0.03244081512093544,-3.1064846515655518,0.014211893081665039,-9.884842872619629
10804628000,-6.28642737865448e-09,4.190951585769653e-09,0.02241397462785244,-3.1059799194335938,0.014311909675598145,-9.883934020996094
10811577000,-4.423782229423523e-09,2.7939677238464355e-09,0.012563131749629974,-3.10550856590271,0.014461874961853027,-9.882914543151855
10825461000,1.1641532182693481e-10,1.9208528101444244e-09,-0.0035086965654045343,-3.1044692993164062,0.014740228652954102,-9.880579948425293
10832501000,1.5133991837501526e-09,2.2118911147117615e-09,-0.008858130313456059,-3.1038780212402344,0.014863014221191406,-9.879417419433594
10839347000,2.444721758365631e-09,1.3969838619232178e-09,-0.012248517945408821,-3.103341579437256,0.01496422290802002,-9.878201484680176
10846311000,-4.6566128730773926e-09,2.3283064365386963e-10,-0.013802901841700077,-3.102830410003662,0.015021562576293945,-9.877049446105957
10860209000,7.916241884231567e-08,-8.218921720981598e-08,-0.012530727311968803,-3.101508855819702,0.015064716339111328,-9.874966621398926
10867186000,7.380731403827667e-08,-7.043126970529556e-08,-0.010429348796606064,-3.1010079383850098,0.01505732536315918,-9.87387466430664
10874076000,6.274785846471786e-08,-6.100162863731384e-08,-0.00785130076110363,-3.1004626750946045,0.01501917839050293,-9.872859001159668
10881199000,-1.1338852345943451e-07,-9.272480383515358e-08,-0.005131482146680355,-3.0999066829681396,0.014977693557739258,-9.87180233001709
10894890000,-8.467031875625253e-08,-6.862319423817098e-08,-0.000292802054900676,-3.0988712310791016,0.0148850679397583,-9.869709968566895
10901878000,-7.30069587007165e-08,-5.846959538757801e-08,0.001494485535658896,-3.098315715789795,0.01484823226928711,-9.868646621704102
10908883000,-6.298068910837173e-08,-5.043693818151951e-08,0.0027584803756326437,-3.097771167755127,0.014809012413024902,-9.867630004882812
10915791000,-1.2631062418222427e-08,-9.313225746154785e-10,0.0034999940544366837,-3.0972845554351807,0.014774799346923828,-9.866560935974121
10922688000,7.241033017635345e-08,8.277129381895065e-08,0.0037663765251636505,-3.0968034267425537,0.014753103256225586,-9.86551570892334
10929614000,6.193295121192932e-08,7.07223080098629e-08,0.003637228161096573,-3.0963191986083984,0.014745473861694336,-9.864455223083496
10943517000,3.961031325161457e-08,1.5890691429376602e-08,0.002588889794424176,-3.0953023433685303,0.0147322416305542,-9.862412452697754
10950527000,-4.933099262416363e-08,-6.949994713068008e-08,0.0018708211136981845,-3.09482479095459,0.01473534107208252,-9.861382484436035
10957418000,-4.220055416226387e-08,-5.967740435153246e-08,0.0011415547924116254,-3.0943405628204346,0.014744877815246582,-9.860321998596191
10964467000,-3.604509402066469e-08,-5.116453394293785e-08,0.0004688361659646034,-3.0938684940338135,0.014743804931640625,-9.859302520751953
10971313000,-3.0819137464277446e-08,-4.384128260426223e-08,-9.927048085955903e-05,-3.0933213233947754,0.014751911163330078,-9.858271598815918
10985241000,-2.2497260943055153e-08,-3.226159606128931e-08,-0.0008274501306004822,-3.0924434661865234,0.014748930931091309,-9.856217384338379
10992134000,-1.9252183847129345e-08,-2.773595042526722e-08,-0.00098219548817724,-3.0918335914611816,0.01476144790649414,-9.855222702026367
10999171000,-1.6472768038511276e-08,-2.36614141613245e-08,-0.001015211339108646,-3.0913572311401367,0.014757275581359863,-9.85418701171875
11006062000,-1.410080585628748e-08,-2.0212610252201557e-08,-0.0009500845335423946,-3.0909476280212402,0.014743804931640625,-9.853137016296387
11019927000,-1.0411895345896482e-08,-1.4893885236233473e-08,-0.0006347291055135429,-3.0898730754852295,0.01473987102508545,-9.851140022277832
11026859000,-8.94215190783143e-09,-1.2791133485734463e-08,-0.00043756369268521667,-3.089531421661377,0.014723539352416992,-9.850077629089355
11033863000,3.3993273973464966e-08,3.070817911066115e-08,-0.0002441083051962778,-3.088998794555664,0.014728665351867676,-9.84909439086914
11040728000,1.1250085663050413e-07,1.0971780284307897e-07,-7.09762898623012e-05,-3.0885279178619385,0.014711618423461914,-9.848081588745117
11047758000,9.499490261077881e-08,1.1548399925231934e-07,-0.202652245759964,-3.088650703430176,0.01907193660736084,-12.02234935760498
11061620000,8.195638656616211e-08,-1.4901161193847656e-07,-0.7721744179725647,-3.085425853729248,0.03332948684692383,-11.741090774536133
11068560000,-1.043081283569336e-07,-3.129243850708008e-07,-1.0667556524276733,-3.0823402404785156,0.04214930534362793,-11.633234977722168
11075470000,3.427267074584961e-07,2.384185791015625e-07,-1.3315343856811523,-3.077977418899536,0.051560282707214355,-11.419425010681152
11082494000,1.341104507446289e-07,-2.9802322387695312e-08,-1.54927396774292,-3.0722100734710693,0.06135225296020508,-11.139385223388672
11096303000,2.384185791015625e-07,-2.980232238769531e-07,-1.8136370182037354,-3.056361198425293,0.08175694942474365,-10.081350326538086
11103367000,-5.960464477539063e-08,3.2782554626464844e-07,-1.8615896701812744,-3.0463414192199707,0.09234285354614258,-9.741930961608887
11110204000,8.344650268554688e-07,-2.384185791015625e-07,-1.8622430562973022,-3.0350661277770996,0.10318601131439209,-9.516002655029297
11117196000,5.364418029785156e-07,0.0,-1.8258434534072876,-3.0228981971740723,0.11428892612457275,-9.381300926208496
11124073000,1.1920928955078125e-07,-1.4901161193847656e-07,-1.763720989227295,-3.010021209716797,0.12559163570404053,-9.312844276428223
11138043000,-3.427267074584961e-07,-1.9371509552001953e-07,-1.6058682203292847,-2.9833149909973145,0.14889860153198242,-9.290386199951172
11144939000,4.172325134277344e-07,-1.341104507446289e-07,-1.5284291505813599,-2.969791889190674,0.16086888313293457,-9.309155464172363
11151894000,2.5331974029541016e-07,-3.427267074584961e-07,-1.460858941078186,-2.9562764167785645,0.1731337308883667,-9.3386869430542
11158798000,2.5331974029541016e-07,-7.450580596923828e-08,-1.4070607423782349,-2.9428467750549316,0.1857309341430664,-9.376139640808105
11165814000,-1.4901161193847656e-07,5.960464477539063e-08,-1.3688541650772095,-2.9294047355651855,0.19877612590789795,-9.419672012329102
11179672000,4.6193599700927734e-07,-4.6193599700927734e-07,-1.3379195928573608,-2.901907444000244,0.22644424438476562,-9.517045021057129
11186604000,1.1920928955078125e-07,-2.682209014892578e-07,-1.3414583206176758,-2.8876819610595703,0.24123311042785645,-9.565896987915039
11193532000,4.172325134277344e-07,-8.940696716308594e-08,-1.3539764881134033,-2.872971534729004,0.25679659843444824,-9.61146068572998
11200498000,2.2351741790771484e-07,-3.5762786865234375e-07,-1.3723962306976318,-2.857630491256714,0.27309536933898926,-9.651921272277832
11207431000,2.8312206268310547e-07,-3.2782554626464844e-07,-1.3937820196151733,-2.8416922092437744,0.29019445180892944,-9.686168670654297
11221316000,1.341104507446289e-07,4.470348358154297e-08,-1.4357267618179321,-2.8074896335601807,0.3266749978065491,-9.735976219177246
11228238000,4.470348358154297e-07,-2.682209014892578e-07,-1.4527931213378906,-2.7893924713134766,0.346133828163147,-9.7528076171875
11235291000,1.7881393432617188e-07,2.384185791015625e-07,-1.4659162759780884,-2.770512104034424,0.3662286400794983,-9.765800476074219
11242168000,2.086162567138672e-07,-5.960464477539063e-08,-1.4747796058654785,-2.7509875297546387,0.3869835138320923,-9.775979042053223
11249193000,3.2782554626464844e-07,3.8743019104003906e-07,-1.4795173406600952,-2.7309410572052,0.4083220958709717,-9.784302711486816
11263054000,-2.2351741790771484e-07,-7.450580596923828e-08,-1.478736162185669,-2.6892170906066895,0.452614426612854,-9.79792308807373
11270012000,3.427267074584961e-07,-1.9371509552001953e-07,-1.4747263193130493,-2.6676721572875977,0.47552490234375,-9.804011344909668
11276858000,5.960464477539063e-08,-3.8743019104003906e-07,-1.469399333000183,-2.6458051204681396,0.49882930517196655,-9.80993938446045
11283829000,5.662441253662109e-07,-1.1920928955078125e-07,-1.4635201692581177,-2.6234683990478516,0.5225662589073181,-9.815712928771973
11297739000,4.3213367462158203e-07,1.4901161193847656e-08,-1.452543020248413,-2.5780882835388184,0.5713432431221008,-9.826805114746094
11304711000,4.917383193969727e-07,0.0,-1.4482790231704712,-2.5548462867736816,0.5963117480278015,-9.832037925720215
11311659000,-1.4901161193847656e-08,1.9371509552001953e-07,-1.4451231956481934,-2.5313632488250732,0.6217368841171265,-9.836893081665039
11318665000,2.682209014892578e-07,1.9371509552001953e-07,-1.4431171417236328,-2.5075926780700684,0.6475610733032227,-9.841350555419922
11325533000,5.811452865600586e-07,4.172325134277344e-07,-1.4421899318695068,-2.4833641052246094,0.6738132834434509,-9.845301628112793
11339450000,1.9371509552001953e-07,8.940696716308594e-08,-1.4429144859313965,-2.4340381622314453,0.7275750637054443,-9.851479530334473
11346384000,-2.8312206268310547e-07,4.3213367462158203e-07,-1.4441413879394531,-2.408907651901245,0.7551282644271851,-9.853673934936523
11353369000,-2.682209014892578e-07,5.066394805908203e-07,-1.4456510543823242,-2.3833744525909424,0.7830798625946045,-9.855304718017578
11360204000,-3.5762786865234375e-07,6.854534149169922e-07,-1.4472466707229614,-2.357412338256836,0.8113898634910583,-9.856471061706543
11367162000,1.043081283569336e-07,-1.9371509552001953e-07,-1.4487667083740234,-2.3311729431152344,0.8401341438293457,-9.85715389251709
11381174000,-1.9371509552001953e-07,4.3213367462158203e-07,-1.4511442184448242,-2.2796993255615234,0.9012889266014099,-9.854863166809082
11388080000,-7.450580596923828e-08,4.023313522338867e-07,-1.4518930912017822,-2.2486836910247803,0.9262889623641968,-9.859848022460938
11395018000,5.960464477539063e-08,-4.470348358154297e-08,-1.4523311853408813,-2.2231574058532715,0.959006667137146,-9.856911659240723
11402014000,4.470348358154297e-08,2.682209014892578e-07,-1.4524900913238525,-2.1955080032348633,0.9895392060279846,-9.856476783752441
11408891000,4.172325134277344e-07,1.4901161193847656e-07,-1.4524166584014893,-2.1675336360931396,1.020302176475525,-9.856030464172363
11422780000,-1.4901161193847656e-08,1.4156103134155273e-07,-1.4518035650253296,-2.110715866088867,1.0824253559112549,-9.855463981628418
11429726000,-3.427267074584961e-07,-4.470348358154297e-08,-1.4513826370239258,-2.082512378692627,1.1143853664398193,-9.854629516601562
11436706000,-8.940696716308594e-08,-2.3096799850463867e-07,-1.4509546756744385,-2.0536959171295166,1.1461713314056396,-9.854247093200684
11443632000,-2.5331974029541016e-07,-2.086162567138672e-07,-1.4505594968795776,-2.024730682373047,1.1782000064849854,-9.853845596313477
11457486000,1.4901161193847656e-07,-4.470348358154297e-08,-1.4499694108963013,-1.966308355331421,1.242836594581604,-9.85311222076416
11464583000,-2.086162567138672e-07,5.587935447692871e-07,-1.4497970342636108,-1.9439040422439575,1.2811641693115234,-9.846020698547363
11471499000,2.682209014892578e-07,1.043081283569336e-07,-1.4497051239013672,-1.9000749588012695,1.3029426336288452,-9.859028816223145
11478445000,-8.940696716308594e-08,3.8743019104003906e-07,-1.449686050415039,-1.8772993087768555,1.3416368961334229,-9.851873397827148
11485401000,3.427267074584961e-07,1.1920928955078125e-07,-1.4497241973876953,-1.8474502563476562,1.3746843338012695,-9.851430892944336
11499330000,2.8312206268310547e-07,5.438923835754395e-07,-1.4499093294143677,-1.7875730991363525,1.441273808479309,-9.850398063659668
11506223000,1.1920928955078125e-07,1.564621925354004e-07,-1.4500248432159424,-1.7573399543762207,1.4745986461639404,-9.849923133850098
11513155000,3.5762786865234375e-07,3.2782554626464844e-07,-1.4501383304595947,-1.7271593809127808,1.5081216096878052,-9.849358558654785
11520205000,3.427267074584961e-07,4.6938657760620117e-07,-1.4502397775650024,-1.6970635652542114,1.5418237447738647,-9.848675727844238
11533986000,2.682209014892578e-07,4.023313522338867e-07,-1.4503839015960693,-1.636283040046692,1.6090514659881592,-9.847514152526855
11540941000,5.662441253662109e-07,4.172325134277344e-07,-1.4504225254058838,-1.6058614253997803,1.642727017402649,-9.846883773803711
11547864000,2.086162567138672e-07,1.341104507446289e-07,-1.4504401683807373,-1.5754083395004272,1.6764065027236938,-9.846299171447754
11554792000,2.384185791015625e-07,1.862645149230957e-07,-1.450439691543579,-1.5449093580245972,1.710039496421814,-9.845680236816406
11561714000,4.023313522338867e-07,5.513429641723633e-07,-1.3204833269119263,-1.5161625146865845,1.7424527406692505,-9.793706893920898
11575616000,5.21540641784668e-08,2.9802322387695312e-08,-0.8298745155334473,-1.472480297088623,1.7940280437469482,-10.1140775680542
11582785000,4.470348358154297e-08,1.1175870895385742e-08,-0.5438271164894104,-1.466750144958496,1.8134104013442993,-10.216866493225098
11589620000,-1.4901161193847656e-08,6.705522537231445e-08,-0.2686440050601959,-1.4466133117675781,1.8188875913619995,-10.248204231262207
11596509000,-1.7229467630386353e-08,1.9674189388751984e-08,-0.03157494589686394,-1.4532248973846436,1.8262337446212769,-10.169720649719238
11610389000,-8.195638656616211e-08,-4.284083843231201e-08,0.28987982869148254,-1.4655102491378784,1.8222852945327759,-9.9390869140625
11617423000,-1.564621925354004e-07,1.862645149230957e-09,0.36809399724006653,-1.4757616519927979,1.8159645795822144,-9.847051620483398
11624308000,1.0803341865539551e-07,-1.341104507446289e-07,0.3962878882884979,-1.4871246814727783,1.8083629608154297,-9.792027473449707
11631276000,-1.30385160446167e-07,-8.381903171539307e-08,0.38283199071884155,-1.4985320568084717,1.8004695177078247,-9.771306037902832
11638262000,-4.0978193283081055e-08,-2.0116567611694336e-07,0.3380066752433777,-1.5093538761138916,1.7932847738265991,-9.77356243133545
11645195000,-2.60770320892334e-08,-1.1548399925231934e-07,0.27266165614128113,-1.5189239978790283,1.7873649597167969,-9.785616874694824
11659037000,-2.9802322387695312e-08,-3.259629011154175e-08,0.12037629634141922,-1.5329090356826782,1.7803179025650024,-9.802541732788086
11665984000,-1.6298145055770874e-08,-2.561137080192566e-08,0.049564871937036514,-1.5374137163162231,1.7794231176376343,-9.800695419311523
11672895000,-8.149072527885437e-10,-3.4924596548080444e-10,-0.010263215750455856,-1.5403788089752197,1.7800204753875732,-9.793591499328613
11679840000,1.5832483768463135e-08,2.514570951461792e-08,-0.05613726004958153,-1.5421664714813232,1.7818549871444702,-9.784299850463867
11686826000,4.6566128730773926e-09,2.7008354663848877e-08,-0.08698904514312744,-1.5429853200912476,1.784515619277954,-9.775714874267578
11700714000,4.563480615615845e-08,4.423782229423523e-08,-0.10684549808502197,-1.5434486865997314,1.7912684679031372,-9.76582145690918
11707686000,2.2351741790771484e-08,4.7497451305389404e-08,-0.10002580285072327,-1.5436789989471436,1.7948026657104492,-9.76448917388916
11714758000,4.0978193283081055e-08,6.51925802230835e-09,-0.08572956919670105,-1.548948049545288,1.7998807430267334,-9.76134967803955
11721615000,4.6566128730773926e-09,2.8870999813079834e-08,-0.0666823759675026,-1.5399351119995117,1.7989397048950195,-9.768243789672852
11735505000,2.0954757928848267e-09,4.540197551250458e-09,-0.025511624291539192,-1.5456113815307617,1.8042359352111816,-9.766426086425781
11742474000,6.577465683221817e-09,-4.2782630771398544e-09,-0.007312485948204994,-1.5499773025512695,1.806563138961792,-9.764220237731934
11749434000,1.4551915228366852e-09,-6.9267116487026215e-09,0.007577692158520222,-1.5524710416793823,1.8076101541519165,-9.763162612915039
11756327000,-1.6298145055770874e-09,-1.280568540096283e-08,0.01854480803012848,-1.5552011728286743,1.808250069618225,-9.762055397033691
11763248000,5.3551048040390015e-09,-6.402842700481415e-09,0.025461465120315552,-1.5582473278045654,1.80879807472229,-9.760987281799316
11777343000,-5.820766091346741e-09,-1.9441358745098114e-08,0.02847527526319027,-1.5739045143127441,1.813159704208374,-9.753170013427734
11784284000,-4.889443516731262e-09,-9.19681042432785e-09,0.02575516328215599,-1.5580297708511353,1.8062350749969482,-9.765324592590332
11791130000,-6.984919309616089e-10,-1.1059455573558807e-08,0.02135377563536167,-1.570570468902588,1.8103402853012085,-9.75851821899414
11798099000,2.444721758365631e-09,-7.392372936010361e-09,0.015998028218746185,-1.5735352039337158,1.810976266860962,-9.758027076721191
11805087000,9.313225746154785e-10,-7.508788257837296e-09,0.010375709272921085,-1.5762758255004883,1.8116652965545654,-9.757550239562988
11818980000,3.2741809263825417e-10,-1.0113581083714962e-09,0.00042941048741340637,-1.581237554550171,1.8132997751235962,-9.75656795501709
11825870000,9.022187441587448e-10,3.346940502524376e-10,-0.003221927210688591,-1.5837795734405518,1.8144810199737549,-9.755937576293945
11832889000,2.9103830456733704e-10,1.3387762010097504e-09,-0.0057891192846000195,-1.5859861373901367,1.8154702186584473,-9.755420684814453
11839750000,5.820766091346741e-11,1.979060471057892e-09,-0.007278434932231903,-1.5882283449172974,1.8166000843048096,-9.754877090454102
11846692000,4.656612873077393e-10,2.2118911147117615e-09,-0.007791127078235149,-1.5904440879821777,1.8177759647369385,-9.754342079162598
11860576000,1.7462298274040222e-09,1.1932570487260818e-09,-0.006590279750525951,-1.5948748588562012,1.8200950622558594,-9.753300666809082
11867604000,1.9208528101444244e-09,2.35741026699543e-09,-0.005292880814522505,-1.5970371961593628,1.821136236190796,-9.752822875976562
11874521000,4.656612873077393e-10,1.7171259969472885e-09,-0.00380387413315475,-1.599341630935669,1.82225501537323,-9.752276420593262
11881587000,-2.6193447411060333e-10,1.0186340659856796e-10,-0.0022983509115874767,-1.6016381978988647,1.8233110904693604,-9.751773834228516
11888388000,8.731149137020111e-11,1.8917489796876907e-10,-0.0009149178513325751,-1.6038870811462402,1.8242443799972534,-9.751276969909668
11902326000,-1.4551915228366852e-11,-5.529727786779404e-10,0.001137231127358973,-1.6085858345031738,1.826150894165039,-9.750226974487305
11909195000,3.2014213502407074e-10,-6.257323548197746e-10,0.0017299905885010958,-1.6109806299209595,1.8271119594573975,-9.749685287475586
11916262000,-5.238689482212067e-10,-7.566995918750763e-10,0.0020386080723255873,-1.613309383392334,1.8279759883880615,-9.749183654785156
11923135000,-3.055902197957039e-10,-8.731149137020111e-10,0.0020973440259695053,-1.6156519651412964,1.828843355178833,-9.748675346374512
11930016000,1.1641532182693481e-10,-6.039044819772243e-10,0.001955359010025859,-1.6180884838104248,1.8298046588897705,-9.748102188110352
11943927000,-5.820766091346741e-11,-9.458744898438454e-10,0.001295697526074946,-1.622697353363037,1.831547498703003,-9.747097969055176
11950908000,2.9831426218152046e-10,-4.729372449219227e-10,0.0008874896448105574,-1.6249964237213135,1.8324370384216309,-9.74657917022705
11957810000,5.093170329928398e-11,-4.511093720793724e-10,0.0004886952810920775,-1.6272947788238525,1.8333470821380615,-9.746041297912598
11964869000,6.730260793119669e-11,-2.1736923372372985e-10,0.00013295443204697222,-1.6295760869979858,1.8342645168304443,-9.745516777038574
11971720000,-2.421438694000244e-08,-6.239861249923706e-08,0.2025824338197708,-1.6348284482955933,1.8333382606506348,-11.91544246673584
11985689000,1.043081283569336e-07,-3.3155083656311035e-07,0.7715892195701599,-1.6639518737792969,1.812674641609192,-11.628119468688965
11992568000,2.086162567138672e-07,-1.4901161193847656e-07,1.0669777393341064,-1.6855237483978271,1.7902894020080566,-11.533122062683105
11999554000,-1.4901161193847656e-08,-6.92903995513916e-07,1.3317135572433472,-1.7179172039031982,1.7626100778579712,-11.314299583435059
12006445000,2.682209014892578e-07,-3.7997961044311523e-07,1.549406886100769,-1.7544536590576172,1.7283587455749512,-11.034350395202637
12013390000,5.066394805908203e-07,-5.811452865600586e-07,1.7107887268066406,-1.7954988479614258,1.6894322633743286,-10.443082809448242
12027274000,1.1920928955078125e-07,-4.470348358154297e-07,1.861589789390564,-1.8854659795761108,1.603283405303955,-9.639739990234375
12034252000,-5.960464477539062e-07,-2.5331974029541016e-07,1.8622146844863892,-1.9317848682403564,1.558794379234314,-9.414679527282715
12041159000,1.1920928955078125e-07,-2.980232238769531e-07,1.8257941007614136,-1.9776277542114258,1.5149353742599487,-9.280834197998047
12048107000,2.086162567138672e-07,-5.21540641784668e-07,1.7636549472808838,-2.022068977355957,1.4724085330963135,-9.213112831115723
12055076000,8.940696716308594e-08,-4.3213367462158203e-07,1.6869795322418213,-2.0648882389068604,1.4319124221801758,-9.18907642364502
12068968000,-1.4901161193847656e-08,-8.195638656616211e-08,1.5283703804016113,-2.1441848278045654,1.3571348190307617,-9.211427688598633
12075923000,-2.682209014892578e-07,-5.513429641723633e-07,1.4608128070831299,-2.181089401245117,1.3228716850280762,-9.241483688354492
12082895000,-6.109476089477539e-07,-9.685754776000977e-08,1.407027244567871,-2.216130256652832,1.2900710105895996,-9.279465675354004
12089815000,-4.917383193969727e-07,-2.60770320892334e-07,1.3688346147537231,-2.2498936653137207,1.2585206031799316,-9.323500633239746
12096707000,-4.6193599700927734e-07,8.940696716308594e-08,1.3462592363357544,-2.2827672958374023,1.2278598546981812,-9.371685981750488
12110670000,-2.2351741790771484e-07,-1.043081283569336e-07,1.3414690494537354,-2.348660469055176,1.170992374420166,-9.469789505004883
12117646000,-1.4901161193847656e-08,5.960464477539063e-08,1.3541829586029053,-2.37685489654541,1.1337244510650635,-9.518845558166504
12124550000,-4.6193599700927734e-07,-1.341104507446289e-07,1.3726457357406616,-2.410707950592041,1.106926441192627,-9.557955741882324
12131487000,2.8312206268310547e-07,-4.023313522338867e-07,1.39404296875,-2.442685127258301,1.0763344764709473,-9.592435836791992
12145426000,-4.023313522338867e-07,-2.9802322387695312e-08,1.4359362125396729,-2.5072073936462402,1.014401912689209,-9.642518043518066
12152408000,-8.940696716308594e-08,-1.1920928955078125e-07,1.4529571533203125,-2.5395941734313965,0.9831566214561462,-9.659570693969727
12159283000,-1.6391277313232422e-07,-5.364418029785156e-07,1.4660308361053467,-2.5718631744384766,0.9518150091171265,-9.672759056091309
12166308000,1.341104507446289e-07,-8.940696716308594e-08,1.474845290184021,-2.604011058807373,0.920562744140625,-9.683131217956543
12173177000,-3.8743019104003906e-07,-5.960464477539063e-08,1.4795385599136353,-2.6362080574035645,0.8896461129188538,-9.691487312316895
12180115000,-3.2782554626464844e-07,5.960464477539063e-08,1.4805880784988403,-2.667670965194702,0.85885089635849,-9.698797225952148
12193997000,4.470348358154297e-08,-1.1920928955078125e-07,1.4746662378311157,-2.729580879211426,0.7985641360282898,-9.711532592773438
12200978000,-3.8743019104003906e-07,2.9802322387695312e-08,1.46933114528656,-2.759887456893921,0.7691884636878967,-9.717424392700195
12207892000,4.6193599700927734e-07,-2.8312206268310547e-07,1.4634515047073364,-2.789340019226074,0.7401714324951172,-9.723273277282715
12214833000,-5.960464477539063e-08,-3.5762786865234375e-07,1.4576725959777832,-2.818291187286377,0.7117167115211487,-9.728919982910156
12221814000,-1.4901161193847656e-08,-1.6391277313232422e-07,1.4524904489517212,-2.8466482162475586,0.6837424039840698,-9.734369277954102
12235729000,-1.341104507446289e-07,-1.4901161193847656e-07,1.4450968503952026,-2.90170955657959,0.6292524337768555,-9.744331359863281
12242686000,-5.21540641784668e-07,2.086162567138672e-07,1.443103551864624,-2.9282851219177246,0.6026710867881775,-9.74869441986084
12249929000,-2.5331974029541016e-07,-5.364418029785156e-07,1.4421876668930054,-2.954287528991699,0.5765103101730347,-9.752555847167969
12256548000,0.0,2.682209014892578e-07,1.4421964883804321,-2.9799623489379883,0.5508220791816711,-9.755781173706055
12263469000,-4.6193599700927734e-07,-4.470348358154297e-08,1.4429277181625366,-3.0048000812530518,0.5255051255226135,-9.758459091186523
12277373000,2.384185791015625e-07,-1.341104507446289e-07,1.4456697702407837,-3.053262710571289,0.47617149353027344,-9.76193618774414
12284322000,2.9802322387695312e-08,5.960464477539063e-08,1.4472650289535522,-3.0766496658325195,0.45219147205352783,-9.76282024383545
12291264000,-3.427267074584961e-07,0.0,1.448783040046692,-3.0994646549224854,0.42861759662628174,-9.763280868530273
12305146000,2.086162567138672e-07,-2.8312206268310547e-07,1.4511539936065674,-3.143350124359131,0.38288450241088867,-9.763096809387207
12312146000,1.4901161193847656e-08,-1.4901161193847656e-08,1.4518965482711792,-3.164503812789917,0.3607654571533203,-9.762611389160156
12319068000,1.341104507446289e-07,2.384185791015625e-07,1.452332615852356,-3.1849474906921387,0.33916711807250977,-9.761959075927734
12325950000,1.341104507446289e-07,-2.9802322387695312e-08,1.4524898529052734,-3.2047510147094727,0.31805717945098877,-9.761246681213379
12332989000,2.086162567138672e-07,-2.384185791015625e-07,1.4524149894714355,-3.223926067352295,0.29747259616851807,-9.760465621948242
12346783000,1.4901161193847656e-08,2.682209014892578e-07,1.4518011808395386,-3.2605042457580566,0.25801146030426025,-9.758808135986328
12353774000,-1.7881393432617188e-07,-1.1920928955078125e-07,1.4513801336288452,-3.2776994705200195,0.23911547660827637,-9.758020401000977
12360729000,-2.5331974029541016e-07,4.023313522338867e-07,1.450952410697937,-3.2943673133850098,0.22079670429229736,-9.757194519042969
12367647000,-8.940696716308594e-08,2.682209014892578e-07,1.4505577087402344,-3.310263156890869,0.2030559778213501,-9.756394386291504
12374555000,-5.21540641784668e-07,3.8743019104003906e-07,1.4502242803573608,-3.3255555629730225,0.18587946891784668,-9.755606651306152
12388499000,2.682209014892578e-07,7.301568984985352e-07,1.449796438217163,-3.3539652824401855,0.15330862998962402,-9.75400161743164
12395435000,-1.341104507446289e-07,2.2351741790771484e-07,1.4497053623199463,-3.3672373294830322,0.1379467248916626,-9.753117561340332
12402405000,-7.450580596923828e-08,-4.470348358154297e-08,1.4496856927871704,-3.3798422813415527,0.12318503856658936,-9.752204895019531
12409287000,-3.427267074584961e-07,-8.940696716308594e-08,1.4497236013412476,-3.3916783332824707,0.10902070999145508,-9.75130558013916
12416684000,-1.341104507446289e-07,5.364418029785156e-07,1.4498032331466675,-3.402731418609619,0.095481276512146,-9.75035572052002
12430104000,-2.5331974029541016e-07,-2.5331974029541016e-07,1.4500240087509155,-3.4230356216430664,0.07031428813934326,-9.748291015625
12437160000,-4.917383193969727e-07,-4.172325134277344e-07,1.4501374959945679,-3.4320740699768066,0.05867457389831543,-9.747248649597168
12444063000,1.6391277313232422e-07,-4.470348358154297e-08,1.4502391815185547,-3.440427303314209,0.047692060470581055,-9.746139526367188
12451002000,-7.450580596923828e-08,-1.7881393432617188e-07,1.4503225088119507,-3.448126792907715,0.0373687744140625,-9.745014190673828
12464871000,0.0,0.0,1.4504225254058838,-3.4605770111083984,0.018848180770874023,-9.74213981628418
12471871000,8.940696716308594e-08,-2.384185791015625e-07,1.4504401683807373,-3.4674863815307617,0.010236382484436035,-9.74216079711914
12478781000,-1.4901161193847656e-08,2.8312206268310547e-07,1.4504398107528687,-3.47163724899292,0.002740621566772461,-9.740418434143066
12485760000,-4.6193599700927734e-07,1.4901161193847656e-08,1.3204760551452637,-3.4755804538726807,-0.0010797977447509766,-9.687887191772461
12492639000,-1.9371509552001953e-07,2.2351741790771484e-07,1.100433111190796,-3.4785633087158203,-0.0014899969100952148,-9.831149101257324
12506542000,-1.7136335372924805e-07,1.4156103134155273e-07,0.5431446433067322,-3.4809622764587402,0.00471949577331543,-10.119847297668457
12513467000,-2.123415470123291e-07,1.7508864402770996e-07,0.27072787284851074,-3.4792842864990234,0.00939786434173584,-10.131203651428223
12520538000,-8.288770914077759e-08,1.1688098311424255e-07,0.033399149775505066,-3.477202892303467,0.014242172241210938,-10.061673164367676
12527367000,-4.0978193283081055e-08,9.872019290924072e-08,-0.15521866083145142,-3.4744887351989746,0.018664121627807617,-9.947891235351562
12534341000,7.078051567077637e-08,-8.940696716308594e-08,-0.28884121775627136,-3.4714608192443848,0.022367358207702637,-9.830177307128906
12548302000,7.078051567077637e-08,-3.725290298461914e-08,-0.3960517942905426,-3.4638304710388184,0.02705693244934082,-9.681629180908203
12555171000,1.4901161193847656e-08,4.0978193283081055e-08,-0.3829178214073181,-3.459719657897949,0.028093934059143066,-9.660189628601074
12562073000,-9.313225746154785e-08,7.450580596923828e-08,-0.33833667635917664,-3.45570707321167,0.028379082679748535,-9.661835670471191
12569123000,-1.30385160446167e-07,3.725290298461914e-08,-0.2731543481349945,-3.4518723487854004,0.028041601181030273,-9.673395156860352
12575970000,-7.078051567077637e-08,6.705522537231445e-08,-0.19769683480262756,-3.4483423233032227,0.027275562286376953,-9.684465408325195
12589880000,-6.239861249923706e-08,5.494803190231323e-08,-0.05011024698615074,-3.44197940826416,0.02497100830078125,-9.687156677246094
12596800000,-2.444721758365631e-09,-2.444721758365631e-09,0.0098000168800354,-3.4391555786132812,0.023731350898742676,-9.679677963256836
12603801000,6.51925802230835e-09,-1.210719347000122e-08,0.05577994883060455,-3.436753273010254,0.022588253021240234,-9.669936180114746
12610725000,1.1175870895385742e-08,-9.313225746154785e-10,0.08674591034650803,-3.434422492980957,0.02162611484527588,-9.660870552062988
12617729000,-4.0978193283081055e-08,1.6763806343078613e-08,0.1031942218542099,-3.4322280883789062,0.020883917808532715,-9.654077529907227
12631590000,3.725290298461914e-09,-2.421438694000244e-08,0.10007394105195999,-3.42561674118042,0.0200192928314209,-9.646368980407715
12638557000,-4.6566128730773926e-09,1.6763806343078613e-08,0.0856984555721283,-3.4287490844726562,0.020189285278320312,-9.64983081817627
12645655000,3.725290298461914e-09,6.51925802230835e-09,0.06685040146112442,-3.4239583015441895,0.0202023983001709,-9.647941589355469
12652489000,7.916241884231567e-09,1.862645149230957e-09,0.04611815884709358,-3.421755313873291,0.020411014556884766,-9.647794723510742
12659402000,7.450580596923828e-09,-1.3969838619232178e-09,0.02577015571296215,-3.41953182220459,0.020718932151794434,-9.647117614746094
12673289000,2.7939677238464355e-09,-1.979060471057892e-09,-0.007438113912940025,-3.4166436195373535,0.021465778350830078,-9.645761489868164
12680250000,1.862645149230957e-09,-6.984919309616089e-10,-0.01843871921300888,-3.412405014038086,0.021647930145263672,-9.642909049987793
12687271000,8.66129994392395e-08,-8.381903171539307e-08,-0.02539104036986828,-3.410041332244873,0.021854758262634277,-9.641433715820312
12694113000,7.59027898311615e-08,-7.171183824539185e-08,-0.02855389192700386,-3.4076077938079834,0.02202463150024414,-9.640174865722656
12708035000,5.774199962615967e-08,-5.3085386753082275e-08,-0.02585209719836712,-3.4027833938598633,0.022150874137878418,-9.638195037841797
12714949000,-3.4226104617118835e-08,3.236345946788788e-08,-0.021488722413778305,-3.4003562927246094,0.022125840187072754,-9.637232780456543
12721931000,-2.9336661100387573e-08,3.073364496231079e-08,-0.016148434951901436,-3.3980956077575684,0.02207648754119873,-9.636642456054688
12728895000,-2.5960616767406464e-08,2.6659108698368073e-08,-0.010526073165237904,-3.395768165588379,0.022005677223205566,-9.635675430297852
12742719000,-1.930311555042863e-08,2.0787410903722048e-08,-0.0005436892388388515,-3.391146659851074,0.021802783012390137,-9.633879661560059
12749774000,-1.650187186896801e-08,1.82189978659153e-08,0.003135622013360262,-3.388835906982422,0.021701931953430176,-9.63298511505127
12756634000,-9.749783203005791e-08,-6.792834028601646e-08,0.005732506047934294,-3.3868119716644287,0.021627306938171387,-9.632034301757812
12763588000,-8.35862010717392e-08,-5.960464477539063e-08,0.007250059861689806,-3.384633779525757,0.02156054973602295,-9.631102561950684
12770544000,-1.5529803931713104e-07,-1.330627128481865e-07,0.007787404581904411,-3.3824691772460938,0.021511435508728027,-9.630212783813477
12784437000,-6.868503987789154e-09,-1.3527460396289825e-07,0.006620055064558983,-3.378297805786133,0.02146291732788086,-9.628436088562012
12791366000,-6.05359673500061e-09,-1.1437805369496346e-07,0.00533091276884079,-3.3760266304016113,0.021455883979797363,-9.627639770507812
12798285000,-5.122274160385132e-09,-9.825453162193298e-08,0.0038449775893241167,-3.373868942260742,0.021458983421325684,-9.62678337097168
12805265000,-4.336470738053322e-09,-8.41973815113306e-08,0.0023382501676678658,-3.3718619346618652,0.02148127555847168,-9.625916481018066
12812205000,-3.6816345527768135e-09,-7.241033017635345e-08,0.0009503134642727673,-3.3697214126586914,0.02148425579071045,-9.625076293945312
12826098000,-1.5144178178161383e-07,9.541690815240145e-08,-0.001116422819904983,-3.3655526638031006,0.021513819694519043,-9.623353004455566
12833069000,-1.2977398000657558e-07,8.163624443113804e-08,-0.0017171693034470081,-3.363415241241455,0.021519184112548828,-9.622538566589355
12840017000,-1.1120573617517948e-07,6.993650458753109e-08,-0.002033200580626726,-3.361415147781372,0.02152383327484131,-9.621679306030273
12846935000,-9.534414857625961e-08,6.01867213845253e-08,-0.002098201774060726,-3.359396457672119,0.02151966094970703,-9.620808601379395
12853868000,-8.16944520920515e-08,5.163019523024559e-08,-0.0019610454328358173,-3.3572745323181152,0.021523714065551758,-9.62002182006836
12867794000,1.1496013030409813e-08,-3.387685865163803e-08,-0.001306384801864624,-3.353389263153076,0.02150285243988037,-9.618281364440918
12874672000,5.149922799319029e-08,-7.053313311189413e-08,-0.0008985589374788105,-3.351270914077759,0.021472692489624023,-9.617513656616211
12881616000,4.411413101479411e-08,-6.049958756193519e-08,-0.0004991246969439089,-3.349268913269043,0.02146601676940918,-9.616682052612305
12888590000,3.7813151720911264e-08,-5.184665496926755e-08,-0.00014201340673025697,-3.347280979156494,0.021439552307128906,-9.61587142944336
12902483000,6.332993507385254e-08,-1.1175870895385742e-08,-0.2023346722126007,-3.3440842628479004,0.02617490291595459,-11.775849342346191
12909408000,1.7881393432617188e-07,-4.470348358154297e-08,-0.5613737106323242,-3.3417975902557373,0.03530013561248779,-13.892755508422852
12916544000,3.2782554626464844e-07,-5.364418029785156e-07,-1.039160966873169,-3.337980270385742,0.048547565937042236,-16.007488250732422
12923312000,4.470348358154297e-07,-2.8312206268310547e-07,-1.5847837924957275,-3.3317699432373047,0.06545144319534302,-17.287126541137695
12930222000,4.172325134277344e-07,3.2782554626464844e-07,-2.134610176086426,-3.3222222328186035,0.08523368835449219,-17.056312561035156
12944153000,-8.940696716308594e-08,8.940696716308594e-08,-3.09751296043396,-3.2906670570373535,0.1333445906639099,-15.232583999633789
12951108000,2.980232238769531e-07,-8.940696716308594e-07,-3.4470434188842773,-3.2668399810791016,0.16195321083068848,-13.946839332580566
12958015000,-2.980232238769531e-07,1.7881393432617188e-07,-3.6902689933776855,-3.2379932403564453,0.19346630573272705,-11.78675651550293
12965002000,1.7881393432617188e-07,-5.960464477539062e-07,-3.8282387256622314,-3.2025630474090576,0.22866201400756836,-10.134078979492188
12971943000,6.556510925292969e-07,-1.7881393432617188e-07,-3.871696949005127,-3.162010431289673,0.2669926881790161,-8.960633277893066
12985832000,7.748603820800781e-07,-1.6987323760986328e-06,-3.7451980113983154,-3.0683648586273193,0.35229921340942383,-7.746477127075195
12992811000,4.76837158203125e-07,-5.960464477539063e-08,-3.616115093231201,-3.017167091369629,0.3982795476913452,-7.524308681488037
12999949000,0.0,-8.344650268554688e-07,-3.4697041511535645,-2.9631166458129883,0.4524599313735962,-7.484439373016357
13006815000,1.4901161193847656e-07,5.662441253662109e-07,-3.3201849460601807,-2.911797046661377,0.48877453804016113,-7.446399688720703
13020729000,1.4007091522216797e-06,5.960464477539063e-08,-3.074817657470703,-2.8025741577148438,0.596043586730957,-7.701761245727539
13027615000,7.152557373046875e-07,4.76837158203125e-07,-2.9905922412872314,-2.748581886291504,0.6477543711662292,-7.86728048324585
13034583000,5.066394805908203e-07,-2.682209014892578e-07,-2.9353139400482178,-2.694056749343872,0.7005900740623474,-8.05515193939209
13041481000,2.384185791015625e-07,8.940696716308594e-08,-2.907628297805786,-2.6389620304107666,0.7548409700393677,-8.254884719848633
13048463000,1.7881393432617188e-07,5.960464477539062e-07,-2.9040067195892334,-2.5824856758117676,0.8105836510658264,-8.456009864807129
13062310000,2.9802322387695312e-08,-5.960464477539063e-08,-2.9486379623413086,-2.4652609825134277,0.9279765486717224,-8.822941780090332
13069338000,-8.046627044677734e-07,1.2218952178955078e-06,-2.9857633113861084,-2.403689384460449,0.9896822571754456,-8.975092887878418
13076274000,8.940696716308594e-07,-1.1920928955078125e-07,-3.025832176208496,-2.340083122253418,1.0534791946411133,-9.102485656738281
13083303000,2.384185791015625e-07,9.5367431640625e-07,-3.064613103866577,-2.2745938301086426,1.1193907260894775,-9.205771446228027
13097104000,5.662441253662109e-07,1.1920928955078125e-07,-3.1266324520111084,-2.137932777404785,1.2564687728881836,-9.352484703063965
13104126000,5.662441253662109e-07,3.8743019104003906e-07,-3.146724224090576,-2.0672099590301514,1.3271539211273193,-9.40395736694336
13110965000,3.8743019104003906e-07,3.725290298461914e-07,-3.159048557281494,-1.9956035614013672,1.3991379737854004,-9.44592571258545
13118035000,4.76837158203125e-07,1.7285346984863281e-06,-3.1641929149627686,-1.9228053092956543,1.4717323780059814,-9.481744766235352
13131803000,1.1920928955078125e-07,1.2367963790893555e-06,-3.1576602458953857,-1.7768052816390991,1.6188799142837524,-9.542745590209961
13138741000,-9.5367431640625e-07,2.9802322387695312e-08,-3.1488983631134033,-1.7022887468338013,1.692013144493103,-9.571195602416992
13145693000,5.960464477539062e-07,1.5348196029663086e-06,-3.1384661197662354,-1.6294763088226318,1.7658249139785767,-9.59809684753418
13152705000,6.258487701416016e-07,1.1473894119262695e-06,-3.1276562213897705,-1.5565227270126343,1.8390496969223022,-9.6244478225708
13159579000,-7.450580596923828e-07,9.08970832824707e-07,-3.117518901824951,-1.4839481115341187,1.9117499589920044,-9.650002479553223
13173467000,-2.086162567138672e-07,1.3709068298339844e-06,-3.1020147800445557,-1.3405625820159912,2.055556058883667,-9.697636604309082
13180380000,-3.2782554626464844e-07,1.0132789611816406e-06,-3.097311019897461,-1.269840955734253,2.1263091564178467,-9.719101905822754
13187401000,-1.1920928955078125e-06,-2.9802322387695312e-08,-3.0946686267852783,-1.200009822845459,2.196399211883545,-9.738492012023926
13194304000,8.940696716308594e-08,7.450580596923828e-08,-3.0938751697540283,-1.1308374404907227,2.2653427124023438,-9.755711555480957
13208147000,1.4901161193847656e-07,1.1920928955078125e-06,-3.096445322036743,-0.9955015182495117,2.4004600048065186,-9.782767295837402
13215095000,-7.152557373046875e-07,1.2218952178955078e-06,-3.099003791809082,-0.9293025135993958,2.466090202331543,-9.792734146118164
13222068000,-5.960464477539063e-08,1.914799213409424e-06,-3.1018900871276855,-0.8644269704818726,2.530552864074707,-9.800392150878906
13229000000,-2.9802322387695312e-08,7.078051567077637e-07,-3.104773759841919,-0.8008022904396057,2.5934972763061523,-9.80610466003418
13235989000,5.364418029785156e-07,1.1399388313293457e-06,-3.1073975563049316,-0.7385618686676025,2.6548027992248535,-9.810149192810059
13242906000,5.960464477539062e-07,9.164214134216309e-07,-3.1095826625823975,-0.6778739094734192,2.7144830226898193,-9.81281852722168
13256862000,4.470348358154297e-07,5.811452865600586e-07,-3.1123123168945312,-0.5536942481994629,2.8301711082458496,-9.819372177124023
13263766000,-7.152557373046875e-07,7.301568984985352e-07,-3.112844228744507,-0.5059332251548767,2.8827457427978516,-9.81554126739502
13270749000,-6.258487701416016e-07,1.2665987014770508e-06,-3.112905263900757,-0.4526243805885315,2.9344322681427,-9.815564155578613
13277688000,-3.8743019104003906e-07,1.1473894119262695e-06,-3.1125924587249756,-0.4014987349510193,2.98409366607666,-9.815356254577637
13291578000,-1.087784767150879e-06,8.866190910339355e-07,-3.111283540725708,-0.3058387041091919,3.0759317874908447,-9.814960479736328
13298484000,4.76837158203125e-07,4.917383193969727e-07,-3.1104958057403564,-0.2615206241607666,3.118222713470459,-9.81478500366211
13305490000,-1.9371509552001953e-07,5.289912223815918e-07,-3.1097354888916016,-0.21970075368881226,3.1577882766723633,-9.814640045166016
13312422000,3.129243850708008e-07,3.650784492492676e-07,-3.1090638637542725,-0.18033117055892944,3.1947455406188965,-9.81454849243164
13326286000,-2.9802322387695312e-08,6.556510925292969e-07,-3.108131170272827,-0.10961255431175232,3.26065731048584,-9.814148902893066
13333228000,3.129243850708008e-07,1.3187527656555176e-06,-3.1078922748565674,-0.07822233438491821,3.2892704010009766,-9.813913345336914
13340172000,4.470348358154297e-08,5.513429641723633e-07,-3.1077945232391357,-0.049687325954437256,3.3152222633361816,-9.813485145568848
13347099000,1.862645149230957e-07,1.2665987014770508e-06,-3.1078155040740967,-0.023935526609420776,3.3379664421081543,-9.813032150268555
13360992000,1.043081283569336e-07,3.501772880554199e-07,-3.108100414276123,0.018696725368499756,3.3751285076141357,-9.811495780944824
13367974000,-6.183981895446777e-07,1.0766088962554932e-06,-3.1083061695098877,0.03563256561756134,3.389120578765869,-9.810609817504883
13374889000,3.762543201446533e-07,1.3299286365509033e-06,-3.108518600463867,0.04943712055683136,3.4000461101531982,-9.809529304504395
13381915000,-3.6135315895080566e-07,-2.5704503059387207e-07,-3.108717203140259,0.06020927429199219,3.4080727100372314,-9.808368682861328
13388829000,7.189810276031494e-07,3.46451997756958e-07,-3.1088876724243164,0.06786198914051056,3.4129836559295654,-9.807113647460938
13395804000,4.0605664253234863e-07,4.284083843231201e-07,-3.109020233154297,0.0723797082901001,3.4148902893066406,-9.805817604064941
13409616000,1.0319054126739502e-06,6.891787052154541e-07,-3.1091628074645996,0.07568686455488205,3.409423351287842,-9.803078651428223
13416579000,7.62520357966423e-09,9.387731552124023e-07,-2.8746562004089355,0.07519008219242096,3.4025206565856934,-11.332189559936523
13423513000,-3.725290298461914e-09,3.948807716369629e-07,-2.4590988159179688,0.07283403724431992,3.3933231830596924,-13.112577438354492
13430443000,-1.5366822481155396e-07,1.601874828338623e-07,-1.927253246307373,0.06882806867361069,3.383013963699341,-14.481496810913086
13437451000,1.862645149230957e-08,2.942979335784912e-07,-1.3520948886871338,0.0633753091096878,3.3728349208831787,-14.605381965637207
13451326000,2.6309862732887268e-08,1.1641532182693481e-07,-0.26449713110923767,0.048317715525627136,3.358222007751465,-13.486120223999023
13458246000,-1.1862721294164658e-07,-8.102506399154663e-08,0.16325423121452332,0.03978949040174484,3.3547940254211426,-12.685648918151855
13465144000,-2.3422762751579285e-07,-2.575106918811798e-07,0.48320066928863525,0.03153976798057556,3.3536877632141113,-11.190540313720703
13472149000,-2.253800630569458e-07,-3.818422555923462e-08,0.6901582479476929,0.02426406741142273,3.3540730476379395,-9.827726364135742
13479107000,1.5366822481155396e-08,-4.190951585769653e-08,0.7901898622512817,0.018516119569540024,3.3552582263946533,-8.890188217163086
13493004000,2.416782081127167e-07,-5.587935447692871e-09,0.7319813966751099,0.012581905350089073,3.3584554195404053,-8.040716171264648
13499935000,1.9220169633626938e-07,2.2351741790771484e-08,0.6150510907173157,0.012207945808768272,3.35935640335083,-7.9420671463012695
13506874000,1.3934914022684097e-07,-1.1315569281578064e-07,0.4684835374355316,0.013154121115803719,3.35964035987854,-7.944370269775391
13513806000,1.4470424503087997e-07,-4.842877388000488e-08,0.3118693232536316,0.015010001137852669,3.359384059906006,-7.99010705947876
13520766000,2.064625732600689e-07,-2.2142194211483002e-07,0.16142943501472473,0.01735452562570572,3.358579635620117,-8.04831314086914
13534753000,1.7316779121756554e-09,-5.122274160385132e-08,-0.0766720324754715,0.022234976291656494,3.354795217514038,-8.171834945678711
13541563000,-1.3969838619232178e-08,-5.634501576423645e-08,-0.15272203087806702,0.024263273924589157,3.353058099746704,-8.240333557128906
13548497000,2.1274900063872337e-08,-1.979060471057892e-08,-0.1984802931547165,0.02591087482869625,3.350088119506836,-8.321699142456055
13555504000,1.0017538443207741e-07,1.30385160446167e-08,-0.21648697555065155,0.027091650292277336,3.347215175628662,-8.41318130493164
13562466000,1.7671845853328705e-07,1.0686926543712616e-07,-0.21116101741790771,0.02777016907930374,3.3448266983032227,-8.51057243347168
13576311000,9.650830179452896e-08,8.42846930027008e-08,-0.15317180752754211,0.028015390038490295,3.3391830921173096,-8.708015441894531
13583430000,9.790528565645218e-08,8.42846930027008e-08,-0.11214607208967209,0.027692612260580063,3.3366811275482178,-8.79786205291748
13590190000,3.790773916989565e-08,5.180481821298599e-08,-0.07001025229692459,0.027176257222890854,3.3344054222106934,-8.878581047058105
13597148000,-7.58154783397913e-09,-7.974449545145035e-09,-0.03078068047761917,0.02657543495297432,3.332108497619629,-8.949864387512207
13604160000,7.775088306516409e-08,7.325070328079164e-08,0.0026608402840793133,0.02594350278377533,3.330261468887329,-9.012313842773438
13618032000,5.5078999139368534e-08,5.78584149479866e-08,0.04629140719771385,0.024847622960805893,3.3266212940216064,-9.116231918334961
13624935000,7.232301868498325e-09,-4.190951585769653e-09,0.055996835231781006,0.02445642277598381,3.324958562850952,-9.15997314453125
13631861000,-8.070492185652256e-08,-1.0011717677116394e-07,0.05857080593705177,0.024201437830924988,3.3234176635742188,-9.19920539855957
13638833000,-1.0424992069602013e-07,-1.1973315849900246e-07,0.05533605068922043,0.0240391306579113,3.3216021060943604,-9.234408378601074
13652723000,-4.434696165844798e-08,-4.487810656428337e-08,0.037703607231378555,0.024083007127046585,3.318516969680786,-9.29308032989502
13659659000,-3.982131602242589e-08,-3.7834979593753815e-08,0.02639107033610344,0.0242021381855011,3.3168489933013916,-9.317049026489258
13666582000,-3.119566827081144e-08,-3.247987478971481e-08,0.015178639441728592,0.024375200271606445,3.315274953842163,-9.337746620178223
13673609000,-2.7722308004740626e-08,-2.971501089632511e-08,0.005048833787441254,0.024566974490880966,3.3135106563568115,-9.35560417175293
13680460000,-2.3746906663291156e-08,-2.3675966076552868e-08,-0.0033267647959291935,0.024759186431765556,3.3116648197174072,-9.370978355407715
13694355000,-1.7807906260713935e-08,-1.4828401617705822e-08,-0.013612093403935432,0.025073330849409103,3.308170795440674,-9.395524978637695
13701381000,-1.4093529898673296e-08,-1.0812073014676571e-08,-0.015546388924121857,0.02518908493220806,3.30642032623291,-9.405323028564453
13708285000,-1.4475517673417926e-08,-7.377821020781994e-09,-0.015666410326957703,0.02527143433690071,3.304659128189087,-9.413765907287598
13715180000,-1.0950316209346056e-08,-5.093170329928398e-09,-0.014356503263115883,0.025322653353214264,3.302830934524536,-9.421052932739258
13722177000,-9.156792657449841e-09,-5.209585651755333e-09,-0.012045657262206078,0.02534063346683979,3.301072597503662,-9.427264213562012
13736065000,-7.216112862806767e-08,-6.948539521545172e-08,-0.00608040438964963,0.025316987186670303,3.297595739364624,-9.437058448791504
13742985000,-6.222398951649666e-08,-6.210029823705554e-08,-0.0031277299858629704,0.02530151978135109,3.2959203720092773,-9.44083023071289
13749932000,-1.1514316611282993e-08,-1.1571501090656966e-08,-0.0005379797657951713,0.025264380499720573,3.2943367958068848,-9.443975448608398
13756947000,3.176774043822661e-08,3.185232344549149e-08,0.0015357430092990398,0.0252448171377182,3.292602062225342,-9.446647644042969
13770800000,9.490213415119797e-08,9.419818525202572e-08,0.003910502884536982,0.02520057000219822,3.2894155979156494,-9.450640678405762
13777706000,8.14025042927824e-08,8.116330718621612e-08,0.004256596788764,0.02519766241312027,3.2877376079559326,-9.452163696289062
13784777000,6.982281774980947e-08,-9.660288924351335e-08,0.004145858809351921,0.02520209737122059,3.2862327098846436,-9.45334529876709
13791581000,5.995934770908207e-08,-9.786162991076708e-10,0.0036877491511404514,0.02520548179745674,3.284677028656006,-9.454320907592773
13798589000,5.122728907736018e-08,-4.3655745685100555e-10,0.0029990929178893566,0.02522374875843525,3.2830591201782227,-9.455108642578125
13812428000,3.758896127692424e-08,-1.4006218407303095e-10,0.0013640050310641527,0.02527744695544243,3.2799198627471924,-9.456136703491211
13819455000,3.2349248613172676e-08,-1.6916601452976465e-10,0.0005942898569628596,0.025306500494480133,3.278291940689087,-9.456460952758789
13826316000,4.691537469625473e-08,-2.6775524020195007e-08,0.20270372927188873,0.020770985633134842,3.2774133682250977,-11.611340522766113
13833238000,-7.450580596923828e-09,8.381903171539307e-08,0.5614352226257324,0.011871319264173508,3.2773101329803467,-13.719350814819336
13840203000,-9.010545909404755e-08,2.561137080192566e-07,1.039003849029541,-0.0011279955506324768,3.2782270908355713,-15.827457427978516
13854154000,1.0617077350616455e-07,-3.0174851417541504e-07,2.134181499481201,-0.03493686020374298,3.2836215496063232,-16.874868392944336
13861031000,-4.861503839492798e-07,-5.029141902923584e-07,2.6514763832092285,-0.05238229036331177,3.2872159481048584,-16.035614013671875
13868067000,-7.953494787216187e-07,-5.997717380523682e-07,3.0970520973205566,-0.06754294037818909,3.289686918258667,-15.058260917663574
13874947000,-1.1883676052093506e-06,-1.6726553440093994e-06,3.446622610092163,-0.07846400886774063,3.2904052734375,-13.778303146362305
13881843000,2.905726432800293e-07,-4.731118679046631e-07,3.6897828578948975,-0.08515664935112,3.287734031677246,-11.61610221862793
13895770000,-2.3096799850463867e-07,-2.980232238769531e-07,3.8715524673461914,-0.10361497104167938,3.2693638801574707,-8.79506778717041
13902724000,-9.760260581970215e-07,-4.470348358154297e-08,3.8373379707336426,-0.11709001660346985,3.252795457839966,-8.030667304992676
13909666000,-1.341104507446289e-07,-1.0579824447631836e-06,3.745309591293335,-0.133823961019516,3.2317962646484375,-7.583630084991455
13916629000,-4.917383193969727e-07,-1.4603137969970703e-06,3.6163017749786377,-0.15367627143859863,3.2067720890045166,-7.3627142906188965
13923576000,2.5331974029541016e-07,-8.940696716308594e-07,3.4699344635009766,-0.1765556037425995,3.1785526275634766,-7.292333126068115
13937499000,8.344650268554688e-07,-9.462237358093262e-07,3.1890692710876465,-0.23043978214263916,3.114722490310669,-7.408612251281738
13944405000,-4.023313522338867e-07,-1.214444637298584e-06,3.07704496383667,-0.26096534729003906,3.0799715518951416,-7.542357921600342
13951569000,-1.4901161193847656e-08,1.4901161193847656e-08,2.992279529571533,-0.30647677183151245,3.039928674697876,-7.736008167266846
13958361000,4.470348358154297e-08,-1.862645149230957e-07,2.9358768463134766,-0.3171115517616272,3.009472131729126,-7.874748229980469
13965300000,-3.5762786865234375e-07,-4.470348358154297e-07,2.9080612659454346,-0.3675212264060974,2.965773344039917,-8.100224494934082
13979238000,1.043081283569336e-07,-7.450580596923828e-09,2.9196853637695312,-0.45044517517089844,2.880783796310425,-8.494579315185547
13986221000,1.1622905731201172e-06,-3.5762786865234375e-07,2.948671817779541,-0.4958919882774353,2.834972381591797,-8.669885635375977
13993120000,0.0,-7.897615432739258e-07,2.9856977462768555,-0.5475289225578308,2.7861087322235107,-8.82474422454834
14000231000,1.9371509552001953e-07,-7.972121238708496e-07,3.025885581970215,-0.5916887521743774,2.735830307006836,-8.94937801361084
14007045000,7.450580596923828e-07,-1.5795230865478516e-06,3.064615488052368,-0.6487137675285339,2.6815943717956543,-9.054717063903809
14020929000,2.682209014892578e-07,-3.129243850708008e-07,3.1265666484832764,-0.7634482383728027,2.5666370391845703,-9.202154159545898
14027855000,-7.748603820800781e-07,-1.0132789611816406e-06,3.146641731262207,-0.8242084383964539,2.5055456161499023,-9.253984451293945
14034868000,-4.470348358154297e-07,-1.7285346984863281e-06,3.1589603424072266,-0.8870990872383118,2.4426467418670654,-9.296303749084473
14041767000,0.0,-1.1920928955078125e-06,3.164108991622925,-0.9517330527305603,2.3778176307678223,-9.332405090332031
14048688000,3.5762786865234375e-07,-1.087784767150879e-06,3.1631875038146973,-1.0178579092025757,2.311474084854126,-9.364537239074707
14062614000,5.960464477539063e-08,-4.172325134277344e-07,3.148866653442383,-1.1539973020553589,2.1752984523773193,-9.422632217407227
14069535000,7.152557373046875e-07,-1.2218952178955078e-06,3.1384522914886475,-1.2235889434814453,2.1059117317199707,-9.450037956237793
14076458000,-1.1920928955078125e-07,-1.3560056686401367e-06,3.127656936645508,-1.2938556671142578,2.0357773303985596,-9.476750373840332
14083425000,-5.364418029785156e-07,-1.2814998626708984e-06,3.1175317764282227,-1.3648426532745361,1.9651811122894287,-9.502601623535156
14097294000,3.5762786865234375e-07,-1.043081283569336e-07,3.1020405292510986,-1.5080645084381104,1.8228285312652588,-9.550907135009766
14104264000,5.662441253662109e-07,-1.1324882507324219e-06,3.0973377227783203,-1.580174446105957,1.7513024806976318,-9.57269287109375
14111181000,4.172325134277344e-07,-2.8312206268310547e-07,3.094693660736084,-1.6524221897125244,1.6795988082885742,-9.592503547668457
14118191000,-8.642673492431641e-07,-1.1324882507324219e-06,3.0938971042633057,-1.7247488498687744,1.607848882675171,-9.610050201416016
14132030000,-3.8743019104003906e-07,-1.3709068298339844e-06,3.0964574813842773,-1.8691914081573486,1.4645297527313232,-9.637898445129395
14139001000,-1.0132789611816406e-06,5.960464477539063e-08,3.099010705947876,-1.9409655332565308,1.3930699825286865,-9.648262977600098
14145936000,-3.5762786865234375e-07,-4.6193599700927734e-07,3.1018919944763184,-2.0124964714050293,1.3220880031585693,-9.656342506408691
14152875000,2.9802322387695312e-08,-5.811452865600586e-07,3.1047723293304443,-2.0833733081817627,1.251482367515564,-9.662489891052246
14159796000,3.2782554626464844e-07,-6.556510925292969e-07,3.107393264770508,-2.1536169052124023,1.1815173625946045,-9.666936874389648
14173718000,-8.940696716308594e-08,-8.940696716308594e-08,3.1112220287323,-2.2915561199188232,1.0439722537994385,-9.672039031982422
14180652000,4.76837158203125e-07,-5.662441253662109e-07,3.1122994422912598,-2.3588061332702637,0.9765689373016357,-9.673351287841797
14187598000,-1.043081283569336e-06,-8.046627044677734e-07,3.1128358840942383,-2.4249672889709473,0.9104382991790771,-9.674070358276367
14194511000,-6.556510925292969e-07,8.940696716308594e-08,3.112901449203491,-2.4895522594451904,0.8454369902610779,-9.674585342407227
14208488000,8.046627044677734e-07,-1.1920928955078125e-06,3.112009048461914,-2.6131033897399902,0.7135229110717773,-9.678851127624512
14215471000,-1.1920928955078125e-07,0.0,3.1112778186798096,-2.6745128631591797,0.6588905453681946,-9.675429344177246
14222405000,-3.8743019104003906e-07,-1.7881393432617188e-07,3.1104912757873535,-2.732353448867798,0.6003257632255554,-9.675710678100586
14229312000,9.238719940185547e-07,-8.940696716308594e-08,3.109731912612915,-2.788036823272705,0.5435522198677063,-9.676080703735352
14236323000,6.258487701416016e-07,6.258487701416016e-07,3.1090619564056396,-2.84192156791687,0.48883718252182007,-9.676361083984375
14250135000,-1.1920928955078125e-07,8.940696716308594e-08,3.1081314086914062,-2.942613124847412,0.3855136036872864,-9.676955223083496
14257125000,-1.4901161193847656e-07,3.8743019104003906e-07,3.107893705368042,-2.989342451095581,0.33712315559387207,-9.677170753479004
14264035000,-1.1622905731201172e-06,-5.066394805908203e-07,3.1077961921691895,-3.0337321758270264,0.2911088466644287,-9.67720890045166
14271028000,-9.238719940185547e-07,9.238719940185547e-07,3.1078174114227295,-3.075474739074707,0.24741804599761963,-9.67717170715332
14284935000,-8.642673492431641e-07,8.642673492431641e-07,3.1081020832061768,-3.1512973308563232,0.16768908500671387,-9.676552772521973
14291817000,-8.046627044677734e-07,-2.086162567138672e-07,3.1083076000213623,-3.185140371322632,0.13172972202301025,-9.676024436950684
14298756000,-4.172325134277344e-07,9.834766387939453e-07,3.1085197925567627,-3.2161777019500732,0.0984964370727539,-9.675331115722656
14305794000,1.7881393432617188e-07,3.2782554626464844e-07,3.108718156814575,-3.2441322803497314,0.06797528266906738,-9.674637794494629
14312661000,2.980232238769531e-07,-7.152557373046875e-07,3.1088879108428955,-3.2694478034973145,0.040350914001464844,-9.673751831054688
14326545000,-6.854534149169922e-07,-4.76837158203125e-07,3.1091115474700928,-3.31081485748291,-0.006177186965942383,-9.671889305114746
14333501000,1.7881393432617188e-07,1.7881393432617188e-07,3.1091623306274414,-3.327301502227783,-0.0249483585357666,-9.67080020904541
14340506000,4.470348358154297e-07,2.9802322387695312e-08,2.874662399291992,-3.341118335723877,-0.03518056869506836,-11.192157745361328
14347385000,-5.662441253662109e-07,2.384185791015625e-07,2.459106922149658,-3.3510656356811523,-0.03725123405456543,-12.966050148010254
14361257000,-2.980232238769531e-07,2.9802322387695312e-08,1.3521039485931396,-3.35972261428833,-0.024200916290283203,-14.455896377563477
14368485000,2.2351741790771484e-07,1.4901161193847656e-07,0.7811021208763123,-3.3600776195526123,-0.0135575532913208,-13.981502532958984
14375157000,1.8998980522155762e-07,-1.4901161193847656e-08,0.2644976079463959,-3.3591480255126953,-0.0027704238891601562,-13.341291427612305
14382331000,5.960464477539063e-08,7.82310962677002e-08,-0.16325987875461578,-3.357334613800049,0.0068051815032958984,-12.542677879333496
14389095000,8.940696716308594e-08,1.4156103134155273e-07,-0.4832017421722412,-3.354903221130371,0.014462590217590332,-11.04918098449707
14402966000,-3.650784492492676e-07,5.960464477539063e-08,-0.790190577507019,-3.348954439163208,0.02345120906829834,-8.751659393310547
14409917000,-1.7881393432617188e-07,1.4901161193847656e-08,-0.797633707523346,-3.345205307006836,0.025110483169555664,-8.187127113342285
14416841000,-8.195638656616211e-08,-1.4901161193847656e-07,-0.7319894433021545,-3.341503620147705,0.025295019149780273,-7.905038356781006
14423838000,-2.682209014892578e-07,-7.450580596923828e-08,-0.6150559186935425,-3.3378539085388184,0.02433943748474121,-7.807380676269531
14430828000,-2.0116567611694336e-07,-2.0116567611694336e-07,-0.46849367022514343,-3.3343052864074707,0.0225372314453125,-7.810824394226074
14444918000,9.685754776000977e-08,3.5390257835388184e-08,-0.16144712269306183,-3.3282928466796875,0.017648935317993164,-7.9167962074279785
14451710000,1.2712553143501282e-07,-3.166496753692627e-08,-0.029313109815120697,-3.325960636138916,0.015085935592651367,-7.9776153564453125
14458603000,1.862645149230957e-08,-9.96515154838562e-08,0.07666107267141342,-3.324166774749756,0.012725353240966797,-8.041028022766113
14465506000,0.0,-1.1920928955078125e-07,0.15268000960350037,-3.322385787963867,0.010743379592895508,-8.111797332763672
14479393000,-1.1920928955078125e-07,1.0803341865539551e-07,0.21648509800434113,-3.319850206375122,0.008232831954956055,-8.284709930419922
14486360000,-1.9744038581848145e-07,1.2665987014770508e-07,0.21118617057800293,-3.31857967376709,0.007741689682006836,-8.383440017700195
14493309000,-1.564621925354004e-07,1.043081283569336e-07,0.18811927735805511,-3.3169031143188477,0.0076667070388793945,-8.485681533813477
14500194000,-1.210719347000122e-07,8.009374141693115e-08,0.15313179790973663,-3.316709041595459,0.007976531982421875,-8.580301284790039
14507174000,-4.284083843231201e-08,1.6205012798309326e-07,0.11210006475448608,-3.31478214263916,0.008496880531311035,-8.672039031982422
14521040000,9.825453162193298e-08,2.5099143385887146e-07,0.03073754534125328,-3.311601161956787,0.009881377220153809,-8.824944496154785
14527974000,5.0815287977457047e-08,1.697626430541277e-07,-0.0026977029629051685,-3.3100481033325195,0.010565042495727539,-8.887796401977539
14535025000,4.237517714500427e-08,1.4156103134155273e-07,-0.02860681712627411,-3.308259963989258,0.011166572570800781,-8.94324779510498
14541850000,4.377216100692749e-08,1.1734664440155029e-07,-0.04630902409553528,-3.3063595294952393,0.01163482666015625,-8.992525100708008
14555792000,-1.955777406692505e-08,4.842877388000488e-08,-0.05857209116220474,-3.3028228282928467,0.012175202369689941,-9.076189994812012
14562681000,-9.313225746154785e-08,-4.284083843231201e-08,-0.05533141642808914,-3.3008251190185547,0.012251019477844238,-9.111724853515625
14569689000,-7.869675755500793e-08,-3.4458935260772705e-08,-0.047838978469371796,-3.29913067817688,0.0122145414352417,-9.143245697021484
14576556000,-6.891787052154541e-08,-2.8870999813079834e-08,-0.03769237548112869,-3.297271251678467,0.01210927963256836,-9.171077728271484
14590470000,-5.3783878684043884e-08,-2.3748725652694702e-08,-0.015166858211159706,-3.2938151359558105,0.011755108833312988,-9.216421127319336
14597389000,-4.71482053399086e-08,-1.9150320440530777e-08,-0.005038218107074499,-3.29215669631958,0.011561751365661621,-9.23457145690918
14604364000,-4.091998562216759e-08,-1.5192199498414993e-08,0.0033352351747453213,-3.2905478477478027,0.011378884315490723,-9.250226974487305
14611276000,-3.504101186990738e-08,-1.2456439435482025e-08,0.009585917927324772,-3.288844108581543,0.011226415634155273,-9.263750076293945
14618301000,1.1641532182693481e-08,-5.4016709327697754e-08,0.0136159248650074,-3.2867684364318848,0.01108860969543457,-9.27556037902832
14632133000,7.683411240577698e-09,-4.0978193283081055e-08,0.015664318576455116,-3.284106969833374,0.01097726821899414,-9.294313430786133
14639093000,9.033828973770142e-08,5.122274160385132e-08,0.014351746998727322,-3.282503843307495,0.010956287384033203,-9.301897048950195
14646062000,3.5390257835388184e-08,1.1641532182693481e-09,0.012039151042699814,-3.2811272144317627,0.010969042778015137,-9.308364868164062
14653026000,3.0617229640483856e-08,1.1641532182693481e-09,0.009151705540716648,-3.279481887817383,0.010999679565429688,-9.313996315002441
14666891000,2.3370375856757164e-08,2.3283064365386963e-10,0.003121385583654046,-3.2765402793884277,0.011084914207458496,-9.32280445098877
14673826000,2.017623046413064e-08,3.346940502524376e-10,0.0005328360130079091,-3.274923801422119,0.011136531829833984,-9.326299667358398
14680803000,1.7302227206528187e-08,2.3283064365386963e-10,-0.0015394921647384763,-3.271934747695923,0.011111617088317871,-9.32931900024414
14687722000,1.4959368854761124e-08,1.1641532182693481e-10,-0.00302762514911592,-3.273196220397949,0.011269807815551758,-9.331705093383789
14694683000,-1.121661625802517e-07,-1.252046786248684e-07,-0.003914094530045986,-3.2704131603240967,0.011233329772949219,-9.333817481994629
14708553000,-8.253846317529678e-08,-9.231735020875931e-08,-0.004143427591770887,-3.2672853469848633,0.01124715805053711,-9.337111473083496
14715509000,-7.060589268803596e-08,-7.846392691135406e-08,-0.0036835046485066414,-3.2658207416534424,0.011252999305725098,-9.338377952575684
14722474000,-6.06232788413763e-08,-6.749178282916546e-08,-0.0029936940409243107,-3.2642860412597656,0.011243104934692383,-9.339439392089844
14729375000,-5.192123353481293e-08,-5.76837919652462e-08,-0.0021859589032828808,-3.262969493865967,0.011223554611206055,-9.340277671813965
14743368000,-3.820605343207717e-08,-4.252069629728794e-08,-0.0005892578046768904,-3.259805679321289,0.011193156242370605,-9.341655731201172
14750233000,2.0489096641540527e-08,-1.1548399925231934e-07,-0.20270511507987976,-3.259194850921631,0.01579451560974121,-11.489922523498535
14757187000,2.384185791015625e-07,5.21540641784668e-08,-0.5614312291145325,-3.257457733154297,0.024488449096679688,-13.592130661010742
14764098000,1.4901161193847656e-07,-1.1920928955078125e-07,-1.039000153541565,-3.254997968673706,0.036868274211883545,-15.695213317871094
14771125000,0.0,-4.172325134277344e-07,-1.604595422744751,-3.2504756450653076,0.05280214548110962,-17.619426727294922
14785061000,-5.662441253662109e-07,-2.384185791015625e-07,-2.9048802852630615,-3.233001947402954,0.09655071794986725,-20.690114974975586
14791888000,5.364418029785156e-07,1.1920928955078125e-07,-3.603153944015503,-3.2169182300567627,0.12604159116744995,-21.840564727783203
14798814000,-8.940696716308594e-07,8.940696716308594e-07,-4.263127326965332,-3.1933977603912354,0.1612999141216278,-21.102619171142578
14805811000,-2.384185791015625e-07,4.76837158203125e-07,-4.8475236892700195,-3.1603472232818604,0.20330411195755005,-19.49979019165039
14812753000,-1.7881393432617188e-07,-5.960464477539063e-08,-5.320419788360596,-3.116457223892212,0.2530161440372467,-17.822385787963867
14826610000,6.556510925292969e-07,9.5367431640625e-07,-5.875000953674316,-2.992157459259033,0.37779879570007324,-11.121847152709961
14833563000,2.980232238769531e-07,2.384185791015625e-07,-5.963988304138184,-2.9123637676239014,0.4529571533203125,-8.903891563415527
14840537000,2.384185791015625e-07,-1.7285346984863281e-06,-5.9493842124938965,-2.8227388858795166,0.5358150005340576,-7.378785133361816
14847453000,2.5033950805664062e-06,-2.384185791015625e-07,-5.855061054229736,-2.725285530090332,0.6251870393753052,-6.426673889160156
14854466000,3.5762786865234375e-07,2.0265579223632812e-06,-5.70683479309082,-2.6222054958343506,0.7196551561355591,-5.909138202667236
14868328000,3.5762786865234375e-07,-3.5762786865234375e-07,-5.345912933349609,-2.4068727493286133,0.918524980545044,-5.69514274597168
14875278000,5.364418029785156e-07,1.9073486328125e-06,-5.173311233520508,-2.2978148460388184,1.0209689140319824,-5.831021785736084
14882207000,-1.0728836059570312e-06,5.662441253662109e-07,-5.02494478225708,-2.1885318756103516,1.1242742538452148,-6.062846660614014
14889148000,2.384185791015625e-07,2.2351741790771484e-06,-4.908830165863037,-2.0794386863708496,1.2282404899597168,-6.362319469451904
14896114000,-4.76837158203125e-07,2.8014183044433594e-06,-4.828343868255615,-1.9706499576568604,1.332878589630127,-6.70673942565918
14909941000,7.152557373046875e-07,-2.682209014892578e-07,-4.769033908843994,-1.7522133588790894,1.5439400672912598,-7.447683811187744
14916891000,-4.76837158203125e-07,1.0132789611816406e-06,-4.78101921081543,-1.6421351432800293,1.6505866050720215,-7.804338455200195
14923874000,-8.344650268554688e-07,5.066394805908203e-07,-4.812178611755371,-1.5312986373901367,1.7579680681228638,-8.1299467086792
14930824000,1.1920928955078125e-06,4.172325134277344e-07,-4.8555426597595215,-1.4197564125061035,1.8658889532089233,-8.414444923400879
14937751000,1.1920928955078125e-06,1.5497207641601562e-06,-4.904567718505859,-1.3076988458633423,1.9739470481872559,-8.653280258178711
14951628000,1.4901161193847656e-07,5.364418029785156e-07,-4.998323917388916,-1.0841978788375854,2.1888232231140137,-8.99992561340332
14958590000,3.5762786865234375e-07,2.0712614059448242e-06,-5.035595417022705,-0.9740997552871704,2.294323444366455,-9.118995666503906
14965491000,1.4007091522216797e-06,1.8477439880371094e-06,-5.063724040985107,-0.8660898804664612,2.3976471424102783,-9.21162223815918
14972496000,-6.556510925292969e-07,2.950429916381836e-06,-5.082180023193359,-0.7610193490982056,2.4980313777923584,-9.285172462463379
14979494000,0.0,8.642673492431641e-07,-5.091416835784912,-0.6703159809112549,2.594899892807007,-9.34577465057373
14993377000,4.76837158203125e-07,2.339482307434082e-06,-5.087268352508545,-0.4694075584411621,2.7757749557495117,-9.447468757629395
15000363000,2.682209014892578e-07,1.7285346984863281e-06,-5.07749605178833,-0.38296711444854736,2.857686758041382,-9.493518829345703
15007291000,-5.066394805908203e-07,4.76837158203125e-07,-5.0650739669799805,-0.3024879992008209,2.933736562728882,-9.538596153259277
15014207000,9.5367431640625e-07,3.427267074584961e-07,-5.051692485809326,-0.22838643193244934,3.003490447998047,-9.583173751831055
15028093000,2.2351741790771484e-07,2.168118953704834e-06,-5.027336120605469,-0.10037460923194885,3.1233160495758057,-9.670063972473145
15035118000,1.341104507446289e-06,1.564621925354004e-06,-5.018116474151611,-0.04695016145706177,3.172792673110962,-9.711219787597656
15042000000,2.980232238769531e-07,1.3932585716247559e-06,-5.011446952819824,-0.0007185637950897217,3.2150912284851074,-9.749993324279785
15048940000,3.5762786865234375e-07,1.9371509552001953e-06,-5.0073699951171875,0.037953853607177734,3.2500243186950684,-9.785505294799805
15055961000,1.169741153717041e-06,1.5720725059509277e-06,-5.005685329437256,0.06897591054439545,3.2776966094970703,-9.817185401916504
15069842000,-4.991888999938965e-07,-5.662441253662109e-07,-5.007913112640381,0.10755471140146255,3.310288906097412,-9.867717742919922
15076855000,-4.898756742477417e-07,-1.0952353477478027e-06,-5.010847091674805,0.11320368945598602,3.3124043941497803,-9.882048606872559
15083725000,-1.5506520867347717e-07,2.2351741790771484e-07,-5.014368534088135,0.1188649907708168,3.314502239227295,-9.905592918395996
15090716000,-2.7194619178771973e-07,2.7567148208618164e-07,-5.017977714538574,0.12623482942581177,3.3008534908294678,-9.911725044250488
15097616000,-2.1979212760925293e-07,1.0356307029724121e-06,-5.021354675292969,0.14297586679458618,3.281172513961792,-9.919330596923828
15111517000,-4.917383193969727e-07,6.407499313354492e-07,-5.0265021324157715,0.19946372509002686,3.218236207962036,-9.927105903625488
15118468000,-2.682209014892578e-07,1.5869736671447754e-06,-5.0280561447143555,0.23898956179618835,3.1748785972595215,-9.928544998168945
15125465000,-1.2814998626708984e-06,-1.4156103134155273e-07,-5.0289225578308105,0.2858627736568451,3.1239829063415527,-9.928990364074707
15132328000,-8.493661880493164e-07,2.5033950805664062e-06,-5.029174327850342,0.3399074673652649,3.0658323764801025,-9.928854942321777
15139349000,-8.046627044677734e-07,1.996755599975586e-06,-5.028922080993652,0.4007188081741333,3.000314950942993,-9.928641319274902
15153210000,0.0,8.195638656616211e-07,-5.027439594268799,0.5419862270355225,2.8500752449035645,-9.92811393737793
15160099000,3.5762786865234375e-07,-7.450580596923828e-08,-5.0264739990234375,0.6215770840644836,2.7657103538513184,-9.928175926208496
15167073000,2.086162567138672e-07,1.1920928955078125e-07,-5.025512218475342,0.7067632675170898,2.6757917404174805,-9.928399085998535
15174016000,4.172325134277344e-07,2.2351741790771484e-06,-5.024638652801514,0.7970879077911377,2.5810179710388184,-9.92874813079834
15187919000,8.940696716308594e-08,2.682209014892578e-07,-5.023367404937744,0.991062581539154,2.3775455951690674,-9.929764747619629
15194857000,-2.980232238769531e-07,2.592802047729492e-06,-5.023012161254883,1.0938880443572998,2.270237445831299,-9.93021297454834
15201841000,-5.662441253662109e-07,2.5331974029541016e-06,-5.0228376388549805,1.1998367309570312,2.159628391265869,-9.930561065673828
15208757000,-8.046627044677734e-07,1.0132789611816406e-06,-5.022819519042969,1.3084502220153809,2.0464649200439453,-9.930731773376465
15222665000,6.258487701416016e-07,1.519918441772461e-06,-5.0231194496154785,1.5314977169036865,1.8144423961639404,-9.930431365966797
15229615000,-4.172325134277344e-07,7.152557373046875e-07,-5.023364543914795,1.6448440551757812,1.6967259645462036,-9.929945945739746
15236551000,-3.5762786865234375e-07,2.86102294921875e-06,-5.023627758026123,1.7585127353668213,1.5784640312194824,-9.929275512695312
15243486000,-6.556510925292969e-07,1.2218952178955078e-06,-5.023881912231445,1.8720617294311523,1.460317850112915,-9.928445816040039
15250367000,-5.960464477539062e-07,5.960464477539062e-07,-5.024105548858643,1.9851038455963135,1.3430709838867188,-9.92734432220459
15264273000,-8.344650268554688e-07,2.2649765014648438e-06,-4.770284652709961,2.2050018310546875,1.1166269779205322,-10.977228164672852
15271287000,-1.7881393432617188e-07,2.980232238769531e-07,-4.320085048675537,2.304715633392334,1.0180273056030273,-12.46066665649414
15278165000,1.7881393432617188e-07,5.662441253662109e-07,-3.721008539199829,2.392122507095337,0.9347272515296936,-14.318284034729004
15285102000,-8.940696716308594e-08,-3.5762786865234375e-07,-3.0116543769836426,2.464704990386963,0.8689843416213989,-16.22620964050293
15292138000,-2.384185791015625e-07,5.21540641784668e-07,-2.223278522491455,2.521486759185791,0.8220006823539734,-17.994781494140625
15298981000,-2.682209014892578e-07,-3.0547380447387695e-07,-1.4209474325180054,2.5613491535186768,0.7928842306137085,-18.23981285095215
15312958000,-6.495974957942963e-08,-7.648486644029617e-08,-0.015985403209924698,2.594041347503662,0.7803454995155334,-15.694074630737305
15319920000,-5.960464477539063e-08,-2.086162567138672e-07,0.49391794204711914,2.5912322998046875,0.7913190126419067,-13.754799842834473
15326794000,2.9802322387695312e-08,-2.2351741790771484e-07,0.8484846353530884,2.579021453857422,0.8095352649688721,-10.896785736083984
15333702000,-7.450580596923828e-08,-5.066394805908203e-07,1.049794316291809,2.56058406829834,0.832086443901062,-8.816761016845703
15347638000,2.086162567138672e-07,-1.1175870895385742e-07,1.0630308389663696,2.515913963317871,0.8800904154777527,-6.73834753036499
15354611000,7.450580596923828e-08,-6.332993507385254e-07,0.9285590648651123,2.4945883750915527,0.9016377329826355,-6.428314685821533
15361501000,1.7881393432617188e-07,-2.905726432800293e-07,0.7401827573776245,2.476309299468994,0.9197077751159668,-6.368809700012207
15368444000,1.043081283569336e-07,-1.5273690223693848e-07,0.5265210270881653,2.4622840881347656,0.9337320923805237,-6.427743434906006
15375436000,-4.842877388000488e-08,-1.3969838619232178e-07,0.31223157048225403,2.4525949954986572,0.9433282017707825,-6.526803970336914
15382328000,-1.2293457984924316e-07,9.96515154838562e-08,0.11664889752864838,2.4472715854644775,0.9487760663032532,-6.632009029388428
15396209000,-1.3783574104309082e-07,2.421438694000244e-07,-0.17041495442390442,2.448032855987549,0.9499799609184265,-6.8537163734436035
15403255000,-1.30385160446167e-07,2.8312206268310547e-07,-0.25184810161590576,2.452265739440918,0.9471929669380188,-6.987167835235596
15410174000,-1.2293457984924316e-07,1.9744038581848145e-07,-0.2929754853248596,2.457965135574341,0.9433855414390564,-7.142016410827637
15417035000,-5.960464477539063e-08,1.341104507446289e-07,-0.2988939583301544,2.464332103729248,0.9393784403800964,-7.31454610824585
15424090000,-7.450580596923828e-09,1.2479722499847412e-07,-0.276741623878479,2.4705650806427,0.9355793595314026,-7.495767593383789
15437941000,5.960464477539063e-08,4.6566128730773926e-09,-0.18065327405929565,2.4809248447418213,0.9309229254722595,-7.846389293670654
15444832000,1.4156103134155273e-07,-8.847564458847046e-08,-0.12225572019815445,2.484342575073242,0.9302681088447571,-8.001450538635254
15451808000,1.1455267667770386e-07,-8.987262845039368e-08,-0.06562654674053192,2.4866809844970703,0.930932343006134,-8.139119148254395
15458817000,9.802170097827911e-08,-7.881317287683487e-08,-0.01545382384210825,2.487816333770752,0.932665228843689,-8.260055541992188
15465664000,4.353933036327362e-08,-7.89295881986618e-08,0.025174790993332863,2.487839698791504,0.9351376891136169,-8.366321563720703
15479609000,2.1420419216156006e-08,-2.1886080503463745e-07,0.0728856772184372,2.4860167503356934,0.942164421081543,-8.54472827911377
15486559000,2.9802322387695312e-08,-1.7881393432617188e-07,0.08058229088783264,2.4843950271606445,0.9459328055381775,-8.62049388885498
15493522000,1.7695128917694092e-08,-1.5273690223693848e-07,0.07938213646411896,2.482832670211792,0.9499359726905823,-8.68871784210205
15500417000,8.381903171539307e-09,-1.4156103134155273e-07,0.07133078575134277,2.4811313152313232,0.9536002278327942,-8.749837875366211
15514294000,-9.96515154838562e-08,4.190951585769653e-08,0.0434633232653141,2.4787135124206543,0.9602941870689392,-8.851682662963867
15521270000,-9.033828973770142e-08,2.8870999813079834e-08,0.02769686095416546,2.4779350757598877,0.9631099700927734,-8.893227577209473
15528205000,-7.82310962677002e-08,2.9453076422214508e-08,0.012883668765425682,2.4775619506835938,0.9656549096107483,-8.929267883300781
15535100000,-6.750269676558673e-08,2.50993252848275e-08,0.0001432062272215262,2.4773998260498047,0.9678868055343628,-8.96049976348877
15542076000,-5.8906152844429016e-08,2.0081643015146255e-08,-0.009834841825067997,2.4776015281677246,0.9699129462242126,-8.987532615661621
15555984000,-4.307366907596588e-08,1.4551915228366852e-08,-0.02067149616777897,2.4783573150634766,0.973440408706665,-9.031517028808594
15562940000,4.190951585769653e-09,-2.10711732506752e-08,-0.021880218759179115,2.478843927383423,0.9751371741294861,-9.049416542053223
15569889000,8.614733815193176e-08,-1.0686926543712616e-07,-0.020865274593234062,2.4794459342956543,0.9768721461296082,-9.065003395080566
15576820000,7.613562047481537e-08,-8.614733815193176e-08,-0.0182019229978323,2.479870557785034,0.9785646200180054,-9.078665733337402
15590755000,6.216578185558319e-08,2.1886080503463745e-07,-0.01028485782444477,2.48075008392334,0.9823281764984131,-9.100768089294434
15597624000,-3.090826794505119e-08,2.7220812626183033e-07,-0.006075908429920673,2.480964183807373,0.984293520450592,-9.10972785949707
15604650000,-2.5989720597863197e-08,2.322340151295066e-07,-0.0022395234555006027,2.4810550212860107,0.9863156080245972,-9.117512702941895
15611496000,-2.214801497757435e-08,1.9906292436644435e-07,0.0009618404437787831,2.481285572052002,0.9885316491127014,-9.124176979064941
15618445000,-1.8888385966420174e-08,1.6979174688458443e-07,0.0033795919734984636,2.48126482963562,0.9906904697418213,-9.130057334899902
15632338000,9.9127646535635e-08,1.1292286217212677e-08,0.0057649812661111355,2.4811782836914062,0.995157778263092,-9.139678955078125
15639331000,8.527422323822975e-08,9.255018085241318e-09,0.005871961358934641,2.481088161468506,0.9973630905151367,-9.14362907409668
15646220000,7.258495315909386e-08,8.614733815193176e-09,0.00542948255315423,2.48109769821167,0.999611496925354,-9.147062301635742
15653327000,6.30388967692852e-08,5.995389074087143e-09,0.0045968652702867985,2.481037139892578,1.0029933452606201,-9.150487899780273
15660161000,5.369656719267368e-08,5.326000973582268e-09,0.003531506983563304,2.4809398651123047,1.0028131008148193,-9.152531623840332
15674078000,3.91155481338501e-08,-3.166496753692627e-08,0.2041841447353363,2.480104684829712,1.0121053457260132,-11.299330711364746
15680965000,5.960464477539063e-08,1.862645149230957e-08,0.5626564621925354,2.473558187484741,1.0250978469848633,-13.393477439880371
15687949000,8.940696716308594e-08,-3.203749656677246e-07,1.039992094039917,2.458040475845337,1.047937035560608,-15.48907470703125
15694858000,2.682209014892578e-07,-1.043081283569336e-07,1.6054258346557617,2.4310483932495117,1.0827381610870361,-17.407855987548828
15701784000,8.940696716308594e-08,-1.296401023864746e-06,2.233962297439575,2.390080690383911,1.130961537361145,-19.07176399230957
15715710000,2.384185791015625e-07,-6.258487701416016e-07,3.603633165359497,2.2599260807037354,1.2726026773452759,-21.61470603942871
15722674000,-1.1920928955078125e-07,-1.5497207641601562e-06,4.263474464416504,2.1676485538482666,1.3663766384124756,-20.877187728881836
15729586000,6.556510925292969e-07,-2.7418136596679688e-06,4.847736835479736,2.058072090148926,1.4745938777923584,-19.27939224243164
15736857000,3.5762786865234375e-07,-5.960464477539062e-07,5.320526599884033,1.9370064735412598,1.6046358346939087,-17.453601837158203
15743653000,6.556510925292969e-07,-2.8312206268310547e-06,5.668330192565918,1.789569616317749,1.7180818319320679,-13.911266326904297
15757515000,-6.556510925292969e-07,-2.6226043701171875e-06,5.964233875274658,1.4989618062973022,2.0045559406280518,-8.66189956665039
15764438000,2.384185791015625e-07,-2.652406692504883e-06,5.948034763336182,1.350393533706665,2.143738269805908,-7.15391731262207
15771422000,3.5762786865234375e-07,-1.0281801223754883e-06,5.852590560913086,1.2059359550476074,2.279805898666382,-6.215756416320801
15778321000,5.662441253662109e-07,-1.7881393432617188e-07,5.703714847564697,1.0681068897247314,2.4103872776031494,-5.709099292755127
15792229000,-1.1920928955078125e-07,-2.3096799850463867e-06,5.342682838439941,0.8179364204406738,2.649409294128418,-5.509115219116211
15799139000,-8.046627044677734e-07,-1.7881393432617188e-06,5.1704607009887695,0.706312894821167,2.756542921066284,-5.649592399597168
15806168000,-5.960464477539062e-07,-6.854534149169922e-07,5.022647857666016,0.6033619046211243,2.8556969165802,-5.885038375854492
15813059000,-8.046627044677734e-07,-9.462237358093262e-07,4.907172203063965,0.5081663131713867,2.9468352794647217,-6.187205791473389
15820137000,-8.940696716308594e-08,-1.2516975402832031e-06,4.827334880828857,0.4200901687145233,3.0306639671325684,-6.533867359161377
15833876000,5.960464477539062e-07,-1.8849968910217285e-06,4.769126892089844,0.2628882825374603,3.178499698638916,-7.2769551277160645
15840884000,4.917383193969727e-07,-2.682209014892578e-07,4.78149938583374,0.19298887252807617,3.242697238922119,-7.63389253616333
15847794000,3.8743019104003906e-07,-2.16066837310791e-06,4.812917709350586,0.1289927065372467,3.300837516784668,-7.959510803222656
15854802000,8.046627044677734e-07,2.2351741790771484e-08,4.856420516967773,0.07096630334854126,3.352572441101074,-8.24354076385498
15861682000,5.140900611877441e-07,-4.470348358154297e-07,4.9054741859436035,0.01955069601535797,3.3978443145751953,-8.481799125671387
15875588000,6.221234798431396e-07,1.9371509552001953e-07,4.999048709869385,-0.06176592409610748,3.4668893814086914,-8.827327728271484
15882553000,8.195638656616211e-08,-1.8030405044555664e-06,5.036160469055176,-0.09049469232559204,3.4900805950164795,-8.945899963378906
15889618000,-5.002366378903389e-07,4.023313522338867e-07,5.064113616943359,-0.11062455177307129,3.505288600921631,-9.038191795349121
15896423000,-5.718320608139038e-07,-1.080334186553955e-06,5.082396030426025,-0.12180854380130768,3.5122876167297363,-9.111418724060059
15903494000,1.0579824447631836e-06,-3.203749656677246e-07,5.091479301452637,-0.12468795478343964,3.5107245445251465,-9.171927452087402
15917208000,9.313225746154785e-07,-1.475214958190918e-06,5.087263584136963,-0.14714264869689941,3.480954170227051,-9.2727632522583
15924200000,-1.3113021850585938e-06,5.21540641784668e-08,5.077474117279053,-0.17088061571121216,3.4525766372680664,-9.318841934204102
15931091000,4.172325134277344e-07,-2.4512410163879395e-06,5.06503963470459,-0.20278522372245789,3.4154484272003174,-9.364065170288086
15938071000,3.2782554626464844e-07,-3.8743019104003906e-07,5.051651954650879,-0.2428816854953766,3.370140314102173,-9.40871810913086
15951919000,2.086162567138672e-07,-4.172325134277344e-07,5.027297019958496,-0.34630441665649414,3.2552409172058105,-9.496106147766113
15958910000,-1.1920928955078125e-07,-2.16066837310791e-06,5.018083572387695,-0.4091411232948303,3.1864051818847656,-9.537673950195312
15965841000,-6.258487701416016e-07,-1.385807991027832e-06,5.0114216804504395,-0.4791034460067749,3.110835552215576,-9.576740264892578
15972810000,-5.364418029785156e-07,-4.76837158203125e-07,5.007351875305176,-0.5556159019470215,3.02816104888916,-9.612773895263672
15986714000,1.2814998626708984e-06,2.980232238769531e-07,5.006021022796631,-0.7273566126823425,2.8448026180267334,-9.673026084899902
15993615000,5.066394805908203e-07,-5.21540641784668e-07,5.007916450500488,-0.8216078877449036,2.7446045875549316,-9.69676399230957
16000593000,2.9802322387695312e-08,-2.205371856689453e-06,5.010854721069336,-0.9209586977958679,2.6394882202148438,-9.716117858886719
16007518000,1.2516975402832031e-06,-3.8743019104003906e-07,5.014344692230225,-1.0249453783035278,2.5298538208007812,-9.731292724609375
16014462000,-1.341104507446289e-06,-3.0994415283203125e-06,5.0179548263549805,-1.1328351497650146,2.416120767593384,-9.742844581604004
16028329000,-1.1026859283447266e-06,-1.8477439880371094e-06,5.02423095703125,-1.3587225675582886,2.1789212226867676,-9.756840705871582
16035251000,-4.76837158203125e-07,-1.1920928955078125e-06,5.026490688323975,-1.4755339622497559,2.056610345840454,-9.760514259338379
16042246000,-1.9669532775878906e-06,-3.2186508178710938e-06,5.028049468994141,-1.593956470489502,1.932428240776062,-9.762726783752441
16049185000,1.5497207641601562e-06,2.384185791015625e-07,5.0289201736450195,-1.7135519981384277,1.8071913719177246,-9.763968467712402
16056140000,-7.152557373046875e-07,-2.2649765014648438e-06,5.029175281524658,-1.8337161540985107,1.6815335750579834,-9.764582633972168
16070033000,5.960464477539062e-07,-1.4603137969970703e-06,5.028303623199463,-2.0729832649230957,1.4310495853424072,-9.765365600585938
16076999000,-1.3113021850585938e-06,-8.940696716308594e-07,5.0274457931518555,-2.1909518241882324,1.3075240850448608,-9.765765190124512
16083883000,-1.7881393432617188e-07,-1.4901161193847656e-06,5.026480197906494,-2.306859016418457,1.1858246326446533,-9.766359329223633
16090879000,-1.1920928955078125e-07,8.940696716308594e-08,5.025518417358398,-2.4205496311187744,1.0667804479599,-9.767009735107422
16097762000,9.5367431640625e-07,3.2782554626464844e-07,5.024643898010254,-2.530888080596924,0.9506114721298218,-9.767853736877441
16111716000,-1.3709068298339844e-06,-1.9371509552001953e-06,5.023370265960693,-2.740419864654541,0.7296580672264099,-9.769471168518066
16118589000,-7.152557373046875e-07,-2.205371856689453e-06,5.023013591766357,-2.8384902477264404,0.6258416175842285,-9.770112991333008
16125632000,4.76837158203125e-07,-4.76837158203125e-07,5.022838115692139,-2.9313974380493164,0.5270330905914307,-9.77064037322998
16132632000,-2.384185791015625e-07,-7.152557373046875e-07,5.0228190422058105,-3.0187697410583496,0.43380898237228394,-9.770910263061523
16146414000,1.1920928955078125e-07,-4.172325134277344e-07,5.023118019104004,-3.1753010749816895,0.2657301425933838,-9.770596504211426
16153394000,8.344650268554688e-07,5.364418029785156e-07,5.02336311340332,-3.2435433864593506,0.19160616397857666,-9.770058631896973
16160320000,-7.152557373046875e-07,1.6689300537109375e-06,5.02362585067749,-3.304795503616333,0.12463903427124023,-9.769271850585938
16167233000,-2.980232238769531e-07,-2.384185791015625e-07,5.023879528045654,-3.3587825298309326,0.0651479959487915,-9.768219947814941
16174232000,-2.980232238769531e-07,1.0728836059570312e-06,5.02410364151001,-3.4051513671875,0.013366103172302246,-9.767019271850586
16188104000,-1.5497207641601562e-06,4.172325134277344e-07,4.770284175872803,-3.475010871887207,-0.0596848726272583,-10.807929039001465
16194999000,4.172325134277344e-07,-1.0132789611816406e-06,4.320055961608887,-3.497377872467041,-0.07460236549377441,-12.284228324890137
16201918000,-7.152557373046875e-07,-3.5762786865234375e-07,3.720996379852295,-3.5108139514923096,-0.07669782638549805,-14.134659767150879
16208904000,3.2782554626464844e-07,-1.4901161193847656e-07,3.0116159915924072,-3.517338752746582,-0.06862694025039673,-16.03714942932129
16222866000,1.4901161193847656e-07,-1.043081283569336e-07,1.4179819822311401,-3.5185353755950928,-0.034516751766204834,-18.075035095214844
16229731000,-3.203749656677246e-07,3.501772880554199e-07,0.6633705496788025,-3.513237953186035,-0.016615331172943115,-16.855344772338867
16236753000,-2.474989742040634e-07,2.1513551473617554e-07,0.013710884377360344,-3.509472608566284,-0.0012006759643554688,-15.502001762390137
16243664000,-2.5331974029541016e-07,2.9802322387695312e-08,-0.495658814907074,-3.5061912536621094,0.011188030242919922,-13.561100959777832
16250575000,4.470348358154297e-08,1.9371509552001953e-07,-0.8496496081352234,-3.503279685974121,0.02012491226196289,-10.706456184387207
16257554000,2.682209014892578e-07,-1.4901161193847656e-07,-1.0503989458084106,-3.5005288124084473,0.025381088256835938,-8.630229949951172
16271438000,3.8743019104003906e-07,-1.341104507446289e-07,-1.0627543926239014,-3.4941673278808594,0.0261533260345459,-6.558958053588867
16278402000,-1.1920928955078125e-07,-8.940696716308594e-08,-0.9280005097389221,-3.4906396865844727,0.023565292358398438,-6.251620292663574
16285362000,1.4901161193847656e-07,-5.21540641784668e-08,-0.7394465804100037,-3.486888885498047,0.019903898239135742,-6.193861961364746
16292323000,1.1920928955078125e-07,-1.9371509552001953e-07,-0.5257198214530945,-3.482954978942871,0.015656471252441406,-6.254546165466309
16306169000,2.7939677238464355e-08,-3.725290298461914e-09,-0.11595640331506729,-3.4761927127838135,0.007039546966552734,-6.460964202880859
16313117000,3.026798367500305e-08,-9.313225746154785e-10,0.04734361544251442,-3.4731974601745605,0.0032987594604492188,-6.568292617797852
16320578000,2.0489096641540527e-08,5.587935447692871e-09,0.17083044350147247,-3.4705135822296143,0.00024580955505371094,-6.684534072875977
16326983000,4.842877388000488e-08,-4.470348358154297e-08,0.2521073818206787,-3.4681320190429688,-0.001990079879760742,-6.818960189819336
16340912000,-1.1175870895385742e-08,-5.960464477539063e-08,0.2988850176334381,-3.4634408950805664,-0.003953218460083008,-7.147787094116211
16347831000,-8.568167686462402e-08,-7.450580596923828e-09,0.27663713693618774,-3.461077928543091,-0.00383758544921875,-7.329792499542236
16354782000,6.332993507385254e-08,-1.0803341865539551e-07,0.23444914817810059,-3.4588894844055176,-0.003183126449584961,-7.510443210601807
16361735000,8.940696716308594e-08,-1.0803341865539551e-07,0.18044598400592804,-3.4564146995544434,-0.0021734237670898438,-7.68126106262207
16368616000,8.195638656616211e-08,-1.210719347000122e-07,0.12203958630561829,-3.454042434692383,-0.0009791851043701172,-7.836629390716553
16382514000,6.891787052154541e-08,-9.66247171163559e-08,0.015276898629963398,-3.4490747451782227,0.0013713836669921875,-8.095758438110352
16389506000,-1.955777406692505e-08,-4.190951585769653e-09,-0.02531428076326847,-3.4464266300201416,0.0023233890533447266,-8.202230453491211
16396457000,1.955777406692505e-08,-4.7497451305389404e-08,-0.054793581366539,-3.443873405456543,0.003054380416870117,-8.29665756225586
16403626000,2.7939677238464355e-09,-4.470348358154297e-08,-0.07294224947690964,-3.4411728382110596,0.0035457611083984375,-8.381071090698242
16417288000,-2.7939677238464355e-09,-2.9802322387695312e-08,-0.07936997711658478,-3.435933828353882,0.003864288330078125,-8.525364875793457
16424223000,2.7939677238464355e-09,-3.166496753692627e-08,-0.07129532843828201,-3.4333953857421875,0.00376129150390625,-8.58655071258545
16431126000,9.313225746154785e-10,-3.3527612686157227e-08,-0.0585915632545948,-3.4308133125305176,0.003538846969604492,-8.640835762023926
16438117000,1.3969838619232178e-09,-3.119930624961853e-08,-0.043405741453170776,-3.4282779693603516,0.0032477378845214844,-8.688594818115234
16445223000,4.656612873077393e-10,-1.909211277961731e-08,-0.027638759464025497,-3.4207406044006348,0.002910137176513672,-8.737530708312988
16459023000,-1.0732037480920553e-09,-1.0047187970485538e-08,5.656917710439302e-05,-3.4207887649536133,0.002317190170288086,-8.798032760620117
16465946000,2.3283064365386963e-10,-9.546056389808655e-09,0.009990254417061806,-3.4183688163757324,0.0020818710327148438,-8.825071334838867
16472905000,-4.656612873077393e-10,-5.587935447692871e-09,0.016864944249391556,-3.416112184524536,0.0019048452377319336,-8.848552703857422
16479883000,-4.656612873077393e-10,-3.725290298461914e-09,0.02073083445429802,-3.413637638092041,0.0017920732498168945,-8.869089126586914
16486935000,-1.1641532182693481e-09,-4.656612873077393e-10,0.021897092461586,-3.411451578140259,0.0017387866973876953,-8.886935234069824
16500651000,-4.656612873077393e-10,-3.026798367500305e-09,0.018158450722694397,-3.4067277908325195,0.0017789602279663086,-8.916228294372559
16507643000,-4.656612873077393e-10,-4.423782229423523e-09,0.014428340829908848,-3.4044747352600098,0.0018433332443237305,-8.928060531616211
16514550000,1.1641532182693481e-10,-1.280568540096283e-09,0.010218015871942043,-3.4020419120788574,0.0019265413284301758,-8.938457489013672
16521628000,5.238689482212067e-10,-2.3283064365386963e-09,0.0060093277134001255,-3.399868965148926,0.0020122528076171875,-8.947376251220703
16528443000,6.111804395914078e-10,-2.1827872842550278e-09,0.0021791323088109493,-3.3976049423217773,0.0020928382873535156,-8.955137252807617
16542400000,4.656612873077393e-10,-1.979060471057892e-09,-0.0034171969164162874,-3.393018960952759,0.0022225379943847656,-8.967812538146973
16549308000,4.656612873077393e-10,-1.57160684466362e-09,-0.00499236024916172,-3.3909072875976562,0.0022661685943603516,-8.972930908203125
16556266000,4.656612873077393e-10,-1.4551915228366852e-09,-0.005777035839855671,-3.388606548309326,0.0022895336151123047,-8.977438926696777
16563157000,8.393544703722e-08,-8.509960025548935e-08,-0.005873100366443396,-3.3863112926483154,0.0022962093353271484,-8.981471061706543
16577105000,6.164191290736198e-08,-6.164191290736198e-08,-0.004583335015922785,-3.3806395530700684,0.0022715330123901367,-8.989276885986328
16584018000,5.2677933126688004e-08,-5.337642505764961e-08,-0.003512101946398616,-3.3811440467834473,0.002268552780151367,-8.989603042602539
16591001000,3.521563485264778e-09,-3.841705620288849e-09,-0.0023627167101949453,-3.377565860748291,0.0022385120391845703,-8.99329948425293
16597946000,-1.1920928955078125e-07,1.2293457984924316e-07,-0.20415689051151276,-3.37612247467041,0.006984591484069824,-11.128178596496582
16604903000,8.940696716308594e-08,2.384185791015625e-07,-0.5626267790794373,-3.374168634414673,0.0156477689743042,-13.214493751525879
16618876000,-3.427267074584961e-07,-3.2782554626464844e-07,-1.618493914604187,-3.3752026557922363,0.04297894239425659,-17.405771255493164
16625856000,2.980232238769531e-07,-3.2782554626464844e-07,-2.2480967044830322,-3.3628227710723877,0.060859084129333496,-18.906192779541016
16632802000,-1.1920928955078125e-07,0.0,-2.920241117477417,-3.3544442653656006,0.08247455954551697,-20.29157066345215
16639764000,5.960464477539062e-07,1.7881393432617188e-07,-3.618788719177246,-3.3420188426971436,0.10881562530994415,-21.428030014038086
16646684000,-5.364418029785156e-07,-1.7881393432617188e-07,-4.330860137939453,-3.322829008102417,0.14142757654190063,-22.348941802978516
16660548000,5.960464477539062e-07,-1.430511474609375e-06,-5.756775856018066,-3.253674030303955,0.23418915271759033,-23.674083709716797
16667491000,1.7285346984863281e-06,7.152557373046875e-07,-6.433797359466553,-3.197296619415283,0.2989291548728943,-23.46284294128418
16674511000,-9.5367431640625e-07,-2.9206275939941406e-06,-7.02571964263916,-3.122054100036621,0.37810713052749634,-21.75737762451172
16681385000,3.0994415283203125e-06,2.205371856689453e-06,-7.509760856628418,-3.0260813236236572,0.47316110134124756,-18.850473403930664
16688402000,1.6689300537109375e-06,1.2516975402832031e-06,-7.866033554077148,-2.908726215362549,0.5845924615859985,-14.471141815185547
16702245000,2.6226043701171875e-06,1.7285346984863281e-06,-8.191641807556152,-2.614881992340088,0.8535099029541016,-8.386905670166016
16709225000,2.7418136596679688e-06,7.152557373046875e-07,-8.187376976013184,-2.444711685180664,1.0070805549621582,-6.540402889251709
16716111000,-1.5497207641601562e-06,4.76837158203125e-07,-8.10101318359375,-2.264225959777832,1.1694316864013672,-5.3554182052612305
16723200000,9.5367431640625e-07,2.384185791015625e-06,-7.958166599273682,-2.079756259918213,1.3407673835754395,-4.725078582763672
16730034000,2.3245811462402344e-06,3.546476364135742e-06,-7.7826128005981445,-1.8871335983276367,1.505573034286499,-4.3982343673706055
16744072000,4.76837158203125e-07,3.844499588012695e-06,-7.425052642822266,-1.5162447690963745,1.8465059995651245,-4.637235164642334
16750890000,-4.76837158203125e-07,8.940696716308594e-07,-7.27456521987915,-1.3400588035583496,2.0125467777252197,-5.005947589874268
16757910000,-7.748603820800781e-07,1.6689300537109375e-06,-7.155621528625488,-1.1695959568023682,2.172100305557251,-5.452256679534912
16764800000,1.7881393432617188e-06,1.7583370208740234e-06,-7.071901798248291,-1.0019862651824951,2.324180841445923,-5.934444427490234
16778697000,-1.0132789611816406e-06,2.9206275939941406e-06,-7.006832122802734,-0.6953387260437012,2.609278678894043,-6.972958564758301
16785669000,-2.0563602447509766e-06,1.1920928955078125e-07,-7.016571521759033,-0.5535531044006348,2.739575147628784,-7.458105087280273
16792637000,-8.940696716308594e-07,1.862645149230957e-06,-7.046062469482422,-0.4208559989929199,2.860717296600342,-7.896328449249268
16799539000,3.2782554626464844e-07,1.7583370208740234e-06,-7.088360786437988,-0.2983091473579407,2.971982717514038,-8.276294708251953
16806508000,-8.940696716308594e-07,4.76837158203125e-07,-7.136885643005371,-0.1871407926082611,3.0722429752349854,-8.593703269958496
16820469000,1.9222497940063477e-06,1.5348196029663086e-06,-7.2309956550598145,-0.0040922462940216064,3.2348597049713135,-9.05250072479248
16827350000,1.8030405044555664e-06,-2.905726432800293e-07,-7.268902778625488,0.0650564432144165,3.2954611778259277,-9.208675384521484
16834243000,3.077089786529541e-06,-9.08970832824707e-07,-7.297817707061768,0.11779864132404327,3.340693712234497,-9.328950881958008
16841216000,1.2442469596862793e-06,3.427267074584961e-07,-7.317108154296875,0.15316787362098694,3.3702664375305176,-9.422784805297852
16848158000,-4.055909812450409e-07,-8.344650268554688e-07,-7.327142238616943,0.17053838074207306,3.3833866119384766,-9.498659133911133
16862055000,-5.140900611877441e-07,2.0265579223632812e-06,-7.324397563934326,0.19293907284736633,3.358065366744995,-9.622028350830078
16869008000,-7.599592208862305e-07,2.6971101760864258e-06,-7.315061569213867,0.2270258367061615,3.318138599395752,-9.677995681762695
16875959000,-1.6391277313232422e-06,1.773238182067871e-06,-7.3028883934021,0.2771892547607422,3.260920763015747,-9.733116149902344
16882869000,-1.6987323760986328e-06,3.3527612686157227e-06,-7.289587020874023,0.34282398223876953,3.186589241027832,-9.788355827331543
16889849000,-8.642673492431641e-07,1.1771917343139648e-06,-7.276595592498779,0.4234321415424347,3.096627712249756,-9.84346866607666
16903733000,2.980232238769531e-07,1.341104507446289e-06,-7.255563259124756,0.6256043910980225,2.8727643489837646,-9.950911521911621
16910722000,1.1920928955078125e-07,3.1888484954833984e-06,-7.248634338378906,0.7450917959213257,2.741260528564453,-10.001051902770996
16917596000,-1.7881393432617188e-07,1.2516975402832031e-06,-7.244296073913574,0.8753352761268616,2.5988192558288574,-10.047348022460938
16924607000,2.384185791015625e-07,1.430511474609375e-06,-7.242373466491699,1.0149568319320679,2.4464972019195557,-10.088866233825684
16931523000,-7.748603820800781e-07,1.4901161193847656e-06,-7.24251127243042,1.162482500076294,2.2857892513275146,-10.124967575073242
16945372000,2.384185791015625e-07,2.9802322387695312e-08,-7.2470831871032715,1.475362777709961,1.946013331413269,-10.18004322052002
16952341000,-1.430511474609375e-06,2.5033950805664062e-06,-7.250519752502441,1.6374670267105103,1.7701550722122192,-10.19913101196289
16959306000,-1.0728836059570312e-06,3.069639205932617e-06,-7.254120349884033,1.801220417022705,1.59269380569458,-10.213208198547363
16966212000,8.344650268554688e-07,2.294778823852539e-06,-7.25752592086792,1.9647724628448486,1.4152512550354004,-10.223038673400879
16980111000,-1.7881393432617188e-07,1.9669532775878906e-06,-7.262801170349121,2.2849955558776855,1.0679553747177124,-10.232571601867676
16987088000,-1.1920928955078125e-07,2.1457672119140625e-06,-7.264432907104492,2.4380569458007812,0.9013411998748779,-10.234026908874512
16994049000,-1.1920928955078125e-07,7.152557373046875e-07,-7.26537561416626,2.58457612991333,0.7418999671936035,-10.23398208618164
17000908000,-3.5762786865234375e-07,-5.960464477539063e-08,-7.265693187713623,2.722930431365967,0.5910695791244507,-10.233166694641113
17007967000,-9.5367431640625e-07,2.86102294921875e-06,-7.265495300292969,2.8513357639312744,0.4502803683280945,-10.231978416442871
17014848000,-1.5497207641601562e-06,1.9073486328125e-06,-7.264910697937012,2.969175100326538,0.32114261388778687,-10.230652809143066
17028723000,3.5762786865234375e-07,6.556510925292969e-07,-7.263122081756592,3.1667606830596924,0.10239684581756592,-10.228496551513672
17035652000,-3.5762786865234375e-07,1.0132789611816406e-06,-7.2621588706970215,3.2451226711273193,0.015108585357666016,-10.227617263793945
17042652000,-9.5367431640625e-07,-1.1920928955078125e-06,-7.261274814605713,3.308363914489746,-0.05633378028869629,-10.226962089538574
17049612000,-4.76837158203125e-07,-1.430511474609375e-06,-7.260531902313232,3.356107473373413,-0.11110377311706543,-10.226401329040527
17063476000,-5.960464477539062e-07,2.384185791015625e-06,-7.259590148925781,3.4032793045043945,-0.16837358474731445,-10.224506378173828
17070412000,0.0,2.384185791015625e-07,-7.259395599365234,3.402897596359253,-0.17337357997894287,-10.224969863891602
17077347000,-1.1920928955078125e-07,-3.5762786865234375e-07,-7.259360313415527,3.383833169937134,-0.18824505805969238,-10.223241806030273
17084319000,-4.76837158203125e-07,-1.1920928955078125e-07,-7.259452819824219,3.347189426422119,-0.2195422649383545,-10.221855163574219
17091232000,0.0,9.5367431640625e-07,-7.259637832641602,3.293092727661133,-0.2669275999069214,-10.22021484375
17098178000,-2.384185791015625e-07,2.384185791015625e-07,-7.259877681732178,3.222031593322754,-0.3299344778060913,-10.218316078186035
17112053000,-1.1920928955078125e-06,-1.0728836059570312e-06,-6.983318328857422,3.0336413383483887,-0.49476730823516846,-10.664325714111328
17118970000,-1.1920928955078125e-06,-2.1457672119140625e-06,-6.49261999130249,2.924248695373535,-0.5868505239486694,-11.732878684997559
17125973000,-1.0728836059570312e-06,-2.384185791015625e-06,-5.839629173278809,2.813016891479492,-0.67966228723526,-13.369016647338867
17132885000,-1.1920928955078125e-07,-1.6689300537109375e-06,-5.06642484664917,2.706827163696289,-0.768703818321228,-15.192024230957031
17139882000,-2.980232238769531e-07,-9.5367431640625e-07,-4.207075595855713,2.610896110534668,-0.8491307497024536,-16.954944610595703
17153741000,2.682209014892578e-07,-1.7881393432617188e-07,-2.33479905128479,2.4670867919921875,-0.969499409198761,-19.878246307373047
17160673000,-1.6391277313232422e-07,-2.682209014892578e-07,-1.3926644325256348,2.423865795135498,-1.0041990280151367,-20.001644134521484
17167641000,5.21540641784668e-08,5.960464477539063e-08,-0.5309877991676331,2.4000062942504883,-1.0210204124450684,-18.36883544921875
17174603000,9.12696123123169e-08,2.0489096641540527e-07,0.19054201245307922,2.3941056728363037,-1.0220880508422852,-16.558656692504883
17181501000,1.1175870895385742e-07,1.7881393432617188e-07,0.7378131747245789,2.402533531188965,-1.0103580951690674,-12.871440887451172
17195392000,-1.4901161193847656e-07,5.960464477539063e-08,1.2843306064605713,2.446840286254883,-0.9643398523330688,-7.218747138977051
17202323000,4.470348358154297e-08,2.9802322387695312e-08,1.3136156797409058,2.47489070892334,-0.9377076625823975,-5.795072555541992
17209331000,4.470348358154297e-08,1.1920928955078125e-07,1.2188177108764648,2.502458333969116,-0.9127750396728516,-5.0979228019714355
17216208000,1.1920928955078125e-07,2.2351741790771484e-07,1.0354660749435425,2.5271947383880615,-0.8916504383087158,-4.881368160247803
17230083000,-4.470348358154297e-08,-8.195638656616211e-08,0.5429252982139587,2.563016176223755,-0.8650298118591309,-5.065406322479248
17237067000,-4.842877388000488e-08,-9.685754776000977e-08,0.2937740981578827,2.5730488300323486,-0.8597934246063232,-5.2284135818481445
17244036000,-5.029141902923584e-08,-1.3224780559539795e-07,0.072577565908432,2.578078031539917,-0.8592629432678223,-5.383400917053223
17250973000,4.563480615615845e-08,-3.3527612686157227e-08,-0.10693493485450745,2.5788052082061768,-0.8625872135162354,-5.534493446350098
17257919000,4.470348358154297e-08,-7.078051567077637e-08,-0.23775824904441833,2.5762696266174316,-0.8695063591003418,-5.701952934265137
17264821000,1.0058283805847168e-07,-5.960464477539063e-08,-0.31882917881011963,2.5709238052368164,-0.8760693073272705,-5.880326747894287
17278811000,3.725290298461914e-08,-8.195638656616211e-08,-0.34909364581108093,2.5578222274780273,-0.8978943824768066,-6.351557731628418
17285732000,3.725290298461914e-09,-3.725290298461914e-08,-0.31389519572257996,2.550177574157715,-0.8994767665863037,-6.559752941131592
17292696000,0.0,-3.3527612686157227e-08,-0.25841814279556274,2.5446743965148926,-0.9100697040557861,-6.812990188598633
17299589000,-1.862645149230957e-08,-7.450580596923828e-09,-0.19187413156032562,2.5401175022125244,-0.9160281419754028,-7.032972812652588
17313491000,-4.656612873077393e-10,1.0244548320770264e-08,-0.057489193975925446,2.5350470542907715,-0.923499345779419,-7.4046759605407715
17320439000,3.026798367500305e-09,1.792795956134796e-08,-0.0013858801685273647,2.534634590148926,-0.9253822565078735,-7.557109832763672
17327416000,4.656612873077393e-10,2.0489096641540527e-08,0.042620282620191574,2.5353856086730957,-0.9262785911560059,-7.690954685211182
17334319000,4.6566128730773926e-09,2.2351741790771484e-08,0.07322075963020325,2.536794424057007,-0.9264051914215088,-7.810032367706299
17341311000,1.5832483768463135e-08,2.60770320892334e-08,0.09059489518404007,2.538935661315918,-0.9261515140533447,-7.9167561531066895
17355397000,1.30385160446167e-08,1.862645149230957e-08,0.09173911064863205,2.5456154346466064,-0.9377058744430542,-8.12848949432373
17362259000,1.1175870895385742e-08,1.6763806343078613e-08,0.07967661321163177,2.544069290161133,-0.9125672578811646,-8.151729583740234
17369187000,-1.862645149230957e-09,8.381903171539307e-09,0.06333550065755844,2.5480294227600098,-0.9253838062286377,-8.247893333435059
17376300000,9.313225746154785e-09,1.210719347000122e-08,0.04487960785627365,2.549609661102295,-0.9259355068206787,-8.308159828186035
17390073000,3.841705620288849e-09,4.656612873077393e-10,0.009619525633752346,2.5516772270202637,-0.9282108545303345,-8.406343460083008
17396973000,1.9208528101444244e-09,-1.862645149230957e-09,-0.004385343287140131,2.5521721839904785,-0.92983078956604,-8.445971488952637
17404042000,4.656612873077393e-10,-2.7939677238464355e-09,-0.014946222305297852,2.552360773086548,-0.9316834211349487,-8.480530738830566
17410933000,2.3283064365386963e-10,-2.7939677238464355e-09,-0.021867401897907257,2.5523593425750732,-0.9337011575698853,-8.510725021362305
17417811000,-2.3283064365386963e-10,-6.05359673500061e-09,-0.025321491062641144,2.552272319793701,-0.9357967376708984,-8.537191390991211
17431721000,0.0,-4.6566128730773926e-09,-0.023785211145877838,2.5519938468933105,-0.9400313496589661,-8.580952644348145
17438720000,-4.656612873077393e-10,-3.259629011154175e-09,-0.020114075392484665,2.551814079284668,-0.9420263767242432,-8.598982810974121
17445620000,-1.6298145055770874e-09,-2.7939677238464355e-09,-0.015440385788679123,2.551724433898926,-0.9438810348510742,-8.614866256713867
17452548000,1.1641532182693481e-10,-1.6298145055770874e-09,-0.010401525534689426,2.5518720149993896,-0.945743203163147,-8.628740310668945
17466482000,9.458744898438454e-10,-8.731149137020111e-11,-0.0012212316505610943,2.55228853225708,-0.9489743709564209,-8.651735305786133
17473406000,1.57160684466362e-09,3.4924596548080444e-10,0.002256878651678562,2.552640676498413,-0.9504976868629456,-8.66128921508789
17480374000,1.3387762010097504e-09,9.313225746154785e-10,0.00477510504424572,2.553150177001953,-0.9523113965988159,-8.670173645019531
17487261000,2.0954757928848267e-09,1.862645149230957e-09,0.006317371968179941,2.553588390350342,-0.9530302286148071,-8.676761627197266
17494300000,1.5133991837501526e-09,1.1641532182693481e-09,0.006956718396395445,2.5540006160736084,-0.9546973705291748,-8.684050559997559
17501180000,1.9208528101444244e-09,1.6298145055770874e-09,0.0068334718234837055,2.5545921325683594,-0.9561393857002258,-8.690129280090332
17515083000,1.1641532182693481e-09,1.0477378964424133e-09,0.005021668039262295,2.55544376373291,-0.9588749408721924,-8.700705528259277
17522119000,-9.313225746154785e-09,5.960464477539063e-08,0.20683081448078156,2.5580310821533203,-0.9571434259414673,-10.829680442810059
17528947000,8.195638656616211e-08,1.341104507446289e-07,0.5652748942375183,2.5655264854431152,-0.9479715824127197,-12.904725074768066
17535881000,1.9371509552001953e-07,3.8743019104003906e-07,1.0425752401351929,2.5815529823303223,-0.9288211464881897,-14.983917236328125
17549764000,1.4901161193847656e-07,5.960464477539062e-07,2.2363808155059814,2.646347999572754,-0.8529238104820251,-18.538244247436523
17556776000,-5.960464477539063e-08,1.1920928955078125e-06,2.907773733139038,2.6968886852264404,-0.794009804725647,-19.922937393188477
17563725000,9.5367431640625e-07,1.0728836059570312e-06,3.6058452129364014,2.7593462467193604,-0.7208606004714966,-21.058076858520508
17570632000,9.5367431640625e-07,5.960464477539062e-07,4.317666053771973,2.83315110206604,-0.6342419385910034,-21.97678565979004
17577793000,1.0728836059570312e-06,7.152557373046875e-07,5.032958507537842,2.916198492050171,-0.5353922843933105,-22.71319580078125
17591565000,4.76837158203125e-07,-1.1920928955078125e-07,6.421997547149658,3.1007959842681885,-0.31149840354919434,-23.122068405151367
17598389000,2.384185791015625e-07,-2.384185791015625e-07,7.015483379364014,3.1946465969085693,-0.19540750980377197,-21.430450439453125
17605397000,-3.5762786865234375e-07,-9.5367431640625e-07,7.5016655921936035,3.2840805053710938,-0.08455637097358704,-18.58463478088379
17612282000,4.76837158203125e-07,-7.152557373046875e-07,7.8603339195251465,3.363614559173584,0.014460563659667969,-14.196756362915039
17626266000,1.7881393432617188e-06,3.5762786865234375e-07,8.190496444702148,3.4767751693725586,0.15497183799743652,-8.097530364990234
17633108000,5.960464477539062e-07,2.2649765014648438e-06,8.188024520874023,3.5041394233703613,0.18921589851379395,-6.2448039054870605
17640139000,4.76837158203125e-07,1.3113021850585938e-06,8.103006362915039,3.5104026794433594,0.19783544540405273,-5.054712295532227
17647079000,-2.384185791015625e-07,-1.1920928955078125e-07,7.961033344268799,3.494004011154175,0.20654511451721191,-4.3925018310546875
17653973000,-3.5762786865234375e-07,1.1920928955078125e-06,7.7872443199157715,3.4551968574523926,0.23473572731018066,-4.125247478485107
17667849000,1.430511474609375e-06,1.430511474609375e-06,7.430146217346191,3.319035291671753,0.3452802896499634,-4.350656032562256
17674867000,1.0728836059570312e-06,-1.9073486328125e-06,7.2788777351379395,3.226019859313965,0.42484068870544434,-4.698293209075928
17681734000,1.1324882507324219e-06,-1.9073486328125e-06,7.158932685852051,3.1188089847564697,0.5185555219650269,-5.137725353240967
17688786000,5.364418029785156e-07,-2.682209014892578e-06,7.07423734664917,2.999021053314209,0.6252350807189941,-5.633519649505615
17702583000,8.940696716308594e-07,-4.76837158203125e-07,7.007097244262695,2.7259294986724854,0.872559130191803,-6.670246601104736
17709522000,5.364418029785156e-07,-3.039836883544922e-06,7.01605224609375,2.5745930671691895,1.0113165378570557,-7.158514976501465
17716493000,7.152557373046875e-07,-2.652406692504883e-06,7.044977188110352,2.4144160747528076,1.1586048603057861,-7.600123882293701
17723457000,5.960464477539063e-08,-1.6093254089355469e-06,7.0869293212890625,2.246365785598755,1.3132671117782593,-7.983735084533691
17730335000,4.76837158203125e-07,-1.4007091522216797e-06,7.135311603546143,2.07175874710083,1.4740973711013794,-8.304949760437012
17744305000,-1.0728836059570312e-06,-2.771615982055664e-06,7.2296142578125,1.709073543548584,1.80813729763031,-8.770365715026855
17751168000,-5.364418029785156e-07,-1.9073486328125e-06,7.267772197723389,1.5244109630584717,1.9776990413665771,-8.929550170898438
17758144000,5.960464477539063e-08,-1.6093254089355469e-06,7.29698371887207,1.340519905090332,2.1467456817626953,-9.05233383178711
17765083000,4.76837158203125e-07,-1.1920928955078125e-06,7.3165812492370605,1.1592222452163696,2.3129403591156006,-9.148453712463379
17772152000,1.7881393432617188e-07,-1.7881393432617188e-06,7.326903343200684,0.9842015504837036,2.474992036819458,-9.226625442504883
17785904000,-5.662441253662109e-07,-2.1457672119140625e-06,7.324563503265381,0.6520969867706299,2.776826858520508,-9.352950096130371
17792896000,2.980232238769531e-07,-5.811452865600586e-07,7.315349102020264,0.5019032955169678,2.9134292602539062,-9.410183906555176
17799795000,1.3113021850585938e-06,3.427267074584961e-07,7.303245544433594,0.3639114201068878,3.038858413696289,-9.466423988342285
17806819000,1.1920928955078125e-06,-1.773238182067871e-06,7.289967060089111,0.23934108018875122,3.1515443325042725,-9.522555351257324
17813707000,1.1771917343139648e-06,-3.0249357223510742e-06,7.276959419250488,0.13011080026626587,3.2500085830688477,-9.57822322845459
17827631000,9.909272193908691e-07,-2.60770320892334e-07,7.255804538726807,-0.04262872040271759,3.403355360031128,-9.68732738494873
17834546000,5.811452865600586e-07,-1.7508864402770996e-06,7.248805999755859,-0.10317407548427582,3.4559078216552734,-9.738008499145508
17841580000,5.8673322200775146e-08,-2.5331974029541016e-07,7.24439811706543,-0.1459430754184723,3.491912603378296,-9.784737586975098
17848443000,4.507601261138916e-07,1.2665987014770508e-07,7.242411136627197,-0.17053362727165222,3.5112781524658203,-9.826701164245605
17855454000,-2.6971101760864258e-06,-1.6689300537109375e-06,7.242496490478516,-0.17722800374031067,3.5136218070983887,-9.863052368164062
17869259000,1.0132789611816406e-06,3.427267074584961e-07,7.2470011711120605,-0.21761193871498108,3.4635040760040283,-9.918535232543945
17876311000,5.960464477539062e-07,6.705522537231445e-07,7.250423908233643,-0.26291424036026,3.410735845565796,-9.937954902648926
17883151000,9.834766387939453e-07,-2.652406692504883e-06,7.254022598266602,-0.32462078332901,3.3406786918640137,-9.952230453491211
17890128000,-2.3245811462402344e-06,-9.834766387939453e-07,7.2574357986450195,-0.40206342935562134,3.253443956375122,-9.962244987487793
17897070000,-2.384185791015625e-07,-3.427267074584961e-07,7.260397911071777,-0.4944998621940613,3.150089740753174,-9.968744277954102
17910963000,1.4901161193847656e-06,-2.8312206268310547e-06,7.264392852783203,-0.7205426096916199,2.899603843688965,-9.974308013916016
17917896000,-5.364418029785156e-07,-3.337860107421875e-06,7.265353679656982,-0.8518161177635193,2.754931688308716,-9.974788665771484
17924902000,-1.9669532775878906e-06,-1.7285346984863281e-06,7.265687942504883,-0.9935795068740845,2.599597215652466,-9.974531173706055
17931846000,-1.2516975402832031e-06,-2.115964889526367e-06,7.265503406524658,-1.144229769706726,2.4347667694091797,-9.973965644836426
17945715000,-2.86102294921875e-06,-1.9073486328125e-06,7.264100551605225,-1.4656797647476196,2.0839080810546875,-9.973140716552734
17952628000,-1.430511474609375e-06,-1.1920928955078125e-06,7.263148784637451,-1.633251428604126,1.9015541076660156,-9.973014831542969
17959597000,-5.364418029785156e-07,-8.642673492431641e-07,7.262185096740723,-1.8028016090393066,1.7168272733688354,-9.973307609558105
17966506000,-5.364418029785156e-07,-2.86102294921875e-06,7.261298179626465,-1.9728806018829346,1.531843662261963,-9.973755836486816
17973464000,5.960464477539063e-08,1.7881393432617188e-07,7.260551452636719,-2.1416192054748535,1.348356008529663,-9.974244117736816
17987329000,-2.6226043701171875e-06,-2.9802322387695312e-06,7.259599208831787,-2.467751979827881,0.9929621815681458,-9.975317001342773
17994360000,-6.556510925292969e-07,1.1920928955078125e-06,7.259399890899658,-2.621969699859619,0.8246487975120544,-9.97554874420166
18001219000,-2.2649765014648438e-06,-1.1920928955078125e-06,7.2593607902526855,-2.768134355545044,0.6648178696632385,-9.975485801696777
18008192000,-2.0265579223632812e-06,-2.562999725341797e-06,7.259450435638428,-2.904547691345215,0.5149965882301331,-9.975153923034668
18015123000,8.344650268554688e-07,1.0728836059570312e-06,7.259632587432861,-3.030020236968994,0.376708984375,-9.974416732788086
18029009000,-1.0728836059570312e-06,3.4570693969726562e-06,7.2601318359375,-3.243185043334961,0.14014291763305664,-9.971875190734863
18035923000,-2.0265579223632812e-06,4.172325134277344e-07,6.983303070068359,-3.329101085662842,0.05073285102844238,-10.409439086914062
18042981000,3.5762786865234375e-07,-5.960464477539062e-07,6.492570400238037,-3.3977763652801514,-0.01441967487335205,-11.469026565551758
18049841000,-6.556510925292969e-07,2.384185791015625e-07,5.839583873748779,-3.4484424591064453,-0.05585837364196777,-13.09683895111084
18056833000,-3.5762786865234375e-07,-3.5762786865234375e-07,5.066361427307129,-3.4828524589538574,-0.07637536525726318,-14.912957191467285
18070649000,-4.76837158203125e-07,2.980232238769531e-07,3.28909969329834,-3.514223575592041,-0.07124286890029907,-18.24008560180664
18077884000,-2.086162567138672e-07,2.9802322387695312e-08,2.334758758544922,-3.5178442001342773,-0.05430060625076294,-19.581209182739258
18084567000,-2.980232238769531e-07,3.8743019104003906e-07,1.3926557302474976,-3.5171468257904053,-0.033540159463882446,-19.703155517578125
18091531000,6.705522537231445e-08,1.4901161193847656e-08,0.5309941172599792,-3.514233350753784,-0.012953042984008789,-18.077022552490234
18098431000,-1.434236764907837e-07,-1.564621925354004e-07,-0.19053520262241364,-3.5107421875,0.00458073616027832,-16.272459030151367
18112352000,1.7881393432617188e-07,-1.7881393432617188e-07,-1.0997689962387085,-3.5042126178741455,0.02682042121887207,-9.281432151794434
18119315000,2.5331974029541016e-07,1.341104507446289e-07,-1.284330129623413,-3.5006933212280273,0.03169894218444824,-6.947096824645996
18126241000,1.1920928955078125e-07,-2.9802322387695312e-08,-1.3136104345321655,-3.496485710144043,0.03336787223815918,-5.527938365936279
18133157000,-1.4901161193847656e-07,-2.9802322387695312e-08,-1.2188128232955933,-3.4921021461486816,0.032608985900878906,-4.834573745727539
18147060000,-1.2665987014770508e-07,-1.6391277313232422e-07,-0.7992916107177734,-3.4821672439575195,0.026430606842041016,-4.6656365394592285
18154031000,-1.4901161193847656e-08,-2.9802322387695312e-08,-0.5429468154907227,-3.4774417877197266,0.02205514907836914,-4.8117852210998535
18160992000,-7.078051567077637e-08,-1.4901161193847656e-08,-0.29379478096961975,-3.4734745025634766,0.017417192459106445,-4.976990222930908
18167897000,-6.798654794692993e-08,2.7939677238464355e-09,-0.07260170578956604,-3.46978759765625,0.012862443923950195,-5.1343584060668945
18174865000,-9.872019290924072e-08,3.3527612686157227e-08,0.1069110631942749,-3.466881275177002,0.00874948501586914,-5.287844181060791
18188754000,-5.21540641784668e-08,-4.842877388000488e-08,0.3187711536884308,-3.4623332023620605,0.002747058868408203,-5.641133785247803
18195692000,-1.0058283805847168e-07,1.1175870895385742e-08,0.3535858690738678,-3.4605014324188232,0.0010955333709716797,-5.856712818145752
18202634000,-1.6391277313232422e-07,1.862645149230957e-08,0.3491349518299103,-3.4586944580078125,0.000335693359375,-6.092396259307861
18209569000,-4.842877388000488e-08,1.1175870895385742e-07,0.3143728971481323,-3.456758737564087,0.00035500526428222656,-6.3358306884765625
18223556000,-6.332993507385254e-08,4.0978193283081055e-08,0.19149595499038696,-3.458372116088867,0.0020499229431152344,-6.76522970199585
18230489000,-8.009374141693115e-08,3.5390257835388184e-08,0.12222158163785934,-3.4504194259643555,0.0033097267150878906,-6.995743751525879
18237400000,1.3224780559539795e-07,-1.387670636177063e-07,0.0570865273475647,-3.4480981826782227,0.004627227783203125,-7.170539855957031
18244427000,1.1768133845180273e-07,-1.2532109394669533e-07,0.001026730053126812,-3.4456639289855957,0.00584864616394043,-7.323574066162109
18258318000,-1.5087425708770752e-07,1.471489667892456e-07,-0.07343564182519913,-3.440312147140503,0.007708311080932617,-7.577844142913818
18265191000,-7.35744833946228e-08,7.82310962677002e-08,-0.09072936326265335,-3.4377710819244385,0.00826263427734375,-7.685145378112793
18272210000,-5.494803190231323e-08,5.587935447692871e-08,-0.09612654149532318,-3.4350175857543945,0.008568763732910156,-7.782130241394043
18279174000,-5.122274160385132e-08,5.681067705154419e-08,-0.09173496067523956,-3.432345390319824,0.008659124374389648,-7.869357109069824
18286013000,-5.587935447692871e-08,4.936009645462036e-08,-0.08008041977882385,-3.429673910140991,0.008571863174438477,-7.94753360748291
18299906000,-3.4924596548080444e-08,2.561137080192566e-08,-0.04533248022198677,-3.4243927001953125,0.008040666580200195,-8.077814102172852
18306905000,-3.3527612686157227e-08,2.9802322387695312e-08,-0.02683417871594429,-3.4218931198120117,0.00769805908203125,-8.131070137023926
18313815000,-3.050081431865692e-08,2.87545844912529e-08,-0.009961028583347797,-3.4194793701171875,0.007356882095336914,-8.177343368530273
18320794000,-2.6833731681108475e-08,2.5669578462839127e-08,0.004128614440560341,-3.4169921875,0.0070383548736572266,-8.217596054077148
18334623000,-2.514570951461792e-08,2.0023435354232788e-08,0.021784845739603043,-3.4122190475463867,0.006581783294677734,-8.283455848693848
18341658000,-2.6309862732887268e-08,1.4901161193847656e-08,0.02531268447637558,-3.409939765930176,0.006454944610595703,-8.310491561889648
18348567000,-9.452924132347107e-08,-7.217749953269958e-08,0.02580403909087181,-3.4077930450439453,0.006390810012817383,-8.334237098693848
18355550000,-4.1443854570388794e-08,-2.2817403078079224e-08,0.023876402527093887,-3.4054648876190186,0.0063779354095458984,-8.355254173278809
18362429000,-7.869675755500793e-08,-1.043081283569336e-07,0.020229512825608253,-3.4030537605285645,0.006415367126464844,-8.373773574829102
18376361000,-1.0582152754068375e-07,-2.841698005795479e-07,0.010521289892494678,-3.3987817764282227,0.0065631866455078125,-8.40447998046875
18383277000,-7.275957614183426e-09,-3.3085234463214874e-07,0.005633958615362644,-3.396237373352051,0.00666356086730957,-8.41719913482666
18390230000,7.747439667582512e-08,-1.990847522392869e-07,0.001306528807617724,-3.3941869735717773,0.006742238998413086,-8.428375244140625
18397177000,-1.696753315627575e-08,-4.6566128730773926e-08,-0.002195358742028475,-3.391909599304199,0.006826877593994141,-8.438339233398438
18404069000,-1.4493707567453384e-08,1.2223608791828156e-09,-0.004737710580229759,-3.389606237411499,0.006883382797241211,-8.447234153747559
18411154000,-9.575160220265388e-08,2.3283064365386963e-09,-0.006301657296717167,-3.3873987197875977,0.0069353580474853516,-8.455204010009766
18424986000,-1.0628718882799149e-07,3.841705620288849e-08,-0.006851774640381336,-3.383009195327759,0.0069768428802490234,-8.468912124633789
18431890000,-9.132781997323036e-08,3.0850060284137726e-08,-0.0061530740931630135,-3.380758285522461,0.006967067718505859,-8.47489070892334
18438997000,-7.8580342233181e-08,2.852175384759903e-08,-0.005055236164480448,-3.3784751892089844,0.006956338882446289,-8.480350494384766
18445836000,-6.734626367688179e-08,2.270098775625229e-08,-0.003743590787053108,-3.3764584064483643,0.006933927536010742,-8.485347747802734
18459677000,-4.99567249789834e-08,1.7447746358811855e-08,-0.0011041046818718314,-3.3721396923065186,0.006883859634399414,-8.494288444519043
18466614000,-4.284976284907316e-08,1.4980571449996205e-08,-5.379024059948279e-06,-3.3699584007263184,0.006858229637145996,-8.498329162597656
