sim_time_ns,gyro_x,gyro_y,gyro_z,accel_x,accel_y,accel_z
977027914000,-0.0004533789469860494,-0.000827647338155657,-0.0025141665246337652,-0.3283727169036865,0.052694499492645264,-9.789765357971191
977034793000,-0.0007049196865409613,-9.640108328312635e-05,0.00016749463975429535,-0.2733026444911957,-0.03986203670501709,-9.813261985778809
977048669000,0.00040645786793902516,0.0003162426291964948,0.0006381660350598395,-0.2992812693119049,-0.0018206685781478882,-9.80888557434082
977055601000,0.00033889393671415746,0.00012846477329730988,0.0006582321366295218,-0.3000383973121643,-8.869171142578125e-05,-9.808427810668945
977062538000,0.00014139946142677218,1.2037926353514194e-05,0.00045608822256326675,-0.3011341691017151,0.004366695880889893,-9.808377265930176
977069436000,-0.0007733999518677592,-0.0008904668502509594,-0.0027426991146057844,-0.3289506435394287,0.05465810000896454,-9.789178848266602
977083342000,0.0003299586824141443,0.00050437415484339,0.0005314277368597686,-0.29292553663253784,-0.013088822364807129,-9.806513786315918
977090270000,0.0003743035194929689,0.0003502650070004165,0.0006406541797332466,-0.2992856204509735,-0.00215265154838562,-9.808429718017578
977097334000,0.00034048024099320173,0.00015433404769282788,0.000654618430417031,-0.300082266330719,-0.00018446147441864014,-9.808074951171875
977104160000,0.00013663042045664042,5.1434835768304765e-05,0.00045747114927507937,-0.30095335841178894,0.004322484135627747,-9.808428764343262
977111228000,-0.0005682057817466557,-0.0009525026543997228,-0.002550650155171752,-0.3281702995300293,0.05024313926696777,-9.788585662841797
977125090000,0.0009431636426597834,0.0011040694080293179,-0.002015923149883747,-0.2926405072212219,0.07732224464416504,-9.799910545349121
977131994000,-0.0007035776507109404,0.001218882855027914,0.0003058475849684328,-0.2793201208114624,-0.026200972497463226,-9.820477485656738
977138884000,0.00029893708415329456,0.0013948071282356977,0.0005498313112184405,-0.2968491017818451,-0.009786367416381836,-9.812582015991211
977145926000,0.000357652606908232,0.0009807022288441658,0.0006304671987891197,-0.3012983202934265,-0.001783415675163269,-9.81210708618164
977159942000,0.0005072595085948706,1.1659663869068027e-05,0.0008437533397227526,-0.3009222447872162,-0.004521682858467102,-9.811036109924316
977166713000,-0.00041411491110920906,-0.000979095115326345,-0.002465700963512063,-0.33064836263656616,0.056609854102134705,-9.792652130126953
977173611000,-0.0006940754828974605,-0.00045838727965019643,0.0001701608853181824,-0.27510902285575867,-0.03896886855363846,-9.815792083740234
977180610000,0.0004132153990212828,7.722462760284543e-05,0.0005264474893920124,-0.2942836880683899,-0.01209782063961029,-9.806556701660156
977194682000,0.00021945423213765025,-0.0001140531967394054,0.0004467068356461823,-0.3010180592536926,0.004194691777229309,-9.807941436767578
977201418000,-0.0005768398987129331,-0.001003888319246471,-0.0025435041170567274,-0.32768675684928894,0.05047398805618286,-9.788201332092285
977208411000,-0.0008814326720312238,6.022903835400939e-05,-4.145437924307771e-05,-0.2728153169155121,-0.03652915358543396,-9.811408996582031
977215321000,0.0002486495650373399,0.0005648450460284948,0.0004951903829351068,-0.29304608702659607,-0.0152711421251297,-9.805421829223633
977222214000,0.00042319923522882164,0.0003906853962689638,0.0006215596222318709,-0.2996058464050293,-0.003088220953941345,-9.808335304260254
977236115000,0.00048055837396532297,-3.288168227300048e-05,0.0006867048214189708,-0.3010389804840088,0.003138929605484009,-9.808749198913574
977243127000,-0.0006126367370598018,-0.0008888609590940177,-0.002698558149859309,-0.3301909565925598,0.058818504214286804,-9.789937973022461
977250085000,-0.0008242074982263148,-0.00018669228302314878,0.00013332093658391386,-0.27244997024536133,-0.042640261352062225,-9.812484741210938
977256939000,0.00032778328750282526,0.0004854208673350513,0.0005318442126736045,-0.29303520917892456,-0.013020917773246765,-9.806644439697266
977263951000,0.0003729781601577997,0.00032165678567253053,0.0006385321030393243,-0.2995418310165405,-0.0021194368600845337,-9.808562278747559
977277884000,0.00018584280041977763,-6.39076461084187e-07,0.00045081571443006396,-0.3009171187877655,0.004344180226325989,-9.808639526367188
977284756000,-0.0005508346948772669,-0.0009831959614530206,-0.00255066086538136,-0.3281646966934204,0.0503154993057251,-9.788765907287598
977291694000,-0.0008651804528199136,-2.5087501853704453e-08,-4.0066362998913974e-05,-0.27307724952697754,-0.03661394864320755,-9.813154220581055
977298694000,0.00031826927443034947,0.0004087665874976665,0.0004863784706685692,-0.2935567796230316,-0.015410661697387695,-9.805464744567871
977312637000,0.0005509991315193474,4.5583758037537336e-05,0.0008484582067467272,-0.2990640699863434,-0.004664704203605652,-9.80781364440918
977319479000,0.00044229006743989885,-4.2672414565458894e-05,0.0006934420089237392,-0.3006592392921448,0.003101915121078491,-9.808526992797852
977326458000,-0.0006421715370379388,-0.0008841039962135255,-0.002695969771593809,-0.32997822761535645,0.05883556604385376,-9.789567947387695
977333381000,-0.0008272976847365499,-0.00018669402925297618,0.00013103157107252628,-0.27236485481262207,-0.042713649570941925,-9.811948776245117
977340268000,0.0003389384946785867,0.0004940678481943905,0.0005283409263938665,-0.29284512996673584,-0.013082563877105713,-9.806404113769531
977354201000,0.00034319458063691854,0.00015284704568330199,0.0006554629071615636,-0.30003517866134644,-0.00017789006233215332,-9.808141708374023
977361214000,-0.0007062222575768828,-0.0006812286446802318,-0.002696708310395479,-0.32968926429748535,0.058040693402290344,-9.790114402770996
977368093000,-0.0008158121490851045,-0.00010430958354845643,0.0001288577332161367,-0.2730863690376282,-0.04312392324209213,-9.812800407409668
977375032000,0.0003928224614355713,0.0004778725851792842,0.000521019275765866,-0.2934557795524597,-0.013237476348876953,-9.8070707321167
977388887000,0.0001659526751609519,0.00022560970683116466,0.0004592757031787187,-0.300881028175354,0.004275813698768616,-9.80888843536377
977395930000,0.00023261812748387456,-6.535009015351534e-05,0.0006116555305197835,-0.2995772957801819,-0.0031332671642303467,-9.807504653930664
977402794000,-0.0004571115714497864,-0.0009638455230742693,-0.0025210983585566282,-0.32846933603286743,0.05230851471424103,-9.789070129394531
977409788000,-0.0008969923947006464,-0.002513051964342594,0.003698786487802863,-0.28992852568626404,-0.09842139482498169,-9.784187316894531
977416712000,0.001203072490170598,0.0010055755265057087,-0.0017727367812767625,-0.29241248965263367,0.07641395926475525,-9.800073623657227
977423614000,-0.0007666185265406966,0.0013061241479590535,0.00015649115084670484,-0.28096920251846313,-0.01767423003911972,-9.821630477905273
977437497000,0.00035159895196557045,0.0009416555985808372,0.0006232105661183596,-0.3007826805114746,-0.0025382936000823975,-9.812201499938965
977444586000,0.0003397031978238374,0.0004964093677699566,0.0006439745775423944,-0.30185818672180176,-0.0004233717918395996,-9.811844825744629
977451413000,0.0003834214876405895,4.5339169446378946e-05,0.0006358842365443707,-0.3020748496055603,-0.00027829408645629883,-9.810845375061035
977458383000,-0.00042666320223361254,-0.0010661230189725757,-0.0024277393240481615,-0.3300413489341736,0.05181179940700531,-9.79153060913086
977472217000,0.0004118440265301615,9.093258995562792e-05,0.0005307906540110707,-0.2948983907699585,-0.011681362986564636,-9.806735038757324
977479302000,0.0004612784250639379,-9.54776187427342e-05,0.0007181231630966067,-0.29964178800582886,-0.0035086125135421753,-9.807929992675781
977486132000,0.0004481603973545134,-0.00018923796596936882,0.0006604658556170762,-0.2998310923576355,0.0009109079837799072,-9.807768821716309
977493084000,-0.0006803075666539371,-0.0009151125559583306,-0.0026946719735860825,-0.32928770780563354,0.058536991477012634,-9.789397239685059
977500013000,-0.0008377298363484442,-0.00014223234029486775,0.00013320721336640418,-0.2721779942512512,-0.04288914054632187,-9.80968952178955
977513945000,0.00046868951176293194,0.000407584011554718,0.0006260977825149894,-0.29972636699676514,-0.002217724919319153,-9.808550834655762
977520843000,0.0004293295496609062,0.00019448541570454836,0.0006459816358983517,-0.3003891706466675,-0.0002488642930984497,-9.80850887298584
977527878000,0.00012902641901746392,0.0001094278777600266,0.0004582004912663251,-0.3010074496269226,0.00472065806388855,-9.809410095214844
977534737000,-0.0005415166961029172,-0.0009446283220313489,-0.002555115846917033,-0.32874929904937744,0.0501270592212677,-9.788761138916016
977541698000,-0.0008803323726169765,-3.8177764508873224e-05,-4.044461820740253e-05,-0.27355995774269104,-0.03653835505247116,-9.813580513000488
977555568000,0.00042797456262633204,0.0002832199970725924,0.0006236828048713505,-0.29905760288238525,-0.002788156270980835,-9.808870315551758
977562563000,0.0005606658523902297,1.9957544282078743e-05,0.0008481150725856423,-0.2991698682308197,-0.0046710968017578125,-9.807923316955566
977569450000,0.0004340161685831845,-6.788852624595165e-05,0.0006939115119166672,-0.30072665214538574,0.0031909942626953125,-9.808608055114746
977576445000,-0.0006674841279163957,-0.0008925774018280208,-0.002692187437787652,-0.32991787791252136,0.058880940079689026,-9.789738655090332
977583391000,-0.0008389176218770444,-0.00023128255270421505,0.00013329900684766471,-0.27267903089523315,-0.04277060925960541,-9.811116218566895
977597292000,0.00039155545528046787,0.00035838017356581986,0.0006371760391630232,-0.29937487840652466,-0.0020787864923477173,-9.808548927307129
977604181000,0.0003565027145668864,0.00015881287981756032,0.0006515698041766882,-0.3001929223537445,-0.00018510222434997559,-9.808121681213379
977611301000,0.00016931036952883005,4.650156188290566e-05,0.00045182002941146493,-0.3011173605918884,0.0042609721422195435,-9.808423042297363
977618085000,-0.000546185823623091,-0.000957385404035449,-0.0025476310402154922,-0.32821258902549744,0.05016331374645233,-9.788741111755371
977632061000,0.00034597510239109397,0.0004054390883538872,0.00048276642337441444,-0.29333072900772095,-0.015594616532325745,-9.80556869506836
977638909000,0.00043989805271849036,0.00030564938788302243,0.0006234548054635525,-0.29876524209976196,-0.002943769097328186,-9.808695793151855
977645928000,0.00035613251384347677,0.00014546151214744896,0.000652873597573489,-0.29976844787597656,-0.00014801323413848877,-9.808433532714844
977652864000,-0.000663336249999702,-0.0006978425662964582,-0.0026974454522132874,-0.3297191858291626,0.05784270167350769,-9.789986610412598
977666720000,0.000388258951716125,0.0005010571330785751,0.0005237176083028316,-0.29317712783813477,-0.013282626867294312,-9.807186126708984
977673628000,0.00042609000229276717,0.0003394957457203418,0.0006337357335723937,-0.2993309497833252,-0.0021280497312545776,-9.808738708496094
977680646000,0.00018883374286815524,0.00022377072309609503,0.0004540423396974802,-0.3009788393974304,0.004234239459037781,-9.80877685546875
977687526000,0.0002338332706131041,-5.8793099015019834e-05,0.000612023111898452,-0.2994774580001831,-0.0031006187200546265,-9.807671546936035
977694539000,-0.00045666313963010907,-0.0009603882790543139,-0.0025208608713001013,-0.3284749388694763,0.05231375992298126,-9.78911018371582
977708358000,0.0012227928964421153,0.000995689071714878,-0.0017770853592082858,-0.29239538311958313,0.07636818289756775,-9.799980163574219
977715352000,-0.0007669134065508842,0.0013086271937936544,0.00015702584641985595,-0.2808479070663452,-0.017639294266700745,-9.821785926818848
977722318000,0.0002527856267988682,0.0013032974675297737,0.0005139118293300271,-0.2971087694168091,-0.01185162365436554,-9.811415672302246
977729242000,0.0003772350028157234,0.0009325460996478796,0.0006201232899911702,-0.3008257746696472,-0.0025710612535476685,-9.81214427947998
977743143000,0.00018333732441533357,0.0001396110310452059,0.0004399730823934078,-0.3029428720474243,0.00415821373462677,-9.811317443847656
977750107000,-0.0005713225691579282,-0.0010153946932405233,-0.0025535302702337503,-0.32933735847473145,0.05028553307056427,-9.79151725769043
977756990000,-0.0008561864960938692,-0.0002544207964092493,-4.8414811317343265e-05,-0.27462413907051086,-0.03669656068086624,-9.816309928894043
977763970000,0.0005043225828558207,2.5581306545063853e-05,0.0006831630016677082,-0.2931249737739563,-0.01986701786518097,-9.805686950683594
977777938000,0.00027083326131105423,-0.00016272944048978388,0.0006176912575028837,-0.3000069856643677,-0.0025360286235809326,-9.806964874267578
977784843000,-0.0004936654586344957,-0.0009807898895815015,-0.002505023730918765,-0.3282320499420166,0.05257362127304077,-9.788534164428711
977791746000,-0.0006608503172174096,-3.189692506566644e-05,0.00016284058801829815,-0.2723197042942047,-0.04012589156627655,-9.811502456665039
977798716000,0.0003424379392527044,0.0005356732872314751,0.0005407696007750928,-0.2938048243522644,-0.011851206421852112,-9.806124687194824
977805616000,0.00039019962423481047,0.0003609424747992307,0.0006364103173837066,-0.299740731716156,-0.0019574016332626343,-9.808476448059082
977819506000,0.00015941716264933348,4.035828169435263e-05,0.0004531613376457244,-0.30126023292541504,0.004311203956604004,-9.80860710144043
977826500000,-0.0007194181089289486,-0.0009321165271103382,-0.002662189071998,-0.32939761877059937,0.05304475128650665,-9.788721084594727
977833461000,-0.0009638830670155585,-2.140132710337639e-05,-6.314527854556218e-05,-0.27251502871513367,-0.03851132094860077,-9.812575340270996
977840352000,0.0002912601630669087,0.00045220780884847045,0.0005724187358282506,-0.292928010225296,-0.01762983202934265,-9.805429458618164
977847317000,0.0006443139864131808,0.0002715778537094593,0.0008360276115126908,-0.2981756329536438,-0.006487786769866943,-9.808387756347656
977861434000,0.00016213000344578177,3.6246761737857014e-05,0.0004631983465515077,-0.301472544670105,0.005517363548278809,-9.808664321899414
977868135000,-0.0005547368200495839,-0.0009706804412417114,-0.0025501572526991367,-0.32838910818099976,0.05039343237876892,-9.788780212402344
977875041000,-0.0008977401885204017,-5.225179484114051e-05,-3.974935316364281e-05,-0.2734610140323639,-0.036446742713451385,-9.813055992126465
977882090000,0.0005239939200691879,0.00032539648236706853,0.0006812652572989464,-0.29241320490837097,-0.020041845738887787,-9.805154800415039
977888949000,0.0003369906626176089,0.000387147389119491,0.0004674378433264792,-0.3004136383533478,0.004657655954360962,-9.809548377990723
977902908000,-0.000451205822173506,-0.0008041627006605268,-0.002516265260055661,-0.3284488916397095,0.05275513231754303,-9.789772033691406
977909961000,-0.0006816891254857183,-2.89201270788908e-05,0.00016744097229093313,-0.27305638790130615,-0.040016502141952515,-9.8142671585083
977916851000,0.0003533247800078243,0.00045449359458871186,0.0005393585888668895,-0.29415032267570496,-0.011931419372558594,-9.807544708251953
977923660000,0.00046338653191924095,0.0002422356919851154,0.000628334644716233,-0.2998623251914978,-0.0022040605545043945,-9.807944297790527
977937545000,0.00013302688603289425,5.597263225354254e-06,0.00045971458894200623,-0.3008946180343628,0.004480421543121338,-9.808571815490723
977944585000,-0.0007748930365778506,-0.0008985731401480734,-0.002742710057646036,-0.3290097117424011,0.05467557907104492,-9.788978576660156
977951515000,-0.0007890143315307796,-0.00013612938346341252,0.00011505283328006044,-0.2717857360839844,-0.04418046772480011,-9.811485290527344
977958388000,0.0003568246029317379,0.0005042646662332118,0.000526431598700583,-0.2929835319519043,-0.013193860650062561,-9.80631160736084
977965377000,0.0003825126332230866,0.00035420196945779026,0.000638660800177604,-0.2992743253707886,-0.002096042037010193,-9.808424949645996
977979281000,0.0001602170232217759,5.227849760558456e-05,0.00045238921302370727,-0.3010926842689514,0.004308432340621948,-9.8082914352417
977986176000,-0.0005570889916270971,-0.0009488029754720628,-0.0025523321237415075,-0.3281537592411041,0.05025772750377655,-9.78865909576416
977993250000,-0.0011020859237760305,-0.0024239770136773586,0.0034924359060823917,-0.2907473146915436,-0.09435372054576874,-9.784317016601562
978000120000,0.0009412034414708614,0.0011243338230997324,-0.00199579494073987,-0.29235634207725525,0.07701969146728516,-9.799930572509766
978014057000,0.00028186559211462736,0.0014158409321680665,0.0005512255593203008,-0.29676273465156555,-0.009684726595878601,-9.812769889831543
978020978000,0.00037864450132474303,0.000982498750090599,0.0006271977908909321,-0.3014719486236572,-0.0019262731075286865,-9.811928749084473
978028094000,0.00035171263152733445,0.0005296742892824113,0.0006448067724704742,-0.30193042755126953,-0.00028717517852783203,-9.812094688415527
978034885000,0.00015220123168546706,0.00014240029850043356,0.0005370954750105739,-0.30281761288642883,0.0027928799390792847,-9.811518669128418
978041790000,-0.0005543801235035062,-0.0009885074105113745,-0.0025370148941874504,-0.3293728232383728,0.051321327686309814,-9.79183292388916
978055694000,0.000397901312680915,0.00011488943709991872,0.0005275029106996953,-0.2945006489753723,-0.012251973152160645,-9.806893348693848
978062707000,0.0004468656552489847,-5.030291504226625e-05,0.000626816472504288,-0.29974672198295593,-0.002025693655014038,-9.808277130126953
978069602000,0.00022711166820954531,-0.0001205466833198443,0.0004457830509636551,-0.30104178190231323,0.00415019690990448,-9.80798053741455
978076765000,-0.0005865874700248241,-0.0010098529746755958,-0.0025439986493438482,-0.327718585729599,0.05056650936603546,-9.7882661819458
978090397000,0.00045210745884105563,0.0004651425697375089,0.0006914439145475626,-0.2923373878002167,-0.019643165171146393,-9.804947853088379
978097523000,0.00031373262754641473,0.00047761810128577054,0.00046743257553316653,-0.30095627903938293,0.004543885588645935,-9.809386253356934
978104337000,0.00027201190823689103,0.00017212828970514238,0.0006186619866639376,-0.30002260208129883,-0.0024859458208084106,-9.807987213134766
978111468000,0.0003804466687142849,-4.57966816611588e-05,0.0006343024433590472,-0.30041399598121643,-0.0010290741920471191,-9.80787181854248
978118227000,-0.00023370352573692799,-0.0010460226330906153,-0.0023184262681752443,-0.3280671238899231,0.04882945120334625,-9.78903865814209
978132080000,0.00031772180227562785,0.0003656725166365504,0.0004991121822968125,-0.2939029932022095,-0.014176681637763977,-9.806127548217773
978138989000,0.0004255474195815623,0.00020813147420994937,0.0007133628823794425,-0.2991794943809509,-0.0042719244956970215,-9.808130264282227
978146037000,0.00036604891647584736,0.00011262374755460769,0.0006717987125739455,-0.2996484339237213,0.0009173452854156494,-9.808727264404297
978152886000,0.00012090535892639309,1.2507698556873947e-05,0.0004606792062986642,-0.30122700333595276,0.004778727889060974,-9.808237075805664
978159906000,-0.0005935441586188972,-0.0009723645052872598,-0.0025437993463128805,-0.3282378315925598,0.05023467540740967,-9.788446426391602
978173719000,0.00047585705760866404,0.00041639493429102004,0.0007102551171556115,-0.29188448190689087,-0.018577799201011658,-9.805825233459473
978180728000,0.0004662015417125076,0.0003609143022913486,0.0006729834130965173,-0.29990720748901367,0.0006537735462188721,-9.808877944946289
978187596000,0.00016951067664194852,0.0002388451248407364,0.00046332809142768383,-0.30133771896362305,0.00504930317401886,-9.808585166931152
978194827000,-0.0005990642821416259,-0.0007770376396365464,-0.0025407366920262575,-0.328408420085907,0.0505397766828537,-9.789185523986816
978201515000,-0.0008625762420706451,7.478485349565744e-05,-4.4325803173705935e-05,-0.2739560306072235,-0.03667079657316208,-9.814494132995605
978215425000,0.00035445322282612324,0.00030429032631218433,0.0006327228620648384,-0.2991710901260376,-0.002829611301422119,-9.808635711669922
978222323000,0.0005987677723169327,-1.8058752175420523e-05,0.000838720821775496,-0.29963022470474243,-0.005010351538658142,-9.807132720947266
978229369000,0.00045669215614907444,-8.403480751439929e-05,0.0006906595663167536,-0.30051207542419434,0.0031821876764297485,-9.808692932128906
978236220000,-0.0006421320140361786,-0.0009026371408253908,-0.002695296425372362,-0.3298385441303253,0.05886395275592804,-9.789669036865234
978250139000,0.0004096345219295472,0.0004376462893560529,0.000519385386724025,-0.2933104336261749,-0.013260617852210999,-9.805728912353516
978257039000,0.0004205258737783879,0.0003235798794776201,0.0006344537250697613,-0.2990533709526062,-0.002055048942565918,-9.808637619018555
978264081000,0.0003571717534214258,0.00014212168753147125,0.0006531968247145414,-0.30002015829086304,-9.262561798095703e-05,-9.80809211730957
978270965000,0.00014381445362232625,5.3046984248794615e-05,0.0004546760756056756,-0.30090847611427307,0.004399329423904419,-9.808438301086426
978277974000,-0.0005559550481848419,-0.0009462394518777728,-0.002551524667069316,-0.3281811475753784,0.05018153786659241,-9.78855037689209
978291772000,0.0003487213107291609,0.00041658408008515835,0.00048251464613713324,-0.2933162450790405,-0.015670374035835266,-9.805497169494629
978298829000,0.0004355850105639547,0.0003170160634908825,0.0006225028191693127,-0.2988158166408539,-0.0028054118156433105,-9.808608055114746
978305699000,0.0005739215994253755,6.406661123037338e-05,0.0008466324652545154,-0.2989204227924347,-0.004696175456047058,-9.80784797668457
978348438000,-0.0006342937122099102,-0.0008626396884210408,-0.0026963010895997286,-0.3288632035255432,0.05722852051258087,-9.790229797363281
978348903000,0.0002668182132765651,0.0012970927637070417,0.0005360140930861235,-0.2975005507469177,-0.011001557111740112,-9.811198234558105
978348903000,0.0002668182132765651,0.0012970927637070417,0.0005360140930861235,-0.2975005507469177,-0.011001557111740112,-9.811198234558105
978348903000,0.0002668182132765651,0.0012970927637070417,0.0005360140930861235,-0.2975005507469177,-0.011001557111740112,-9.811198234558105
978348903000,0.0002668182132765651,0.0012970927637070417,0.0005360140930861235,-0.2975005507469177,-0.011001557111740112,-9.811198234558105
978388663000,0.00039676512824371457,3.324315184727311e-05,0.0005982191069051623,-0.29540374875068665,-0.012229099869728088,-9.806596755981445
978402433000,0.00034416562994010746,-0.00023744243662804365,0.0006590968114323914,-0.2995186448097229,-0.0022336989641189575,-9.807523727416992
978409085000,-0.0003833990776911378,-0.0010330271907150745,-0.0023406005930155516,-0.32694944739341736,0.050124555826187134,-9.788860321044922
978416134000,-0.0006228898419067264,-0.00011837529018521309,0.00019791937666013837,-0.27341020107269287,-0.03771394491195679,-9.810373306274414
978429940000,0.0003922045580111444,0.00037018570583313704,0.0006351087940856814,-0.2997632622718811,-0.001679539680480957,-9.808443069458008
978436873000,0.00020384270465001464,0.0002445222926326096,0.00044972251635044813,-0.301277756690979,0.00404047966003418,-9.808589935302734
978443838000,-0.000554205384105444,-0.0007769056828692555,-0.0025490245316177607,-0.3284791111946106,0.05039262771606445,-9.789379119873047
978450751000,-0.0008824782562442124,8.359283674508333e-05,-4.124422412132844e-05,-0.273903489112854,-0.036487556993961334,-9.814604759216309
978464673000,0.0006274688639678061,0.00022233789786696434,0.0008390249568037689,-0.2982275187969208,-0.006270319223403931,-9.808655738830566
978471563000,0.00044142696424387395,0.00011855486081913114,0.0006980637554079294,-0.3008456826210022,0.003320544958114624,-9.809033393859863
978478581000,0.0001269568019779399,1.4832621673122048e-06,0.0004681629070546478,-0.30144453048706055,0.005476400256156921,-9.808632850646973
978485517000,-0.0005981136346235871,-0.0010016323067247868,-0.002545054769143462,-0.32841184735298157,0.050434619188308716,-9.788594245910645
978499390000,0.000493534142151475,0.00032079589436762035,0.0006860884604975581,-0.2926260530948639,-0.019770272076129913,-9.805099487304688
978506332000,0.00030894752126187086,0.00038946091081015766,0.0004721574950963259,-0.3003922700881958,0.00464630126953125,-9.809490203857422
978513309000,0.0003206652181688696,6.557427695952356e-05,0.000610528455581516,-0.30011099576950073,-0.0025840699672698975,-9.807103157043457
978520241000,0.0003678349603433162,-8.150481153279543e-05,0.0006378446705639362,-0.2997418940067291,-0.0008665621280670166,-9.807912826538086
978534176000,-0.0007314722170121968,9.680690709501505e-06,6.504151315311901e-06,-0.2739308476448059,-0.03253279626369476,-9.814126968383789
978541056000,0.00034562096698209643,0.0003184162196703255,0.0005852474714629352,-0.29409730434417725,-0.015716463327407837,-9.805375099182129
978548069000,0.00063747086096555,0.0001944468531291932,0.0008403239189647138,-0.2977291941642761,-0.00600278377532959,-9.808390617370605
978554906000,0.00045438960660248995,0.00011915608774870634,0.000697492971085012,-0.3005202114582062,0.0033342838287353516,-9.808667182922363
978561959000,-0.0007063428638502955,-0.0007004812359809875,-0.0026821293868124485,-0.32977500557899475,0.05911645293235779,-9.79018497467041
978575763000,0.0003931004903279245,0.0004893171135336161,0.000521593785379082,-0.2932969331741333,-0.013322502374649048,-9.806818008422852
978582771000,0.000423128018155694,0.00034170038998126984,0.0006337504019029438,-0.2992572486400604,-0.0021177083253860474,-9.808738708496094
978589622000,0.00036459736293181777,0.00014754838775843382,0.0006539548048749566,-0.3000624179840088,-0.0001423656940460205,-9.808327674865723
978596619000,0.0001426451635779813,4.291361983632669e-05,0.00045435616630129516,-0.3010004758834839,0.004466846585273743,-9.808570861816406
978610507000,-0.000873636337928474,-7.056165486574173e-06,-4.077123594470322e-05,-0.2730786204338074,-0.036620669066905975,-9.813494682312012
978617389000,0.00032927055144682527,0.0003925561613868922,0.0004850821860600263,-0.293472021818161,-0.01551106572151184,-9.805546760559082
978624342000,0.00042415500502102077,0.0002992030349560082,0.0006257564527913928,-0.2986654043197632,-0.0029463917016983032,-9.808610916137695
978631330000,0.00035573873901739717,0.000128590821987018,0.0006540247704833746,-0.29980358481407166,-0.0002159327268600464,-9.80815315246582
978645315000,-0.0005737661849707365,-0.0009464845643378794,-0.002546707633882761,-0.32800930738449097,0.050234317779541016,-9.788538932800293
978652176000,-0.001116812927648425,-0.0024012145586311817,0.0034934671130031347,-0.2905628979206085,-0.09479288756847382,-9.783992767333984
978659056000,0.0009448758792132139,0.0011196862906217575,-0.002016973216086626,-0.29259470105171204,0.07726083695888519,-9.799771308898926
978666042000,-0.00070467364275828,0.0012231739237904549,0.00030544743640348315,-0.2793368697166443,-0.026195555925369263,-9.820293426513672
978672957000,0.00030863191932439804,0.001409234944730997,0.0005469460738822818,-0.2967787981033325,-0.009808197617530823,-9.81257438659668
978686864000,0.00036681751953437924,0.0005325415404513478,0.0006423946470022202,-0.3019639253616333,-0.00036704540252685547,-9.8119535446167
978693835000,0.0003434960963204503,0.00010236521484330297,0.0006442635203711689,-0.3018355965614319,-5.644559860229492e-05,-9.811506271362305
978700780000,-0.0005054165376350284,-0.0009784149006009102,-0.0025081660132855177,-0.33000701665878296,0.05352701246738434,-9.792243957519531
978707668000,-0.0006820770213380456,-0.00038840685738250613,0.00015706133854109794,-0.27447497844696045,-0.040028467774391174,-9.816200256347656
978714699000,0.00038237174157984555,0.00010093554737977684,0.0005318633047863841,-0.2943817377090454,-0.012153372168540955,-9.806962966918945
978728620000,0.00021044342429377139,-0.0001237125979969278,0.0004494780150707811,-0.3009197413921356,0.004226386547088623,-9.807971000671387
978735509000,-0.0005266995867714286,-0.001046427758410573,-0.0025531668215990067,-0.3279407322406769,0.05033724009990692,-9.787604331970215
978742399000,-0.0008792062290012836,5.778571357950568e-05,-3.778599784709513e-05,-0.27243366837501526,-0.036472029983997345,-9.811561584472656
978749377000,0.00032038387143984437,0.0005119427805766463,0.000578274775762111,-0.2931666076183319,-0.01700495183467865,-9.804708480834961
978763290000,0.0004362482577562332,0.00023776186571922153,0.0007020044722594321,-0.3005387783050537,0.003474906086921692,-9.809624671936035
978770184000,0.00014621828449890018,7.897692557889968e-05,0.0004639306862372905,-0.30176839232444763,0.005469843745231628,-9.808659553527832
978777208000,-0.0005513709038496017,-0.0009560166508890688,-0.0025533612351864576,-0.32862234115600586,0.050345778465270996,-9.788824081420898
978784158000,-0.0008873054757714272,-2.3637607228010893e-05,-4.0642837120685726e-05,-0.27339038252830505,-0.0365237221121788,-9.813587188720703
978798009000,0.00032438102061860263,0.00037534075090661645,0.00046719927922822535,-0.30035915970802307,0.004719719290733337,-9.809797286987305
978804902000,0.0003441943263169378,4.6033295802772045e-05,0.0006085677305236459,-0.30012765526771545,-0.002680554986000061,-9.807229042053223
978812074000,0.0003827369073405862,-9.866483742371202e-05,0.0006374127697199583,-0.2997175455093384,-0.0008413791656494141,-9.80808162689209
978818809000,-0.00024346564896404743,-0.0010708813788369298,-0.002315378747880459,-0.327755331993103,0.04889829456806183,-9.788782119750977
978825729000,-0.0007440577610395849,5.980487912893295e-06,8.188485480786767e-06,-0.27380862832069397,-0.032407209277153015,-9.81416130065918
978839634000,0.0006301661487668753,0.0001979605876840651,0.0008425760315731168,-0.2977064847946167,-0.006058216094970703,-9.808453559875488
978846633000,0.0004421693447511643,0.00011855509364977479,0.0006993415299803019,-0.30055227875709534,0.0033695250749588013,-9.80867862701416
978853529000,-0.0007225141162052751,-0.0007036463357508183,-0.002681300975382328,-0.32980236411094666,0.05915455520153046,-9.790166854858398
978860523000,-0.0008426166605204344,-0.00012387061724439263,0.0001330232626060024,-0.2731689512729645,-0.04288235306739807,-9.81221866607666
978867415000,0.00038403202779591084,0.0005000425735488534,0.0005230499082244933,-0.2932196259498596,-0.013304412364959717,-9.806866645812988
978881376000,0.00036363699473440647,0.00014766730600968003,0.0006532628904096782,-0.30009591579437256,-0.00021947920322418213,-9.8082914352417
978888288000,0.00015992886619642377,3.791369090322405e-05,0.00045336326002143323,-0.30103161931037903,0.004366040229797363,-9.808542251586914
978895308000,-0.00072035490302369,-0.0009303840924985707,-0.0026628379710018635,-0.32916557788848877,0.05306670069694519,-9.788650512695312
978902149000,-0.000942808692343533,-2.836110070347786e-05,-6.384440348483622e-05,-0.27234697341918945,-0.03863558918237686,-9.812776565551758
978916052000,0.0003036404959857464,0.00044131281902082264,0.00046983020729385316,-0.300372838973999,0.004467204213142395,-9.809410095214844
978922974000,0.0003459215222392231,9.907975618261844e-05,0.0006082963664084673,-0.30004870891571045,-0.0027591735124588013,-9.807109832763672
978930031000,-0.00043112324783578515,-0.0007935427711345255,-0.0025185400154441595,-0.3283941149711609,0.05271238088607788,-9.7897367477417
978936933000,-0.0009102011099457741,-0.0024317509960383177,0.0037018784787505865,-0.2904394567012787,-0.09820674359798431,-9.785573959350586
978943897000,0.0011562068248167634,0.0010623544221743941,-0.0017657654825598001,-0.2924991250038147,0.0765482485294342,-9.801573753356934
978957679000,0.0002316908212378621,0.0012950623640790582,0.0005144736496731639,-0.29725924134254456,-0.011816143989562988,-9.811576843261719
978964698000,0.00037476065335795283,0.0009011312504298985,0.0006194922607392073,-0.30099794268608093,-0.002656012773513794,-9.812079429626465
978971582000,0.00038947819848544896,0.0004327694186940789,0.0006362167187035084,-0.3020371198654175,-0.0005092471837997437,-9.811603546142578
978978647000,0.00033564161276444793,5.3962983656674623e-05,0.0006478096474893391,-0.3014557957649231,-3.714859485626221e-05,-9.811610221862793
978985478000,0.0003906169149558991,-0.00032736503635533154,0.0006357854581438005,-0.3016759157180786,-0.00027777254581451416,-9.809669494628906
978999365000,-0.0006774751236662269,-0.00038983585545793176,0.00016215219511650503,-0.27255281805992126,-0.03995860368013382,-9.812710762023926
979006289000,0.0003876565024256706,0.00024100863083731383,0.0005341885262168944,-0.2935420274734497,-0.012112334370613098,-9.804922103881836
979013278000,0.00040057231672108173,0.0001381481415592134,0.0006363270804286003,-0.29926154017448425,-0.0018648505210876465,-9.807923316955566
979020194000,0.00015483377501368523,6.968222442083061e-05,0.00045661392505280674,-0.3009200394153595,0.004277810454368591,-9.808279991149902
979034122000,-0.0008703527273610234,6.595480954274535e-05,-4.055666795466095e-05,-0.2731296420097351,-0.036625899374485016,-9.812128067016602
979041055000,0.00033965197508223355,0.0004864392103627324,0.0005750031559728086,-0.29338037967681885,-0.017057254910469055,-9.805319786071777
979048061000,0.000673501577693969,0.00028541748179122806,0.0008299451437778771,-0.29836854338645935,-0.006239861249923706,-9.808470726013184
979054908000,0.0005095809465274215,0.00017139196279458702,0.0006884323083795607,-0.3009032607078552,0.003203168511390686,-9.80913257598877
979068857000,-0.0005254581919871271,-0.0009859285783022642,-0.0025503772776573896,-0.3284945487976074,0.05039384961128235,-9.7889404296875
979075753000,-0.0008970748749561608,-5.3324911277741194e-05,-3.7984838854754344e-05,-0.27337050437927246,-0.036315739154815674,-9.813430786132812
979082766000,0.0005322812357917428,0.00030859134858474135,0.0006803631549701095,-0.2925388216972351,-0.02004232257604599,-9.805133819580078
979089690000,0.0003425887261983007,0.0003763015556614846,0.0004686196625698358,-0.3003724217414856,0.004640623927116394,-9.80975341796875
979103582000,-0.0004434764268808067,-0.0008325912058353424,-0.0025179521180689335,-0.32858455181121826,0.052700191736221313,-9.789610862731934
979110595000,-0.0006663082167506218,-2.5576679036021233e-05,0.00016403770132455975,-0.2728826105594635,-0.04003109037876129,-9.814254760742188
979117431000,0.0003680764348246157,0.0004430549161043018,0.0005385855911299586,-0.29424774646759033,-0.011972039937973022,-9.807400703430176
979124439000,0.00043030348024331033,0.00025360751897096634,0.000632775598205626,-0.2997053265571594,-0.002014175057411194,-9.80826187133789
979131425000,0.0003730794705916196,7.948320126160979e-05,0.0006519508897326887,-0.29998475313186646,-0.0001338571310043335,-9.808359146118164
979145312000,-0.0007998198852874339,-0.0008951259660534561,-0.002739505609497428,-0.3289448618888855,0.05468703806400299,-9.789054870605469
979152129000,-0.0007815651479177177,-0.00013320642756298184,0.00011382241791579872,-0.27184605598449707,-0.0442945659160614,-9.811264991760254
979159069000,0.000342698534950614,0.0005098625551909208,0.0005285316146910191,-0.2929571866989136,-0.013124853372573853,-9.806351661682129
979166058000,0.0003847024345304817,0.00035485843545757234,0.0006393013754859567,-0.29933345317840576,-0.002164989709854126,-9.808385848999023
979172985000,0.0003371972416061908,0.00016416754806414247,0.0006548124947585166,-0.3000704050064087,-0.0001312345266342163,-9.808130264282227
979186920000,-0.0005591828958131373,-0.0009516645222902298,-0.0025520885828882456,-0.32818809151649475,0.05027766525745392,-9.788656234741211
979193863000,-0.0008760797209106386,-2.082571154460311e-05,-4.1009214328369126e-05,-0.2732337713241577,-0.03660430759191513,-9.813212394714355
979200765000,0.0003284880658611655,0.0004130597517360002,0.0004852026468142867,-0.29328104853630066,-0.015525653958320618,-9.805712699890137
979207690000,0.0004311340453568846,0.0003076563007198274,0.0006231201114133,-0.29884564876556396,-0.0028626471757888794,-9.808572769165039
979221587000,0.00044794834684580564,-3.9334845496341586e-05,0.0006915275589562953,-0.300523579120636,0.003117799758911133,-9.808513641357422
979228618000,-0.0006414125673472881,-0.0008708676905371249,-0.0026953299529850483,-0.32975608110427856,0.05882333219051361,-9.78968334197998
979235525000,-0.0010518399067223072,-0.002577669220045209,0.0036648011300712824,-0.2897171974182129,-0.10098980367183685,-9.783143043518066
979242414000,0.0012208533007651567,0.0010421820916235447,-0.001788597321137786,-0.29168224334716797,0.07513363659381866,-9.79963493347168
979249404000,-0.0007228978211060166,0.0014043082483112812,0.000149130035424605,-0.2804895043373108,-0.017954230308532715,-9.822467803955078
979263316000,0.00035394361475482583,0.0009513130644336343,0.0006226390250958502,-0.30089280009269714,-0.002621188759803772,-9.812202453613281
979270235000,0.00033915176754817367,0.0004949793219566345,0.0006434860988520086,-0.30187809467315674,-0.0004089176654815674,-9.811966896057129
979277187000,0.00038231839425861835,3.717371146194637e-05,0.000635394302662462,-0.30206742882728577,-0.0002759099006652832,-9.81093692779541
979284117000,-0.0002874693600460887,-0.0011017756769433618,-0.002314240438863635,-0.32893550395965576,0.04909084737300873,-9.791807174682617
979298041000,0.0004913848824799061,-4.505462129600346e-05,0.0006972181145101786,-0.2937273681163788,-0.01857714354991913,-9.805910110473633
979304947000,0.00030598760349676013,3.779420512728393e-05,0.0004697528784163296,-0.30049946904182434,0.0048662275075912476,-9.808992385864258
979311969000,0.0002690294641070068,-0.00021869890042580664,0.0006170456763356924,-0.29974931478500366,-0.0024527758359909058,-9.807001113891602
979318842000,-0.000512063386850059,-0.000984611688181758,-0.002509432379156351,-0.3278902471065521,0.05272398889064789,-9.78817081451416
979332786000,0.000394067435991019,0.0005641838070005178,0.000534955644980073,-0.2933470606803894,-0.012129932641983032,-9.805825233459473
979339640000,0.00044127125875093043,0.0003856386465486139,0.0006325743161141872,-0.2996993064880371,-0.001984342932701111,-9.808547019958496
979346654000,0.0003957911394536495,0.00017516015213914216,0.000647342880256474,-0.30034196376800537,-0.00013214349746704102,-9.808435440063477
979353593000,0.00020414398750290275,4.3773630750365555e-05,0.000449337501777336,-0.30131345987319946,0.004265293478965759,-9.808661460876465
979360659000,-0.0005397392669692636,-0.0009651315049268305,-0.0025536746252328157,-0.32830148935317993,0.05028599500656128,-9.789073944091797
979374465000,0.00027410101029090583,0.0004685334279201925,0.0004950375878252089,-0.2928099036216736,-0.015332236886024475,-9.806429862976074
979381504000,0.00039876322261989117,0.00032099831150844693,0.0006272355676628649,-0.2992818355560303,-0.002896934747695923,-9.808562278747559
979388366000,0.0005211213720031083,4.783654003404081e-05,0.0008508997270837426,-0.29921767115592957,-0.00460207462310791,-9.807899475097656
979395366000,0.00044043187517672777,-5.495196091942489e-05,0.0006924131885170937,-0.3007833957672119,0.0029995590448379517,-9.80850601196289
979409187000,-0.0007894794107414782,-0.00017153978114947677,0.0001257210096810013,-0.27232441306114197,-0.04294697195291519,-9.811946868896484
979416188000,0.00041373667772859335,0.000427636579843238,0.0005177078419364989,-0.29342275857925415,-0.0132121741771698,-9.80582332611084
979423054000,0.00040489883394911885,0.0003087347140535712,0.0006349490722641349,-0.2990802228450775,-0.0019818097352981567,-9.808745384216309
979430158000,0.00035451678559184074,0.0001309766375925392,0.0006545117357745767,-0.2999676764011383,-0.00018189847469329834,-9.808187484741211
979437089000,-0.0006850551581010222,-0.0006974925636313856,-0.0026822867803275585,-0.32954975962638855,0.0577436238527298,-9.790181159973145
979450948000,0.00039733719313517213,0.00048711267299950123,0.0005223587504588068,-0.2933608293533325,-0.013281166553497314,-9.806968688964844
979457810000,0.0004096949996892363,0.0003377011453267187,0.0006351217161864042,-0.29926395416259766,-0.0020268112421035767,-9.808862686157227
979464805000,0.00017638826102484018,0.00022352748783305287,0.00045714215957559645,-0.30098962783813477,0.004182711243629456,-9.808774948120117
979471730000,0.0002487132733222097,-6.737034709658474e-05,0.0006109258392825723,-0.2995802164077759,-0.0031870603561401367,-9.807547569274902
979478841000,-0.0004604986752383411,-0.0009661712683737278,-0.002521093236282468,-0.3284851908683777,0.0524069219827652,-9.789134979248047
979492545000,0.0012335663195699453,0.0009924741461873055,-0.001777256024070084,-0.29257863759994507,0.07624970376491547,-9.799908638000488
979499523000,-0.0007664624135941267,0.0013111907755956054,0.00015739293303340673,-0.28085246682167053,-0.017588168382644653,-9.821904182434082
979506434000,2.3471075110137463e-05,0.0013946995604783297,0.0003210511931683868,-0.29794952273368835,-0.007281392812728882,-9.81197738647461
979513454000,0.0004761262098327279,0.0008229170925915241,0.0007721656002104282,-0.299633651971817,-0.01028837263584137,-9.810856819152832
979527316000,0.00020053517073392868,0.00012763732229359448,0.00044933357276022434,-0.3032076060771942,0.0049677640199661255,-9.811299324035645
979534276000,-0.0005976444226689637,-0.0010107546113431454,-0.002548103453591466,-0.3292838931083679,0.05059559643268585,-9.79167366027832
979541155000,-0.0008675616118125618,-0.0002642591134645045,-4.866094604949467e-05,-0.27478015422821045,-0.036688923835754395,-9.816071510314941
979548203000,0.00030313522438518703,0.00012367384624667466,0.00048763942322693765,-0.29387491941452026,-0.01550014317035675,-9.80618953704834
979562140000,0.00039588764775544405,-0.00011767417890951037,0.0006677968194708228,-0.2994164824485779,0.0009345561265945435,-9.808536529541016
979568986000,0.00014919351087883115,-0.00016110832802951336,0.0004601679102052003,-0.3009578585624695,0.0047304630279541016,-9.807679176330566
979575854000,-0.0005734217120334506,-0.0010601583635434508,-0.002548624062910676,-0.3278512954711914,0.05034932494163513,-9.787148475646973
979582892000,-0.0006666400586254895,-2.3322005290538073e-05,0.00015276209160219878,-0.27154839038848877,-0.04108487069606781,-9.8107328414917
979596771000,0.0002979906275868416,0.00038957863580435514,0.0005937587702646852,-0.2991633415222168,-0.005140721797943115,-9.80778694152832
979603736000,0.0003876321716234088,0.00018445553723722696,0.000635368749499321,-0.3002054691314697,-0.0013377517461776733,-9.808029174804688
979610619000,-0.00044307654025033116,-0.0007537371129728854,-0.0025113357696682215,-0.329066663980484,0.05333338677883148,-9.78984546661377
979617653000,-0.0006756101502105594,-3.255851333960891e-05,0.00016623556439299136,-0.2735176086425781,-0.03990946710109711,-9.814610481262207
979624481000,0.0003662976378109306,0.00044156669173389673,0.0005361145595088601,-0.2943628430366516,-0.011939898133277893,-9.80787181854248
979638349000,0.0004095923504792154,4.5048713218420744e-05,0.0006442830199375749,-0.3006119728088379,-0.0004451572895050049,-9.807775497436523
979645448000,0.00016003972268663347,-3.206112887710333e-05,0.00045363057870417833,-0.3009514808654785,0.004477337002754211,-9.808675765991211
979652415000,-0.0005933792563155293,-0.001006696023978293,-0.002545242663472891,-0.3281342685222626,0.05036744475364685,-9.78872013092041
979659257000,-0.0008659222512505949,-1.4211167581379414e-05,-4.268564225640148e-05,-0.2731027901172638,-0.03672163933515549,-9.812712669372559
979673804000,0.00038867141120135784,0.0002707016246858984,0.0006680327351205051,-0.2991052269935608,-0.00346432626247406,-9.808487892150879
979680838000,0.00038090100861154497,0.0001356370048597455,0.0006606568931601942,-0.29975682497024536,2.2813677787780762e-05,-9.808382034301758
979687522000,0.00014347632532007992,3.421284782234579e-05,0.0004581499670166522,-0.3011118173599243,0.004596978425979614,-9.808324813842773
979694581000,-0.000588943250477314,-0.0009538258309476078,-0.0025448736269026995,-0.32817864418029785,0.05031418800354004,-9.788579940795898
979708264000,0.0005262003396637738,0.00031890085665509105,0.000680724042467773,-0.2927256226539612,-0.01994296908378601,-9.805027961730957
979715364000,0.000327474030200392,0.0004076478071510792,0.0004705660103354603,-0.3001633882522583,0.004666775465011597,-9.809657096862793
979722215000,0.0003448546922300011,7.17233051545918e-05,0.0006078867590986192,-0.3001053035259247,-0.002599075436592102,-9.807031631469727
979729412000,-0.0004393276758491993,-0.0008033835911192,-0.0025181020610034466,-0.3283058702945709,0.052645087242126465,-9.789745330810547
979743304000,0.00036789674777537584,0.000449730665422976,0.0005368289421312511,-0.2941911220550537,-0.011963918805122375,-9.807506561279297
979750124000,0.00038322529871948063,0.00029686238849535584,0.0006424428429454565,-0.29933327436447144,-0.0019320100545883179,-9.808618545532227
979757048000,0.0003927383222617209,7.651076884940267e-05,0.000646169763058424,-0.30030643939971924,-0.00026570260524749756,-9.807785034179688
979764026000,0.00018810863548424095,-9.401279385201633e-06,0.0004513010790105909,-0.30084341764450073,0.004288971424102783,-9.808449745178223
979770853000,-0.0007295259856618941,-0.0009486861526966095,-0.0026580779813230038,-0.32893580198287964,0.053169429302215576,-9.788655281066895
979784735000,0.00026783900102600455,0.0004586346913129091,0.0005777294863946736,-0.2926366925239563,-0.017488092184066772,-9.80542278289795
979791699000,0.00064893439412117,0.0002839735825546086,0.0008362663211300969,-0.2979363799095154,-0.006563469767570496,-9.808091163635254
979798809000,0.00048262905329465866,0.0001796036958694458,0.0006933158147148788,-0.3006315529346466,0.003242313861846924,-9.808684349060059
979805548000,-0.0006573070422746241,-0.0006695244810543954,-0.002691803965717554,-0.3299044966697693,0.05908723175525665,-9.790270805358887
979819463000,0.0012496884446591139,0.0010228717001155019,-0.0017924165586009622,-0.2924090623855591,0.07505154609680176,-9.800585746765137
979826399000,-0.0007284976891241968,0.0013844630448147655,0.00015126091602724046,-0.28050804138183594,-0.01784873753786087,-9.82284164428711
979833366000,0.0002203923650085926,0.0013193173799663782,0.0005173190147615969,-0.29743528366088867,-0.011601373553276062,-9.81160831451416
979840332000,0.0003712851903401315,0.0009110246319323778,0.0006194545421749353,-0.3011091947555542,-0.0026547610759735107,-9.812074661254883
979847343000,0.00041352497646585107,0.0004273556696716696,0.0006335945799946785,-0.30213579535484314,-0.0006223469972610474,-9.81157398223877
979861120000,0.0004798399459104985,-0.00036189352977089584,0.0008472291519865394,-0.3003048896789551,-0.00439414381980896,-9.809957504272461
979868018000,-0.00037725293077528477,-0.001271799672394991,-0.0024730267468839884,-0.33019015192985535,0.05641733109951019,-9.79080581665039
979874974000,-0.000675446935929358,-0.00046404291060753167,0.00017467024736106396,-0.27332252264022827,-0.039058953523635864,-9.812334060668945
979881951000,0.00038971062167547643,0.0002253929415019229,0.0005331378779374063,-0.29328811168670654,-0.011890709400177002,-9.804825782775879
979895889000,0.0001639211259316653,6.903020403115079e-05,0.0004546705458778888,-0.3009181618690491,0.004279926419258118,-9.808260917663574
979902714000,-0.0005607984494417906,-0.0009183503570966423,-0.0025504850782454014,-0.32833385467529297,0.050306111574172974,-9.78840160369873
979909627000,-0.0008662106702104211,6.3571787904948e-05,-4.091042501386255e-05,-0.2731878459453583,-0.03664956986904144,-9.81201171875
979916716000,0.000501115049701184,0.00045973696978762746,0.0006861942238174379,-0.2923351228237152,-0.019829921424388885,-9.805462837219238
979930543000,0.0002589218784123659,0.000170394399901852,0.000619598024059087,-0.30030062794685364,-0.0025349557399749756,-9.807788848876953
979937426000,0.0003522017796058208,-3.650988219305873e-05,0.0006379337282851338,-0.3002438545227051,-0.0009849071502685547,-9.808157920837402
979944409000,-0.00024092290550470352,-0.0010538933565840125,-0.0023196195252239704,-0.3281436562538147,0.0487859845161438,-9.788962364196777
979951357000,-0.0007441440830007195,-2.942472929134965e-05,6.764041245332919e-06,-0.2742009162902832,-0.032438717782497406,-9.814497947692871
979958242000,0.00031254501664079726,0.00034755078377202153,0.000499851768836379,-0.2939668297767639,-0.014161303639411926,-9.806053161621094
979972146000,0.0006065997877158225,-4.833098500967026e-05,0.0008402005769312382,-0.2994386553764343,-0.004986569285392761,-9.80713939666748
979979144000,0.00045233932905830443,-9.833896183408797e-05,0.0006934073171578348,-0.3004026412963867,0.0032309889793395996,-9.808629989624023
979986041000,-0.0006806369638070464,-0.000901225081179291,-0.002690907334908843,-0.3297315239906311,0.059031546115875244,-9.78964900970459
979999956000,0.0003490258823148906,0.0005390136502683163,0.0005284326616674662,-0.2924482822418213,-0.013248264789581299,-9.806109428405762
980006873000,0.0004054941236972809,0.0003765653818845749,0.000634193595033139,-0.29941684007644653,-0.002169087529182434,-9.808390617370605
980013895000,0.0003876959381159395,0.00017175989341922104,0.0006485903286375105,-0.30018261075019836,-0.0002837628126144409,-9.80809497833252
980020769000,-0.0006306934519670904,-0.0006833463557995856,-0.0027055596001446247,-0.3298429250717163,0.057895392179489136,-9.790108680725098
980027742000,-0.0008054959471337497,-8.088105823844671e-05,0.00012814768706448376,-0.27289053797721863,-0.04287722706794739,-9.81373405456543
980041624000,0.0004001157358288765,0.00031641896930523217,0.0006366493180394173,-0.2993573546409607,-0.002148270606994629,-9.808756828308105
980048619000,0.00014634466788265854,0.0002055750519502908,0.00045971525833010674,-0.3009822964668274,0.004282951354980469,-9.808783531188965
980055516000,0.00020985107403248549,-7.817424193490297e-05,0.0006136762094683945,-0.29951736330986023,-0.0031385719776153564,-9.807498931884766
980062507000,-0.0004805991193279624,-0.0009653443703427911,-0.002518416615203023,-0.3283543586730957,0.05211988091468811,-9.789113998413086
980069393000,-0.0009030112996697426,-0.002494219457730651,0.0036876890808343887,-0.28986603021621704,-0.09829406440258026,-9.78402042388916
980083318000,-0.0007692893850617111,0.0013058844488114119,0.00015691580483689904,-0.2809242010116577,-0.017604410648345947,-9.821722984313965
980090228000,0.00024024676531553268,0.0013085377868264914,0.0005138706183061004,-0.2971007823944092,-0.011795207858085632,-9.811468124389648
980097260000,0.00036135566188022494,0.0009367719758301973,0.0006214824970811605,-0.30085915327072144,-0.002573549747467041,-9.81212329864502
980104180000,0.0003270581364631653,0.0005046296864748001,0.0006466221529990435,-0.3017656207084656,-0.00036506354808807373,-9.81200885772705
980118066000,-0.00027705251704901457,-0.0010954528115689754,-0.0023154609370976686,-0.32908815145492554,0.04900595545768738,-9.79161262512207
980124959000,-0.0007381925825029612,-0.0002592027303762734,2.058849077002378e-06,-0.2755712866783142,-0.03253693878650665,-9.817392349243164
980132067000,0.00028361560543999076,6.728059088345617e-05,0.0005028643063269556,-0.2944267988204956,-0.01407650113105774,-9.806565284729004
980138851000,0.0004096564371138811,-5.13447739649564e-05,0.0006235468899831176,-0.2994714379310608,-0.0027332603931427,-9.807819366455078
980145858000,0.0005962753784842789,-0.0002851407043635845,0.0008416708442382514,-0.2991769015789032,-0.004879102110862732,-9.806909561157227
980159676000,-0.0006753450725227594,-0.0009815143421292305,-0.002690850291401148,-0.32940587401390076,0.0589568167924881,-9.788336753845215
980166660000,-0.000846855400595814,-0.00014504289720207453,0.0001338199363090098,-0.2717815339565277,-0.042755864560604095,-9.80920696258545
980173566000,0.000370566442143172,0.0006156158051453531,0.0005246480577625334,-0.29262182116508484,-0.013270586729049683,-9.805062294006348
980180644000,0.00045794935431331396,0.00042582230526022613,0.0006256867782212794,-0.29976552724838257,-0.0022703856229782104,-9.80826187133789
980187453000,0.00035845712409354746,0.000258653744822368,0.0006535578286275268,-0.3000151216983795,-3.7804245948791504e-05,-9.808927536010742
980201394000,-0.000826373987365514,-7.96422827988863e-05,0.00012957629223819822,-0.2733558416366577,-0.042841143906116486,-9.81400203704834
980208293000,0.0003802744031418115,0.0004779894952662289,0.0005244659259915352,-0.29375845193862915,-0.013272956013679504,-9.80774211883545
980215291000,0.00038203876465559006,0.0003075926215387881,0.0006374124204739928,-0.29957032203674316,-0.001971408724784851,-9.809014320373535
980222192000,0.00014853639004286379,0.00018870861094910651,0.00045744547969661653,-0.30120009183883667,0.004214689135551453,-9.808863639831543
980229233000,0.00029632262885570526,-0.00014692137483507395,0.0005992399528622627,-0.30012404918670654,-0.0034294575452804565,-9.80696964263916
980243055000,-0.0006593759753741324,-0.000123627542052418,0.0001655062078498304,-0.2723912000656128,-0.040178366005420685,-9.81286334991455
980249984000,0.0004135561175644398,0.0004018871986772865,0.0005311124841682613,-0.2940405309200287,-0.012049421668052673,-9.80599308013916
980256894000,0.00040580492350272834,0.00029150856425985694,0.000638353347312659,-0.2991412878036499,-0.0018252581357955933,-9.808690071105957
980264000000,0.0001461715582991019,0.00020718510495498776,0.0004603306879289448,-0.3008972108364105,0.004331648349761963,-9.808626174926758
980270803000,0.000288776500383392,-0.0001116981147788465,0.0005998056149110198,-0.2999470829963684,-0.0033600181341171265,-9.80672836303711
980284715000,-0.0006904183537699282,-0.00011243351036682725,0.0001676378888078034,-0.27240997552871704,-0.039936475455760956,-9.812850952148438
980291629000,0.0003512677794788033,0.00048554883687756956,0.0005415021441876888,-0.293443500995636,-0.012001827359199524,-9.80673599243164
980298607000,0.00036882259882986546,0.00033262145007029176,0.0006417702534236014,-0.29939258098602295,-0.0018601864576339722,-9.80837345123291
980305524000,0.00014949904289096594,0.00023067065922077745,0.00045791908632963896,-0.30095916986465454,0.004195079207420349,-9.808497428894043
980312538000,-0.0005995845422148705,-0.000781387323513627,-0.002543532056733966,-0.3282761573791504,0.05038708448410034,-9.789054870605469
980326349000,0.0003493234980851412,0.0004501999355852604,0.0005384368123486638,-0.29421818256378174,-0.012010961771011353,-9.807716369628906
980333419000,0.00044882664224132895,0.0002479510731063783,0.0006297572981566191,-0.2997453212738037,-0.002180919051170349,-9.807994842529297
980340255000,0.00018203315266873688,0.00017751466657500714,0.0004585826536640525,-0.30067306756973267,0.0042633116245269775,-9.808923721313477
980347249000,0.0002305516682099551,-8.823949610814452e-05,0.0006151922279968858,-0.29939931631088257,-0.0030958354473114014,-9.807499885559082
980361097000,-0.0008810285944491625,-0.002484790747985244,0.0036962672602385283,-0.2898074984550476,-0.09860701858997345,-9.783942222595215
980368060000,0.0010188415180891752,0.001092590857297182,-0.001969264354556799,-0.29342272877693176,0.08082647621631622,-9.800338745117188
980374956000,-0.0007054273155517876,0.0011924807913601398,0.00031466493965126574,-0.2796238660812378,-0.02505035698413849,-9.820313453674316
980381975000,0.0003418014384806156,0.0013371871318668127,0.0005459209787659347,-0.2972255349159241,-0.0098467618227005,-9.812005043029785
980388848000,0.00038172269705682993,0.0009493556572124362,0.000628521665930748,-0.3011249601840973,-0.0017090439796447754,-9.81210994720459
980402752000,0.00041447480907663703,0.00010674729128368199,0.0006899575819261372,-0.3023199439048767,0.003122374415397644,-9.81197452545166
980409701000,0.00011929958418477327,-0.00017178912821691483,0.0004612804332282394,-0.30256378650665283,0.005343958735466003,-9.810810089111328
980416727000,-0.0005973831284791231,-0.0012659266358241439,-0.0025503949727863073,-0.3290759325027466,0.050359174609184265,-9.789977073669434
980423596000,-0.0008516450179740787,-0.00028500170446932316,-4.770616942550987e-05,-0.2733539938926697,-0.036832816898822784,-9.813065528869629
980430613000,0.0004911127034574747,0.00013197361840866506,0.0006867480697110295,-0.29229071736335754,-0.019813790917396545,-9.804044723510742
980444394000,0.0002632110845297575,-3.124307841062546e-05,0.0006183303776197135,-0.29981178045272827,-0.0024005770683288574,-9.807334899902344
980451453000,-0.00046098855091258883,-0.0009199240594170988,-0.002518960041925311,-0.3287476897239685,0.05257250368595123,-9.788833618164062
980458288000,-0.0006686242995783687,-2.6002933736890554e-05,0.00016561560914851725,-0.27251434326171875,-0.0401640310883522,-9.812127113342285
980465310000,0.0003867336199618876,0.0005211485549807549,0.0005339891649782658,-0.29398804903030396,-0.011994421482086182,-9.806398391723633
980479221000,0.00036284374073147774,0.00015124735364224762,0.0006517126457765698,-0.3002849221229553,-5.587935447692871e-05,-9.808576583862305
980486085000,0.000158395036123693,3.05834983009845e-05,0.0004521697701420635,-0.3013051152229309,0.00436045229434967,-9.808658599853516
980493058000,-0.0007448270334862173,-0.0008921342086978257,-0.0027483906596899033,-0.32925641536712646,0.054617106914520264,-9.789294242858887
980500039000,-0.000814113998785615,-0.00015462643932551146,0.00011758712935261428,-0.2720470428466797,-0.04400556534528732,-9.811734199523926
980513899000,0.00038852705620229244,0.00034187082201242447,0.0006365558365359902,-0.299497127532959,-0.0020775943994522095,-9.808613777160645
980520803000,0.000341251608915627,0.0001442056818632409,0.000651604204904288,-0.30024755001068115,-0.00012899935245513916,-9.808233261108398
980527748000,-0.000668691995088011,-0.0007014243165031075,-0.0027020974084734917,-0.3298932909965515,0.05783917009830475,-9.790114402770996
980534733000,-0.0008248412050306797,-0.00010759528959169984,0.0001295360125368461,-0.2730914354324341,-0.042955897748470306,-9.81297779083252
980541627000,0.0004060313804075122,0.0004732899251393974,0.0005213022814132273,-0.293597936630249,-0.013361424207687378,-9.806968688964844
980555557000,0.00014054495841264725,0.00021868648764211684,0.0004609508323483169,-0.3010086417198181,0.004376649856567383,-9.808960914611816
980562592000,0.00022731698118150234,-7.47089070500806e-05,0.0006121721817180514,-0.29972952604293823,-0.0032311677932739258,-9.807461738586426
980569428000,-0.00046476448187604547,-0.0009748779120855033,-0.0025207921862602234,-0.32862046360969543,0.052321940660476685,-9.789043426513672
980576411000,-0.0006733490154147148,-0.00011796987382695079,0.00016497517935931683,-0.27257660031318665,-0.04017656296491623,-9.812935829162598
980583337000,0.0004178576054982841,0.00039753742748871446,0.0005298072937875986,-0.2940557897090912,-0.01214088499546051,-9.806051254272461
980597273000,0.00013378840230870992,0.00020825314277317375,0.0004601052205543965,-0.3008657395839691,0.004369571805000305,-9.80859375
980604162000,0.00029735983116552234,-0.00011056239600293338,0.000599552586209029,-0.29989081621170044,-0.003479689359664917,-9.806680679321289
980611097000,-0.00042207707883790135,-0.0009751598699949682,-0.0025234059430658817,-0.3282603621482849,0.052317872643470764,-9.789077758789062
980618056000,-0.0006861580186523497,-0.00011445803102105856,0.00016740435967221856,-0.27242571115493774,-0.039940692484378815,-9.812804222106934
980632008000,0.0003785721492022276,0.0003351285704411566,0.000641999882645905,-0.2992933392524719,-0.001932099461555481,-9.808398246765137
980638871000,0.00015429622726514935,0.00022965924290474504,0.0004588393203448504,-0.30094480514526367,0.004212215542793274,-9.808472633361816
980645876000,-0.0006068510701879859,-0.0007759653381071985,-0.002541982801631093,-0.32817786931991577,0.05044823884963989,-9.789115905761719
980652782000,-0.0008971462957561016,-0.0023944959975779057,0.003685524221509695,-0.2903229594230652,-0.09939469397068024,-9.785028457641602
980659694000,0.0010471711866557598,0.0010901569621637464,-0.0019775123801082373,-0.2939766049385071,0.08053275942802429,-9.80128288269043
980673600000,0.0003474429249763489,0.0013163276016712189,0.0005426041898317635,-0.2973352074623108,-0.009810402989387512,-9.812172889709473
980680588000,0.0003866874612867832,0.0009296878706663847,0.000629176152870059,-0.3011218309402466,-0.0017702579498291016,-9.8123197555542
980687480000,0.0003653859894257039,0.00043520578765310347,0.0007311324588954449,-0.3020401895046234,-0.0017402470111846924,-9.81148910522461
980694418000,0.0003471753152552992,9.128180681727827e-05,0.0006648921989835799,-0.3014402687549591,0.0010709762573242188,-9.811872482299805
980701430000,8.703738421900198e-05,-0.0001646498858463019,0.00045812828466296196,-0.30230969190597534,0.004792556166648865,-9.810833930969238
980715304000,-0.0008525687735527754,-0.00027367722941562533,-4.80242379126139e-05,-0.2732863426208496,-0.036812663078308105,-9.812963485717773
980722219000,0.0005026587750762701,0.00014181292499415576,0.0006858257111161947,-0.29233020544052124,-0.019876644015312195,-9.803955078125
980729216000,0.00031093781581148505,0.0002490967162884772,0.00046945890062488616,-0.3003475069999695,0.004723966121673584,-9.808880805969238
980736106000,0.0002696455630939454,-2.8558133635669947e-05,0.0006160329794511199,-0.2999383211135864,-0.0024184733629226685,-9.807260513305664
980743039000,-0.00045434903586283326,-0.0009180742781609297,-0.0025220555253326893,-0.32877427339553833,0.05258640646934509,-9.788869857788086
980750023000,-0.0006697868229821324,-3.4527271054685116e-05,0.00016501786012668163,-0.2725951671600342,-0.040163084864616394,-9.812139511108398
980763955000,0.00040094085852615535,0.00036202208139002323,0.000635600823443383,-0.2996788024902344,-0.0018240362405776978,-9.80882740020752
980770821000,0.00038635946111753583,0.00014261447358876467,0.0006480533047579229,-0.3004820644855499,-0.0002721846103668213,-9.80833911895752
980777772000,0.00015401012205984443,3.0581832106690854e-05,0.0004527913988567889,-0.30125683546066284,0.004451364278793335,-9.808794975280762
980784759000,-0.0007383192423731089,-0.0009000594145618379,-0.0027504023164510727,-0.3293548822402954,0.05459567904472351,-9.789200782775879
980798697000,0.00036546363844536245,0.0004921728395856917,0.0005244431085884571,-0.29319319128990173,-0.013294324278831482,-9.806340217590332
980805546000,0.00040131385321728885,0.0003359155380167067,0.0006356651429086924,-0.2994832396507263,-0.002141222357749939,-9.808631896972656
980812595000,0.0003483812906779349,0.00014623509196098894,0.0006538790185004473,-0.30020037293434143,-0.0001462996006011963,-9.80833911895752
980819487000,-0.0006761900149285793,-0.0007068515405990183,-0.002702354919165373,-0.3300027847290039,0.0579632967710495,-9.790050506591797
980826369000,-0.0008174012182280421,-0.00010550703154876828,0.0001293302047997713,-0.2730790376663208,-0.043044187128543854,-9.812963485717773
980840289000,0.00039976692642085254,0.0003232159069739282,0.0006355585646815598,-0.2994338870048523,-0.0020223110914230347,-9.808883666992188
980847256000,0.0001530590670881793,0.00021529404330067337,0.0004574025224428624,-0.3010908365249634,0.004261285066604614,-9.808847427368164
980854159000,0.00022577335766982287,-7.494787860196084e-05,0.0006122055929154158,-0.29973095655441284,-0.0032096952199935913,-9.80750560760498
980861127000,-0.0004774128319695592,-0.0009670148720033467,-0.0025192962493747473,-0.32859304547309875,0.05236269533634186,-9.78912353515625
980868118000,-0.000675218878313899,-0.00013001082697883248,0.00016411952674388885,-0.2727407217025757,-0.04020131379365921,-9.81271743774414
980882072000,0.0004079343634657562,0.0002936550881713629,0.0006377206300385296,-0.2991434633731842,-0.0018098503351211548,-9.80868148803711
980888884000,0.00011930387699976563,0.00021891668438911438,0.0004622274427674711,-0.30080467462539673,0.004456996917724609,-9.808746337890625
980895817000,0.0002933712676167488,-0.00010752407251857221,0.0005988943157717586,-0.29999175667762756,-0.003494441509246826,-9.806618690490723
980902829000,-0.0004149121814407408,-0.0009789123432710767,-0.00252533215098083,-0.3283276855945587,0.052277833223342896,-9.78902530670166
980916720000,0.00037401929148472846,0.00047745092888362706,0.0005367069388739765,-0.2934480905532837,-0.012055546045303345,-9.80663013458252
980923606000,0.0003868339699693024,0.00033471465576440096,0.0006404425366781652,-0.29928159713745117,-0.0018880963325500488,-9.80847454071045
980930647000,0.00015248547424562275,0.0002360362559556961,0.0004579250526148826,-0.3009134829044342,0.004259943962097168,-9.808565139770508
980937503000,-0.0005856151110492647,-0.0007829908863641322,-0.0025457669980823994,-0.32831722497940063,0.05036255717277527,-9.788995742797852
980944438000,-0.0008920987602323294,-0.0023918712977319956,0.003685459028929472,-0.2902623414993286,-0.09935826808214188,-9.78522777557373
980958313000,-0.000710361753590405,0.0011794258607551455,0.0003168644616380334,-0.27969130873680115,-0.02504069358110428,-9.820703506469727
980965365000,0.0003454271936789155,0.0013112009037286043,0.0005439636297523975,-0.2973758578300476,-0.009824216365814209,-9.812156677246094
980972265000,0.00039629306411370635,0.000920393387787044,0.0006275623454712331,-0.30118831992149353,-0.001787722110748291,-9.812240600585938
980979214000,0.0003571432607714087,0.000442295364337042,0.0007342642638832331,-0.30192285776138306,-0.001713082194328308,-9.811657905578613
980986125000,0.0003286263672634959,9.365823643747717e-05,0.0006659682258032262,-0.30152440071105957,0.001163199543952942,-9.811823844909668
981000106000,-0.0005486932350322604,-0.0012823581928387284,-0.002556171268224716,-0.3288702964782715,0.050255417823791504,-9.79011344909668
981007016000,-0.0008731733541935682,-0.0002845926210284233,-4.491838626563549e-05,-0.27323806285858154,-0.03656982630491257,-9.813045501708984
981013985000,0.0005031853797845542,0.00014336267486214638,0.0006836376851424575,-0.2923140525817871,-0.019909612834453583,-9.803812980651855
981020838000,0.00034176799817942083,0.00024374462373089045,0.00046435982221737504,-0.30042922496795654,0.004597261548042297,-9.808738708496094
981034785000,-0.0004449628759175539,-0.0009160438203252852,-0.0025225766003131866,-0.3288436532020569,0.05264176428318024,-9.788888931274414
981041699000,-0.0006826405879110098,-3.8823578506708145e-05,0.0001658344262978062,-0.27265235781669617,-0.0400271862745285,-9.812235832214355
981048665000,0.000402191246394068,0.0005162670277059078,0.0005293879075907171,-0.2940211892127991,-0.012083649635314941,-9.806377410888672
981055569000,0.0004397954617161304,0.0003501760365907103,0.0006315091741271317,-0.2996804416179657,-0.0020056813955307007,-9.808809280395508
981069455000,0.00018312441534362733,2.27854325203225e-05,0.00044982307008467615,-0.30139926075935364,0.004295051097869873,-9.808632850646973
981076379000,-0.0007481155917048454,-0.0008925525471568108,-0.002747767372056842,-0.3292376399040222,0.05473098158836365,-9.789446830749512
981083384000,-0.0008188721258193254,-0.00015862169675529003,0.00011621754674706608,-0.27211660146713257,-0.043963395059108734,-9.811738967895508
981090299000,0.0003460633452050388,0.0005094506777822971,0.0005271516274660826,-0.29301902651786804,-0.013296827673912048,-9.806497573852539
981097302000,0.00037129101110622287,0.0003467514761723578,0.0006379092810675502,-0.2995483875274658,-0.0020716339349746704,-9.808619499206543
981111143000,-0.000671537360176444,-0.0007029157713986933,-0.002701512072235346,-0.32992443442344666,0.05791611969470978,-9.790159225463867
981118132000,-0.000833482772577554,-0.00011463253758847713,0.00012996591976843774,-0.2731781303882599,-0.042921654880046844,-9.812870979309082
981125031000,0.00039491456118412316,0.00047572990297339857,0.0005203147884458303,-0.2935989201068878,-0.013322815299034119,-9.806916236877441
981132048000,0.0004265664902050048,0.0003213784657418728,0.0006325207650661469,-0.29946377873420715,-0.0021298974752426147,-9.808850288391113
981145884000,0.00025347518385387957,-7.934746099635959e-05,0.0006092674448154867,-0.2998226284980774,-0.0033371150493621826,-9.807414054870605
981152815000,-0.0004777240683324635,-0.0009634980233386159,-0.002518449444323778,-0.32853299379348755,0.052462995052337646,-9.789290428161621
981159723000,-0.0006717282230965793,-0.00011081667616963387,0.00016355738625861704,-0.2726713716983795,-0.04019923508167267,-9.813008308410645
981166735000,0.0004268191696610302,0.0003848448977805674,0.0005269380053505301,-0.29421669244766235,-0.01215873658657074,-9.805999755859375
981173631000,0.00039009429747238755,0.0002839326043613255,0.0006384581793099642,-0.2990754544734955,-0.0017300695180892944,-9.808773040771484
981187516000,0.0002679988683667034,-9.156038868241012e-05,0.0006059700390323997,-0.2994101941585541,-0.0031595975160598755,-9.807401657104492
981194452000,-0.0004479114431887865,-0.0009662287775427103,-0.0025216734502464533,-0.3283952474594116,0.052371636033058167,-9.788989067077637
981201435000,-0.0006896982667967677,-0.00010396895231679082,0.00016618281370028853,-0.2724858224391937,-0.04001961648464203,-9.81275749206543
981208363000,0.0003523034683894366,0.0004774427507072687,0.0005404009716585279,-0.29353517293930054,-0.012009039521217346,-9.806649208068848
981222222000,0.00015158999303821474,0.00022751238429918885,0.00045727024553343654,-0.30101460218429565,0.004179731011390686,-9.808384895324707
981229207000,-0.0006085656932555139,-0.0007794825942255557,-0.002542889676988125,-0.3282279968261719,0.05043284595012665,-9.7890625
981236134000,-0.0008921907283365726,-0.002390917856246233,0.003684407100081444,-0.2903270125389099,-0.09942743182182312,-9.785013198852539
981243060000,0.0010352168465033174,0.0010984374675899744,-0.0019761947914958,-0.2939762473106384,0.08059175312519073,-9.801379203796387
981256938000,0.00033709860872477293,0.0013162640389055014,0.0005416009807959199,-0.2973330616950989,-0.009762212634086609,-9.812198638916016
981264077000,0.0003833178780041635,0.0009345742291770875,0.0006283919792622328,-0.30113285779953003,-0.0018142759799957275,-9.812331199645996
981270852000,0.00036564996116794646,0.00044259693822823465,0.0007315943366847932,-0.30205321311950684,-0.0017808526754379272,-9.811515808105469
981277777000,0.0003395102685317397,9.443766612093896e-05,0.0006642674561589956,-0.30152973532676697,0.0011331439018249512,-9.811843872070312
981284771000,0.00011275202268734574,-0.00016982483793981373,0.00045487534953281283,-0.302420973777771,0.004643052816390991,-9.810722351074219
981298656000,-0.0008588276105001569,-0.00027797097573056817,-4.871976489084773e-05,-0.27334725856781006,-0.03668416291475296,-9.813044548034668
981305580000,0.0004991490859538317,0.0001421690103597939,0.0006853921222500503,-0.29235535860061646,-0.01989741623401642,-9.803971290588379
981312547000,0.0003054687404073775,0.0002480809926055372,0.0004688345070462674,-0.3004014492034912,0.00473804771900177,-9.80886459350586
981319505000,0.00026622836594469845,-2.8321286663413048e-05,0.0006155995070002973,-0.2999691367149353,-0.00243319571018219,-9.807256698608398
981333415000,-0.0006806680466979742,-3.763078711926937e-05,0.00016537946066819131,-0.2726295590400696,-0.04005872458219528,-9.812158584594727
981340294000,0.0003855082322843373,0.000532711623236537,0.0005340254283510149,-0.29392576217651367,-0.012059912085533142,-9.806499481201172
981347299000,0.0004120392259210348,0.00036226477823220193,0.0006336407968774438,-0.2997516095638275,-0.0019012987613677979,-9.8087739944458
981354195000,0.00039523077430203557,0.0001410683908034116,0.0006464949692599475,-0.30053889751434326,-0.0002658069133758545,-9.808332443237305
981361110000,0.00016463070642203093,2.9394039302133024e-05,0.0004511919105425477,-0.3013019561767578,0.004442036151885986,-9.808810234069824
981375003000,-0.0008132298244163394,-0.00015420897398144007,0.00011637588613666594,-0.2720906734466553,-0.043991781771183014,-9.811814308166504
981381979000,0.00036788260331377387,0.0004982533864676952,0.0005237022996880114,-0.2931697964668274,-0.013327822089195251,-9.806387901306152
981388939000,0.00038178273825906217,0.00034198735374957323,0.0006368071772158146,-0.299522340297699,-0.002041041851043701,-9.808680534362793
981395922000,0.0003339164541102946,0.00014318943431135267,0.0006525038625113666,-0.30033254623413086,-0.00013686716556549072,-9.808226585388184
981402844000,0.00014689310046378523,3.218835627194494e-05,0.0004527759156189859,-0.3012564480304718,0.004263848066329956,-9.808433532714844
981416754000,-0.000850797223392874,9.690818842500448e-06,-4.51614978373982e-05,-0.2731989026069641,-0.03673165291547775,-9.81334114074707
981423640000,0.00033089320641011,0.0003904746554326266,0.00048282669740729034,-0.29377371072769165,-0.015427619218826294,-9.805520057678223
981430654000,0.00042090201168321073,0.0002895380021072924,0.0006241168011911213,-0.29901450872421265,-0.002850636839866638,-9.808626174926758
981437517000,0.0005480912514030933,3.15786455757916e-05,0.0008465772261843085,-0.2991606593132019,-0.004610165953636169,-9.80776309967041
981444462000,-0.0003843801678158343,-0.0007871518610045314,-0.002462708158418536,-0.32945695519447327,0.05667772889137268,-9.790146827697754
981458375000,0.00035963027039542794,0.00044084765249863267,0.0005369110149331391,-0.2939731478691101,-0.011924117803573608,-9.807304382324219
981465375000,0.00038039369974285364,0.00029298855224624276,0.0006411029607988894,-0.29941773414611816,-0.0019406527280807495,-9.808632850646973
981472293000,0.00021063046006020159,0.00015434077067766339,0.0004483723023440689,-0.3013518452644348,0.004057183861732483,-9.808135986328125
981479198000,0.00024332036264240742,-9.425290045328438e-05,0.0006113213603384793,-0.29937416315078735,-0.0031110644340515137,-9.807621002197266
981493089000,-0.0006862491136416793,-0.00010837800800800323,0.00016531205619685352,-0.27250683307647705,-0.040067143738269806,-9.812821388244629
981500058000,0.00041782078915275633,0.0004111269081477076,0.0005269446410238743,-0.29403191804885864,-0.012160807847976685,-9.805936813354492
981506968000,0.0004106361011508852,0.00030331191373988986,0.0006362085114233196,-0.29907241463661194,-0.0018622726202011108,-9.80862808227539
981513989000,0.0001364903582725674,0.0002256586740259081,0.0004611911135725677,-0.3007776141166687,0.004362061619758606,-9.808663368225098
981520891000,0.00023933243937790394,-5.5928583606146276e-05,0.0006107582012191415,-0.29958805441856384,-0.0032968372106552124,-9.807185173034668
981534857000,-0.0006693254108540714,-0.00010682205902412534,0.00016400206368416548,-0.2725527584552765,-0.04019618779420853,-9.812827110290527
981541696000,0.00034169849823229015,0.0004748160718008876,0.0005412534228526056,-0.29347121715545654,-0.011881768703460693,-9.806888580322266
981548685000,0.0004514827160164714,0.00027924758614972234,0.0006290421006269753,-0.2996847629547119,-0.0021839141845703125,-9.807738304138184
981555608000,0.0001777282595867291,0.0002152439410565421,0.00045439813402481377,-0.3006170988082886,0.004359126091003418,-9.808792114257812
981562534000,-0.0005691034020856023,-0.0007931769359856844,-0.002546082716435194,-0.3281934857368469,0.05035807192325592,-9.789002418518066
981576462000,0.001059127738699317,0.0010875971056520939,-0.0019792637322098017,-0.2939928472042084,0.0805160254240036,-9.801166534423828
981583414000,-0.0007236001547425985,0.0011838919017463923,0.00031790058710612357,-0.2796008884906769,-0.024935923516750336,-9.820707321166992
981590308000,0.00034900219179689884,0.0013263416476547718,0.0005416847998276353,-0.29727399349212646,-0.009865760803222656,-9.8121919631958
981597331000,0.0003990023978985846,0.0009326131548732519,0.0006268140859901905,-0.30116045475006104,-0.001808270812034607,-9.81224250793457
981611246000,0.0003789709007833153,4.956815973855555e-05,0.0006382943247444928,-0.30208098888397217,-0.0002196580171585083,-9.811017990112305
981618228000,0.0003505056374706328,-0.0002886343572754413,0.0006412334041669965,-0.30128714442253113,-4.9427151679992676e-05,-9.810349464416504
981625078000,-0.00046289863530546427,-0.0012687344569712877,-0.002514888998121023,-0.3294302523136139,0.05338333547115326,-9.790650367736816
981632158000,-0.0006710098241455853,-0.0003960343892686069,0.00016027427045628428,-0.27277448773384094,-0.040010541677474976,-9.812867164611816
981639033000,0.0004102852544747293,0.0002053750358754769,0.000528767064679414,-0.29376810789108276,-0.012148380279541016,-9.804794311523438
981652924000,0.0003492461983114481,-3.25762084685266e-05,0.0006524916971102357,-0.3001551628112793,-0.0002124011516571045,-9.807653427124023
981659822000,-0.000653875817079097,-0.000839288521092385,-0.0027053190860897303,-0.32977283000946045,0.057863280177116394,-9.789337158203125
981666930000,-0.0007962308009155095,-6.145599763840437e-05,0.00012608757242560387,-0.27208855748176575,-0.04303021728992462,-9.811132431030273
981673681000,0.0003843330778181553,0.0005653140251524746,0.0005226728972047567,-0.29339274764060974,-0.01315636932849884,-9.806021690368652
981687576000,0.0001947504933923483,0.000261981796938926,0.0004510299186222255,-0.30123206973075867,0.004262223839759827,-9.809024810791016
981694523000,0.00027826070436276495,-5.1321403589099646e-05,0.000602609827183187,-0.2999342083930969,-0.003221079707145691,-9.80768871307373
981701590000,-0.00048161379527300596,-0.0009228520793840289,-0.0025163686368614435,-0.3284226655960083,0.05248221755027771,-9.789895057678223
981708395000,-0.000671377987600863,-0.00010545650729909539,0.00016089067503344268,-0.272960364818573,-0.04014556109905243,-9.813294410705566
981715451000,0.0004003821813967079,0.0003860893484670669,0.0005284994258545339,-0.2942623496055603,-0.012075766921043396,-9.806336402893066
981722357000,0.00037856848211959004,0.0002716517774388194,0.0006399098201654851,-0.2991860508918762,-0.00181560218334198,-9.80885124206543
981736230000,-0.0005644261837005615,-0.0008440808742307127,-0.002546291332691908,-0.3281603753566742,0.050452202558517456,-9.78917121887207
981743114000,-0.0007053310982882977,-8.180015720427036e-05,0.00015646028623450547,-0.2730666995048523,-0.04083402454853058,-9.81281566619873
981750118000,0.00020171981304883957,0.0005752579309046268,0.00033604595228098333,-0.2945655584335327,-0.007965445518493652,-9.807661056518555
981757019000,0.000303448032354936,0.0003252637980040163,0.0005973730003461242,-0.2989051938056946,-0.005074977874755859,-9.808191299438477
981770941000,0.00035049516009166837,-5.367858102545142e-05,0.0006482808385044336,-0.30014336109161377,-0.00018833577632904053,-9.80813217163086
981777856000,-0.0004630691255442798,-0.0009580673649907112,-0.002509264973923564,-0.32879406213760376,0.053410544991493225,-9.789297103881836
981784929000,-0.0006843131850473583,-0.00013537704944610596,0.00016675516963005066,-0.2728164792060852,-0.03994618356227875,-9.81299114227295
981791744000,0.00043237677891738713,0.000383415404940024,0.0005273859133012593,-0.29404354095458984,-0.012214809656143188,-9.806048393249512
981798830000,0.0003998750471509993,0.0002842334797605872,0.0006380001432262361,-0.2990058660507202,-0.0017390698194503784,-9.808799743652344
981812574000,0.0002914161013904959,-0.00010824069613590837,0.0005991621292196214,-0.2999516725540161,-0.0035738497972488403,-9.806546211242676
981819567000,-0.0004339401493780315,-0.0009742097463458776,-0.002525168936699629,-0.3282536268234253,0.05237512290477753,-9.789039611816406
981826485000,-0.0006684544496238232,-0.0001334042171947658,0.00016499802586622536,-0.27253931760787964,-0.040099866688251495,-9.812470436096191
981833507000,0.00018050335347652435,0.0005717334570363164,0.0003417331899981946,-0.29414260387420654,-0.007589325308799744,-9.807202339172363
981840358000,0.00035872685839422047,0.000285409769276157,0.0005864406120963395,-0.2990807294845581,-0.005243733525276184,-9.807284355163574
981854348000,-0.0006175182643346488,-0.0006963331834413111,-0.0027082895394414663,-0.32966816425323486,0.057668477296829224,-9.789907455444336
981861249000,-0.0010139313526451588,-0.0024516433477401733,0.0036594984121620655,-0.2900174856185913,-0.10118750482797623,-9.784811973571777
981868244000,0.0012471301015466452,0.0010335417464375496,-0.0017899820813909173,-0.29253268241882324,0.0751369297504425,-9.800585746765137
981875084000,-0.0007429345860145986,0.001381834503263235,0.00015365057333838195,-0.2806254029273987,-0.01778663694858551,-9.822672843933105
981882141000,0.00021921121515333652,0.0013219397515058517,0.0005151891964487731,-0.297443151473999,-0.011600077152252197,-9.811573028564453
981895908000,0.0003216143522877246,0.0004875792365055531,0.0006468594656325877,-0.3017732501029968,-0.0003361701965332031,-9.812219619750977
981902923000,0.0005602958262898028,-5.51981502212584e-05,0.0008356117177754641,-0.30125266313552856,-0.0047097355127334595,-9.810484886169434
981909873000,0.0004554350161924958,-0.0002928226313088089,0.0006826668977737427,-0.30177542567253113,0.0030439943075180054,-9.810943603515625
981916810000,-0.0006702260579913855,-0.0012016361579298973,-0.0026968796737492085,-0.33057665824890137,0.058907195925712585,-9.791154861450195
981930706000,0.00041413199505768716,0.0002751728461589664,0.0005164787289686501,-0.2926519513130188,-0.013434618711471558,-9.80432415008545
981937606000,0.0004305826441850513,0.00018053996609523892,0.0006305027636699378,-0.2991810441017151,-0.002077341079711914,-9.808086395263672
981944568000,0.00021806653239764273,8.520526171196252e-05,0.0004462844517547637,-0.301134318113327,0.004160284996032715,-9.80817699432373
981951513000,-0.0005196268321014941,-0.0009095141431316733,-0.0025562485679984093,-0.32837575674057007,0.050337210297584534,-9.788622856140137
981965463000,0.00038512598257511854,0.0005196569836698472,0.0005330528947524726,-0.29425156116485596,-0.01214320957660675,-9.80671501159668
981972361000,0.00040736774099059403,0.00034253267222084105,0.0006336062797345221,-0.2997094988822937,-0.0018918514251708984,-9.808804512023926
981979237000,0.00016727764159440994,0.00022638683731202036,0.00045543030137196183,-0.3011746108531952,0.00422196090221405,-9.809033393859863
981986249000,0.00024262866645585746,-7.303268648684025e-05,0.0006094913114793599,-0.29981905221939087,-0.0032122284173965454,-9.80770206451416
982000113000,-0.0006731731118634343,-0.00013102608500048518,0.00016368394426535815,-0.2727418541908264,-0.04023782163858414,-9.81268310546875
982007070000,0.00041854011942632496,0.00040546682430431247,0.0005284917424432933,-0.2939984202384949,-0.012143492698669434,-9.806103706359863
982014116000,0.00040783174335956573,0.0002847163414116949,0.0006369970506057143,-0.2992425560951233,-0.0018309801816940308,-9.808775901794434
982021038000,0.0001203162973979488,0.00020520860562101007,0.0004618458915501833,-0.30087655782699585,0.004443556070327759,-9.808817863464355
982027878000,-0.0005205207271501422,-0.000855090853292495,-0.002555838320404291,-0.3287779688835144,0.050032034516334534,-9.788372039794922
982041772000,0.0002539959968999028,0.0004659613186959177,0.0004973021568730474,-0.2935580015182495,-0.015272706747055054,-9.806822776794434
982048766000,0.0004066163091920316,0.00026850105496123433,0.0007138209766708314,-0.2993476688861847,-0.004561394453048706,-9.808048248291016
982055653000,0.00040554621955379844,0.00012831302592530847,0.0006652137963101268,-0.2999291718006134,0.0006976574659347534,-9.808554649353027
982062615000,0.00014206714695319533,2.8370166546665132e-05,0.00046035266132093966,-0.30111315846443176,0.004786401987075806,-9.808606147766113
982076474000,-0.0008530251798219979,-6.498594302684069e-05,4.445277591003105e-05,-0.27333927154541016,-0.03824010491371155,-9.8125638961792
982083466000,0.0005540483398362994,0.0003342857526149601,0.0006981434999033809,-0.2923012375831604,-0.018811136484146118,-9.805234909057617
982090365000,0.0005324340309016407,0.0003143258800264448,0.000669405737426132,-0.29955029487609863,0.0005879104137420654,-9.809109687805176
982097385000,0.00017272689728997648,0.0002228711236966774,0.0004681884020101279,-0.3010340929031372,0.005275607109069824,-9.808862686157227
982104322000,0.0002362153318244964,-6.034101534169167e-05,0.0006124932551756501,-0.29961949586868286,-0.0029865503311157227,-9.807376861572266
982118177000,-0.0006702821119688451,-0.00010831141844391823,0.00016427163791377097,-0.2725183665752411,-0.040174633264541626,-9.813020706176758
982125076000,0.00033280355273745954,0.0004640237311832607,0.000542976486030966,-0.2935071885585785,-0.011858716607093811,-9.806910514831543
982132275000,0.00045047132880426943,0.0002593386743683368,0.0006280113593675196,-0.2997558116912842,-0.0021687597036361694,-9.80762767791748
982139037000,0.00018508860375732183,0.0001955770858330652,0.0004613411729224026,-0.3005736470222473,0.004180207848548889,-9.808809280395508
982145978000,-0.0005878570955246687,-0.0007963421521708369,-0.002540941582992673,-0.3280807137489319,0.050541117787361145,-9.78913688659668
982159871000,0.0009568235836923122,0.0010951285948976874,-0.0020172945223748684,-0.29331716895103455,0.07728356122970581,-9.80061149597168
982166919000,-0.0007310050423257053,0.0011915775248780847,0.0003070449165534228,-0.2794637382030487,-0.026006534695625305,-9.820518493652344
982173764000,0.0002818220527842641,0.0013850234681740403,0.0005515287048183382,-0.29677969217300415,-0.00985226035118103,-9.812784194946289
982180762000,0.00034037919249385595,0.000968772335909307,0.0006319065578281879,-0.3013620972633362,-0.0017771422863006592,-9.812103271484375
982194567000,0.0005400079535320401,-1.1992815416306257e-05,0.0008406240376643836,-0.30069735646247864,-0.004450663924217224,-9.811257362365723
982201562000,0.0004406569933053106,-0.00026499349041841924,0.0006856885738670826,-0.30190619826316833,0.003043249249458313,-9.810909271240234
982208468000,-0.0006637561600655317,-0.0011904281564056873,-0.002699041971936822,-0.3307221531867981,0.05887128412723541,-9.79108715057373
982215494000,-0.0008309874101541936,-0.0004924763925373554,0.00012992540723644197,-0.27267175912857056,-0.04285489022731781,-9.81151294708252
982222361000,0.0004218289686832577,0.00025246647419407964,0.0005152070662006736,-0.292873740196228,-0.01338377594947815,-9.80439567565918
982236285000,0.00020332560234237462,7.786796049913391e-05,0.00044896118924953043,-0.301042377948761,0.004223451018333435,-9.808279037475586
982243198000,-0.0005082646966911852,-0.0009253054158762097,-0.0025556478649377823,-0.3284521698951721,0.05022147297859192,-9.788440704345703
982250200000,-0.0006653305608779192,2.877606311812997e-05,0.00015588250244036317,-0.2719864845275879,-0.04088457673788071,-9.81274700164795
982257123000,0.00037650688318535686,0.0005315749440342188,0.0005351844010874629,-0.2941609025001526,-0.012092500925064087,-9.806769371032715
982270986000,0.0001795276184566319,0.00022537846234627068,0.00045378340291790664,-0.3012748658657074,0.004122555255889893,-9.80889892578125
982277909000,0.00023542711278423667,-7.303534948732704e-05,0.0006104020867496729,-0.29983171820640564,-0.0031439661979675293,-9.807716369628906
982284901000,-0.0004656892269849777,-0.0009739862289279699,-0.0025211290922015905,-0.328701913356781,0.05235022306442261,-9.789274215698242
982291866000,-0.0006755604408681393,-0.00011260953033342957,0.00016383601177949458,-0.2726466655731201,-0.04015776515007019,-9.812994003295898
982305693000,0.00038875380414538085,0.00027851000777445734,0.0006376364035531878,-0.2992388606071472,-0.001736566424369812,-9.808788299560547
982312630000,0.00020911384490318596,0.00015112267283257097,0.00044796723523177207,-0.3012857437133789,0.004061251878738403,-9.808146476745605
982319687000,-0.0005503587308339775,-0.0008359095663763583,-0.0025485504884272814,-0.3281921446323395,0.050367072224617004,-9.789152145385742
982326535000,-0.0008545838063582778,8.003250695765018e-05,-4.37134804087691e-05,-0.27353209257125854,-0.0365733727812767,-9.814249038696289
982333572000,0.00044303882168605924,0.0003670270962174982,0.0006927482318133116,-0.2928396761417389,-0.01958455890417099,-9.806360244750977
982347451000,0.0003125121584162116,6.866842159070075e-05,0.0006125283543951809,-0.30016234517097473,-0.002659425139427185,-9.807333946228027
982354348000,0.0003475832345429808,-8.300566696561873e-05,0.0006415049429051578,-0.29976990818977356,-0.000821426510810852,-9.808141708374023
982361255000,-0.0002696792362257838,-0.001065286691300571,-0.002313913544639945,-0.32785508036613464,0.04888951778411865,-9.788739204406738
982368242000,-0.0007433230639435351,-2.0657782442867756e-05,6.413913069991395e-06,-0.2740377187728882,-0.0325072780251503,-9.814020156860352
982375160000,0.0003187734691891819,0.0003567897656466812,0.0004994425107724965,-0.2938796281814575,-0.014188483357429504,-9.80579662322998
982389048000,0.0005947506870143116,-1.6987149138003588e-05,0.0008405527332797647,-0.2993156611919403,-0.0049509406089782715,-9.807060241699219
982396017000,0.00045420046080835164,-6.99095253366977e-05,0.0006918177823536098,-0.30036231875419617,0.0031849145889282227,-9.808526039123535
982402968000,-0.0006607284303754568,-0.0008760005584917963,-0.002692538546398282,-0.32967835664749146,0.05893056094646454,-9.789633750915527
982409972000,-0.0008318359614349902,-0.00017834611935541034,0.00012963642075192183,-0.27235838770866394,-0.042711853981018066,-9.811556816101074
982416860000,0.00034066842636093497,0.0005127822514623404,0.0005278329481370747,-0.29274260997772217,-0.013132378458976746,-9.806293487548828
982430819000,0.0003526242508087307,0.00016786929336376488,0.000654021161608398,-0.3000370264053345,-0.00022108852863311768,-9.808059692382812
982437688000,0.00016006037185434252,5.8835154050029814e-05,0.00045215393765829504,-0.30100017786026,0.004333853721618652,-9.808365821838379
982444586000,-0.0005414474871940911,-0.0009465327020734549,-0.0025536061730235815,-0.3281528949737549,0.05018548667430878,-9.788626670837402
982451601000,-0.0011039823293685913,-0.002414322691038251,0.0034929709509015083,-0.2906239926815033,-0.0947825014591217,-9.784491539001465
982458494000,0.0009424958843737841,0.001098467269912362,-0.002016462152823806,-0.29266583919525146,0.0773332417011261,-9.800003051757812
982472390000,0.00029786897357553244,0.001394330058246851,0.0005489510949701071,-0.29680299758911133,-0.009815230965614319,-9.812572479248047
982479300000,0.0003816602402366698,0.0009697448695078492,0.0006260524969547987,-0.3013780117034912,-0.0018703937530517578,-9.81192684173584
982486355000,0.00033559685107320547,0.0005244797794148326,0.000645171501673758,-0.3018411695957184,-0.00020185112953186035,-9.812076568603516
982493195000,0.0005074020009487867,1.535547198727727e-05,0.0008435111376456916,-0.3009225130081177,-0.004483208060264587,-9.811013221740723
982507085000,-0.0007094858447089791,-0.0004662610590457916,0.0001725367910694331,-0.27512118220329285,-0.03885982930660248,-9.81578540802002
982514108000,0.00041017591138370335,9.683336247690022e-05,0.0005278788157738745,-0.294094979763031,-0.012151628732681274,-9.806684494018555
982521181000,0.0004492031002882868,-5.083871656097472e-05,0.0006279100198298693,-0.2995837926864624,-0.0019790679216384888,-9.808221817016602
982527941000,0.00021051260409876704,-0.00011584469757508487,0.00044741990859620273,-0.30097469687461853,0.004244551062583923,-9.80795955657959
982541854000,-0.0008538546971976757,8.211383828893304e-05,-4.394325878820382e-05,-0.27267664670944214,-0.03656596690416336,-9.811687469482422
982548848000,0.00025246781297028065,0.0005547138280235231,0.0004961402155458927,-0.29320114850997925,-0.015195086598396301,-9.80550765991211
982555824000,0.00045036806841380894,0.00032884065876714885,0.0007070951978676021,-0.2996786832809448,-0.004732400178909302,-9.807782173156738
982562712000,0.0004217401146888733,0.00018858244584407657,0.0006644554086960852,-0.2999888062477112,0.0007588118314743042,-9.808843612670898
982576555000,-0.0005298794712871313,-0.0009631020366214216,-0.002554698148742318,-0.3284626603126526,0.050302281975746155,-9.788856506347656
982583519000,-0.000857472070492804,-0.00010743149323388934,4.5601911551784724e-05,-0.27366384863853455,-0.03804142028093338,-9.812538146972656
982590427000,0.000519509194418788,0.00039954332169145346,0.0007043666555546224,-0.291735976934433,-0.018712610006332397,-9.806100845336914
982597473000,0.0005218626465648413,0.00033536553382873535,0.000669575238134712,-0.29996055364608765,0.0005469918251037598,-9.80912971496582
982604384000,0.00016466107626911253,0.00022161731612868607,0.0004665692977141589,-0.30126953125,0.0052909404039382935,-9.808966636657715
982618248000,-0.0004741867887787521,-0.0009673729073256254,-0.002520476235076785,-0.3286210894584656,0.05241803824901581,-9.78914737701416
982625160000,-0.0006815529777668417,-0.0001101676607504487,0.0001619672548258677,-0.27260303497314453,-0.04013018310070038,-9.812952995300293
982632187000,0.00040859842556528747,0.00040325766894966364,0.0005277877207845449,-0.2940669357776642,-0.012150391936302185,-9.806087493896484
982639044000,0.00039963924791663885,0.00028870670939795673,0.000637288496363908,-0.29913535714149475,-0.0018577277660369873,-9.808696746826172
982645977000,0.00015222413640003651,0.00019812831305898726,0.00045784699614159763,-0.3009171485900879,0.004282757639884949,-9.808561325073242
982659900000,-0.0008752170251682401,7.060781354084611e-05,-3.90930290450342e-05,-0.27330389618873596,-0.0364137664437294,-9.814489364624023
982666861000,0.0002708010724745691,0.0004611395997926593,0.0004950281581841409,-0.29355841875076294,-0.015318885445594788,-9.806785583496094
982673787000,0.00038349299575202167,0.00032236133120022714,0.0006277820211835206,-0.2991628050804138,-0.002835690975189209,-9.808591842651367
982680755000,0.0005390059668570757,4.3131731217727065e-05,0.000849102798383683,-0.2992141544818878,-0.00475214421749115,-9.807784080505371
982687683000,0.00042547163320705295,-5.084776785224676e-05,0.0006935664569027722,-0.30066806077957153,0.0031409859657287598,-9.80859088897705
982701581000,-0.0007948291022330523,-0.0001820275210775435,0.0001266929175471887,-0.2723734676837921,-0.04289880394935608,-9.812015533447266
982708481000,0.000389054068364203,0.00043477758299559355,0.0005212654359638691,-0.2932569980621338,-0.013140693306922913,-9.805957794189453
982715489000,0.000394192902604118,0.00031689414754509926,0.0006360096740536392,-0.2990269660949707,-0.0020184367895126343,-9.808625221252441
982722389000,0.00035140631371177733,0.00013514593592844903,0.0006543229101225734,-0.29997217655181885,-0.00020387768745422363,-9.808039665222168
982736396000,-0.0005778344348073006,-0.0009443405433557928,-0.0025463425554335117,-0.32804322242736816,0.05021865665912628,-9.788599967956543
982743260000,-0.0010902252979576588,-0.0024137799628078938,0.003491598181426525,-0.2907220125198364,-0.09493227303028107,-9.78390884399414
982750227000,0.0009383222786709666,0.0011121737770736217,-0.002016671933233738,-0.29260534048080444,0.07741634547710419,-9.799912452697754
982757115000,-0.000693748181220144,0.0012243697419762611,0.00030451733618974686,-0.2793368399143219,-0.026275023818016052,-9.820387840270996
982771058000,0.0003670069854706526,0.0009870840003713965,0.0006289698649197817,-0.301336407661438,-0.0018585175275802612,-9.81204891204834
982777938000,0.0003633208107203245,0.0005238380981609225,0.0006425355677492917,-0.3020055294036865,-0.00035515427589416504,-9.811930656433105
982784975000,0.00031021126778796315,0.00010515315807424486,0.0006470581283792853,-0.3017880916595459,7.133185863494873e-05,-9.81160831451416
982791912000,-0.0005231398972682655,-0.0009767531882971525,-0.0025071920827031136,-0.3300711214542389,0.053466036915779114,-9.792154312133789
982798875000,-0.0006909497897140682,-0.0004488495469558984,0.0001575392670929432,-0.2748889923095703,-0.04007454216480255,-9.815337181091309
982812667000,0.0004570941673591733,-4.082184750586748e-05,0.0006274165352806449,-0.29952871799468994,-0.0019292086362838745,-9.808465957641602
982819644000,0.00023932350450195372,-0.00011094553337898105,0.00044602001435123384,-0.3010123372077942,0.00414431095123291,-9.808005332946777
982826571000,-0.0005550667992793024,-0.001009125728160143,-0.0025466191582381725,-0.3277653455734253,0.05050098896026611,-9.78831672668457
982833536000,-0.0008897791849449277,5.509902257472277e-05,-3.8767189835198224e-05,-0.2727738916873932,-0.03645044565200806,-9.811577796936035
982840440000,0.00045300828060135245,0.0004756333655677736,0.0006903777248226106,-0.2922061085700989,-0.01972328871488571,-9.804952621459961
982854403000,0.00028037565061822534,0.0001656941167311743,0.0006204817327670753,-0.3000383973121643,-0.0024446994066238403,-9.808049201965332
982861406000,0.00038019742351025343,-4.496221663430333e-05,0.0006350062903948128,-0.30031269788742065,-0.0009608715772628784,-9.807988166809082
982868348000,-0.00022132787853479385,-0.0010522768134251237,-0.0023205133620649576,-0.32809939980506897,0.04880106449127197,-9.788991928100586
982875230000,-0.0007432781276293099,-2.4596403818577528e-05,7.353046385105699e-06,-0.27419573068618774,-0.03235583007335663,-9.814532279968262
982882278000,0.0003375949745532125,0.0003528054221533239,0.0004978096694685519,-0.29401612281799316,-0.014257222414016724,-9.80605411529541
982896083000,0.0005912032211199403,-3.266124986112118e-05,0.0008414079784415662,-0.29941073060035706,-0.004861325025558472,-9.807323455810547
982903081000,0.0004529621219262481,-0.00010245153680443764,0.0006904799374751747,-0.3005833625793457,0.0032051801681518555,-9.808480262756348
982910046000,-0.0006674150354228914,-0.0008998489356599748,-0.0026921085081994534,-0.32971006631851196,0.058932140469551086,-9.78973388671875
982916987000,-0.0008543144795112312,-0.0002293213619850576,0.00013367981591727585,-0.27260950207710266,-0.04268511384725571,-9.810787200927734
982923903000,0.00038664875319227576,0.000524603296071291,0.000524110218975693,-0.2925322651863098,-0.013394847512245178,-9.80598258972168
982937777000,0.0003865235485136509,0.000172772619407624,0.0006487220525741577,-0.30014294385910034,-0.00026081502437591553,-9.808183670043945
982944700000,-0.0006462340243160725,-0.0006765572470612824,-0.002704912330955267,-0.3298383951187134,0.057968899607658386,-9.790189743041992
982951672000,-0.0008022451074793935,-7.915141759440303e-05,0.00012684351531788707,-0.2729610502719879,-0.0429539829492569,-9.813674926757812
982958549000,0.000374699680833146,0.00047375319991260767,0.0005247215158306062,-0.293631911277771,-0.013151973485946655,-9.807469367980957
982972528000,0.00013251107884570956,0.00020920549286529422,0.00046121201012283564,-0.30096930265426636,0.004363507032394409,-9.808854103088379
982979386000,0.0002963460283353925,-0.00012188934488222003,0.000599676975980401,-0.2999612092971802,-0.003462180495262146,-9.806885719299316
982986385000,-0.00043000304140150547,-0.000999002018943429,-0.0025239880196750164,-0.32833564281463623,0.052370622754096985,-9.789149284362793
982993287000,-0.0006724221166223288,-0.00012833683285862207,0.00016609806334599853,-0.27236509323120117,-0.040050484240055084,-9.812928199768066
983007168000,0.0004471853608265519,0.0002675609721336514,0.0006293450715020299,-0.29968714714050293,-0.0021289587020874023,-9.807734489440918
983014121000,0.00017486630531493574,0.00020469185255933553,0.00045657099690288305,-0.30060070753097534,0.004321306943893433,-9.808762550354004
983021151000,0.00023897874052636325,-6.0102334828116e-05,0.0006119876634329557,-0.29935741424560547,-0.0031672418117523193,-9.807395935058594
983027999000,-0.000454972090665251,-0.0009507319191470742,-0.0025212171021848917,-0.32840049266815186,0.052340105175971985,-9.788901329040527
983035037000,-0.0008984976448118687,-0.0024911186192184687,0.0036986989434808493,-0.28984585404396057,-0.098398357629776,-9.78402042388916
983048969000,-0.000768178841099143,0.0013157196808606386,0.00015571813855785877,-0.28103023767471313,-0.017684072256088257,-9.821486473083496
983055794000,0.00025211297906935215,0.0013242779532447457,0.0005132837686687708,-0.2970152795314789,-0.011866077780723572,-9.811543464660645
983062730000,0.00039638474117964506,0.0009357722010463476,0.000616408244241029,-0.30094650387763977,-0.002634957432746887,-9.812017440795898
983069771000,0.0003423558082431555,0.0005130999488756061,0.0006447159685194492,-0.30163252353668213,-0.0003040134906768799,-9.812220573425293
983083728000,-0.00031062064226716757,-0.0010767499916255474,-0.0023119118995964527,-0.32922104001045227,0.049042269587516785,-9.791535377502441
983090625000,-0.0007433627615682781,-0.00024579407181590796,-6.120067155279685e-07,-0.2756116986274719,-0.03260096162557602,-9.817537307739258
983097608000,0.00027318732463754714,5.4282951168715954e-05,0.0005025374703109264,-0.29450535774230957,-0.014094516634941101,-9.806560516357422
983104479000,0.00039260380435734987,-5.0695380195975304e-05,0.0006261678645387292,-0.2993122935295105,-0.0027423501014709473,-9.807870864868164
983111406000,0.0005714712897315621,-0.00028455472784116864,0.0008427696884609759,-0.29915711283683777,-0.004811897873878479,-9.80681324005127
983125273000,-0.0006848993944004178,-0.0009738888475112617,-0.002690267050638795,-0.329336553812027,0.05895054340362549,-9.788280487060547
983132273000,-0.0008200360462069511,-0.0001260782591998577,0.0001321120944339782,-0.27168986201286316,-0.042928390204906464,-9.809276580810547
983139157000,0.0003899915609508753,0.0006017949199303985,0.0005235780263319612,-0.29275965690612793,-0.013239413499832153,-9.805035591125488
983146157000,0.00044642522698268294,0.0004209301550872624,0.0006280382513068616,-0.29965972900390625,-0.002148941159248352,-9.80835247039795
983153174000,0.0004167775041423738,0.0002095632953569293,0.0006421448779292405,-0.3003142476081848,-0.00021316111087799072,-9.808335304260254
983167144000,-0.0008075659279711545,-6.425724131986499e-05,0.00012592483835760504,-0.2734290361404419,-0.04289610683917999,-9.81387996673584
983173929000,0.0003837921831291169,0.0004694077360909432,0.0005244369385764003,-0.2938336133956909,-0.013247281312942505,-9.807706832885742
983180803000,0.0003882820310536772,0.00030223073554225266,0.0006370951305143535,-0.29950016736984253,-0.0019821971654891968,-9.80900764465332
983187846000,0.00014059727254789323,0.00018876515969168395,0.00045908972970210016,-0.30111876130104065,0.004262164235115051,-9.808900833129883
983201760000,-0.0004456923343241215,-0.001013137400150299,-0.002522229216992855,-0.3283698558807373,0.05239973962306976,-9.789244651794434
983208589000,-0.0006604850641451776,-0.00011403171811252832,0.0001639882248127833,-0.2723246216773987,-0.04014986753463745,-9.812891006469727
983215573000,0.0004152529581915587,0.0003974175197072327,0.0005300749908201396,-0.2940702736377716,-0.01207171380519867,-9.805912017822266
983222525000,0.00039499561535194516,0.0002942462160717696,0.0006390706403180957,-0.29903876781463623,-0.0017824172973632812,-9.808741569519043
983229456000,0.000131632958073169,0.00020950402540620416,0.0004599622334353626,-0.3008640706539154,0.004369720816612244,-9.808587074279785
983243307000,-0.0004276459803804755,-0.0009764735586941242,-0.0025239514652639627,-0.3283015787601471,0.05237337946891785,-9.789051055908203
983250330000,-0.0006773314671590924,-0.0001189851900562644,0.0001665239396970719,-0.2724408507347107,-0.040017612278461456,-9.812698364257812
983257228000,0.00035450549330562353,0.00048817272181622684,0.0005413321196101606,-0.29334670305252075,-0.011961400508880615,-9.806808471679688
983264161000,0.0003756452351808548,0.0003369158657733351,0.0006421171128749847,-0.2993319630622864,-0.0018875598907470703,-9.808405876159668
983271198000,0.00018014447414316237,0.0001812708069337532,0.0005434547201730311,-0.3010646104812622,0.0026290416717529297,-9.807982444763184
983285049000,-0.0009092306718230247,-0.002402966609224677,0.003690720535814762,-0.29042720794677734,-0.09884853661060333,-9.78518009185791
983291934000,0.0010539139620959759,0.0010879553155973554,-0.0019788306672126055,-0.293986439704895,0.08052992820739746,-9.801182746887207
983298922000,-0.0007171082543209195,0.0011769190896302462,0.0003176252939738333,-0.2796618640422821,-0.024991683661937714,-9.820669174194336
983305883000,0.0003541824407875538,0.001316092093475163,0.0005408665165305138,-0.29731810092926025,-0.00985032320022583,-9.812176704406738
983319793000,0.000528434757143259,0.0004065434914082289,0.0008427515276707709,-0.30104607343673706,-0.004574388265609741,-9.811596870422363
983326653000,0.000412055233027786,8.63616878632456e-05,0.0006902077002450824,-0.3023400902748108,0.0031033605337142944,-9.812003135681152
983333694000,0.00018077554705087095,-0.000228447635890916,0.00045126950135454535,-0.3028584122657776,0.005104154348373413,-9.81028938293457
983340590000,-0.0005361143266782165,-0.0013094742316752672,-0.0025270290207117796,-0.3288014531135559,0.049833282828330994,-9.790107727050781
983347516000,-0.0008154668612405658,-0.0003363675787113607,4.464233643375337e-05,-0.2733384966850281,-0.037872835993766785,-9.812662124633789
983361429000,0.0005079765687696636,0.00015297633945010602,0.0006672902381978929,-0.2997336685657501,0.000699654221534729,-9.808324813842773
983368462000,0.00017165843746624887,6.921317981323227e-05,0.00046438290155492723,-0.30122146010398865,0.005164489150047302,-9.808426856994629
983375374000,-0.0005474810604937375,-0.0009328321320936084,-0.0025503989309072495,-0.3285260796546936,0.050426289439201355,-9.788376808166504
983382304000,-0.000872066302690655,4.4193235225975513e-05,-3.991674748249352e-05,-0.27324962615966797,-0.03655487298965454,-9.812163352966309
983396151000,0.0004447495157364756,0.0003651855804491788,0.0006194926099851727,-0.2995719909667969,-0.0029984116554260254,-9.808589935302734
983403190000,0.0005868141306564212,7.296015974134207e-05,0.000842814682982862,-0.2994464635848999,-0.004708677530288696,-9.808131217956543
983410023000,0.00048272553249262273,-5.063979187980294e-05,0.0006868774653412402,-0.3010154366493225,0.0030904263257980347,-9.808799743652344
983417020000,-0.000623136293143034,-0.0009000151767395437,-0.002700380515307188,-0.3301548957824707,0.05892004072666168,-9.790011405944824
983423949000,-0.000812376441899687,-0.00018985249334946275,0.00012986645742785186,-0.2724224925041199,-0.042743317782878876,-9.812400817871094
983437946000,0.0004119648365303874,0.00029819010524079204,0.0006352115306071937,-0.2991785407066345,-0.001979723572731018,-9.8089599609375
983444771000,0.00033982962486334145,0.0001174428325612098,0.0006530158570967615,-0.3001191020011902,-3.115832805633545e-05,-9.808306694030762
983451765000,-0.0006655567558482289,-0.0007203179411590099,-0.002700849436223507,-0.32984286546707153,0.057815685868263245,-9.790038108825684
983458650000,-0.0008285747608169913,-0.00011403457028791308,0.00013033949653618038,-0.27302980422973633,-0.04290807247161865,-9.812691688537598
983465636000,0.0003779886174015701,0.0004925320390611887,0.0005238501471467316,-0.29343563318252563,-0.013249963521957397,-9.806953430175781
983479473000,0.00013919132470618933,0.00022846127103548497,0.0004592272453010082,-0.30099764466285706,0.0043866634368896484,-9.808984756469727
983486523000,0.00023764860816299915,-7.392969564534724e-05,0.0006101146573200822,-0.2998010516166687,-0.003294616937637329,-9.807395935058594
983493375000,-0.0004489313578233123,-0.0009733224287629128,-0.0025213833432644606,-0.3286016583442688,0.052267253398895264,-9.78909969329834
983500353000,-0.0006772876949980855,-0.0001214885269291699,0.00016581284580752254,-0.27263617515563965,-0.040027059614658356,-9.813055038452148
983507265000,0.00041479815263301134,0.0003939602756872773,0.0005306405364535749,-0.2940616011619568,-0.01214560866355896,-9.806063652038574
983521287000,0.00013264440349303186,0.0002042591804638505,0.0004607961745932698,-0.3008410334587097,0.0044424086809158325,-9.808653831481934
983528116000,-0.0005268323584459722,-0.0008487139130011201,-0.0025555375032126904,-0.32864779233932495,0.050116196274757385,-9.788346290588379
983535107000,-0.0006638572085648775,-8.383067324757576e-07,0.0001555140916025266,-0.2724170684814453,-0.04098822921514511,-9.814111709594727
983542007000,0.0003841189609374851,0.00044907996198162436,0.0005341173964552581,-0.2942878007888794,-0.0121116042137146,-9.807357788085938
983548980000,0.0003727482398971915,0.0003072881081607193,0.000642953033093363,-0.2992704510688782,-0.0018298327922821045,-9.808767318725586
983562827000,0.0002647711953613907,-9.537834557704628e-05,0.0006098567391745746,-0.29932159185409546,-0.003206029534339905,-9.80762767791748
983569867000,-0.0004655858501791954,-0.0009705233969725668,-0.0025187514256685972,-0.32833272218704224,0.052474141120910645,-9.789144515991211
983576767000,-0.0009048674255609512,-0.0025024437345564365,0.0036993559915572405,-0.2898680865764618,-0.09839363396167755,-9.7839937210083
983583883000,0.001027138321660459,0.0010965868132188916,-0.0019725384190678596,-0.29334914684295654,0.08074876666069031,-9.800305366516113
983590722000,-0.0007057286566123366,0.0011962361168116331,0.0003160393098369241,-0.2796330451965332,-0.025080673396587372,-9.82038402557373
983604634000,0.0004100354271940887,0.0009429295314475894,0.0006262831157073379,-0.3011741042137146,-0.0019183158874511719,-9.812041282653809
983611540000,0.0005288415704853833,0.0004267491167411208,0.0008428119472227991,-0.30093878507614136,-0.004468828439712524,-9.81168270111084
983618540000,0.0004135567869525403,0.00010740230209194124,0.000689901236910373,-0.30231738090515137,0.0031029880046844482,-9.812017440795898
983625490000,0.00012392674398142844,-0.0001707740011624992,0.00046232048771344125,-0.30255866050720215,0.005294382572174072,-9.810869216918945
983639308000,-0.0008572321385145187,-0.00029102357802912593,-4.8151458031497896e-05,-0.2733210623264313,-0.036751896142959595,-9.813124656677246
983646201000,0.00030250847339630127,0.0001778559380909428,0.0005776412435807288,-0.2931690812110901,-0.016942143440246582,-9.804099082946777
983653262000,0.0006373826181516051,7.500697392970324e-05,0.0008374459575861692,-0.2978477478027344,-0.006327018141746521,-9.80735969543457
983660141000,0.0004771654203068465,-3.852968802675605e-06,0.0006914322730153799,-0.30079227685928345,0.0032524466514587402,-9.808396339416504
983667111000,-0.0006365466397255659,-0.000829567143227905,-0.002694483380764723,-0.3300960063934326,0.05894353985786438,-9.789613723754883
983681050000,0.00039556599222123623,0.0005657956353388727,0.0005218075239099562,-0.2931760549545288,-0.013372138142585754,-9.80605411529541
983688003000,0.0004481096693780273,0.0003757498925551772,0.0006282243994064629,-0.29977554082870483,-0.0021587610244750977,-9.808719635009766
983694897000,0.00040888291550800204,0.00016175667406059802,0.000646300264634192,-0.30039745569229126,-0.00022147595882415771,-9.808560371398926
983701894000,0.00020344892982393503,3.0363458790816367e-05,0.0004480440402403474,-0.3013755679130554,0.0043454766273498535,-9.8087797164917
983716371000,-0.0009825607994571328,-4.096486372873187e-05,-6.088113514124416e-05,-0.27401992678642273,-0.0361175537109375,-9.812525749206543
983723119000,0.0004407501546666026,0.0004066684050485492,0.0007083093514665961,-0.291975200176239,-0.02074902504682541,-9.805039405822754
983730103000,0.0003677670902106911,0.00044003146467730403,0.00047159375390037894,-0.3006129860877991,0.0043692439794540405,-9.80958366394043
983737093000,0.00027255399618297815,0.00014399702195078135,0.0006228560814633965,-0.29988640546798706,-0.0021716058254241943,-9.808104515075684
983743999000,-0.00047212548088282347,-0.0007813450647518039,-0.0024887926410883665,-0.3287079632282257,0.05229125916957855,-9.789846420288086
983757825000,0.0003454415709711611,0.0004069285932928324,0.0005402877577580512,-0.29452329874038696,-0.011709153652191162,-9.807684898376465
983764810000,0.00043051724787801504,0.00021826487500220537,0.0006311657489277422,-0.299790620803833,-0.002093985676765442,-9.808220863342285
983771812000,0.00041594213689677417,9.526876965537667e-06,0.0006453401292674243,-0.3003118932247162,-0.0002976357936859131,-9.807854652404785
983778708000,0.00015134582645259798,-3.814428055193275e-05,0.00045622221659868956,-0.30071577429771423,0.0045373886823654175,-9.808699607849121
983792935000,-0.0008431929163634777,2.120225690305233e-05,-1.0069999916595407e-05,-0.27275338768959045,-0.03733275830745697,-9.812031745910645
983800044000,0.0003555006405804306,0.00044537769281305373,0.0004941450315527618,-0.2935977578163147,-0.01475149393081665,-9.805395126342773
983806955000,0.000438412360381335,0.0002678607124835253,0.0007261307328008115,-0.2991640865802765,-0.004421159625053406,-9.808073043823242
983813930000,0.0004457387258298695,0.00015646556857973337,0.0006668539135716856,-0.2996843457221985,0.0008237957954406738,-9.808627128601074
983827823000,-0.0008338925545103848,-0.00013096071779727936,0.000131914290250279,-0.27323922514915466,-0.04279152303934097,-9.812857627868652
983834777000,0.00040859257569536567,0.00048234930727630854,0.0005195803823880851,-0.2933565378189087,-0.013359367847442627,-9.807085990905762
983841759000,0.00044251669896766543,0.0003309198364149779,0.0006316260551102459,-0.29931211471557617,-0.0021391957998275757,-9.808843612670898
983848642000,0.0003616462927311659,0.0001448654365958646,0.0006536355940625072,-0.30001282691955566,-4.3585896492004395e-05,-9.808562278747559
983862489000,-0.0005608400097116828,-0.0009750302415341139,-0.002551117679104209,-0.32817259430885315,0.05029803514480591,-9.788796424865723
983869461000,-0.0008764709928072989,-3.989919787272811e-05,-4.050097777508199e-05,-0.2732389569282532,-0.03660506010055542,-9.813182830810547
983876325000,0.00032707929494790733,0.0004002442874480039,0.0004858635657001287,-0.29326897859573364,-0.015522629022598267,-9.805597305297852
983883329000,0.0004208793689031154,0.0003044473414774984,0.0006262668175622821,-0.29871219396591187,-0.0029363036155700684,-9.808640480041504
983890261000,0.000356503325747326,0.00013318088895175606,0.0006536705186590552,-0.29983991384506226,-0.00022573769092559814,-9.808188438415527
983904183000,-0.0005475656362250447,-0.0009552966221235693,-0.0025512638967484236,-0.32808852195739746,0.05009840428829193,-9.78846263885498
983911099000,-0.0011141228023916483,-0.0023873860482126474,0.003493428695946932,-0.29043710231781006,-0.09472832083702087,-9.784344673156738
983918073000,0.0009492362150922418,0.0011097349924966693,-0.0020160158164799213,-0.2927559018135071,0.0772358775138855,-9.799769401550293
983924959000,-0.0007118736393749714,0.0012185807572677732,0.0003064001211896539,-0.2793455421924591,-0.026128731667995453,-9.820378303527832
983938827000,0.00036710448330268264,0.0009824945591390133,0.0006283621187321842,-0.3012763261795044,-0.0017800778150558472,-9.812085151672363
983945734000,0.0003342039999552071,0.0005303204525262117,0.0006451618392020464,-0.30189865827560425,-0.00023983418941497803,-9.812021255493164
983952741000,0.0005063808639533818,1.982570393010974e-05,0.0008438180084340274,-0.3009290099143982,-0.00449061393737793,-9.811038970947266
983959685000,-0.0003914342960342765,-0.0009839741978794336,-0.0024696271866559982,-0.3307456970214844,0.05654056370258331,-9.792512893676758
983966685000,-0.0006898934952914715,-0.00047865143278613687,0.00017016079800669104,-0.27514123916625977,-0.038927383720874786,-9.815732955932617
983980443000,0.0004320024745538831,-4.5659951865673065e-05,0.000631138973403722,-0.29950693249702454,-0.0018844157457351685,-9.80834674835205
983987540000,0.00022805055778007954,-0.00011470516619738191,0.0004449465486686677,-0.30100899934768677,0.00414295494556427,-9.80787467956543
983994372000,-0.0005818038480356336,-0.0009992416016757488,-0.002544191898778081,-0.3276354670524597,0.05053339898586273,-9.788274765014648
984001332000,-0.0008547777542844415,8.193467510864139e-05,-4.3050411477452144e-05,-0.2726963460445404,-0.0366952121257782,-9.811609268188477
984015187000,0.0006558267632499337,0.0002971527283079922,0.0008341313223354518,-0.2984333038330078,-0.00637778639793396,-9.808232307434082
984022158000,0.0005061212577857077,0.00018438417464494705,0.0006904632318764925,-0.3009300231933594,0.00315895676612854,-9.809014320373535
984029086000,0.0001806479849619791,4.6506247599609196e-05,0.0004624758439604193,-0.30160582065582275,0.005509793758392334,-9.808792114257812
984036051000,-0.0005410928279161453,-0.0009729405282996595,-0.002552738646045327,-0.32852593064308167,0.05044896900653839,-9.788887977600098
984049936000,0.0005401696544140577,0.00031711760675534606,0.0006780148833058774,-0.2924882173538208,-0.019994564354419708,-9.805208206176758
984056900000,0.0003466007183305919,0.00038083302206359804,0.0004666141467168927,-0.3004353940486908,0.004655763506889343,-9.809724807739258
984063803000,0.00033050685306079686,6.91544555593282e-05,0.0006115935393609107,-0.29998767375946045,-0.002531483769416809,-9.807499885559082
984070783000,0.00036756854387931526,-8.025325951166451e-05,0.0006391119095496833,-0.2997679114341736,-0.0008114874362945557,-9.808137893676758
984077724000,-0.0002457610098645091,-0.0010618820087984204,-0.0023153529036790133,-0.3278428912162781,0.048850804567337036,-9.78878402709961
984084693000,-0.000762437004595995,-2.823991235345602e-05,8.70265739649767e-06,-0.27407461404800415,-0.03232235461473465,-9.813921928405762
984098628000,0.0006534647545777261,0.00019832735415548086,0.0008401238592341542,-0.29774579405784607,-0.006062403321266174,-9.808497428894043
984105498000,0.0004338076105341315,0.00013559864601120353,0.0007032500579953194,-0.3004075288772583,0.003449082374572754,-9.808972358703613
984112418000,-0.0007013471913523972,-0.0007117444765754044,-0.002684517065063119,-0.3300319314002991,0.05910108983516693,-9.789981842041016
984119383000,-0.0008413349278271198,-0.0001256581163033843,0.0001337141584372148,-0.2731112837791443,-0.042830124497413635,-9.81245231628418
984133263000,0.0004043840162921697,0.00033930898644030094,0.0006343941204249859,-0.29936128854751587,-0.002113550901412964,-9.808679580688477
984140217000,0.0003663773532025516,0.00014397286577150226,0.0006528452504426241,-0.30007851123809814,-0.00023134052753448486,-9.808330535888672
984147131000,0.0001450720155844465,3.594088775571436e-05,0.00045523804146796465,-0.3010362982749939,0.004428967833518982,-9.808570861816406
984154145000,-0.0005586614133790135,-0.0009727048454806209,-0.0025517737958580256,-0.32824134826660156,0.050218015909194946,-9.788625717163086
984168065000,0.0003456082195043564,0.00040031064418144524,0.0004848498210776597,-0.29328179359436035,-0.015604943037033081,-9.805553436279297
984174915000,0.0004194387001916766,0.00030581734608858824,0.0006261250237002969,-0.2986889183521271,-0.0028359293937683105,-9.80868911743164
984181877000,0.0003421289729885757,0.00014032777107786387,0.0006546775694005191,-0.29977792501449585,-0.00017051398754119873,-9.80826473236084
984188889000,0.0001484196982346475,3.8088124711066484e-05,0.0004554146435111761,-0.30094003677368164,0.004298582673072815,-9.808236122131348
984195766000,-0.0005621761665679514,-0.000950950721744448,-0.002547882031649351,-0.3280186355113983,0.05019634962081909,-9.788586616516113
984209631000,0.0009621547069400549,0.0011113487416878343,-0.0020170847419649363,-0.2926461696624756,0.07717941701412201,-9.79975700378418
984216637000,-0.0007213757489807904,0.001207729452289641,0.0003072910476475954,-0.27938300371170044,-0.026033170521259308,-9.820267677307129
984223548000,0.00028835784178227186,0.0014200159348547459,0.000551144068595022,-0.2966114580631256,-0.00982595980167389,-9.812796592712402
984230475000,0.00038123445119708776,0.0009861360304057598,0.0006273439503274858,-0.30143237113952637,-0.0019073486328125,-9.811901092529297
984237476000,0.00033765961416065693,0.0005380703369155526,0.000645786989480257,-0.3018505275249481,-0.00020635128021240234,-9.812129020690918
984251617000,-0.0003899730509147048,-0.000980814453214407,-0.0024710458237677813,-0.3307355046272278,0.05657462775707245,-9.792573928833008
984258229000,-0.0006945732748135924,-0.0004855673178099096,0.00017025605484377593,-0.27518507838249207,-0.03891754150390625,-9.815754890441895
984265210000,0.0004092965100426227,9.522380423732102e-05,0.0005280125187709928,-0.293981671333313,-0.012102335691452026,-9.806827545166016
984272217000,0.0004500531358644366,-5.06002688780427e-05,0.0006283227121457458,-0.2995515465736389,-0.001993611454963684,-9.808249473571777
984286221000,-0.0005741642089560628,-0.0010012052953243256,-0.0025401064194738865,-0.3274362087249756,0.05019484460353851,-9.78838062286377
984293035000,-0.0008646241039969027,7.13809859007597e-05,-3.54759868059773e-05,-0.2727450430393219,-0.0366571769118309,-9.811422348022461
984300094000,0.0002563839661888778,0.0005642519099637866,0.0004974708426743746,-0.29307669401168823,-0.01514849066734314,-9.805500984191895
984307066000,0.0004368765512481332,0.00034051784314215183,0.0007091286825016141,-0.2996461093425751,-0.004644215106964111,-9.807866096496582
984320846000,0.00020160248095635325,5.1640847232192755e-05,0.00045197291183285415,-0.3013830780982971,0.004685923457145691,-9.808688163757324
984327784000,-0.0005149670178070664,-0.000964288308750838,-0.002554710488766432,-0.3284444212913513,0.05028340220451355,-9.788900375366211
984334797000,-0.0008811547886580229,-4.330527735874057e-05,-3.901673335349187e-05,-0.2734346389770508,-0.03639942407608032,-9.813325881958008
984341660000,0.00045455576037056744,0.0003775248187594116,0.00068988575367257,-0.2921297550201416,-0.019677728414535522,-9.805925369262695
984355569000,0.0003165815433021635,7.326193735934794e-05,0.0006111219990998507,-0.3001518249511719,-0.0025597810745239258,-9.807353973388672
984362528000,0.0003749642928596586,-7.911771535873413e-05,0.0006388043402694166,-0.29977792501449585,-0.0009359866380691528,-9.808135986328125
984369468000,-0.00025839952286332846,-0.001060635200701654,-0.00231448863632977,-0.32784155011177063,0.04894512891769409,-9.788846969604492
984376379000,-0.0007316594128496945,-1.8095539417117834e-05,6.869057870062534e-06,-0.27403950691223145,-0.03252772241830826,-9.814034461975098
984383386000,0.00034117026370950043,0.0003104276838712394,0.0005853474140167236,-0.2940061688423157,-0.015687644481658936,-9.805377006530762
984397191000,0.0004011476703453809,0.000130340427858755,0.00070489093195647,-0.3003769516944885,0.0035606473684310913,-9.808952331542969
984404205000,-0.0006385640008375049,-0.00075749825919047,-0.002696066861972213,-0.3303641080856323,0.058767154812812805,-9.789331436157227
984411080000,-0.0008308115066029131,-0.0001562314573675394,0.00013341526209842414,-0.27291935682296753,-0.04271557927131653,-9.812298774719238
984418079000,0.00040302088018506765,0.0005071425694040954,0.0005217600846663117,-0.2930353581905365,-0.013320401310920715,-9.806890487670898
984424973000,0.00044442786020226777,0.0003493378753773868,0.0006315127247944474,-0.2993420660495758,-0.00214405357837677,-9.808731079101562
984438893000,0.00018204082152806222,3.583623038139194e-05,0.0004503800009842962,-0.3011080026626587,0.004287883639335632,-9.808525085449219
984445813000,-0.0005386004922911525,-0.0009757372899912298,-0.0025537803303450346,-0.328224241733551,0.05026805400848389,-9.788751602172852
984452830000,-0.0008742723148316145,-3.4653174225240946e-05,-3.9597649447387084e-05,-0.27314645051956177,-0.03654711693525314,-9.813456535339355
984459690000,0.000329496426275,0.000398695410694927,0.000485952798044309,-0.29328805208206177,-0.015510961413383484,-9.80569839477539
984473653000,0.0005625147605314851,3.843213198706508e-05,0.0008477436495013535,-0.29902034997940063,-0.004741296172142029,-9.807646751403809
984480557000,0.0004372199182398617,-4.333304241299629e-05,0.0006942212930880487,-0.3004733920097351,0.003174424171447754,-9.808544158935547
984487528000,-0.0006693733157590032,-0.0008673611446283758,-0.0026924796402454376,-0.3297131061553955,0.058919280767440796,-9.789694786071777
984494425000,-0.0010378335136920214,-0.00256776949390769,0.0036638379096984863,-0.2897107005119324,-0.10116805136203766,-9.782952308654785
984501468000,0.0012287154095247388,0.001045701210387051,-0.001787292305380106,-0.2916988730430603,0.07513366639614105,-9.799640655517578
984515251000,0.0002223209012299776,0.001342684612609446,0.0005163532914593816,-0.29731085896492004,-0.011643663048744202,-9.811437606811523
984522234000,0.0003505843342281878,0.0009519674349576235,0.0006223502568900585,-0.30090975761413574,-0.0025889426469802856,-9.81218147277832
984529185000,0.0003411060315556824,0.0004987349966540933,0.0006439369753934443,-0.30184870958328247,-0.0004511028528213501,-9.811982154846191
984536204000,0.0003999050532002002,3.586930688470602e-05,0.0006349710747599602,-0.3021034002304077,-0.00035081803798675537,-9.810891151428223
984550076000,-0.0007448467658832669,-0.00025080167688429356,2.8393360480549745e-06,-0.2754248082637787,-0.03253014385700226,-9.817567825317383
984556951000,0.0004777027643285692,-3.617920447140932e-05,0.000698791176546365,-0.29364416003227234,-0.01851429045200348,-9.80596923828125
984563868000,0.0003029419167432934,4.017711034975946e-05,0.00046902583562768996,-0.30055534839630127,0.004841893911361694,-9.808917999267578
984570846000,0.0002744735684245825,-0.0002126171311829239,0.0006180683267302811,-0.2997061610221863,-0.0025295764207839966,-9.807049751281738
984577745000,-0.0004983824328519404,-0.0009908050997182727,-0.0025092740543186665,-0.3279794454574585,0.052693843841552734,-9.788125991821289
984591704000,0.0003471844829618931,0.0005442580441012979,0.0005409057484939694,-0.29378122091293335,-0.011857375502586365,-9.8059720993042
984598597000,0.0003943514311686158,0.0003700039233081043,0.0006367341848090291,-0.2996950149536133,-0.0019570738077163696,-9.808477401733398
984605569000,0.00035197706893086433,0.00016715565288905054,0.0006528612575493753,-0.3002961277961731,-0.00017151236534118652,-9.808367729187012
984612465000,0.00018792595074046403,3.3455537050031126e-05,0.0004494950408115983,-0.3013879656791687,0.004192158579826355,-9.808417320251465
984626401000,-0.0009788160677999258,-2.9393821023404598e-05,-6.114130519563332e-05,-0.2724708318710327,-0.03838517516851425,-9.812647819519043
984633401000,0.00028237345395609736,0.00046186032705008984,0.0005740346387028694,-0.29278039932250977,-0.0176573246717453,-9.80550479888916
984640578000,0.0006478477735072374,0.000273665355052799,0.0008359503117389977,-0.2982223629951477,-0.006340548396110535,-9.808258056640625
984647427000,0.00048614939441904426,0.00013556043268181384,0.0007114666514098644,-0.300986111164093,0.0029082894325256348,-9.808799743652344
984661302000,-0.000567979586776346,-0.0009745601564645767,-0.0025475884322077036,-0.328411340713501,0.0506284236907959,-9.78879451751709
984668306000,-0.0006974073476158082,-0.0001277565024793148,0.00015689227438997477,-0.27248889207839966,-0.04092780500650406,-9.812695503234863
984675197000,0.00014678033767268062,0.0005437077488750219,0.00034161092480644584,-0.29436540603637695,-0.007690981030464172,-9.807245254516602
984682130000,0.0003545871877577156,0.0002557869302108884,0.0005869499291293323,-0.29917144775390625,-0.005424365401268005,-9.807334899902344
984696122000,-0.0006522339535877109,-0.0007135157356970012,-0.002703865524381399,-0.32967251539230347,0.057699576020240784,-9.789935111999512
984703030000,-0.0008170760702341795,-0.00011086807353422046,0.00013082209625281394,-0.27292153239250183,-0.04295554757118225,-9.812647819519043
984709934000,0.00038227334152907133,0.000506181619130075,0.0005243381601758301,-0.29326778650283813,-0.013206899166107178,-9.807079315185547
984716909000,0.0004150926833972335,0.00034277053782716393,0.0006333797937259078,-0.29939281940460205,-0.0020851939916610718,-9.808706283569336
984730725000,0.00015794034698046744,3.4038668673019856e-05,0.0004545679548755288,-0.30098819732666016,0.004446178674697876,-9.808696746826172
984737750000,-0.0005719639011658728,-0.0009666302357800305,-0.002549374010413885,-0.3281710743904114,0.050318554043769836,-9.788806915283203
984744634000,-0.0008732455899007618,-3.7097022868692875e-05,-4.078666097484529e-05,-0.27327942848205566,-0.03665408492088318,-9.813152313232422
984751679000,0.0003268906439188868,0.00039809857844375074,0.0004859069304075092,-0.2932862937450409,-0.015508025884628296,-9.805612564086914
984758513000,0.0004167602164670825,0.0003003794699907303,0.0006254903855733573,-0.2988015115261078,-0.0028164535760879517,-9.808616638183594
984772497000,0.0004462195502128452,-4.624977009370923e-05,0.0006922728498466313,-0.300629198551178,0.003087550401687622,-9.808329582214355
984779377000,-0.0006478771101683378,-0.000876472913660109,-0.0026955606881529093,-0.32963934540748596,0.058599844574928284,-9.789678573608398
984786370000,-0.0010410125833004713,-0.0025533465668559074,0.0036505956668406725,-0.2895331382751465,-0.10085370391607285,-9.783151626586914
984793305000,0.0012068493524566293,0.0010497462935745716,-0.0017890739254653454,-0.2918115556240082,0.07504165172576904,-9.799654960632324
984807270000,0.0002763614756986499,0.0013333482202142477,0.0005115950480103493,-0.29703617095947266,-0.011973440647125244,-9.811537742614746
984814168000,0.00040246278513222933,0.0009543723426759243,0.0006184405065141618,-0.30084407329559326,-0.002591550350189209,-9.812263488769531
984821207000,0.0003632477018982172,0.0005092347273603082,0.0006421051803044975,-0.3017922639846802,-0.0003142803907394409,-9.812127113342285
984828002000,0.0005245661013759673,4.871981218457222e-06,0.0008432516478933394,-0.3008413314819336,-0.0044678449630737305,-9.811103820800781
984835025000,-0.0004102023667655885,-0.0009807622991502285,-0.0024648960679769516,-0.330557644367218,0.056666672229766846,-9.792731285095215
984848821000,0.0004127116408199072,7.549565634690225e-05,0.0005259989411570132,-0.294248104095459,-0.012067064642906189,-9.806520462036133
984855840000,0.00043385845492593944,-3.5884499084204435e-05,0.0006301106768660247,-0.29929623007774353,-0.0019437521696090698,-9.808423042297363
984862736000,0.00022187975991982967,-0.00011333698057569563,0.00044651824282482266,-0.3010247051715851,0.004147186875343323,-9.807884216308594
984869718000,-0.0005729341064579785,-0.001003409968689084,-0.0025434154085814953,-0.3276410400867462,0.05046233534812927,-9.788212776184082
984883603000,0.0002648293157108128,0.0005461352411657572,0.0004939636564813554,-0.2931952476501465,-0.015233844518661499,-9.805367469787598
984890560000,0.00042711530113592744,0.00037858710857108235,0.0006220868672244251,-0.2995041310787201,-0.003046572208404541,-9.808387756347656
984897435000,0.0005520430859178305,9.684421820566058e-05,0.0008470981265418231,-0.29932674765586853,-0.004636228084564209,-9.808101654052734
984904484000,0.00048633222468197346,-3.854176611639559e-05,0.0006862718728370965,-0.3010771870613098,0.0029517710208892822,-9.808544158935547
984918343000,-0.0008349810959771276,-0.00019533897284418344,0.00013534387107938528,-0.27249324321746826,-0.042598456144332886,-9.812287330627441
984925253000,0.00033194199204444885,0.0004921576473861933,0.0005317353643476963,-0.29291200637817383,-0.013069242238998413,-9.806571006774902
984932164000,0.00036004683352075517,0.0003319034003652632,0.0006394182564690709,-0.29946908354759216,-0.002038508653640747,-9.808610916137695
984939197000,0.0003470072988420725,0.00012894711107946932,0.0006539270398207009,-0.30025941133499146,-0.0003149658441543579,-9.808082580566406
984946073000,0.00013123583630658686,3.0691073334310204e-05,0.0004576809296850115,-0.3010416626930237,0.004375547170639038,-9.808528900146484
984959999000,-0.0008661850588396192,-3.7805293686687946e-06,-4.299630018067546e-05,-0.2731897532939911,-0.03673609346151352,-9.812943458557129
984966953000,0.0003213012241758406,0.0004082312807440758,0.0004858827160205692,-0.29348552227020264,-0.015471681952476501,-9.805471420288086
984973921000,0.0004114934417884797,0.0003086054348386824,0.0006255748448893428,-0.2988944351673126,-0.002822309732437134,-9.808650016784668
984980775000,0.0005427517462521791,5.070652696304023e-05,0.0008485082071274519,-0.29904770851135254,-0.004639744758605957,-9.807809829711914
984994679000,-0.0006916637648828328,-0.0001209522015415132,0.0001785386702977121,-0.2739296555519104,-0.03880499303340912,-9.813826560974121
985001697000,0.0003684057155624032,0.0004419813631102443,0.0005385645781643689,-0.2937585115432739,-0.011872276663780212,-9.807507514953613
985008627000,0.00037135282764211297,0.0002950687485281378,0.0006435274844989181,-0.299306184053421,-0.001849144697189331,-9.808714866638184
985015496000,0.00020984170259907842,0.00014855744666419923,0.00044822716154158115,-0.3013097941875458,0.004053860902786255,-9.808061599731445
985022554000,0.0002632757241372019,-0.00010098167695105076,0.0006101525505073369,-0.29928165674209595,-0.0032112598419189453,-9.807592391967773
985036462000,-0.0009076339192688465,-0.0024989887606352568,0.0037008177023380995,-0.2897799015045166,-0.09832001477479935,-9.784022331237793
985043291000,0.0010482434881851077,0.001055826316587627,-0.0018826309824362397,-0.29340386390686035,0.07912254333496094,-9.79983901977539
985050285000,-0.0006600519991479814,0.0012155638542026281,0.00033304918906651437,-0.2793797254562378,-0.0239906907081604,-9.82079029083252
985057208000,0.0003570220433175564,0.0013311139773577452,0.0005457673687487841,-0.2974863052368164,-0.009370356798171997,-9.811891555786133
985064122000,0.000590901356190443,0.0008544934098608792,0.0008231175015680492,-0.30032557249069214,-0.006098926067352295,-9.811690330505371
985078018000,0.00022111122962087393,0.00012263888493180275,0.0004491095896810293,-0.30336225032806396,0.005096003413200378,-9.811342239379883
985085146000,-0.0005889850435778499,-0.0010167115833610296,-0.002549090888351202,-0.3292945623397827,0.05067691206932068,-9.7918701171875
985091934000,-0.0008838927606120706,-0.00028470950201153755,-4.7178094973787665e-05,-0.2748347520828247,-0.036585889756679535,-9.816250801086426
985098835000,0.0003034556284546852,0.00011610405636020005,0.000487905548652634,-0.29380887746810913,-0.015575408935546875,-9.80622386932373
985112729000,0.0005426417919807136,-0.0002219219459220767,0.0008507760358043015,-0.2987859845161438,-0.004499688744544983,-9.807848930358887
985119767000,0.00041256664553657174,-0.00024641057825647295,0.0006962119950912893,-0.3004753291606903,0.003215298056602478,-9.807662963867188
985126615000,-0.0006753350025974214,-0.0009857469704002142,-0.0026916873175650835,-0.32955291867256165,0.05882975459098816,-9.788378715515137
985133576000,-0.0008293698774650693,-0.00014658650616183877,0.00013326015323400497,-0.2717644274234772,-0.0428614467382431,-9.809395790100098
985140540000,0.00037942436756566167,0.0005996455438435078,0.0005261294427327812,-0.29268789291381836,-0.013254955410957336,-9.805134773254395
985154421000,0.00040498824091628194,0.00020514789503067732,0.0006461160955950618,-0.30037736892700195,-0.00022679567337036133,-9.80831241607666
985161341000,-0.0006968819070607424,-0.0006095846183598042,-0.0026952282059937716,-0.32965075969696045,0.05816476047039032,-9.79098892211914
985168327000,-0.0008059165556915104,-6.747525185346603e-05,0.0001255690585821867,-0.2735074758529663,-0.043047137558460236,-9.813644409179688
985175222000,0.00035135794314555824,0.0004807205405086279,0.0005274899303913116,-0.293765664100647,-0.013107016682624817,-9.807794570922852
985189145000,0.00022375312983058393,0.00014063699927646667,0.0004463829973246902,-0.30157583951950073,0.0040018558502197266,-9.808269500732422
985196212000,0.00027631816919893026,-0.0001214187650475651,0.0006069947266951203,-0.2995343804359436,-0.003188580274581909,-9.807744026184082
985203054000,-0.0004673124640248716,-0.0009972903644666076,-0.0025180811062455177,-0.3284706473350525,0.05248861014842987,-9.789268493652344
985209938000,-0.0006726648425683379,-0.00011832773452624679,0.00016403698828071356,-0.27251699566841125,-0.04013679921627045,-9.812779426574707
985216919000,0.0004201974952593446,0.00039986305637285113,0.0005312024150043726,-0.2940705418586731,-0.012188076972961426,-9.805931091308594
985230774000,0.00023505467106588185,0.00011274689313722774,0.0005349022103473544,-0.3013862371444702,0.0025306642055511475,-9.807538986206055
985237796000,0.00031230461900122464,-8.29588680062443e-05,0.0006231549195945263,-0.29914700984954834,-0.0021012574434280396,-9.80777645111084
985244675000,-0.0004346221685409546,-0.0009621710050851107,-0.002516708103939891,-0.3284962773323059,0.052745744585990906,-9.789045333862305
985251749000,-0.0006795558147132397,-0.00010635046055540442,0.00016814317496027797,-0.27293917536735535,-0.03934940695762634,-9.812708854675293
985258670000,0.00032339696190319955,0.00047832654672674835,0.0005521769635379314,-0.29351043701171875,-0.0119466632604599,-9.80667495727539
985272600000,0.00033699662890285254,0.0001423541543772444,0.0006554130231961608,-0.30014634132385254,-0.00013583898544311523,-9.808001518249512
985279500000,-0.0006840559071861207,-0.000687180261593312,-0.002698037773370743,-0.3296602964401245,0.057900846004486084,-9.79007625579834
985286466000,-0.0008412040770053864,-0.00013596838107332587,0.00013104824756737798,-0.27324870228767395,-0.04290759563446045,-9.812541961669922
985293436000,0.00040723345591686666,0.000488964025862515,0.0005205809720791876,-0.29324179887771606,-0.013422012329101562,-9.806963920593262
985300408000,0.0004230630293022841,0.0003433091042097658,0.0006339442916214466,-0.29924094676971436,-0.002056419849395752,-9.808854103088379
985314214000,0.0002450551255606115,-5.8192628785036504e-05,0.0006106161745265126,-0.2995685935020447,-0.0031267255544662476,-9.807589530944824
985321262000,-0.0004418008029460907,-0.0009584156214259565,-0.0025214883498847485,-0.32848531007766724,0.052282169461250305,-9.789133071899414
985328162000,-0.0009087305516004562,-0.0025068570394068956,0.003700606059283018,-0.289922833442688,-0.09830419719219208,-9.784465789794922
985335124000,0.0012167260283604264,0.0009959246963262558,-0.0017758009489625692,-0.2925359010696411,0.0763484537601471,-9.800013542175293
985348941000,4.178658127784729e-05,0.0013939915224909782,0.0003209504357073456,-0.29796987771987915,-0.0073731690645217896,-9.811919212341309
985355942000,0.00046031863894313574,0.0008290497935377061,0.0007743886671960354,-0.2995826303958893,-0.01013094186782837,-9.81094741821289
985362849000,0.00043067545630037785,0.000512539641931653,0.0006778045208193362,-0.3019661605358124,0.0017136335372924805,-9.812512397766113
985369836000,0.00019653547497000545,0.00012936427083332092,0.00044847538811154664,-0.3032335937023163,0.005007907748222351,-9.811262130737305
985383700000,-0.0008686275687068701,-0.000263007590547204,-4.7297868150053546e-05,-0.2747746407985687,-0.036612287163734436,-9.816152572631836
985390672000,0.00029942140099592507,0.00012450679787434638,0.0004877137253060937,-0.2938908338546753,-0.015463590621948242,-9.806173324584961
985397552000,0.0004730070650111884,-2.056508674286306e-05,0.0006163403741084039,-0.2995559573173523,-0.003120511770248413,-9.807866096496582
985404543000,0.0005380298825912178,-0.0002126851468347013,0.0008503442513756454,-0.2988271117210388,-0.004442185163497925,-9.807819366455078
985418456000,-0.0006772335036657751,-0.00098211201839149,-0.002691450295969844,-0.32951730489730835,0.058864936232566833,-9.788507461547852
985425342000,-0.0008410977316088974,-0.0001523130340501666,0.00013444556680042297,-0.2718201279640198,-0.042822204530239105,-9.809338569641113
985432312000,0.00038845534436404705,0.0005994105595164001,0.000524433795362711,-0.29267171025276184,-0.013325244188308716,-9.805049896240234
985439257000,0.00044821546180173755,0.0004199771210551262,0.0006284549599513412,-0.2996984124183655,-0.0021616220474243164,-9.808367729187012
985446201000,0.0004044696979690343,0.00021396922238636762,0.0006464616162702441,-0.30031609535217285,-0.00019569694995880127,-9.808394432067871
985460088000,-0.0008054638747125864,-6.395840318873525e-05,0.00012627639807760715,-0.27344298362731934,-0.04294773191213608,-9.813844680786133
985467054000,0.0003636157780420035,0.00047589713358320296,0.0005261971382424235,-0.29383420944213867,-0.013143017888069153,-9.807754516601562
985473995000,0.00038785135257057846,0.000307237496599555,0.0006383419968187809,-0.2995550036430359,-0.0020869821310043335,-9.80895709991455
985480917000,0.00022384803742170334,0.00014117364480625838,0.00044828085810877383,-0.30157938599586487,0.00398021936416626,-9.80826473236084
985494787000,-0.0004714670358225703,-0.0009974113199859858,-0.002518547000363469,-0.32849666476249695,0.052533820271492004,-9.789243698120117
985501841000,-0.0006614078301936388,-0.0001142109977081418,0.0001638891117181629,-0.2724918723106384,-0.040231019258499146,-9.812783241271973
985508666000,0.0004128972068428993,0.00039539014687761664,0.0005309387925080955,-0.2941204607486725,-0.012079238891601562,-9.805925369262695
985515643000,0.00039193444536067545,0.0002922186686191708,0.0006401294376701117,-0.2990843653678894,-0.0017814934253692627,-9.808730125427246
985522601000,0.00040115040610544384,8.080771658569574e-05,0.000646405213046819,-0.3003419041633606,-0.00030726194381713867,-9.80762767791748
985536502000,-0.0007347105420194566,-0.0008880128152668476,-0.00274756015278399,-0.32894712686538696,0.05466502904891968,-9.789031982421875
985543424000,-0.0008148044580593705,-0.00013161404058337212,0.0001194983342429623,-0.2718048095703125,-0.043957680463790894,-9.811564445495605
985550369000,0.00035593495704233646,0.0005314463051036,0.0005269680405035615,-0.2928946614265442,-0.013270750641822815,-9.80640697479248
985557358000,0.00039708096301183105,0.00037298526149243116,0.0006365487934090197,-0.2993648946285248,-0.0021413415670394897,-9.80845832824707
985571249000,-0.0006639665807597339,-0.0006715562776662409,-0.00270155374892056,-0.3297088146209717,0.05796080827713013,-9.790261268615723
985578111000,-0.0008016664069145918,-8.487224113196135e-05,0.00012743269326165318,-0.2730218768119812,-0.04301542043685913,-9.813517570495605
985585149000,0.00035528806620277464,0.000482984323753044,0.000528980337549001,-0.2934773564338684,-0.013095811009407043,-9.8075590133667
985592031000,0.00037300141411833465,0.00032320283935405314,0.0006416001706384122,-0.2993505001068115,-0.0020563751459121704,-9.808738708496094
985605947000,0.00028932062559761107,-9.673915337771177e-05,0.0006066748755984008,-0.2993493676185608,-0.003252685070037842,-9.807625770568848
985612851000,-0.00044826389057561755,-0.0009800544939935207,-0.002520666690543294,-0.3283703923225403,0.052493155002593994,-9.789133071899414
985619865000,-0.0009077098220586777,-0.002500419272109866,0.003700569039210677,-0.2897605299949646,-0.09833159297704697,-9.784174919128418
985626785000,0.0010584088740870357,0.0010499890195205808,-0.001885690027847886,-0.2934380769729614,0.07911211252212524,-9.799850463867188
985633776000,-0.0006601429777219892,0.0012153254356235266,0.000333119067363441,-0.2795046865940094,-0.0237816721200943,-9.820741653442383
985647670000,0.000603730499278754,0.0008472864283248782,0.0008226829231716692,-0.3003871440887451,-0.006161138415336609,-9.811561584472656
985654607000,0.00046135217417031527,0.0005169629584997892,0.000687620195094496,-0.30228736996650696,0.0029747039079666138,-9.812746047973633
985661557000,0.00020039940136484802,0.00012477627024054527,0.0004500924260355532,-0.30332398414611816,0.005294591188430786,-9.811407089233398
985668598000,-0.000586059526540339,-0.0010125980479642749,-0.0025489379186183214,-0.32927584648132324,0.050555482506752014,-9.79182243347168
985675399000,-0.0008741954807192087,-0.0002774343593046069,-4.515422915574163e-05,-0.2748170793056488,-0.03665555268526077,-9.816256523132324
985689348000,0.0006119732279330492,-4.5110529754310846e-05,0.0008419056539423764,-0.2978627383708954,-0.006137564778327942,-9.808297157287598
985696240000,0.0005039083771407604,-0.00015124742640182376,0.0006877436535432935,-0.3010542392730713,0.00308835506439209,-9.80790901184082
985703254000,0.00015909837384242564,-0.00019072792201768607,0.000465454621007666,-0.30104178190231323,0.005525931715965271,-9.808009147644043
985710125000,-0.0005874437047168612,-0.0010730379726737738,-0.0025453839916735888,-0.32774484157562256,0.050519704818725586,-9.78724193572998
985717099000,-0.0008871245081536472,-1.953059108927846e-05,-4.0882197936298326e-05,-0.27280664443969727,-0.03659934550523758,-9.810174942016602
985730998000,0.00025193527108058333,0.0005667638615705073,0.0004793092666659504,-0.3003979027271271,0.004866763949394226,-9.810032844543457
985737960000,0.00028938244213350117,0.00021439651027321815,0.000614212010987103,-0.3003721833229065,-0.00267888605594635,-9.80752182006836
985744865000,-0.00044425087980926037,-0.0007417568704113364,-0.002522372640669346,-0.3291035294532776,0.05261938273906708,-9.78969955444336
985751911000,-0.0006819100817665458,-3.941491013392806e-05,0.0001650101476116106,-0.2735738158226013,-0.04003892093896866,-9.814737319946289
985765683000,0.00038234589737839997,0.000280771084362641,0.0006397069082595408,-0.29957103729248047,-0.0018253028392791748,-9.80893611907959
985772672000,0.0004037995240651071,4.06953040510416e-05,0.0006448027561418712,-0.3006085753440857,-0.00035928189754486084,-9.807852745056152
985779571000,0.0001650907943258062,-3.1880277674645185e-05,0.00045500826672650874,-0.3009079694747925,0.0044006407260894775,-9.808755874633789
985786568000,-0.0007375498535111547,-0.0009768862510100007,-0.0026577049866318703,-0.3291584253311157,0.05313877761363983,-9.788636207580566
985793473000,-0.0009431667276658118,-3.0453375075012445e-05,-6.371169729391113e-05,-0.27229249477386475,-0.038648806512355804,-9.812131881713867
985807416000,0.000663957092911005,0.00025936655583791435,0.0008352345903404057,-0.2978445291519165,-0.006322741508483887,-9.808475494384766
985814305000,0.0004957262426614761,0.0001660219277255237,0.0006936465506441891,-0.30070728063583374,0.0032268166542053223,-9.808799743652344
985821344000,0.000187320401892066,4.11445798818022e-05,0.0004616332007572055,-0.30144041776657104,0.005475983023643494,-9.808509826660156
985828229000,-0.0005470954929478467,-0.0009592342539690435,-0.0025509060360491276,-0.3282797932624817,0.05047869682312012,-9.788796424865723
985835244000,-0.0008559643756598234,-3.071938408538699e-05,-4.036262180306949e-05,-0.27332639694213867,-0.03664432466030121,-9.813339233398438
985849021000,0.00033385344431735575,0.0003905438061337918,0.0004710445646196604,-0.30026617646217346,0.004668772220611572,-9.809642791748047
985856024000,0.0003456797858234495,6.188888801261783e-05,0.0006091607501730323,-0.3000450134277344,-0.002581179141998291,-9.807157516479492
985862934000,-0.00043834251118823886,-0.0008151252986863256,-0.002517018001526594,-0.3283637762069702,0.05274064838886261,-9.789734840393066
985869926000,-0.0006772919441573322,-2.5461893528699875e-05,0.00016663527640048414,-0.2728997468948364,-0.03996763378381729,-9.814385414123535
985876813000,0.00037314119981601834,0.0004468716215342283,0.0005385289550758898,-0.2941576838493347,-0.012018978595733643,-9.807475090026855
985890758000,0.0003546730149537325,0.00010045681847259402,0.000658049073535949,-0.2997403144836426,-6.859004497528076e-05,-9.808549880981445
985897642000,0.00014948443276807666,7.162598194554448e-07,0.0004579966189339757,-0.30097073316574097,0.004377007484436035,-9.808344841003418
985904640000,-0.0005788500420749187,-0.0009839178528636694,-0.0025455544237047434,-0.3280404210090637,0.050303682684898376,-9.788580894470215
985911530000,-0.0011010500602424145,-0.0024023998994380236,0.003494428237900138,-0.29042622447013855,-0.09490880370140076,-9.78402328491211
985918554000,0.0009218718623742461,0.001110557815991342,-0.00201259832829237,-0.29265284538269043,0.07743264734745026,-9.7997465133667
985932372000,0.0002036825753748417,0.001415095292031765,0.0005284167709760368,-0.2959320545196533,-0.011698126792907715,-9.812474250793457
985939342000,0.00038832402788102627,0.0009856622200459242,0.0006186263635754585,-0.30136263370513916,-0.00265677273273468,-9.811631202697754
985946262000,0.0003325141151435673,0.0005486184963956475,0.0006457710987888277,-0.3017779588699341,-0.0002754330635070801,-9.812127113342285
985953218000,0.0005031158798374236,3.8182479329407215e-05,0.0008445715648122132,-0.3009663224220276,-0.004484951496124268,-9.811018943786621
985967117000,-0.0006648402195423841,-0.0004025861562695354,0.00016976810002233833,-0.2747758626937866,-0.038976818323135376,-9.816770553588867
985974078000,0.00036915054079145193,7.267779437825084e-05,0.000534288992639631,-0.2945849895477295,-0.011813268065452576,-9.806941986083984
985981015000,0.00041725204209797084,-6.384527659974992e-05,0.0006330431788228452,-0.29955992102622986,-0.002012193202972412,-9.808181762695312
985988035000,0.000201137489057146,-0.00012109366070944816,0.00045199517626315355,-0.3009585738182068,0.00412963330745697,-9.807841300964355
985994882000,-0.0005339261842891574,-0.001051794970408082,-0.002551840152591467,-0.32806485891342163,0.050342023372650146,-9.787444114685059
986008761000,0.00045559159480035305,0.0004895220627076924,0.0006940566818229854,-0.29215097427368164,-0.01971673220396042,-9.80489444732666
986015686000,0.00033965284819714725,0.0004881185886915773,0.00046546198427677155,-0.3010523319244385,0.004490941762924194,-9.809264183044434
986022734000,0.0002928715548478067,0.000177798792719841,0.0006158060277812183,-0.30006954073905945,-0.0024444907903671265,-9.807995796203613
986029735000,0.000396932999137789,-3.434607060626149e-05,0.0006347834714688361,-0.3003152012825012,-0.0010551512241363525,-9.8080472946167
986043596000,-0.000744383258279413,-3.1387899070978165e-06,5.964853698969819e-06,-0.2745550274848938,-0.03260791301727295,-9.81439208984375
986050568000,0.0003269665758125484,0.0003401650465093553,0.0004995962372049689,-0.2942102551460266,-0.014253392815589905,-9.806078910827637
986057437000,0.00037629815051332116,0.00024284869141411036,0.0006323704146780074,-0.2990504801273346,-0.002486512064933777,-9.808740615844727
986064410000,0.0005630805972032249,-3.74407391063869e-05,0.0008446163847111166,-0.2993919253349304,-0.0047848522663116455,-9.80732536315918
986071381000,0.0004198100359644741,-9.292832692153752e-05,0.0006957947043702006,-0.30050015449523926,0.0031994283199310303,-9.808527946472168
986085241000,-0.0008504671859554946,-0.0002134652459062636,0.0001342638861387968,-0.2725619673728943,-0.04276185482740402,-9.810745239257812
986092207000,0.0003864854807034135,0.0005232919938862324,0.0005252842674963176,-0.2926550507545471,-0.013382092118263245,-9.805890083312988
986099062000,0.0004149489395786077,0.0003715025959536433,0.0006347173475660384,-0.29938608407974243,-0.002066999673843384,-9.808497428894043
986106080000,0.0003561215999070555,0.00018319101945962757,0.0006529222591780126,-0.30010780692100525,-0.00011046230792999268,-9.808273315429688
986119964000,-0.0005284560029394925,-0.0009525509085506201,-0.0025541603099554777,-0.3282487988471985,0.05019541084766388,-9.788772583007812
986126853000,-0.0008827477577142417,-4.175538197159767e-05,-3.8944439438637346e-05,-0.2733912765979767,-0.0364590585231781,-9.813326835632324
986133820000,0.00027173489797860384,0.0004673405783250928,0.0004960343358106911,-0.2928330898284912,-0.015383124351501465,-9.806465148925781
986140789000,0.00041593078640289605,0.00027369282906875014,0.0007138160872273147,-0.29924917221069336,-0.004534736275672913,-9.807873725891113
986147789000,0.0003853333182632923,0.00015149361570365727,0.0006679036887362599,-0.2997148931026459,0.0008211135864257812,-9.808561325073242
986161588000,-0.0008322180365212262,-0.0001373969716951251,0.00013164251868147403,-0.27326762676239014,-0.04285711050033569,-9.812545776367188
986168598000,0.00038966472493484616,0.0004989121807739139,0.0005219647428020835,-0.29317331314086914,-0.013283148407936096,-9.807114601135254
986168598000,0.00038966472493484616,0.0004989121807739139,0.0005219647428020835,-0.29317331314086914,-0.013283148407936096,-9.807114601135254
986188392000,0.00035128957824781537,-5.877576768398285e-06,0.0005956187378615141,-0.30022090673446655,0.0002982914447784424,-9.807965278625488
986195277000,-0.00047234894009307027,-0.0009715982596389949,-0.0025229586753994226,-0.3290594220161438,0.05282466113567352,-9.788975715637207
986202370000,-0.0009198836050927639,-0.0025416696444153786,0.0036994582042098045,-0.2900099456310272,-0.09841713309288025,-9.784339904785156
986209128000,0.0010367347858846188,0.0010824049822986126,-0.001973917707800865,-0.2932076156139374,0.08063142001628876,-9.80058479309082
986223051000,0.0003490669187158346,0.0013232426717877388,0.0005426207790151238,-0.29724133014678955,-0.00986221432685852,-9.812031745910645
986230026000,0.00039792520692572,0.0009367854217998683,0.0006280327215790749,-0.3011022210121155,-0.0018064379692077637,-9.812164306640625
986236995000,0.0005052934866398573,0.00042799150105565786,0.0008465115679427981,-0.3008553683757782,-0.0044347792863845825,-9.81174087524414
986243903000,0.00041623134166002274,9.965503704734147e-05,0.0006900327862240374,-0.3023850619792938,0.003010779619216919,-9.811851501464844
986257913000,-0.0005414719926193357,-0.0013001773040741682,-0.0025579093489795923,-0.3289993405342102,0.05038261413574219,-9.789992332458496
986264733000,-0.0008658422157168388,-0.0002922189305536449,-4.294645259506069e-05,-0.27310648560523987,-0.03663342446088791,-9.81318187713623
986271718000,0.0005025060381740332,0.00014175285468809307,0.000686277577187866,-0.2922065854072571,-0.019872747361660004,-9.803937911987305
986278747000,0.0003144193906337023,0.00025154167087748647,0.000470067752758041,-0.3002811372280121,0.00470125675201416,-9.808892250061035
986285712000,0.00027047982439398766,-2.9511662432923913e-05,0.0006174435839056969,-0.29990875720977783,-0.0024147480726242065,-9.807275772094727
986299429000,-0.000684909347910434,-4.8241636250168085e-05,0.00016724481247365475,-0.2726319432258606,-0.04003285616636276,-9.812047004699707
986306430000,0.00039197783917188644,0.0005342039512470365,0.0005333357839845121,-0.29376915097236633,-0.012079134583473206,-9.80650520324707
986313397000,0.0004347232461441308,0.00035601493436843157,0.0006334313657134771,-0.2997123599052429,-0.0020019114017486572,-9.808738708496094
986329013000,0.0002266647934447974,0.00017997897521127015,0.0005382930976338685,-0.30127012729644775,0.002506539225578308,-9.808279991149902
986329877000,-0.0004854503204114735,-0.000784778269007802,-0.0023461473174393177,-0.3255988359451294,0.0459878146648407,-9.791414260864258
986361128000,-0.0006074699922464788,1.2033851817250252e-06,0.00022013018315192312,-0.2780889570713043,-0.03270655870437622,-9.812257766723633
986361630000,0.00043751433258876204,-5.663390038534999e-05,0.000790623773355037,-0.30042749643325806,-0.0003850311040878296,-9.808145523071289
986376132000,-0.0005455571226775646,-0.00016936150495894253,0.00027919543208554387,-0.27817192673683167,-0.03276894986629486,-9.810495376586914
986376132000,-0.0005455571226775646,-0.00016936150495894253,0.00027919543208554387,-0.27817192673683167,-0.03276894986629486,-9.810495376586914
986393583000,0.00035428337287157774,0.00018896936671808362,0.0005334352608770132,-0.2999982237815857,0.0014096051454544067,-9.808701515197754
986402347000,-0.0006843696464784443,-0.0008557086111977696,-0.003276955569162965,-0.3535301089286804,0.09923061728477478,-9.774738311767578
986410895000,0.00039786071283742785,0.00041257799603044987,0.00029760217876173556,-0.29750585556030273,-0.005754619836807251,-9.809765815734863
986417696000,-2.4874258087947965e-05,0.00048210303066298366,4.298697149351938e-06,-0.30090075731277466,0.0073104798793792725,-9.80804443359375
986424611000,8.019929373404011e-05,-9.897669224301353e-05,0.0005152443773113191,-0.30103588104248047,-0.009300470352172852,-9.804635047912598
986431505000,0.00034334539668634534,-0.00016961756045930088,0.0006159314070828259,-0.29873350262641907,-0.0032719820737838745,-9.80752944946289
986445456000,-0.0004605354042723775,-0.0010841868352144957,-0.0025063245557248592,-0.32815051078796387,0.053366661071777344,-9.788121223449707
986452411000,-0.0010794673580676317,-0.002491731196641922,0.0035930799786001444,-0.2903359532356262,-0.09537189453840256,-9.78155517578125
986459343000,0.000995954149402678,0.0011950425105169415,-0.001999733503907919,-0.2918325662612915,0.07857468724250793,-9.798895835876465
986466238000,-0.0007069767452776432,0.0013375573325902224,0.00030899496050551534,-0.2792118787765503,-0.025665074586868286,-9.820565223693848
986480090000,0.00032827211543917656,0.0010854146676138043,0.0006380129489116371,-0.30107739567756653,-0.0016097426414489746,-9.812746047973633
986487177000,0.0005359284696169198,0.0005038803210482001,0.000842214678414166,-0.30138811469078064,-0.004775151610374451,-9.81163501739502
986494017000,0.00043312335037626326,0.00013780899462290108,0.000685801962390542,-0.3026336133480072,0.0030881017446517944,-9.812231063842773
986500936000,0.00015440108836628497,-0.00017105934966821223,0.00045653365668840706,-0.3027471899986267,0.00525897741317749,-9.811140060424805
986507934000,-0.0005441890098154545,-0.0012926083290949464,-0.002555286046117544,-0.32923489809036255,0.05025993287563324,-9.79023551940918
986521820000,0.0004891495918855071,9.305067942477763e-05,0.000687263032887131,-0.2922631502151489,-0.019851967692375183,-9.80408763885498
986528766000,0.0003032723325304687,0.00021344979177229106,0.0004731010412797332,-0.3002278208732605,0.004653990268707275,-9.808733940124512
986535807000,0.000316300371196121,-9.17202269192785e-05,0.0006117242737673223,-0.3001245856285095,-0.002598986029624939,-9.806844711303711
986542662000,-0.0004482092335820198,-0.0009365489240735769,-0.0025194420013576746,-0.3284090459346771,0.05270645022392273,-9.788925170898438
986549556000,-0.0006823031581006944,-4.555843770503998e-05,0.00016743357991799712,-0.272505521774292,-0.040052250027656555,-9.811805725097656
986563464000,0.0004307815688662231,0.00036304679815657437,0.0006330837495625019,-0.2997298538684845,-0.001936107873916626,-9.808731079101562
986570504000,0.0002229221281595528,0.00018617646128404886,0.0005382283125072718,-0.30137187242507935,0.002636536955833435,-9.80843734741211
986577295000,-0.0004977935459464788,-0.000790234305895865,-0.002532866084948182,-0.32831457257270813,0.05140677094459534,-9.789798736572266
986584242000,-0.0006924007320776582,-3.0596216674894094e-05,0.0001623408606974408,-0.27318471670150757,-0.04040658473968506,-9.814424514770508
986591286000,0.0003634680761024356,0.00044549867743626237,0.0005381819210015237,-0.294302374124527,-0.012114197015762329,-9.80768871307373
986605132000,0.0001673775550443679,0.00015736384375486523,0.000459168863017112,-0.3008056879043579,0.004392653703689575,-9.809209823608398
986612050000,0.00029129296308383346,-0.0001584274577908218,0.0006027258932590485,-0.29997020959854126,-0.003319978713989258,-9.807024955749512
986619354000,-0.00045165064511820674,-0.0010139138903468847,-0.0025191036984324455,-0.3283100128173828,0.052433788776397705,-9.789274215698242
986625935000,-0.0006704286206513643,-0.00011928024468943477,0.00016721576685085893,-0.2723844051361084,-0.04012632369995117,-9.812582015991211
986639870000,0.00040727213490754366,0.0002974099188577384,0.0006390284397639334,-0.2991436719894409,-0.001798093318939209,-9.808679580688477
986646763000,0.00013269386545289308,0.0002167165366699919,0.00046338248648680747,-0.3008418083190918,0.004380464553833008,-9.80870246887207
986653955000,0.00029065372655168176,-0.00010758472490124404,0.0006002220907248557,-0.29997992515563965,-0.003406539559364319,-9.80669116973877
986660663000,-0.0004242728464305401,-0.0009714057086966932,-0.002523969393223524,-0.32827478647232056,0.052312448620796204,-9.789153099060059
986667563000,-0.0006748388987034559,-0.00013495789607986808,0.00016727011825423688,-0.2726057171821594,-0.040024809539318085,-9.81263542175293
986681448000,0.0003722613910213113,0.0003323843120597303,0.000643583363853395,-0.2992788851261139,-0.0017857104539871216,-9.808547973632812
986688473000,0.000135966605739668,0.00023233429237734526,0.00046004640171304345,-0.30093449354171753,0.004288569092750549,-9.808562278747559
986695394000,-0.0005987393669784069,-0.0007846646476536989,-0.0025432740803807974,-0.32829785346984863,0.050336986780166626,-9.789006233215332
986702344000,-0.0008914859499782324,-0.002396281808614731,0.003686304436996579,-0.29029396176338196,-0.09941308945417404,-9.785107612609863
986716176000,-0.00070936483098194,0.0011764459777623415,0.0003181049833074212,-0.2796928286552429,-0.025043711066246033,-9.82071304321289
986723204000,0.0003366719465702772,0.0013150718295946717,0.0005468287854455411,-0.2973218560218811,-0.009794548153877258,-9.812253952026367
986730085000,0.00038428959669545293,0.0009222364751622081,0.0006304465350694954,-0.30119866132736206,-0.0017694085836410522,-9.81225299835205
986737037000,0.00035708898212760687,0.0004365136846899986,0.0007352145621553063,-0.30198365449905396,-0.0017502456903457642,-9.81158447265625
986750889000,0.0001901081413961947,-0.00022296015231404454,0.0004426371888257563,-0.30280405282974243,0.0043855756521224976,-9.81009578704834
986757884000,-0.0005517622921615839,-0.0012893930543214083,-0.0025547542609274387,-0.32887864112854004,0.0502731055021286,-9.790088653564453
986764777000,-0.0008594649843871593,-0.0002798789646476507,-4.423759673954919e-05,-0.27317512035369873,-0.03665344417095184,-9.813089370727539
986771818000,0.0004998265067115426,0.00013418245362117887,0.0006847167969681323,-0.29239749908447266,-0.019817985594272614,-9.803808212280273
986778756000,0.00031823792960494757,0.0002517223183531314,0.0004685776657424867,-0.30029553174972534,0.004661574959754944,-9.808876037597656
986792590000,-0.00044527393765747547,-0.0009200379136018455,-0.002521236427128315,-0.3288542628288269,0.052542224526405334,-9.788820266723633
986799498000,-0.0006697608041577041,-3.3216201700270176e-05,0.00016660772962495685,-0.2725887894630432,-0.04012371599674225,-9.812294006347656
986806528000,0.0003922234755009413,0.0005162039306014776,0.0005321500939317048,-0.29403233528137207,-0.011986076831817627,-9.806487083435059
986813400000,0.00043874705443158746,0.00034206954296678305,0.0006324730929918587,-0.2997448742389679,-0.002028167247772217,-9.808714866638184
986820428000,0.00035912389284931123,0.0001492197043262422,0.0006533006089739501,-0.3002731204032898,-3.568828105926514e-05,-9.808677673339844
986834297000,-0.0005534199881367385,-0.0009814715012907982,-0.0025498459581285715,-0.3283838927745819,0.05021122097969055,-9.788935661315918
986841217000,-0.0008705108193680644,-3.9609731175005436e-05,-3.958620800403878e-05,-0.27343177795410156,-0.03659411519765854,-9.813069343566895
986848139000,0.00033077868283726275,0.000400190067011863,0.000486951059428975,-0.29348820447921753,-0.01551605761051178,-9.805561065673828
986855111000,0.00040254872874356806,0.0002970411442220211,0.0006275061750784516,-0.2990548610687256,-0.0027321428060531616,-9.808784484863281
986862017000,0.0005208266666159034,4.2296480387449265e-05,0.0008515757508575916,-0.29915642738342285,-0.0045856088399887085,-9.807916641235352
986875967000,-0.0006918484577909112,-0.00010468426626175642,0.0001786992361303419,-0.2738739848136902,-0.03888788819313049,-9.81383228302002
986882847000,0.00037767880712635815,0.0004343575856182724,0.0005386809934861958,-0.2940221428871155,-0.011938229203224182,-9.807332038879395
986889832000,0.0003628666454460472,0.00028880941681563854,0.0006445623585022986,-0.299427330493927,-0.0017646551132202148,-9.8087797164917
986896826000,0.00021937806741334498,0.00013795292761642486,0.00044824666110798717,-0.3014780282974243,0.003964617848396301,-9.80802059173584
986910615000,-0.0004585884162224829,-0.0009843523148447275,-0.0025185500271618366,-0.32851463556289673,0.052361518144607544,-9.788978576660156
986917562000,-0.0006695347838103771,-0.0001034247106872499,0.00016482995124533772,-0.2724667191505432,-0.04012278467416763,-9.812827110290527
986924545000,0.0004082722298335284,0.000408262392738834,0.0005322403158061206,-0.2940748929977417,-0.012106046080589294,-9.806002616882324
986931484000,0.000397561612771824,0.00029907491989433765,0.0006401265854947269,-0.2991013824939728,-0.001818627119064331,-9.808633804321289
986938447000,0.00014644788461737335,0.00020962889539077878,0.00046103261411190033,-0.30091097950935364,0.004301145672798157,-9.808515548706055
986952403000,-0.00048075144877657294,-0.0009410877246409655,-0.0025173737667500973,-0.32845738530158997,0.05232338607311249,-9.788949012756348
986959295000,-0.0006753584602847695,-0.0001135596539825201,0.00016540517390239984,-0.272713840007782,-0.04020816087722778,-9.812601089477539
986966213000,0.00036892027128487825,0.0004652894858736545,0.0005403326358646154,-0.29353833198547363,-0.012034252285957336,-9.806707382202148
986973159000,0.00034876857534982264,0.00033320958027616143,0.0006463647587224841,-0.2992054224014282,-0.001736178994178772,-9.80854606628418
986987086000,-0.0005476240185089409,-0.0008053883211687207,-0.002549119759351015,-0.32812124490737915,0.05033794045448303,-9.78908920288086
986994010000,-0.0009006352629512548,-0.002398013137280941,0.0036893426440656185,-0.29011017084121704,-0.09921278804540634,-9.785273551940918
987000959000,0.0010656995000317693,0.0010915937600657344,-0.001976654166355729,-0.29397356510162354,0.08045965433120728,-9.801224708557129
987007895000,-0.0007282320293597877,0.001177929574623704,0.0003200366045348346,-0.2796984314918518,-0.024863168597221375,-9.820656776428223
987014814000,0.0003577396273612976,0.0013168681180104613,0.0005419388762675226,-0.2973422408103943,-0.009912163019180298,-9.812129974365234
987028716000,0.0003308375598862767,0.0005021864781156182,0.0006497611757367849,-0.3017812967300415,-0.00014506280422210693,-9.812213897705078
987035702000,0.0003959252208005637,3.330304753035307e-05,0.0006367916357703507,-0.3022814095020294,-0.0003197789192199707,-9.810768127441406
987042609000,0.0003445891197770834,-0.0002793979656416923,0.0006462393212132156,-0.30110886693000793,-2.2277235984802246e-05,-9.810623168945312
987049565000,-0.00044930283911526203,-0.0012872666120529175,-0.0025164769031107426,-0.32969045639038086,0.05337761342525482,-9.790359497070312
987063410000,0.0003998232423327863,0.000215384759940207,0.0005339583149179816,-0.2937144339084625,-0.012142717838287354,-9.804905891418457
987070424000,0.0003648128476925194,0.00013855220458935946,0.0006423601298592985,-0.299119234085083,-0.0016925632953643799,-9.808174133300781
987077326000,0.0003484638291411102,-3.0967232305556536e-05,0.0006533083505928516,-0.3002180755138397,-0.00024028122425079346,-9.80760669708252
987084238000,-0.0006555828149430454,-0.0008401240920647979,-0.00270359730347991,-0.3298262059688568,0.05785244703292847,-9.789335250854492
987098131000,0.00036344886757433414,0.0005859295488335192,0.000527343712747097,-0.29319822788238525,-0.013128280639648438,-9.806205749511719
987105135000,0.0004317734274081886,0.0003942797193303704,0.0006314332713373005,-0.29981839656829834,-0.002211138606071472,-9.808634757995605
987112028000,0.00021190351981204003,0.00024935253895819187,0.0004496412875596434,-0.30143624544143677,0.004164710640907288,-9.80879020690918
987119071000,0.00027725211111828685,-4.905668902210891e-05,0.0006049543735571206,-0.29984283447265625,-0.0031723827123641968,-9.807854652404785
987125955000,-0.0004934245953336358,-0.0009158231550827622,-0.0025051443371921778,-0.32835888862609863,0.05240626633167267,-9.790018081665039
987139838000,0.0004113776667509228,0.0003874644171446562,0.0005293402937240899,-0.2942160367965698,-0.012188762426376343,-9.806262016296387
987146747000,0.00038801252958364785,0.00027076181140728295,0.0006401981809176505,-0.2992410957813263,-0.0017979592084884644,-9.808854103088379
987153755000,0.00021366328292060643,0.00014415114128496498,0.00045061580021865666,-0.30130720138549805,0.004029273986816406,-9.808180809020996
987160654000,-0.0005813666502945125,-0.0008371737785637379,-0.0025433108676224947,-0.328172504901886,0.05052870512008667,-9.789243698120117
987167582000,-0.00067570386454463,-8.935946971178055e-05,0.00015602612984366715,-0.2732032239437103,-0.041046567261219025,-9.812684059143066
987181478000,0.00039024633588269353,0.0003306620928924531,0.0006395074888132513,-0.2994611859321594,-0.0018398314714431763,-9.808808326721191
987188459000,0.0001709966454654932,0.00021416821982711554,0.00045688331010751426,-0.30116236209869385,0.00417664647102356,-9.80870532989502
987195437000,0.0002276431187056005,-7.202681445050985e-05,0.0006132185226306319,-0.2996833920478821,-0.0031419992446899414,-9.807557106018066
987202421000,-0.00046084215864539146,-0.0009702264796942472,-0.002519530477002263,-0.3286164700984955,0.05229727923870087,-9.789061546325684
987216193000,0.0004208610043860972,0.00039175618439912796,0.0005290591507218778,-0.29416000843048096,-0.01214367151260376,-9.806055068969727
987223239000,0.0004017822502646595,0.00028721473063342273,0.0006403838051483035,-0.2990604639053345,-0.0018265396356582642,-9.80874252319336
987230162000,0.00021923358144704252,0.00014987349277362227,0.0004481893847696483,-0.3012979030609131,0.004121512174606323,-9.807933807373047
987237354000,0.000263011985225603,-8.327775867655873e-05,0.0006094435811974108,-0.299222469329834,-0.0031457096338272095,-9.807596206665039
987250963000,-0.0006972277769818902,-0.00010152690811082721,0.00016852532280609012,-0.27243420481681824,-0.03996006399393082,-9.81286334991455
987257919000,0.0003543653292581439,0.0004728534840978682,0.0005407734424807131,-0.2935620844364166,-0.012031704187393188,-9.806584358215332
987264823000,0.00038157231756486,0.0003279169031884521,0.0006433319067582488,-0.2992894649505615,-0.0019503533840179443,-9.808382034301758
987271802000,0.00013456451415549964,0.00023638663697056472,0.0004627784073818475,-0.30084168910980225,0.0043016523122787476,-9.808599472045898
987285710000,-0.001082245958968997,-0.002302727196365595,0.00348866730928421,-0.29107099771499634,-0.09496418386697769,-9.78555965423584
987292661000,0.000937974895350635,0.0010926176328212023,-0.0020144712179899216,-0.29339760541915894,0.0773792564868927,-9.800773620605469
987299524000,-0.0007034208974801004,0.0011994563974440098,0.00030674098525196314,-0.2794172763824463,-0.02612893283367157,-9.820610046386719
987306538000,0.00035810843110084534,0.00131800037343055,0.0005405745469033718,-0.2973908483982086,-0.009964212775230408,-9.812039375305176
987313516000,0.0004125557607039809,0.000929041940253228,0.0006281003588810563,-0.30114537477493286,-0.001873016357421875,-9.81225299835205
987327318000,0.00039724670932628214,3.6641169572249055e-05,0.0006366599118337035,-0.30225735902786255,-0.0003439486026763916,-9.810786247253418
987334271000,0.00034516173764131963,-0.0002765965764410794,0.0006461156299337745,-0.30111294984817505,-1.7940998077392578e-05,-9.810626029968262
987341337000,-0.00044790911488234997,-0.0012845833553001285,-0.002516655484214425,-0.329690545797348,0.05337482690811157,-9.790366172790527
987348202000,-0.0006751485634595156,-0.0003981218906119466,0.00016323538147844374,-0.27268946170806885,-0.039977893233299255,-9.812979698181152
987355205000,0.000400931341573596,0.0002156232512788847,0.0005338704213500023,-0.2937154173851013,-0.012152835726737976,-9.804915428161621
987369018000,0.000345454434864223,-3.317382652312517e-05,0.0006526119541376829,-0.3002502918243408,-0.00019125640392303467,-9.807575225830078
987375979000,-0.0006544158095493913,-0.000839944405015558,-0.0027039311826229095,-0.3298044204711914,0.05782392621040344,-9.789342880249023
987382891000,-0.0008085782174021006,-7.362000178545713e-05,0.00012971900287084281,-0.2721884846687317,-0.04300185292959213,-9.811023712158203
987389859000,0.00036467541940510273,0.0005859893281012774,0.0005273454007692635,-0.2932056784629822,-0.013127297163009644,-9.806206703186035
987403777000,0.0002130908251274377,0.0002504257718101144,0.0004493553133215755,-0.30141282081604004,0.004131510853767395,-9.808798789978027
987410650000,0.0002826480194926262,-4.6074448619037867e-05,0.0006056914571672678,-0.29982611536979675,-0.003216773271560669,-9.807883262634277
987417584000,-0.0005134873208589852,-0.0009135062573477626,-0.0025105939712375402,-0.3284139037132263,0.052645280957221985,-9.790008544921875
987424572000,-0.0006810482009314001,-0.00011451984755694866,0.0001648442994337529,-0.27312296628952026,-0.040246956050395966,-9.81306266784668
987431532000,0.00042679268517531455,0.0003823440638370812,0.00052804802544415,-0.2942848801612854,-0.012210175395011902,-9.806234359741211
987445369000,0.00021133005793672055,0.0001411100965924561,0.0004499565693549812,-0.3013420104980469,0.004081115126609802,-9.808156967163086
987452343000,-0.0005939435795880854,-0.0008324095979332924,-0.002541952533647418,-0.328105628490448,0.05055543780326843,-9.789325714111328
987459327000,-0.00068947474937886,-8.37612897157669e-05,0.00015623020590282977,-0.2732110917568207,-0.04102043807506561,-9.81266975402832
987466209000,0.00020155939273536205,0.0005725757218897343,0.0003382920112926513,-0.294585645198822,-0.007914870977401733,-9.807768821716309
987480096000,0.0003539587196428329,0.00013675671652890742,0.0006432072841562331,-0.2999713122844696,-0.0011477023363113403,-9.808222770690918
987487099000,0.0001740104635246098,2.6177571271546185e-05,0.00045181368477642536,-0.3011363744735718,0.004091903567314148,-9.808455467224121
987494021000,-0.0005735912709496915,-0.0009669899591244757,-0.0025487348902970552,-0.328233003616333,0.050364136695861816,-9.788789749145508
987500927000,-0.0006876702536828816,-9.603967191651464e-05,0.0001567443978274241,-0.272379994392395,-0.04103217273950577,-9.812785148620605
987507907000,0.00036385818384587765,0.00045086294994689524,0.00053874944569543,-0.29375559091567993,-0.012189194560050964,-9.80667495727539
987521868000,0.0001903706433949992,0.00019176446949131787,0.0004555298655759543,-0.30080950260162354,0.004245296120643616,-9.808683395385742
987528762000,0.00022681611881125718,-6.678194040432572e-05,0.0006156509625725448,-0.29940974712371826,-0.0030867308378219604,-9.807523727416992
987535687000,-0.0004691272624768317,-0.0009578915196470916,-0.0025191481690853834,-0.32852721214294434,0.052374035120010376,-9.788887977600098
987542624000,-0.0006704917177557945,-0.00010402040788903832,0.0001657467510085553,-0.27254000306129456,-0.04020386189222336,-9.81277847290039
987549529000,0.00035451361327432096,0.0004611114563886076,0.0005411877064034343,-0.2936120331287384,-0.01193225383758545,-9.80667495727539
987563479000,0.0001553488546051085,0.00021904973255004734,0.00045969797065481544,-0.30059629678726196,0.004408344626426697,-9.808857917785645
987570452000,-0.0005683470517396927,-0.0008006267598830163,-0.002544667571783066,-0.328326940536499,0.0502898246049881,-9.78884506225586
987577331000,-0.0010786450002342463,-0.0023040969390422106,0.0034912265837192535,-0.29098424315452576,-0.09490390866994858,-9.785619735717773
987584337000,0.0009205690585076809,0.0010983331594616175,-0.0020132039207965136,-0.29335102438926697,0.0775221437215805,-9.800798416137695
987598147000,0.0002892081392928958,0.0013738806592300534,0.000551697623450309,-0.29681238532066345,-0.009748965501785278,-9.81279468536377
987605193000,0.0003501820610836148,0.0009616833995096385,0.0006322754197753966,-0.3013574481010437,-0.001794278621673584,-9.812100410461426
987612090000,0.0003936104476451874,0.00046924702473916113,0.0006372742354869843,-0.3023192286491394,-0.00048269331455230713,-9.811446189880371
987619001000,0.0005263329367153347,-7.229915354400873e-06,0.000844474125187844,-0.3007599115371704,-0.0044018179178237915,-9.811236381530762
987625968000,0.0004323289031162858,-0.00026791743584908545,0.0006862379377707839,-0.30201631784439087,0.0030650049448013306,-9.810792922973633
987639895000,-0.0008454485214315355,-0.000510244513861835,0.00013211590703576803,-0.2728346884250641,-0.04275292903184891,-9.811298370361328
987646771000,0.0004368829249870032,0.00026236678240820765,0.0005159088759683073,-0.2927556037902832,-0.013528034090995789,-9.804364204406738
987653781000,0.00042345820111222565,0.00017243124602828175,0.0006321812397800386,-0.29918819665908813,-0.0019428133964538574,-9.808259010314941
987660663000,0.0004145807179156691,-1.3893324648961425e-05,0.0006428778287954628,-0.3003199100494385,-0.0002773553133010864,-9.807635307312012
987667637000,-0.0006847679615020752,-0.0007768342620693147,-0.0026965546421706676,-0.3294188380241394,0.058115437626838684,-9.790215492248535
987681561000,0.00038267759373411536,0.0005551804788410664,0.0005240376922301948,-0.29349303245544434,-0.013187646865844727,-9.806300163269043
987688460000,0.0004422661440912634,0.0003690113371703774,0.0006303805857896805,-0.2997800409793854,-0.0021971911191940308,-9.808745384216309
987695393000,0.00020146129827480763,0.0002483349817339331,0.00045342411613091826,-0.30125656723976135,0.004206568002700806,-9.809090614318848
987702432000,0.0002807803684845567,-6.783107528463006e-05,0.0006045055924914777,-0.3000043034553528,-0.003187313675880432,-9.807682991027832
987716207000,-0.0006807681056670845,-0.00013985170517116785,0.0001664985466049984,-0.272793710231781,-0.04006751626729965,-9.813082695007324
987723202000,0.0003392810467630625,0.0004510350991040468,0.0005424065166153014,-0.29364657402038574,-0.011912763118743896,-9.806853294372559
987730165000,0.0004523532115854323,0.0002452164189890027,0.0006299889646470547,-0.2999536991119385,-0.002201467752456665,-9.807904243469238
987737089000,0.0001613467320566997,0.0001895489258458838,0.0004608302260749042,-0.30071938037872314,0.004367351531982422,-9.809052467346191
987744020000,0.0002869910968001932,-0.00013142652460373938,0.0006013212259858847,-0.3000372052192688,-0.003282994031906128,-9.806816101074219
987758005000,-0.0006801930139772594,-0.00011380412615835667,0.00016763705934863538,-0.27244508266448975,-0.040026865899562836,-9.81266975402832
987764860000,0.0003567624371498823,0.00047249934868887067,0.00054009078303352,-0.2936091423034668,-0.011953979730606079,-9.806524276733398
987771874000,0.0003696972271427512,0.00033017992973327637,0.0006417072145268321,-0.2993737757205963,-0.0018554478883743286,-9.808501243591309
987778715000,0.00013436203880701214,0.00022929455735720694,0.0004603346169460565,-0.3010266423225403,0.004244402050971985,-9.808551788330078
987785663000,-0.0006034831167198718,-0.0007886040257290006,-0.002543250797316432,-0.32840198278427124,0.050354719161987305,-9.78897762298584
987799546000,0.00017220276640728116,0.0005278614116832614,0.0003417702973820269,-0.29524898529052734,-0.00765635073184967,-9.80809211730957
987806546000,0.0003511786926537752,0.0002409416629234329,0.0005889906315132976,-0.29920530319213867,-0.005289047956466675,-9.80756664276123
987813451000,0.00035025086253881454,9.789296018425375e-05,0.0006454233662225306,-0.29957231879234314,-0.0010529160499572754,-9.808444023132324
987820503000,0.00015116545546334237,2.386252162978053e-06,0.00045409781159833074,-0.30097079277038574,0.004160478711128235,-9.80830192565918
987834329000,-0.0006678818026557565,-8.905871072784066e-05,0.00016131270967889577,-0.2724853754043579,-0.040659740567207336,-9.812381744384766
987841366000,0.0004238342517055571,0.00040731424815021455,0.0005294535076245666,-0.2940914034843445,-0.012195393443107605,-9.80595874786377
987848211000,0.00040593856829218566,0.00030825717840343714,0.000639705453068018,-0.29896730184555054,-0.00181502103805542,-9.808716773986816
987855278000,0.00014121348795015365,0.00022321670257952064,0.0004607493174262345,-0.30082428455352783,0.0043761879205703735,-9.808588027954102
987869072000,-0.0004637337406165898,-0.0009428096236661077,-0.0025196154601871967,-0.328422486782074,0.05229802429676056,-9.788920402526855
987876055000,-0.0006717083160765469,-8.995446842163801e-05,0.00016577196947764605,-0.2724829316139221,-0.04017394781112671,-9.813018798828125
987882959000,0.0003575512964744121,0.000455271452665329,0.0005401431699283421,-0.2936711311340332,-0.01193857192993164,-9.806694984436035
987889947000,0.0004473142616916448,0.0002750733692664653,0.0006311963079497218,-0.2995398938655853,-0.002121061086654663,-9.807866096496582
987896856000,0.0001828556996770203,0.00020481499086599797,0.00045525626046583056,-0.30063027143478394,0.004327446222305298,-9.80868911743164
987910751000,-0.0010846632067114115,-0.0023060066159814596,0.0034911518450826406,-0.2910383939743042,-0.09492246806621552,-9.785468101501465
987917690000,0.0009464567992836237,0.0010880314512178302,-0.00201705121435225,-0.2933688759803772,0.07740314304828644,-9.80059814453125
987924798000,-0.0007190042524598539,0.0011990322964265943,0.00030744008836336434,-0.2793348431587219,-0.02613738179206848,-9.820590019226074
987931597000,0.0002716578310355544,0.0013914572773501277,0.0005547337350435555,-0.29673266410827637,-0.009770557284355164,-9.81281566619873
987945572000,0.0003085851785726845,0.0005215490818955004,0.0006505406927317381,-0.301800936460495,-0.00017875432968139648,-9.812134742736816
987952397000,0.0003852722584269941,4.581577377393842e-05,0.0006364104337990284,-0.3022858202457428,-0.0003676116466522217,-9.810712814331055
987959371000,0.0003649422142188996,-0.0002768266131170094,0.00064344477141276,-0.30114108324050903,-0.00016038119792938232,-9.810519218444824
987966293000,-0.000455529079772532,-0.0012746917782351375,-0.0025152787566184998,-0.32955509424209595,0.053466156125068665,-9.790538787841797
987973264000,-0.0006703573744744062,-0.0003947224759031087,0.00016165275883395225,-0.2726949453353882,-0.040001027286052704,-9.813011169433594
987987347000,0.00038504498661495745,0.00013122899690642953,0.0006399833946488798,-0.29912662506103516,-0.0018383562564849854,-9.8080415725708
987994079000,0.00034849398070946336,-3.633165033534169e-05,0.0006506533827632666,-0.30017611384391785,-0.00012120604515075684,-9.807618141174316
988001029000,-0.0006602286593988538,-0.0008338667685166001,-0.0027030184864997864,-0.3296770453453064,0.05782938003540039,-9.789426803588867
988008005000,-0.0008061614353209734,-7.069832645356655e-05,0.0001283592137042433,-0.2721731960773468,-0.043010056018829346,-9.810976028442383
988014908000,0.00036287365946918726,0.0005827103741466999,0.0005257491720840335,-0.29320740699768066,-0.013100847601890564,-9.80613899230957
988028804000,0.00021958930301479995,0.0002515607629902661,0.00044939276995137334,-0.30134862661361694,0.0042116641998291016,-9.808859825134277
988035739000,0.0002840451488737017,-4.738522693514824e-05,0.0006044089677743614,-0.2998065948486328,-0.003165528178215027,-9.807865142822266
988042726000,-0.000511576363351196,-0.0009138035238720477,-0.0025114109739661217,-0.32835325598716736,0.05263541638851166,-9.790009498596191
988049625000,-0.0006781014963053167,-0.000114220951218158,0.00016433176642749459,-0.273067831993103,-0.04025757312774658,-9.813056945800781
988056597000,0.00041153980419039726,0.0003860339638777077,0.0005282471538521349,-0.2942163944244385,-0.012116670608520508,-9.806270599365234
988070528000,0.00021290329459588975,0.00014218359137885273,0.00044944736873731017,-0.30131229758262634,0.004105851054191589,-9.808144569396973
988077472000,-0.0005915205110795796,-0.0008307992247864604,-0.0025428079534322023,-0.3280579447746277,0.05055585503578186,-9.789323806762695
988084370000,-0.0006785968434996903,-9.18038422241807e-05,0.00015525767230428755,-0.2732161283493042,-0.041067495942115784,-9.81257438659668
988091542000,0.00039102364098653197,0.0004871718701906502,0.0005338607588782907,-0.29364052414894104,-0.012236982583999634,-9.807361602783203
988105232000,0.00017677148571237922,0.0002181638847105205,0.00045656992006115615,-0.3010095953941345,0.0042352378368377686,-9.808859825134277
988112211000,0.0002199921291321516,-6.326819129753858e-05,0.0006144310464151204,-0.29959210753440857,-0.003089234232902527,-9.807653427124023
988119135000,-0.00046773982467129827,-0.0009615262970328331,-0.0025188708677887917,-0.32858115434646606,0.05230464041233063,-9.789093971252441
988126078000,-0.0006689900765195489,-0.00010854931315407157,0.00016554286412429065,-0.2725951075553894,-0.04018230736255646,-9.81308364868164
988133008000,0.00040648027788847685,0.0003902604221366346,0.0005325893289409578,-0.29411137104034424,-0.012083768844604492,-9.806092262268066
988146872000,0.0002432366891298443,0.00014749864931218326,0.0004459451592992991,-0.3012884855270386,0.003945872187614441,-9.807842254638672
988154058000,0.00026360308402217925,-8.649632218293846e-05,0.0006084745400585234,-0.29918113350868225,-0.0030325502157211304,-9.807612419128418
988160870000,-0.00043860357254743576,-0.0009671183652244508,-0.0025213786866515875,-0.328366219997406,0.052331045269966125,-9.78891658782959
988167677000,-0.0006785822915844619,-8.530716877430677e-05,0.00016713322838768363,-0.2722858190536499,-0.040039487183094025,-9.813032150268555
988181569000,0.00036846371949650347,0.00032183207804337144,0.0006432116497308016,-0.2992108464241028,-0.0018609613180160522,-9.808404922485352
988188551000,0.00011023190745618194,0.00023971503833308816,0.0004641544655896723,-0.3007218837738037,0.004341721534729004,-9.808647155761719
988195474000,-0.0005286929081194103,-0.0008289247052744031,-0.002555785933509469,-0.3286741077899933,0.05005839467048645,-9.788235664367676
988202420000,-0.001095909159630537,-0.002329613547772169,0.0034938857425004244,-0.290813684463501,-0.09480684995651245,-9.785541534423828
988209428000,0.0009672634769231081,0.0010965620167553425,-0.002021361840888858,-0.293230801820755,0.07733447849750519,-9.800541877746582
988223281000,0.00033775821793824434,0.0013501193607226014,0.0005472499178722501,-0.29742687940597534,-0.009808778762817383,-9.812220573425293
988230242000,0.000402407837100327,0.0009343427373096347,0.000627918285317719,-0.3013051152229309,-0.0018191635608673096,-9.812165260314941
988237157000,0.0003189931740052998,0.0005035524955019355,0.0006498764851130545,-0.3017585873603821,-3.30507755279541e-05,-9.812323570251465
988244119000,0.0003829105698969215,3.127101808786392e-05,0.0006362572894431651,-0.3022555708885193,-0.00030282139778137207,-9.810805320739746
988257991000,-0.0006413367809727788,-0.0011985856108367443,-0.002711505861952901,-0.3304366171360016,0.057797059416770935,-9.79092788696289
988264916000,-0.0008338653133250773,-0.0005069623584859073,0.0001302063901675865,-0.2726132273674011,-0.04291677474975586,-9.811199188232422
988271955000,0.0004137513169553131,0.0002894782228395343,0.0005180208245292306,-0.2925310730934143,-0.013394758105278015,-9.804537773132324
988278805000,0.0004645965527743101,0.00017000414663925767,0.0006260403897613287,-0.29934221506118774,-0.002175450325012207,-9.807977676391602
988285751000,0.0004081731312908232,4.045257810503244e-06,0.0006446835468523204,-0.30010050535202026,-0.00013396143913269043,-9.807955741882324
988299663000,-0.0008275763830170035,-7.505767280235887e-05,0.00013088760897517204,-0.27259498834609985,-0.04296719282865524,-9.811314582824707
988306637000,0.0003787614405155182,0.0005724047077819705,0.0005242598708719015,-0.29326191544532776,-0.013247713446617126,-9.806413650512695
988313512000,0.0004270715289749205,0.0003771115152630955,0.0006302558467723429,-0.2997820973396301,-0.002127930521965027,-9.808740615844727
988320616000,0.00021921697771176696,0.0002358250494580716,0.0004490800783969462,-0.3013538718223572,0.0040851980447769165,-9.80886173248291
988334375000,-0.0004263155860826373,-0.0009808860486373305,-0.0025259486865252256,-0.3287825882434845,0.052421778440475464,-9.789342880249023
988341388000,-0.0006811290513724089,-0.00012900365982204676,0.00016680514090694487,-0.272619366645813,-0.04002760350704193,-9.813314437866211
988348255000,0.00035707588540390134,0.00044067061389796436,0.0005403803079389036,-0.2937231659889221,-0.01197919249534607,-9.806782722473145
988355240000,0.000446396938059479,0.00024527363711968064,0.0006313192425295711,-0.29980918765068054,-0.0021191835403442383,-9.808053970336914
988362138000,0.00017237788415513933,0.00017417529306840152,0.0004572727484628558,-0.3007976710796356,0.004349231719970703,-9.808876037597656
988376065000,-0.0006740884273312986,-1.3720185961574316e-05,0.00015567970694974065,-0.27242276072502136,-0.04094802588224411,-9.813861846923828
988382998000,0.00018350599566474557,0.0005506942397914827,0.00034018215956166387,-0.29502421617507935,-0.007762923836708069,-9.807780265808105
988389951000,0.00035163614666089416,0.00025381651357747614,0.0005871688481420279,-0.2992672324180603,-0.005224153399467468,-9.807580947875977
988396867000,0.000375459436327219,0.0001071417354978621,0.0006420768331736326,-0.2996060252189636,-0.0011707395315170288,-9.808487892150879
988410760000,-0.0005772257572971284,-0.0009740839013829827,-0.002546808449551463,-0.328069269657135,0.05038455128669739,-9.788796424865723
988417680000,-0.0006918864091858268,-0.00010086921975016594,0.0001570531167089939,-0.272324800491333,-0.041003115475177765,-9.812507629394531
988424679000,0.0003452386590652168,0.000469989056000486,0.0005399718065746129,-0.2935393452644348,-0.01212117075920105,-9.806686401367188
988431587000,0.0004566503339447081,0.00027156007126905024,0.0006301295361481607,-0.29973530769348145,-0.002228856086730957,-9.80778694152832
988438627000,0.0001791865797713399,0.00020314454741310328,0.00045616080751642585,-0.30067992210388184,0.004370689392089844,-9.808806419372559
988452435000,-0.00046689080772921443,-0.0009524666820652783,-0.0025202124379575253,-0.32844847440719604,0.05233992636203766,-9.78892707824707
988459399000,-0.0006701984093524516,-9.347038576379418e-05,0.00016538120689801872,-0.2724425196647644,-0.04020341485738754,-9.812968254089355
988466303000,0.0003587028186302632,0.0004534836916718632,0.0005399906658567488,-0.29365992546081543,-0.011940687894821167,-9.806669235229492
988473287000,0.0004344038898125291,0.00027679663617163897,0.0006325589492917061,-0.29950636625289917,-0.0020657479763031006,-9.80795669555664
988487261000,-0.0005861345562152565,-0.0007942556403577328,-0.0025415285490453243,-0.32804733514785767,0.050425782799720764,-9.789124488830566
988494136000,-0.0010811199899762869,-0.0023073165211826563,0.0034908659290522337,-0.29101625084877014,-0.09493710100650787,-9.78546142578125
988501070000,0.0009413836523890495,0.0010932153090834618,-0.002015047939494252,-0.29330629110336304,0.0774143636226654,-9.800701141357422
988508023000,-0.0007181725231930614,0.001193310832604766,0.0003071129904128611,-0.27942270040512085,-0.026132479310035706,-9.820518493652344
988521939000,0.00035412958823144436,0.0009584664367139339,0.0006308041047304869,-0.30134403705596924,-0.001837208867073059,-9.812032699584961
988528804000,0.000311299751047045,0.0005163643509149551,0.0006502735195681453,-0.3018418550491333,-0.0002238750457763672,-9.812070846557617
988535747000,0.00037268648156896234,4.473750595934689e-05,0.0006384945008903742,-0.30225807428359985,-0.0003187209367752075,-9.810748100280762
988542726000,0.00033707937109284103,-0.0002708183601498604,0.000645864347461611,-0.30107760429382324,-7.829070091247559e-05,-9.81058406829834
988549629000,-0.0004509619902819395,-0.001276358962059021,-0.0025159826036542654,-0.3296191096305847,0.05332985520362854,-9.790410041809082
988563537000,0.00039385928539559245,0.0002222366165369749,0.000533978221938014,-0.2935866713523865,-0.012155413627624512,-9.804969787597656
988570585000,0.0003692022291943431,0.00013664645666722208,0.0006406904431059957,-0.2991384267807007,-0.0017244070768356323,-9.80810832977295
988577431000,0.0003488577203825116,-3.460334846749902e-05,0.0006496509304270148,-0.3002069592475891,-0.00018662214279174805,-9.807568550109863
988584420000,-0.0006596481543965638,-0.0008329128031618893,-0.0027035113889724016,-0.3296661972999573,0.057795584201812744,-9.78945255279541
988598253000,0.00037777976831421256,0.0005811065202578902,0.0005244313506409526,-0.29318028688430786,-0.0132351815700531,-9.806062698364258
988605271000,0.00044647508184425533,0.00039064939483068883,0.0006292348843999207,-0.2997601628303528,-0.0022248178720474243,-9.80863094329834
988612147000,0.00021713293972425163,0.0002526923199184239,0.0004489104903768748,-0.3013356328010559,0.004194959998130798,-9.808874130249023
988619091000,0.000299471226753667,-5.047835293225944e-05,0.000603154010605067,-0.29983028769493103,-0.003255590796470642,-9.807827949523926
988626074000,-0.0005087634781375527,-0.0009131464175879955,-0.002511284314095974,-0.3283248543739319,0.05268773436546326,-9.79010009765625
988632975000,-0.0006772394990548491,-0.00011672329856082797,0.00016263019642792642,-0.27309948205947876,-0.04021856188774109,-9.813098907470703
988646879000,0.00039732095319777727,0.00026945368153974414,0.0006397314718924463,-0.29920363426208496,-0.0018633604049682617,-9.808830261230469
988653794000,0.00021369926980696619,0.00013771356316283345,0.0004490914288908243,-0.3013077676296234,0.00410066545009613,-9.808145523071289
988660794000,-0.0005902624106965959,-0.00083622254896909,-0.002541448688134551,-0.3280644416809082,0.05052478611469269,-9.789304733276367
988667738000,-0.0008815053151920438,-7.422640919685364e-07,-4.069751230417751e-05,-0.27400970458984375,-0.03658353537321091,-9.813079833984375
988681602000,0.00032897538039833307,0.00042648136150091887,0.00046960078179836273,-0.30065053701400757,0.004534214735031128,-9.809581756591797
988688595000,0.00032896341872401536,8.846379932947457e-05,0.0006110113463364542,-0.30015477538108826,-0.0025642961263656616,-9.807454109191895
988695487000,0.00039448722964152694,-9.097342262975872e-05,0.0006358135142363608,-0.2999454140663147,-0.0009291768074035645,-9.807992935180664
988702424000,-0.0002292876597493887,-0.0010709345806390047,-0.002319025807082653,-0.32778942584991455,0.04891777038574219,-9.788928031921387
988716315000,0.00034869060618802905,0.0003072096442338079,0.000587236019782722,-0.29391011595726013,-0.015714332461357117,-9.805595397949219
988723347000,0.0006268502329476178,0.00018466389155946672,0.000843792746309191,-0.29769012331962585,-0.005945384502410889,-9.808499336242676
988730208000,0.0004264042363502085,0.00011139365960843861,0.0007030733395367861,-0.30048632621765137,0.0034004151821136475,-9.808706283569336
988737236000,0.00019712813082151115,-3.4133336157538e-05,0.00045904130092822015,-0.3015403747558594,0.005221322178840637,-9.807710647583008
988744124000,-0.0005416604690253735,-0.0009900443255901337,-0.0025488315150141716,-0.32787713408470154,0.05042952299118042,-9.788681030273438
988758016000,0.0001734913093969226,0.0005292324349284172,0.00043066797661595047,-0.29426461458206177,-0.009325996041297913,-9.806599617004395
988764952000,0.0004164172278251499,0.0002872802142519504,0.0006010590004734695,-0.2989197373390198,-0.004355728626251221,-9.8074312210083
988772003000,0.0003936646389774978,0.00014166040637064725,0.0006433423841372132,-0.2995285391807556,-0.0007013231515884399,-9.808304786682129
988778831000,-0.0004377147415652871,-0.0007773335091769695,-0.0025089567061513662,-0.3287118077278137,0.053431183099746704,-9.789576530456543
988792756000,0.0009490161901339889,0.001082787406630814,-0.0020157513208687305,-0.2933203876018524,0.07747353613376617,-9.800690650939941
988799642000,-0.0007172282785177231,0.001190092647448182,0.00030762344249524176,-0.2793451249599457,-0.026114441454410553,-9.820639610290527
988806616000,0.00029348162934184074,0.0013666697777807713,0.0005498531390912831,-0.29685989022254944,-0.009803667664527893,-9.812655448913574
988813546000,0.00034413085086271167,0.0009607273968867958,0.0006329583120532334,-0.30122512578964233,-0.0017762631177902222,-9.812188148498535
988820543000,0.00041474573663435876,0.0004582319816108793,0.0006354675278998911,-0.3023141324520111,-0.0005973726511001587,-9.81132698059082
988834369000,0.0003086466749664396,-0.000265406328253448,0.0006479665753431618,-0.3012247681617737,-2.7611851692199707e-05,-9.810406684875488
988841409000,-0.0004530976293608546,-0.0012705184053629637,-0.002513109939172864,-0.3296031951904297,0.053166478872299194,-9.790387153625488
988848292000,-0.0006888710195198655,-0.00047006987733766437,0.0001640772825339809,-0.27314117550849915,-0.039885781705379486,-9.812132835388184
988855286000,0.00041592627530917525,0.00022963607625570148,0.0005280945915728807,-0.2932131886482239,-0.012208163738250732,-9.804848670959473
988862234000,0.00043262174585834146,0.00014078471576794982,0.0006331243203021586,-0.2991566061973572,-0.0019340962171554565,-9.80803108215332
988876087000,-0.0006165412487462163,-0.0008380223298445344,-0.002710033440962434,-0.32980868220329285,0.05781881511211395,-9.789366722106934
988883003000,-0.0008194781839847565,-7.094134343788028e-05,0.00013178426888771355,-0.2720491588115692,-0.0428517684340477,-9.811469078063965
988889973000,0.0003887011553160846,0.0005690109683200717,0.0005233909469097853,-0.29330000281333923,-0.01323196291923523,-9.806132316589355
988896921000,0.00044778932351619005,0.00038337812293320894,0.000629772141110152,-0.29968804121017456,-0.0021949410438537598,-9.808741569519043
988903881000,0.0002089054905809462,0.00025107970577664673,0.0004505859687924385,-0.30125921964645386,0.004231378436088562,-9.808981895446777
988917714000,-0.0004969733417965472,-0.0009284007828682661,-0.002513518324121833,-0.3284026086330414,0.052623286843299866,-9.78993034362793
988924720000,-0.000665060942992568,-0.00011588423512876034,0.00016285455785691738,-0.27295204997062683,-0.040260426700115204,-9.813155174255371
988931595000,0.00041872006841003895,0.0003772147174458951,0.0005298350588418543,-0.29421746730804443,-0.012133240699768066,-9.806272506713867
988938605000,0.00036856255610473454,0.00027355505153536797,0.0006426411564461887,-0.29905110597610474,-0.001674264669418335,-9.809002876281738
988952419000,-0.0005744504160247743,-0.0008443231927230954,-0.002543216571211815,-0.3281294107437134,0.05043058097362518,-9.789152145385742
988959405000,-0.0008672040421515703,1.702510053291917e-05,-4.0221835661213845e-05,-0.27381041646003723,-0.03661225736141205,-9.813332557678223
988966316000,0.0004712813824880868,0.0003910585364792496,0.0006903210887685418,-0.2923288643360138,-0.019718267023563385,-9.806304931640625
988973322000,0.000319682847475633,0.0004208153113722801,0.00047039968194440007,-0.30062463879585266,0.0045553892850875854,-9.80955982208252
988987192000,0.00039124226896092296,-8.859060471877456e-05,0.0006369425100274384,-0.2997586727142334,-0.000899389386177063,-9.808148384094238
988994143000,-0.000247434014454484,-0.0010629541939124465,-0.0023143975995481014,-0.3277152180671692,0.04894569516181946,-9.78897476196289
989001068000,-0.000741777999792248,-1.7200596630573273e-05,8.721603080630302e-06,-0.2739425301551819,-0.03243421018123627,-9.81435775756836
989008054000,0.0005127146141603589,0.00026530801551416516,0.0006972929113544524,-0.29302453994750977,-0.018573954701423645,-9.805477142333984
989014938000,0.0003028247447218746,0.0003529188979882747,0.0004758953582495451,-0.30017244815826416,0.00491255521774292,-9.809564590454102
989028834000,0.00034164608223363757,-9.027961641550064e-05,0.0006418701959773898,-0.29956698417663574,-0.0008476376533508301,-9.807817459106445
989035757000,-0.0002527523320168257,-0.001059439149685204,-0.00231338944286108,-0.3276152014732361,0.04875677824020386,-9.78852653503418
989042768000,-0.0009627754334360361,-0.0023756404407322407,0.003542358987033367,-0.2911109924316406,-0.09072716534137726,-9.785197257995605
989049659000,0.0009006960317492485,0.0010672183707356453,-0.00199804431758821,-0.2932155728340149,0.07887545228004456,-9.800121307373047
989056639000,-0.0006989589310251176,0.0011838371865451336,0.00030472478829324245,-0.27934080362319946,-0.026067018508911133,-9.820164680480957
989070500000,0.0003825192106887698,0.0009447087650187314,0.0006302768597379327,-0.3010271191596985,-0.0017736852169036865,-9.812064170837402
989077468000,0.0003267716383561492,0.0005167302442714572,0.0006495339330285788,-0.30171632766723633,-0.00014925003051757812,-9.812005043029785
989084373000,0.0004015226732008159,4.516897024586797e-05,0.0006353104254230857,-0.3022146224975586,-0.00035631656646728516,-9.810619354248047
989091405000,-0.0004691927460953593,-0.0009975346038118005,-0.0025103639345616102,-0.329750120639801,0.053540706634521484,-9.79228401184082
989105283000,0.00039423751877620816,0.00011852386523969471,0.0005311970598995686,-0.29432573914527893,-0.012197107076644897,-9.80687427520752
989112186000,0.00045159089495427907,-5.393673200160265e-05,0.0006295709754340351,-0.299733430147171,-0.002057179808616638,-9.80820083618164
989119127000,0.00022751987853553146,-0.00012424192391335964,0.00044638136751018465,-0.30100223422050476,0.004209190607070923,-9.807903289794922
989126124000,-0.0006011981167830527,-0.000998235773295164,-0.0025386943016201258,-0.32752591371536255,0.05057460069656372,-9.788435935974121
989133000000,-0.000838438339997083,1.3990327715873718e-05,4.5009721361566335e-05,-0.272954523563385,-0.03826308995485306,-9.810869216918945
989146909000,0.0005243898485787213,0.0003993221907876432,0.0006678470526821911,-0.30019086599349976,0.0005075037479400635,-9.808931350708008
989153858000,0.00020489085000008345,0.0002569190692156553,0.0004609684110619128,-0.3015398383140564,0.005135014653205872,-9.80887222290039
989160841000,0.00026202897424809635,-4.107662243768573e-05,0.0006081499741412699,-0.2998391389846802,-0.0029985755681991577,-9.807798385620117
989167717000,-0.00042292929720133543,-0.0009674727916717529,-0.002525047864764929,-0.3288303315639496,0.05228608846664429,-9.789216041564941
989181604000,0.00037425316986627877,0.00044633884681388736,0.0005388255813159049,-0.2936421036720276,-0.012077197432518005,-9.80682373046875
989188629000,0.00035581178963184357,0.0003027560596819967,0.0006452405941672623,-0.29938602447509766,-0.0017538666725158691,-9.808727264404297
989195498000,0.00021632299467455596,0.00015571506810374558,0.00044858435285277665,-0.3014273941516876,0.003945350646972656,-9.808025360107422
989202436000,-0.0005868670414201915,-0.0008220347808673978,-0.0025427076034247875,-0.328080415725708,0.0505327433347702,-9.789395332336426
989209479000,-0.0008780697826296091,-1.337612047791481e-05,-4.0636397898197174e-05,-0.27416476607322693,-0.03660769760608673,-9.8131103515625
989223324000,0.00044557408546097577,0.00028013892006129026,0.0007111586164683104,-0.29934990406036377,-0.004514932632446289,-9.808149337768555
989230295000,0.00041686766780912876,0.00014572215150110424,0.0006668885471299291,-0.2998485565185547,0.0007870793342590332,-9.808765411376953
989237156000,0.00016335835971403867,3.3027768949978054e-05,0.00045794405741617084,-0.30120956897735596,0.004794210195541382,-9.808609008789062
989244152000,-0.0005524242296814919,-0.0009715112973935902,-0.002549984958022833,-0.3282874822616577,0.050300151109695435,-9.788722038269043
989251051000,-0.0008510467014275491,-6.73100003041327e-05,4.696458199759945e-05,-0.2733084559440613,-0.03815089911222458,-9.812897682189941
989264953000,0.0005246028304100037,0.00031009086524136364,0.0006725432467646897,-0.2995064854621887,0.0006415247917175293,-9.809210777282715
989272138000,0.00017366459360346198,0.00021112935792189091,0.00046960258623585105,-0.3010748028755188,0.005253210663795471,-9.808794021606445
989278843000,0.00022672480554319918,-6.529202801175416e-05,0.000615831755567342,-0.29954782128334045,-0.0029574930667877197,-9.807432174682617
989285769000,-0.00047723203897476196,-0.0009525298373773694,-0.0025180813390761614,-0.3284425139427185,0.05240732431411743,-9.78904914855957
989299683000,0.00035842161742039025,0.00046033799299038947,0.000540233391802758,-0.2934826612472534,-0.012015148997306824,-9.806658744812012
989306653000,0.00037293086643330753,0.00032058212673291564,0.0006443327874876559,-0.2992130517959595,-0.0019024461507797241,-9.80845832824707
989313600000,0.0002010916214203462,0.0001878346229204908,0.0004504680691752583,-0.3011631369590759,0.004088163375854492,-9.808052062988281
989320505000,-0.0005513484356924891,-0.0008087268797680736,-0.0025477411691099405,-0.3280818462371826,0.050356924533843994,-9.789080619812012
989327483000,-0.0010816561989486217,-0.0023067202419042587,0.0034919593017548323,-0.2908923029899597,-0.09485182911157608,-9.785656929016113
989341389000,-0.0007148560835048556,0.00118371588177979,0.00030707637779414654,-0.2794855535030365,-0.02617548406124115,-9.820416450500488
989348276000,0.00028018560260534286,0.0013805525377392769,0.0005527178291231394,-0.2967451214790344,-0.009768828749656677,-9.812824249267578
989355507000,0.0003658661153167486,0.0009553713025525212,0.000629630871117115,-0.3013766407966614,-0.0018374770879745483,-9.811811447143555
989362338000,0.0003170179552398622,0.0004911539144814014,0.0006636055186390877,-0.30196642875671387,-0.0004293769598007202,-9.812172889709473
989369284000,0.00037007921491749585,4.718030686490238e-05,0.0006426993641071022,-0.3020850419998169,-0.0001214742660522461,-9.810978889465332
989383174000,-0.0006542297778651118,-0.0011901271063834429,-0.002710084430873394,-0.33036068081855774,0.05789795517921448,-9.791027069091797
989390126000,-0.000823547481559217,-0.000497302389703691,0.00012939321459271014,-0.27263742685317993,-0.04301232099533081,-9.811196327209473
989397059000,0.00043142118374817073,0.0002714844886213541,0.0005154457758180797,-0.2927258312702179,-0.013408929109573364,-9.804388999938965
989404009000,0.00043854943942278624,0.00018096095300279558,0.0006292383768595755,-0.2991417944431305,-0.0020190924406051636,-9.808247566223145
989411022000,0.00041629449697211385,-3.103865310549736e-06,0.000642726372461766,-0.300260066986084,-0.00024734437465667725,-9.807722091674805
989424926000,-0.0007984705152921379,-5.710567347705364e-05,0.00012700381921604276,-0.2724829316139221,-0.04302302747964859,-9.811575889587402
989431782000,0.00038023589877411723,0.0005461197579279542,0.0005228838417679071,-0.29353776574134827,-0.01313355565071106,-9.806337356567383
989438781000,0.00044427067041397095,0.0003628730773925781,0.0006298985099419951,-0.2997061014175415,-0.002233728766441345,-9.808759689331055
989445675000,0.0001871536223916337,0.0002468989696353674,0.0004539809306152165,-0.30117738246917725,0.004282817244529724,-9.809133529663086
989459597000,-0.00044773303670808673,-0.0009720133384689689,-0.002523468341678381,-0.32877689599990845,0.05240534245967865,-9.789329528808594
989466523000,-0.0006827514735050499,-0.00014426343841478229,0.0001660769194131717,-0.2728036940097809,-0.04008854925632477,-9.812958717346191
989473519000,0.00035880395444110036,0.000448122009402141,0.0005409009172581136,-0.2936003506183624,-0.012018963694572449,-9.806778907775879
989480392000,0.0004543967079371214,0.00024539633886888623,0.0006302510155364871,-0.2998780906200409,-0.0021296441555023193,-9.807958602905273
989487319000,0.00014565321907866746,0.00019383436301723123,0.00046135997399687767,-0.30064839124679565,0.004464641213417053,-9.809102058410645
989501239000,-0.0006865682080388069,-2.1056621335446835e-05,0.0001583351695444435,-0.272488534450531,-0.040822550654411316,-9.813923835754395
989508200000,0.00036895557423122227,0.00046564661897718906,0.0005363995442166924,-0.294160395860672,-0.012148290872573853,-9.807326316833496
989515119000,0.00038563020643778145,0.00030932179652154446,0.0006408352637663484,-0.29945245385169983,-0.0019192099571228027,-9.80872917175293
989522161000,0.00021690584253519773,0.00015028980851639062,0.000449032784672454,-0.3014720380306244,0.004036828875541687,-9.808114051818848
989529018000,0.0002722922363318503,-0.00010294371168129146,0.0006076204008422792,-0.2994113564491272,-0.0031700581312179565,-9.807682037353516
989542939000,-0.0006661968072876334,-0.00010294589446857572,0.0001662775466684252,-0.27241501212120056,-0.040190190076828,-9.812973022460938
989549866000,0.00040957421879284084,0.00039979867869988084,0.0005312630673870444,-0.2941026985645294,-0.012054458260536194,-9.806024551391602
989556894000,0.0004038913466501981,0.0002924011496361345,0.000639318663161248,-0.29903778433799744,-0.0018435418605804443,-9.8086576461792
989563764000,0.0001522738893982023,0.00019955782045144588,0.00046209123684093356,-0.30088549852371216,0.004271999001502991,-9.808510780334473
989577721000,-0.0004722903831861913,-0.0009460310102440417,-0.00251778494566679,-0.32842615246772766,0.05229003727436066,-9.788912773132324
989584595000,-0.000696555944159627,-0.0001054012100212276,0.00016668756143189967,-0.2725835144519806,-0.04006524384021759,-9.81267261505127
989591559000,0.0003441594308242202,0.0004758299619425088,0.0005399751244112849,-0.29348304867744446,-0.01198720932006836,-9.806646347045898
989598477000,0.0003713846963364631,0.0003316086658742279,0.0006436418043449521,-0.2992447018623352,-0.0019677728414535522,-9.808382034301758
989612432000,-0.000588549708481878,-0.0007850175607018173,-0.0025418095756322145,-0.32825586199760437,0.05024172365665436,-9.788898468017578
989619311000,-0.001076138811185956,-0.0023018906358629465,0.0034893483389168978,-0.29106447100639343,-0.0949578732252121,-9.785591125488281
989626303000,0.0009394075023010373,0.0010882079368457198,-0.0020150484051555395,-0.29339706897735596,0.07742883265018463,-9.800764083862305
989633224000,-0.0007115490734577179,0.001194983022287488,0.0003060030285269022,-0.2793799638748169,-0.026068679988384247,-9.820585250854492
989640197000,0.0003593810833990574,0.0013171070022508502,0.0005394578329287469,-0.29734838008880615,-0.010013222694396973,-9.812017440795898
989654040000,0.00034664571285247803,0.0004990933812223375,0.0006475278059951961,-0.3018451929092407,-0.0001242905855178833,-9.812105178833008
989661025000,0.00036382360849529505,5.456883809529245e-05,0.0006402904982678592,-0.3020574152469635,-0.00013725459575653076,-9.811064720153809
989667937000,0.00035496489726938307,-0.00028505618683993816,0.0006424370803870261,-0.30129319429397583,-0.00014829635620117188,-9.810320854187012
989674930000,-0.00045104604214429855,-0.0012756438227370381,-0.002515059197321534,-0.3295094072818756,0.05336293578147888,-9.790558815002441
989688819000,0.00038773566484451294,0.00021490284416358918,0.0005339763592928648,-0.29369598627090454,-0.012068405747413635,-9.804969787597656
989695741000,0.0003789049223996699,0.00012836554378736764,0.000639245961792767,-0.29916879534721375,-0.0017920583486557007,-9.808003425598145
989702663000,0.0003520565223880112,-3.442305023781955e-05,0.000651252456009388,-0.3001382350921631,-0.00019815564155578613,-9.807656288146973
989709632000,-0.0006634753081016243,-0.000835239130537957,-0.00270278612151742,-0.32972222566604614,0.05787472426891327,-9.789416313171387
989723527000,0.00038897269405424595,0.00056972645688802,0.0005235637072473764,-0.2933081090450287,-0.013211950659751892,-9.806020736694336
989730424000,0.0004446649691089988,0.0003853438829537481,0.0006300370441749692,-0.2997227609157562,-0.002176523208618164,-9.808674812316895
989737381000,0.0001961881062015891,0.0002630552335176617,0.0004522383969742805,-0.3012305498123169,0.004264608025550842,-9.809033393859863
989744403000,0.0002830002340488136,-4.905465175397694e-05,0.0006036988343112171,-0.2999283969402313,-0.0032368600368499756,-9.807719230651855
989758232000,-0.0006532161496579647,-9.627023246139288e-05,0.0001607649028301239,-0.2729324400424957,-0.04030771553516388,-9.813335418701172
989765161000,0.0004085477557964623,0.00037971456185914576,0.0005305983358994126,-0.29433268308639526,-0.012054860591888428,-9.806427001953125
989772167000,0.00047015491873025894,0.0002005795540753752,0.0006260026711970568,-0.29970014095306396,-0.002032652497291565,-9.808076858520508
989779046000,0.0001728114002617076,0.0001588570885360241,0.0004580645472742617,-0.30059850215911865,0.004383161664009094,-9.80903148651123
989785979000,-0.0005245757638476789,-0.000876968028023839,-0.0025532154832035303,-0.32859697937965393,0.05024908483028412,-9.788525581359863
989799918000,0.00016711471835151315,0.0005596883129328489,0.00034174241591244936,-0.2949680984020233,-0.007698029279708862,-9.807735443115234
989806917000,0.00036754977190867066,0.0002572201192378998,0.0005860452656634152,-0.2993374466896057,-0.005364954471588135,-9.807441711425781
989813764000,0.00038201839197427034,0.00010678698890842497,0.000640431942883879,-0.29966026544570923,-0.0011089593172073364,-9.808429718017578
989820691000,0.00017828821728471667,1.4198871213011444e-05,0.00045230460818856955,-0.3009580671787262,0.00417521595954895,-9.80852222442627
989834608000,-0.0006740288226865232,-8.929934119805694e-05,0.00015698638162575662,-0.27228114008903503,-0.041046373546123505,-9.812753677368164
989841585000,0.000351051363395527,0.00045163294998928905,0.0005396748310886323,-0.2937384247779846,-0.0120469331741333,-9.80666446685791
989848477000,0.0004429225518833846,0.0002693492569960654,0.0006316190701909363,-0.29963618516921997,-0.0021472126245498657,-9.807914733886719
989855518000,0.00016514919116161764,0.00020272181427571923,0.000457917369203642,-0.3006761074066162,0.00436769425868988,-9.80878734588623
989862460000,0.00022484450892079622,-6.684233085252345e-05,0.0006133044371381402,-0.299468070268631,-0.0031440407037734985,-9.807348251342773
989876352000,-0.0006840034038759768,-0.00010068755364045501,0.00016650221368763596,-0.2725133001804352,-0.04008956998586655,-9.812864303588867
989883253000,0.00035760889295488596,0.0004607549053616822,0.0005401091184467077,-0.29359734058380127,-0.011997133493423462,-9.80661392211914
989890361000,0.0004423571517691016,0.00027709774440154433,0.0006313020712696016,-0.29957079887390137,-0.002077937126159668,-9.807839393615723
989897165000,0.00017395788745488971,0.0002098779077641666,0.00046514664427377284,-0.3005816340446472,0.004188284277915955,-9.80880355834961
989911111000,-0.0010728496126830578,-0.002300398889929056,0.0034905350767076015,-0.2909274399280548,-0.0948740541934967,-9.785699844360352
989918005000,0.000936187687329948,0.001086656702682376,-0.0020154088269919157,-0.2934136986732483,0.07749126851558685,-9.800711631774902
989924993000,-0.0007050097920000553,0.0011974292574450374,0.00030648044776171446,-0.2793373167514801,-0.02614026516675949,-9.82060432434082
989931896000,0.00035030359867960215,0.00132544816005975,0.0005413529579527676,-0.29727768898010254,-0.009944796562194824,-9.812114715576172
989938923000,0.000410411914344877,0.0009271935559809208,0.0006263265968300402,-0.3011789619922638,-0.0018642246723175049,-9.812137603759766
989952748000,0.00030202686320990324,9.334651986137033e-05,0.000651858514174819,-0.30172836780548096,3.762543201446533e-05,-9.811535835266113
989959707000,0.00030590142705477774,-0.00026379802147857845,0.0006473542889580131,-0.30143705010414124,-0.0001122504472732544,-9.8101806640625
989966609000,-0.0004717232659459114,-0.0012650421122089028,-0.0025121490471065044,-0.32959914207458496,0.05323253571987152,-9.790433883666992
989973720000,-0.0006961560575291514,-0.00046870182268321514,0.00016351701924577355,-0.27349093556404114,-0.039486728608608246,-9.811971664428711
989987523000,0.0004207763122394681,0.000157350383233279,0.000635931093711406,-0.2991332411766052,-0.0018217861652374268,-9.80816650390625
989994500000,0.00039776662015356123,-2.2542575607076287e-05,0.0006472094100899994,-0.30024397373199463,-0.0002076178789138794,-9.80765438079834
990001418000,-0.0006188328261487186,-0.0008327782270498574,-0.0027090709190815687,-0.32976558804512024,0.0579172819852829,-9.789522171020508
990008382000,-0.0008311611018143594,-9.210588177666068e-05,0.00013350401422940195,-0.2722388505935669,-0.04281475394964218,-9.811269760131836
990015365000,0.00038619927363470197,0.0005828980356454849,0.0005220217863097787,-0.2931250333786011,-0.01323072612285614,-9.806228637695312
990029219000,0.0002289642725372687,0.0002479286340530962,0.0004478078044485301,-0.30135923624038696,0.004164308309555054,-9.808914184570312
990036134000,0.0002880108659155667,-4.5118562411516905e-05,0.000605299836024642,-0.2997475862503052,-0.003174528479576111,-9.808019638061523
990043123000,-0.0005113594816066325,-0.0009171413257718086,-0.00251106359064579,-0.32839280366897583,0.052665531635284424,-9.790043830871582
990050041000,-0.0006820764392614365,-0.00012185185914859176,0.00016307414625771344,-0.27310553193092346,-0.04020945727825165,-9.81305980682373
990063968000,0.0003970565157942474,0.0002701092744246125,0.0006401122082024813,-0.2991489768028259,-0.0018705278635025024,-9.80890941619873
990070875000,0.00021290448785293847,0.00013771327212452888,0.0004494269087444991,-0.30131348967552185,0.00410403311252594,-9.808148384094238
990077866000,-0.0005895448848605156,-0.000834553618915379,-0.0025424750056117773,-0.3280488848686218,0.05053810775279999,-9.78933048248291
990084745000,-0.000692109577357769,-8.906703442335129e-05,0.00015607064415235072,-0.2731795310974121,-0.040986157953739166,-9.812605857849121
990091758000,0.0003913748369086534,0.0004865759110543877,0.0005333934677764773,-0.2936652898788452,-0.012295469641685486,-9.807270050048828
990105632000,0.00015948980581015348,0.00021934926917310804,0.00045916749513708055,-0.3010607957839966,0.004280850291252136,-9.808820724487305
990112533000,0.0002490979095455259,-7.380642637144774e-05,0.0006114059942774475,-0.29968905448913574,-0.003262832760810852,-9.807482719421387
990119455000,-0.0004705212195403874,-0.0009649249259382486,-0.0025188212748616934,-0.3285210132598877,0.05243672430515289,-9.789205551147461
990126449000,-0.0006695622578263283,-0.00010938401101157069,0.00016546901315450668,-0.27256715297698975,-0.040206678211688995,-9.81307315826416
990140358000,0.00038915409822948277,0.00028703099815174937,0.0006406981265172362,-0.2990422248840332,-0.0017343908548355103,-9.808724403381348
990147238000,0.00022605738195125014,0.00014820719661656767,0.00044676169636659324,-0.3012685179710388,0.0040378570556640625,-9.807891845703125
990154183000,0.0002673437411431223,-8.852136670611799e-05,0.0006101158796809614,-0.29919740557670593,-0.00316619873046875,-9.807565689086914
990161233000,-0.00045529386261478066,-0.0009654561872594059,-0.0025199379306286573,-0.328338623046875,0.052449896931648254,-9.788970947265625
990175072000,0.0003593358560465276,0.0004619477840606123,0.0005404409021139145,-0.2936449646949768,-0.01192966103553772,-9.806618690490723
990181979000,0.0003557848103810102,0.0003277280484326184,0.0006451337249018252,-0.2991630434989929,-0.0018091648817062378,-9.808481216430664
990189046000,0.00020968131138943136,0.00018479810387361795,0.00044809511746279895,-0.3012295365333557,0.003991797566413879,-9.80789852142334
990195914000,-0.0005627506179735065,-0.0007975850021466613,-0.0025461490731686354,-0.3279529809951782,0.05040557682514191,-9.789236068725586
990209775000,0.0009468784555792809,0.0010926808463409543,-0.0020171802025288343,-0.2932993769645691,0.07738363742828369,-9.800620079040527
990216690000,-0.0007040680502541363,0.0011838392820209265,0.00030643472564406693,-0.279452383518219,-0.026205405592918396,-9.820419311523438
990223666000,0.00026821414940059185,0.0013924689264968038,0.0005542333819903433,-0.29664599895477295,-0.009672969579696655,-9.812970161437988
990230580000,0.000378763594198972,0.0009550787508487701,0.0006271576858125627,-0.30151450634002686,-0.0019546300172805786,-9.811840057373047
990237513000,0.00031067751115188,0.000522086163982749,0.000650832720566541,-0.30176016688346863,-0.00014702975749969482,-9.812235832214355
990251422000,0.0003495065029710531,-0.00027492590015754104,0.000644260726403445,-0.3010976314544678,-0.0001077800989151001,-9.810604095458984
990258503000,-0.0004437478492036462,-0.0012853567022830248,-0.002517607994377613,-0.3296518921852112,0.0533609539270401,-9.790395736694336
990265316000,-0.000656898831948638,-0.0003894721157848835,0.00016136292833834887,-0.27258890867233276,-0.04004349559545517,-9.813162803649902
990272304000,0.0003901126910932362,0.00020667836361099035,0.0005339958006516099,-0.2937624454498291,-0.012020602822303772,-9.805001258850098
990286180000,0.00033687977702356875,-3.8542202673852444e-05,0.0006518203881569207,-0.30017828941345215,-0.0001103430986404419,-9.807612419128418
990293153000,-0.0006715336930938065,-0.0008346457034349442,-0.002701706252992153,-0.3296665549278259,0.05782639980316162,-9.78942584991455
990300026000,-0.0008165824110619724,-7.934460882097483e-05,0.00012836989481002092,-0.27223533391952515,-0.04299343377351761,-9.810799598693848
990307052000,0.00036882003769278526,0.0005883153062313795,0.0005259888130240142,-0.2931181788444519,-0.013197019696235657,-9.806109428405762
990313923000,0.0004366290522739291,0.0003970826219301671,0.0006305546849034727,-0.29976779222488403,-0.002215147018432617,-9.808625221252441
990327847000,0.00028211151948198676,-4.673039074987173e-05,0.0006040729349479079,-0.29980170726776123,-0.0031815171241760254,-9.807869911193848
990334802000,-0.0005097733228467405,-0.0009118355810642242,-0.0025117511395365,-0.3283460736274719,0.05261443555355072,-9.79003620147705
990341778000,-0.0006764460122212768,-0.00011380243813619018,0.0001641191338421777,-0.27307742834091187,-0.04025817662477493,-9.813101768493652
990348670000,0.0004299733554944396,0.0003793051582761109,0.0005271646659821272,-0.29426324367523193,-0.012199237942695618,-9.806243896484375
990355634000,0.00037787811015732586,0.00027266459073871374,0.0006407774053514004,-0.299114465713501,-0.00167788565158844,-9.808989524841309
990369470000,-0.0005716039449907839,-0.0008359774365089834,-0.0025438573211431503,-0.3280605673789978,0.05042976140975952,-9.789291381835938
990376447000,-0.0008806713740341365,1.0821386240422726e-05,-3.998136526206508e-05,-0.27393871545791626,-0.0365336611866951,-9.813314437866211
990383359000,0.0004932881565764546,0.0003830795467365533,0.0006876654224470258,-0.2923926115036011,-0.019874319434165955,-9.806158065795898
990390361000,0.00032596130040474236,0.00041688382043503225,0.0004695139650721103,-0.3006248474121094,0.004616826772689819,-9.809611320495605
990404194000,0.0003859735152218491,-8.912922930903733e-05,0.0006378884427249432,-0.29990434646606445,-0.000857040286064148,-9.808050155639648
990411212000,-0.00023983418941497803,-0.0010695079108700156,-0.0023159258998930454,-0.3277987837791443,0.048911064863204956,-9.788897514343262
990418101000,-0.0007376006687991321,-3.8179801777005196e-05,8.324635928147472e-06,-0.27404463291168213,-0.03243289887905121,-9.814184188842773
990425133000,0.0003312804619781673,0.0003170975833199918,0.000587925489526242,-0.29380905628204346,-0.015680894255638123,-9.80558967590332
990431986000,0.0006262880633585155,0.00019157794304192066,0.0008431687019765377,-0.29771411418914795,-0.006021708250045776,-9.808439254760742
990445908000,0.0001976732019102201,-3.0020426493138075e-05,0.0004598500672727823,-0.30155760049819946,0.005295068025588989,-9.807768821716309
990452844000,-0.0005530288326554,-0.0009930289816111326,-0.0025499998591840267,-0.3279415965080261,0.0505291223526001,-9.788634300231934
990459790000,-0.0006885308539494872,-0.00010778172872960567,0.00015790757606737316,-0.2721094787120819,-0.0409480482339859,-9.812363624572754
990466712000,0.00015873881056904793,0.0005749441334046423,0.0003438119892962277,-0.2941659092903137,-0.007725507020950317,-9.807149887084961
990473696000,0.0003518977318890393,0.00028469186509028077,0.0005865735001862049,-0.29909563064575195,-0.005299180746078491,-9.807209968566895
990487521000,-0.0006371917552314699,-0.0006889492506161332,-0.0027046464383602142,-0.3294924199581146,0.05781404674053192,-9.790111541748047
990494507000,-0.0010106470435857773,-0.0024539665319025517,0.0036611007526516914,-0.2900676131248474,-0.1012847051024437,-9.784637451171875
990501420000,0.0011620778823271394,0.0010933529119938612,-0.0017776068998500705,-0.2920515537261963,0.07546691596508026,-9.801298141479492
990508434000,-0.0007738122367300093,0.001350470818579197,0.00015439938579220325,-0.2812248766422272,-0.017909429967403412,-9.821748733520508
990522292000,0.00037589052226394415,0.0009305771673098207,0.0006215577013790607,-0.30094221234321594,-0.0026639997959136963,-9.812276840209961
990529218000,0.0003499702725093812,0.0004799611051566899,0.0006447553168982267,-0.30186986923217773,-0.0003808140754699707,-9.81205940246582
990536166000,0.0002149814390577376,6.279283843468875e-05,0.0005278228200040758,-0.30306434631347656,0.0025738030672073364,-9.810906410217285
990543184000,0.00030151588725857437,-0.000289549381705001,0.0006185303791426122,-0.30026277899742126,-0.0021888911724090576,-9.810302734375
990557049000,-0.0006686883862130344,-0.0003822048311121762,0.0001637492678128183,-0.2726948857307434,-0.03984525054693222,-9.812772750854492
990564017000,0.0003811442875303328,0.00023772890563122928,0.000535719795152545,-0.29360997676849365,-0.012025654315948486,-9.805000305175781
990570942000,0.00039341021329164505,0.00013367601786740124,0.0006370525807142258,-0.2992720603942871,-0.0018495619297027588,-9.807923316955566
990577885000,0.00035495919291861355,-2.5183107936754823e-05,0.0006527560763061047,-0.3000584840774536,-0.00019051134586334229,-9.807768821716309
990584796000,-0.0006498721777461469,-0.0008368431008420885,-0.002704326994717121,-0.3297785818576813,0.0578615665435791,-9.789363861083984
990598721000,0.0003833459923043847,0.0005616180133074522,0.0005229446687735617,-0.29335176944732666,-0.013138040900230408,-9.806014060974121
990605667000,0.0004464817757252604,0.0003816491225734353,0.0006294926279224455,-0.2996654510498047,-0.002221435308456421,-9.80870532989502
990612612000,0.00020243244944140315,0.0002613887772895396,0.0004527974524535239,-0.30117934942245483,0.004220455884933472,-9.809062004089355
990619511000,0.00029843777883797884,-5.912146298214793e-05,0.0006030238000676036,-0.29995888471603394,-0.0032688677310943604,-9.80764102935791
990633410000,-0.0006685613770969212,-0.00010617030784487724,0.00016147528367582709,-0.2729874849319458,-0.04024527966976166,-9.813172340393066
990640375000,0.00039319193456321955,0.0003892454842571169,0.0005307588144205511,-0.2941935658454895,-0.01204526424407959,-9.806413650512695
990647298000,0.00047540655941702425,0.00020856867195107043,0.0006258158246055245,-0.2996729612350464,-0.0021452009677886963,-9.808056831359863
990654234000,0.00018748217553365976,0.00015808803436812013,0.00045631115790456533,-0.3006385564804077,0.004354149103164673,-9.808967590332031
990668120000,-0.0006718728109262884,-1.4792312867939472e-05,0.0001585404679644853,-0.27234870195388794,-0.0408632755279541,-9.813897132873535
990675099000,0.0002092848881147802,0.0004965823609381914,0.0004257496038917452,-0.2951717674732208,-0.00928989052772522,-9.80717945098877
990682025000,0.00033337518107146025,0.00030799052910879254,0.0006155400769785047,-0.29859980940818787,-0.00399017333984375,-9.808491706848145
990688979000,0.0003079458838328719,0.00013608316658064723,0.0006527826772071421,-0.299877405166626,-0.0006061643362045288,-9.808347702026367
990695948000,0.00033890584018081427,-6.614025915041566e-05,0.0006495954585261643,-0.30025479197502136,-0.000280722975730896,-9.807775497436523
990709871000,-0.0007955960463732481,-0.00016534101450815797,0.0001278704294236377,-0.27226021885871887,-0.043010734021663666,-9.811967849731445
990716733000,0.0004131690366193652,0.0004365758504718542,0.0005191141390241683,-0.2933955788612366,-0.01322852075099945,-9.805771827697754
990723795000,0.00043066739453934133,0.00032298924634233117,0.0006345251458697021,-0.2990275025367737,-0.0020990371704101562,-9.808709144592285
990730639000,0.0001514219184173271,0.00023669136862736195,0.000460562645457685,-0.3008001148700714,0.004380211234092712,-9.80874252319336
990737570000,-0.0005862313555553555,-0.0007820370956324041,-0.0025438957381993532,-0.3283228278160095,0.05037134885787964,-9.788989067077637
990751488000,0.000949042965658009,0.0010930995922535658,-0.0020160966087132692,-0.2934078276157379,0.07735209167003632,-9.800790786743164
990758429000,-0.0007064966484904289,0.0011908714659512043,0.0003067675279453397,-0.2795024514198303,-0.02616661787033081,-9.820601463317871
990765356000,0.0002738654147833586,0.001372921047732234,0.0005531815113499761,-0.29688048362731934,-0.009697139263153076,-9.812810897827148
990772416000,0.0003351503983139992,0.0009582804632373154,0.0006333155324682593,-0.3013894259929657,-0.0017892569303512573,-9.812124252319336
990786174000,0.0005356798646971583,-2.1650048438459635e-05,0.0008422801620326936,-0.3007582128047943,-0.004421591758728027,-9.811224937438965
990793190000,0.0004224353178869933,-0.0002667292137630284,0.0006888314383104444,-0.301893413066864,0.0030983686447143555,-9.81094741821289
990800082000,-0.000667309039272368,-0.0011944235302507877,-0.002698055002838373,-0.33079472184181213,0.05882100760936737,-9.790990829467773
990807092000,-0.0008158849086612463,-0.0004816828586626798,0.00013017580204177648,-0.27263474464416504,-0.04295051097869873,-9.811524391174316
990813974000,0.00040368741611018777,0.00025341351283714175,0.0005177701241336763,-0.2929579019546509,-0.013231158256530762,-9.80445671081543
990827954000,0.0003893740358762443,-1.2651667930185795e-05,0.0006469822255894542,-0.3002324402332306,-0.00012923777103424072,-9.807806968688965
990834793000,-0.0006175098824314773,-0.0008327777613885701,-0.0027104553300887346,-0.3298903703689575,0.05787919461727142,-9.789464950561523
990841795000,-0.000820386630948633,-6.933289114385843e-05,0.0001325336197623983,-0.2721635699272156,-0.04287462681531906,-9.811579704284668
990855632000,0.00046054215636104345,0.0003715817292686552,0.0006279217195697129,-0.299748957157135,-0.002153053879737854,-9.80882740020752
990862620000,0.00021257452317513525,0.0002435114874970168,0.0004500343056861311,-0.3013308644294739,0.004261225461959839,-9.80904769897461
990869520000,0.00029354554135352373,-6.073273834772408e-05,0.0006037506391294301,-0.2999005615711212,-0.0032387971878051758,-9.807849884033203
990876536000,-0.0005031597684137523,-0.0009294167393818498,-0.0025124368257820606,-0.328433096408844,0.052650317549705505,-9.790013313293457
990883416000,-0.0006581964553333819,-0.00010324624599888921,0.00015976812574081123,-0.27297085523605347,-0.04026246815919876,-9.813260078430176
990897339000,0.0004610471660271287,0.00021124540944583714,0.0006280433153733611,-0.29963037371635437,-0.0020813047885894775,-9.808225631713867
990904259000,0.00015603557403665036,0.00016409571981057525,0.000460252893390134,-0.3006730079650879,0.004424437880516052,-9.809028625488281
990911259000,-0.0005324666853994131,-0.0008801303338259459,-0.0025532501749694347,-0.3287144899368286,0.05023498833179474,-9.788434028625488
990918141000,-0.0006751230685040355,-1.6402744222432375e-05,0.00015615543816238642,-0.2724451422691345,-0.040929779410362244,-9.81369400024414
990932091000,0.0003824208106379956,0.00031087029492482543,0.0006411047070287168,-0.29951173067092896,-0.0018835365772247314,-9.808686256408691
990938958000,0.00021771238243672997,0.0001555949420435354,0.0004489549610298127,-0.3014986515045166,0.004019692540168762,-9.80813217163086
990945975000,0.00026859831996262074,-0.00010068024857901037,0.000607905094511807,-0.2994730770587921,-0.0031495988368988037,-9.807666778564453
990952878000,-0.0004469972918741405,-0.0009847049368545413,-0.0025201819371432066,-0.32851624488830566,0.052379801869392395,-9.78911018371582
990959850000,-0.0006733705522492528,-0.00010777660645544529,0.0001657337707001716,-0.27246880531311035,-0.04007314145565033,-9.813033103942871
990966733000,0.00040319934487342834,0.0004006903327535838,0.0005310140550136566,-0.2941085696220398,-0.012062162160873413,-9.80603313446045
990980835000,0.0001474462478654459,0.0001897808542707935,0.00047786167124286294,-0.30093055963516235,0.003985241055488586,-9.808509826660156
990987729000,0.00031674362253397703,-0.0001154423807747662,0.0006032322417013347,-0.29985082149505615,-0.0032781511545181274,-9.806740760803223
990994721000,-0.0004256705869920552,-0.0009786775335669518,-0.002521758433431387,-0.32827794551849365,0.052480548620224,-9.78909683227539
991001627000,-0.0006669450085610151,-0.00010550953447818756,0.0001672755170147866,-0.27237218618392944,-0.04004180431365967,-9.812917709350586
991015559000,0.00036314339376986027,0.0003305326390545815,0.000644020561594516,-0.2992211580276489,-0.001805812120437622,-9.80849838256836
991022449000,0.0001158606173703447,0.00024043259327299893,0.00046265736455097795,-0.3008352220058441,0.004315853118896484,-9.808598518371582
991029429000,-0.0005953648942522705,-0.0007854972500354052,-0.0025446279905736446,-0.3283753991127014,0.0502663254737854,-9.788814544677734
991036346000,-0.00106746144592762,-0.0022984296083450317,0.003488820744678378,-0.29106366634368896,-0.09508490562438965,-9.785614013671875
991043397000,0.0009334518108516932,0.0010833183769136667,-0.002015503356233239,-0.29347503185272217,0.07751291990280151,-9.800782203674316
991057295000,0.0003614479210227728,0.001316153910011053,0.0005406758282333612,-0.2973595857620239,-0.00999566912651062,-9.812043190002441
991064129000,0.00039830320747569203,0.0009305861894972622,0.0006289680022746325,-0.301130473613739,-0.0017842352390289307,-9.812291145324707
991071095000,0.0003275665221735835,0.0005001586396247149,0.0006484336918219924,-0.3018225133419037,-6.559491157531738e-05,-9.812150001525879
991078100000,0.00039698771433904767,3.544925129972398e-05,0.0006358535028994083,-0.30224668979644775,-0.0003512054681777954,-9.810769081115723
991084977000,0.0003282660327386111,-0.00027261010836809874,0.0006463817553594708,-0.30107581615448,5.84721565246582e-05,-9.810661315917969
991098848000,-0.0006700580124743283,-0.00039800110971555114,0.00016296627291012555,-0.27277761697769165,-0.040029898285865784,-9.812918663024902
991105839000,0.0003898472059518099,0.000220268324483186,0.0005349094863049686,-0.2936781644821167,-0.012061387300491333,-9.805015563964844
991112782000,0.00036412139888852835,0.00013408159429673105,0.0006423589657060802,-0.29918763041496277,-0.0017305314540863037,-9.808096885681152
991119731000,0.00034483277704566717,-3.549864050000906e-05,0.0006518725422210991,-0.3002280294895172,-0.00020056962966918945,-9.80756950378418
991133585000,-0.0008034514030441642,-7.081660442054272e-05,0.0001279933931073174,-0.272176593542099,-0.04299970716238022,-9.811055183410645
991140597000,0.00036353094037622213,0.0005822934908792377,0.0005266815423965454,-0.2932433485984802,-0.013110548257827759,-9.806195259094238
991147474000,0.0004454898298718035,0.0003864766622427851,0.0006301351822912693,-0.2998470664024353,-0.0022778958082199097,-9.808551788330078
991154443000,0.00020910787861794233,0.000246013340074569,0.0004487278638407588,-0.30141428112983704,0.004253596067428589,-9.808815956115723
991161441000,0.00027773858164437115,-4.91162936668843e-05,0.0006041642627678812,-0.29981839656829834,-0.0031976252794265747,-9.807855606079102
991175307000,-0.000672732712700963,-0.00010915222810581326,0.00016370524826925248,-0.2730657756328583,-0.04020393639802933,-9.813214302062988
991182224000,0.0004220592090860009,0.00037358034751378,0.0005268359673209488,-0.29437822103500366,-0.012134507298469543,-9.806201934814453
991189121000,0.00039029348408803344,0.0002661130274645984,0.0006400056881830096,-0.2991635799407959,-0.0017858445644378662,-9.808923721313477
991196115000,0.0001936090411618352,0.00014140104758553207,0.0004501153016462922,-0.3013060390949249,0.004162952303886414,-9.808180809020996
991210010000,-0.0006913811666890979,-7.273507071658969e-05,0.00015642584185115993,-0.27310627698898315,-0.040949270129203796,-9.812841415405273
991216939000,0.0002010120078921318,0.0005680455942638218,0.0003375299274921417,-0.2946745753288269,-0.007906734943389893,-9.807694435119629
991224073000,0.0003025548649020493,0.00031828967621549964,0.0005986107862554491,-0.29893994331359863,-0.005008190870285034,-9.80813980102539
991230907000,0.0003497163997963071,0.00012692052405327559,0.0006503791082650423,-0.2999997138977051,-0.0012559741735458374,-9.80820083618164
991237824000,0.00017425842816010118,2.4210850824601948e-05,0.0004523428506217897,-0.3010946810245514,0.004175126552581787,-9.808463096618652
991244901000,-0.0005704828072339296,-0.000966154329944402,-0.0025484776124358177,-0.3282115161418915,0.050350844860076904,-9.78878402709961
991258703000,0.00036422081757336855,0.00044651198550127447,0.0005384886753745377,-0.29380759596824646,-0.01213875412940979,-9.806676864624023
991265631000,0.00044375142897479236,0.00026857477496378124,0.0006326558068394661,-0.2996411919593811,-0.002112150192260742,-9.808009147644043
991272550000,0.00017343251965939999,0.00019241344125475734,0.00045630932436324656,-0.30080533027648926,0.004368215799331665,-9.808699607849121
991279576000,0.00021191744599491358,-6.768206367269158e-05,0.0006149705150164664,-0.29942354559898376,-0.0030744224786758423,-9.80745792388916
991293443000,-0.0006667817942798138,-0.00011170824291184545,0.00016423413762822747,-0.2726455628871918,-0.040271200239658356,-9.812566757202148
991300337000,0.0003537689335644245,0.0004678466357290745,0.0005406885757111013,-0.293523907661438,-0.011923402547836304,-9.806720733642578
991307456000,0.00036739170900546014,0.00032922299578785896,0.0006441979785449803,-0.2992570996284485,-0.0018835663795471191,-9.808429718017578
991314300000,0.0002059415855910629,0.00018771743634715676,0.00045055776718072593,-0.30127257108688354,0.0040243566036224365,-9.80795669555664
991321190000,-0.0005600886070169508,-0.0008013988262973726,-0.002548111602663994,-0.32808050513267517,0.0504416823387146,-9.789155960083008
991335084000,0.0009424668969586492,0.00108552654273808,-0.0020168209448456764,-0.2934778034687042,0.07747568190097809,-9.800683975219727
991342075000,-0.0007017239695414901,0.0011940321419388056,0.0003060302115045488,-0.2794225513935089,-0.026231884956359863,-9.82059097290039
991348985000,0.00030014454387128353,0.0013647056184709072,0.0005491910269483924,-0.2969694435596466,-0.009767770767211914,-9.81261920928955
991355923000,0.0003494493430480361,0.0009586435044184327,0.0006319363601505756,-0.30130210518836975,-0.0017623752355575562,-9.812174797058105
991369790000,0.000537245359737426,-1.652369974181056e-05,0.0008416665368713439,-0.30081379413604736,-0.004435151815414429,-9.811142921447754
991376806000,0.00043291415204294026,-0.0002691092377062887,0.0006859796703793108,-0.3019448518753052,0.0030829012393951416,-9.810863494873047
991383733000,-0.0006604718510061502,-0.0011872675968334079,-0.002697491319850087,-0.3306906223297119,0.05878762900829315,-9.79111099243164
991390762000,-0.000834863050840795,-0.0005043991259299219,0.00013111242151353508,-0.2728331685066223,-0.04275315999984741,-9.811330795288086
991397612000,0.00041900837095454335,0.00026206186157651246,0.0005172559758648276,-0.29278114438056946,-0.013403847813606262,-9.804402351379395
991411518000,0.00042153350659646094,-1.0731397196650505e-05,0.0006428593187592924,-0.3003089427947998,-0.00030729174613952637,-9.807663917541504
991418448000,-0.0007028146646916866,-0.0007747550262138247,-0.0026960577815771103,-0.3294293284416199,0.05825123190879822,-9.790234565734863
991425402000,-0.000812187441624701,-6.40844227746129e-05,0.00012575449363794178,-0.2725917100906372,-0.043064482510089874,-9.811222076416016
991432329000,0.0003996350569650531,0.0005559021374210715,0.000521706766448915,-0.29347771406173706,-0.013323858380317688,-9.806233406066895
991446283000,0.00018437099060975015,0.0002566729090176523,0.0004535934131126851,-0.30120545625686646,0.004266679286956787,-9.809165954589844
991453206000,0.0002839508524630219,-6.210763240233064e-05,0.0006039335276000202,-0.30001652240753174,-0.0032917559146881104,-9.807660102844238
991460189000,-0.0004485571989789605,-0.0009653373854234815,-0.002523214090615511,-0.32870519161224365,0.05243861675262451,-9.789519309997559
991467038000,-0.0006755701615475118,-0.00015033985255286098,0.00016535230679437518,-0.27293267846107483,-0.04011911153793335,-9.81292724609375
991474072000,0.00034260679967701435,0.000454672088380903,0.0005427298019640148,-0.29355162382125854,-0.011926069855690002,-9.8069429397583
991487869000,0.00015427627658937126,0.0001878175971796736,0.00045883579878136516,-0.3008028268814087,0.004377350211143494,-9.808956146240234
991494918000,0.0002992113586515188,-0.00013535548350773752,0.0005995265091769397,-0.3000454902648926,-0.003396540880203247,-9.806768417358398
991501769000,-0.00043694849591702223,-0.0009961489122360945,-0.0025245575234293938,-0.3283534049987793,0.05243001878261566,-9.789140701293945
991508750000,-0.0006635736208409071,-0.0001264339662156999,0.00016566718113608658,-0.272505521774292,-0.040149107575416565,-9.812463760375977
991515656000,0.0003616314788814634,0.00048323007649742067,0.0005411290330812335,-0.2934521436691284,-0.011936411261558533,-9.806702613830566
991529610000,0.000147647486301139,0.00022947862453293055,0.00045833599870093167,-0.30104511976242065,0.004189550876617432,-9.808530807495117
991536498000,-0.0005866870051249862,-0.0007891339482739568,-0.0025444081984460354,-0.32839730381965637,0.05032318830490112,-9.789021492004395
991543533000,-0.0008229463710449636,3.688916331157088e-05,4.024084046250209e-05,-0.27387863397598267,-0.038303129374980927,-9.813986778259277
991550386000,0.0004986228886991739,0.000371995207387954,0.0007075268658809364,-0.29259783029556274,-0.018547676503658295,-9.806841850280762
991557370000,0.0004845681833103299,0.00031317496905103326,0.0006739173550158739,-0.2998766303062439,0.0006233453750610352,-9.809148788452148
991571236000,0.0002743325021583587,-0.00011212204117327929,0.0006092936382628977,-0.2996177077293396,-0.0031473487615585327,-9.807418823242188
991578237000,-0.00047373573761433363,-0.0009847746696323156,-0.002518904395401478,-0.32837772369384766,0.05256514251232147,-9.78920841217041
991585122000,-0.000671147252433002,-0.00011302088387310505,0.00016381121531594545,-0.27246296405792236,-0.040192387998104095,-9.81286907196045
991592145000,0.0004235765081830323,0.00039259163895621896,0.0005293663125485182,-0.2940656244754791,-0.012170687317848206,-9.805916786193848
991605966000,0.00012593813880812377,0.00021504476899281144,0.000461316027212888,-0.30077797174453735,0.004450991749763489,-9.808608055114746
991612943000,0.0002933322102762759,-9.929909720085561e-05,0.0006005784380249679,-0.2998150587081909,-0.003497302532196045,-9.806684494018555
991619818000,-0.00042030366603285074,-0.0009728936129249632,-0.002524361712858081,-0.32828742265701294,0.05231800675392151,-9.788968086242676
991626838000,-0.0006837882683612406,-0.00012715207412838936,0.00016738475824240595,-0.27245235443115234,-0.039957329630851746,-9.8126859664917
991633724000,0.0003639196802396327,0.0004927651025354862,0.0005410671001300216,-0.29323485493659973,-0.012033045291900635,-9.80683422088623
991647617000,0.00015755959611851722,0.00023591879289597273,0.0004578347725328058,-0.30093443393707275,0.004170462489128113,-9.8084135055542
991654570000,-0.0005881459219381213,-0.0007745868060737848,-0.0025424775667488575,-0.32816189527511597,0.0503510981798172,-9.789087295532227
991661532000,-0.0010848075617104769,-0.0023049339652061462,0.0034902349580079317,-0.29111185669898987,-0.09493136405944824,-9.785666465759277
991668473000,0.0009501371532678604,0.0010826685465872288,-0.0020170556381344795,-0.29339563846588135,0.07736729085445404,-9.800726890563965
991682395000,0.0002667384687811136,0.0013772696256637573,0.0005550594069063663,-0.29677504301071167,-0.00974932312965393,-9.812785148620605
991689287000,0.0003538539167493582,0.0009560823673382401,0.0006306727882474661,-0.3013787865638733,-0.0018638670444488525,-9.81196403503418
991696287000,0.00040951932896859944,0.00045894202776253223,0.000633198069408536,-0.3023061752319336,-0.0005145817995071411,-9.811349868774414
991703173000,0.0005295344744808972,-1.014914596453309e-05,0.0008432708564214408,-0.300632119178772,-0.00437520444393158,-9.811288833618164
991717081000,-0.0006627739639952779,-0.0011913219932466745,-0.0026986883021891117,-0.3307381272315979,0.05883866548538208,-9.790984153747559
991724161000,-0.0008321284549310803,-0.0005033253110013902,0.00013074962771497667,-0.27269265055656433,-0.04285082966089249,-9.811321258544922
991730989000,0.00040402839658781886,0.0002786261902656406,0.0005190072697587311,-0.29260435700416565,-0.013335764408111572,-9.804604530334473
991737900000,0.0004376844735816121,0.00016552273882552981,0.0006275904597714543,-0.299302875995636,-0.0020870566368103027,-9.807981491088867
991744891000,0.0003986347292084247,-1.800130121409893e-06,0.0006464059115387499,-0.3001171946525574,-0.00023786723613739014,-9.807851791381836
991758788000,-0.0008218638831749558,-7.016782183200121e-05,0.0001274949318030849,-0.2725757956504822,-0.043001048266887665,-9.81116771697998
991765681000,0.0003837302210740745,0.000575982965528965,0.0005244510248303413,-0.2932450771331787,-0.013302326202392578,-9.806384086608887
991772634000,0.0004353598633315414,0.0003827175823971629,0.0006308004958555102,-0.2997695803642273,-0.0021510422229766846,-9.808753967285156
991779651000,0.0002052842319244519,0.00024243559164460748,0.0004499841306824237,-0.3013516068458557,0.004207700490951538,-9.808904647827148
991793520000,-0.0004132903995923698,-0.0009841590654104948,-0.002526241820305586,-0.32882511615753174,0.052248746156692505,-9.789223670959473
991800438000,-0.0006800976698286831,-0.00014014908811077476,0.0001668799523031339,-0.27266576886177063,-0.03996623307466507,-9.813237190246582
991807405000,0.0003545729268807918,0.00044692796654999256,0.0005396516062319279,-0.2936336398124695,-0.01194588840007782,-9.806814193725586
991814292000,0.00044980121310800314,0.00025451366673223674,0.000631485425401479,-0.2997756004333496,-0.00216694176197052,-9.80809497833252
991828215000,-0.000614264456089586,-0.0008218075381591916,-0.002542022615671158,-0.3282848000526428,0.0505538135766983,-9.78913688659668
991835130000,-0.0008415212505497038,-2.6596535462886095e-05,4.327301212470047e-05,-0.27408915758132935,-0.03837144374847412,-9.8128080368042
991842274000,0.0005408367142081261,0.0003944817290175706,0.0007035374874249101,-0.2921733856201172,-0.01877734810113907,-9.806467056274414
991849024000,0.0005281622288748622,0.0003314309869892895,0.0006704418919980526,-0.2999016344547272,0.0006064921617507935,-9.809225082397461
991855958000,0.0001676480460446328,0.00022328640625346452,0.0004684988525696099,-0.30118465423583984,0.0052928924560546875,-9.80911922454834
991862959000,0.00024361434043385088,-7.994794577825814e-05,0.0006117764860391617,-0.29981470108032227,-0.00304219126701355,-9.80746841430664
991876844000,-0.0006768328021280468,-0.00011892395559698343,0.0001651374186621979,-0.2725517749786377,-0.04008931666612625,-9.813150405883789
991883809000,0.00041308533400297165,0.0003893094544764608,0.0005307759274728596,-0.29406875371932983,-0.012145668268203735,-9.806079864501953
991890768000,0.0003873302193824202,0.0002825599513016641,0.0006398630212061107,-0.2990330457687378,-0.0017515122890472412,-9.808723449707031
991897656000,0.0002251846162835136,0.0001452266296837479,0.0004462143697310239,-0.3012576401233673,0.004027754068374634,-9.807881355285645
991904579000,0.0002668920496944338,-9.048831998370588e-05,0.0006096973665989935,-0.2991906702518463,-0.0031706541776657104,-9.807551383972168
991918483000,-0.0006797457463108003,-8.691742550581694e-05,0.00016648108430672437,-0.27233558893203735,-0.040053851902484894,-9.812901496887207
991925476000,0.00035780598409473896,0.00046313926577568054,0.0005396620254032314,-0.293653666973114,-0.011967256665229797,-9.806550979614258
991932422000,0.00035524609847925603,0.0003286219434812665,0.0006445910548791289,-0.29916343092918396,-0.0018187761306762695,-9.808479309082031
991939294000,0.00022331229411065578,0.00018015425303019583,0.00044697700650431216,-0.3012647330760956,0.003919824957847595,-9.807832717895508
991946333000,-0.0005660684546455741,-0.0007993148174136877,-0.0025449765380471945,-0.32789677381515503,0.05038857460021973,-9.789299964904785
991960192000,0.0009593123104423285,0.0010925659444183111,-0.0020192409865558147,-0.293341726064682,0.07721087336540222,-9.800529479980469
991967088000,-0.0007045600796118379,0.0011881901882588863,0.000306483096210286,-0.27941614389419556,-0.026165790855884552,-9.8204984664917
991974120000,0.0002851012395694852,0.0013925350503996015,0.0005532536888495088,-0.2966751754283905,-0.009756609797477722,-9.812949180603027
991981022000,0.00034854665864259005,0.0009664514800533652,0.0006304281996563077,-0.3014181852340698,-0.001754462718963623,-9.812045097351074
991994940000,0.0005913597997277975,-4.7913112211972475e-05,0.0008313338621519506,-0.30139631032943726,-0.004803702235221863,-9.81030559539795
992001862000,0.0004480773932300508,-0.000274109625024721,0.000683415331877768,-0.3016726076602936,0.003179788589477539,-9.811188697814941
992008844000,-0.0006361193954944611,-0.001201324863359332,-0.0027023644652217627,-0.3306998610496521,0.058773159980773926,-9.791056632995605
992015717000,-0.0008312957943417132,-0.000521146401297301,0.00013131693413015455,-0.2727174758911133,-0.042772963643074036,-9.81135368347168
992022635000,0.0004149319138377905,0.00027183524798601866,0.0005178843275643885,-0.29255810379981995,-0.013366207480430603,-9.80457592010498
992036539000,0.0003997441381216049,-1.2037926353514194e-06,0.0006466275663115084,-0.3000894784927368,-0.00023581087589263916,-9.807886123657227
992043537000,-0.0006925121415406466,-0.0007731415680609643,-0.0026961504481732845,-0.32942649722099304,0.058131143450737,-9.790160179138184
992050471000,-0.0008174640242941678,-7.004657527431846e-05,0.00012756374781019986,-0.2725827693939209,-0.04300686717033386,-9.811206817626953
992057431000,0.0003811887581832707,0.0005690676625818014,0.0005237571313045919,-0.29329586029052734,-0.013250693678855896,-9.806363105773926
992064367000,0.00043652375461533666,0.0003781880368478596,0.0006305321003310382,-0.29974663257598877,-0.002179563045501709,-9.808769226074219
992078242000,0.00027248059632256627,-6.03838125243783e-05,0.0006049895891919732,-0.29979825019836426,-0.0031747668981552124,-9.807868957519531
992085147000,-0.0004220877308398485,-0.0009810032788664103,-0.0025264951400458813,-0.32878637313842773,0.05231291055679321,-9.789295196533203
992092146000,-0.0006760185933671892,-0.00012822658754885197,0.00016635099018458277,-0.27261942625045776,-0.04003407061100006,-9.813324928283691
992099033000,0.00042432252666912973,0.0003887205384671688,0.0005286214873194695,-0.2941228747367859,-0.012150764465332031,-9.806175231933594
992112999000,0.0002304354275111109,0.00013229617616161704,0.0004465312522370368,-0.3013634979724884,0.00407661497592926,-9.808063507080078
992119897000,-0.0005642966134473681,-0.0008357961196452379,-0.002546110190451145,-0.3280186653137207,0.05050569772720337,-9.789390563964844
992126864000,-0.0008469079621136189,8.116720709949732e-05,-4.2418629163876176e-05,-0.2735092341899872,-0.036680713295936584,-9.814196586608887
992133763000,0.00043257567449472845,0.0003687521384563297,0.0006954913842491806,-0.29278305172920227,-0.019503548741340637,-9.80643081665039
992147670000,0.00028886570362374187,7.593129703309387e-05,0.0006154272123239934,-0.3000936508178711,-0.002596065402030945,-9.80741024017334
992154600000,0.0003694391343742609,-0.00010105679393745959,0.0006379307596944273,-0.2999430298805237,-0.0009782016277313232,-9.807829856872559
992161639000,-0.00026843277737498283,-0.001068147481419146,-0.0023128134198486805,-0.3276963233947754,0.04893273115158081,-9.788877487182617
992168486000,-0.0007436437881551683,-9.154726285487413e-06,7.645555342605803e-06,-0.27392223477363586,-0.032501235604286194,-9.814101219177246
992175495000,0.00033871264895424247,0.0003098882152698934,0.0005872535984963179,-0.29400330781936646,-0.015758484601974487,-9.805309295654297
992189311000,0.0004198043025098741,0.00012307355063967407,0.0007055646274238825,-0.30038124322891235,0.0033868104219436646,-9.808774948120117
992196307000,0.00020171979849692434,-2.8290291083976626e-05,0.00045875023351982236,-0.30160433053970337,0.005202576518058777,-9.80762004852295
992203215000,-0.0005585332401096821,-0.0009827788453549147,-0.0025482610799372196,-0.32786619663238525,0.05053955316543579,-9.788702964782715
992210221000,-0.0007024274091236293,-0.00010266067693009973,0.0001581468532094732,-0.27215883135795593,-0.04087528586387634,-9.812358856201172
992217131000,0.0001610864419490099,0.0005760178901255131,0.00034197012428194284,-0.29419881105422974,-0.007785215973854065,-9.807082176208496
992231075000,0.0003923627082258463,0.00013534142635762691,0.0006380823324434459,-0.2994891405105591,-0.001226082444190979,-9.808146476745605
992237942000,-0.0006328177987597883,-0.0006848944467492402,-0.0027044073212891817,-0.3294488191604614,0.05774782598018646,-9.790141105651855
992244910000,-0.0010217479430139065,-0.0024604082573205233,0.0036613258998841047,-0.29013264179229736,-0.10119912028312683,-9.784600257873535
992251873000,0.00115774676669389,0.0010949602583423257,-0.0017784456722438335,-0.29201269149780273,0.07544545829296112,-9.801259994506836
992258844000,-0.0007541862432844937,0.0013529220595955849,0.0001528237189631909,-0.28122350573539734,-0.01803497225046158,-9.821732521057129
992272646000,0.0003751058247871697,0.0009339742246083915,0.0006211530417203903,-0.3009285628795624,-0.002675488591194153,-9.812297821044922
992279642000,0.0003501694882288575,0.0004821665643248707,0.000644352228846401,-0.3018770217895508,-0.0003863424062728882,-9.812068939208984
992286564000,0.0002037766680587083,0.00011184261529706419,0.0004405492218211293,-0.30295830965042114,0.004098951816558838,-9.811400413513184
992293564000,0.0002313319273525849,-0.00029553944477811456,0.0006047792267054319,-0.30049365758895874,-0.0031083673238754272,-9.810057640075684
992300438000,-0.0004668015753850341,-0.0012752327602356672,-0.002525694901123643,-0.3292471766471863,0.052312836050987244,-9.790367126464844
992314352000,0.00037291768239811063,0.00023486439022235572,0.0005368616548366845,-0.293620228767395,-0.011958301067352295,-9.805092811584473
992321261000,0.0004003339563496411,0.00012831404455937445,0.0006373128853738308,-0.2992926836013794,-0.0019204914569854736,-9.807838439941406
992328257000,0.00015058123972266912,5.913076893193647e-05,0.0004572116013150662,-0.30093294382095337,0.004307404160499573,-9.80824089050293
992335212000,-0.0005754544399678707,-0.0009275358752347529,-0.002548733027651906,-0.32833683490753174,0.05032417178153992,-9.788357734680176
992342185000,-0.0006800414412282407,-7.587776053696871e-06,0.00015617090684827417,-0.2722090482711792,-0.04107607156038284,-9.811680793762207
992355994000,0.0004197107919026166,0.00036584294866770506,0.0006333253113552928,-0.2996084690093994,-0.0018498748540878296,-9.808818817138672
992362974000,0.000191511629964225,0.00024427782045677304,0.00045255530858412385,-0.3012040853500366,0.004195451736450195,-9.808952331542969
992369932000,0.000291968637611717,-6.961490726098418e-05,0.0006036594859324396,-0.29990503191947937,-0.0033084601163864136,-9.807595252990723
992376956000,-0.00044155895011499524,-0.000970221939496696,-0.0025218783412128687,-0.3286256194114685,0.05243693292140961,-9.789444923400879
992383772000,-0.0006890094373375177,-0.00013633724302053452,0.00016667744785081595,-0.2727310061454773,-0.04000118374824524,-9.813063621520996
992397694000,0.00044782619806937873,0.0002529032644815743,0.0006284473929554224,-0.29987436532974243,-0.0022018253803253174,-9.807904243469238
992404602000,0.00017594137170817703,0.00018323649419471622,0.0004565677954815328,-0.300758421421051,0.004302710294723511,-9.808886528015137
992411589000,-0.0005991278449073434,-0.0008172117522917688,-0.002541911555454135,-0.3282659649848938,0.05048611760139465,-9.789146423339844
992418493000,-0.0008629311341792345,2.018630038946867e-05,-4.207833262626082e-05,-0.27399519085884094,-0.036724694073200226,-9.813403129577637
992432419000,0.0006550295511260629,0.00023378879996016622,0.0008362244116142392,-0.2981686592102051,-0.006347134709358215,-9.808387756347656
992439327000,0.00046183314407244325,0.0001425809459760785,0.000697529292665422,-0.30064940452575684,0.0033277124166488647,-9.809066772460938
992446312000,0.00015472411178052425,1.6931051504798234e-05,0.0004651402705349028,-0.3014155328273773,0.005477145314216614,-9.808564186096191
992453246000,-0.0005906017613597214,-0.0009762937552295625,-0.0025437541771680117,-0.3282106816768646,0.05048367381095886,-9.788819313049316
992460214000,-0.0008527555619366467,-8.006609277799726e-05,4.553022517939098e-05,-0.27338680624961853,-0.038234300911426544,-9.81257152557373
992474037000,0.0005249072564765811,0.00030693202279508114,0.0006704216357320547,-0.299513041973114,0.0006914734840393066,-9.80916976928711
992481110000,0.00014666016795672476,0.00021999998716637492,0.000471380481030792,-0.3009565770626068,0.005348220467567444,-9.808903694152832
992487948000,0.0002267415402457118,-6.523240881506354e-05,0.0006139699253253639,-0.2996111512184143,-0.003053814172744751,-9.807282447814941
992494941000,-0.0004593360936269164,-0.0009547881782054901,-0.0025198746006935835,-0.3284388482570648,0.052303582429885864,-9.788994789123535
992508818000,0.0004173846391495317,0.0004068946000188589,0.0005298862815834582,-0.29399389028549194,-0.012169614434242249,-9.806073188781738
992515717000,0.00039335506153292954,0.00030241068452596664,0.0006391493952833116,-0.29892903566360474,-0.001764446496963501,-9.808731079101562
992522679000,0.00016207291628234088,0.00020993284124415368,0.0004594511119648814,-0.3007914423942566,0.004197925329208374,-9.808500289916992
992529668000,-0.0006109803798608482,-0.0007919996860437095,-0.0025414342526346445,-0.3281126618385315,0.05051741003990173,-9.789037704467773
992536579000,-0.001082531176507473,-0.0023044554982334375,0.0034895241260528564,-0.2910318374633789,-0.09504571557044983,-9.785303115844727
992550477000,-0.0007317179697565734,0.0011899679666385055,0.0003073904081247747,-0.27946537733078003,-0.026065409183502197,-9.820450782775879
992557382000,0.0002729038242250681,0.001390801859088242,0.0005537583492696285,-0.29668986797332764,-0.009835779666900635,-9.812859535217285
992564383000,0.0003663509851321578,0.0009565043728798628,0.0006285840645432472,-0.30148831009864807,-0.0018874406814575195,-9.811884880065918
992571351000,0.00031005131313577294,0.0005189268849790096,0.0006500561721622944,-0.30180448293685913,-0.00017933547496795654,-9.812151908874512
992585196000,0.0003494679112918675,-0.0002767140103969723,0.0006440699798986316,-0.30111145973205566,-8.246302604675293e-05,-9.81058406829834
992592193000,-0.00044474692549556494,-0.001286668237298727,-0.002518119988963008,-0.32965219020843506,0.05337119102478027,-9.790382385253906
992599063000,-0.000654981064144522,-0.0003878024290315807,0.00016084406524896622,-0.27257010340690613,-0.04006022959947586,-9.81315803527832
992605999000,0.0003726625582203269,0.0002102478756569326,0.0005345211247913539,-0.29374513030052185,-0.011926203966140747,-9.805041313171387
992612994000,0.00037299192626960576,0.0001309259532717988,0.0006405916647054255,-0.2990945875644684,-0.0018570125102996826,-9.808014869689941
992626915000,-0.0006712983013130724,-0.0008337514009326696,-0.002701428486034274,-0.3296412229537964,0.05789323151111603,-9.789488792419434
992633786000,-0.0008167352061718702,-7.988105062395334e-05,0.00012811925262212753,-0.2722458243370056,-0.04298355430364609,-9.810816764831543
992640758000,0.00036969606298953295,0.0005876599461771548,0.000525621057022363,-0.2931196689605713,-0.013200893998146057,-9.806124687194824
992647727000,0.0004317740967962891,0.00039380244561471045,0.000629457994364202,-0.2997933030128479,-0.0021712183952331543,-9.808599472045898
992661625000,0.00028931236010976136,-4.48201026301831e-05,0.0006043507601134479,-0.2997884452342987,-0.0032144635915756226,-9.807900428771973
992668515000,-0.0005096403765492141,-0.0009145771618932486,-0.0025117031764239073,-0.3283795714378357,0.0526602566242218,-9.790018081665039
992675962000,-0.0006894250400364399,-0.00011720479233190417,0.00016390402743127197,-0.27307817339897156,-0.04017829895019531,-9.813094139099121
992682411000,0.0004298970743548125,0.0003809144254773855,0.0005263937055133283,-0.29423987865448,-0.012264236807823181,-9.80618953704834
992696326000,0.00021413232025224715,0.00013962099910713732,0.00044889183482155204,-0.30129602551460266,0.004083558917045593,-9.808161735534668
992703224000,-0.000589677772950381,-0.0008348515839315951,-0.0025415688287466764,-0.328066885471344,0.05052158236503601,-9.789315223693848
992710205000,-0.0008812706219032407,1.219211844727397e-05,-4.067122426931746e-05,-0.2739417850971222,-0.03658505529165268,-9.813251495361328
992717118000,0.0004930365830659866,0.00038379471516236663,0.0006872444646432996,-0.2923939824104309,-0.01988094300031662,-9.806164741516113
992724079000,0.00032607681350782514,0.00041730093653313816,0.0004691433277912438,-0.30062568187713623,0.004613712430000305,-9.809612274169922
992737960000,0.00038930110167711973,-8.579000132158399e-05,0.0006365549052134156,-0.2998679280281067,-0.0009127408266067505,-9.808087348937988
992744934000,-0.00023998518008738756,-0.0010688521433621645,-0.0023162064608186483,-0.327811062335968,0.048915550112724304,-9.788900375366211
992751896000,-0.0007371825049631298,-3.841769648715854e-05,7.980179361766204e-06,-0.2740498185157776,-0.03243577480316162,-9.814189910888672
992758856000,0.00034875248093158007,0.00031275267247110605,0.0005867589497938752,-0.2938372492790222,-0.01576519012451172,-9.805550575256348
992765742000,0.0006389602785930037,0.00018407226889394224,0.000841735047288239,-0.29774221777915955,-0.005988970398902893,-9.808427810668945
992779664000,9.550216782372445e-05,2.3166081518866122e-05,0.00047379950410686433,-0.30109328031539917,0.005622982978820801,-9.808453559875488
992786591000,-0.0006105054635554552,-0.0009665261604823172,-0.00254374579526484,-0.32816821336746216,0.05039872229099274,-9.788375854492188
992793567000,-0.000673646223731339,-7.940444629639387e-05,0.0001531963935121894,-0.2722041606903076,-0.04118163138628006,-9.812350273132324
992800453000,0.00023186078760772943,0.0005075583467260003,0.00033239502226933837,-0.2948078513145447,-0.007952481508255005,-9.806486129760742
992814390000,0.00035871268482878804,0.00013848714297637343,0.0006438858690671623,-0.29963237047195435,-0.0012088268995285034,-9.80797004699707
992821299000,-0.0006713726324960589,-0.0006801402778364718,-0.002700746525079012,-0.3294607102870941,0.05781129002571106,-9.790083885192871
992828292000,-0.0010404875501990318,-0.0025100072380155325,0.0036635263822972775,-0.2904878556728363,-0.10129387676715851,-9.783683776855469
992835195000,0.0011997866677120328,0.0011038572993129492,-0.0017825006507337093,-0.2917267084121704,0.0752047449350357,-9.800978660583496
992849116000,0.00022212695330381393,0.0013423851924017072,0.0005172003293409944,-0.2975531220436096,-0.011569425463676453,-9.811567306518555
992856006000,0.00038506946293637156,0.0009343355777673423,0.0006192121072672307,-0.30109912157058716,-0.002723321318626404,-9.812250137329102
992863006000,0.00032011824077926576,0.0004915124154649675,0.0006472389795817435,-0.3017992377281189,-0.0002359449863433838,-9.812355041503906
992869895000,0.0003893745015375316,1.8219812773168087e-05,0.0006362483836710453,-0.30224156379699707,-0.0003761202096939087,-9.810869216918945
992883800000,-0.00036078854463994503,-0.0012939069420099258,-0.002473501255735755,-0.33015984296798706,0.05654853582382202,-9.790970802307129
992890714000,-0.0006762324483133852,-0.0004981374950148165,0.00017425656551495194,-0.27336621284484863,-0.038960687816143036,-9.812281608581543
992897719000,0.0003925849450752139,0.00022920899209566414,0.0005338271730579436,-0.2930773198604584,-0.011930897831916809,-9.80496883392334
992904637000,0.00040962721686810255,0.0001349930535070598,0.0006352569325827062,-0.29922205209732056,-0.0018773972988128662,-9.807820320129395
992911693000,0.00015080961748026311,7.248213660204783e-05,0.00045754172606393695,-0.3008667528629303,0.004321262240409851,-9.808365821838379
992925560000,-0.0006823805742897093,-1.7780752386897802e-05,0.00015706605336163193,-0.27221304178237915,-0.04098878055810928,-9.811727523803711
992932463000,0.00023086811415851116,0.000621106184553355,0.0003331029147375375,-0.2947632670402527,-0.007946416735649109,-9.806748390197754
992939354000,0.000335725664626807,0.0003642002702690661,0.0005917582893744111,-0.29902219772338867,-0.00505027174949646,-9.808375358581543
992946336000,0.0003844377351924777,0.00016043143114075065,0.0006375988596118987,-0.3001452386379242,-0.0011695772409439087,-9.80841064453125
992960252000,-0.0004243537550792098,-0.0009755195351317525,-0.0025131958536803722,-0.3289443850517273,0.053429365158081055,-9.7894926071167
992967128000,-0.0008629969088360667,-0.00011625495972111821,5.87560425628908e-05,-0.2738014757633209,-0.03695344179868698,-9.8131103515625
992974059000,0.0005648999940603971,0.00031998803024180233,0.0006984500214457512,-0.2922285795211792,-0.018706224858760834,-9.805366516113281
992981084000,0.0005279735196381807,0.0002915588265750557,0.0006707839202135801,-0.2996567487716675,0.0006554126739501953,-9.809300422668457
992994977000,-0.0005107637261971831,-0.0008646241622045636,-0.002554283244535327,-0.32880932092666626,0.05027499794960022,-9.788476943969727
993001873000,-0.0008742663776502013,6.446882616728544e-05,-3.964097777497955e-05,-0.27332139015197754,-0.03639218211174011,-9.814615249633789
993008869000,0.00028604737599380314,0.0004436811141204089,0.0004922906518913805,-0.29366934299468994,-0.015368536114692688,-9.806741714477539
993015747000,0.0003936677530873567,0.0002562175504863262,0.0007179891690611839,-0.2992181181907654,-0.004453420639038086,-9.808228492736816
993022678000,0.0003683045506477356,0.0001285964681301266,0.0006722117541357875,-0.2997951805591583,0.0007898807525634766,-9.808676719665527
993036634000,-0.0006023769965395331,-0.000971172412391752,-0.0025420815218240023,-0.32811063528060913,0.050493836402893066,-9.78877067565918
993043606000,-0.0008473037742078304,-6.188475526869297e-05,4.474650268093683e-05,-0.2733367383480072,-0.03829614073038101,-9.812360763549805
993050479000,0.0005648333462886512,0.0003376874083187431,0.0006997116142883897,-0.292241632938385,-0.018860265612602234,-9.805217742919922
993057394000,0.0005217478610575199,0.00031807695631869137,0.0006714531918987632,-0.2995210886001587,0.0007028281688690186,-9.809155464172363
993064385000,0.00016263093857560307,0.00022727801115252078,0.00047051123692654073,-0.30098843574523926,0.005267515778541565,-9.808879852294922
993078315000,-0.00044904567766934633,-0.0009567512897774577,-0.002520754700526595,-0.3284618854522705,0.05231344699859619,-9.789023399353027
993085196000,-0.0006834878586232662,-0.0001102242385968566,0.00016655812214594334,-0.27250224351882935,-0.040052466094493866,-9.813081741333008
993092206000,0.0003464696346782148,0.00045306183164939284,0.0005416589556261897,-0.29357075691223145,-0.01195591688156128,-9.806722640991211
993099089000,0.0004242582945153117,0.0002784615207929164,0.0006321936962194741,-0.29949522018432617,-0.002043589949607849,-9.807991981506348
993113009000,-0.0006028294446878135,-0.0007961093215271831,-0.002540257293730974,-0.32803475856781006,0.05052387714385986,-9.789156913757324
993119913000,-0.001081335823982954,-0.002308150753378868,0.0034901765175163746,-0.29102399945259094,-0.09497751295566559,-9.7853364944458
993127040000,0.000948080443777144,0.0010858264286071062,-0.0020165324676781893,-0.29336029291152954,0.0773887038230896,-9.80055046081543
993133811000,-0.000716727168764919,0.0011960533447563648,0.00030724582029506564,-0.27934518456459045,-0.02612898498773575,-9.820609092712402
993147725000,0.0003504720516502857,0.0009570344118401408,0.0006300082895904779,-0.30145347118377686,-0.0018045604228973389,-9.811931610107422
993154623000,0.0003114562132395804,0.0005167816416360438,0.0006500339368358254,-0.30182141065597534,-0.0002547949552536011,-9.812093734741211
993161746000,0.0003904580953530967,4.176449147053063e-05,0.0006360511179082096,-0.30227920413017273,-0.00038279592990875244,-9.81072998046875
993168533000,0.0003361681883689016,-0.0002740374766290188,0.0006458829157054424,-0.3010788559913635,-1.1593103408813477e-05,-9.810630798339844
993182420000,-0.0006611493299715221,-0.0003901293966919184,0.00016044353833422065,-0.27257198095321655,-0.04001348465681076,-9.813117980957031
993189345000,0.00037614189204759896,0.00021448115876410156,0.000535007449798286,-0.29370540380477905,-0.011997029185295105,-9.805033683776855
993196367000,0.0003733777557499707,0.00013187949662096798,0.0006409115740098059,-0.2991187572479248,-0.0018363893032073975,-9.808024406433105
993203241000,0.00019104187958873808,-2.7817441150546074e-06,0.000539897067938,-0.3012104034423828,0.002587258815765381,-9.807512283325195
993210252000,-0.0005403681425377727,-0.0009160197805613279,-0.002531026490032673,-0.32797038555145264,0.05146263539791107,-9.788782119750977
993224086000,0.0003941857139579952,0.0005495824152603745,0.0005315985763445497,-0.2938200831413269,-0.012165054678916931,-9.806389808654785
993231080000,0.00043588297558017075,0.0003722869441844523,0.0006325382273644209,-0.2997093200683594,-0.002009347081184387,-9.808723449707031
993238004000,0.00020235970441717654,0.00023444739053957164,0.0004496747278608382,-0.30135294795036316,0.004260540008544922,-9.808820724487305
993244970000,0.0002748153347056359,-5.740256165154278e-05,0.0006055705016478896,-0.2997453808784485,-0.0032260119915008545,-9.807847023010254
993251863000,-0.00042687804671004415,-0.0009789194446057081,-0.002526764525100589,-0.328805148601532,0.05236533284187317,-9.789234161376953
993265762000,0.0003571007400751114,0.0004400746547617018,0.0005403367104008794,-0.29375743865966797,-0.011955156922340393,-9.806802749633789
993272701000,0.00044626265298575163,0.0002459888346493244,0.0006312003242783248,-0.2998025119304657,-0.002117171883583069,-9.808034896850586
993279660000,0.00017226497584488243,0.000175724970176816,0.0004571345343720168,-0.30079320073127747,0.004349276423454285,-9.808865547180176
993286580000,-0.0005154578248038888,-0.0008725541993044317,-0.0025551975704729557,-0.3286641538143158,0.050211235880851746,-9.78851318359375
993300514000,0.0001791978138498962,0.0005455666105262935,0.00033939871354959905,-0.2950540781021118,-0.007713288068771362,-9.807768821716309
993307404000,0.0003587355022318661,0.0002556073304731399,0.0005872932961210608,-0.29921162128448486,-0.005302891135215759,-9.807616233825684
993314452000,0.0003595402813516557,0.00010946020483970642,0.0006432984955608845,-0.2996005713939667,-0.0010564029216766357,-9.808507919311523
993321310000,0.00017818242486100644,5.019697709940374e-06,0.0004511845763772726,-0.3010480999946594,0.004111617803573608,-9.808362007141113
993328308000,-0.0005808415589854121,-0.0009751583565957844,-0.0025477062445133924,-0.32807886600494385,0.05040232837200165,-9.788763999938965
993342188000,0.0003404543676879257,0.00046295393258333206,0.0005390741862356663,-0.29362449049949646,-0.012042805552482605,-9.806689262390137
993349118000,0.0004388817469589412,0.00027244730154052377,0.0006292234174907207,-0.29968497157096863,-0.0021548569202423096,-9.807821273803711
993356033000,0.00018172088311985135,0.0002033840137301013,0.00045689407852478325,-0.30066853761672974,0.004227042198181152,-9.808757781982422
993363093000,0.00024290833971463144,-6.611977005377412e-05,0.0006128228851594031,-0.29944366216659546,-0.0031602084636688232,-9.807394981384277
993369973000,-0.00046603952068835497,-0.0009530027746222913,-0.002519560046494007,-0.3284209370613098,0.052409932017326355,-9.788972854614258
993383959000,0.00035207177279517055,0.00045151423546485603,0.000548621523194015,-0.29368600249290466,-0.012091606855392456,-9.806513786315918
993390850000,0.0003728665178641677,0.00032034405739977956,0.000643481791485101,-0.2991633415222168,-0.0017887800931930542,-9.808459281921387
993397833000,0.00022774124226998538,0.0001781296159606427,0.0004476078902371228,-0.3012145757675171,0.003967225551605225,-9.807913780212402
993404748000,-0.0005628450307995081,-0.0008023533737286925,-0.002544092945754528,-0.3279363512992859,0.05046956241130829,-9.78926944732666
993411764000,-0.0010887267999351025,-0.0023118495009839535,0.003492638235911727,-0.2909621596336365,-0.09483175724744797,-9.785574913024902
993425683000,-0.0007051561260595918,0.0011925406288355589,0.0003063298645429313,-0.2793723940849304,-0.026205047965049744,-9.820548057556152
993432568000,0.0002684456994757056,0.0013875220902264118,0.000554097758140415,-0.2967221140861511,-0.009680002927780151,-9.812870025634766
993439469000,0.0003703476977534592,0.0009581750491634011,0.0006296453648246825,-0.3014410436153412,-0.0019464343786239624,-9.811922073364258
993446485000,0.0003069378435611725,0.0005161813460290432,0.0006500805029645562,-0.3018476963043213,-0.00012104213237762451,-9.812118530273438
993460386000,0.0004547664721030742,-0.0002725571976043284,0.0006835278472863138,-0.30169254541397095,0.0030982643365859985,-9.811123847961426
993467254000,-0.0006536631844937801,-0.0012003781739622355,-0.0027005616575479507,-0.33071571588516235,0.0588822215795517,-9.791046142578125
993474229000,-0.0008342100773006678,-0.0005066043231636286,0.00013113558816257864,-0.2726348042488098,-0.04282287508249283,-9.811400413513184
993481222000,0.00039976308471523225,0.00027486946783028543,0.0005182952736504376,-0.29261887073516846,-0.013305902481079102,-9.804585456848145
993488120000,0.00045543257147073746,0.00016201325342990458,0.0006266891141422093,-0.29929491877555847,-0.0022094547748565674,-9.807936668395996
993502048000,-0.0005995549727231264,-0.0008346184622496367,-0.002711208537220955,-0.32995179295539856,0.057813286781311035,-9.789344787597656
993508990000,-0.0008356490870937705,-8.966383757069707e-05,0.00013412648695521057,-0.27217864990234375,-0.04272311180830002,-9.8115234375
993515994000,0.0004147258005104959,0.0005612722598016262,0.000517124542966485,-0.29330283403396606,-0.01333017647266388,-9.806053161621094
993522872000,0.00047937341150827706,0.0003757016093004495,0.0006252838065847754,-0.29968932271003723,-0.0022540688514709473,-9.808806419372559
993536729000,0.00029845276731066406,-5.602207966148853e-05,0.00060355628374964,-0.29986220598220825,-0.0032095611095428467,-9.807879447937012
993543787000,-0.0004972348106093705,-0.0009267317363992333,-0.002513017738237977,-0.32837414741516113,0.0526493638753891,-9.790058135986328
993550622000,-0.0006835859967395663,-0.0001182158594019711,0.0001622730487724766,-0.2729884386062622,-0.04013539105653763,-9.813197135925293
993557527000,0.000410938955610618,0.00038871547440066934,0.0005294885486364365,-0.2941392660140991,-0.012198910117149353,-9.806350708007812
993564531000,0.00038283487083390355,0.00026688494835980237,0.0006408598273992538,-0.2992039918899536,-0.0017778128385543823,-9.808867454528809
993578417000,-0.0005757975741289556,-0.0008472443441860378,-0.0025430629029870033,-0.3280840218067169,0.05046007037162781,-9.789234161376953
993585313000,-0.0008529020706191659,-2.8925423976033926e-05,4.598747909767553e-05,-0.27390316128730774,-0.038145676255226135,-9.812857627868652
993592325000,0.0005458289524540305,0.0003975233994424343,0.000703425204847008,-0.2921431362628937,-0.01882394403219223,-9.806307792663574
993599222000,0.0005159042775630951,0.0003385787713341415,0.0006714296760037541,-0.2998571991920471,0.0006880462169647217,-9.809269905090332
993606149000,0.0001692120567895472,0.00022602886019740254,0.0004674152296502143,-0.301203191280365,0.005247250199317932,-9.809041976928711
993620083000,-0.00046117883175611496,-0.0009766637813299894,-0.002520746784284711,-0.32856178283691406,0.052393510937690735,-9.789170265197754
993627104000,-0.0006667800480499864,-0.00011290004476904869,0.00016390718519687653,-0.2724982500076294,-0.040175147354602814,-9.813203811645508
993633955000,0.00040998493204824626,0.00038477833732031286,0.0005302804056555033,-0.2941052317619324,-0.012080982327461243,-9.806116104125977
993640862000,0.00038934804615564644,0.0002809515281114727,0.0006398020777851343,-0.29899150133132935,-0.0017882436513900757,-9.80874252319336
993647870000,0.00019832119869533926,0.00016470698756165802,0.00045079426490701735,-0.30107754468917847,0.004117861390113831,-9.808152198791504
993661780000,-0.0010759946890175343,-0.0023058836814016104,0.0034903082996606827,-0.2908329367637634,-0.09487025439739227,-9.785449981689453
993668655000,0.0009344725403934717,0.0010963715612888336,-0.0020152421202510595,-0.29337120056152344,0.07747599482536316,-9.800576210021973
993675645000,-0.0007036883034743369,0.0011942703276872635,0.0003060025628656149,-0.2794981598854065,-0.02624102681875229,-9.820497512817383
993682571000,0.00027550116647034883,0.0013787030475214124,0.0005527422181330621,-0.29685571789741516,-0.009696125984191895,-9.812795639038086
993696501000,0.0003185757086612284,0.0005094505031593144,0.0006478505674749613,-0.3019219636917114,-0.00020544230937957764,-9.812080383300781
993703378000,0.0005519160768017173,-3.541266778483987e-05,0.0008341129869222641,-0.3013194799423218,-0.0046377032995224,-9.810500144958496
993710404000,0.0004568177100736648,-0.0002846560091711581,0.0006815640372224152,-0.3018970787525177,0.002979755401611328,-9.810882568359375
993717263000,-0.000647667096927762,-0.001196978148072958,-0.002700202399864793,-0.3306483328342438,0.05882413685321808,-9.791189193725586
993724198000,-0.0008446720894426107,-0.0005269926623441279,0.00013158358342479914,-0.2728574573993683,-0.04273189604282379,-9.811182975769043
993738093000,0.00042731259600259364,0.00017886978457681835,0.0006316740182228386,-0.29919588565826416,-0.0020383447408676147,-9.808218955993652
993745081000,0.0002241031324956566,7.573055336251855e-05,0.0004458049079403281,-0.3012399673461914,0.004133656620979309,-9.808100700378418
993752004000,-0.0005134739330969751,-0.000919585581868887,-0.0025547868572175503,-0.3284265995025635,0.05030401051044464,-9.788605690002441
993758969000,-0.0006554320571012795,3.611115971580148e-05,0.00015337971854023635,-0.27200329303741455,-0.040913306176662445,-9.812919616699219
993765901000,0.0003854106180369854,0.00051542540313676,0.0005341941141523421,-0.29434478282928467,-0.012114524841308594,-9.806771278381348
993779791000,0.0001459293853258714,0.00022292134235613048,0.00045776215847581625,-0.30122238397598267,0.004351139068603516,-9.809052467346191
993786722000,0.0002500583650544286,-8.417556819040328e-05,0.0006080803577788174,-0.29993873834609985,-0.0033169835805892944,-9.80754280090332
993793733000,-0.0004796170396730304,-0.0009767336305230856,-0.0025183565448969603,-0.32866334915161133,0.05243024230003357,-9.789358139038086
993800661000,-0.0006743682315573096,-0.00011892762267962098,0.00016336019325535744,-0.27273139357566833,-0.0401921421289444,-9.812798500061035
993814547000,0.00040419597644358873,0.00027887377655133605,0.0006376244709827006,-0.2992516756057739,-0.001866847276687622,-9.80876350402832
993821420000,0.0002093685616273433,0.00015380502736661583,0.0004495950706768781,-0.3012893795967102,0.004122048616409302,-9.808208465576172
993828426000,0.00024305217084474862,-9.025809413287789e-05,0.0006107654771767557,-0.29939696192741394,-0.003088817000389099,-9.807623863220215
993835318000,-0.00046079495223239064,-0.0009741039830259979,-0.0025200771633535624,-0.32855236530303955,0.052353620529174805,-9.788952827453613
993842327000,-0.0006731818430125713,-0.00010188028682023287,0.00016573246102780104,-0.2725183367729187,-0.04015727341175079,-9.8126859664917
993856143000,0.00044868915574625134,0.00027388453599996865,0.0006288239383138716,-0.299757182598114,-0.002170190215110779,-9.807857513427734
993863145000,0.00015938705473672599,0.00021100573940202594,0.00045747889089398086,-0.3007006049156189,0.004394248127937317,-9.808890342712402
993870047000,-0.0005766042741015553,-0.0008046867442317307,-0.0025450275279581547,-0.3283742666244507,0.05032651126384735,-9.788944244384766
993877063000,-0.0008362549124285579,9.476166451349854e-05,-4.5277651224751025e-05,-0.2735973298549652,-0.03674491494894028,-9.814563751220703
993883966000,0.0005350925493985415,0.00029720450402237475,0.0006811443017795682,-0.29337239265441895,-0.01984502375125885,-9.805946350097656
993897906000,0.0003317023511044681,4.328443901613355e-05,0.0006113412673585117,-0.3000645339488983,-0.002541258931159973,-9.807303428649902
993904763000,0.00037356113898567855,-9.92074201349169e-05,0.0006397311226464808,-0.29965507984161377,-0.0008510798215866089,-9.808094024658203
993911758000,-0.00025646318681538105,-0.0010718980338424444,-0.0023136266972869635,-0.32771816849708557,0.04893037676811218,-9.7887544631958
993918648000,-0.0007371324463747442,-5.277572199702263e-06,8.186203558580019e-06,-0.2738325595855713,-0.03249087929725647,-9.814234733581543
993932590000,0.00027735705953091383,0.0003673929313663393,0.0004782482865266502,-0.30014264583587646,0.004920691251754761,-9.809488296508789
993939480000,0.0003087226359639317,5.1381735829636455e-05,0.0006133980350568891,-0.2999402582645416,-0.002642408013343811,-9.806931495666504
993946547000,0.00034248834708705544,-8.074272773228586e-05,0.000641997205093503,-0.2995024621486664,-0.000805199146270752,-9.807843208312988
993953492000,-0.0002582342131063342,-0.0010506199905648828,-0.002295136684551835,-0.3275081515312195,0.048510342836380005,-9.788562774658203
993960453000,-0.0009645412210375071,-0.002371051348745823,0.0035447676200419664,-0.2912382483482361,-0.09050412476062775,-9.785202980041504
993974261000,-0.0007060439675115049,0.001181748230010271,0.0003062831819988787,-0.2793474495410919,-0.025968089699745178,-9.820155143737793
993981299000,0.00033758196514099836,0.001332240179181099,0.000545669172424823,-0.2970914840698242,-0.00995686650276184,-9.81197452545166
993988170000,0.0003822502912953496,0.0009509075316600502,0.0006300892564468086,-0.3010265827178955,-0.0017669051885604858,-9.812061309814453
993995164000,0.0003264842671342194,0.0005229886155575514,0.0006492275279015303,-0.3017217516899109,-0.00014732778072357178,-9.812005043029785
994008986000,-0.0004928626003675163,-0.0009824639419093728,-0.002509467536583543,-0.3301120400428772,0.053298935294151306,-9.791821479797363
994015960000,-0.0006664449465461075,-0.00036789767909795046,0.00015684175014030188,-0.2743290960788727,-0.0400632843375206,-9.816189765930176
994022866000,0.00039342232048511505,0.00010129783186130226,0.0005325819947756827,-0.29451048374176025,-0.012144908308982849,-9.80689811706543
994029844000,0.00042754397145472467,-5.364831304177642e-05,0.0006318565574474633,-0.29964151978492737,-0.0019407868385314941,-9.80827522277832
994043765000,-0.0005155336111783981,-0.0010512520093470812,-0.0025528452824801207,-0.32801878452301025,0.050258830189704895,-9.78759479522705
994050638000,-0.0008812749874778092,4.330009687691927e-05,-3.6256154999136925e-05,-0.27250221371650696,-0.03641621023416519,-9.811538696289062
994057613000,0.0004694864619523287,0.0004831499536521733,0.0006922797183506191,-0.2920718193054199,-0.019758477807044983,-9.80490493774414
994064614000,0.0003413404047023505,0.0004888944095000625,0.0004659040132537484,-0.30094242095947266,0.00452519953250885,-9.809334754943848
994071483000,0.0003073039697483182,0.00017238077998626977,0.0006149085820652544,-0.30006808042526245,-0.0024961084127426147,-9.807912826538086
994085381000,-0.0003053067484870553,-0.0009888885542750359,-0.0023054133635014296,-0.3276752531528473,0.049059122800827026,-9.789678573608398
994092308000,-0.0007476791506633162,-7.193535566329956e-06,6.609780939470511e-06,-0.2745688557624817,-0.0325537770986557,-9.814406394958496
994099276000,0.0005187989445403218,0.00025184257538057864,0.0006960225873626769,-0.2933030128479004,-0.018657758831977844,-9.805632591247559
994106200000,0.0002916960802394897,0.00033390254247933626,0.0004764636105392128,-0.3003445565700531,0.00497967004776001,-9.809724807739258
994120130000,0.0003080314490944147,-0.00010107981506735086,0.0006458893185481429,-0.2996792793273926,-0.0007873773574829102,-9.807884216308594
994127135000,-0.0002872009063139558,-0.0010680368868634105,-0.0023100879043340683,-0.32775944471359253,0.04877050220966339,-9.788483619689941
994133991000,-0.0007440524059347808,1.7960905097424984e-05,7.780902706144843e-06,-0.2738291621208191,-0.032566286623477936,-9.813660621643066
994140905000,0.0003270358720328659,0.00033760195947252214,0.0005887007573619485,-0.29401394724845886,-0.01571612060070038,-9.805158615112305
994154813000,0.0004347673966549337,0.00013941372162662446,0.0007026299135759473,-0.30045366287231445,0.003328263759613037,-9.808759689331055
994161854000,-0.0007004292565397918,-0.0007042937213554978,-0.0026843941304832697,-0.33000820875167847,0.059088125824928284,-9.789923667907715
994168742000,-0.0008266756194643676,-0.00011099007679149508,0.00013380168820731342,-0.27306801080703735,-0.04291006177663803,-9.812559127807617
994175630000,0.0003749669995158911,0.0004993835464119911,0.0005261565092951059,-0.2932932674884796,-0.01319892704486847,-9.807074546813965
994189527000,0.00036275252932682633,0.00014289857062976807,0.0006522737676277757,-0.300128698348999,-0.00025300681591033936,-9.808218002319336
994196535000,0.00014648149954155087,3.921969619113952e-05,0.0004557913343887776,-0.3009973168373108,0.004382029175758362,-9.808571815490723
994203463000,-0.0007158380467444658,-0.000930143753066659,-0.0026609976775944233,-0.3291899859905243,0.05297629535198212,-9.788580894470215
994210437000,-0.0009586181258782744,-3.760564140975475e-05,-6.185490929055959e-05,-0.2724246084690094,-0.0385206863284111,-9.81266975402832
994217374000,0.00028852318064309657,0.0004399859462864697,0.0005749622359871864,-0.29271480441093445,-0.017602264881134033,-9.805462837219238
994231313000,0.00048631083336658776,0.0001714988611638546,0.0006950769457034767,-0.30062469840049744,0.0031722187995910645,-9.80874252319336
994238139000,0.00016337579290848225,5.2816467359662056e-05,0.0004647284804377705,-0.30125147104263306,0.00553518533706665,-9.808577537536621
994245166000,-0.0005480755353346467,-0.0009595887968316674,-0.002551020821556449,-0.32824623584747314,0.050400510430336,-9.788622856140137
994252056000,-0.0008786374819464982,-1.719215651974082e-05,-3.905329140252434e-05,-0.27310681343078613,-0.03654087334871292,-9.813520431518555
994265946000,0.0003266989951953292,0.0003894063120242208,0.0004701099533122033,-0.3000865876674652,0.0047528743743896484,-9.809629440307617
994272938000,0.00034175527980551124,6.695152842439711e-05,0.0006097395089454949,-0.2998567521572113,-0.0026218146085739136,-9.807127952575684
994279844000,-0.00043829274363815784,-0.000804512994363904,-0.0025160107761621475,-0.32819294929504395,0.05271223187446594,-9.789726257324219
994286756000,-0.0008947218302637339,-0.002413745503872633,0.003702831454575062,-0.29022422432899475,-0.09830895066261292,-9.78546142578125
994293808000,0.0012295371852815151,0.0010003938805311918,-0.0017783606890588999,-0.2930032014846802,0.0764337033033371,-9.800679206848145
994307598000,0.00026069802697747946,0.001290305401198566,0.0005133606027811766,-0.2971200942993164,-0.011832371354103088,-9.811530113220215
994314568000,0.0003903902252204716,0.0009172904537990689,0.0006199493072926998,-0.300783634185791,-0.0026060789823532104,-9.812230110168457
994321500000,0.00033158840960823,0.000491993734613061,0.000648594694212079,-0.30161482095718384,-0.0002821385860443115,-9.812175750732422
994328478000,0.0001733048993628472,0.00013418203161563724,0.00044461863581091166,-0.3028186559677124,0.004169955849647522,-9.81140422821045
994342321000,-0.0006662376690655947,-0.00034691145992837846,0.00014898134395480156,-0.2737313210964203,-0.04101350158452988,-9.815776824951172
994349288000,0.0003870082146022469,0.00012435941607691348,0.0005304797668941319,-0.2944270372390747,-0.012194409966468811,-9.80672550201416
994356202000,0.00045843166299164295,-3.480454324744642e-05,0.0006311745964922011,-0.2995994985103607,-0.002172902226448059,-9.808172225952148
994363224000,0.00021642789943143725,-0.0001040421484503895,0.00044976331992074847,-0.3009541630744934,0.00428500771522522,-9.808012008666992
994370090000,0.00025626985006965697,-0.0002708548563532531,0.0006099719321355224,-0.298961877822876,-0.003108680248260498,-9.806554794311523
994383992000,-0.0006701132515445352,-2.1770072635263205e-05,0.0001666426396695897,-0.27169740200042725,-0.04010540246963501,-9.811101913452148
994390977000,0.0003610214334912598,0.0005737092578783631,0.0005404428229667246,-0.29353755712509155,-0.011940941214561462,-9.805789947509766
994397931000,0.0003988451207987964,0.0003980808542110026,0.0006346966838464141,-0.2996525168418884,-0.0018795430660247803,-9.808387756347656
994404855000,0.00020436072372831404,0.0002655021089594811,0.000450077117420733,-0.301230251789093,0.004064708948135376,-9.808599472045898
994418700000,-0.0008753753500059247,7.954798638820648e-05,-3.95201459468808e-05,-0.2738727629184723,-0.03650662302970886,-9.814905166625977
994425685000,0.0003116243169642985,0.00043790912604890764,0.0004911705618724227,-0.293803870677948,-0.015498623251914978,-9.807113647460938
994432654000,0.0005856301286257803,0.00020676045096479356,0.0008256321889348328,-0.2983010709285736,-0.0072373151779174805,-9.80843734741211
994439535000,0.000435717316577211,0.00011056254152208567,0.000696820265147835,-0.30062973499298096,0.0029220879077911377,-9.809015274047852
994453444000,-0.0005619348958134651,-0.0010155620984733105,-0.0025468519888818264,-0.3280082941055298,0.05050918459892273,-9.78888988494873
994460432000,-0.0008718370809219778,-2.7023896109312773e-05,-3.907149221049622e-05,-0.27300673723220825,-0.03659237176179886,-9.8129243850708
994467330000,0.0003331389743834734,0.00036496054963208735,0.0005760169588029385,-0.2933768928050995,-0.01701657474040985,-9.804924011230469
994474254000,0.0006541001494042575,0.00022353645181283355,0.0008387025445699692,-0.2977879047393799,-0.006288498640060425,-9.808349609375
994488157000,0.00014896134962327778,3.129343531327322e-05,0.00046846989425830543,-0.3012334704399109,0.005498766899108887,-9.808435440063477
994495186000,-0.0005715781589969993,-0.0009635910973884165,-0.0025454568676650524,-0.3281712532043457,0.050423309206962585,-9.788578033447266
994502070000,-0.0008772800792939961,3.319582901895046e-07,-3.917121284757741e-05,-0.27306145429611206,-0.036589615046978,-9.813191413879395
994509028000,0.000507234304677695,0.00032902343082241714,0.0006842032889835536,-0.29252076148986816,-0.019866369664669037,-9.805130958557129
994515969000,0.00032719451701268554,0.00040073151467368007,0.00047029441338963807,-0.3001992702484131,0.00462108850479126,-9.809511184692383
994529861000,-0.0004305719048716128,-0.0008060004329308867,-0.002517025452107191,-0.32825160026550293,0.05270907282829285,-9.789738655090332
994536767000,-0.0009057957213371992,-0.002415716415271163,0.0037035360001027584,-0.2902587056159973,-0.0982285737991333,-9.785553932189941
994543786000,0.0012474572286009789,0.0010006990050897002,-0.0017784311203286052,-0.29303497076034546,0.07628335058689117,-9.800701141357422
994550691000,-0.0007751224329695106,0.0012952766846865416,0.000160845898790285,-0.280923068523407,-0.017530694603919983,-9.82194995880127
994564575000,0.0003873923560604453,0.0009157398017123342,0.000620296283159405,-0.30083537101745605,-0.0026067644357681274,-9.812249183654785
994571501000,0.00032850386924110353,0.0004907407565042377,0.0006488849176093936,-0.30164575576782227,-0.00027836859226226807,-9.812202453613281
994578527000,0.0001699896965874359,0.00013120043149683625,0.0004449353145901114,-0.30289018154144287,0.004168972373008728,-9.811394691467285
994585381000,0.00023710525420028716,-0.00028850382659584284,0.0006051528616808355,-0.3005680441856384,-0.0032673925161361694,-9.809834480285645
994592306000,-0.00046348420437425375,-0.0012685555266216397,-0.002524635987356305,-0.3292357325553894,0.05231674015522003,-9.79033374786377
994606214000,0.00040472851833328605,0.0002214656415162608,0.000530883960891515,-0.29375511407852173,-0.01209963858127594,-9.804847717285156
994613268000,0.0003993703576270491,0.00013278392725624144,0.0006377024692483246,-0.29913991689682007,-0.0018378347158432007,-9.808061599731445
994620101000,0.00018110523524228483,5.508996400749311e-05,0.0004549721779767424,-0.3009830415248871,0.004168286919593811,-9.808140754699707
994627154000,-0.0005691844271495938,-0.0009214533492922783,-0.002546167466789484,-0.32821980118751526,0.05038568377494812,-9.788543701171875
994634018000,-0.0006833610823377967,-1.4145218301564455e-05,0.00015772099141031504,-0.2722747325897217,-0.041007764637470245,-9.81171703338623
994648161000,0.00042893143836408854,0.0003653098247013986,0.0006339444662444293,-0.2996796667575836,-0.001967296004295349,-9.808714866638184
994654839000,0.0001896935427794233,0.0002380780060775578,0.00045287571265362203,-0.30123940110206604,0.004264846444129944,-9.80890941619873
994661844000,0.0002674800925888121,-6.133993156254292e-05,0.0006069151568226516,-0.2997751832008362,-0.0032261312007904053,-9.807738304138184
994668710000,-0.00044037343468517065,-0.0009718304499983788,-0.002523592207580805,-0.32869264483451843,0.05237278342247009,-9.789307594299316
994682681000,0.0003494974516797811,0.000457356363767758,0.0005420456291176379,-0.2934316396713257,-0.011925458908081055,-9.806897163391113
994689546000,0.0004335562407504767,0.0002622555766720325,0.000630826922133565,-0.29979100823402405,-0.0020554810762405396,-9.80803108215332
994696573000,0.00016537202463950962,0.00019384193001314998,0.0004584557027556002,-0.3007325232028961,0.004289597272872925,-9.808907508850098
994703484000,-0.0005850988090969622,-0.0008193521643988788,-0.002542286179959774,-0.32834911346435547,0.05038326978683472,-9.789023399353027
994710523000,-0.0008406168781220913,8.74290126375854e-05,-4.504572643782012e-05,-0.2735719680786133,-0.03672691434621811,-9.814279556274414
994724293000,0.0004537501372396946,0.00023329294344875962,0.0007123164250515401,-0.299074649810791,-0.004590556025505066,-9.808250427246094
994731263000,0.0004116040072403848,0.00011067246668972075,0.0006683127721771598,-0.29974180459976196,0.0008598268032073975,-9.80870532989502
994738173000,0.0001312390813836828,1.7935039068106562e-05,0.00046489897067658603,-0.30102550983428955,0.004859223961830139,-9.808585166931152
994745376000,-0.0005891051259823143,-0.0009767105802893639,-0.0025444324128329754,-0.32821470499038696,0.050347909331321716,-9.788541793823242
994758981000,0.0005622790195047855,0.0003358385874889791,0.0006999094039201736,-0.29228049516677856,-0.018779948353767395,-9.805217742919922
994765985000,0.0005225028144195676,0.0003196865145582706,0.0006717030773870647,-0.29947996139526367,0.0006834566593170166,-9.809144020080566
994772891000,0.0001527288113720715,0.00023591681383550167,0.00047274204553104937,-0.30091315507888794,0.005296885967254639,-9.808948516845703
994779896000,-0.0005837042699567974,-0.0007940158247947693,-0.0025421883910894394,-0.3284428119659424,0.05053393542766571,-9.788893699645996
994786790000,-0.0010781856253743172,-0.002308685565367341,0.0034908782690763474,-0.2910633981227875,-0.09495007246732712,-9.78569221496582
994800672000,-0.0007166601717472076,0.0011847291607409716,0.00030713790329173207,-0.27943652868270874,-0.02608305960893631,-9.820570945739746
994807609000,0.0003540507750585675,0.0013218133244663477,0.0005423403345048428,-0.2972638010978699,-0.010037049651145935,-9.812183380126953
994814586000,0.00039582670433446765,0.0009260550723411143,0.000627860426902771,-0.30121445655822754,-0.001767486333847046,-9.8121976852417
994821527000,0.00033393542980775237,0.0005002800025977194,0.0006496182177215815,-0.3017699420452118,-0.00015228986740112305,-9.812199592590332
994835390000,0.0003476839337963611,-0.00027856274391524494,0.000645697582513094,-0.3010653555393219,-7.052719593048096e-05,-9.810636520385742
994842323000,-0.00045596284326165915,-0.001278804847970605,-0.0025152601301670074,-0.3296239972114563,0.053404420614242554,-9.790452003479004
994849298000,-0.0006602812791243196,-0.00039155944250524044,0.00016235608200076967,-0.2726999819278717,-0.040072619915008545,-9.812967300415039
994856228000,0.0003887884668074548,0.00021353228657972068,0.0005348191480152309,-0.293747216463089,-0.012028083205223083,-9.804991722106934
994870112000,0.00034594620228745043,-3.8598052924498916e-05,0.0006519242888316512,-0.30028897523880005,-0.0002421736717224121,-9.807499885559082
994877200000,-0.0006501611205749214,-0.0008425055420957506,-0.002704120706766844,-0.32978355884552,0.057793036103248596,-9.789349555969238
994884054000,-0.0008016082574613392,-7.212680066004395e-05,0.0001286564365727827,-0.2721649408340454,-0.04300137609243393,-9.811053276062012
994890942000,0.00036230171099305153,0.0005784781533293426,0.0005265234503895044,-0.2932663559913635,-0.01307949423789978,-9.80616283416748
994897936000,0.00043379171984270215,0.00038975029019638896,0.0006310660974122584,-0.2997947335243225,-0.0022348612546920776,-9.808627128601074
994912044000,0.00026637810515239835,-4.810778773389757e-05,0.0006059924489818513,-0.2998353838920593,-0.0030614137649536133,-9.807899475097656
994918742000,-0.0004964569816365838,-0.0009221419459208846,-0.0025125916581600904,-0.32845982909202576,0.05249282717704773,-9.789886474609375
994925683000,-0.0006793542415834963,-0.00011284981155768037,0.00016211657202802598,-0.2730572819709778,-0.04014493525028229,-9.813165664672852
994932657000,0.00041407442768104374,0.0003826370229944587,0.0005289692198857665,-0.2942766547203064,-0.012187406420707703,-9.806260108947754
994946539000,0.00021295403712429106,0.00013872656563762575,0.00044977100333198905,-0.3013187348842621,0.0040543824434280396,-9.808155059814453
994953494000,0.00023467902792617679,-9.955978021025658e-05,0.0006155830342322588,-0.2993323504924774,-0.003095373511314392,-9.807659149169922
994960420000,-0.0004845101502723992,-0.0009742319816723466,-0.0025158035568892956,-0.3284909129142761,0.052451834082603455,-9.788980484008789
994967399000,-0.000689973880071193,-0.00010444963118061423,0.0001647894678171724,-0.2725760340690613,-0.0401129350066185,-9.812402725219727
994974282000,0.00035041282535530627,0.0004733909445349127,0.0005401449161581695,-0.29362255334854126,-0.012020006775856018,-9.806450843811035
994988166000,0.00015806678857188672,0.00021821742120664567,0.0004581582616083324,-0.30071771144866943,0.004423916339874268,-9.808877944946289
994995193000,-0.0005602380260825157,-0.0008007470169104636,-0.0025471707340329885,-0.3283976912498474,0.050272390246391296,-9.788920402526855
995002147000,-0.0008216430433094501,3.8320489693433046e-05,4.193281347397715e-05,-0.27376285195350647,-0.038232579827308655,-9.814088821411133
995009117000,0.0004948584828525782,0.00037139764754101634,0.0007074263412505388,-0.2926110327243805,-0.018489032983779907,-9.806797981262207
995023048000,0.00023077352670952678,0.00015083163452800363,0.00045700735063292086,-0.30164340138435364,0.004937589168548584,-9.808201789855957
995029961000,0.0002522819268051535,-9.550123650114983e-05,0.0006146287778392434,-0.2993384599685669,-0.0029611140489578247,-9.807796478271484
995036789000,-0.0004685317981056869,-0.0009802423883229494,-0.0025180799420922995,-0.3284650444984436,0.05248256027698517,-9.789093971252441
995043799000,-0.0006833390216343105,-0.00013436353765428066,0.00016659357061143965,-0.27258601784706116,-0.040122538805007935,-9.812707901000977
995050717000,0.00042506735189817846,0.00040284389979206026,0.0005301264463923872,-0.2938842177391052,-0.012216553092002869,-9.805970191955566
995064660000,0.0001357829023618251,0.00022714841179549694,0.0004632613272406161,-0.3006964921951294,0.004337504506111145,-9.808696746826172
995071506000,-0.0005309027037583292,-0.0008303556242026389,-0.0025539216585457325,-0.32863375544548035,0.05017292499542236,-9.788342475891113
995078537000,-0.0010957028716802597,-0.002338554710149765,0.00349435955286026,-0.29091188311576843,-0.09479743987321854,-9.785345077514648
995085397000,0.000964373117312789,0.0011060978285968304,-0.0020205145701766014,-0.29316967725753784,0.07734571397304535,-9.800573348999023
995092357000,-0.0006572843412868679,0.001264264457859099,0.0003006799379363656,-0.27907317876815796,-0.026233315467834473,-9.821250915527344
995106224000,0.0004087556735612452,0.0009316032519564033,0.0006268281140364707,-0.3013966679573059,-0.00187741219997406,-9.812112808227539
995113225000,0.000345823063980788,0.000496768276207149,0.0006480625597760081,-0.30183470249176025,-0.00013744831085205078,-9.812301635742188
995120110000,0.0003781930427066982,3.097092849202454e-05,0.000637281103990972,-0.3022473454475403,-0.00016704201698303223,-9.81094741821289
995127099000,0.00035011867294088006,-0.00028446243959479034,0.0006460109143517911,-0.3011183738708496,-0.00014331936836242676,-9.810643196105957
995140953000,-0.0008336189785040915,-0.0005080942646600306,0.00013056251918897033,-0.27267181873321533,-0.042911894619464874,-9.811223983764648
995147954000,0.000420333759393543,0.00027755965129472315,0.0005170651129446924,-0.2926526367664337,-0.01340918242931366,-9.804434776306152
995154842000,0.0004449225671123713,0.00017327451496385038,0.000627846282441169,-0.2992790937423706,-0.002070695161819458,-9.808073997497559
995161864000,0.00040562343201600015,4.342320607975125e-06,0.0006448135245591402,-0.30017298460006714,-0.0002056211233139038,-9.807897567749023
995168726000,-0.0006734709604643285,-0.0007758765132166445,-0.0026985828299075365,-0.3295440077781677,0.058064013719558716,-9.790108680725098
995182648000,0.00038131437031552196,0.0005771145224571228,0.0005258219316601753,-0.2932623028755188,-0.013289794325828552,-9.8064546585083
995189639000,0.0004281977890059352,0.00038015181780792773,0.0006310729659162462,-0.2998505234718323,-0.002107396721839905,-9.808760643005371
995196639000,0.00021300320804584771,0.00023379603226203471,0.00044919984065927565,-0.30143845081329346,0.0041389018297195435,-9.808843612670898
995203470000,0.0002862521505448967,-6.186822429299355e-05,0.0006053693941794336,-0.29981714487075806,-0.003234758973121643,-9.807913780212402
995217397000,-0.0006641668733209372,-0.000133408117108047,0.00016588819562457502,-0.2727506458759308,-0.040147364139556885,-9.813213348388672
995224270000,0.0004239421687088907,0.0003890186781063676,0.0005300026386976242,-0.294126957654953,-0.012110739946365356,-9.806272506713867
995231319000,0.00040288647869601846,0.0002714231377467513,0.0006389806512743235,-0.29924601316452026,-0.001780480146408081,-9.808871269226074
995238168000,0.00022350004292093217,0.00012913452519569546,0.0004482718650251627,-0.3014061152935028,0.004078343510627747,-9.8080472946167
995252078000,-0.0006583030917681754,-7.217400707304478e-06,0.00015444049495272338,-0.2727069854736328,-0.041076771914958954,-9.813672065734863
995259038000,0.00019928388064727187,0.0004964594263583422,0.0004289140924811363,-0.2952127456665039,-0.009273126721382141,-9.807364463806152
995266018000,0.0003982491325587034,0.0002512719656806439,0.0006035062251612544,-0.2991182506084442,-0.004172846674919128,-9.807827949523926
995272930000,0.0003711477620527148,0.00010576946078799665,0.0006466308259405196,-0.2997187376022339,-0.0006905347108840942,-9.80853271484375
995279917000,0.0003493974218145013,-7.561338134109974e-05,0.0006508319056592882,-0.300129771232605,-9.98377799987793e-05,-9.808027267456055
995293782000,-0.0007969618309289217,-0.0001648052129894495,0.00012780929682776332,-0.27226492762565613,-0.04303984344005585,-9.811887741088867
995300721000,0.000410566630307585,0.0004416413721628487,0.0005198029684834182,-0.2934071123600006,-0.013234302401542664,-9.805771827697754
995307624000,0.0004221370618324727,0.0003247144049964845,0.000634464668110013,-0.2991042137145996,-0.0020551085472106934,-9.808688163757324
995314653000,0.0001818463788367808,0.0002342594088986516,0.0004575467901304364,-0.3008701503276825,0.004204466938972473,-9.808686256408691
995321563000,0.00023256306303665042,-4.782520409207791e-05,0.000612755015026778,-0.29958486557006836,-0.0030898749828338623,-9.807435989379883
995335406000,-0.0006861814763396978,-0.00011159625137224793,0.00016703494475223124,-0.2725925147533417,-0.04003226011991501,-9.813098907470703
995342335000,0.00036530528450384736,0.00045229404349811375,0.0005387347191572189,-0.2936342656612396,-0.012023106217384338,-9.80671501159668
995349327000,0.0003671043086796999,0.000317421363433823,0.0006446826737374067,-0.2992003560066223,-0.0018603354692459106,-9.808536529541016
995356228000,0.000219732042751275,0.0001723449386190623,0.00044832643470726907,-0.3012840449810028,0.003987595438957214,-9.807904243469238
995370144000,-0.0010878131724894047,-0.002311432734131813,0.003492080606520176,-0.2910284698009491,-0.09491097182035446,-9.785443305969238
995377052000,0.0009569353424012661,0.0010855327127501369,-0.0020171748474240303,-0.2933993637561798,0.07734344899654388,-9.80053997039795
995384090000,-0.0007059078197926283,0.0011962356511503458,0.0003073680854868144,-0.27938538789749146,-0.026151932775974274,-9.820634841918945
995391001000,0.0002803228562697768,0.0013836524449288845,0.0005540675483644009,-0.2968170940876007,-0.009734928607940674,-9.812817573547363
995397963000,0.00036073237424716353,0.0009551910916343331,0.0006301593384705484,-0.3014814853668213,-0.001832723617553711,-9.811963081359863
995411945000,0.0005723195499740541,-4.470202839002013e-05,0.0008327473769895732,-0.3014715909957886,-0.0048383623361587524,-9.810208320617676
995418756000,0.000447542144684121,-0.0002718446485232562,0.0006842365255579352,-0.3017268776893616,0.003083735704421997,-9.811111450195312
995425687000,-0.0006476414855569601,-0.00120365503244102,-0.002702317200601101,-0.33078956604003906,0.0588463693857193,-9.790969848632812
995432661000,-0.0008337633335031569,-0.0005122671718709171,0.00013138509530108422,-0.27269595861434937,-0.04282624274492264,-9.81132698059082
995439566000,0.00042446109000593424,0.0002722567005548626,0.000517785141710192,-0.2926522493362427,-0.01343315839767456,-9.804516792297363
995453469000,0.00038884792593307793,2.2276071831583977e-07,0.0006454972899518907,-0.30012989044189453,-0.00012262165546417236,-9.807924270629883
995460396000,-0.0006698818760924041,-0.000779630325268954,-0.0026987541932612658,-0.3295413851737976,0.05796098709106445,-9.790042877197266
995467371000,-0.0008023164118640125,-6.312725599855185e-05,0.00012778909876942635,-0.27252697944641113,-0.043010272085666656,-9.81143856048584
995474292000,0.00035974261118099093,0.0005654834676533937,0.0005260519101284444,-0.29339152574539185,-0.013075485825538635,-9.806473731994629
995481264000,0.000431722350185737,0.00037252408219501376,0.0006307085859589279,-0.2998133897781372,-0.0022416412830352783,-9.808693885803223
995495207000,0.0002740775526035577,-6.044251495040953e-05,0.0006066596251912415,-0.29981112480163574,-0.003219977021217346,-9.807870864868164
995502082000,-0.00043906556675210595,-0.0009770167525857687,-0.002524657640606165,-0.3288158178329468,0.052414923906326294,-9.789320945739746
995509015000,-0.0006650455761700869,-0.00013173982733860612,0.00016569139552302659,-0.2727247476577759,-0.040154263377189636,-9.813153266906738
995516008000,0.00043733965139836073,0.00038669942296110094,0.0005288464599289,-0.2941567897796631,-0.01217755675315857,-9.806173324584961
995529919000,0.0002225966309197247,0.00013306803884916008,0.00044668742339126766,-0.3014242649078369,0.004113525152206421,-9.808038711547852
995536805000,-0.000551675446331501,-0.0008369836723431945,-0.0025464335922151804,-0.32807457447052,0.050398558378219604,-9.78934097290039
995543758000,-0.0006646420224569738,-9.902403689920902e-06,0.00015431157953571528,-0.27270931005477905,-0.04095657169818878,-9.81377124786377
995550716000,0.00034360046265646815,0.0004637895035557449,0.0005402304814197123,-0.2942081391811371,-0.012006893754005432,-9.80747127532959
995557642000,0.00045213825069367886,0.0002498026005923748,0.0006295167258940637,-0.2999507188796997,-0.002201363444328308,-9.807961463928223
995571532000,0.0003074524865951389,-0.0001380366156809032,0.0006022191373631358,-0.3000120520591736,-0.0034134089946746826,-9.806845664978027
995578556000,-0.0004248119075782597,-0.0010004921350628138,-0.002522037597373128,-0.3283161520957947,0.05241347849369049,-9.789214134216309
995585403000,-0.0006826664321124554,-0.0001328734797425568,0.00016823298938106745,-0.2724745273590088,-0.03996880352497101,-9.812756538391113
995592342000,0.0003477018908597529,0.0004650427435990423,0.0005411889869719744,-0.29349076747894287,-0.011921912431716919,-9.806586265563965
995606247000,0.00020488930749706924,0.00018807455489877611,0.00044934594188816845,-0.3012869656085968,0.0040137022733688354,-9.807992935180664
995613218000,0.00027527095517143607,-7.534530595876276e-05,0.0006063082837499678,-0.29942530393600464,-0.003229588270187378,-9.80742073059082
995620179000,-0.0004450454143807292,-0.0009585978114046156,-0.0025205924175679684,-0.32839435338974,0.05238683521747589,-9.78905200958252
995627081000,-0.000670432869810611,-0.00011385517427697778,0.0001665926247369498,-0.2725399136543274,-0.04010331630706787,-9.81289005279541
995634120000,0.00034455832792446017,0.0004717174160759896,0.0005430725868791342,-0.29345211386680603,-0.011891230940818787,-9.806891441345215
995648001000,0.0001936162734637037,0.00020404436509124935,0.0004541188245639205,-0.3006501793861389,0.004281133413314819,-9.808743476867676
995654852000,-0.0005600671865977347,-0.000796629989054054,-0.002542979782447219,-0.3281153440475464,0.05034475028514862,-9.789117813110352
995661873000,-0.0010914178565144539,-0.002313042990863323,0.0034915832802653313,-0.29103338718414307,-0.09476116299629211,-9.785627365112305
995668761000,0.0009451308287680149,0.0010856466833502054,-0.00201684283092618,-0.29338327050209045,0.07737226784229279,-9.800616264343262
995675684000,-0.0006989493849687278,0.0011937350500375032,0.00030659919138997793,-0.2793901264667511,-0.026241764426231384,-9.820595741271973
995689580000,0.0003400418208912015,0.000962394755333662,0.000633732124697417,-0.3013613522052765,-0.0017623752355575562,-9.812098503112793
995696581000,0.0003898115537595004,0.00046090103569440544,0.0006376839592121542,-0.3023757338523865,-0.0005025565624237061,-9.811339378356934
995703483000,0.0005391751183196902,-1.723814057186246e-05,0.0008420863887295127,-0.30074095726013184,-0.004451289772987366,-9.811169624328613
995717397000,-0.0006476647686213255,-0.0011965015437453985,-0.0026989595498889685,-0.330795019865036,0.05875055491924286,-9.790946006774902
995724297000,-0.0008315431186929345,-0.000493490369990468,0.00013209097960498184,-0.27262961864471436,-0.042793624103069305,-9.811553001403809
995731321000,0.00040737647213973105,0.0002586599439382553,0.0005175175028853118,-0.29283231496810913,-0.01330554485321045,-9.80444049835205
995738219000,0.00044404296204447746,0.00016308174235746264,0.0006306767463684082,-0.2992011308670044,-0.0021781176328659058,-9.808039665222168
995745196000,0.00039318387280218303,-9.372131898999214e-06,0.0006471583619713783,-0.30018746852874756,-0.00013159215450286865,-9.80781078338623
995759011000,-0.0008100848644971848,-6.527587538585067e-05,0.0001268691848963499,-0.2725895345211029,-0.04312922805547714,-9.811107635498047
995766017000,0.0003919543814845383,0.0005640651797875762,0.0005239679594524205,-0.2933732867240906,-0.013285279273986816,-9.806302070617676
995772931000,0.00043029163498431444,0.00037806652835570276,0.000631067727226764,-0.2997502088546753,-0.0020884424448013306,-9.808795928955078
995779893000,0.0002128827472915873,0.0002446440630592406,0.0004511642036959529,-0.3013203740119934,0.004119992256164551,-9.808953285217285
995793749000,-0.000441593409050256,-0.0009757659863680601,-0.0025247863959521055,-0.32878559827804565,0.05239230394363403,-9.789342880249023
995800723000,-0.0006617295439355075,-0.0001300096046179533,0.00016544561367481947,-0.2727074921131134,-0.040185295045375824,-9.81320858001709
995807629000,0.00034063143539242446,0.0004415585717651993,0.0005423868424259126,-0.2937221825122833,-0.011829212307929993,-9.806906700134277
995814645000,0.00043493014527484775,0.00025122961960732937,0.000632713083177805,-0.29980987310409546,-0.0021382570266723633,-9.808073043823242
995821522000,0.00018647151591721922,0.00016816082643344998,0.0004562254762277007,-0.3009186387062073,0.004242151975631714,-9.808732032775879
995835424000,-0.000661394267808646,-7.4569834396243095e-06,0.00015439250273630023,-0.27241218090057373,-0.04099373519420624,-9.813929557800293
995842390000,0.00017721328185871243,0.000541810761205852,0.00034010910894721746,-0.2951469421386719,-0.007675439119338989,-9.80777359008789
995849337000,0.0003441066946834326,0.00025786671903915703,0.0005894491914659739,-0.299194872379303,-0.005254372954368591,-9.80767822265625
995856249000,0.0003801296988967806,9.42691694945097e-05,0.0006399098201654851,-0.29977840185165405,-0.0011693090200424194,-9.808279991149902
995870161000,-0.0005624832701869309,-0.0009783104760572314,-0.002548238728195429,-0.3282070457935333,0.05020524561405182,-9.788588523864746
995877108000,-0.0006909489748068154,-9.908078936859965e-05,0.00015761186659801751,-0.27231189608573914,-0.04095546156167984,-9.8125581741333
995884083000,0.0003541363403201103,0.0004646279849112034,0.0005400142399594188,-0.2936197519302368,-0.012157738208770752,-9.806604385375977
995890985000,0.00045142919407226145,0.00027167718508280814,0.0006311762263067067,-0.2997238039970398,-0.002165853977203369,-9.807829856872559
995897965000,0.00016506954852957278,0.00021166252554394305,0.00045832936302758753,-0.3006492257118225,0.004402786493301392,-9.808878898620605
995911847000,-0.0004676313837990165,-0.0009499634034000337,-0.0025190257001668215,-0.3283883333206177,0.052424460649490356,-9.789066314697266
995918803000,-0.0006845949101261795,-0.00011177425039932132,0.00016615059575997293,-0.27259552478790283,-0.04011848568916321,-9.81278133392334
995925686000,0.0003622484509833157,0.0004677303950302303,0.0005411242600530386,-0.29349613189697266,-0.012049168348312378,-9.806732177734375
995932692000,0.00044159754179418087,0.0002798392379190773,0.0006318145897239447,-0.2996245324611664,-0.002056017518043518,-9.807883262634277
995939592000,0.0001810236572055146,0.00020922496332786977,0.00045543635496869683,-0.30066490173339844,0.004311874508857727,-9.808735847473145
995953484000,-0.0010817151051014662,-0.0023045153357088566,0.0034889238886535168,-0.2909523844718933,-0.09482912719249725,-9.78566837310791
995960494000,0.0009522594045847654,0.0010866033844649792,-0.002016620244830847,-0.2934168577194214,0.07734066247940063,-9.800673484802246
995967480000,-0.000718410883564502,0.0011927145533263683,0.00030772079480811954,-0.2794025242328644,-0.026104368269443512,-9.82060718536377
995974318000,0.0002788084093481302,0.0013742342125624418,0.0005523309810087085,-0.2968532145023346,-0.009764641523361206,-9.812714576721191
995988214000,0.0003900857118424028,0.00046024550101719797,0.0006377426907420158,-0.3023993670940399,-0.0004688948392868042,-9.811315536499023
995995201000,0.0005238144076429307,-1.2893287930637598e-05,0.0008430659654550254,-0.3007047176361084,-0.004377290606498718,-9.8112154006958
996002169000,0.0004271998186595738,-0.0002616015262901783,0.0006882089073769748,-0.30187511444091797,0.0030256956815719604,-9.810895919799805
996009047000,-0.000647291773930192,-0.0011950114276260138,-0.002699177712202072,-0.3307901620864868,0.05874350666999817,-9.790942192077637
996022947000,0.0004072681476827711,0.00025973274023272097,0.0005172785604372621,-0.2928330898284912,-0.013306811451911926,-9.804442405700684
996029946000,0.0004439086187630892,0.00016403538757003844,0.0006304366397671402,-0.2992023229598999,-0.0021784603595733643,-9.808042526245117
996036819000,0.00039314606692641973,-8.418457582592964e-06,0.0006469098152592778,-0.30018773674964905,-0.00013239681720733643,-9.807811737060547
996043752000,-0.000691738969180733,-0.0007749892538413405,-0.0026951588224619627,-0.3294069766998291,0.058078914880752563,-9.790149688720703
996050766000,-0.0008210167288780212,-7.535319309681654e-05,0.00012965720088686794,-0.2726375460624695,-0.0430014505982399,-9.811119079589844
996064688000,0.00044300805893726647,0.00037634297041222453,0.0006294534541666508,-0.2998097538948059,-0.0022264569997787476,-9.80867862701416
996071563000,0.00021241081412881613,0.00024822010891512036,0.0004512568120844662,-0.30128148198127747,0.004167914390563965,-9.80902099609375
996078552000,0.00026916322531178594,-5.645121564157307e-05,0.0006058222497813404,-0.29987335205078125,-0.0031146854162216187,-9.80785083770752
996085454000,-0.0004252090584486723,-0.000977190094999969,-0.002525893971323967,-0.32881927490234375,0.05231581628322601,-9.789304733276367
996092381000,-0.000680809433106333,-0.00012852676445618272,0.00016676587983965874,-0.27267590165138245,-0.04002116620540619,-9.81334400177002
996106265000,0.0003879393043462187,0.00027892718208022416,0.0006399049307219684,-0.29915136098861694,-0.001660868525505066,-9.809000968933105
996113293000,0.00023186265025287867,0.00013539618521463126,0.0004463937657419592,-0.30141037702560425,0.003988578915596008,-9.808022499084473
996120146000,-0.0005673523992300034,-0.0008354991441592574,-0.002545473165810108,-0.32806167006492615,0.0505194216966629,-9.789376258850098
996127138000,-0.0008176863193511963,3.3374468330293894e-05,4.1577513911761343e-05,-0.27364516258239746,-0.038262464106082916,-9.81371021270752
996134084000,0.0005085972370579839,0.0003761115949600935,0.0007071631262078881,-0.2926027774810791,-0.01854781061410904,-9.806548118591309
996148001000,0.0002271570556331426,0.00015446617908310145,0.0004569414013531059,-0.30168482661247253,0.0049180686473846436,-9.80825138092041
996154889000,0.00024431824567727745,-9.586205123923719e-05,0.0006122374325059354,-0.29941582679748535,-0.0028989017009735107,-9.807814598083496
996161902000,-0.0004589275922626257,-0.000986497732810676,-0.002519379137083888,-0.3285456895828247,0.05236445367336273,-9.78905963897705
996168778000,-0.0006833162042312324,-0.00011850905138999224,0.00016677682287991047,-0.27249956130981445,-0.04009140282869339,-9.812889099121094
996175730000,0.00042195391142740846,0.00039890914922580123,0.0005283653154037893,-0.2940431833267212,-0.012166857719421387,-9.805929183959961
996189596000,0.00011570504284463823,0.00022237218217924237,0.00046506774378940463,-0.30069291591644287,0.004485771059989929,-9.808817863464355
996196666000,0.00030059105483815074,-0.00011074027861468494,0.0005997041589580476,-0.30000123381614685,-0.0035223960876464844,-9.806535720825195
996203483000,-0.0004390842514112592,-0.0009719470399431884,-0.0025227535516023636,-0.3282133936882019,0.05242754518985748,-9.789134979248047
996210424000,-0.0006706162239424884,-0.00012029276695102453,0.00016649319150019437,-0.27247947454452515,-0.04010256379842758,-9.812675476074219
996217413000,0.000368995446478948,0.0004758391878567636,0.0005394484614953399,-0.29341816902160645,-0.011975452303886414,-9.806741714477539
996231368000,0.00014303726493380964,0.00023442308884114027,0.000459294649772346,-0.30086714029312134,0.004267767071723938,-9.808547973632812
996238216000,-0.0005912085180170834,-0.0007817404693923891,-0.0025438524316996336,-0.3282497525215149,0.05033133924007416,-9.788993835449219
996245191000,-0.001069649588316679,-0.002299682702869177,0.003489516209810972,-0.2910608649253845,-0.09504588693380356,-9.785676956176758
996252116000,0.0009352255146950483,0.0010816496796905994,-0.002015390433371067,-0.2934494614601135,0.07749803364276886,-9.800800323486328
996266058000,0.00036365725100040436,0.0013158569345250726,0.0005403392715379596,-0.2972891628742218,-0.010064572095870972,-9.8120698928833
996272941000,0.00039002724224701524,0.0009383317083120346,0.00063004728872329,-0.30103635787963867,-0.0017472058534622192,-9.812374114990234
996279958000,0.00032932806061580777,0.0005003975238651037,0.0006480845622718334,-0.30185097455978394,-0.00010007619857788086,-9.81207275390625
996286817000,0.00037702469853684306,4.801750765182078e-05,0.0006388587644323707,-0.30211418867111206,-0.0002810359001159668,-9.81092357635498
996293773000,0.0003555569564923644,-0.00028511567506939173,0.0006429128698073328,-0.3012463450431824,-0.00010703504085540771,-9.81037712097168
996307671000,-0.0006769467145204544,-0.00040068553062155843,0.00016316141409333795,-0.2727484107017517,-0.03995611518621445,-9.81291675567627
996314639000,0.00038852551369927824,0.00022002919286023825,0.0005339075578376651,-0.29364174604415894,-0.012093514204025269,-9.80496597290039
996321557000,0.00038336607394739985,0.00013396998110692948,0.0006400489364750683,-0.2991548180580139,-0.001826360821723938,-9.80805492401123
996328542000,0.00035207756445743144,-3.209852729924023e-05,0.0006515944842249155,-0.3001707196235657,-0.00016444921493530273,-9.807657241821289
996342397000,-0.0007946744444780052,-6.330315954983234e-05,0.00012699233775492758,-0.272068589925766,-0.04306221753358841,-9.811159133911133
996349369000,0.0003851892543025315,0.0005614995607174933,0.0005236903671175241,-0.2934042513370514,-0.01315338909626007,-9.806029319763184
996356264000,0.00044512248132377863,0.0003803372092079371,0.0006299411761574447,-0.299704372882843,-0.002197265625,-9.808683395385742
996363307000,0.00020051284809596837,0.0002603747125249356,0.0004521288210526109,-0.30121710896492004,0.004242703318595886,-9.80904483795166
996370158000,0.0002703515929169953,-4.8404152039438486e-05,0.0006053239922039211,-0.2998947203159332,-0.0031678229570388794,-9.807764053344727
996384085000,-0.0006793061038479209,-0.00015999708557501435,0.00016569609579164535,-0.2729233503341675,-0.040087081491947174,-9.812914848327637
996391004000,0.000371979724150151,0.00045390831655822694,0.0005393955507315695,-0.2934917211532593,-0.012056663632392883,-9.806931495666504
996398061000,0.00036916357930749655,0.00030502653680741787,0.0006424883613362908,-0.29944247007369995,-0.0017885416746139526,-9.808698654174805
996404897000,0.0002022067055804655,0.00016614045307505876,0.0004499761271290481,-0.3013787269592285,0.0040350258350372314,-9.80817985534668
996411882000,-0.0005681077018380165,-0.0008324594818986952,-0.002546723000705242,-0.3282654285430908,0.05043201148509979,-9.789186477661133
996425717000,0.000492735649459064,0.0003747942973859608,0.0007078932248987257,-0.2925735116004944,-0.018488571047782898,-9.806633949279785
996432731000,0.0004823619674425572,0.00031698864768259227,0.0006743932608515024,-0.2998896539211273,0.0005993694067001343,-9.80917739868164
996439601000,0.00023198289272841066,0.00015148772217798978,0.00045774286263622344,-0.30167388916015625,0.004899933934211731,-9.808256149291992
996446623000,0.00023256932036019862,-9.509203664492816e-05,0.0006159911281429231,-0.2993875741958618,-0.0028517693281173706,-9.807851791381836
996460462000,-0.0006829339545220137,-0.00011689908569678664,0.000166496800375171,-0.27245840430259705,-0.04011934995651245,-9.812849998474121
996467415000,0.0004216642992105335,0.00040051809628494084,0.0005300028715282679,-0.2940427362918854,-0.012194827198982239,-9.805898666381836
996474363000,0.00039929745253175497,0.0002962141006719321,0.0006388934561982751,-0.29903748631477356,-0.0017682909965515137,-9.808714866638184
996481368000,0.0001455022138543427,0.00021594646386802197,0.0004615537473000586,-0.30079808831214905,0.004287257790565491,-9.808636665344238
996488232000,0.00029839607304893434,-0.00010966844274662435,0.000599730119574815,-0.2999366819858551,-0.003397047519683838,-9.80665111541748
996502124000,-0.0006691531161777675,-0.0001192786730825901,0.00016657714149914682,-0.2724685072898865,-0.04010012745857239,-9.812713623046875
996509044000,0.00037020142190158367,0.0004758991999551654,0.000539512257091701,-0.2934233546257019,-0.01197408139705658,-9.80676555633545
996516049000,0.00037951188278384507,0.00033196923322975636,0.0006422364967875183,-0.29925692081451416,-0.0018513798713684082,-9.808457374572754
996522946000,0.00014401573571376503,0.00023382730432786047,0.0004593486664816737,-0.3008722960948944,0.004273131489753723,-9.808549880981445
996529967000,-0.0005900277174077928,-0.0007824552012607455,-0.0025438794400542974,-0.3282508850097656,0.05033160746097565,-9.78899097442627
996543774000,0.0009263999527320266,0.0010943419765681028,-0.0020141315180808306,-0.29333099722862244,0.0774744302034378,-9.800865173339844
996550753000,-0.0006988429231569171,0.001186165725812316,0.0003056885616388172,-0.2795153856277466,-0.026290878653526306,-9.820441246032715
996557679000,0.0002673822455108166,0.001375481253489852,0.0005547875189222395,-0.29677605628967285,-0.009659171104431152,-9.812845230102539
996564695000,0.0003408620832487941,0.0009568516397848725,0.0006328127929009497,-0.30138522386550903,-0.0018245428800582886,-9.812016487121582
996578527000,0.0005455585196614265,-1.7176265828311443e-05,0.0008427858701907098,-0.30070894956588745,-0.004494473338127136,-9.811178207397461
996585471000,0.00042442211997695267,-0.00026654990506358445,0.0006881037261337042,-0.30189067125320435,0.003163471817970276,-9.810904502868652
996592385000,-0.0006573075661435723,-0.0011896503856405616,-0.002697537885978818,-0.33070674538612366,0.05875754356384277,-9.791028022766113
996599559000,-0.0008391307783313096,-0.0004924795357510448,0.00013127908459864557,-0.2726801931858063,-0.04276622086763382,-9.811464309692383
996606286000,0.00040432557580061257,0.00025991027359850705,0.0005169695941731334,-0.29283407330513,-0.01333688199520111,-9.804374694824219
996620170000,0.0002448853920213878,2.6386813260614872e-05,0.0005349579150788486,-0.3012344539165497,0.002552330493927002,-9.807689666748047
996627108000,-0.0005577292176894844,-0.0008571962243877351,-0.0025253340136259794,-0.32771509885787964,0.051698312163352966,-9.78957748413086
996634093000,-0.000698267889674753,-1.8085993360728025e-05,0.00016098843479994684,-0.27284470200538635,-0.040575116872787476,-9.811846733093262
996641048000,0.0004046496469527483,0.0005374269676394761,0.0005314701702445745,-0.2939381003379822,-0.012298434972763062,-9.80656623840332
996654943000,0.00019912136485800147,0.00023349262482952327,0.000452081992989406,-0.3012901842594147,0.004218876361846924,-9.808992385864258
996661897000,0.000275246100500226,-7.063464727252722e-05,0.000606142042670399,-0.299862265586853,-0.0032167136669158936,-9.807764053344727
996668809000,-0.0004550788435153663,-0.0009820893174037337,-0.002522399416193366,-0.32875990867614746,0.05246640741825104,-9.789324760437012
996675714000,-0.0006796420202590525,-0.00011529441690072417,0.00016609992599114776,-0.2725811004638672,-0.040130652487277985,-9.813210487365723
996682747000,0.0004318019200582057,0.00039313462912105024,0.0005286156665533781,-0.29418689012527466,-0.01221969723701477,-9.806116104125977
996696728000,0.00020366671378724277,0.000145815807627514,0.00044893857557326555,-0.301325261592865,0.004093050956726074,-9.808091163635254
996703592000,-0.0005451234756037593,-0.0008372201700694859,-0.0025006558280438185,-0.3278523087501526,0.04957278072834015,-9.789389610290527
996710529000,-0.000645866384729743,-8.40530265122652e-06,0.00016101454093586653,-0.27295053005218506,-0.04042176902294159,-9.813726425170898
996717526000,0.0003570946282707155,0.00044603238347917795,0.0005398769862949848,-0.2943500876426697,-0.011864736676216125,-9.807382583618164
996731462000,0.00017062819097191095,0.0001714911195449531,0.00045713986037299037,-0.3009113073348999,0.0043684691190719604,-9.808834075927734
996738342000,0.00030815647915005684,-0.00014536752132698894,0.0006004259921610355,-0.2999146580696106,-0.0033926665782928467,-9.806877136230469
996745255000,-0.00044191506458446383,-0.0010024654911831021,-0.0025214548222720623,-0.3282688856124878,0.052476584911346436,-9.789202690124512
996752237000,-0.0006807741010561585,-0.00010342808673158288,0.00016770808724686503,-0.2722715735435486,-0.04005775600671768,-9.812906265258789
996759135000,0.00044042724766768515,0.0004091083537787199,0.000529324752278626,-0.2940519452095032,-0.012257292866706848,-9.805878639221191
996773033000,0.00014745515363756567,0.00021451676730066538,0.00045972218504175544,-0.3008866310119629,0.004323810338973999,-9.808540344238281
996780060000,0.00022737302060704678,-5.629129009321332e-05,0.0006122749182395637,-0.29947760701179504,-0.0032138675451278687,-9.80733585357666
996786970000,-0.0004611128242686391,-0.0009445964242331684,-0.0025192236062139273,-0.3284358084201813,0.05227982997894287,-9.788960456848145
996793866000,-0.0006856005638837814,-0.0001127285067923367,0.00016640937246847898,-0.27261847257614136,-0.04008368402719498,-9.812789916992188
996807761000,0.0004514546017162502,0.00027215442969463766,0.0006301339599303901,-0.2996624708175659,-0.002096027135848999,-9.807782173156738
996814772000,0.0001701589790172875,0.00021631379786413163,0.0004573741462081671,-0.3005310297012329,0.00437203049659729,-9.808884620666504
996821663000,-0.0005655556451529264,-0.0007980629452504218,-0.002544920891523361,-0.328229695558548,0.050325751304626465,-9.788936614990234
996828598000,-0.0010794538538902998,-0.0023030240554362535,0.0034906305372714996,-0.29094555974006653,-0.09487581998109818,-9.785697937011719
996842476000,-0.000704907055478543,0.0011979062110185623,0.00030728429555892944,-0.2793169319629669,-0.026072412729263306,-9.820672035217285
996849484000,0.0003497397992759943,0.0013252095086500049,0.00054168701171875,-0.29728472232818604,-0.009932935237884521,-9.812127113342285
996856373000,0.00040984549559652805,0.0009259416256099939,0.000626437074970454,-0.30118584632873535,-0.0018604099750518799,-9.81214427947998
996863429000,0.00033359008375555277,0.0005048698512837291,0.0006492332322522998,-0.30169400572776794,-8.706748485565186e-05,-9.812268257141113
996870257000,0.0003816542448475957,4.003260983154178e-05,0.0006370968767441809,-0.3022034168243408,-0.0002357959747314453,-9.810820579528809
996884236000,-0.0004421271150931716,-0.0012822565622627735,-0.002516146283596754,-0.3295663595199585,0.053365424275398254,-9.790471076965332
996891086000,-0.000663848128169775,-0.00039346865378320217,0.0001630678161745891,-0.2726384997367859,-0.04000088572502136,-9.813074111938477
996898217000,0.0003988875832874328,0.00020519178360700607,0.0005328073166310787,-0.2937653660774231,-0.01206175982952118,-9.80489444732666
996904992000,0.00035648056655190885,0.00013956213661003858,0.0006432515219785273,-0.29898256063461304,-0.0016829967498779297,-9.808234214782715
996918901000,-0.0006601305212825537,-0.0008358932100236416,-0.0027027588803321123,-0.32969629764556885,0.05784402787685394,-9.789421081542969
996925814000,-0.0008177647250704467,-8.000107482075691e-05,0.00013065338134765625,-0.27221396565437317,-0.04297717660665512,-9.810903549194336
996932810000,0.00036733667366206646,0.0005884341662749648,0.0005266117514111102,-0.29311299324035645,-0.01316806674003601,-9.80615234375
996939721000,0.000434896006481722,0.00039672449929639697,0.0006308050360530615,-0.299771785736084,-0.002208128571510315,-9.808629035949707
996953647000,0.0002797074557747692,-4.8757821787148714e-05,0.0006058738217689097,-0.29980993270874023,-0.003196895122528076,-9.807868003845215
996960604000,-0.0004906230606138706,-0.0009146895026788116,-0.0025115436874330044,-0.32834646105766296,0.0525178462266922,-9.79001235961914
996967555000,-0.0006795884110033512,-0.00011910911416634917,0.00016537602641619742,-0.273090660572052,-0.04014758765697479,-9.813151359558105
996974487000,0.0004109659930691123,0.00038209976628422737,0.0005283243372105062,-0.294217586517334,-0.012105897068977356,-9.806269645690918
996988353000,0.00020854089234489948,0.0001380095782224089,0.0004489674174692482,-0.30134153366088867,0.004047378897666931,-9.808060646057129
996995293000,-0.0005908575840294361,-0.0008315144805237651,-0.002542831702157855,-0.32803410291671753,0.05051875114440918,-9.789329528808594
997002288000,-0.000672368798404932,-8.852325845509768e-05,0.0001550601446069777,-0.27319571375846863,-0.04109702259302139,-9.812597274780273
997009210000,0.00021747994469478726,0.0005672171828337014,0.00033665361115708947,-0.29455316066741943,-0.007901251316070557,-9.80777645111084
997016160000,0.0003053873952012509,0.0003215690376237035,0.000598991522565484,-0.29885363578796387,-0.005011573433876038,-9.80826473236084
997030073000,0.00016102106019388884,2.951026544906199e-05,0.00045214916463010013,-0.30106016993522644,0.004169836640357971,-9.808513641357422
997036996000,-0.0005657621077261865,-0.0009652582230046391,-0.0025489164981991053,-0.32818740606307983,0.050246432423591614,-9.788768768310547
997043888000,-0.0006895462283864617,-9.931856766343117e-05,0.00015717103087808937,-0.2723652422428131,-0.040986716747283936,-9.812796592712402
997050874000,0.0003548140521161258,0.0004546741838566959,0.000539656903129071,-0.293658971786499,-0.012154623866081238,-9.806720733642578
997064829000,0.0001649183832341805,0.00020105282601434737,0.00045766166294924915,-0.30066972970962524,0.004352867603302002,-9.808810234069824
997071677000,0.00024265339015983045,-7.249759801197797e-05,0.0006124111241661012,-0.2994931936264038,-0.00323641300201416,-9.807316780090332
997078619000,-0.0004770415835082531,-0.0009508014190942049,-0.0025178096257150173,-0.32837021350860596,0.05243712663650513,-9.789045333862305
997085617000,-0.00068229268072173,-9.97928436845541e-05,0.00016577915812376887,-0.272521436214447,-0.04016002267599106,-9.81277847290039
997092546000,0.0003607426187954843,0.000461769406683743,0.0005391208687797189,-0.29359692335128784,-0.011999621987342834,-9.806612014770508
997106393000,0.00017038441728800535,0.0002129759086528793,0.0004568995791487396,-0.300586462020874,0.004344746470451355,-9.808794021606445
997113467000,-0.0005645903293043375,-0.0008007448632270098,-0.002545319264754653,-0.32822656631469727,0.05031941831111908,-9.788918495178223
997120289000,-0.0010810159146785736,-0.00230463407933712,0.003491383045911789,-0.29093411564826965,-0.09488250315189362,-9.785634994506836
997127232000,0.0009404815500602126,0.0010940494248643517,-0.0020148130133748055,-0.29333561658859253,0.07742546498775482,-9.800735473632812
997141112000,0.0002778418129310012,0.0013726243050768971,0.0005521746352314949,-0.2968928813934326,-0.009695902466773987,-9.812684059143066
997148143000,0.00035246979678049684,0.0009551875991746783,0.0006310649332590401,-0.3013545870780945,-0.0018451958894729614,-9.812036514282227
997155025000,0.00038241923903115094,0.000468706275569275,0.00063741096528247,-0.30223023891448975,-0.00042729079723358154,-9.81151008605957
997161965000,0.0005281646153889596,-1.3308716006577015e-05,0.0008428872679360211,-0.30075106024742126,-0.0044495463371276855,-9.811150550842285
997175863000,-0.0006725467974320054,-0.001186021021567285,-0.002696296200156212,-0.3306276798248291,0.05887632071971893,-9.791149139404297
997182859000,-0.0008322483627125621,-0.0005053518689237535,0.00013081805082038045,-0.2727719843387604,-0.04286918044090271,-9.811247825622559
997189739000,0.00042255959124304354,0.00026128842728212476,0.0005163314053788781,-0.292734295129776,-0.013399496674537659,-9.804414749145508
997196784000,0.00044651341158896685,0.00017005627159960568,0.0006290700985118747,-0.29915231466293335,-0.0020976215600967407,-9.808147430419922
997203644000,0.00040405322215519845,-1.2169068213552237e-05,0.0006450010696426034,-0.30024755001068115,-0.00017249584197998047,-9.80772876739502
997217592000,-0.0007905611419118941,-5.4718402680009604e-05,0.00012693337339442223,-0.2724583148956299,-0.04310654103755951,-9.811441421508789
997224472000,0.000389278051443398,0.0005485073197633028,0.0005235453718341887,-0.29351767897605896,-0.013152018189430237,-9.806320190429688
997231490000,0.00043152624857611954,0.0003660863440018147,0.000630611670203507,-0.2997085452079773,-0.0021097809076309204,-9.808788299560547
997238354000,0.00018900862778536975,0.00024588624364696443,0.00045331873116083443,-0.3012066185474396,0.004221796989440918,-9.809065818786621
997252290000,-0.0004472172586247325,-0.0009719532099552453,-0.0025244865100830793,-0.3287990093231201,0.05233444273471832,-9.789264678955078
997259221000,-0.0006757520604878664,-0.00015242601511999965,0.00016525026876479387,-0.2729106545448303,-0.04003728926181793,-9.81281566619873
997266215000,0.00036289921263232827,0.000454739376436919,0.000543019559700042,-0.29350048303604126,-0.012050718069076538,-9.806840896606445
997273161000,0.000455191737273708,0.00024986668722704053,0.0006303478730842471,-0.29990071058273315,-0.002074494957923889,-9.807960510253906
997287058000,-0.000513019971549511,-0.0008631354430690408,-0.002555305138230324,-0.3287627696990967,0.050104543566703796,-9.788434028625488
997293943000,-0.0008600140572525561,1.0828371159732342e-05,4.76577079098206e-05,-0.27350109815597534,-0.037971511483192444,-9.813848495483398
997300936000,0.0005228667287155986,0.00039364054100587964,0.0007049167761579156,-0.29240337014198303,-0.018732599914073944,-9.806483268737793
997307827000,0.0005083956057205796,0.00032915829797275364,0.0006717824144288898,-0.2999211549758911,0.0006184130907058716,-9.809226989746094
997314811000,0.0001488848211010918,0.00021028531773481518,0.0004698596603702754,-0.30127736926078796,0.005287110805511475,-9.808965682983398
997328653000,-0.0004844000795856118,-0.0009732750477269292,-0.0025178606156259775,-0.32858526706695557,0.05242381989955902,-9.789119720458984
997335668000,-0.0006708303117193282,-0.00011617987183853984,0.00016474255244247615,-0.27258431911468506,-0.04025142639875412,-9.812912940979004
997342554000,0.0004218206158839166,0.00038502117968164384,0.0005298251053318381,-0.2941216826438904,-0.012151718139648438,-9.805960655212402
997349550000,0.0003866390907205641,0.00028619557269848883,0.0006421420257538557,-0.2989897131919861,-0.0017511546611785889,-9.808771133422852
997356444000,0.0002155032561859116,0.0001573822519276291,0.00044834657455794513,-0.3012081980705261,0.004082769155502319,-9.807981491088867
997370337000,-0.00046652392484247684,-0.0009564599604345858,-0.00251893512904644,-0.32835686206817627,0.05244530737400055,-9.788987159729004
997377252000,-0.0006704749539494514,-9.943079203367233e-05,0.00016563710232730955,-0.27248039841651917,-0.0401834100484848,-9.812702178955078
997384287000,0.00035719721927307546,0.0004683246079366654,0.0005405015544965863,-0.2935609817504883,-0.011938035488128662,-9.806666374206543
997391203000,0.00036593552795238793,0.0003271359601058066,0.0006432041991502047,-0.2992372214794159,-0.0018481463193893433,-9.808414459228516
997398187000,0.0001320861920248717,0.00023245175543706864,0.0004604597925208509,-0.3008440434932709,0.004261001944541931,-9.808516502380371
997412037000,-0.0010737490374594927,-0.0022996244952082634,0.003488179761916399,-0.29107773303985596,-0.09504859894514084,-9.785520553588867
997418979000,0.000952561036683619,0.0010822522453963757,-0.0020169259514659643,-0.29345470666885376,0.07737617194652557,-9.80069637298584
997425908000,-0.0007177114021033049,0.0011886029969900846,0.0003073372063226998,-0.2793649435043335,-0.026012063026428223,-9.82059383392334
997432852000,0.00036396528594195843,0.0013201485853642225,0.0005401061498560011,-0.2972848415374756,-0.01006123423576355,-9.812077522277832
997446814000,0.00034991890424862504,0.0005027303122915328,0.0006472283275797963,-0.3018248379230499,-0.00025600194931030273,-9.812079429626465
997453704000,0.00037411664379760623,4.885069211013615e-05,0.0006388394976966083,-0.30212900042533875,-0.0001591891050338745,-9.810970306396484
997460602000,0.0003556282026693225,-0.00028362555895000696,0.0006425826577469707,-0.30123844742774963,-0.00011909008026123047,-9.810401916503906
997467599000,-0.00045077339746057987,-0.0012748688459396362,-0.0025151511654257774,-0.32951417565345764,0.05336889624595642,-9.790567398071289
997481533000,0.0003983388305641711,0.0002073967771138996,0.0005305760423652828,-0.293751984834671,-0.012075066566467285,-9.80489730834961
997488384000,0.00038401977508328855,0.000129559455672279,0.000639794219750911,-0.29909634590148926,-0.001824498176574707,-9.808100700378418
997495327000,0.00033667171373963356,-3.1985604437068105e-05,0.0006523964693769813,-0.3001323640346527,-9.02712345123291e-05,-9.80770206451416
997502358000,-0.000649636669550091,-0.0008423263789154589,-0.002705409424379468,-0.32980573177337646,0.05776850879192352,-9.78927993774414
997509219000,-0.0008043526322580874,-6.914755795150995e-05,0.00012658339983318,-0.27210602164268494,-0.04296731948852539,-9.811090469360352
997523106000,0.0004452407592907548,0.0003831388021353632,0.0006298238295130432,-0.29972007870674133,-0.0021823495626449585,-9.808673858642578
997530146000,0.00019738852279260755,0.0002615656121633947,0.00045222972403280437,-0.30122458934783936,0.004257291555404663,-9.809032440185547
997537058000,0.0002873885096050799,-4.923163214698434e-05,0.0006042357999831438,-0.29991358518600464,-0.003263309597969055,-9.807734489440918
997543944000,-0.0005133513477630913,-0.000918035744689405,-0.0025116989854723215,-0.3283904492855072,0.05266717076301575,-9.789989471435547
997550958000,-0.0006707445136271417,-0.00010581320384517312,0.00016088625125121325,-0.27301937341690063,-0.04025791585445404,-9.813154220581055
997564911000,0.00038093296461738646,0.0002702817437238991,0.000641408609226346,-0.299141526222229,-0.0017695873975753784,-9.808928489685059
997571709000,0.00019550666911527514,0.00013967334234621376,0.0004497933841776103,-0.30132433772087097,0.004125937819480896,-9.808116912841797
997578653000,-0.0005626121419481933,-0.0008445571875199676,-0.0025460764300078154,-0.3281657099723816,0.05034913122653961,-9.789124488830566
997585651000,-0.0006899912259541452,-8.805276593193412e-05,0.00015661648649256676,-0.2731016278266907,-0.040909893810749054,-9.81274700164795
997592592000,0.0002047558082267642,0.0005739477928727865,0.0003375614760443568,-0.2945297062397003,-0.007918000221252441,-9.807733535766602
997606462000,0.0003693955368362367,0.0001333624531980604,0.0006399336853064597,-0.3000571131706238,-0.0012591034173965454,-9.808082580566406
997613427000,0.00034055777359753847,-4.843753413297236e-05,0.000650635629426688,-0.3000790476799011,-0.00016389787197113037,-9.808218002319336
997620342000,-0.0004514369647949934,-0.0009666462428867817,-0.0025102084036916494,-0.328906774520874,0.05334153771400452,-9.789135932922363
997627291000,-0.0008705250220373273,-4.6931905671954155e-05,-2.8793594538001344e-05,-0.27359479665756226,-0.035545989871025085,-9.813529968261719
997634259000,0.0005118872504681349,0.0002990438952110708,0.0006853456143289804,-0.2925843894481659,-0.019706249237060547,-9.805120468139648
997648147000,0.00030974028049968183,6.884639151394367e-05,0.0006126418011263013,-0.2999308109283447,-0.002488046884536743,-9.807229042053223
997655068000,0.00036452943459153175,-7.334238034673035e-05,0.0006398600526154041,-0.29962801933288574,-0.0009065568447113037,-9.807947158813477
997662060000,-0.00026510353200137615,-0.001043887110427022,-0.0023130541667342186,-0.32767683267593384,0.04891994595527649,-9.788735389709473
997668978000,-0.0007391160470433533,-1.4040444511920214e-05,7.4379140642122366e-06,-0.274027943611145,-0.03250736743211746,-9.8139066696167
997682926000,0.00031598357600159943,0.0003730107273440808,0.00047358445590361953,-0.30013254284858704,0.004907369613647461,-9.809548377990723
997689776000,0.00031052547274157405,7.021744386292994e-05,0.0006145138177089393,-0.2997819483280182,-0.002524331212043762,-9.807230949401855
997696833000,-0.000464769487734884,-0.0008076813537627459,-0.0025146757252514362,-0.3283187747001648,0.05273987352848053,-9.789546012878418
997703685000,-0.0008916289079934359,-0.002412492176517844,0.0036981196608394384,-0.29028740525245667,-0.09838002175092697,-9.785239219665527
997710603000,0.0012336901854723692,0.0009997987654060125,-0.0017784752417355776,-0.29305317997932434,0.07635428011417389,-9.80063247680664
997724494000,0.0002418822841718793,0.0013096695765852928,0.0005167267518118024,-0.2969803512096405,-0.011860951781272888,-9.81174373626709
997731455000,0.00036226498195901513,0.0009305118583142757,0.0006231237202882767,-0.3008853495121002,-0.0025489777326583862,-9.812195777893066
997738416000,0.0003401855647098273,0.0004893146688118577,0.0006461628363467753,-0.301811158657074,-0.0003993809223175049,-9.811970710754395
997745332000,0.000188468475244008,0.00012143258936703205,0.0004431912675499916,-0.3029567003250122,0.004115685820579529,-9.811283111572266
997759228000,-0.00045416015200316906,-0.0012701012892648578,-0.0025260010734200478,-0.32926344871520996,0.05233579874038696,-9.790322303771973
997766202000,-0.0006614188896492124,-0.00037236633943393826,0.00016114195750560611,-0.2725372612476349,-0.04021109640598297,-9.812909126281738
997773188000,0.00038546405266970396,0.00023713397968094796,0.0005353399901650846,-0.2936459183692932,-0.012042298913002014,-9.805068016052246
997780102000,0.00038539321394637227,0.00013623507402371615,0.0006389073096215725,-0.299235463142395,-0.0018135160207748413,-9.808037757873535
997793955000,-0.0005576704279519618,-0.0009277671342715621,-0.0025493765715509653,-0.3283679187297821,0.05023825168609619,-9.788317680358887
997800932000,-0.0006769174360670149,-2.1831830963492393e-05,0.000156994370627217,-0.2722775340080261,-0.041017793118953705,-9.811680793762207
997807841000,0.0002318579936400056,0.0005746146198362112,0.0004214967484585941,-0.2948163151741028,-0.009404554963111877,-9.806341171264648
997814859000,0.0003835276875179261,0.00036767643177881837,0.000606925692409277,-0.29883646965026855,-0.0040777623653411865,-9.8085298538208
997821747000,0.00039317598566412926,0.00017229952209163457,0.0006429366767406464,-0.3001253008842468,-0.0007875710725784302,-9.808506965637207
997835675000,-0.0006217894842848182,-0.0008809392456896603,-0.002709288615733385,-0.329730361700058,0.057875022292137146,-9.790003776550293
997842549000,-0.0008139106212183833,-0.00016994215548038483,0.00013202476839069277,-0.272326797246933,-0.04290967434644699,-9.812419891357422
997849529000,0.00035337795270606875,0.00048572957166470587,0.0005298139876686037,-0.2930932343006134,-0.013095349073410034,-9.806559562683105
997856433000,0.00036901223938912153,0.00033113316749222577,0.0006396292592398822,-0.29941973090171814,-0.002001434564590454,-9.808675765991211
997863453000,0.00014595499669667333,0.00021755698253400624,0.0004578956577461213,-0.3011247217655182,0.0041802674531936646,-9.808578491210938
997877325000,-0.0008682359475642443,1.3031938578933477e-05,-4.269769851816818e-05,-0.27417483925819397,-0.03675574064254761,-9.813444137573242
997884286000,0.000493797822855413,0.0003750924370251596,0.0006875306135043502,-0.29243600368499756,-0.019848987460136414,-9.806450843811035
997891156000,0.00032650507637299597,0.00040639349026605487,0.0004693615192081779,-0.3006393313407898,0.004616603255271912,-9.809643745422363
997898204000,0.0003201227227691561,7.820823520887643e-05,0.0006123396451584995,-0.300078809261322,-0.002553194761276245,-9.807540893554688
997912053000,-0.00023496104404330254,-0.0010757046984508634,-0.002316037192940712,-0.3277798295021057,0.04888647794723511,-9.788896560668945
997918990000,-0.0007366225472651422,-2.9953662306070328e-05,8.600345609011129e-06,-0.2739626467227936,-0.032415591180324554,-9.814247131347656
997925916000,0.00034882230102084577,0.00030613658600486815,0.000586769892834127,-0.29392731189727783,-0.015752509236335754,-9.805419921875
997932936000,0.0006114232819527388,0.00019043940119445324,0.0008448280859738588,-0.29763472080230713,-0.005881085991859436,-9.8085355758667
997939793000,0.0004267991171218455,0.00011455296771600842,0.0007024946971796453,-0.30051112174987793,0.003335103392601013,-9.80862808227539
997953757000,-0.0005616006674245,-0.0009854624513536692,-0.0025484170764684677,-0.32790040969848633,0.050577327609062195,-9.788687705993652
997960615000,-0.0008791050058789551,-6.701971869915724e-06,-3.88522821594961e-05,-0.2729414701461792,-0.03657780587673187,-9.812873840332031
997967606000,0.0005347034311853349,0.00033553046523593366,0.00068190525053069,-0.2924470901489258,-0.019991345703601837,-9.804908752441406
997974580000,0.00033406695001758635,0.00041110540041700006,0.0004689801426138729,-0.30016183853149414,0.004723057150840759,-9.809523582458496
997981577000,0.00027223333017900586,0.00014214563998393714,0.0006225518300198019,-0.2994576692581177,-0.0024087131023406982,-9.807828903198242
997995386000,-0.0008938016835600138,-0.002408022526651621,0.0036977380514144897,-0.2904238998889923,-0.09838150441646576,-9.785614967346191
998002329000,0.0012294029584154487,0.0009879961144179106,-0.001778599456883967,-0.2931309640407562,0.07635766267776489,-9.800827980041504
998009227000,-0.000766221433877945,0.0012989756651222706,0.00015798371168784797,-0.2808471620082855,-0.017644107341766357,-9.822059631347656
998016233000,0.0002481510164216161,0.0012802870478481054,0.0005153042729943991,-0.29718077182769775,-0.011827275156974792,-9.811511993408203
998030110000,0.0003895369591191411,0.0004396841686684638,0.000637702876701951,-0.30202990770339966,-0.00046409666538238525,-9.81157112121582
998037050000,0.00032326224027201533,6.713098264299333e-05,0.0006506704376079142,-0.301380455493927,1.189112663269043e-05,-9.811676979064941
998043965000,0.0003760869149118662,-0.0003154495498165488,0.0006379964761435986,-0.3016604483127594,-0.0002552121877670288,-9.809677124023438
998050988000,-0.0004146674182265997,-0.0013032855931669474,-0.0025176105555146933,-0.32943159341812134,0.053245753049850464,-9.790352821350098
998057850000,-0.0006903723115101457,-0.00039723265217617154,0.00016627824516035616,-0.27246206998825073,-0.03976723551750183,-9.812907218933105
998071731000,0.00039282202487811446,0.00014929137250874192,0.0006400212878361344,-0.29906636476516724,-0.0018308907747268677,-9.808192253112793
998078672000,0.00014895142521709204,6.956075230846182e-05,0.0004566186398733407,-0.3009999096393585,0.004327341914176941,-9.808180809020996
998085719000,-0.0005437667132355273,-0.0009276428027078509,-0.0025512876454740763,-0.32837724685668945,0.05016672611236572,-9.788293838500977
998092574000,-0.0006824454176239669,-3.685418050736189e-05,0.00015777598309796304,-0.27230799198150635,-0.04095076769590378,-9.81163501739502
998106449000,0.00033792172325775027,0.00036485688178800046,0.0005914891371503472,-0.29911327362060547,-0.005095764994621277,-9.808202743530273
998113458000,0.0003947481163777411,0.0001548326836200431,0.000636299722827971,-0.3001622259616852,-0.0011993944644927979,-9.808305740356445
998120414000,0.00039370948798023164,-5.216847057454288e-05,0.0006441717850975692,-0.3002777695655823,-0.00027886033058166504,-9.80828857421875
998127310000,-0.000419410178437829,-0.0009698552312329412,-0.0025137094780802727,-0.3288927674293518,0.053415462374687195,-9.789515495300293
998141211000,0.0004161382676102221,0.0003834119124803692,0.0005296056042425334,-0.2940903604030609,-0.012121766805648804,-9.806212425231934
998148232000,0.00039924331940710545,0.0002707652747631073,0.0006388569599948823,-0.29911965131759644,-0.0018086880445480347,-9.808868408203125
998155079000,0.00022323045413941145,0.00013116051559336483,0.0004472925211302936,-0.3013004660606384,0.004071936011314392,-9.808039665222168
998162023000,-0.0005567430052906275,-0.0008399049984291196,-0.0025461865589022636,-0.3279950022697449,0.05043654143810272,-9.789297103881836
998175896000,0.00033270445419475436,0.00040185562102124095,0.0004860475310124457,-0.29402676224708557,-0.015429332852363586,-9.806187629699707
998182886000,0.0004280177236068994,0.00029342289781197906,0.0006267243297770619,-0.29886215925216675,-0.0029495954513549805,-9.80884075164795
998189785000,0.0003526544605847448,0.0001167881564470008,0.0006574865547008812,-0.29991430044174194,-0.000215873122215271,-9.808430671691895
998196788000,0.00014308086247183383,1.1561947758309543e-05,0.0004581762768793851,-0.3010480999946594,0.004389628767967224,-9.808371543884277
998203723000,-0.0005808272981084883,-0.0009742628317326307,-0.002544181887060404,-0.32807302474975586,0.050257980823516846,-9.788676261901855
998217591000,0.00034547990071587265,0.00036228264798410237,0.0005741381901316345,-0.2934524416923523,-0.017075777053833008,-9.804993629455566
998224524000,0.0006550601101480424,0.0002275303122587502,0.0008387134876102209,-0.2976875603199005,-0.006254076957702637,-9.808419227600098
998231559000,0.00047192833153530955,0.00014520750846713781,0.0006974393036216497,-0.30050069093704224,0.003312051296234131,-9.808770179748535
998238422000,0.00015348114538937807,3.570602711988613e-05,0.0004685674502979964,-0.30118703842163086,0.005484417080879211,-9.808467864990234
998245340000,-0.0005684099160134792,-0.00096198043320328,-0.0025455874856561422,-0.32814449071884155,0.05043575167655945,-9.788594245910645
998259231000,0.0005236204015091062,0.0003153203288093209,0.0006823829608038068,-0.29253828525543213,-0.019931606948375702,-9.805082321166992
998266238000,0.0003342631389386952,0.0003953697450924665,0.00047037683543749154,-0.3000895082950592,0.004644915461540222,-9.809582710266113
998273112000,0.00032846812973730266,7.362200994975865e-05,0.0006109141977503896,-0.29985395073890686,-0.002516523003578186,-9.807169914245605
998280060000,-0.0004386876826174557,-0.00080397684359923,-0.0025164871476590633,-0.3282358646392822,0.05266335606575012,-9.789665222167969
998293990000,0.0012296111090108752,0.0009956256253644824,-0.0017781896749511361,-0.2930148243904114,0.0764293521642685,-9.80070972442627
998300945000,-0.0007622744305990636,0.001296413829550147,0.00015809629985596985,-0.2808528542518616,-0.01766093075275421,-9.821924209594727
998307876000,0.0002548431511968374,0.0012948926305398345,0.0005154997925274074,-0.29703664779663086,-0.011843308806419373,-9.811643600463867
998314882000,0.00039055809611454606,0.0009112108964473009,0.0006200021016411483,-0.3008676767349243,-0.0026058852672576904,-9.812137603759766
998321754000,0.0003332959022372961,0.00048716639867052436,0.0006503763725049794,-0.30159345269203186,-0.0003168731927871704,-9.812187194824219
998335662000,-0.000597654958255589,-0.001018500654026866,-0.0025490575935691595,-0.3292292356491089,0.05038909614086151,-9.791557312011719
998342565000,-0.0006598118925467134,-0.00034124660305678844,0.00014661974273622036,-0.2737370729446411,-0.041168615221977234,-9.81566047668457
998349583000,0.0002424205158604309,0.0001555980124976486,0.00041717608110047877,-0.2954566180706024,-0.009468823671340942,-9.80663776397705
998356456000,0.0003995737060904503,-2.761519863270223e-05,0.0006042407476343215,-0.29873859882354736,-0.0041373372077941895,-9.807868957519531
998370381000,0.0003230096190236509,-0.00024042889708653092,0.0006538463640026748,-0.2998022139072418,-8.687376976013184e-05,-9.807027816772461
998377313000,-0.0006639434141106904,-0.0009626140235923231,-0.0027053188532590866,-0.3291511535644531,0.05766862630844116,-9.788055419921875
998384319000,-0.0008146897307597101,-0.00012535863788798451,0.0001336705026915297,-0.27162328362464905,-0.04310748726129532,-9.809452056884766
998391226000,0.000407316314522177,0.000604363449383527,0.000522785703651607,-0.29273471236228943,-0.01326783001422882,-9.805169105529785
998398289000,0.0003595508460421115,0.0004865785886067897,0.0006431444780901074,-0.2991160750389099,-0.0018083006143569946,-9.80921459197998
998412027000,-0.0005370808066800237,-0.00073481589788571,-0.0025520368944853544,-0.32860755920410156,0.05031980574131012,-9.789440155029297
998419009000,-0.0008789924904704094,5.087628960609436e-05,-4.0292386984219775e-05,-0.27422383427619934,-0.03647438436746597,-9.814966201782227
998425931000,0.0004923653323203325,0.0003582838107831776,0.0006873761303722858,-0.292775958776474,-0.019861280918121338,-9.807036399841309
998432924000,0.0003160075575578958,0.000385468389140442,0.00047120219096541405,-0.3006613254547119,0.004635751247406006,-9.809901237487793
998439796000,0.0003320938558317721,3.7801131838932633e-05,0.0006116689764894545,-0.3002265989780426,-0.0026421695947647095,-9.807474136352539
998453775000,-0.0002545758616179228,-0.001094725914299488,-0.0023132581263780594,-0.32778772711753845,0.04890376329421997,-9.788859367370605
998460637000,-0.0007367649814113975,5.987531039863825e-06,9.007701009977609e-06,-0.2736857533454895,-0.03248990327119827,-9.814376831054688
998467607000,0.00047788891242817044,0.00026481825625523925,0.0007010833360254765,-0.2931658625602722,-0.018402665853500366,-9.805304527282715
998474536000,0.00026200024876743555,0.00035248580388724804,0.00048037790111266077,-0.3002051115036011,0.004935100674629211,-9.809492111206055
998481531000,0.00029610886122100055,3.802534774877131e-05,0.0006167464307509363,-0.29998454451560974,-0.0026788562536239624,-9.806916236877441
998495354000,-0.0002835821360349655,-0.0010518810013309121,-0.0023101207334548235,-0.32760095596313477,0.048877179622650146,-9.7885160446167
998502352000,-0.0007367563084699214,4.0439190343022346e-05,7.99378722149413e-06,-0.2736794650554657,-0.032588981091976166,-9.813941955566406
998509243000,0.00033435411751270294,0.00033259583869948983,0.0005887250299565494,-0.29406750202178955,-0.015711858868598938,-9.805237770080566
998516247000,0.0006168147083371878,0.0002064750879071653,0.0008438307559117675,-0.29765743017196655,-0.005947619676589966,-9.80830192565918
998530097000,-0.0007043408113531768,-0.000697734416462481,-0.0026823643129318953,-0.3297639787197113,0.059116899967193604,-9.790070533752441
998537078000,-0.001070084748789668,-0.0025134156458079815,0.0036688228137791157,-0.29048195481300354,-0.10110367834568024,-9.783563613891602
998543975000,0.0011824039975181222,0.0011044462444260716,-0.0017795716412365437,-0.29169315099716187,0.07517299056053162,-9.800825119018555
998551023000,-0.0007654405198991299,0.001357328612357378,0.00015472933591809124,-0.2812322974205017,-0.01787833869457245,-9.821638107299805
998564861000,0.0004089492140337825,0.0009399474365636706,0.0006178440526127815,-0.3010130524635315,-0.002704307436943054,-9.812234878540039
998571800000,0.000359028548700735,0.0004976672353222966,0.0006434497190639377,-0.3018048107624054,-0.00028224289417266846,-9.812270164489746
998578687000,0.0001407425879733637,0.00016683228022884578,0.0004516845219768584,-0.30262115597724915,0.004314422607421875,-9.81203842163086
998585687000,0.0002806978300213814,-0.0003213872550986707,0.0005956637323834002,-0.30114269256591797,-0.0034236013889312744,-9.809304237365723
998592640000,-0.0004090256989002228,-0.001302032032981515,-0.002530567115172744,-0.3292182385921478,0.05219775438308716,-9.790425300598145
998606470000,0.00038452964508906007,0.00023242502356879413,0.0005360506474971771,-0.29359835386276245,-0.012033507227897644,-9.805059432983398
998613419000,0.00039705156814306974,0.000127775885630399,0.0006375826778821647,-0.29927539825439453,-0.0018530339002609253,-9.807931900024414
998620476000,0.0001519786601420492,5.978687113383785e-05,0.00045794417383149266,-0.30091655254364014,0.004272744059562683,-9.80827808380127
998627318000,-0.000570670934394002,-0.0009261029772460461,-0.0025468068197369576,-0.32831767201423645,0.05028718709945679,-9.788410186767578
998634343000,-0.0006950701354071498,-1.9335246179252863e-05,0.00015805716975592077,-0.27228957414627075,-0.040964432060718536,-9.811593055725098
998648147000,0.00045184619375504553,0.0003607295802794397,0.000632426526863128,-0.2996715307235718,-0.002018362283706665,-9.808731079101562
998655119000,0.00019539044296834618,0.00024785552523098886,0.00045475875958800316,-0.30114153027534485,0.004308983683586121,-9.809111595153809
998662037000,0.0002610183728393167,-5.967364995740354e-05,0.0006066907080821693,-0.2998628616333008,-0.0031227320432662964,-9.807726860046387
998669036000,-0.0004320708685554564,-0.0009765956783667207,-0.002525143790990114,-0.32875174283981323,0.05230987071990967,-9.789258003234863
998682922000,0.00033531690132804215,0.0004548476717900485,0.0005440879613161087,-0.2935341000556946,-0.01185789704322815,-9.806954383850098
998689820000,0.00044906482798978686,0.0002499234688002616,0.0006311378674581647,-0.29987892508506775,-0.0021953433752059937,-9.807909965515137
998696762000,0.00015981211618054658,0.00018334927153773606,0.00045856749056838453,-0.30074822902679443,0.00441327691078186,-9.808926582336426
998703739000,-0.0005115126259624958,-0.0008699890458956361,-0.002555194078013301,-0.3286869525909424,0.05014069378376007,-9.788463592529297
998710638000,-0.0008604691247455776,7.758702849969268e-05,-4.1200677515007555e-05,-0.2732223570346832,-0.036465659737586975,-9.81452465057373
998724547000,0.00041088100988417864,0.0002580122381914407,0.0007179504609666765,-0.29924795031547546,-0.004514783620834351,-9.808150291442871
998731585000,0.00036811348400078714,0.00013360312732402235,0.00067334488267079,-0.2997710108757019,0.0008702278137207031,-9.808719635009766
998738455000,0.00015690780128352344,1.4070974430069327e-05,0.00046215919428505003,-0.3012532889842987,0.0045883506536483765,-9.808305740356445
998745371000,-0.0005904544959776103,-0.0009717041393741965,-0.002543272217735648,-0.32814550399780273,0.05044087767601013,-9.788718223571777
998759280000,0.0005608901847153902,0.00033548049395903945,0.0006996731972321868,-0.2922835946083069,-0.01881813257932663,-9.805229187011719
998766345000,0.0005352494772523642,0.00031259882962331176,0.0006709762965328991,-0.29953694343566895,0.00061015784740448,-9.80909252166748
998773163000,0.000175982087966986,0.00022215727949514985,0.00046974816359579563,-0.30099502205848694,0.005272969603538513,-9.808870315551758
998780127000,0.00022763223387300968,-5.533770308829844e-05,0.0006159328040666878,-0.2995375990867615,-0.002949163317680359,-9.807456016540527
998787104000,-0.00046627846313640475,-0.0009515127167105675,-0.002519433619454503,-0.3284901976585388,0.05237160623073578,-9.7889986038208
998801013000,0.0003591302956920117,0.00044370864634402096,0.0005405647098086774,-0.29367291927337646,-0.011941477656364441,-9.806702613830566
998807931000,0.000421779666794464,0.00027255978784523904,0.0006324799614958465,-0.2994805574417114,-0.0019819438457489014,-9.808013916015625
998814929000,0.00018760163220576942,0.00019325345056131482,0.000455273810075596,-0.30068522691726685,0.004174739122390747,-9.808582305908203
998821824000,-0.0005978322587907314,-0.0007963459938764572,-0.002540409564971924,-0.3280136287212372,0.05050203204154968,-9.789161682128906
998835744000,0.0009280492085963488,0.001102865906432271,-0.002014167606830597,-0.29322898387908936,0.07743021845817566,-9.80069637298584
998842610000,-0.0007044567610137165,0.0012045218609273434,0.0003065337659791112,-0.27942153811454773,-0.026264384388923645,-9.820531845092773
998849620000,0.0002820286899805069,0.0013770961668342352,0.0005526452441699803,-0.29686665534973145,-0.009727582335472107,-9.812692642211914
998856503000,0.0003707323339767754,0.0009539430029690266,0.000630464986898005,-0.30138182640075684,-0.001908034086227417,-9.811992645263672
998863431000,0.0002944232546724379,0.000517904874868691,0.0006523281335830688,-0.30179399251937866,-7.072091102600098e-05,-9.812186241149902
998877324000,0.0004392914706841111,-0.0002710139087866992,0.0006852451479062438,-0.30166107416152954,0.0031729936599731445,-9.811164855957031
998884319000,-0.0006452068919315934,-0.0011979308910667896,-0.0026986971497535706,-0.33069825172424316,0.058744415640830994,-9.791024208068848
998891222000,-0.0008306826348416507,-0.0005210268427617848,0.00013211068289820105,-0.2727484703063965,-0.042780280113220215,-9.811244010925293
998898150000,0.00040162805817089975,0.0002788635028991848,0.0005193656543269753,-0.29251396656036377,-0.013297826051712036,-9.804619789123535
998912106000,0.00039627455407753587,-2.0991137716919184e-06,0.0006474807159975171,-0.30009981989860535,-0.00011119246482849121,-9.807917594909668
998919043000,-0.0006919766892679036,-0.0007721279980614781,-0.0026953225024044514,-0.3294098675251007,0.05811002850532532,-9.790168762207031
998925962000,-0.0008153779781423509,-6.843643495813012e-05,0.0001274255191674456,-0.2725774645805359,-0.042998068034648895,-9.811256408691406
998932883000,0.0003808066248893738,0.0005665045464411378,0.000524512433912605,-0.29332172870635986,-0.013252034783363342,-9.80637264251709
998946786000,0.00022097877808846533,0.00023093809431884438,0.0004492258303798735,-0.30139225721359253,0.004146456718444824,-9.808829307556152
998953761000,0.00026332924608141184,-5.472521297633648e-05,0.0006081925821490586,-0.29968851804733276,-0.0031027942895889282,-9.808022499084473
998960666000,-0.0004398212186060846,-0.0009791026823222637,-0.002524774521589279,-0.3288244903087616,0.0523848682641983,-9.78925609588623
998967634000,-0.0006796695524826646,-0.0001293604145757854,0.00016663015412632376,-0.2726450562477112,-0.04009176790714264,-9.813211441040039
998974551000,0.0003588919062167406,0.0004409691027831286,0.00054077961249277,-0.2937152683734894,-0.011990755796432495,-9.806767463684082
998988462000,0.00017268623923882842,0.00017453303735237569,0.0004574888153001666,-0.30085670948028564,0.00432153046131134,-9.80880069732666
998995382000,-0.0005182920140214264,-0.000876668025739491,-0.002554678823798895,-0.32868099212646484,0.050226107239723206,-9.788492202758789
999002437000,-0.0006700174417346716,-2.355326432734728e-05,0.00015816633822396398,-0.272426962852478,-0.04093471169471741,-9.81385326385498
999009276000,0.0001812344416975975,0.0005509318434633315,0.0003404844319447875,-0.2949862480163574,-0.0076913535594940186,-9.80781078338623
999016333000,0.00035638874396681786,0.00025793106760829687,0.0005873629706911743,-0.2992396354675293,-0.0052618831396102905,-9.807616233825684
999030103000,0.00017916757497005165,6.629314157180488e-06,0.00045173405669629574,-0.3010558485984802,0.0041065514087677,-9.80838394165039
999037120000,-0.0005630498635582626,-0.0009786681039258838,-0.0025480217300355434,-0.3281116187572479,0.05031946301460266,-9.788740158081055
999044023000,-0.000691159802954644,-0.00010164373088628054,0.00015801114204805344,-0.272286057472229,-0.04096020758152008,-9.812599182128906
999051006000,0.0003284350677859038,0.0004719496937468648,0.0005413919570855796,-0.2935209274291992,-0.012028023600578308,-9.806739807128906
999057912000,0.00044906014227308333,0.0002671464462764561,0.0006293976330198348,-0.2997891902923584,-0.0022489726543426514,-9.807684898376465
999071788000,0.0002263783972011879,-6.129844405222684e-05,0.000614212010987103,-0.29942619800567627,-0.0030793696641921997,-9.807452201843262
999078706000,-0.00044899899512529373,-0.000955619034357369,-0.0025205493438988924,-0.32847708463668823,0.052257731556892395,-9.78887939453125
999085694000,-0.0006812734063714743,-0.00010164029663428664,0.00016704772133380175,-0.2724597156047821,-0.04007028043270111,-9.812989234924316
999092647000,0.00035880692303180695,0.0004570599994622171,0.0005402688402682543,-0.2936009466648102,-0.011982306838035583,-9.80665111541748
999106522000,0.0001833494461607188,0.0002023116685450077,0.0004551555321086198,-0.30069559812545776,0.0042946189641952515,-9.80864143371582
999113437000,-0.000586214242503047,-0.0007931826985441148,-0.002541073365136981,-0.3280497193336487,0.05042216181755066,-9.789138793945312
999120422000,-0.001081197988241911,-0.0023081512190401554,0.0034913509152829647,-0.2910263240337372,-0.09493725001811981,-9.785483360290527
999127391000,0.0009372147032991052,0.001090233214199543,-0.0020154013764113188,-0.29333072900772095,0.07745148241519928,-9.80068302154541
999134309000,-0.0007183192064985633,0.0011928337626159191,0.0003073372645303607,-0.2793987989425659,-0.026165671646595,-9.820528984069824
999148229000,0.0003540205070748925,0.0009577514138072729,0.0006316329818218946,-0.3013671636581421,-0.0018070787191390991,-9.812019348144531
999155136000,0.0002937199315056205,0.0005187392234802246,0.0006501860334537923,-0.30183351039886475,-0.00011035799980163574,-9.812104225158691
999162071000,0.0005812253220938146,-4.517543129622936e-05,0.0008308605174534023,-0.3014103174209595,-0.004857167601585388,-9.810211181640625
999169050000,0.0004557135689537972,-0.0002719607437029481,0.0006839164416305721,-0.30166730284690857,0.003064751625061035,-9.811119079589844
999182960000,-0.0008449225570075214,-0.0005144167225807905,0.0001327093632426113,-0.2727169096469879,-0.04270654171705246,-9.811335563659668
999189834000,0.0004100775986444205,0.0002712374844122678,0.0005170914228074253,-0.2926177978515625,-0.013380900025367737,-9.804464340209961
999196781000,0.00044914352474734187,0.0001629643957130611,0.0006267729331739247,-0.29926156997680664,-0.0021359920501708984,-9.807971954345703
999203782000,0.0004075338365510106,6.190501153469086e-06,0.0006480685551650822,-0.30003172159194946,-0.00026214122772216797,-9.80799388885498
999210683000,-0.0006966274231672287,-0.0007734413957223296,-0.0026958216913044453,-0.32948946952819824,0.05821642279624939,-9.790120124816895
999224554000,0.0003671078011393547,0.0005738905165344477,0.000526013202033937,-0.2932506203651428,-0.01320125162601471,-9.806462287902832
999231535000,0.0004352465912234038,0.0003777107922360301,0.000630811438895762,-0.29979467391967773,-0.0022212564945220947,-9.808697700500488
999238468000,0.00020989142649341375,0.00023999364930205047,0.00045045852311886847,-0.3013336956501007,0.0041729360818862915,-9.808926582336426
999245399000,0.00027729279827326536,-5.889177555218339e-05,0.0006064955960027874,-0.2997892498970032,-0.00319884717464447,-9.807886123657227
999252415000,-0.0004261020221747458,-0.0009841042337939143,-0.0025247123558074236,-0.32881855964660645,0.052358612418174744,-9.789265632629395
999266289000,0.0003595910675358027,0.0004438900505192578,0.0005412520840764046,-0.2936287224292755,-0.01196974515914917,-9.806832313537598
999273174000,0.00041911183507181704,0.0002584951289463788,0.0006340690888464451,-0.29973751306533813,-0.0019791722297668457,-9.808187484741211
999280104000,0.00018464316963218153,0.00017036544159054756,0.00045488972682505846,-0.30093592405319214,0.004205495119094849,-9.80866813659668
999287155000,-0.0006081359460949898,-0.0008222222677432001,-0.002540195593610406,-0.32819217443466187,0.05053320527076721,-9.789226531982422
999301026000,0.00019961397629231215,0.0005571969086304307,0.000336338096531108,-0.2947688102722168,-0.007891163229942322,-9.807677268981934
999307887000,0.000306296453345567,0.0003097676963079721,0.0005982299335300922,-0.29886043071746826,-0.005113199353218079,-9.808207511901855
999314884000,0.00034669347223825753,0.00013061458594165742,0.0006459985743276775,-0.29987281560897827,-0.0011510998010635376,-9.808274269104004
999321803000,0.0001496322511229664,2.6704401534516364e-05,0.0004539781075436622,-0.301044225692749,0.004200473427772522,-9.80849552154541
999335727000,-0.0006842592265456915,-9.657483315095305e-05,0.0001562959951115772,-0.2723250985145569,-0.04097624123096466,-9.812764167785645
999342615000,0.000425425503635779,0.0004065398243255913,0.0005270803230814636,-0.29405665397644043,-0.012340575456619263,-9.806095123291016
999349605000,0.00040046116919256747,0.0002965721650980413,0.0006385843735188246,-0.2990609407424927,-0.0017965137958526611,-9.808745384216309
999356502000,0.00015307126159314066,0.00020593580848071724,0.00046008024946786463,-0.3008674681186676,0.004270240664482117,-9.808571815490723
999363450000,0.00022299736156128347,-5.95119345234707e-05,0.0006150396657176316,-0.2994230389595032,-0.003193780779838562,-9.807415008544922
999377378000,-0.0006847793119959533,-0.00011433725012466311,0.0001652140635997057,-0.2726527154445648,-0.04019533097743988,-9.812548637390137
999384309000,0.0003614757442846894,0.000468981743324548,0.000539171218406409,-0.29346948862075806,-0.012029767036437988,-9.806669235229492
999391251000,0.00035486547858454287,0.00033118476858362556,0.0006449393695220351,-0.2991955280303955,-0.0018078386783599854,-9.808491706848145
999398184000,0.00020907021826133132,0.00018777811783365905,0.0004479904018808156,-0.3012479245662689,0.003988668322563171,-9.807910919189453
999412084000,-0.001096966676414013,-0.0023114951327443123,0.003492481540888548,-0.2909020781517029,-0.0947515070438385,-9.785711288452148
999419077000,0.000949957175180316,0.001094589359126985,-0.0020166814792901278,-0.29332083463668823,0.07732601463794708,-9.800646781921387
999425961000,-0.0007036855677142739,0.0011959390249103308,0.0003067631332669407,-0.2794186472892761,-0.026186689734458923,-9.820565223693848
999432975000,0.0002919237595051527,0.001376384636387229,0.0005510140908882022,-0.29685404896736145,-0.009749248623847961,-9.812742233276367
999446832000,0.00033316866029053926,0.0005054058274254203,0.0006469889194704592,-0.3019857406616211,-0.0002889782190322876,-9.811939239501953
999453770000,0.00038079736987128854,4.831704427488148e-05,0.0006401132559403777,-0.3021456301212311,-0.0003187209367752075,-9.81096363067627
999460688000,0.0003596969472710043,-0.00028648495208472013,0.0006429933127947152,-0.30125147104263306,-8.787214756011963e-05,-9.810428619384766
999467668000,-0.00047897733747959137,-0.0012695153709501028,-0.0025131774600595236,-0.3294576108455658,0.05352923274040222,-9.790695190429688
999481664000,0.00043245559209026396,0.00024239790218416601,0.0005275866133160889,-0.293035089969635,-0.01234351098537445,-9.80491828918457
999488490000,0.0004345746710896492,0.00015181238995864987,0.0006339334649965167,-0.29919078946113586,-0.0018714368343353271,-9.808186531066895
999495405000,0.00023257025168277323,1.1838230420835316e-05,0.0005361116491258144,-0.3012227416038513,0.0026500970125198364,-9.807656288146973
999502463000,-0.0004988659056834877,-0.0009147524833679199,-0.0025353177916258574,-0.32804977893829346,0.05147092044353485,-9.78895092010498
999509282000,-0.0006681315717287362,-5.109590711072087e-05,0.00015959581651259214,-0.2725751996040344,-0.040549419820308685,-9.811717987060547
999523173000,0.00043404960888437927,0.0003653127932921052,0.0006321004475466907,-0.29979419708251953,-0.0019224733114242554,-9.808724403381348
999530107000,0.0002151827939087525,0.00023272412363439798,0.00044923683162778616,-0.301308810710907,0.004175201058387756,-9.808915138244629
999537121000,0.00028882501646876335,-6.156909512355924e-05,0.0006050201482139528,-0.29976361989974976,-0.003230482339859009,-9.807902336120605
999544017000,-0.000426796090323478,-0.0009806478628888726,-0.002525833435356617,-0.3287782073020935,0.05242159962654114,-9.789336204528809
999550956000,-0.0006757305236533284,-0.00013913481961935759,0.00016661435074638575,-0.27267998456954956,-0.04005619138479233,-9.813207626342773
999564909000,0.0004357750585768372,0.00025629656738601625,0.000631467963103205,-0.29974475502967834,-0.0020802468061447144,-9.808151245117188
999571818000,0.00017147677135653794,0.00017727447266224772,0.00045709707774221897,-0.30084702372550964,0.004299372434616089,-9.808813095092773
999578775000,-0.0005192185053601861,-0.0008741653291508555,-0.0025548723060637712,-0.32868194580078125,0.05022178590297699,-9.788500785827637
999585723000,-0.0006739963428117335,-1.4137884136289358e-05,0.0001563738624099642,-0.27239790558815,-0.04089345037937164,-9.81396198272705
999599606000,0.0003315124486107379,0.0003063207841478288,0.0006155106821097434,-0.2986242175102234,-0.0039955973625183105,-9.808515548706055
999606512000,0.0003342843265272677,0.00012321904068812728,0.0006499998853541911,-0.29998207092285156,-0.0007225126028060913,-9.808238983154297
999613449000,0.00032625984749756753,-6.501292227767408e-05,0.0006540896720252931,-0.30014359951019287,-0.0001757889986038208,-9.807981491088867
999620450000,-0.0006662001251243055,-0.0008806543191894889,-0.0027036392129957676,-0.32963991165161133,0.05780386924743652,-9.789592742919922
999627387000,-0.0007843757048249245,-0.00015657529002055526,0.0001248570770258084,-0.2722344994544983,-0.04311438649892807,-9.811944961547852
999641246000,0.00041171960765495896,0.0003206573019269854,0.0006355757359415293,-0.29909878969192505,-0.002013266086578369,-9.808659553527832
999648181000,0.00017757552268449217,0.00022311168140731752,0.00045563536696136,-0.3009123206138611,0.004218488931655884,-9.808558464050293
999655177000,0.00023881315428297967,-5.1875802455469966e-05,0.0006123955827206373,-0.29949045181274414,-0.003174915909767151,-9.807441711425781
999662110000,-0.0004559794324450195,-0.0009482309105806053,-0.002520551672205329,-0.3284994065761566,0.052339330315589905,-9.78897476196289
999675979000,0.0003552438865881413,0.0004628405731637031,0.0005405612173490226,-0.2934919595718384,-0.011944428086280823,-9.806831359863281
999682961000,0.0003695462946780026,0.00032189255580306053,0.0006441042642109096,-0.2992231249809265,-0.0018924325704574585,-9.808466911315918
999689850000,0.00019808112119790167,0.00018831051420420408,0.0004500231589190662,-0.30116987228393555,0.004089459776878357,-9.808061599731445
999696844000,-0.0005445664282888174,-0.00081534095807001,-0.002549834083765745,-0.3281373381614685,0.05032610893249512,-9.789007186889648
999710678000,0.0009480371372774243,0.0010860664770007133,-0.002016188111156225,-0.29338303208351135,0.07740339636802673,-9.800634384155273
999717674000,-0.000720881624147296,0.0011941432021558285,0.00030756203341297805,-0.27937719225883484,-0.02610553801059723,-9.820603370666504
999724570000,0.0002923869760707021,0.0013734052190557122,0.0005510930786840618,-0.2968598008155823,-0.009839430451393127,-9.81267261505127
999731512000,0.0003628323320299387,0.0009523904300294816,0.000629753340035677,-0.3013857305049896,-0.0018177628517150879,-9.812013626098633
999738508000,0.00031963951187208295,0.0005106457974761724,0.0006491593667306006,-0.3018558621406555,-0.00022104382514953613,-9.812066078186035
999745412000,0.0003607506223488599,5.23623893968761e-05,0.0006392347859218717,-0.3021760582923889,-0.0002336949110031128,-9.810907363891602
999759308000,-0.00044929422438144684,-0.0012757626827806234,-0.00251522078178823,-0.3295379877090454,0.053394585847854614,-9.790558815002441
999766300000,-0.0006812113570049405,-0.0004041449283249676,0.00016124363173730671,-0.2727588415145874,-0.03989361971616745,-9.81292724609375
999773182000,0.00039009947795420885,0.0002196724817622453,0.0005339488852769136,-0.293622761964798,-0.012161433696746826,-9.804952621459961
999780148000,0.00038135654176585376,0.0001316450216108933,0.0006398792029358447,-0.2991735339164734,-0.001802876591682434,-9.808032035827637
999794067000,-0.0006656842306256294,-0.0008349421550519764,-0.0027031193021684885,-0.3297257423400879,0.05788056552410126,-9.78941822052002
999801031000,-0.0008144709863699973,-7.469544652849436e-05,0.00012725942360702902,-0.2722007930278778,-0.04297658056020737,-9.810945510864258
999807913000,0.0003867927589453757,0.0005736597813665867,0.0005236339056864381,-0.2932666540145874,-0.013271018862724304,-9.80600357055664
999814837000,0.0004426774976309389,0.00038933721953071654,0.0006298159714788198,-0.2997346520423889,-0.0021738409996032715,-9.808685302734375
999821875000,0.00021121694589965045,0.00026270380476489663,0.00045118515845388174,-0.30126434564590454,0.0041795819997787476,-9.808996200561523
999835751000,-0.0005035997019149363,-0.0009205362293869257,-0.002513658720999956,-0.3284180462360382,0.05259038507938385,-9.789941787719727
999842652000,-0.0006744196289218962,-0.00010748422937467694,0.00016195255739148706,-0.2729972004890442,-0.04023168236017227,-9.813209533691406
999849608000,0.00041330940439365804,0.00038227956974878907,0.0005286359810270369,-0.2942715883255005,-0.012152403593063354,-9.806300163269043
999856514000,0.0003897562564816326,0.0002656365977600217,0.0006392032373696566,-0.2992137670516968,-0.0017927587032318115,-9.808847427368164
999870449000,-0.0005648444057442248,-0.0008450947934761643,-0.002545245923101902,-0.32817357778549194,0.05046260356903076,-9.789177894592285
999877363000,-0.0006929471855983138,-7.61932460591197e-05,0.00015698425704613328,-0.27303066849708557,-0.04090002179145813,-9.812909126281738
999884318000,0.0003927158541046083,0.00047942419769242406,0.0005339986528269947,-0.29379138350486755,-0.012302890419960022,-9.807235717773438
999891295000,0.0003921166353393346,0.0003262520767748356,0.0006386428722180426,-0.29944509267807007,-0.0018243789672851562,-9.808782577514648
999898186000,0.00017301811021752656,0.0002107119362335652,0.00045595751726068556,-0.3011256456375122,0.00417676568031311,-9.80869197845459
999912077000,-0.00047339388402178884,-0.0009676682529971004,-0.00251957168802619,-0.32862815260887146,0.05236658453941345,-9.789029121398926
999919068000,-0.000667643325868994,-0.00011701317271217704,0.00016486372624058276,-0.2726091146469116,-0.040237121284008026,-9.812915802001953
999926005000,0.0004221917479299009,0.00039431973709724844,0.000531587575096637,-0.2940562665462494,-0.012161538004875183,-9.806082725524902
999932968000,0.00039884712896309793,0.0002891209733206779,0.0006389463669620454,-0.2990541160106659,-0.0017386376857757568,-9.808720588684082
999946789000,0.0002910639741457999,-0.00010555851622484624,0.0006007251213304698,-0.29993486404418945,-0.003505691885948181,-9.806615829467773
999953780000,-0.0004215885419398546,-0.000977841205894947,-0.002524241339415312,-0.3282966613769531,0.05231262743473053,-9.788995742797852
999960706000,-0.0006829204503446817,-0.00011683994671329856,0.00016747222980484366,-0.2724730968475342,-0.039880216121673584,-9.812779426574707
999967744000,0.000383551960112527,0.00047030134010128677,0.0005392132443375885,-0.2934834361076355,-0.012109339237213135,-9.806574821472168
999974595000,0.0003786156594287604,0.0003325052675791085,0.0006425526808016002,-0.2992118000984192,-0.0017785429954528809,-9.808509826660156
999988520000,-0.0005907049053348601,-0.0007808459922671318,-0.0025440691970288754,-0.3282473087310791,0.050332263112068176,-9.788990020751953
999995434000,-0.0010908909607678652,-0.0023078566882759333,0.003489250782877207,-0.29110610485076904,-0.09492027759552002,-9.785573959350586
1000002461000,0.0009560368489474058,0.0010906578972935677,-0.0020165082532912493,-0.2933574616909027,0.0772704929113388,-9.800735473632812
1000009320000,-0.0007179785170592368,0.001193131902255118,0.0003074764972552657,-0.2794305086135864,-0.026079818606376648,-9.820611000061035
1000016352000,0.0002782947849482298,0.0013739955611526966,0.0005521062994375825,-0.2968577742576599,-0.009758993983268738,-9.812725067138672
1000030198000,0.00040752466884441674,0.0004579874803312123,0.0006346701411530375,-0.30238625407218933,-0.0005733668804168701,-9.811304092407227
1000037280000,0.0005407642456702888,-1.825077924877405e-05,0.0008421179372817278,-0.3007235527038574,-0.004408523440361023,-9.811216354370117
1000044227000,0.00042291765566915274,-0.0002658352314028889,0.0006876669940538704,-0.30187344551086426,0.003140851855278015,-9.81092643737793
1000051444000,-0.0006582168862223625,-0.0011896509677171707,-0.002697927411645651,-0.3307097852230072,0.05875232815742493,-9.791034698486328
1000057943000,-0.0008396175689995289,-0.0004930166178382933,0.00013093803136143833,-0.2726811170578003,-0.042770691215991974,-9.811470985412598
1000071906000,0.00043736217776313424,0.00016200600657612085,0.0006299957167357206,-0.299186110496521,-0.0020791590213775635,-9.80806827545166
1000078767000,0.00040741643169894814,-1.1094787623733282e-05,0.0006456394912675023,-0.30018872022628784,-0.00023795664310455322,-9.807767868041992
1000085810000,-0.0007078165072016418,-0.0007684390293434262,-0.0026939541567116976,-0.32934072613716125,0.058211952447891235,-9.790273666381836
1000092681000,-0.0008134026429615915,-6.509822560474277e-05,0.00012599211186170578,-0.2726256549358368,-0.043056465685367584,-9.811138153076172
1000106590000,0.00044391557457856834,0.0003725285641849041,0.0006298283697105944,-0.29978060722351074,-0.002163618803024292,-9.808738708496094
1000113497000,0.00019196787616237998,0.00024654302978888154,0.00045134968240745366,-0.3012765645980835,0.004295095801353455,-9.809041023254395
1000120466000,0.0002869986346922815,-6.174875306896865e-05,0.000603969965595752,-0.2998989224433899,-0.003302454948425293,-9.807748794555664
1000127388000,-0.00042397365905344486,-0.0009790967451408505,-0.002525598043575883,-0.328788161277771,0.05237552523612976,-9.789353370666504
1000134403000,-0.000676776806358248,-0.00012703490210697055,0.00016654215869493783,-0.2726597487926483,-0.040028899908065796,-9.813346862792969
1000148196000,0.0004052921140100807,0.000274582882411778,0.0006381325656548142,-0.299202561378479,-0.0018155574798583984,-9.808890342712402
1000155205000,0.00020906988356728107,0.00014772533904761076,0.0004497855552472174,-0.3012743592262268,0.004135027527809143,-9.808239936828613
1000162111000,-0.00055501121096313,-0.0008423490799032152,-0.0025478436145931482,-0.3282207250595093,0.0504099577665329,-9.789152145385742
1000169077000,-0.0008195405243895948,3.188382834196091e-05,4.1740328015293926e-05,-0.2735941410064697,-0.03822203725576401,-9.813763618469238
1000183035000,0.0004780869639944285,0.00032080194796435535,0.0006741898250766098,-0.29988545179367065,0.0007016956806182861,-9.809220314025879
1000189880000,0.00022713765793014318,0.0001550026354379952,0.00045667923404835165,-0.3016854226589203,0.004917114973068237,-9.808250427246094
1000196858000,0.00024447665782645345,-9.514673729427159e-05,0.0006119419122114778,-0.2994155287742615,-0.0028993934392929077,-9.807816505432129
1000204007000,-0.00045886135194450617,-0.0009860210120677948,-0.0025195209309458733,-0.32854464650154114,0.052361831068992615,-9.7890625
1000217736000,0.0004226505698170513,0.00039575042319484055,0.0005319835036061704,-0.29402652382850647,-0.012147396802902222,-9.805998802185059
1000224610000,0.0003992728015873581,0.0002912072231993079,0.0006391216302290559,-0.29905107617378235,-0.0017343759536743164,-9.808708190917969
1000231543000,0.00011552163050509989,0.00022135881590656936,0.00046417510020546615,-0.30071786046028137,0.0044208914041519165,-9.808752059936523
1000238529000,0.0002880354004446417,-0.0001050234423018992,0.0006001726724207401,-0.29995375871658325,-0.0034742802381515503,-9.806599617004395
1000245435000,-0.00042130867950618267,-0.0009757549269124866,-0.002525796415284276,-0.3282906413078308,0.05231039226055145,-9.789007186889648
1000259379000,0.0003697713545989245,0.00048191906535066664,0.0005389272118918598,-0.2933420240879059,-0.012030750513076782,-9.80671501159668
1000266303000,0.00037851888919249177,0.00033763129613362253,0.0006417672848328948,-0.29925888776779175,-0.0018499642610549927,-9.808457374572754
1000273240000,0.0001437532773707062,0.0002391916059423238,0.00045899878023192286,-0.30087223649024963,0.004266902804374695,-9.808558464050293
1000280163000,-0.0005904422141611576,-0.0007781042950227857,-0.0025440978351980448,-0.328255832195282,0.05033029615879059,-9.789010047912598
1000294071000,0.00093961285892874,0.0010911282151937485,-0.0020152521319687366,-0.29334530234336853,0.0773812085390091,-9.80081844329834
1000301079000,-0.0007042870274744928,0.0011848523281514645,0.00030619584140367806,-0.279495507478714,-0.02621070295572281,-9.820487022399902
1000307959000,0.00028267689049243927,0.0013732220977544785,0.0005532583454623818,-0.29679545760154724,-0.009744897484779358,-9.812811851501465
1000314893000,0.0003404283197596669,0.0009578646859154105,0.0006330104079097509,-0.301360547542572,-0.0017616748809814453,-9.812085151672363
1000321858000,0.00039035704685375094,0.00045887441956438124,0.0006355001241900027,-0.30235713720321655,-0.00047878921031951904,-9.811344146728516
1000335818000,0.0004240171692799777,-0.0002663116611074656,0.0006875402759760618,-0.30187058448791504,0.003131359815597534,-9.81091594696045
1000342682000,-0.0006575332954525948,-0.0011895314091816545,-0.002697974443435669,-0.33070674538612366,0.05875329673290253,-9.79102897644043
1000349646000,-0.0008430249290540814,-0.0004940904909744859,0.0001311576197622344,-0.27268657088279724,-0.04275176674127579,-9.811445236206055
1000356589000,0.00042133990791626275,0.0002583075256552547,0.0005157419363968074,-0.29284030199050903,-0.013439074158668518,-9.80432415008545
1000370525000,0.00039047838072292507,-7.76411616243422e-06,0.0006469464860856533,-0.30020272731781006,-0.00010503828525543213,-9.80780029296875
1000377414000,-0.0006944275228306651,-0.0007738575222902,-0.002696028910577297,-0.3294140696525574,0.05809152126312256,-9.79015064239502
1000384424000,-0.0008043855195865035,-6.31871516816318e-05,0.00012692065502051264,-0.27257007360458374,-0.043081171810626984,-9.811247825622559
1000391279000,0.00037167262053117156,0.0005610770895145833,0.0005238212179392576,-0.2934081554412842,-0.013132646679878235,-9.80634593963623
1000398211000,0.00044383780914358795,0.00036942909355275333,0.0006290723686106503,-0.2997862696647644,-0.0022516250610351562,-9.808674812316895
1000412144000,0.0002705731021706015,-5.99673658143729e-05,0.0006050767260603607,-0.29989147186279297,-0.0031889379024505615,-9.807771682739258
1000419082000,-0.0004228605539537966,-0.0009793943027034402,-0.0025262581184506416,-0.3288087248802185,0.0523032546043396,-9.789283752441406
1000426015000,-0.0006734289927408099,-0.00012476852862164378,0.00016635611245874316,-0.2726442217826843,-0.040048666298389435,-9.81334400177002
1000432995000,0.0004299161664675921,0.0003917029534932226,0.0005295563605614007,-0.294145405292511,-0.012182891368865967,-9.806225776672363
1000439904000,0.00040221933159045875,0.0002713032590691,0.000637782912235707,-0.2992614805698395,-0.0017305463552474976,-9.808844566345215
1000453837000,-0.000567594135645777,-0.0008368106791749597,-0.0025465614162385464,-0.3281543254852295,0.05043254792690277,-9.789229393005371
1000460727000,-0.0008474827627651393,8.325325325131416e-05,-4.449113112059422e-05,-0.2735176086425781,-0.036666885018348694,-9.814200401306152
1000467768000,0.0005288140964694321,0.00031156709883362055,0.0006816333625465631,-0.2932736873626709,-0.019869841635227203,-9.805718421936035
1000474618000,0.00034379810676909983,0.0003793994546867907,0.00047142969560809433,-0.30037641525268555,0.004591450095176697,-9.809822082519531
1000488605000,0.0003795956145040691,-0.00010063554509542882,0.0006390142953023314,-0.2997209429740906,-0.0008445382118225098,-9.808138847351074
1000495444000,-0.0002496253000572324,-0.0010770810768008232,-0.0023146001622080803,-0.3277885913848877,0.04892987012863159,-9.788789749145508
1000502478000,-0.00073742785025388,-9.243376553058624e-08,8.586320291215088e-06,-0.2738083302974701,-0.032472409307956696,-9.814327239990234
1000509325000,0.0005002551479265094,0.0002718598407227546,0.0006989827961660922,-0.2931068539619446,-0.01850682497024536,-9.805427551269531
1000516305000,0.00026816665194928646,0.00036226335214450955,0.00047811929835006595,-0.3002011477947235,0.005030035972595215,-9.809553146362305
1000530172000,0.000356227537849918,-8.937969687394798e-05,0.0006414576200768352,-0.2995855212211609,-0.0008957237005233765,-9.807825088500977
1000537194000,-0.00027226051315665245,-0.0010506251128390431,-0.002311697928234935,-0.3276100754737854,0.04891720414161682,-9.78862476348877
1000544070000,-0.0007390632526949048,2.178206341341138e-05,8.016243555175606e-06,-0.27377939224243164,-0.03253684937953949,-9.81403636932373
1000551111000,0.0003396370739210397,0.00032014038879424334,0.0005863015539944172,-0.2940642535686493,-0.015715286135673523,-9.805245399475098
1000557946000,0.0006203753291629255,0.00020653594401665032,0.0008442439720965922,-0.29755282402038574,-0.0059830546379089355,-9.808415412902832
1000571881000,-0.0007039106567390263,-0.000699045485816896,-0.002682580379769206,-0.3297579884529114,0.05911390483379364,-9.790063858032227
1000578796000,-0.0010635319631546736,-0.0025112079456448555,0.0036682640202343464,-0.29046252369880676,-0.10112973302602768,-9.783597946166992
1000585765000,0.0011823701206594706,0.001099855755455792,-0.0017797867767512798,-0.2917322516441345,0.07520674169063568,-9.800819396972656
1000592685000,-0.0007708037155680358,0.0013643605634570122,0.00015478311979677528,-0.28116321563720703,-0.017851993441581726,-9.821743965148926
1000599662000,0.00025855458807200193,0.0013347100466489792,0.0005128086777403951,-0.29726481437683105,-0.011923730373382568,-9.81156063079834
1000613504000,0.00037439013249240816,0.0004900437779724598,0.0006410986534319818,-0.30192458629608154,-0.0004543513059616089,-9.812058448791504
1000620538000,0.0001281070290133357,0.00017040339298546314,0.00045340642100200057,-0.3025265336036682,0.0044090598821640015,-9.812161445617676
1000627449000,0.00029689649818465114,-0.0003268045838922262,0.0005940363043919206,-0.30121976137161255,-0.003533676266670227,-9.809168815612793
1000634449000,-0.00043562985956668854,-0.0012914922554045916,-0.0025279452092945576,-0.3291015028953552,0.052373334765434265,-9.790616035461426
1000641277000,-0.0006699879304505885,-0.0003978803870268166,0.0001631222985452041,-0.272539347410202,-0.04012014716863632,-9.812911987304688
1000655229000,0.0003974476712755859,0.00013373649562709033,0.0006372052012011409,-0.299233078956604,-0.0018441975116729736,-9.808018684387207
1000662190000,0.00015043315943330526,6.443540041800588e-05,0.0004571899480652064,-0.300927996635437,0.00428985059261322,-9.808279037475586
1000669125000,-0.0005574737442657351,-0.0009280650992877781,-0.002549160737544298,-0.3283710181713104,0.05022910237312317,-9.788352966308594
1000676023000,-0.000677065399941057,-2.159341238439083e-05,0.00015715727931819856,-0.27227509021759033,-0.041016027331352234,-9.811677932739258
1000689911000,0.0003805968735832721,0.00036392020410858095,0.0006070748204365373,-0.2988359332084656,-0.003976538777351379,-9.80859088897705
1000696845000,0.00039322953671216965,0.0001693193189566955,0.0006429406348615885,-0.3001174330711365,-0.0008022785186767578,-9.808528900146484
1000703839000,0.0003986890078522265,-5.914003122597933e-05,0.0006426714826375246,-0.30050182342529297,-0.00018517673015594482,-9.808080673217773
1000710731000,-0.000617744168266654,-0.0008828449645079672,-0.0027092627715319395,-0.32971683144569397,0.057846590876579285,-9.790032386779785
1000717751000,-0.0008260785834863782,-0.00018043717136606574,0.0001328974321950227,-0.27237188816070557,-0.042830176651477814,-9.812322616577148
1000731571000,0.0003685422125272453,0.00033369605080224574,0.0006391589995473623,-0.29947635531425476,-0.0020373165607452393,-9.80862045288086
1000738566000,0.0001474694290664047,0.00022083583462517709,0.00045822394895367324,-0.30111294984817505,0.004155442118644714,-9.808603286743164
1000745460000,-0.0005975700914859772,-0.0007959919166751206,-0.0025421371683478355,-0.3283831477165222,0.05034761130809784,-9.78915023803711
1000752438000,-0.0008575098472647369,7.651484338566661e-05,-4.426098530529998e-05,-0.2738192081451416,-0.036713242530822754,-9.8142728805542
1000759355000,0.0004211589111946523,0.00036678052856586874,0.0006966161890886724,-0.2927659749984741,-0.01954784244298935,-9.806646347045898
1000773261000,0.00029968665330670774,6.0378588386811316e-05,0.0006134085124358535,-0.3002060651779175,-0.0026812851428985596,-9.807257652282715
1000780165000,0.0003646024561021477,-9.915142436511815e-05,0.0006406551110558212,-0.29980704188346863,-0.0009648650884628296,-9.807995796203613
1000787184000,-0.00027934100944548845,-0.0010681514395400882,-0.002310691401362419,-0.3277323246002197,0.04897750914096832,-9.788846969604492
1000794077000,-0.0007430128753185272,1.3793760444968939e-05,7.834157258912455e-06,-0.2738266885280609,-0.032535046339035034,-9.814260482788086
1000801111000,0.00032856009784154594,0.000304043001960963,0.0005887313163839281,-0.29416829347610474,-0.01571698486804962,-9.80524730682373
1000814893000,0.000507997814565897,5.3132447646930814e-05,0.0006893858080729842,-0.30097874999046326,0.003059476613998413,-9.807829856872559
1000821910000,0.0001790411479305476,-5.411100573837757e-06,0.00046502810437232256,-0.3008810877799988,0.005465298891067505,-9.808515548706055
1000828798000,-0.0005859368247911334,-0.0009746233117766678,-0.002539551118388772,-0.3279697597026825,0.05052828788757324,-9.788565635681152
1000835817000,-0.0008701972546987236,1.0646297596395016e-05,-3.9855047361925244e-05,-0.2729908525943756,-0.03660890460014343,-9.812844276428223
1000849622000,0.00034427334321662784,0.0004123013641219586,0.00046939708408899605,-0.3002101182937622,0.004546567797660828,-9.809420585632324
1000856623000,0.0003489173832349479,8.203423931263387e-05,0.0006091821123845875,-0.29996007680892944,-0.0025642067193984985,-9.807096481323242
1000863533000,-0.00042573740938678384,-0.0008011112222447991,-0.002517683431506157,-0.3283221125602722,0.052700504660606384,-9.789657592773438
1000870511000,-0.0009095754940062761,-0.0024244198575615883,0.003703645197674632,-0.2903241217136383,-0.09819164127111435,-9.785603523254395
1000877418000,0.001182646257802844,0.0010568222496658564,-0.0017679608426988125,-0.2925878167152405,0.07646054029464722,-9.801454544067383
1000891354000,0.00021426996681839228,0.0013076920295134187,0.0005168653442524374,-0.29718178510665894,-0.011739954352378845,-9.811659812927246
1000898263000,0.00036592979449778795,0.0009168041287921369,0.000622614985331893,-0.30095261335372925,-0.0027176737785339355,-9.812124252319336
1000905248000,0.0003970899269916117,0.0004311637603677809,0.0006356697413139045,-0.30216583609580994,-0.0005447715520858765,-9.811454772949219
1000912136000,0.0003468554641585797,5.313352448865771e-05,0.0006473205285146832,-0.30143803358078003,-5.893409252166748e-05,-9.811633110046387
1000926040000,-0.000481015769764781,-0.0012720784870907664,-0.0025108843110501766,-0.3295581638813019,0.05329057574272156,-9.790326118469238
1000933008000,-0.0006694118492305279,-0.0004436564922798425,0.00016286394384223968,-0.2729991674423218,-0.040102146565914154,-9.812043190002441
1000939948000,0.00042455544462427497,0.0002280890039401129,0.0005287202657200396,-0.2933535873889923,-0.012176513671875,-9.804790496826172
1000946893000,0.0004109367146156728,0.00014894103514961898,0.0006364824948832393,-0.29907873272895813,-0.0018039792776107788,-9.808159828186035
1000953869000,0.00017228606157004833,7.106025441316888e-05,0.00045379679067991674,-0.3009936809539795,0.0042856186628341675,-9.808211326599121
1000967827000,-0.000692525296472013,-2.2493419237434864e-05,0.00015898096899036318,-0.27218860387802124,-0.04084035009145737,-9.811944007873535
1000974623000,0.00020872597815468907,0.0006362374988384545,0.0003347722231410444,-0.29461508989334106,-0.007872596383094788,-9.80698299407959
1000981573000,0.00033602348412387073,0.0003643196541815996,0.0005911682383157313,-0.29912716150283813,-0.005144521594047546,-9.808221817016602
1000988569000,0.0003845705068670213,0.00016138517821673304,0.0006379662663675845,-0.3001174330711365,-0.0011851191520690918,-9.808415412902832
1001002480000,-0.0004193478962406516,-0.0009718221263028681,-0.0025119998026639223,-0.3288985788822174,0.05337996780872345,-9.789525032043457
1001009375000,-0.0008493450586684048,-0.00012310442980378866,5.89144037803635e-05,-0.2738630175590515,-0.036986954510211945,-9.813063621520996
1001016295000,0.0005719908513128757,0.00030920226708985865,0.0006971888360567391,-0.2922614812850952,-0.01864638924598694,-9.805319786071777
1001023306000,0.0005323144723661244,0.0002947195607703179,0.0006699624937027693,-0.2995535433292389,0.0006634145975112915,-9.80940055847168
1001037202000,-0.000527240161318332,-0.000860219937749207,-0.0025520315393805504,-0.3288325071334839,0.05030551552772522,-9.788432121276855
1001044094000,-0.0008586716139689088,5.9050158597528934e-05,-3.870560976793058e-05,-0.27338504791259766,-0.03655919432640076,-9.81445026397705
1001051112000,0.00028742876020260155,0.0004044019733555615,0.0005850073066540062,-0.29363229870796204,-0.016822069883346558,-9.806436538696289
1001058004000,0.0006244039395824075,0.00022751843789592385,0.000841786852106452,-0.29808416962623596,-0.006284072995185852,-9.80848217010498
1001064928000,0.00044958069338463247,0.0001237408141605556,0.0006988506647758186,-0.30074572563171387,0.003290712833404541,-9.808870315551758
1001078835000,-0.0005990504287183285,-0.000983688049018383,-0.0025372810196131468,-0.328215092420578,0.05034688115119934,-9.7886381149292
1001085797000,-0.0008752609719522297,-2.4820328690111637e-05,-3.94958296965342e-05,-0.27323243021965027,-0.03662501275539398,-9.812868118286133
1001092705000,0.0005121621070429683,0.0003207402187399566,0.0006854552775621414,-0.2924530506134033,-0.019906707108020782,-9.805044174194336
1001099630000,0.00030989584047347307,0.0003941683389712125,0.00047202405403368175,-0.3002490997314453,0.0047404468059539795,-9.80953311920166
1001113534000,0.00036832719342783093,-6.726148421876132e-05,0.0006408860790543258,-0.29957830905914307,-0.0008341223001480103,-9.8080415725708
1001120552000,-0.0002524451119825244,-0.0010480546625331044,-0.002314033918082714,-0.32770636677742004,0.04890146851539612,-9.78868293762207
1001127438000,-0.000966622494161129,-0.002409080509096384,0.0035420770291239023,-0.2913721799850464,-0.09070948511362076,-9.78514289855957
1001134476000,0.0009178782347589731,0.0010650790063664317,-0.002000347012653947,-0.293082058429718,0.07878835499286652,-9.80026626586914
1001141360000,-0.0006954993586987257,0.001189977745525539,0.0003068848163820803,-0.2792915403842926,-0.0260622575879097,-9.820366859436035
1001155237000,0.00039283547084778547,0.0009409578051418066,0.0006292083999142051,-0.3010304868221283,-0.0018096715211868286,-9.812116622924805
1001162179000,0.00033726036781445146,0.0005114893428981304,0.0006484808982349932,-0.3017423450946808,-0.0001506209373474121,-9.81203842163086
1001169126000,0.0002893606142606586,0.00010633688361849636,0.0006512060645036399,-0.30169710516929626,6.923079490661621e-05,-9.811481475830078
1001176063000,-0.0005068554310128093,-0.0009855087846517563,-0.002508698496967554,-0.3301604986190796,0.053345710039138794,-9.791818618774414
1001189953000,0.00037429240182973444,9.711828897707164e-05,0.0005341197829693556,-0.2945633828639984,-0.012009680271148682,-9.806915283203125
1001196893000,0.00041637904359959066,-4.95400745421648e-05,0.0006333818892017007,-0.29960256814956665,-0.001986399292945862,-9.808234214782715
1001203878000,0.00021366938017308712,-0.00011882338731084019,0.0004508937709033489,-0.30101290345191956,0.004075586795806885,-9.80788516998291
1001210757000,-0.0005113891093060374,-0.001063826959580183,-0.0025558427441865206,-0.3281280994415283,0.05033305287361145,-9.787473678588867
1001217774000,-0.000675301649607718,-3.70301422663033e-05,0.00016003854398149997,-0.2715354859828949,-0.04091675579547882,-9.811197280883789
1001231620000,0.0003207970003131777,0.0003822546568699181,0.0005933401407673955,-0.2991483211517334,-0.0051393210887908936,-9.807992935180664
1001238577000,0.00038944242987781763,0.00018386103329248726,0.0006385301821865141,-0.3001258373260498,-0.0012722760438919067,-9.808280944824219
1001245482000,0.00019457803864497691,5.20554167451337e-05,0.0004475934256333858,-0.3013368248939514,0.004168182611465454,-9.80858039855957
1001252492000,-0.0005172065575607121,-0.0009618460899218917,-0.002554443897679448,-0.32837924361228943,0.050106391310691833,-9.788919448852539
1001259383000,-0.0006801972631365061,-0.000133353634737432,0.00015905205509625375,-0.2726283669471741,-0.04088331758975983,-9.812796592712402
1001273306000,0.00038236737600527704,0.00031421062885783613,0.000640963320620358,-0.299511194229126,-0.001850023865699768,-9.80866527557373
1001280232000,0.0001430219126632437,0.0002039658575085923,0.00045889252214692533,-0.3011360764503479,0.004279375076293945,-9.808635711669922
1001287211000,-0.0006031705415807664,-0.0008100011618807912,-0.0025424081832170486,-0.3283970355987549,0.05036887526512146,-9.78911304473877
1001294143000,-0.0008798323106020689,2.3994885850697756e-05,-4.102406819583848e-05,-0.2740471363067627,-0.03667764365673065,-9.813630104064941
1001308002000,0.000628314504865557,0.00023759316536597908,0.0008410299196839333,-0.2980635464191437,-0.006124138832092285,-9.808664321899414
1001314929000,0.0004465004603844136,0.00014060790999792516,0.0006998435710556805,-0.3007435202598572,0.0033023208379745483,-9.808991432189941
1001321982000,0.00015541022003162652,1.1984157026745379e-05,0.0004664791049435735,-0.3014877736568451,0.0054010748863220215,-9.808487892150879
1001328838000,-0.0005810563452541828,-0.0009874958777800202,-0.002544360002502799,-0.32831138372421265,0.05046325922012329,-9.788705825805664
1001335857000,-0.0008894898346625268,-3.108399687334895e-05,-3.965052019339055e-05,-0.2732330858707428,-0.03654829412698746,-9.813047409057617
1001349641000,0.0003227155248168856,0.0003937559959013015,0.0004718847922049463,-0.30027949810028076,0.0046780407428741455,-9.809579849243164
1001356673000,0.0003039920702576637,8.89309449121356e-05,0.0006155148148536682,-0.29988595843315125,-0.002492651343345642,-9.807374000549316
1001363559000,0.0003813811927102506,-8.209771476686001e-05,0.0006374505464918911,-0.2998630404472351,-0.0009504854679107666,-9.807721138000488
1001370557000,-0.00023664836771786213,-0.00106104277074337,-0.0023163408041000366,-0.3277517855167389,0.048868611454963684,-9.788658142089844
1001384702000,0.0005230288370512426,0.0002852792968042195,0.0006961571052670479,-0.2929431200027466,-0.018614426255226135,-9.80545711517334
1001391324000,0.00031519608455710113,0.0003740833490155637,0.00047439438640139997,-0.30016058683395386,0.004906907677650452,-9.809572219848633
1001398269000,0.0002848099102266133,8.159194840118289e-05,0.0006177105824463069,-0.29971811175346375,-0.00242026150226593,-9.807391166687012
1001405258000,-0.0004433321882970631,-0.0008217999711632729,-0.0025169425643980503,-0.3285239338874817,0.052559033036231995,-9.789267539978027
1001419184000,0.0012236974434927106,0.0010075439931824803,-0.0017759845359250903,-0.2930108904838562,0.07639683783054352,-9.800727844238281
1001426077000,-0.0007628523162566125,0.001299394527450204,0.00015965942293405533,-0.28099751472473145,-0.017678499221801758,-9.821819305419922
1001433000000,0.00023043761029839516,0.0012983998749405146,0.0005165895563550293,-0.29712018370628357,-0.01170147955417633,-9.811638832092285
1001439983000,0.0003853082889690995,0.0009150832192972302,0.0006198108312673867,-0.3009451627731323,-0.002696126699447632,-9.812078475952148
1001446965000,0.0003152014105580747,0.0004978877841494977,0.0006509522791020572,-0.3016108274459839,-0.00025559961795806885,-9.812251091003418
1001460821000,0.00023649379727430642,-0.0002848086296580732,0.0006064714398235083,-0.30050128698349,-0.003183037042617798,-9.809958457946777
1001467777000,-0.00045245280489325523,-0.0012703388929367065,-0.002525731921195984,-0.3293178677558899,0.05228996276855469,-9.790261268615723
1001474681000,-0.0006745254504494369,-0.0003816697280853987,0.00016216380754485726,-0.2726004123687744,-0.040137216448783875,-9.812796592712402
1001481604000,0.0003900434821844101,0.00023528799647465348,0.0005325646488927305,-0.2936374843120575,-0.012080669403076172,-9.804926872253418
1001488586000,0.00038918410427868366,0.00014696542348247021,0.0006401307182386518,-0.29915499687194824,-0.001874282956123352,-9.808122634887695
1001502523000,-0.0005575505783781409,-0.0009221641812473536,-0.002547937212511897,-0.32828590273857117,0.05030398070812225,-9.788488388061523
1001509417000,-0.0006962482002563775,-2.9826187528669834e-05,0.0001585229329066351,-0.2723707854747772,-0.04090791195631027,-9.811637878417969
1001516317000,0.0004025865928269923,0.0005496443482115865,0.0005331628490239382,-0.2937454879283905,-0.012341409921646118,-9.806450843811035
1001523359000,0.0004379861638881266,0.00036888965405523777,0.0006333704805001616,-0.2997278571128845,-0.0019595474004745483,-9.808722496032715
1001530227000,0.00019741931464523077,0.00023969037283677608,0.0004521045193541795,-0.3012847900390625,0.004275664687156677,-9.808920860290527
1001544124000,-0.00043538352474570274,-0.0009761798428371549,-0.002524253912270069,-0.328752338886261,0.05240188539028168,-9.789302825927734
1001551124000,-0.0006718373624607921,-0.00012548238737508655,0.00016685697482898831,-0.2726415693759918,-0.040105849504470825,-9.813263893127441
1001558032000,0.00035907424171455204,0.00043679639929905534,0.0005404573166742921,-0.293770432472229,-0.011937633156776428,-9.806771278381348
1001564965000,0.0004410513793118298,0.00025272174389101565,0.0006334501085802913,-0.29972147941589355,-0.002109527587890625,-9.808130264282227
1001571956000,0.0001598372618900612,0.00017870013834908605,0.0004586951690725982,-0.3008241653442383,0.004402384161949158,-9.808833122253418
1001585873000,-0.0008719752659089863,6.750947795808315e-05,-3.8898895581951365e-05,-0.2732853293418884,-0.036432355642318726,-9.814388275146484
1001592784000,0.0002564800379332155,0.0004645319131668657,0.0004976181080564857,-0.2935445010662079,-0.015257760882377625,-9.806778907775879
1001599648000,0.0003805877931881696,0.00031818801653571427,0.0006295218481682241,-0.29926347732543945,-0.0028869807720184326,-9.808547019958496
1001606654000,0.0005385398399084806,3.907844075001776e-05,0.0008515931549482048,-0.29925256967544556,-0.004777655005455017,-9.807809829711914
1001620588000,-0.0006640365463681519,-0.000888459209818393,-0.0026914142072200775,-0.3299241364002228,0.05882026255130768,-9.78970718383789
1001627500000,-0.0008461171528324485,-0.0002454064670018852,0.00013469236728269607,-0.2727340757846832,-0.04271844029426575,-9.811236381530762
1001634555000,0.00035049038706347346,0.0005095076048746705,0.0005305220256559551,-0.29244688153266907,-0.01322638988494873,-9.806350708007812
1001641376000,0.0003781862324103713,0.0003580150951165706,0.0006387783214449883,-0.2993275225162506,-0.0020423978567123413,-9.808487892150879
1001655319000,0.00016903222422115505,4.7156179789453745e-05,0.00045230260002426803,-0.30107569694519043,0.004292294383049011,-9.808365821838379
1001662178000,-0.0005426798015832901,-0.0009525526547804475,-0.002551249461248517,-0.3281633257865906,0.05020894110202789,-9.78870677947998
1001669357000,-0.000878242717590183,-3.334385110065341e-05,-3.8880705687915906e-05,-0.27330857515335083,-0.036517806351184845,-9.813158988952637
1001676073000,0.0003460601146798581,0.00040478131268173456,0.0004839543835259974,-0.29330530762672424,-0.015583887696266174,-9.805581092834473
1001690023000,0.0004205356235615909,0.0001513859606347978,0.000667202053591609,-0.299552857875824,0.0008136332035064697,-9.808647155761719
1001696895000,-0.0006359074031934142,-0.0006984846550039947,-0.0026996114756911993,-0.3298206329345703,0.0583176463842392,-9.789966583251953
1001703884000,-0.0010175094939768314,-0.0024639826733618975,0.0036607999354600906,-0.2901061773300171,-0.10114896297454834,-9.784627914428711
1001710787000,0.0012272440362721682,0.0010397314326837659,-0.0017879822989925742,-0.2924203872680664,0.07521678507328033,-9.800642013549805
1001717830000,-0.0007431397098116577,0.0013770668301731348,0.00015439072740264237,-0.2806900143623352,-0.017876170575618744,-9.822561264038086
1001731664000,0.00037523003993555903,0.000921039842069149,0.000620345352217555,-0.3010174334049225,-0.002692475914955139,-9.812204360961914
1001738644000,0.00038995573413558304,0.00044469101703725755,0.0006384429289028049,-0.302093505859375,-0.0005303323268890381,-9.811729431152344
1001745553000,0.000139622061396949,0.00014298992755357176,0.0004527232958935201,-0.3024291694164276,0.004400506615638733,-9.812127113342285
1001752523000,0.0002836883068084717,-0.0003342010313645005,0.0005959896370768547,-0.3010978102684021,-0.0034355074167251587,-9.809200286865234
1001759415000,-0.00040972535498440266,-0.0013090657303109765,-0.0025299973785877228,-0.3291996121406555,0.05221529304981232,-9.790301322937012
1001773367000,0.0003895591653417796,0.0002380894002271816,0.0005326110986061394,-0.29364824295043945,-0.011997133493423462,-9.804891586303711
1001780230000,0.00038463284727185965,0.00014851365995127708,0.0006393879884853959,-0.2991729974746704,-0.0018391460180282593,-9.808072090148926
1001787266000,0.00017409544670954347,6.11667928751558e-05,0.0004541660600807518,-0.3011023700237274,0.004164636135101318,-9.808079719543457
1001794149000,-0.000545885821338743,-0.0009263918618671596,-0.0025495996233075857,-0.3283369541168213,0.05025497078895569,-9.78843879699707
1001801143000,-0.000677290081512183,-3.14878998324275e-05,0.0001579703384777531,-0.2723626494407654,-0.040938109159469604,-9.811676025390625
1001814961000,0.00043707716395147145,0.00036465740413405,0.0006329622119665146,-0.2997862696647644,-0.0019822418689727783,-9.808661460876465
1001821948000,0.0001973744947463274,0.00023551804770249873,0.00045192521065473557,-0.30128222703933716,0.0042670369148254395,-9.808930397033691
1001828848000,0.00026523537235334516,-5.859899101778865e-05,0.0006073405966162682,-0.2997633218765259,-0.0031917840242385864,-9.807842254638672
1001835815000,-0.0004322475288063288,-0.0009773706551641226,-0.0025248248130083084,-0.3287845551967621,0.05233858525753021,-9.789249420166016
1001849704000,0.0004173722700215876,0.00039628715603612363,0.0005311629502102733,-0.2940632700920105,-0.012119755148887634,-9.806255340576172
1001856676000,0.00041064253309741616,0.0002760151692200452,0.0006387681351043284,-0.29922688007354736,-0.0018399357795715332,-9.808810234069824
1001863586000,0.00023369638074655086,0.000134443020215258,0.000448380975285545,-0.3013530373573303,0.004059776663780212,-9.808066368103027
1001870554000,-0.0005645646597258747,-0.0008365109097212553,-0.0025457164738327265,-0.32804805040359497,0.050549015402793884,-9.789353370666504
1001877452000,-0.0008613976533524692,7.377192378044128e-05,-4.076888581039384e-05,-0.27353471517562866,-0.036619871854782104,-9.814153671264648
1001891412000,0.00039852605550549924,0.0002641466853674501,0.000719338480848819,-0.2993007004261017,-0.0045318603515625,-9.808085441589355
1001898289000,0.00036782590905204415,0.00013485473755281419,0.0006731835310347378,-0.2998307943344116,0.0008274614810943604,-9.808650970458984
1001905280000,0.00012807437451556325,2.6516929210629314e-05,0.0004639682301785797,-0.3011820316314697,0.00472046434879303,-9.808430671691895
1001912203000,-0.0005910044419579208,-0.0009698567446321249,-0.0025443134363740683,-0.3282453417778015,0.05032287538051605,-9.788575172424316
1001919155000,-0.0008603825117461383,4.575704224407673e-07,-4.259891284164041e-05,-0.2731519043445587,-0.036724939942359924,-9.81308650970459
1001933013000,0.00032217707484960556,0.0003933385305572301,0.00047113047912716866,-0.30028051137924194,0.004625782370567322,-9.809489250183105
1001940004000,0.0003381362766958773,7.022838690318167e-05,0.0006115747382864356,-0.2999923527240753,-0.0026405751705169678,-9.807126998901367
1001946904000,0.0003852861700579524,-7.780463784001768e-05,0.0006386349559761584,-0.29966461658477783,-0.0008597522974014282,-9.807950973510742
1001953855000,-0.0002481113187968731,-0.0010521064978092909,-0.002315209014341235,-0.32769328355789185,0.04895545542240143,-9.788734436035156
1001960838000,-0.0007410247926600277,3.8294820114970207e-07,8.944638466346078e-06,-0.27384403347969055,-0.03245987743139267,-9.814279556274414
1001974715000,0.0003016396949533373,0.0003691905294544995,0.00047556348727084696,-0.3001106381416321,0.00500856339931488,-9.809596061706543
1001981634000,0.0003215869073756039,5.514177610166371e-05,0.0006131206755526364,-0.2998572885990143,-0.0026155561208724976,-9.807068824768066
1001988618000,-0.00046715576900169253,-0.0008145368774421513,-0.002513705287128687,-0.3282378911972046,0.052779003977775574,-9.789591789245605
1001995520000,-0.0008800029754638672,-0.002406467217952013,0.0036985562182962894,-0.29020166397094727,-0.09845007210969925,-9.785253524780273
1002009407000,-0.0007661376148462296,0.0013080358039587736,0.00015861289284657687,-0.28086721897125244,-0.01765301823616028,-9.821930885314941
1002016350000,0.000249771517701447,0.0012930429074913263,0.0005151726654730737,-0.2971685230731964,-0.011823520064353943,-9.811498641967773
1002023401000,0.0003756375517696142,0.0009190132259391248,0.0006219110800884664,-0.3008354902267456,-0.002586379647254944,-9.81219482421875
1002030308000,0.0003295504138804972,0.0004907409893348813,0.0006487281061708927,-0.3016800880432129,-0.00032326579093933105,-9.812106132507324
1002037262000,0.00018815873772837222,0.00012828700710088015,0.00044415509910322726,-0.30291157960891724,0.00408114492893219,-9.811324119567871
1002051175000,-0.0004735001130029559,-0.0012587839737534523,-0.002523439470678568,-0.3291930556297302,0.05226433277130127,-9.790356636047363
1002058100000,-0.0006542127812281251,-0.0003696217609103769,0.00016026677621994168,-0.2725963890552521,-0.04030667245388031,-9.812792778015137
1002065007000,0.0004052755539305508,0.00021890265634283423,0.0005313089350238442,-0.29377487301826477,-0.01206400990486145,-9.804874420166016
1002071993000,0.00038727011997252703,0.00013641465920954943,0.0006398604600690305,-0.29909127950668335,-0.00179271399974823,-9.80814266204834
1002085934000,-0.0005435930215753615,-0.0009334837086498737,-0.0025501535274088383,-0.32835203409194946,0.05022817850112915,-9.788309097290039
1002092765000,-0.0006774297798983753,-1.0685587767511606e-05,0.00015842884022276849,-0.2721453011035919,-0.04097016900777817,-9.811880111694336
1002099695000,0.00019614462507888675,0.0006268747965805233,0.00033785650157369673,-0.2947242259979248,-0.00777435302734375,-9.806896209716797
1002106716000,0.00031187740387395024,0.00036734994500875473,0.000595037592574954,-0.29902634024620056,-0.005089715123176575,-9.808249473571777
1002113603000,0.00040160040953196585,0.00015191776037681848,0.000636644777841866,-0.3002035617828369,-0.0013353228569030762,-9.80815601348877
1002127476000,-0.0005506115849129856,-0.000965971383266151,-0.0025506126694381237,-0.32831907272338867,0.050349488854408264,-9.788980484008789
1002134445000,-0.0006815295200794935,-0.00013639393728226423,0.00015726880519650877,-0.2726146876811981,-0.04097560793161392,-9.812579154968262
1002141380000,0.0003757894446607679,0.00046273093903437257,0.0005380080547183752,-0.29349473118782043,-0.012202754616737366,-9.806889533996582
1002148297000,0.00036936189280822873,0.0003110464022029191,0.0006432868540287018,-0.29942381381988525,-0.0018043071031570435,-9.80865478515625
1002155296000,0.00021821571863256395,0.0001678155385889113,0.0004490040009841323,-0.30135831236839294,0.0039739906787872314,-9.808128356933594
1002169262000,-0.0008607087074778974,7.377221481874585e-05,-4.225785960443318e-05,-0.2735599875450134,-0.03650495409965515,-9.814434051513672
1002176099000,0.00034574492019601166,0.00039590010419487953,0.0004855499428231269,-0.2940506339073181,-0.015566393733024597,-9.806246757507324
1002183026000,0.0004534510662779212,0.0002384187828283757,0.0007134528714232147,-0.2989942729473114,-0.0044873058795928955,-9.808408737182617
1002190020000,0.0004021472414024174,0.00011084758443757892,0.0006670526345260441,-0.2997955083847046,0.0009489953517913818,-9.808673858642578
1002196928000,0.00014287489466369152,1.7760896298568696e-05,0.000461232615634799,-0.3010233938694,0.004777088761329651,-9.808565139770508
1002210858000,-0.0006889954674988985,-0.00010390760144218802,0.00015771480684634298,-0.2723124623298645,-0.04099804908037186,-9.812514305114746
1002217746000,0.0001520955702289939,0.0005519342375919223,0.0003446062619332224,-0.29440370202064514,-0.007708191871643066,-9.807083129882812
1002224740000,0.00034564934321679175,0.00027592756669037044,0.0005893090856261551,-0.2990511655807495,-0.005329743027687073,-9.80734920501709
1002231649000,0.00035514592309482396,0.0001339559821644798,0.0006443056045100093,-0.2994922399520874,-0.001090019941329956,-9.808265686035156
1002245530000,-0.0005415486521087587,-0.0009551165858283639,-0.0025505847297608852,-0.3280673027038574,0.0501798540353775,-9.788570404052734
1002252599000,-0.0006908240611664951,-9.967683581635356e-05,0.00015833188081160188,-0.2723460793495178,-0.04081141948699951,-9.812626838684082
1002259514000,0.0003627370751928538,0.00047905551036819816,0.0005404957919381559,-0.29344236850738525,-0.012166261672973633,-9.80678939819336
1002266388000,0.00035636135726235807,0.00033774191979318857,0.0006472015520557761,-0.29919084906578064,-0.0018257349729537964,-9.808534622192383
1002280285000,-0.000599196064285934,-0.0007799553568474948,-0.0025421609170734882,-0.3281603157520294,0.05036023259162903,-9.789056777954102
1002287271000,-0.0010821407195180655,-0.0023073162883520126,0.0034903718624264,-0.29109638929367065,-0.09500636160373688,-9.785517692565918
1002294231000,0.0009421163704246283,0.0010896391468122602,-0.002014896832406521,-0.2933235466480255,0.07739610970020294,-9.800760269165039
1002301119000,-0.000717504124622792,0.0011890793684870005,0.0003074727428611368,-0.27942514419555664,-0.026135772466659546,-9.820520401000977
1002308120000,0.0002736973110586405,0.001381205627694726,0.0005548432236537337,-0.296733558177948,-0.00977461040019989,-9.812813758850098
1002322020000,0.0004098040808457881,0.0004585246497299522,0.0006332340999506414,-0.3023361563682556,-0.0005819946527481079,-9.811286926269531
1002328903000,0.0005442455876618624,-1.5984405763447285e-05,0.0008422480896115303,-0.3006693720817566,-0.004439592361450195,-9.811223983764648
1002336062000,0.0004018628678750247,-0.00025183698744513094,0.0006916912388987839,-0.3017346262931824,0.0032133907079696655,-9.81106948852539
1002342801000,-0.0006597888423129916,-0.0011897708754986525,-0.0026926689315587282,-0.3307678699493408,0.058622539043426514,-9.790895462036133
1002349775000,-0.0008307620300911367,-0.0005174506222829223,0.0001321243034908548,-0.27281516790390015,-0.042770013213157654,-9.811156272888184
1002363687000,0.0004489072598516941,0.00016141458763740957,0.0006285356939770281,-0.29937082529067993,-0.002148374915122986,-9.807905197143555
1002370626000,0.0004002047935500741,2.5516492314636707e-06,0.0006477183196693659,-0.3000504970550537,-0.00018718838691711426,-9.807950973510742
1002377535000,-0.0006928362417966127,-0.0007702209986746311,-0.0026954940985888243,-0.3294345438480377,0.05814293026924133,-9.790154457092285
1002384460000,-0.0008171059307642281,-6.855634273961186e-05,0.00012808018072973937,-0.2725895345211029,-0.043009430170059204,-9.811235427856445
1002398383000,0.00043451000237837434,0.0003766375593841076,0.0006330384640023112,-0.2997593283653259,-0.002201259136199951,-9.808765411376953
1002405390000,0.00022108625853434205,0.00023314352438319474,0.0004492336593102664,-0.3013817369937897,0.004161208868026733,-9.808842658996582
1002412315000,0.0002619209117256105,-5.299723125062883e-05,0.0006078665028326213,-0.2996945381164551,-0.0030892640352249146,-9.808018684387207
1002419277000,-0.00042649341048672795,-0.0009821972344070673,-0.0025266441516578197,-0.32886481285095215,0.05232596397399902,-9.789194107055664
1002433111000,0.00035886288969777524,0.0004415055736899376,0.0005406891577877104,-0.2937188744544983,-0.011985227465629578,-9.806769371032715
1002440098000,0.0004333475371822715,0.0002520038397051394,0.0006332006305456161,-0.2997610569000244,-0.00206013023853302,-9.808116912841797
1002447005000,0.00017132570792455226,0.00017548621690366417,0.00045700668124482036,-0.3008478581905365,0.0043149590492248535,-9.80880069732666
1002453983000,-0.0005178890423849225,-0.0008744626538828015,-0.0025548848789185286,-0.32866886258125305,0.05021040141582489,-9.788496017456055
1002460899000,-0.000673808972351253,-2.3614324163645506e-05,0.0001581273681949824,-0.2724398970603943,-0.04091372340917587,-9.813830375671387
1002474819000,0.0003534582501742989,0.0002588240313343704,0.0005890512838959694,-0.29926079511642456,-0.00524003803730011,-9.807597160339355
1002481715000,0.0003732009790837765,0.00010946541442535818,0.0006419891724362969,-0.29964134097099304,-0.0011164098978042603,-9.808476448059082
1002488750000,0.0001756110432324931,7.104725227691233e-06,0.0004512201121542603,-0.30102765560150146,0.004182413220405579,-9.808439254760742
1002495625000,-0.000563920009881258,-0.000977297779172659,-0.002548677148297429,-0.3281053304672241,0.050307050347328186,-9.788745880126953
1002502656000,-0.0006771876360289752,-9.299593511968851e-05,0.00015566170623060316,-0.2722545862197876,-0.04102027416229248,-9.8126859664917
1002516440000,0.0004402085323818028,0.00026976564549840987,0.0006312645855359733,-0.2996761202812195,-0.0021800845861434937,-9.807841300964355
1002523444000,0.00018328052829019725,0.00020076203509233892,0.0004565521376207471,-0.3006818890571594,0.004263624548912048,-9.808753967285156
1002530393000,0.00024282124650198966,-6.98154472047463e-05,0.0006129746907390654,-0.2994513511657715,-0.003159075975418091,-9.80738353729248
1002537317000,-0.00045829289592802525,-0.0009523440385237336,-0.002518758410587907,-0.32838496565818787,0.052355602383613586,-9.789007186889648
1002551175000,0.0004143611586187035,0.00040969482506625354,0.0005298927426338196,-0.2940126955509186,-0.012136071920394897,-9.806057929992676
1002558200000,0.00041096657514572144,0.00030438441899605095,0.0006387279136106372,-0.29893165826797485,-0.0018747150897979736,-9.808685302734375
1002565067000,0.00015877575788181275,0.00021291176381055266,0.00045989634236320853,-0.3007868528366089,0.004303842782974243,-9.808538436889648
1002572128000,-0.0005992137594148517,-0.0007866904488764703,-0.002541236113756895,-0.32810091972351074,0.0504356324672699,-9.789058685302734
1002585975000,0.0009410693310201168,0.0011007848661392927,-0.0020153624936938286,-0.2932344079017639,0.07734157145023346,-9.800678253173828
1002592901000,-0.0007039779447950423,0.0011951045598834753,0.0003065939818043262,-0.27945494651794434,-0.026212245225906372,-9.820469856262207
1002599765000,0.00027000473346561193,0.001389429671689868,0.0005544937448576093,-0.29672420024871826,-0.009683862328529358,-9.812878608703613
1002606784000,0.00035359745379537344,0.0009631153661757708,0.0006310027674771845,-0.3014189600944519,-0.001857563853263855,-9.811983108520508
1002613756000,0.0003059990704059601,0.0005168365314602852,0.0006496078567579389,-0.30188435316085815,-0.000182420015335083,-9.812060356140137
1002627586000,0.0004529809230007231,-0.0002716637682169676,0.0006837743567302823,-0.30166536569595337,0.0030601322650909424,-9.811126708984375
1002634500000,-0.0006347803864628077,-0.001200132304802537,-0.0027017102111130953,-0.3307109475135803,0.05878835916519165,-9.791031837463379
1002641506000,-0.0008304127841256559,-0.000518940738402307,0.00013182475231587887,-0.27271339297294617,-0.042767107486724854,-9.811348915100098
1002648388000,0.0004017379542347044,0.00027862508432008326,0.0005190567462705076,-0.2925279438495636,-0.013296082615852356,-9.804649353027344
1002662310000,0.00023741138284094632,3.651644510682672e-05,0.000536448264028877,-0.3010702431201935,0.0025781095027923584,-9.807880401611328
1002669535000,-0.0004785928758792579,-0.0009106916841119528,-0.0025396954733878374,-0.32818952202796936,0.05145940184593201,-9.788849830627441
1002676191000,-0.0006755589274689555,2.7221802156418562e-05,0.00016046970267780125,-0.272121787071228,-0.04047691822052002,-9.812826156616211
1002683136000,0.0003747519222088158,0.0005372966406866908,0.0005363160162232816,-0.2941197156906128,-0.012085631489753723,-9.80679702758789
1002690097000,0.00042666541412472725,0.00034879930899478495,0.000634307274594903,-0.29977965354919434,-0.0020191967487335205,-9.808707237243652
1002704001000,0.00023660484293941408,-7.071018626447767e-05,0.0006101320032030344,-0.299731969833374,-0.003097251057624817,-9.80783462524414
1002710916000,-0.00044330809032544494,-0.0009880450088530779,-0.00252246530726552,-0.3287888169288635,0.0522453635931015,-9.789125442504883
1002717831000,-0.0006773534696549177,-0.00011416105553507805,0.00016625894932076335,-0.2725144624710083,-0.04007788747549057,-9.813146591186523
1002724847000,0.0004201475821901113,0.00039670633850619197,0.0005292074638418853,-0.2941444218158722,-0.012146919965744019,-9.806060791015625
1002738756000,0.00023213964595925063,0.00013742299051955342,0.0004458977491594851,-0.3014117479324341,0.003946676850318909,-9.8079195022583
1002745616000,-0.0005656940629705787,-0.000831982062663883,-0.0025458254385739565,-0.328022301197052,0.050508275628089905,-9.789351463317871
1002752836000,-0.0006601992645300925,-4.774425178766251e-06,0.00015464237367268652,-0.27267012000083923,-0.0410613939166069,-9.813720703125
1002759522000,0.00020055111963301897,0.0004969368455931544,0.000428138388087973,-0.2951841354370117,-0.009274870157241821,-9.807377815246582
1002766450000,0.0003907184873241931,0.0002600310544949025,0.0006045072805136442,-0.29900628328323364,-0.004151061177253723,-9.807915687561035
1002780355000,0.0003641807707026601,-8.138880366459489e-05,0.000647989974822849,-0.30019229650497437,-0.00017902255058288574,-9.807877540588379
1002787394000,-0.0006390180205926299,-0.0008912532939575613,-0.0027058240957558155,-0.3295697569847107,0.05780181288719177,-9.789642333984375
1002794243000,-0.0007985781412571669,-0.00016629573656246066,0.00012857638648711145,-0.2721819579601288,-0.04297631233930588,-9.811988830566406
1002801196000,0.0004134615883231163,0.0004399138269945979,0.0005193362012505531,-0.29337549209594727,-0.013234838843345642,-9.805752754211426
1002815084000,0.0001681783760432154,0.00023574427177663893,0.0004596881626639515,-0.3008102476596832,0.004274219274520874,-9.808712005615234
1002822077000,-0.0005690393154509366,-0.0007844744250178337,-0.0025439506862312555,-0.32832664251327515,0.05035591125488281,-9.789012908935547
1002828982000,-0.0010868022218346596,-0.0023067831061780453,0.00349200121127069,-0.29111433029174805,-0.09486372768878937,-9.785722732543945
1002835970000,0.0009449705248698592,0.0010873759165406227,-0.0020157634280622005,-0.2934337258338928,0.07739180326461792,-9.800774574279785
1002849787000,0.00036883901339024305,0.0013134150067344308,0.000539284897968173,-0.2973977327346802,-0.01007862389087677,-9.812044143676758
1002856819000,0.0003968399832956493,0.0009334466885775328,0.0006287753931246698,-0.30110010504722595,-0.001752808690071106,-9.812398910522461
1002863696000,0.0003404443559702486,0.0004965279367752373,0.0006475388072431087,-0.30187708139419556,-0.00013609230518341064,-9.812129020690918
1002870660000,0.0003765561559703201,4.879242624156177e-05,0.0006396673270501196,-0.3021196126937866,-0.00023593008518218994,-9.811037063598633
1002877565000,0.00035154755460098386,-0.00028839553124271333,0.0006434008246287704,-0.30131828784942627,-8.128583431243896e-05,-9.81038761138916
1002891532000,-0.000695499184075743,-0.0004893249715678394,0.0001633741776458919,-0.27331113815307617,-0.03994389623403549,-9.811822891235352
1002898439000,0.00043724593706429005,0.00023637978301849216,0.0005266128573566675,-0.2931506335735321,-0.012356698513031006,-9.80482292175293
1002905386000,0.00042936240788549185,0.0001546715502627194,0.0006349104805849493,-0.29916834831237793,-0.0018461495637893677,-9.808257102966309
1002912310000,0.0003901112067978829,-2.254574792459607e-05,0.000647346256300807,-0.3002700209617615,-0.00013335049152374268,-9.80772590637207
1002919347000,-0.0006131053669378161,-0.0008392730378545821,-0.0027102178428322077,-0.32985615730285645,0.05786074697971344,-9.78946304321289
1002933173000,0.0003828269545920193,0.0005838505458086729,0.0005224565393291414,-0.29316651821136475,-0.013236567378044128,-9.806241989135742
1002940099000,0.0004507919366005808,0.0003879095893353224,0.0006282811518758535,-0.29983121156692505,-0.0022366344928741455,-9.808707237243652
1002947023000,0.00022919550247024745,0.000248346128500998,0.0004488507111091167,-0.30139511823654175,0.00413396954536438,-9.808944702148438
1002954065000,0.0002776594483293593,-5.090428749099374e-05,0.00060544308507815,-0.29984474182128906,-0.0031005442142486572,-9.807979583740234
1002967829000,-0.0006834387313574553,-0.00012024311581626534,0.0001630090846447274,-0.27313506603240967,-0.040225498378276825,-9.813056945800781
1002974852000,0.0004218218964524567,0.0003765011497307569,0.0005275326548144221,-0.29427570104599,-0.012215927243232727,-9.806190490722656
1002981728000,0.0003930815728381276,0.0002693330170586705,0.0006411597714759409,-0.29915809631347656,-0.0018108487129211426,-9.808980941772461
1002988704000,0.00020059738017152995,0.00014462260878644884,0.00045150835649110377,-0.3013041615486145,0.004134684801101685,-9.808242797851562
1002995632000,-0.000595941673964262,-0.0008377752965316176,-0.0025425399653613567,-0.3281749486923218,0.050539106130599976,-9.789240837097168
1003009545000,0.0003972405393142253,0.00046816066605970263,0.0005339302006177604,-0.29388391971588135,-0.01225954294204712,-9.80718994140625
1003016461000,0.00040690324385650456,0.0003210126014892012,0.000638202007394284,-0.29942452907562256,-0.00187605619430542,-9.808823585510254
1003023454000,0.00015562122280243784,0.00021231453865766525,0.00045975277316756546,-0.30109497904777527,0.004291936755180359,-9.808799743652344
1003030362000,0.00023159384727478027,-7.381333853118122e-05,0.0006133178831078112,-0.2996833324432373,-0.0032062530517578125,-9.807517051696777
1003044284000,-0.0006782129057683051,-0.00011183152673766017,0.00016504635277669877,-0.2725725471973419,-0.04007948189973831,-9.813060760498047
1003051201000,0.00042766070691868663,0.0003943813208024949,0.0005306089296936989,-0.2941265404224396,-0.012238353490829468,-9.806046485900879
1003058191000,0.0003846432955469936,0.0002901883563026786,0.0006413295632228255,-0.29905563592910767,-0.0016781091690063477,-9.8087797164917
1003065129000,0.0002362619125051424,0.0001460058119846508,0.00044690410140901804,-0.30135053396224976,0.003961443901062012,-9.807831764221191
1003072093000,0.0002470810431987047,-8.137687109410763e-05,0.0006123482016846538,-0.2991752624511719,-0.0030255019664764404,-9.807695388793945
1003086002000,-0.0006975693395361304,-0.00010158668737858534,0.00016795992269180715,-0.2724306285381317,-0.039963655173778534,-9.812857627868652
1003092931000,0.00035393450525589287,0.000472853280371055,0.0005402144743129611,-0.2935618758201599,-0.012031391263008118,-9.806584358215332
1003099807000,0.000381190562620759,0.0003277975774835795,0.0006427863845601678,-0.2992897629737854,-0.0019510388374328613,-9.808384895324707
1003106810000,0.00013415259309113026,0.00023620766296517104,0.00046222444507293403,-0.30084291100502014,0.0043020546436309814,-9.808600425720215
1003120722000,-0.0010828138329088688,-0.002303204033523798,0.0034878787118941545,-0.29106149077415466,-0.09496711194515228,-9.785572052001953
1003127614000,0.0009375624358654022,0.0010926173999905586,-0.0020143117289990187,-0.2933879494667053,0.07736310362815857,-9.800772666931152
1003134536000,-0.0007036952883936465,0.0011991583742201328,0.000306292757159099,-0.27942338585853577,-0.026120498776435852,-9.820608139038086
1003141549000,0.00036191591061651707,0.0013194918865337968,0.0005409092991612852,-0.2973693609237671,-0.00999896228313446,-9.812068939208984
1003155450000,0.000343820865964517,0.0004967674612998962,0.0006475478294305503,-0.3018617630004883,-0.00014607608318328857,-9.812118530273438
1003162337000,0.00039035023655742407,3.0141440220177174e-05,0.0006359146791510284,-0.3022586703300476,-0.00023449957370758057,-9.810795783996582
1003169335000,0.0003445185429882258,-0.000278146646451205,0.0006450525252148509,-0.30108195543289185,-4.932284355163574e-05,-9.810639381408691
1003176241000,-0.00044415262527763844,-0.0012831514468416572,-0.0025164070539176464,-0.3296569585800171,0.05332814157009125,-9.790398597717285
1003183147000,-0.0006751584587618709,-0.00039955240208655596,0.00016301391588058323,-0.27271634340286255,-0.039949141442775726,-9.812970161437988
1003197054000,0.0003691746387630701,0.00013992485764902085,0.0006420498830266297,-0.299135684967041,-0.0017830133438110352,-9.808127403259277
1003204069000,0.00034542506909929216,-3.382973955012858e-05,0.0006521320901811123,-0.30026012659072876,-0.00018414855003356934,-9.807573318481445
1003210939000,-0.000640939804725349,-0.0008458401425741613,-0.002705989871174097,-0.3298479914665222,0.057771310210227966,-9.789277076721191
1003217883000,-0.0008002287358976901,-6.914651021361351e-05,0.0001284614991163835,-0.27211254835128784,-0.042982690036296844,-9.811161041259766
1003224861000,0.0003609306295402348,0.0005783585365861654,0.0005263044149614871,-0.2932858467102051,-0.01306353509426117,-9.80618953704834
1003238742000,0.0002029162715189159,0.00025304435985162854,0.0004504951066337526,-0.3013744056224823,0.004195481538772583,-9.808865547180176
1003245675000,0.00028582735103555024,-4.869583062827587e-05,0.0006048062350600958,-0.2998715937137604,-0.003258049488067627,-9.807809829711914
1003252675000,-0.0004252095823176205,-0.0009665208635851741,-0.0025209642481058836,-0.32878419756889343,0.05231641232967377,-9.78939151763916
1003259562000,-0.0006806902238167822,-0.00014980562264099717,0.00016722414875403047,-0.27291053533554077,-0.03995126485824585,-9.813136100769043
1003273511000,0.00036528168129734695,0.0002963822626043111,0.0006445625331252813,-0.29941773414611816,-0.001780882477760315,-9.808738708496094
1003280378000,0.000192948617041111,0.0001568384177517146,0.00044968051952309906,-0.30142271518707275,0.004105612635612488,-9.808117866516113
1003287373000,-0.0005946684977971017,-0.0008226347854360938,-0.0025432384572923183,-0.3281424641609192,0.05046893656253815,-9.789326667785645
1003294305000,-0.0008526843739673495,-4.478008486330509e-05,4.461673233890906e-05,-0.27422231435775757,-0.038238488137722015,-9.812729835510254
1003301250000,0.0005390456644818187,0.0004034218436572701,0.0007043219520710409,-0.29206663370132446,-0.01882222294807434,-9.806509017944336
1003315110000,0.0001878485782071948,0.00021721461962442845,0.0004651741764973849,-0.3013589680194855,0.005250677466392517,-9.808968544006348
1003322197000,0.00023990853514987975,-7.553855539299548e-05,0.0006130306283012033,-0.2997681498527527,-0.0029795169830322266,-9.807625770568848
1003328999000,-0.0004518346395343542,-0.0009804749861359596,-0.0025208599399775267,-0.32866621017456055,0.052337780594825745,-9.789121627807617
1003336021000,-0.0006644592504017055,-0.00011278007877990603,0.0001656724780332297,-0.272524893283844,-0.0401642844080925,-9.8132963180542
1003349814000,0.0003840490826405585,0.0002783267991617322,0.0006407590117305517,-0.2990718185901642,-0.0017517656087875366,-9.808717727661133
1003356808000,0.00022229223395697773,0.00014182808808982372,0.00044694641837850213,-0.30130112171173096,0.004028096795082092,-9.807877540588379
1003363785000,0.00026326574152335525,-9.215873433277011e-05,0.0006088471272960305,-0.29922541975975037,-0.0031402558088302612,-9.807543754577637
1003370815000,-0.0004511763690970838,-0.0009643814992159605,-0.002519305096939206,-0.3283540606498718,0.052373841404914856,-9.788978576660156
1003377679000,-0.0006699392688460648,-8.810573490336537e-05,0.00016670889453962445,-0.27239111065864563,-0.0401201993227005,-9.812849998474121
1003391532000,0.0004476582398638129,0.00028377550188452005,0.0006317259394563735,-0.2996065318584442,-0.0022087395191192627,-9.807838439941406
1003398471000,0.00019176589557901025,0.00020332822168711573,0.0004540240333881229,-0.30075791478157043,0.0043073296546936035,-9.808624267578125
1003405433000,-0.0005945352604612708,-0.0007880596676841378,-0.002541178837418556,-0.3280654549598694,0.05050098896026611,-9.789196014404297
1003412431000,-0.0010821630712598562,-0.0023040389642119408,0.003490494331344962,-0.29107755422592163,-0.09496453404426575,-9.785493850708008
1003426255000,-0.0007051504217088223,0.0011935540242120624,0.0003064821066800505,-0.27940255403518677,-0.026232577860355377,-9.820574760437012
1003433179000,0.00027796579524874687,0.0013792406534776092,0.000552963581867516,-0.29683464765548706,-0.009714454412460327,-9.812783241271973
1003440171000,0.0003663089592009783,0.0009560275939293206,0.0006305461283773184,-0.3014307916164398,-0.0019022822380065918,-9.811990737915039
1003447073000,0.00030631839763373137,0.0005158258136361837,0.0006511920364573598,-0.30187302827835083,-0.00014482438564300537,-9.812127113342285
1003454077000,0.00037974148290231824,3.842220758087933e-05,0.000635860487818718,-0.30235081911087036,-0.00032924115657806396,-9.81068229675293
1003467882000,-0.0004575981292873621,-0.0012782093835994601,-0.002515599597245455,-0.3296436071395874,0.05342254042625427,-9.790456771850586
1003474902000,-0.0006621089996770024,-0.00039412331534549594,0.00016178018995560706,-0.2727178931236267,-0.040068887174129486,-9.812990188598633
1003481789000,0.00036971294321119785,0.00021608802489936352,0.0005350792780518532,-0.2937144935131073,-0.011942610144615173,-9.805038452148438
1003488810000,0.0003689947188831866,0.0001362889597658068,0.0006414815434254706,-0.2991405725479126,-0.0018563717603683472,-9.808024406433105
1003495673000,0.00034916307777166367,-3.484124317765236e-05,0.0006527205696329474,-0.30023273825645447,-0.00022496283054351807,-9.80757999420166
1003509588000,-0.0008187858038581908,-7.95843661762774e-05,0.00012881566362921149,-0.27220824360847473,-0.04291960597038269,-9.810958862304688
1003516511000,0.00036454759538173676,0.0005899232346564531,0.0005263802595436573,-0.293155699968338,-0.013185620307922363,-9.806161880493164
1003523511000,0.00044597111991606653,0.00039285459206439555,0.0006301147514022887,-0.2998529076576233,-0.002279520034790039,-9.808566093444824
1003530391000,0.00021265330724418163,0.00025280972477048635,0.00044946183334104717,-0.30140236020088196,0.004223555326461792,-9.808857917785645
1003537450000,0.0002779546193778515,-4.61359741166234e-05,0.0006044333567842841,-0.2998528480529785,-0.0031706690788269043,-9.807869911193848
1003551235000,-0.0006947609363123775,-0.00012239284114912152,0.00016532254812773317,-0.2731395959854126,-0.04011823236942291,-9.813081741333008
1003558195000,0.00042624567868188024,0.0003874102549161762,0.0005271608824841678,-0.294219046831131,-0.012262806296348572,-9.806221008300781
1003565135000,0.0003904119657818228,0.00027535183471627533,0.0006402236758731306,-0.29919540882110596,-0.001761406660079956,-9.80894660949707
1003572135000,0.00021094203111715615,0.00014450738672167063,0.0004493776068557054,-0.3013466000556946,0.004079356789588928,-9.808168411254883
1003579034000,-0.0005939690163359046,-0.0008293697610497475,-0.0025423839688301086,-0.3281054198741913,0.050549402832984924,-9.789345741271973
1003592936000,0.0005249689565971494,0.00040490669198334217,0.0007053255685605109,-0.29207536578178406,-0.018694482743740082,-9.806539535522461
1003599834000,0.0005248638335615396,0.00033655576407909393,0.0006706443382427096,-0.29998835921287537,0.0005603283643722534,-9.809146881103516
1003606845000,0.000187435100087896,0.00021757211652584374,0.00046494079288095236,-0.301328182220459,0.005220934748649597,-9.80896282196045
1003613725000,0.0002525410382077098,-7.976531924214214e-05,0.0006112048868089914,-0.2998051643371582,-0.003028973937034607,-9.807537078857422
1003627625000,-0.0006685770349577069,-0.00011224515037611127,0.0001653356448514387,-0.2725694179534912,-0.040194109082221985,-9.813203811645508
1003634548000,0.000410410895710811,0.00038865298847667873,0.0005318453186191618,-0.2941402792930603,-0.012097939848899841,-9.806161880493164
1003641575000,0.00038405496161431074,0.00028172426391392946,0.0006408742628991604,-0.2990797758102417,-0.0017478466033935547,-9.80872631072998
1003648453000,0.00022237893426790833,0.00014462957915384322,0.0004471375432331115,-0.3013041913509369,0.0040258318185806274,-9.807887077331543
1003662419000,-0.000456061156000942,-0.0009657545015215874,-0.0025192941538989544,-0.32837221026420593,0.0523982048034668,-9.788963317871094
1003669304000,-0.0006821397691965103,-9.24020423553884e-05,0.00016695624799467623,-0.2724044919013977,-0.04008423537015915,-9.812797546386719
1003676295000,0.0003718410152941942,0.00046505185309797525,0.0005396981141529977,-0.29365578293800354,-0.012053832411766052,-9.806520462036133
1003683183000,0.00036385099519975483,0.000327314279275015,0.0006442040321417153,-0.29923927783966064,-0.0017808228731155396,-9.808467864990234
1003690158000,0.00013361241144593805,0.00023382338986266404,0.000461596209788695,-0.30086302757263184,0.004238799214363098,-9.808526992797852
1003704137000,-0.001075297361239791,-0.00229604821652174,0.00348623376339674,-0.2910686731338501,-0.09504519402980804,-9.785518646240234
1003710951000,0.0009368513710796833,0.0010900541674345732,-0.002015415346249938,-0.2934502959251404,0.0773978978395462,-9.800760269165039
1003717894000,-0.0007039213087409735,0.0011978470720350742,0.00030607785447500646,-0.2794090509414673,-0.026137053966522217,-9.820603370666504
1003724972000,0.000357581302523613,0.001316867652349174,0.0005400204099714756,-0.2973880171775818,-0.00996612012386322,-9.812031745910645
1003731810000,0.0004120172234252095,0.0009283266263082623,0.0006275483756326139,-0.30114319920539856,-0.0018735527992248535,-9.812246322631836
1003745691000,0.00039682970964349806,3.6939047276973724e-05,0.0006360670085996389,-0.3022534251213074,-0.00034439563751220703,-9.810779571533203
1003752661000,0.0003455423575360328,-0.00027582148322835565,0.0006456529954448342,-0.3011091947555542,-2.5004148483276367e-05,-9.810626983642578
1003759601000,-0.0004311096854507923,-0.001287914696149528,-0.002517861779779196,-0.32971853017807007,0.053292855620384216,-9.790323257446289
1003766509000,-0.0006749829044565558,-0.0004000292101409286,0.00016338870045728981,-0.27267372608184814,-0.039905332028865814,-9.813058853149414
1003780400000,0.0003687900025397539,0.00014141487190499902,0.0006418006960302591,-0.299103319644928,-0.0018130093812942505,-9.808122634887695
1003787425000,0.0003456647100392729,-3.2100826501846313e-05,0.0006521900068037212,-0.30025503039360046,-0.00019311904907226562,-9.807575225830078
1003794342000,-0.0006521456525661051,-0.0008373805903829634,-0.00270425365306437,-0.3297949433326721,0.057808488607406616,-9.789361953735352
1003801225000,-0.0008070156327448785,-7.23677221685648e-05,0.00012830347986891866,-0.2721954584121704,-0.04297929257154465,-9.811059951782227
1003808214000,0.00038078107172623277,0.0005796774057671428,0.000525843701325357,-0.2932560443878174,-0.01321151852607727,-9.806158065795898
1003822120000,0.00021271732111927122,0.0002475049695931375,0.0004489251004997641,-0.30141681432724,0.004140079021453857,-9.80879020690918
1003829022000,0.0002952326904051006,-5.393708124756813e-05,0.0006035913829691708,-0.2998642921447754,-0.0032633990049362183,-9.807806015014648
1003835958000,-0.0005137723055668175,-0.0009151754202321172,-0.002510697115212679,-0.32836270332336426,0.05268961191177368,-9.790067672729492
1003842954000,-0.000666991516482085,-0.00010724301682785153,0.0001623094140086323,-0.2730882167816162,-0.04029083997011185,-9.813126564025879
1003856827000,0.0003898613213095814,0.0002657551958691329,0.0006396424141712487,-0.2992094159126282,-0.0018307864665985107,-9.808854103088379
1003863754000,0.0001974835031433031,0.0001431311684427783,0.000450938125140965,-0.3012813329696655,0.004118993878364563,-9.808208465576172
1003870842000,-0.0005947070894762874,-0.0008344363886862993,-0.002542937407270074,-0.328144907951355,0.05050992965698242,-9.78923225402832
1003877647000,-0.0006782946875318885,-7.678341353312135e-05,0.00015518453437834978,-0.27315983176231384,-0.04108893871307373,-9.81269359588623
1003891568000,0.00030188990058377385,0.00031888546072877944,0.000598688842728734,-0.2989441752433777,-0.005055814981460571,-9.808174133300781
1003898460000,0.00035354302963241935,0.00013520420179702342,0.000642652390524745,-0.2999955713748932,-0.0011530965566635132,-9.808212280273438
1003905443000,0.0003488216607365757,-5.737468018196523e-05,0.0006489049992524087,-0.3002063035964966,-0.00022992491722106934,-9.808048248291016
1003912387000,-0.0004551566089503467,-0.000967601197771728,-0.002509728539735079,-0.3288736343383789,0.05337473750114441,-9.789190292358398
1003926296000,0.0005575271206907928,0.0003139619657304138,0.0007014180300757289,-0.29239368438720703,-0.01865779608488083,-9.805266380310059
1003933193000,0.0005074204527772963,0.0003044221084564924,0.0006736837094649673,-0.29951250553131104,0.0007342547178268433,-9.809224128723145
1003940196000,0.00016968415002338588,0.00020320051407907158,0.00046894256956875324,-0.3011437654495239,0.005206406116485596,-9.808662414550781
1003947083000,0.00021387534798122942,-6.59527286188677e-05,0.0006168768741190434,-0.29952704906463623,-0.002934008836746216,-9.807415962219238
1003954118000,-0.0004812210099771619,-0.0009519951418042183,-0.002518201945349574,-0.32849860191345215,0.05237419903278351,-9.788957595825195
1003967910000,0.0003411834768485278,0.0004633715143427253,0.0005426043062470853,-0.293575644493103,-0.01190418004989624,-9.806724548339844
1003974887000,0.0004393232229631394,0.0002763217780739069,0.0006313181947916746,-0.2996431589126587,-0.0021304339170455933,-9.807817459106445
1003981798000,0.00016724439046811312,0.0002129151253029704,0.00045726116513833404,-0.3006294369697571,0.004339948296546936,-9.808782577514648
1003988783000,-0.0005633818218484521,-0.0007980618393048644,-0.0025439972523599863,-0.3282431960105896,0.050279125571250916,-9.788941383361816
1003995694000,-0.0010830080136656761,-0.0023044561967253685,0.003489503636956215,-0.2910122275352478,-0.09481081366539001,-9.785618782043457
1004009638000,-0.0007149832672439516,0.001197364879772067,0.00030697722104378045,-0.2794175148010254,-0.026143193244934082,-9.82061767578125
1004016576000,0.0002910697367042303,0.0013733449159190059,0.0005516313831321895,-0.2969169020652771,-0.009816467761993408,-9.812668800354004
1004023527000,0.0003610649728216231,0.0009524491615593433,0.0006302175461314619,-0.30143311619758606,-0.001813933253288269,-9.812012672424316
1004030425000,0.00031281617702916265,0.0005082563729956746,0.0006485334015451372,-0.3019312024116516,-0.00017480552196502686,-9.812032699584961
1004044325000,0.0004732093366328627,-0.00028447038494050503,0.0006810839986428618,-0.30193614959716797,0.002921074628829956,-9.810812950134277
1004051239000,-0.0006658913334831595,-0.0011892367620021105,-0.0026987516321241856,-0.33059433102607727,0.058989375829696655,-9.791278839111328
1004058234000,-0.0008329825359396636,-0.0005144119495525956,0.00013068795669823885,-0.27284228801727295,-0.042864181101322174,-9.811196327209473
1004065186000,0.0004192402702756226,0.00026790317497216165,0.0005167475901544094,-0.29268890619277954,-0.013392806053161621,-9.804473876953125
1004079045000,0.0004144716658629477,-1.0555493645370007e-05,0.0006426462787203491,-0.300293505191803,-0.00025391578674316406,-9.807703018188477
1004085978000,-0.0006856771651655436,-0.0007745696348138154,-0.0026970114558935165,-0.3294282853603363,0.05812522768974304,-9.79022216796875
1004092955000,-0.0008059423416852951,-5.996937397867441e-05,0.00012551348481792957,-0.27255794405937195,-0.04301081597805023,-9.81137752532959
1004099847000,0.0003994446014985442,0.0005516105447895825,0.0005223722546361387,-0.29352688789367676,-0.013303473591804504,-9.806266784667969
1004106867000,0.00044190214248374104,0.0003676401684060693,0.0006305277929641306,-0.29975762963294983,-0.0021216124296188354,-9.808799743652344
1004121031000,0.0002846585412044078,-6.586246308870614e-05,0.0006046015187166631,-0.2999713122844696,-0.003271430730819702,-9.80765438079834
1004127722000,-0.00044541526585817337,-0.0009668269194662571,-0.00249626487493515,-0.3285300135612488,0.05203405022621155,-9.78961181640625
1004134650000,-0.0006766318692825735,-0.00014205544721335173,0.00016998752835206687,-0.2730284035205841,-0.039748191833496094,-9.812947273254395
1004141630000,0.0004467042163014412,0.0003830073110293597,0.0005277381278574467,-0.2941693067550659,-0.012210845947265625,-9.806046485900879
1004148552000,0.0004031888674944639,0.0002802444214466959,0.0006396881071850657,-0.2991527318954468,-0.0017000585794448853,-9.80902099609375
1004162464000,-0.0005832028109580278,-0.0008271007682196796,-0.002543856855481863,-0.32811540365219116,0.05055433511734009,-9.789369583129883
1004169392000,-0.0006583840004168451,-6.859831046313047e-06,0.00015337250079028308,-0.27279675006866455,-0.041119493544101715,-9.813653945922852
1004176431000,0.0001921637449413538,0.0004925825051032007,0.00042757514165714383,-0.29526299238204956,-0.009227782487869263,-9.807369232177734
1004183254000,0.0003973720013163984,0.0002513313083909452,0.000602943473495543,-0.2990982234477997,-0.004221409559249878,-9.807840347290039
1004197182000,0.000365261803381145,-7.936183828860521e-05,0.0006497176364064217,-0.3001232147216797,-0.0001480579376220703,-9.808036804199219
1004204243000,-0.0006595023442059755,-0.0008868505246937275,-0.0027043663430958986,-0.32962632179260254,0.05792872607707977,-9.7896728515625
1004211067000,-0.0007889223052188754,-0.00015806674491614103,0.0001260599383385852,-0.2722384035587311,-0.04308292269706726,-9.811939239501953
1004217996000,0.00041406339732930064,0.0004412254202179611,0.000518689164891839,-0.29345405101776123,-0.013219401240348816,-9.805824279785156
1004224981000,0.0004222433199174702,0.0003211976436432451,0.0006344496505334973,-0.2991483211517334,-0.0020533502101898193,-9.808664321899414
1004238876000,0.00023702667385805398,-4.591609467752278e-05,0.0006130694528110325,-0.2995138466358185,-0.003205522894859314,-9.807476043701172
1004245767000,-0.0004592363256961107,-0.0009438211563974619,-0.002520059235394001,-0.328557550907135,0.05234932899475098,-9.788993835449219
1004252754000,-0.0006736259674653411,-0.0001272080116905272,0.0001654664520174265,-0.2727532982826233,-0.04013846814632416,-9.812796592712402
1004259667000,0.00036448545870371163,0.0004608767630998045,0.0005391707527451217,-0.29350507259368896,-0.011978983879089355,-9.806827545166016
1004273633000,0.0002052746422123164,0.0001855715672718361,0.00044858414912596345,-0.3012438416481018,0.0040179044008255005,-9.807999610900879
1004280540000,-0.0005285928491503,-0.0008149771601893008,-0.0025502874050289392,-0.328156977891922,0.050261154770851135,-9.789042472839355
1004287494000,-0.0010964218527078629,-0.0023159654811024666,0.0034926042426377535,-0.2909301221370697,-0.09469086676836014,-9.78574275970459
1004294451000,0.000948989880271256,0.0010954245226457715,-0.002016419544816017,-0.2933334708213806,0.07733064889907837,-9.800657272338867
1004308290000,0.00030658510513603687,0.001375198713503778,0.000550695403944701,-0.29686152935028076,-0.00991782546043396,-9.812725067138672
1004315222000,0.00034411944216117263,0.0009615622693672776,0.0006318623200058937,-0.30137237906455994,-0.0016702115535736084,-9.81214714050293
1004322330000,0.00031456188298761845,0.0005142177105881274,0.0006487930659204721,-0.30194175243377686,-0.00025959312915802,-9.81198501586914
1004329141000,0.0005647708312608302,-3.653921885415912e-05,0.0008350826683454216,-0.3013666272163391,-0.00473572313785553,-9.810462951660156
1004336072000,0.0004547515418380499,-0.0002807227137964219,0.0006825457676313818,-0.30185648798942566,0.003065243363380432,-9.810946464538574
1004349981000,-0.0008211186504922807,-0.0005201299209147692,0.00012978159065824002,-0.27287784218788147,-0.04293862730264664,-9.811118125915527
1004356946000,0.0004185423022136092,0.00026903566322289407,0.0005173409590497613,-0.2926405966281891,-0.013345897197723389,-9.804551124572754
1004363880000,0.0004414691939018667,0.00017577651306055486,0.0006294846534729004,-0.29921430349349976,-0.002082154154777527,-9.808171272277832
1004370789000,0.0003988540847785771,-6.508489605039358e-06,0.0006436316180042922,-0.30029308795928955,-0.00014169514179229736,-9.807753562927246
1004377803000,-0.0006719342200085521,-0.0007810017559677362,-0.0026987576857209206,-0.3295050263404846,0.05800063908100128,-9.790101051330566
1004391707000,0.00039812433533370495,0.0005545902531594038,0.0005223809275776148,-0.29347535967826843,-0.013296768069267273,-9.806235313415527
1004398590000,0.00044096025521866977,0.0003706799470819533,0.0006303607951849699,-0.2997589409351349,-0.00212724506855011,-9.80881404876709
1004405562000,0.00019636367505881935,0.0002481542469467968,0.0004523572570178658,-0.30127739906311035,0.0042456090450286865,-9.80908203125
1004412483000,0.0002800017246045172,-6.634098826907575e-05,0.000603802502155304,-0.29998528957366943,-0.003218218684196472,-9.807703018188477
1004426408000,-0.0006781634874641895,-0.00015016261022537947,0.00016488174151163548,-0.27296727895736694,-0.04015989601612091,-9.812827110290527
1004433307000,0.0003585168160498142,0.00045294989831745625,0.0005418472574092448,-0.29356640577316284,-0.012025594711303711,-9.806882858276367
1004440284000,0.00044053635792806745,0.00025474862195551395,0.0006318775122053921,-0.2998965084552765,-0.0020624399185180664,-9.80805778503418
1004447205000,0.00015390344196930528,0.0001879367046058178,0.00045945477904751897,-0.30081233382225037,0.004395574331283569,-9.8089599609375
1004454219000,-0.0005207243375480175,-0.0008677879814058542,-0.0025553638115525246,-0.32879143953323364,0.050175681710243225,-9.788466453552246
1004468032000,0.00037687833537347615,0.00045211936230771244,0.0005348982522264123,-0.29433685541152954,-0.012106925249099731,-9.807278633117676
1004475052000,0.0003770873008761555,0.00030079507268965244,0.0006400061538442969,-0.29946208000183105,-0.001836732029914856,-9.808755874633789
1004481946000,0.00023123428400140256,0.00014266601647250354,0.0004462430370040238,-0.3015146255493164,0.003936052322387695,-9.808062553405762
1004488924000,0.00025709616602398455,-0.00010098289931192994,0.0006115582655183971,-0.29935938119888306,-0.003109455108642578,-9.80778980255127
1004495987000,-0.0004642369458451867,-0.0009844733867794275,-0.0025194452609866858,-0.3285212218761444,0.0524592250585556,-9.789067268371582
1004509718000,0.0004068514099344611,0.00040003610774874687,0.0005327104008756578,-0.2941592335700989,-0.012057825922966003,-9.806036949157715
1004516655000,0.0004003224312327802,0.00029216139228083193,0.0006396305980160832,-0.299096941947937,-0.0018278062343597412,-9.808650970458984
1004523638000,0.00023294496349990368,0.0001511305308667943,0.0004474617599043995,-0.30131858587265015,0.004034802317619324,-9.807879447937012
1004530549000,0.00027568000950850546,-8.434549090452492e-05,0.0006075925193727016,-0.2992490530014038,-0.0031224489212036133,-9.807585716247559
1004537576000,-0.00044206215534359217,-0.0009618150070309639,-0.002520440611988306,-0.32838332653045654,0.05239143967628479,-9.789011001586914
1004551347000,0.0003669521538540721,0.00046457306598313153,0.0005381309892982244,-0.2936309576034546,-0.012070253491401672,-9.806536674499512
1004558358000,0.00038234511157497764,0.00032589066540822387,0.0006429803906939924,-0.299233615398407,-0.001919478178024292,-9.80845832824707
1004565267000,0.00010633021884132177,0.0002447799197398126,0.00046513945562765,-0.3007564842700958,0.004423797130584717,-9.808727264404297
1004572259000,-0.0005156739498488605,-0.000829635071568191,-0.0025566131807863712,-0.3287658393383026,0.04999113082885742,-9.788211822509766
1004586192000,0.0009663844248279929,0.0011016882490366697,-0.0020209522917866707,-0.2931827902793884,0.07724517583847046,-9.800564765930176
1004593158000,-0.0006666811532340944,0.0012517435243353248,0.00030136568238958716,-0.2791261672973633,-0.026188619434833527,-9.821159362792969
1004599999000,0.0003335872897878289,0.0013529191492125392,0.0005472061457112432,-0.29742830991744995,-0.009812504053115845,-9.812267303466797
1004606996000,0.0003831306239590049,0.0009421435534022748,0.0006288740551099181,-0.3013145923614502,-0.0017488598823547363,-9.812235832214355
1004620845000,0.000406955397920683,2.1743937395513058e-05,0.0006343808490782976,-0.302351176738739,-0.0003718435764312744,-9.81074047088623
1004627802000,0.00034678285010159016,-0.00028482149355113506,0.0006457568961195648,-0.30105698108673096,-2.726912498474121e-06,-9.810739517211914
1004634682000,-0.0004576231585815549,-0.001286613754928112,-0.002515552332624793,-0.3296359181404114,0.05341482162475586,-9.790472030639648
1004641662000,-0.0006683393148705363,-0.00040044376510195434,0.00016125303227454424,-0.2727023959159851,-0.0400218665599823,-9.81291675567627
1004648581000,0.0003738196101039648,0.0002190698724007234,0.0005355892353691161,-0.2936561703681946,-0.012020155787467957,-9.804999351501465
1004655585000,0.00037060811882838607,0.00013783930626232177,0.000641855294816196,-0.2991538941860199,-0.001839563250541687,-9.808011054992676
1004669408000,-0.0006554338033311069,-0.0008435210911557078,-0.002705336781218648,-0.3298237919807434,0.05785346031188965,-9.789324760437012
1004676391000,-0.0008009084267541766,-6.872945232316852e-05,0.00012768839951604605,-0.27213117480278015,-0.043039508163928986,-9.811054229736328
1004683306000,0.00036105490289628506,0.0005802660016342998,0.000526002433616668,-0.2932737171649933,-0.01307573914527893,-9.806171417236328
1004690270000,0.0004329164221417159,0.00039129971992224455,0.00063049461459741,-0.299796462059021,-0.0022379904985427856,-9.808633804321289
1004704238000,0.0002866916765924543,-4.762259777635336e-05,0.0006049420917406678,-0.2998102307319641,-0.003232985734939575,-9.80789566040039
1004711122000,-0.000497100583743304,-0.0009213675512000918,-0.002512195613235235,-0.3284566402435303,0.05259057879447937,-9.789939880371094
1004718065000,-0.000672890164423734,-0.00011070200707763433,0.00016231057816185057,-0.27305829524993896,-0.04018227010965347,-9.813186645507812
1004727046000,0.00039882014971226454,0.00038602895801886916,0.0005296398303471506,-0.2942594289779663,-0.012069359421730042,-9.806349754333496
1004738922000,0.00020202211453579366,0.00014426543202716857,0.0004509244754444808,-0.30121323466300964,0.00412517786026001,-9.808303833007812
1004745799000,-0.0005926073645241559,-0.000836342922411859,-0.002540828427299857,-0.32815831899642944,0.05049020051956177,-9.78922176361084
1004752747000,-0.0008652206743136048,-4.2161846067756414e-05,4.579876986099407e-05,-0.274127721786499,-0.03813214600086212,-9.812641143798828
1004759731000,0.0005388776771724224,0.00040699777309782803,0.0007036152528598905,-0.29207292199134827,-0.018861383199691772,-9.806342124938965
1004766650000,0.0005262309568934143,0.00034442381002008915,0.0006708373548462987,-0.29994410276412964,0.0006015300750732422,-9.809220314025879
1004780535000,0.00024068252241704613,-6.838577974122018e-05,0.0006129639805294573,-0.2997680902481079,-0.002985551953315735,-9.807639122009277
1004787530000,-0.00045159191358834505,-0.0009748721495270729,-0.002520893467590213,-0.3286755681037903,0.052340179681777954,-9.789134979248047
1004794448000,-0.0006793930660933256,-0.00011874601477757096,0.000166100260685198,-0.272588312625885,-0.040085211396217346,-9.813270568847656
1004801344000,0.0004201264528091997,0.0003851398651022464,0.0005298138130456209,-0.294136106967926,-0.01216745376586914,-9.806106567382812
1004815254000,0.00022269690816756338,0.0001452853175578639,0.0004468166152946651,-0.30131030082702637,0.004029437899589539,-9.807892799377441
1004822324000,0.0002685385406948626,-8.864011033438146e-05,0.0006114311399869621,-0.2992120683193207,-0.00321178138256073,-9.807588577270508
1004829153000,-0.00045934191439300776,-0.0009680800139904022,-0.0025195854250341654,-0.32841604948043823,0.05249662697315216,-9.78894329071045
1004836088000,-0.0006837854161858559,-9.3654147349298e-05,0.00016675486403983086,-0.2723914384841919,-0.040094442665576935,-9.812793731689453
1004849963000,0.0003644609241746366,0.000328685186104849,0.000643561128526926,-0.2992604672908783,-0.0018607527017593384,-9.808419227600098
1004856946000,0.0001180448307422921,0.00023947967565618455,0.0004626466834452003,-0.3008272647857666,0.004303574562072754,-9.808586120605469
1004863884000,-0.0005146756884641945,-0.0008283235947601497,-0.0025562522932887077,-0.32870370149612427,0.050005584955215454,-9.78828239440918
1004870839000,-0.001096442574635148,-0.002342608757317066,0.003494104603305459,-0.29093438386917114,-0.09473387151956558,-9.785529136657715
1004877783000,0.0009674134198576212,0.0011007351567968726,-0.0020203464664518833,-0.29316961765289307,0.07731902599334717,-9.800641059875488
1004891697000,0.0003265257691964507,0.0013491017743945122,0.0005463464767672122,-0.2974509596824646,-0.009800940752029419,-9.812224388122559
1004898587000,0.0003982706693932414,0.00093863281654194,0.0006275171181187034,-0.3013116121292114,-0.0018686354160308838,-9.81219482421875
1004905614000,0.00031525391386821866,0.0005074252258054912,0.0006500301533378661,-0.3018032908439636,-4.4971704483032227e-05,-9.812328338623047
1004912497000,0.00039743553497828543,3.121729241684079e-05,0.0006355696823447943,-0.3023303747177124,-0.0003944188356399536,-9.810772895812988
1004919463000,0.0003457485872786492,-0.00028422579634934664,0.0006454605027101934,-0.30112355947494507,-2.7835369110107422e-05,-9.810663223266602
1004933298000,-0.0006754326168447733,-0.0004061090003233403,0.0001629902981221676,-0.2726978659629822,-0.03994455933570862,-9.812938690185547
1004940276000,0.0003736584330908954,0.00022216916840989143,0.0005354748573154211,-0.293610155582428,-0.012027770280838013,-9.804991722106934
1004947198000,0.0003706250572577119,0.00014081949484534562,0.0006418379489332438,-0.2991531193256378,-0.001841723918914795,-9.808027267456055
1004954219000,0.00034954064176417887,-3.239756915718317e-05,0.000652792863547802,-0.3002474904060364,-0.0002123415470123291,-9.807594299316406
1004968071000,-0.0008030799217522144,-6.992236012592912e-05,0.0001278404233744368,-0.2721484899520874,-0.043021634221076965,-9.811060905456543
1004975037000,0.0003607582184486091,0.0005806830595247447,0.0005259350873529911,-0.2932666540145874,-0.013082623481750488,-9.806177139282227
1004981974000,0.00043242829269729555,0.0003913591499440372,0.0006304983398877084,-0.29979804158210754,-0.0022379159927368164,-9.808639526367188
1004988923000,0.0002200073649873957,0.00025024969363585114,0.0004494479508139193,-0.30140429735183716,0.004109993577003479,-9.808828353881836
1004995811000,0.0002684051578398794,-4.572278703562915e-05,0.0006059993756935,-0.29982805252075195,-0.003099113702774048,-9.807921409606934
1005009733000,-0.0006641964428126812,-0.00015146826626732945,0.00016542745288461447,-0.2728884220123291,-0.0401090532541275,-9.813089370727539
1005016642000,0.0003803038562182337,0.0004383548512123525,0.0005380985676310956,-0.29367804527282715,-0.012001127004623413,-9.80688190460205
1005023660000,0.0003480266605038196,0.0002992961381096393,0.0006453685346059501,-0.2993978261947632,-0.0016873478889465332,-9.808784484863281
1005030559000,0.000192881518159993,0.00015624237130396068,0.0004497943737078458,-0.30144762992858887,0.004016891121864319,-9.808063507080078
1005044454000,-0.0006723020924255252,-8.727161912247539e-05,0.00015504271141253412,-0.27325254678726196,-0.04104931652545929,-9.812806129455566
1005051382000,0.00020166172180324793,0.0005664961063303053,0.0003382739960215986,-0.2945944368839264,-0.007836520671844482,-9.807904243469238
1005058405000,0.00030187712400220335,0.00031405751360580325,0.0005985756288282573,-0.298958420753479,-0.0050232261419296265,-9.808183670043945
1005065339000,0.00035180215490981936,0.00012650407734327018,0.0006458095158450305,-0.29998236894607544,-0.001196548342704773,-9.808219909667969
1005072320000,0.00017418156494386494,1.9502025679685175e-05,0.00045159427099861205,-0.3011178970336914,0.0041252970695495605,-9.808451652526855
1005086128000,-0.0006827922770753503,-9.454780956730247e-05,0.0001552776520838961,-0.2723499834537506,-0.041014015674591064,-9.812774658203125
1005093190000,0.00043564330553635955,0.0004023713991045952,0.0005268973181955516,-0.29413357377052307,-0.012403711676597595,-9.806071281433105
1005100033000,0.0003966203657910228,0.0002964515006169677,0.0006390353664755821,-0.29907333850860596,-0.0017270594835281372,-9.80880069732666
1005107037000,0.00016661120753269643,0.00020230523659847677,0.0004593479970935732,-0.3009350895881653,0.004190102219581604,-9.808527946472168
1005120859000,-0.0004813089035451412,-0.0009502667235210538,-0.0025189875159412622,-0.3284851610660553,0.05235126614570618,-9.788926124572754
1005127895000,-0.0006696347263641655,-0.00010193389607593417,0.00016295514069497585,-0.27259770035743713,-0.04023102670907974,-9.812705039978027
1005134746000,0.0003590233391150832,0.0004624244465958327,0.0005413258913904428,-0.2936035394668579,-0.012001574039459229,-9.806689262390137
1005141813000,0.0004433046851772815,0.00027978027355857193,0.0006315191858448088,-0.29961007833480835,-0.0020713061094284058,-9.80789566040039
1005155656000,-0.0005681901820935309,-0.0007999115623533726,-0.0025454978458583355,-0.3282984495162964,0.05026446282863617,-9.788863182067871
1005162558000,-0.0010790643282234669,-0.002303858520463109,0.003490441245958209,-0.290986567735672,-0.094902902841568,-9.785622596740723
1005169473000,0.0009201024658977985,0.001098213717341423,-0.0020139573607593775,-0.2933533191680908,0.07752379775047302,-9.800800323486328
1005176465000,-0.0007000287878327072,0.001180979423224926,0.0003049946972168982,-0.2796041965484619,-0.026306547224521637,-9.820296287536621
1005183376000,0.0002923447173088789,0.0013750141952186823,0.0005516596138477325,-0.2968035936355591,-0.009770020842552185,-9.8128080368042
1005197268000,0.0003967272350564599,0.00047008265391923487,0.0006364653236232698,-0.3023070693016052,-0.0005022585391998291,-9.811468124389648
1005204248000,0.0005261366022750735,-9.077833965420723e-06,0.0008438782533630729,-0.30077362060546875,-0.004385799169540405,-9.811229705810547
1005211200000,0.00043180410284549,-0.00026988470926880836,0.0006856240797787905,-0.30201709270477295,0.0030678659677505493,-9.81079387664795
1005218097000,-0.0006767252925783396,-0.0011839360231533647,-0.0026965904980897903,-0.3306560218334198,0.05885206162929535,-9.791168212890625
1005225095000,-0.0008465793798677623,-0.0005093508516438305,0.0001308553182752803,-0.27285468578338623,-0.042815230786800385,-9.81120777130127
1005239058000,0.0004268367192707956,0.00018101566820405424,0.0006302797119133174,-0.29910463094711304,-0.002001151442527771,-9.808289527893066
1005245886000,0.00041799189057201147,-8.408213034272194e-06,0.0006428593187592924,-0.3003377318382263,-0.0003088265657424927,-9.80765151977539
1005252809000,-0.000690532848238945,-0.0007773136021569371,-0.0026980016846209764,-0.32947611808776855,0.058190539479255676,-9.790186882019043
1005259786000,-0.0008112752693705261,-6.324972491711378e-05,0.00012598194007296115,-0.2725532054901123,-0.0430348739027977,-9.811334609985352
1005273684000,0.00044286271440796554,0.00037091888953000307,0.0006302915280684829,-0.29975879192352295,-0.0021341145038604736,-9.808819770812988
1005280591000,0.0002016634971369058,0.0002490502956788987,0.00045285330270417035,-0.3012661635875702,0.004216775298118591,-9.809104919433594
1005287546000,0.0002806819975376129,-6.806952296756208e-05,0.0006038451101630926,-0.3000093102455139,-0.003183990716934204,-9.807697296142578
1005294522000,-0.0004385738866403699,-0.000976419891230762,-0.0025249854661524296,-0.3287457227706909,0.05239205062389374,-9.789427757263184
1005301484000,-0.0006924720364622772,-0.00014700833708047867,0.00016649805183988065,-0.27282577753067017,-0.040011897683143616,-9.81302547454834
1005315362000,0.00045253001735545695,0.0002482562558725476,0.000629472837317735,-0.2999754548072815,-0.0021790117025375366,-9.807909965515137
1005322353000,0.0001557717187097296,0.0001894275046652183,0.00045913871144875884,-0.30075258016586304,0.004419371485710144,-9.80903434753418
1005329228000,0.00029012077720835805,-0.00012707416317425668,0.0006010914221405983,-0.2999938726425171,-0.0033560991287231445,-9.806870460510254
1005336171000,-0.00043371831998229027,-0.0009950746316462755,-0.0025250567123293877,-0.32841190695762634,0.05239216983318329,-9.789097785949707
1005350059000,0.00035679800203070045,0.0004701149882748723,0.0005398734356276691,-0.29360097646713257,-0.011882424354553223,-9.806615829467773
1005357071000,0.0003710540768224746,0.000328034715494141,0.0006413192604668438,-0.2993703782558441,-0.0018598288297653198,-9.808511734008789
1005364001000,0.0001343755138805136,0.00022649312450084835,0.00045976214460097253,-0.3010329008102417,0.004255220293998718,-9.808551788330078
1005370872000,-0.0006022551096975803,-0.0007908086408860981,-0.002543580951169133,-0.32839685678482056,0.05034668743610382,-9.788979530334473
1005377908000,-0.0008136414107866585,4.046893445774913e-05,4.01134166168049e-05,-0.2738647162914276,-0.03843130171298981,-9.813882827758789
1005391773000,0.0004860775370616466,0.0003141888591926545,0.0006739386008121073,-0.2998785972595215,0.0005735903978347778,-9.809094429016113
1005398660000,0.00019372973474673927,0.0001661952555878088,0.00046009180368855596,-0.30152276158332825,0.005095884203910828,-9.8084135055542
1005405726000,0.000261347449850291,-0.00010497469338588417,0.0006107293884269893,-0.29955559968948364,-0.0031132400035858154,-9.807494163513184
1005412569000,-0.0004599030362442136,-0.0009888228960335255,-0.0025201744865626097,-0.3284580409526825,0.052457138895988464,-9.789068222045898
1005426473000,0.0004315054975450039,0.00039897236274555326,0.000529996701516211,-0.29401564598083496,-0.01223677396774292,-9.805956840515137
1005433383000,0.00038559295353479683,0.0002959108096547425,0.0006415171665139496,-0.2989984154701233,-0.0016773641109466553,-9.808710098266602
1005440397000,0.00012922511086799204,0.00021909922361373901,0.0004616033111233264,-0.3007541298866272,0.004344478249549866,-9.808599472045898
1005447286000,0.0003029948566108942,-0.00010597085929475725,0.0005992161459289491,-0.29989808797836304,-0.003507569432258606,-9.806586265563965
1005461208000,-0.0006961188628338277,-0.00012232857989147305,0.0001682434231042862,-0.2724021077156067,-0.03985459357500076,-9.812837600708008
1005468117000,0.00035996336373500526,0.0004890680429525673,0.0005397343193180859,-0.2933012843132019,-0.012044906616210938,-9.806744575500488
1005475115000,0.0003857790434267372,0.0003415083629079163,0.0006418806151486933,-0.2992500066757202,-0.0019353628158569336,-9.808411598205566
1005482044000,0.00015840695414226502,0.0002349653368582949,0.0004584723792504519,-0.3009033799171448,0.004236757755279541,-9.808477401733398
1005489151000,-0.0006032234523445368,-0.0007717909174971282,-0.0025415257550776005,-0.32760685682296753,0.04951532185077667,-9.7894287109375
1005503004000,0.0009557633893564343,0.0010609740857034922,-0.002026652917265892,-0.2939900755882263,0.07674090564250946,-9.800503730773926
1005509948000,-0.0006854439270682633,0.001182416221126914,0.000304566347040236,-0.2792091965675354,-0.026291638612747192,-9.820720672607422
1005516872000,0.0003625716781243682,0.00130465067923069,0.000540077337063849,-0.2972988486289978,-0.009913221001625061,-9.812071800231934
1005523878000,0.00038179795956239104,0.0009363017743453383,0.0006311662727966905,-0.3009311556816101,-0.0017290562391281128,-9.812442779541016
1005537683000,0.00039163202745839953,3.7413788959383965e-05,0.0006355256191454828,-0.30214959383010864,-0.0002818107604980469,-9.810808181762695
1005544698000,0.0003461875021457672,-0.00028136454056948423,0.0006436546100303531,-0.3010976314544678,-3.471970558166504e-05,-9.810497283935547
1005551570000,-0.00044921308290213346,-0.0012762986589223146,-0.0025158391799777746,-0.32951682806015015,0.05333423614501953,-9.79045295715332
1005558577000,-0.0006705739069730043,-0.0003924576158169657,0.00016191916074603796,-0.2726591229438782,-0.03997671604156494,-9.812942504882812
1005565489000,0.0003701933892443776,0.00023301588953472674,0.0005364846438169479,-0.29355594515800476,-0.012014627456665039,-9.805107116699219
1005579370000,0.0003432389348745346,-2.7393398340791464e-05,0.000654354807920754,-0.3000209331512451,-0.00011801719665527344,-9.807796478271484
1005586288000,-0.0006635775207541883,-0.0008367886184714735,-0.0027042366564273834,-0.3297814726829529,0.05789726972579956,-9.789320945739746
1005593276000,-0.0008102972060441971,-7.123633986338973e-05,0.00012717598292510957,-0.2721293866634369,-0.0430041179060936,-9.811003684997559
1005600205000,0.00038746907375752926,0.0005692490376532078,0.0005227069486863911,-0.2932891845703125,-0.013236239552497864,-9.805977821350098
1005614115000,0.00021570324315689504,0.00026157282991334796,0.00045080846757628024,-0.30122867226600647,0.00417579710483551,-9.808990478515625
1005621033000,0.0002909970935434103,-5.7455559726804495e-05,0.0006023842724971473,-0.2999427914619446,-0.003172770142555237,-9.807672500610352
1005628064000,-0.000509253004565835,-0.0009128485107794404,-0.002511819824576378,-0.32825857400894165,0.05263644456863403,-9.790108680725098
1005634973000,-0.0006722793914377689,-0.0001042640651576221,0.00016118436178658158,-0.27300986647605896,-0.04023217409849167,-9.813191413879395
1005641924000,0.00040695699863135815,0.0003869854554068297,0.0005295430310070515,-0.294221967458725,-0.01213061809539795,-9.806365966796875
1005655841000,0.00022367066412698478,0.00012800193508155644,0.0004470787534955889,-0.3013802766799927,0.004006862640380859,-9.807984352111816
1005662710000,-0.0005773652228526771,-0.0008414038456976414,-0.002544885966926813,-0.32802265882492065,0.050531476736068726,-9.789306640625
1005669632000,-0.0007049880223348737,-1.855898881331086e-05,6.979749741731212e-05,-0.27287131547927856,-0.03943287581205368,-9.813389778137207
1005676697000,0.00016965065151453018,0.0005409736186265945,0.00031947664683684707,-0.2950224280357361,-0.008970782160758972,-9.80742073059082
1005683550000,0.0004683237348217517,0.00022268960310611874,0.0007929378771223128,-0.2978031635284424,-0.009761631488800049,-9.807785034179688
1005697402000,0.00016222547856159508,1.6695616068318486e-05,0.00046338894753716886,-0.30138134956359863,0.005108088254928589,-9.808403015136719
1005704351000,-0.0005919116665609181,-0.0009767112787812948,-0.002544446848332882,-0.3282178044319153,0.050515711307525635,-9.788698196411133
1005711435000,-0.0008744191727600992,-1.3434910215437412e-05,-4.0960694605018944e-05,-0.27317187190055847,-0.03667990863323212,-9.813040733337402
1005718254000,0.0005175145342946053,0.00031567542464472353,0.0006832879153080285,-0.2925715446472168,-0.019922174513339996,-9.80502700805664
1005725267000,0.00032684000325389206,0.00039584364276379347,0.00047070736763998866,-0.3002156615257263,0.004661306738853455,-9.80958366394043
1005739136000,0.0003813298826571554,-8.221692405641079e-05,0.0006357355159707367,-0.299841970205307,-0.0009215027093887329,-9.807703971862793
1005746102000,-0.0002260634209960699,-0.0010554955806583166,-0.002316982951015234,-0.32765457034111023,0.04879114031791687,-9.788723945617676
1005752974000,-0.0007385567296296358,-1.535145565867424e-05,8.657736543682404e-06,-0.27389615774154663,-0.03236985206604004,-9.814205169677734
1005759946000,0.00035963792470283806,0.00031418725848197937,0.0005836255149915814,-0.2939039468765259,-0.015773221850395203,-9.805376052856445
1005773840000,0.00045410863822326064,0.00013190830941312015,0.000700172851793468,-0.30037394165992737,0.0032814443111419678,-9.808725357055664
1005780734000,-0.0006909925723448396,-0.0007065507816150784,-0.0026845107786357403,-0.3298359513282776,0.059108883142471313,-9.79001522064209
1005787683000,-0.0010513567831367254,-0.002504230011254549,0.0036663045175373554,-0.2903437316417694,-0.10112282633781433,-9.783792495727539
1005794672000,0.0011830738512799144,0.0010899021290242672,-0.0017801669891923666,-0.29181182384490967,0.07524393498897552,-9.800814628601074
1005801585000,-0.0007671383209526539,0.0013681764248758554,0.00015452982916031033,-0.2810627520084381,-0.017870716750621796,-9.821900367736816
1005815459000,0.00039547710912302136,0.0009309418965131044,0.0006179208285175264,-0.30095410346984863,-0.0026257187128067017,-9.81225872039795
1005822682000,0.0003477649297565222,0.0004915234167128801,0.0006437496049329638,-0.30176544189453125,-0.0002986639738082886,-9.812220573425293
1005829360000,0.00030439303372986615,8.178359712474048e-05,0.0006497989525087178,-0.30169767141342163,-7.450580596923828e-06,-9.811594009399414
1005836358000,0.0005093748914077878,-0.0003603315562941134,0.0008439429220743477,-0.30051231384277344,-0.0046055614948272705,-9.809803009033203
1005843276000,-0.0003781274426728487,-0.0012704288819804788,-0.0024718674831092358,-0.33014529943466187,0.05652087926864624,-9.791016578674316
1005857182000,0.0004044577362947166,0.00020841126388404518,0.0005314640002325177,-0.29335349798202515,-0.012020021677017212,-9.804768562316895
1005864094000,0.0004016223829239607,0.00013045952073298395,0.00063708407105878,-0.29907792806625366,-0.0018315613269805908,-9.80794906616211
1005871049000,0.00016710528871044517,5.699133180314675e-05,0.0004551981692202389,-0.3009530305862427,0.004249051213264465,-9.808185577392578
1005878000000,-0.0005705701769329607,-0.0009237183257937431,-0.0025480964686721563,-0.3282630443572998,0.0503503680229187,-9.788456916809082
1005884939000,-0.0008678855956532061,8.032016921788454e-05,-4.002409696113318e-05,-0.2730623483657837,-0.03666989505290985,-9.812128067016602
1005898794000,0.0003435325634200126,0.0004617151280399412,0.00046548451064154506,-0.3009130358695984,0.004548922181129456,-9.809526443481445
1005905813000,0.0002909412723965943,0.00015514819824602455,0.0006178856710903347,-0.29994329810142517,-0.0024385303258895874,-9.808150291442871
1005912725000,0.00037641049129888415,-5.676559521816671e-05,0.0006382622523233294,-0.30025625228881836,-0.000973626971244812,-9.808096885681152
1005919641000,-0.0002453018678352237,-0.0010620607063174248,-0.0023167787585407495,-0.3280138373374939,0.04891000688076019,-9.789050102233887
1005926706000,-0.0007437752792611718,-5.4279633332043886e-05,7.671193998248782e-06,-0.274270623922348,-0.03243541717529297,-9.814142227172852
1005940568000,0.0004254477971699089,0.00020801225036848336,0.0007163123227655888,-0.29901328682899475,-0.004266098141670227,-9.808232307434082
1005947439000,0.00035824021324515343,0.0001072560262400657,0.0006748542073182762,-0.29960647225379944,0.0009583383798599243,-9.808679580688477
1005954364000,-0.0006289118900895119,-0.0007659586262889206,-0.0027025346644222736,-0.3301568329334259,0.05809159576892853,-9.789386749267578
1005961343000,-0.0008304729126393795,-0.0001455026213079691,0.0001333916443400085,-0.2728176414966583,-0.04276672750711441,-9.812196731567383
1005968270000,0.00041130284080281854,0.0005122121074236929,0.0005211516981944442,-0.29311540722846985,-0.013356223702430725,-9.806746482849121
1005982184000,0.00039919198025017977,0.00015262830129358917,0.0006497632130049169,-0.3001605272293091,-0.00022861361503601074,-9.808431625366211
1005989155000,0.00017966446466743946,3.714652848429978e-05,0.00045220708125270903,-0.30111390352249146,0.004418805241584778,-9.808711051940918
1005996079000,-0.0005372461164370179,-0.0009759750100784004,-0.0025528916157782078,-0.328278124332428,0.05026167631149292,-9.788822174072266
1006002980000,-0.0008873987826518714,-3.310834290459752e-05,-3.8341917388606817e-05,-0.27317678928375244,-0.036470092833042145,-9.813568115234375
1006009973000,0.0003263314429204911,0.00039183965418487787,0.0004862661298830062,-0.29338181018829346,-0.015551626682281494,-9.805631637573242
1006023889000,0.0003521203761920333,0.00011976818495895714,0.000653339724522084,-0.29990431666374207,-0.0002665221691131592,-9.808131217956543
1006030761000,0.00014062448462937027,3.2541865948587656e-05,0.0004593846097122878,-0.30083394050598145,0.00431455671787262,-9.808396339416504
1006037711000,-0.0005924131255596876,-0.0009541807230561972,-0.00254414277151227,-0.3280404210090637,0.05032782256603241,-9.788595199584961
1006044707000,-0.001085943542420864,-0.0024020362179726362,0.00349247339181602,-0.29059556126594543,-0.09501636028289795,-9.783884048461914
1006051608000,0.0009471222292631865,0.0011091972701251507,-0.0020148660987615585,-0.29267704486846924,0.07737955451011658,-9.79985523223877
1006065495000,0.00029335508588701487,0.0013995734043419361,0.0005491052870638669,-0.29686257243156433,-0.009816601872444153,-9.812527656555176
1006072522000,0.00037275656359270215,0.000983390724286437,0.0006294859922491014,-0.3013083338737488,-0.0018977522850036621,-9.812063217163086
1006079383000,0.0003480585874058306,0.0005224013002589345,0.0006448334315791726,-0.30198612809181213,-0.0002628415822982788,-9.811962127685547
1006086322000,0.0003141950292047113,0.00010217458475381136,0.0006482242024503648,-0.3017995357513428,-2.0578503608703613e-05,-9.811552047729492
1006100199000,-0.0006868188502267003,-0.00044920557411387563,0.00015855692618060857,-0.2748543620109558,-0.040098488330841064,-9.81533432006836
1006107319000,0.00043069967068731785,0.00010256352834403515,0.0005254493444226682,-0.29412633180618286,-0.012327611446380615,-9.806751251220703
1006114120000,0.0004572902980726212,-4.582866677083075e-05,0.0006280367379076779,-0.29959553480148315,-0.0019492357969284058,-9.808382987976074
1006121060000,0.00022692035418003798,-0.00010957963240798563,0.0004464172525331378,-0.3009781837463379,0.004219725728034973,-9.808070182800293
1006128032000,-0.0005713435239158571,-0.0010078208288177848,-0.0025452093686908484,-0.3277515769004822,0.05050741136074066,-9.788291931152344
1006141946000,0.0004501687071751803,0.00045930061605758965,0.0006912995013408363,-0.2923552393913269,-0.01959613710641861,-9.804988861083984
1006148825000,0.00033054588129743934,0.0004681474529206753,0.0004665199085138738,-0.300947368144989,0.004449322819709778,-9.809346199035645
1006155828000,0.00028776167891919613,0.00016170355957001448,0.0006180797936394811,-0.29999786615371704,-0.0024849623441696167,-9.807997703552246
1006162740000,0.00036122254095971584,-3.8651953218504786e-05,0.0006386134191416204,-0.3002353012561798,-0.00090751051902771,-9.808107376098633
1006176629000,-0.000730247818864882,-1.9823317416012287e-05,6.5825988713186234e-06,-0.27420851588249207,-0.03255080431699753,-9.814403533935547
1006183553000,0.000320862716762349,0.0003501168976072222,0.0004999192897230387,-0.2940414547920227,-0.014133676886558533,-9.806087493896484
1006190593000,0.0003879440773744136,0.0002506018499843776,0.0006299267988651991,-0.2990562915802002,-0.002544015645980835,-9.808688163757324
1006197540000,0.0005882793921045959,-3.719230880960822e-05,0.0008423880208283663,-0.299403578042984,-0.004865363240242004,-9.807289123535156
1006204370000,0.000460711307823658,-9.922956814989448e-05,0.000692133093252778,-0.3005291521549225,0.003133624792098999,-9.808518409729004
1006218260000,-0.0008402077946811914,-0.00022252160124480724,0.00013399664021562785,-0.27254602313041687,-0.04278245568275452,-9.81086254119873
1006225298000,0.00038392870919778943,0.0005156021215952933,0.0005248902016319335,-0.29262441396713257,-0.01330670714378357,-9.805994033813477
1006232181000,0.0004177817318122834,0.000365781772416085,0.0006344738649204373,-0.2993369698524475,-0.002100422978401184,-9.808528900146484
1006239178000,0.00037068809615448117,0.00017091854533646256,0.0006510424427688122,-0.3001285195350647,-0.0001512467861175537,-9.808206558227539
1006253000000,-0.0007938515627756715,-7.610843749716878e-05,0.00012786909064743668,-0.2729532718658447,-0.04288832098245621,-9.813681602478027
1006259983000,0.0003793716605287045,0.0004702978185378015,0.0005268321256153286,-0.2936583161354065,-0.013150125741958618,-9.80748176574707
1006266904000,0.00038185695302672684,0.0003124780487269163,0.0006410495843738317,-0.2993602454662323,-0.001994982361793518,-9.808821678161621
1006273956000,0.00013200119428802282,0.0002065828157356009,0.0004608399758581072,-0.30098772048950195,0.004313528537750244,-9.808782577514648
1006280795000,0.00029678127611987293,-0.00012445211177691817,0.0006003495072945952,-0.2999574542045593,-0.0034855008125305176,-9.806857109069824
1006294706000,-0.0006704214029014111,-0.00012881343718618155,0.00016680482076480985,-0.27242326736450195,-0.040087416768074036,-9.812859535217285
1006301635000,0.0003278119256719947,0.0004672395880334079,0.0005472080665640533,-0.2933708429336548,-0.011858657002449036,-9.806801795959473
1006308645000,0.00045438637607730925,0.00026965016149915755,0.0006308529991656542,-0.2997121810913086,-0.002209573984146118,-9.807700157165527
1006315520000,0.0003651170991361141,0.00011428890866227448,0.0006545393262058496,-0.29976123571395874,-2.3856759071350098e-05,-9.8082857131958
1006329438000,-0.0007537176716141403,-0.0008738891337998211,-0.002744633238762617,-0.32888782024383545,0.054626643657684326,-9.788981437683105
1006336350000,-0.001013574656099081,-0.0025085718370974064,0.0036510450299829245,-0.2891085147857666,-0.10241791605949402,-9.782877922058105
1006343373000,0.0012326474534347653,0.001061616581864655,-0.001789467060007155,-0.29192763566970825,0.07508030533790588,-9.799674987792969
1006350271000,-0.000733711349312216,0.001419861800968647,0.00015214804443530738,-0.280526340007782,-0.017887577414512634,-9.82247257232666
1006364204000,0.0003980055917054415,0.0009453102247789502,0.0006173754227347672,-0.3010264039039612,-0.0027436017990112305,-9.81212329864502
1006371087000,0.00035346142249181867,0.0005058328388258815,0.0006443301099352539,-0.3017560839653015,-0.00033684074878692627,-9.812281608581543
1006378087000,0.0001300822477787733,0.0001728487986838445,0.0004521517257671803,-0.3026265501976013,0.004348248243331909,-9.812020301818848
1006385021000,-0.0005344618111848831,-0.0010521572548896074,-0.002560234861448407,-0.3298646807670593,0.05001261830329895,-9.790949821472168
1006391959000,-0.0006750602042302489,-0.00036939032725058496,0.0001516395714133978,-0.2736490070819855,-0.04098878055810928,-9.816047668457031
1006405842000,0.0003962431801483035,-2.9282935429364443e-05,0.0006046518683433533,-0.2987104654312134,-0.004032701253890991,-9.808045387268066
1006412799000,0.0003253259928897023,-0.00012402061838656664,0.0006498946459032595,-0.29950910806655884,-0.0004795193672180176,-9.80814266204834
1006419696000,-0.0004993872134946287,-0.0009710176382213831,-0.0025019270833581686,-0.3285921812057495,0.05338168144226074,-9.788625717163086
1006426690000,-0.0008497380767948925,5.4697098676115274e-05,-3.175512028974481e-05,-0.27325254678726196,-0.03575679659843445,-9.811878204345703
1006440562000,0.00034829432843253016,0.0004351929819677025,0.0004657554381992668,-0.30068260431289673,0.004615813493728638,-9.809581756591797
1006447475000,0.00027197960298508406,0.00015281621017493308,0.0006196353351697326,-0.299839049577713,-0.0023321211338043213,-9.808123588562012
1006454415000,0.0003617652109824121,-4.556600470095873e-05,0.0006381408893503249,-0.3002181649208069,-0.0009689629077911377,-9.807976722717285
1006461429000,-0.000240592984482646,-0.0010470980778336525,-0.002318116370588541,-0.32805654406547546,0.048818185925483704,-9.78891658782959
1006468320000,-0.0007298122509382665,-3.0015013180673122e-05,7.0434225563076325e-06,-0.27426573634147644,-0.032498739659786224,-9.814167976379395
1006482203000,0.0003909127844963223,0.0002644431951921433,0.000631282280664891,-0.29884517192840576,-0.0025406330823898315,-9.808849334716797
1006489181000,0.00040301031549461186,5.196058191359043e-05,0.0006438897107727826,-0.3003454804420471,-0.00042578577995300293,-9.807634353637695
1006496122000,0.00015033295494504273,-1.4280667528510094e-06,0.00045553527888841927,-0.3007318377494812,0.0044576674699783325,-9.808594703674316
1006503047000,-0.0005743929650634527,-0.0009783175773918629,-0.002547595649957657,-0.328110933303833,0.05027379095554352,-9.788534164428711
1006510012000,-0.000871305528562516,5.932175554335117e-06,-4.127806460019201e-05,-0.273080050945282,-0.03664574772119522,-9.81273078918457
1006523928000,0.000333628267981112,0.00041420641355216503,0.0004696620744653046,-0.3002774119377136,0.004680410027503967,-9.809592247009277
1006530810000,0.0002487233723513782,0.00014130336057860404,0.00062389369122684,-0.2996065616607666,-0.0022884756326675415,-9.807879447937012
1006537749000,-0.00045697373570874333,-0.0007843162165954709,-0.0025167318526655436,-0.3287864923477173,0.05252644419670105,-9.789326667785645
1006544793000,-0.0006687782588414848,-2.0928389858454466e-05,0.000164024080731906,-0.27310705184936523,-0.0400732159614563,-9.814480781555176
1006558603000,0.0004342890460975468,0.0002476485096849501,0.0006330940523184836,-0.2996324896812439,-0.00202728807926178,-9.808215141296387
1006565557000,0.00018587868544273078,0.00012274025357328355,0.0005458385567180812,-0.3008471727371216,0.002747833728790283,-9.80836296081543
1006572638000,0.0002606734342407435,-8.08952609077096e-05,0.0006310169119387865,-0.2991405725479126,-0.0020174235105514526,-9.80781078338623
1006579510000,-0.00047297164564952254,-0.0009636733448132873,-0.002472909167408943,-0.32821258902549744,0.05211174488067627,-9.78914737701416
1006586425000,-0.0006616110913455486,-0.00010288285557180643,0.00017162780568469316,-0.27274173498153687,-0.039643995463848114,-9.812664031982422
1006600332000,0.0004002848290838301,0.00029752490809187293,0.0006415167008526623,-0.2989152669906616,-0.0017991364002227783,-9.808650970458984
1006607340000,0.0003163606161251664,0.00013691995991393924,0.0006594064179807901,-0.29979678988456726,3.9011240005493164e-05,-9.808178901672363
1006614245000,0.00013672083150595427,3.534158895490691e-05,0.0004570982127916068,-0.30095481872558594,0.004267260432243347,-9.80810546875
1006621184000,-0.000574310019146651,-0.0009494650294072926,-0.0025462263729423285,-0.3279973268508911,0.05020014941692352,-9.78851318359375
1006635069000,0.0009491639211773872,0.0011131318751722574,-0.00201541930437088,-0.2926822006702423,0.07731081545352936,-9.799814224243164
1006642072000,-0.0007232674979604781,0.0012181594502180815,0.0003075946297030896,-0.2793418765068054,-0.026074573397636414,-9.820289611816406
1006648981000,0.0002886090660467744,0.001418048981577158,0.0005514122894965112,-0.2966819405555725,-0.009837254881858826,-9.812673568725586
1006655943000,0.0003832116490229964,0.0009869115892797709,0.0006282694521360099,-0.3014103174209595,-0.0019271224737167358,-9.8118896484375
1006669758000,0.00050917430780828,2.6800058549270034e-05,0.0008443723781965673,-0.3009122610092163,-0.004508212208747864,-9.81107234954834
1006676765000,-0.0003895526169799268,-0.0009777150116860867,-0.0024702984374016523,-0.33072909712791443,0.0565667599439621,-9.79256820678711
1006683687000,-0.0006706177955493331,-0.00041206568130292,0.00016879533359315246,-0.2747962176799774,-0.039015233516693115,-9.816591262817383
1006690655000,0.00038402105565182865,7.435251609422266e-05,0.0005348707782104611,-0.2944597899913788,-0.011957451701164246,-9.806914329528809
1006697552000,0.0004090098082087934,-6.337207742035389e-05,0.0006350501789711416,-0.29951733350753784,-0.001901581883430481,-9.808232307434082
1006704478000,0.00018931296654045582,-0.00011966803867835552,0.0004524985561147332,-0.3009198009967804,0.004175588488578796,-9.807787895202637
1006718377000,-0.0008803687524050474,5.903700366616249e-05,-3.7272060581017286e-05,-0.272461473941803,-0.03652250021696091,-9.811419486999512
1006725345000,0.00026756676379591227,0.000577011494897306,0.0004967006389051676,-0.2929523289203644,-0.015328094363212585,-9.805323600769043
1006732299000,0.0004344141634646803,0.0003992132260464132,0.0006213710876181722,-0.2996174097061157,-0.003018587827682495,-9.808300971984863
1006739245000,0.000608885136898607,9.168114047497511e-05,0.0008404167019762099,-0.2995483875274658,-0.004822731018066406,-9.80783462524414
1006753100000,-0.0006670305738225579,-0.0008467412553727627,-0.00269459025003016,-0.33033081889152527,0.058850690722465515,-9.789886474609375
1006760102000,-0.0008255988941527903,-0.000191223225556314,0.00013310123176779598,-0.2727600038051605,-0.042879678308963776,-9.812213897705078
1006767065000,0.0003297423536423594,0.0004825607466045767,0.0005305829690769315,-0.2930055260658264,-0.013021230697631836,-9.806676864624023
1006773992000,0.00036272601573728025,0.0003239177167415619,0.0006420564604923129,-0.2994656562805176,-0.0021268129348754883,-9.808625221252441
1006787821000,0.00018611681298352778,-3.4999102354049683e-06,0.00045135366963222623,-0.30099087953567505,0.004371657967567444,-9.808533668518066
1006794843000,-0.0005504388827830553,-0.0009851030772551894,-0.00255049136467278,-0.32814252376556396,0.05032224953174591,-9.788743019104004
1006801708000,-0.0008831150480546057,-8.376897312700748e-06,-3.8837024476379156e-05,-0.27308571338653564,-0.03652416169643402,-9.813018798828125
1006808693000,0.0003360183909535408,0.0004169391468167305,0.00048545552999712527,-0.2934550940990448,-0.015578582882881165,-9.805366516113281
1006822679000,0.00042315927566960454,0.00014405834372155368,0.0006648183334618807,-0.2997100055217743,0.0007776170969009399,-9.808566093444824
1006829538000,-0.0006508599617518485,-0.0006903876201249659,-0.0026974778156727552,-0.32979103922843933,0.05834399163722992,-9.790152549743652
1006836470000,-0.0008485842263326049,-0.00011171336518600583,0.00013350285007618368,-0.2730896770954132,-0.04270654171705246,-9.812893867492676
1006843479000,0.00040980844642035663,0.0004848529351875186,0.0005193886463530362,-0.2934604585170746,-0.013419777154922485,-9.806878089904785
1006857346000,0.0003586845123209059,0.0001459963241359219,0.0006534407730214298,-0.30002912878990173,-1.0609626770019531e-05,-9.80854606628418
1006864273000,0.00016642081027384847,2.6233727112412453e-05,0.00045278112520463765,-0.30114132165908813,0.004311710596084595,-9.808487892150879
1006871170000,-0.0005420248489826918,-0.0009756192448548973,-0.002551458775997162,-0.3281857371330261,0.05020144581794739,-9.788768768310547
1006878155000,-0.0008739838958717883,-3.954075509682298e-05,-3.923325493815355e-05,-0.2732246220111847,-0.03653722256422043,-9.813274383544922
1006885048000,0.0003280298551544547,0.00039887370076030493,0.0004865856026299298,-0.29328325390815735,-0.015504270792007446,-9.805604934692383
1006898965000,0.0005481478874571621,4.6175147872418165e-05,0.0008501164265908301,-0.2989870011806488,-0.00472259521484375,-9.80768871307373
1006905943000,0.00044634848018176854,-4.613073542714119e-05,0.0006930453819222748,-0.3005900979042053,0.0030984878540039062,-9.808390617370605
1006912882000,-0.0006591691635549068,-0.0008689668029546738,-0.002693257061764598,-0.3297272324562073,0.058908894658088684,-9.789685249328613
1006919776000,-0.0010208426974713802,-0.002552563324570656,0.0036621710751205683,-0.28963035345077515,-0.1011892557144165,-9.783148765563965
1006926819000,0.0012105018831789494,0.0010427735978737473,-0.0017857827479019761,-0.2918296754360199,0.07527923583984375,-9.79973030090332
1006940673000,0.00024277647025883198,0.0013314869720488787,0.0005136542022228241,-0.29709625244140625,-0.011781260371208191,-9.81149959564209
1006947587000,0.0004252113285474479,0.000937154982239008,0.000613705487921834,-0.3009799122810364,-0.0028040707111358643,-9.81197738647461
1006954495000,0.0003404282033443451,0.0005191194941289723,0.0006466196500696242,-0.30159032344818115,-0.00020322203636169434,-9.81238842010498
1006961488000,0.00012954592239111662,0.00018363705021329224,0.00045171708916313946,-0.30265194177627563,0.004320934414863586,-9.811893463134766
1006975366000,-0.0006759047973901033,-0.0003843513841275126,0.00015211571007966995,-0.2737423777580261,-0.0409831777215004,-9.815876960754395
1006982344000,0.0004222275747451931,0.00012360067921690643,0.0005253925919532776,-0.29429131746292114,-0.012316107749938965,-9.806793212890625
1006989224000,0.0004742626624647528,-4.147106665186584e-05,0.00062704854644835,-0.29966622591018677,-0.002079501748085022,-9.808341979980469
1006996223000,0.00014308323443401605,-5.227368092164397e-05,0.00046023898175917566,-0.3005219101905823,0.004556432366371155,-9.80879020690918
1007003123000,-0.0005375196924433112,-0.0010312919039279222,-0.0025527242105454206,-0.32836657762527466,0.05018050968647003,-9.787598609924316
1007017033000,0.0002687355154193938,0.0005576403345912695,0.0004976210766471922,-0.29297399520874023,-0.015269175171852112,-9.805533409118652
1007024033000,0.00040865663322620094,0.00039002433186396956,0.0006243022507987916,-0.29954230785369873,-0.0028972327709198,-9.808444023132324
1007030949000,0.0005947706522420049,7.725117029622197e-05,0.0008410883601754904,-0.299588680267334,-0.004853352904319763,-9.807730674743652
1007037840000,0.0003956419532187283,1.5840254491195083e-05,0.0007006019004620612,-0.30050867795944214,0.0033855140209198,-9.809439659118652
1007051761000,-0.000829609576612711,-0.0001933108433149755,0.00013147565186955035,-0.27277109026908875,-0.042835354804992676,-9.81200885772705
1007058693000,0.00031726405723020434,0.0004925696412101388,0.0005319179035723209,-0.2929256558418274,-0.013023436069488525,-9.806649208068848
1007065667000,0.00045994651736691594,0.00027275545289739966,0.0006262962124310434,-0.2999638020992279,-0.0024775713682174683,-9.807848930358887
1007072598000,0.00037018602597527206,0.00011888318113051355,0.0006532734259963036,-0.2998821437358856,-7.571280002593994e-05,-9.808573722839355
1007079585000,0.00016101340588647872,1.2463991879485548e-05,0.00045296718599274755,-0.30115702748298645,0.004401013255119324,-9.808394432067871
1007093491000,-0.0008807768463157117,-8.078059181571007e-06,-3.939847374567762e-05,-0.27315330505371094,-0.036586128175258636,-9.813003540039062
1007100335000,0.0003363782598171383,0.0004137802461627871,0.0004854855069424957,-0.29346930980682373,-0.015578389167785645,-9.805405616760254
1007107355000,0.000464839453343302,0.00025386345805600286,0.0007097795023582876,-0.29902705550193787,-0.0045500248670578,-9.808074951171875
1007114244000,0.0004124918195884675,0.00014530555927194655,0.0006672494346275926,-0.29963505268096924,0.0008923709392547607,-9.80870532989502
1007128173000,-0.0008310982375405729,-0.00011760788038372993,0.00013229480828158557,-0.27307695150375366,-0.04282637685537338,-9.81281852722168
1007135075000,0.00040124551742337644,0.0004899757914245129,0.0005214649136178195,-0.29337364435195923,-0.013324081897735596,-9.807031631469727
1007142071000,0.00042632585973478854,0.0003344893630128354,0.0006326173897832632,-0.2993471622467041,-0.002072930335998535,-9.808799743652344
1007148967000,0.00036256667226552963,0.00014569985796697438,0.0006537566077895463,-0.3000342845916748,-0.00012740492820739746,-9.808502197265625
1007162884000,-0.0005550201167352498,-0.0009706174023449421,-0.0025502685457468033,-0.3281172215938568,0.05022062361240387,-9.788841247558594
1007169791000,-0.0008736113668419421,-3.9123406168073416e-05,-3.984466820838861e-05,-0.2732680141925812,-0.036584094166755676,-9.813192367553711
1007176777000,0.00031877460423856974,0.0004069765273015946,0.00048786852858029306,-0.2932220697402954,-0.015480190515518188,-9.805694580078125
1007183677000,0.0004180835676379502,0.00030043936567381024,0.0006255949265323579,-0.29887887835502625,-0.002840563654899597,-9.808538436889648
1007190688000,0.0005490700132213533,4.522176459431648e-05,0.0008505206205882132,-0.2989521622657776,-0.0046689510345458984,-9.807761192321777
1007204514000,-0.0006564680952578783,-0.0008698593592271209,-0.002693408401682973,-0.3297329545021057,0.058899134397506714,-9.789691925048828
1007211500000,-0.001034680288285017,-0.002562463516369462,0.0036626735236495733,-0.28967955708503723,-0.10110357403755188,-9.78307819366455
1007218398000,0.0012108328519389033,0.0010474823648110032,-0.0017862437525764108,-0.2917509973049164,0.07521617412567139,-9.799695014953613
1007225427000,-0.0007581679383292794,0.0013415911234915257,0.00015450851060450077,-0.2809177041053772,-0.017863735556602478,-9.821684837341309
1007232357000,0.0002495060907676816,0.0013384632766246796,0.0005140749271959066,-0.2970719337463379,-0.011826440691947937,-9.811554908752441
1007246259000,0.0003398768021725118,0.0005205498309805989,0.0006457904237322509,-0.3016015887260437,-0.0002990216016769409,-9.812350273132324
1007253131000,0.00012866687029600143,0.00018363673007115722,0.00045185573981143534,-0.3026581406593323,0.00430653989315033,-9.811906814575195
1007260133000,-0.0005244975909590721,-0.001045000972226262,-0.002563469111919403,-0.3299195170402527,0.05005790293216705,-9.790854454040527
1007267035000,-0.0006756598595529795,-0.00038518570363521576,0.00015194615116342902,-0.2737487256526947,-0.04098549485206604,-9.81588363647461
1007274056000,0.0002629189402796328,0.0001607931189937517,0.0004151384928263724,-0.2952442765235901,-0.009556397795677185,-9.806763648986816
1007287849000,0.0003668931603897363,-0.00013115615001879632,0.0006467574276030064,-0.2995308041572571,-0.0006404370069503784,-9.808181762695312
1007294857000,-0.0004732540110126138,-0.0009822729043662548,-0.0025041771586984396,-0.328597754240036,0.05345630645751953,-9.788782119750977
1007301772000,-0.0008440447854809463,5.5235810577869415e-05,-3.168614421156235e-05,-0.2731335759162903,-0.0356762558221817,-9.812126159667969
1007308741000,0.0005001900717616081,0.00039071409264579415,0.0006860002758912742,-0.2927819490432739,-0.01955007016658783,-9.804570198059082
1007322574000,0.00028574845055118203,0.0001401854242431,0.0006179577903822064,-0.2998759150505066,-0.002363830804824829,-9.808024406433105
1007329565000,0.0003671941813081503,-4.884207737632096e-05,0.0006385777960531414,-0.30013003945350647,-0.0009544789791107178,-9.808042526245117
1007336477000,-0.00024299731012433767,-0.0010541323572397232,-0.0023168709594756365,-0.3280732035636902,0.04884648323059082,-9.788850784301758
1007343491000,-0.0007292348891496658,-4.563713446259499e-06,7.589066626678687e-06,-0.2740519046783447,-0.03250402957201004,-9.81440544128418
1007350352000,0.00030904117738828063,0.00035768208908848464,0.0005005698767490685,-0.29405635595321655,-0.014053836464881897,-9.806031227111816
1007364273000,0.00042133923852816224,4.0881510358303785e-05,0.0006429026834666729,-0.30035388469696045,-0.0005122721195220947,-9.807552337646484
1007371263000,0.00016402181063313037,-1.2985896319150925e-05,0.00045429071178659797,-0.30072808265686035,0.004487887024879456,-9.808549880981445
1007378192000,-0.0005725634982809424,-0.0009817142272368073,-0.0025464878417551517,-0.32802122831344604,0.05030420422554016,-9.788580894470215
1007385086000,-0.0008703914354555309,1.2071861419826746e-05,-4.227687531965785e-05,-0.27300548553466797,-0.0366031751036644,-9.812762260437012
1007398979000,0.0003385560121387243,0.00041510240407660604,0.0004694750241469592,-0.3003165125846863,0.004538968205451965,-9.809466361999512
1007405909000,0.00034320607664994895,8.245112258009613e-05,0.0006093251868151128,-0.30006664991378784,-0.002567306160926819,-9.807132720947266
1007412913000,-0.00041051104199141264,-0.0008053395431488752,-0.002517764223739505,-0.32843902707099915,0.052583158016204834,-9.789657592773438
1007419805000,-0.0006841070717200637,-3.2199372071772814e-05,0.00016904811491258442,-0.2729753851890564,-0.03981953114271164,-9.814569473266602
1007426835000,0.000364124309271574,0.00044752375106327236,0.0005371379083953798,-0.29416072368621826,-0.011944174766540527,-9.807574272155762
1007440709000,0.0003907072823494673,7.132411701604724e-05,0.000647085253149271,-0.30032575130462646,-0.0002672523260116577,-9.807787895202637
1007447629000,0.00017240540182683617,-1.0897696483880281e-05,0.0004545398405753076,-0.30081379413604736,0.004329502582550049,-9.808520317077637
1007454544000,-0.0007385197095572948,-0.000905652588699013,-0.0027440660633146763,-0.3288657069206238,0.05463428795337677,-9.789076805114746
1007461543000,-0.0008089900948107243,-0.00014924979768693447,0.00011849144357256591,-0.271722674369812,-0.043935008347034454,-9.811593055725098
1007468432000,0.0003370488411746919,0.0005205890629440546,0.0005318670300766826,-0.29273709654808044,-0.013227000832557678,-9.806418418884277
1007482342000,0.00035638391273096204,0.0001658438122831285,0.00065476109739393,-0.3000713288784027,-0.0002446174621582031,-9.808001518249512
1007489255000,0.0001656746317166835,5.609533400274813e-05,0.0004530641308519989,-0.3009709119796753,0.00432094931602478,-9.808380126953125
1007496244000,-0.000552707293536514,-0.0009462978923693299,-0.0025515372399240732,-0.32809603214263916,0.05026257038116455,-9.788680076599121
1007503201000,-0.0011010998860001564,-0.0024271956644952297,0.003493477823212743,-0.2906765043735504,-0.09484060108661652,-9.784235954284668
1007517057000,-0.0008706864900887012,0.0012552945408970118,0.00019575597252696753,-0.280250608921051,-0.023389779031276703,-9.82038688659668
1007524068000,0.00025869114324450493,0.0013975925976410508,0.0005229617236182094,-0.296001136302948,-0.01192636787891388,-9.812342643737793
1007530951000,0.0003829228226095438,0.0009935277048498392,0.0006232173764146864,-0.3010712265968323,-0.0024719685316085815,-9.812052726745605
1007537899000,0.00034796056570485234,0.0005398031207732856,0.0006437603733502328,-0.30187124013900757,-0.0002889186143875122,-9.812023162841797
1007544915000,0.0005329296691343188,2.1386542357504368e-05,0.0008409030269831419,-0.30096569657325745,-0.004539594054222107,-9.8109769821167
1007558755000,-0.000694014597684145,-0.00047930862638168037,0.00017045065760612488,-0.27524232864379883,-0.03894771635532379,-9.815733909606934
1007565659000,0.000424462603405118,8.175897528417408e-05,0.0005270337569527328,-0.29410088062286377,-0.012166127562522888,-9.806682586669922
1007572601000,0.0004553087055683136,-4.386252840049565e-05,0.0006301566609181464,-0.2993943393230438,-0.00198306143283844,-9.808427810668945
1007579594000,0.00023013705504126847,-0.000116552080726251,0.00044616180821321905,-0.3010079860687256,0.004228278994560242,-9.807948112487793
1007593479000,-0.0008632654207758605,7.47786252759397e-05,-4.2575993575155735e-05,-0.2726763188838959,-0.03663986921310425,-9.811567306518555
1007600430000,0.0004713167727459222,0.0004599045787472278,0.0006896162522025406,-0.29235368967056274,-0.019728459417819977,-9.804884910583496
1007607407000,0.0003204125096090138,0.0004769648949149996,0.00046842178562656045,-0.30083322525024414,0.004570454359054565,-9.809475898742676
1007614288000,0.00027936004335060716,0.0001708793279249221,0.0006192317232489586,-0.2999558448791504,-0.0024830251932144165,-9.808009147644043
1007621216000,0.00038280905573628843,-5.1160313887521625e-05,0.0006349955219775438,-0.3003583550453186,-0.001002386212348938,-9.80785846710205
1007635110000,-0.0007596950745210052,-3.658269997686148e-05,8.810275176074356e-06,-0.27423977851867676,-0.03230280429124832,-9.814313888549805
1007642166000,0.00034075218718498945,0.0003632966836448759,0.0004981471574865282,-0.2938489615917206,-0.014350458979606628,-9.805996894836426
1007649029000,0.00039183380431495607,0.00026502730906940997,0.0006302812253125012,-0.29898926615715027,-0.0024852603673934937,-9.808789253234863
1007655932000,0.0005948256584815681,-2.443429548293352e-05,0.0008422408136539161,-0.29937440156936646,-0.004871800541877747,-9.807341575622559
1007669822000,-0.0006553753628395498,-0.0009050300577655435,-0.0026938514783978462,-0.329776793718338,0.05894966423511505,-9.789656639099121
1007676864000,-0.0008049043826758862,-0.00017190357903018594,0.00012978875020053238,-0.27218955755233765,-0.0428597629070282,-9.81159782409668
1007683718000,0.00040996604366227984,0.0004532056045718491,0.0005202906904742122,-0.2932664155960083,-0.013252556324005127,-9.805646896362305
1007690704000,0.0004171792243141681,0.0003332971245981753,0.000634077237918973,-0.2990849018096924,-0.002016916871070862,-9.80868148803711
1007697636000,0.0003808930632658303,0.00014910711615812033,0.0006517246947623789,-0.30000144243240356,-0.00022999942302703857,-9.80817985534668
1007704567000,-0.0006636843900196254,-0.0006858025444671512,-0.00270075467415154,-0.32969170808792114,0.05801771581172943,-9.790163040161133
1007718441000,0.0004070219292771071,0.0004841958871111274,0.0005213259719312191,-0.29333776235580444,-0.013350442051887512,-9.807088851928711
1007725474000,0.000436541682574898,0.00033014186192303896,0.0006327737937681377,-0.2992894649505615,-0.002103447914123535,-9.808832168579102
1007732347000,0.00016238704847637564,0.0002297210303368047,0.00045973100350238383,-0.300853967666626,0.004337146878242493,-9.808989524841309
1007739269000,0.0002491249470040202,-6.623756780754775e-05,0.0006112714763730764,-0.2996062636375427,-0.003234162926673889,-9.807503700256348
1007753168000,-0.0009106863290071487,-0.002523488365113735,0.0037002882454544306,-0.2899883985519409,-0.09833794832229614,-9.784144401550293
1007760233000,0.0012162072816863656,0.001004447927698493,-0.0017755706794559956,-0.29237470030784607,0.07633014023303986,-9.800006866455078
1007767071000,-0.0007661237032152712,0.001307793310843408,0.0001573439803905785,-0.2809317111968994,-0.017662860453128815,-9.821714401245117
1007774150000,6.214587483555079e-05,0.0013482831418514252,0.000404708698624745,-0.298037052154541,-0.008911028504371643,-9.811479568481445
1007780963000,0.00032413663575425744,0.0009342539706267416,0.0005938083049841225,-0.3000883162021637,-0.004768013954162598,-9.811842918395996
1007794864000,0.0003191590658389032,0.00010050722630694509,0.0006478192517533898,-0.3017022907733917,-0.0001382976770401001,-9.811393737792969
1007801787000,-0.00032597186509519815,-0.0010611395118758082,-0.0023091521579772234,-0.32917550206184387,0.049068719148635864,-9.791549682617188
1007808899000,-0.0007420022739097476,-0.00023160787532106042,-4.332559910835698e-07,-0.27567148208618164,-0.03265633434057236,-9.817421913146973
1007815679000,0.00046100036706775427,-2.2238033125177026e-05,0.0007004741346463561,-0.2936989963054657,-0.01848261058330536,-9.806159973144531
1007822611000,0.00032275752164423466,3.112517879344523e-05,0.00046829457278363407,-0.300767183303833,0.004672735929489136,-9.808791160583496
1007836500000,-0.0005050863255746663,-0.0009934897534549236,-0.0025080586783587933,-0.32799118757247925,0.052831098437309265,-9.788312911987305
1007843481000,-0.0006930339150130749,-9.300367673859e-05,0.000166949350386858,-0.27258074283599854,-0.0401211753487587,-9.810431480407715
1007850447000,0.00039192417170852423,0.0005661497125402093,0.0005358369089663029,-0.2933540940284729,-0.012169092893600464,-9.805821418762207
1007857370000,0.00042124706669710577,0.00039182984619401395,0.0006330543546937406,-0.2997378706932068,-0.0018774718046188354,-9.808575630187988
1007864338000,0.0004101913655176759,0.00017552330973558128,0.0006466981139965355,-0.3004360795021057,-0.00030966103076934814,-9.80832576751709
1007878228000,-0.0007162150577642024,-0.0008772175060585141,-0.002750161336734891,-0.3292735517024994,0.05467972159385681,-9.789458274841309
1007885112000,-0.0008252651314251125,-0.000148962892126292,0.00012171767593827099,-0.27207228541374207,-0.04387155920267105,-9.812174797058105
1007892145000,0.00038421241333708167,0.0004978994838893414,0.0005249708192422986,-0.2931656241416931,-0.013422489166259766,-9.806513786315918
1007899008000,0.00039514765376225114,0.0003356126544531435,0.0006364223663695157,-0.2995118200778961,-0.001999691128730774,-9.808721542358398
1007912953000,0.00015094943228177726,2.837437205016613e-05,0.0004546898999251425,-0.30122360587120056,0.004281133413314819,-9.808464050292969
1007919895000,-0.0005810805014334619,-0.000971047964412719,-0.0025488187093287706,-0.32830244302749634,0.05032072961330414,-9.788747787475586
1007926888000,-0.0008692481787875295,-1.8623133655637503e-05,-4.0956329030450433e-05,-0.2732922434806824,-0.03671929985284805,-9.812994003295898
1007933787000,0.0003318592207506299,0.0004031091812066734,0.00048607884673401713,-0.2934950888156891,-0.015521496534347534,-9.80549430847168
1007940746000,0.0004246386233717203,0.0003033783286809921,0.0006258785724639893,-0.29886823892593384,-0.0029224753379821777,-9.808685302734375
1007954566000,0.00015222959336824715,2.9030641599092633e-05,0.00045377982314676046,-0.3011142611503601,0.004336714744567871,-9.808259963989258
1007961596000,-0.0005599915166385472,-0.0009636491886340082,-0.0025504722725600004,-0.3281867504119873,0.05022065341472626,-9.78858757019043
1007968450000,-0.0008836779743432999,-5.8141304180026054e-06,-3.943113551940769e-05,-0.27316027879714966,-0.03656677156686783,-9.813090324401855
1007975446000,0.0003636149631347507,0.00036264926893636584,0.0005707971868105233,-0.29356974363327026,-0.017184093594551086,-9.804941177368164
1007982370000,0.0006780724506825209,0.00022867575171403587,0.0008362456574104726,-0.29772472381591797,-0.006297513842582703,-9.80846881866455
1007996264000,-0.000660341524053365,-0.0006968879606574774,-0.002689925255253911,-0.32997727394104004,0.059135958552360535,-9.790193557739258
1008003189000,-0.000843450368847698,-0.0001309042563661933,0.00013407834921963513,-0.27314722537994385,-0.042677901685237885,-9.812958717346191
1008010162000,0.00039454505895264447,0.00047972126048989594,0.0005224241176620126,-0.2933090031147003,-0.01334226131439209,-9.807066917419434
1008017069000,0.00040730193722993135,0.00033185951178893447,0.000635579286608845,-0.2992370128631592,-0.002035394310951233,-9.808844566345215
1008031006000,0.00016108198906295002,2.4264634703285992e-05,0.00045374786714091897,-0.3010652959346771,0.004341945052146912,-9.808439254760742
1008037904000,-0.0005826367996633053,-0.0009264585678465664,-0.0026367385871708393,-0.32802778482437134,0.051854208111763,-9.789185523986816
1008044904000,-0.0011452604085206985,-0.002442471217364073,0.0034785722382366657,-0.29085180163383484,-0.0959463119506836,-9.784052848815918
1008051780000,0.0009107200894504786,0.0011041152756661177,-0.0020154130179435015,-0.2924003601074219,0.07703036069869995,-9.799825668334961
1008058769000,-0.0008928896277211607,0.0012980876490473747,0.00010791284876177087,-0.2802185118198395,-0.02187901735305786,-9.820748329162598
1008072631000,0.00040400674333795905,0.0009650418651290238,0.0006168854306451976,-0.3007863759994507,-0.002886474132537842,-9.812094688415527
1008079611000,0.0003627610276453197,0.0005264005158096552,0.0006428840570151806,-0.30179262161254883,-0.0003402978181838989,-9.812021255493164
1008086504000,0.0001555420458316803,0.00019473419524729252,0.00044950266601517797,-0.30264967679977417,0.004274904727935791,-9.811880111694336
1008093551000,-0.0006122387130744755,-0.0009755946230143309,-0.0025490366388112307,-0.3294842839241028,0.05044086277484894,-9.791608810424805
1008107354000,0.0002392185851931572,0.00015804216673132032,0.00041650421917438507,-0.2954673767089844,-0.009555995464324951,-9.806885719299316
1008114331000,0.0004062241059727967,-4.024617373943329e-05,0.0006009005010128021,-0.29891306161880493,-0.004151135683059692,-9.807918548583984
1008121251000,0.00035137240774929523,-0.00014057994121685624,0.000647099397610873,-0.2995847463607788,-0.0005869269371032715,-9.808099746704102
1008128246000,-0.0005058807437308133,-0.0009791858028620481,-0.0025018469896167517,-0.32855236530303955,0.05352221429347992,-9.788721084594727
1008135125000,-0.0008436557836830616,5.952746141701937e-05,-3.5240722354501486e-05,-0.27319765090942383,-0.03576695919036865,-9.811895370483398
1008149019000,0.0006741008255630732,0.00026276815333403647,0.0008319136686623096,-0.29822906851768494,-0.0062770843505859375,-9.808382034301758
1008155965000,0.0005057087983004749,0.00015958852600306273,0.0006897386047057807,-0.3009089231491089,0.003239646553993225,-9.808935165405273
1008162957000,0.00019267675816081464,3.596111491788179e-05,0.000462464289739728,-0.3015405535697937,0.005426481366157532,-9.808722496032715
1008169911000,-0.0005457587540149689,-0.0009740154491737485,-0.0025513852015137672,-0.3284953832626343,0.050522997975349426,-9.788846015930176
1008183785000,0.0005208446527831256,0.00031794520327821374,0.0006795311346650124,-0.2926734685897827,-0.019838139414787292,-9.805194854736328
1008190667000,0.00034888467052951455,0.0003851256042253226,0.00046720841783098876,-0.30043596029281616,0.0045492202043533325,-9.809679985046387
1008197698000,0.0003338670067023486,6.140733603388071e-05,0.0006100233877077699,-0.3001379668712616,-0.002504676580429077,-9.807337760925293
1008204565000,0.00038529009907506406,-9.002102888189256e-05,0.0006369416369125247,-0.2998132109642029,-0.00088462233543396,-9.808036804199219
1008211584000,-0.00023738283198326826,-0.0010625346330925822,-0.002315615536645055,-0.3278062343597412,0.04887227714061737,-9.788837432861328
1008218465000,-0.000744493561796844,7.904600352048874e-08,8.98101552593289e-06,-0.27393200993537903,-0.03238709270954132,-9.8142728805542
1008232369000,0.0002907301823142916,0.00036430047475732863,0.00047521397937089205,-0.3002803325653076,0.005032345652580261,-9.809616088867188
1008239280000,0.00031093123834580183,4.9417460104450583e-05,0.0006125266081653535,-0.30000030994415283,-0.002615407109260559,-9.807087898254395
1008246288000,-0.0004587306175380945,-0.0008237751899287105,-0.0025150859728455544,-0.32839536666870117,0.05268062651157379,-9.78955364227295
1008253201000,-0.0006634885212406516,-2.056872472167015e-05,0.00016344971663784236,-0.272894024848938,-0.0400773286819458,-9.814026832580566
1008267077000,0.00044248253107070923,0.00025647314032539725,0.000631508999504149,-0.29974955320358276,-0.0020809024572372437,-9.80801010131836
1008274063000,0.00034920242615044117,0.00010373281838838011,0.0006571633857674897,-0.2997913360595703,-3.381073474884033e-05,-9.808500289916992
1008280989000,0.000151311163790524,9.240393410436809e-06,0.0004586688301060349,-0.30096113681793213,0.0043090879917144775,-9.808370590209961
1008287903000,-0.0007726196781732142,-0.0008906448492780328,-0.0027416644152253866,-0.3289535641670227,0.05472536385059357,-9.789030075073242
1008301819000,0.00034666009014472365,0.000517791137099266,0.0005285422666929662,-0.2928502559661865,-0.0132056325674057,-9.806413650512695
1008308843000,0.00038854044396430254,0.000363144907169044,0.0006396922399289906,-0.2992974519729614,-0.0021700114011764526,-9.808384895324707
1008315698000,0.0003497684374451637,0.0001657220273045823,0.0006544095813296735,-0.30009162425994873,-0.00016748905181884766,-9.808052062988281
1008322615000,0.0001490055728936568,6.401623249985278e-05,0.00045462444541044533,-0.3009489178657532,0.004347458481788635,-9.80846118927002
1008329609000,-0.0005522490246221423,-0.0009421849972568452,-0.0025513344444334507,-0.3281722068786621,0.05018499493598938,-9.788634300231934
1008343511000,0.0009570504771545529,0.0011012133909389377,-0.0020167124457657337,-0.29261618852615356,0.07727399468421936,-9.799980163574219
1008350432000,-0.0008821539231576025,0.0012496281415224075,0.00019666380831040442,-0.28030121326446533,-0.0232635959982872,-9.820384979248047
1008357383000,0.0002405268605798483,0.0014031886821612716,0.0005242194165475667,-0.29597893357276917,-0.011893585324287415,-9.812410354614258
1008364349000,0.0003942074254155159,0.0009901942685246468,0.0006201168289408088,-0.3012011647224426,-0.0025710612535476685,-9.811903953552246
1008371260000,0.0003622802905738354,0.0005387390265241265,0.0006433234666474164,-0.30188408493995667,-0.00034721195697784424,-9.812037467956543
1008385155000,-0.0004986710846424103,-0.0009752536425366998,-0.0025091173592954874,-0.3301030993461609,0.05348880589008331,-9.792153358459473
1008392178000,-0.0006748121231794357,-0.0003797619719989598,0.00015801485278643668,-0.2744770348072052,-0.04006459563970566,-9.816298484802246
1008399065000,0.00037730243639089167,0.000102960504591465,0.0005331325810402632,-0.294460266828537,-0.012087255716323853,-9.807049751281738
1008405964000,0.0004348339280113578,-6.550695979967713e-05,0.0006294416962191463,-0.29976820945739746,-0.0020270198583602905,-9.808115005493164
1008419854000,-0.0005176047561690211,-0.0010501203360036016,-0.0025530660059303045,-0.32802659273147583,0.05026128888130188,-9.787546157836914
1008426968000,-0.0008816462359391153,4.777021240442991e-05,-3.675684274639934e-05,-0.27265772223472595,-0.036224670708179474,-9.811483383178711
1008433781000,0.0004756483540404588,0.0004805297066923231,0.000692589848767966,-0.29215675592422485,-0.019808851182460785,-9.804777145385742
1008440713000,0.00025299692060798407,0.0005421462119556963,0.00048088456969708204,-0.3005031943321228,0.004828527569770813,-9.810062408447266
1008447718000,0.0002580116270110011,0.00019453426648396999,0.0006196784088388085,-0.30037176609039307,-0.0025549978017807007,-9.807649612426758
1008461676000,-0.00024180312175303698,-0.0010410193353891373,-0.002319382969290018,-0.3282097578048706,0.04880243539810181,-9.788928985595703
1008468506000,-0.0007325370679609478,-2.572534140199423e-05,4.765955964103341e-06,-0.27429449558258057,-0.03247514367103577,-9.81450080871582
1008475583000,0.0005194072145968676,0.0002610223018564284,0.0006959573365747929,-0.2931906580924988,-0.018604807555675507,-9.805681228637695
1008482431000,0.0003003584570251405,0.00034648264409042895,0.00047463824739679694,-0.3003707528114319,0.004959657788276672,-9.809779167175293
1008489377000,0.00031317007960751653,3.499421291053295e-05,0.0006138179451227188,-0.3000573515892029,-0.002603858709335327,-9.80726146697998
1008503276000,-0.00026591040659695864,-0.001073750900104642,-0.0023126655723899603,-0.3277871012687683,0.04884396493434906,-9.788599014282227
1008510337000,-0.000760855502448976,2.2186548449099064e-05,9.000356840260793e-06,-0.2737675607204437,-0.03240849822759628,-9.813962936401367
1008517140000,0.00031296550878323615,0.00038098913501016796,0.000501439324580133,-0.2940049469470978,-0.014247193932533264,-9.805598258972168
1008524119000,0.0005592552479356527,0.00019805182819254696,0.0008289917022921145,-0.2980152368545532,-0.006970837712287903,-9.80805492401123
1008538026000,-0.0007072798325680196,-0.0007056068279780447,-0.0026822825893759727,-0.329863041639328,0.05901597440242767,-9.790090560913086
1008545004000,-0.0008302486967295408,-0.00011623580940067768,0.00013266669702716172,-0.2731515169143677,-0.04287263751029968,-9.812361717224121
1008551965000,0.00036997307324782014,0.0005003350088372827,0.0005250070244073868,-0.2933007776737213,-0.01319226622581482,-9.806964874267578
1008559153000,0.00040379769052378833,0.0003421100846026093,0.000634928815998137,-0.29938310384750366,-0.002104640007019043,-9.808638572692871
1008572683000,0.0002899561950471252,-4.9054709961637855e-05,0.0006247462588362396,-0.2993708848953247,-0.002062574028968811,-9.807860374450684
1008579655000,-0.00043897831346839666,-0.0009582364000380039,-0.0025184140540659428,-0.32866746187210083,0.052696987986564636,-9.7890625
1008586567000,-0.0006733264890499413,-0.00010795326670631766,0.00016698753461241722,-0.27253201603889465,-0.040021829307079315,-9.813359260559082
1008593606000,0.0004285860632080585,0.0003893735120072961,0.0005286296945996583,-0.2940976023674011,-0.012146934866905212,-9.806169509887695
1008607395000,0.0003419317945372313,0.00011821399675682187,0.0006575060542672873,-0.2999086380004883,-0.0001427382230758667,-9.808094024658203
1008614393000,0.00012505224731285125,3.1403033062815666e-05,0.0004600775137078017,-0.3008599281311035,0.004401266574859619,-9.80832290649414
1008621327000,-0.0005918234819546342,-0.0009554915013723075,-0.002545211696997285,-0.3280526399612427,0.050264522433280945,-9.788482666015625
1008628321000,-0.0011015157215297222,-0.0023956047371029854,0.0034929411485791206,-0.29054224491119385,-0.0949508473277092,-9.783892631530762
1008635208000,0.0009443836752325296,0.0011135466629639268,-0.002015656791627407,-0.2926959991455078,0.0773230642080307,-9.799727439880371
1008649070000,0.0002574820537120104,0.0014086192240938544,0.0005234613781794906,-0.2960536777973175,-0.011909842491149902,-9.8123197555542
1008656001000,0.00037334091030061245,0.0010003187926486135,0.0006223638774827123,-0.30116045475006104,-0.002403244376182556,-9.81200122833252
1008662999000,0.00036115472903475165,0.0005463679553940892,0.0006428135093301535,-0.30191105604171753,-0.00041732192039489746,-9.812005043029785
1008669888000,0.00033635267755016685,0.00011613138485699892,0.0006448787171393633,-0.3018832802772522,-5.1409006118774414e-05,-9.811491966247559
1008676900000,-0.0004831250407733023,-0.0009747112635523081,-0.0025100689381361008,-0.3301335573196411,0.05339983105659485,-9.792133331298828
1008690719000,0.0003879653522744775,0.00010183211998082697,0.0005303079960867763,-0.29440662264823914,-0.012103363871574402,-9.80700397491455
1008697752000,0.00043507906957529485,-6.133451825007796e-05,0.0006295906496234238,-0.29972559213638306,-0.00201629102230072,-9.808212280273438
1008704616000,0.00020551873603835702,-0.00011876720236614347,0.00045003730338066816,-0.3009325861930847,0.004181966185569763,-9.808004379272461
1008711607000,-0.0005175389815121889,-0.0010497031034901738,-0.0025529840495437384,-0.32803505659103394,0.05026113986968994,-9.787569999694824
1008725512000,0.00047868513502180576,0.000479934795293957,0.0006903578178025782,-0.2921549081802368,-0.019787877798080444,-9.804821014404297
1008732487000,0.00034882946056313813,0.00048329439596273005,0.00046459923032671213,-0.3009819984436035,0.004524886608123779,-9.809341430664062
1008739360000,0.00031055527506396174,0.0001756005804054439,0.0006150469416752458,-0.30003395676612854,-0.0024951696395874023,-9.808025360107422
1008746355000,0.0003792335046455264,-3.167064278386533e-05,0.0006363305728882551,-0.3002672791481018,-0.0008925050497055054,-9.808141708374023
1008753247000,-0.00032491289312019944,-0.000986690865829587,-0.002304620575159788,-0.3276846706867218,0.04915080964565277,-9.789730072021484
1008767122000,0.00033793094917200506,0.0002893264463637024,0.0005862978869117796,-0.29434436559677124,-0.015729904174804688,-9.805635452270508
1008774062000,0.0006083166808821261,0.00016832849360071123,0.0008463897975161672,-0.29779788851737976,-0.005959823727607727,-9.808683395385742
1008781062000,0.0005019762320443988,3.453652607277036e-05,0.0006881412118673325,-0.30112147331237793,0.0031451135873794556,-9.808032989501953
1008787954000,0.00015642595826648176,-2.5744244339875877e-05,0.00046687896247021854,-0.3010122776031494,0.005513519048690796,-9.808616638183594
1008794998000,-0.0006053445977158844,-0.0009930519154295325,-0.0025412216782569885,-0.32810765504837036,0.05056232213973999,-9.78856086730957
1008808829000,0.00022737693507224321,0.000525439390912652,0.0003315782523714006,-0.2948247194290161,-0.007914736866950989,-9.806380271911621
1008815744000,0.00029699670267291367,0.00031614353065378964,0.0005994981620460749,-0.29858294129371643,-0.005000188946723938,-9.808107376098633
1008822716000,0.00036196853034198284,0.00014146813191473484,0.000641300342977047,-0.2998841404914856,-0.0011966824531555176,-9.8079252243042
1008829661000,-0.0004912243457511067,-0.0007628119783475995,-0.0025037366431206465,-0.3287253975868225,0.05343581736087799,-9.789728164672852
1008836624000,-0.0006697972421534359,-2.003507688641548e-05,0.0001655593077884987,-0.2733539342880249,-0.04008358716964722,-9.8141508102417
1008850467000,0.00045323374797590077,0.00024378146918024868,0.0006302954279817641,-0.2997908592224121,-0.002172529697418213,-9.807999610900879
1008857400000,0.00035878780181519687,9.080246672965586e-05,0.0006540140020661056,-0.2998155951499939,5.543231964111328e-06,-9.808514595031738
1008864429000,0.00014597810513805598,-5.368201527744532e-07,0.0004579183005262166,-0.3009546995162964,0.004355013370513916,-9.808401107788086
1008871302000,-0.0005911887274123728,-0.0009760543471202254,-0.002542841946706176,-0.3280155658721924,0.05030897259712219,-9.788668632507324
1008885186000,0.0003086875076405704,0.0004209202597849071,0.000489062862470746,-0.29331013560295105,-0.015460088849067688,-9.805508613586426
1008892219000,0.00041754060657694936,0.0003118364547844976,0.0006256056949496269,-0.2988426089286804,-0.0029605627059936523,-9.808391571044922
1008899107000,0.0003691987949423492,0.00014004021068103611,0.0006536404835060239,-0.2998546063899994,-0.00032676756381988525,-9.808101654052734
1008906039000,0.00013618491357192397,5.489171599037945e-05,0.0004590388562064618,-0.3008331060409546,0.004447951912879944,-9.808418273925781
1008919903000,-0.0011154664680361748,-0.0024103927426040173,0.0034943041391670704,-0.29063764214515686,-0.09474916756153107,-9.784139633178711
1008926981000,0.0009523315820842981,0.0011135501554235816,-0.0020170416682958603,-0.29263436794281006,0.07724092900753021,-9.799819946289062
1008933798000,-0.0007029796834103763,0.0012255588080734015,0.00030647069797851145,-0.27932488918304443,-0.026179447770118713,-9.820394515991211
1008940735000,0.00030584121122956276,0.0014084589201956987,0.0005480902618728578,-0.2968420386314392,-0.009783804416656494,-9.812581062316895
1008954667000,0.00034777814289554954,0.0005352162406779826,0.0006448415806517005,-0.3019917905330658,-0.00026772916316986084,-9.811999320983887
1008961612000,0.0003397039545234293,0.00010123141692019999,0.0006448194035328925,-0.30191609263420105,-0.0001135021448135376,-9.811442375183105
1008968548000,-0.0005086127785034478,-0.0009787739254534245,-0.0025071215350180864,-0.3300461173057556,0.053514495491981506,-9.792237281799316
1008975507000,-0.0006732404581271112,-0.0003860790457110852,0.00015791101031936705,-0.2745150625705719,-0.04009683430194855,-9.81619644165039
1008982413000,0.0003759639512281865,9.616481838747859e-05,0.0005331511492840946,-0.29446250200271606,-0.012072399258613586,-9.806963920593262
1008996351000,0.00020395871251821518,-0.00012216535105835646,0.0004499247297644615,-0.3009927570819855,0.004172146320343018,-9.807866096496582
1009003245000,-0.0005160337314009666,-0.0010467814281582832,-0.0025530485436320305,-0.32799988985061646,0.05024333298206329,-9.787538528442383
1009010235000,-0.0008633618708699942,4.5393710024654865e-05,-3.7534889997914433e-05,-0.2725493311882019,-0.036505334079265594,-9.811466217041016
1009017133000,0.00031753128860145807,0.000517306150868535,0.0005801566876471043,-0.2931022047996521,-0.016924887895584106,-9.804853439331055
1009024068000,0.0006609163247048855,0.00031497664167545736,0.0008336616447195411,-0.2984428405761719,-0.006272062659263611,-9.808296203613281
1009037994000,0.00015839713159948587,7.862425991334021e-05,0.0004638174141291529,-0.30184856057167053,0.00538240373134613,-9.808618545532227
1009044990000,-0.0005575179820880294,-0.000955900177359581,-0.0025519137270748615,-0.3286582827568054,0.050423651933670044,-9.788874626159668
1009051862000,-0.0008857912616804242,-4.479731433093548e-05,-4.036971222376451e-05,-0.2735651433467865,-0.03654941916465759,-9.813352584838867
1009058832000,0.000542433699592948,0.00030931056244298816,0.0006787622696720064,-0.29262882471084595,-0.020047582685947418,-9.805253982543945
1009065796000,0.00033231754787266254,0.0003778473474085331,0.00046880796435289085,-0.30042269825935364,0.004728987812995911,-9.809809684753418
1009079663000,0.0003753917117137462,-9.485313785262406e-05,0.0006384847802110016,-0.29979026317596436,-0.0008091330528259277,-9.80809211730957
1009086579000,-0.000254071899689734,-0.001069455174729228,-0.0023149834014475346,-0.327822744846344,0.0489262193441391,-9.78878402709961
1009093583000,-0.0007449215627275407,1.1880532838404179e-05,8.414025614911225e-06,-0.2738279402256012,-0.03246127814054489,-9.81421947479248
1009100461000,0.000505190750118345,0.0002798519271891564,0.0006968600209802389,-0.2931961417198181,-0.01854899525642395,-9.805319786071777
1009114391000,0.000315966026391834,5.03135088365525e-05,0.0006132562994025648,-0.2999785542488098,-0.002549588680267334,-9.807157516479492
1009121339000,-0.0004732852685265243,-0.0008210388477891684,-0.0025138536002486944,-0.32838279008865356,0.05278456211090088,-9.789597511291504
1009128278000,-0.0006603602669201791,-1.9077560864388943e-05,0.00016277657414320856,-0.2729123830795288,-0.04014665633440018,-9.813953399658203
1009135210000,0.0003433035162743181,0.0004566952120512724,0.000541645975317806,-0.29414430260658264,-0.011867329478263855,-9.8074312210083
1009149101000,0.000353339099092409,0.00010427075903862715,0.0006583808572031558,-0.29974400997161865,-4.06801700592041e-06,-9.80858039855957
1009156011000,0.00013187470904085785,9.947936632670462e-06,0.000459410686744377,-0.3009718656539917,0.004452720284461975,-9.808394432067871
1009163016000,-0.0007732336525805295,-0.0008914199424907565,-0.0027424991130828857,-0.32897359132766724,0.054653555154800415,-9.788969993591309
1009169904000,-0.000802715600002557,-0.00014000863302499056,0.00011718393943738192,-0.2718279957771301,-0.04412585496902466,-9.811439514160156
1009176914000,0.0003473020624369383,0.000519519904628396,0.0005285990773700178,-0.2928428053855896,-0.013216733932495117,-9.806408882141113
1009190734000,0.00034982009674422443,0.00016637770750094205,0.0006544024217873812,-0.3000949025154114,-0.00016748905181884766,-9.808056831359863
1009197721000,0.0001663104339968413,6.0565987951122224e-05,0.00045373343164101243,-0.30097660422325134,0.004262670874595642,-9.80842399597168
1009204645000,-0.0005552687216550112,-0.0009443914168514311,-0.0025512666907161474,-0.32811442017555237,0.050196245312690735,-9.788708686828613
1009211666000,-0.0011001245584338903,-0.002419625176116824,0.003488375572487712,-0.29068422317504883,-0.09476670622825623,-9.78430461883545
1009225509000,-0.0007048313855193555,0.0012198358308523893,0.0003066685749217868,-0.2792568504810333,-0.026177212595939636,-9.820549964904785
1009232459000,0.0002993468660861254,0.0013974299654364586,0.0005503499414771795,-0.2968410849571228,-0.009790465235710144,-9.812582015991211
1009239367000,0.00035737681901082397,0.0009826691821217537,0.0006306135328486562,-0.3013072609901428,-0.001773238182067871,-9.81208610534668
1009246354000,0.00033195666037499905,0.0005234050913713872,0.000645019521471113,-0.30198150873184204,-0.00024329125881195068,-9.811931610107422
1009253261000,0.0003442104207351804,5.200307350605726e-05,0.0007332414970733225,-0.30190151929855347,-0.0017154067754745483,-9.810966491699219
1009267165000,-0.00066268106456846,-0.00037647871067747474,0.000160737763508223,-0.27457451820373535,-0.03973415493965149,-9.816222190856934
1009274095000,0.00038845426752232015,9.247407433576882e-05,0.0005322851939126849,-0.2945728302001953,-0.01202547550201416,-9.806859970092773
1009281077000,0.00042635120917111635,-5.5020180298015475e-05,0.0006315341452136636,-0.29961785674095154,-0.001961261034011841,-9.808231353759766
1009287977000,0.00020594411762431264,-0.00011942279525101185,0.0004498025809880346,-0.3009912371635437,0.0041655004024505615,-9.80789566040039
1009302301000,-0.0008823294192552567,4.741281736642122e-05,-3.6680074117612094e-05,-0.27386674284935,-0.03459449112415314,-9.811206817626953
1009309284000,0.00045261348714120686,0.0004829644749406725,0.0007131823222152889,-0.2921626567840576,-0.020013801753520966,-9.804458618164062
1009316164000,0.00031693949131295085,0.0005022964905947447,0.0005677276640199125,-0.30055397748947144,0.0032043755054473877,-9.809588432312012
1009323124000,0.00032016768818721175,0.00020975840743631124,0.0006336821243166924,-0.3001539707183838,-0.0013141781091690063,-9.808109283447266
1009336961000,-0.0004455000744201243,-0.0008977443212643266,-0.0024895002134144306,-0.32852083444595337,0.05457553267478943,-9.790356636047363
1009343952000,-0.0006901243468746543,-0.00013377523282542825,0.0001706806942820549,-0.2733999490737915,-0.03956206887960434,-9.81330394744873
1009350848000,0.00043776765232905746,0.00037829476059414446,0.000527824682649225,-0.29424142837524414,-0.012225329875946045,-9.806294441223145
1009357777000,0.0003871288208756596,0.0002708203683141619,0.0006395598757080734,-0.2991816997528076,-0.0016559958457946777,-9.809005737304688
1009364822000,0.00021165852376725525,0.00014301745977718383,0.00044889547280035913,-0.3013201653957367,0.004054129123687744,-9.808184623718262
1009378700000,-0.00047403969801962376,-0.0009786986047402024,-0.0025188736617565155,-0.3284881114959717,0.05239953100681305,-9.788976669311523
1009385579000,-0.0006722732214257121,-9.144918294623494e-05,0.00016363801842089742,-0.27245718240737915,-0.040185585618019104,-9.812588691711426
1009392638000,0.0004325142072048038,0.0004152478068135679,0.0005270479014143348,-0.2941357493400574,-0.012194991111755371,-9.80583667755127
1009399471000,0.0004062905500177294,0.00030653117573820055,0.0006370640476234257,-0.29912495613098145,-0.0017669498920440674,-9.80871868133545
1009413394000,-0.0005894537316635251,-0.0007930686115287244,-0.0025455805007368326,-0.32840973138809204,0.05030709505081177,-9.788878440856934
1009420297000,-0.0008368060225620866,0.00010179477976635098,-4.602866101777181e-05,-0.27362877130508423,-0.03681217133998871,-9.814488410949707
1009427298000,0.00046283844858407974,0.0003493319672998041,0.0006920903106220067,-0.29301711916923523,-0.019625455141067505,-9.80651569366455
1009434204000,0.000296268321108073,0.0003905865305569023,0.00047373605775646865,-0.3005484640598297,0.004617735743522644,-9.809542655944824
1009448152000,0.0003382862778380513,-8.122104918584228e-05,0.0006435249815694988,-0.2996857762336731,-0.000838160514831543,-9.808099746704102
1009455014000,-0.00027844973374158144,-0.0010594486957415938,-0.0023120425175875425,-0.32778698205947876,0.048888951539993286,-9.788694381713867
1009462000000,-0.0007418312598019838,-2.0478444639593363e-05,7.05806723999558e-06,-0.27403372526168823,-0.032547011971473694,-9.813904762268066
1009468902000,0.00033972939127124846,0.00031775617389939725,0.0005874746129848063,-0.29387444257736206,-0.015766382217407227,-9.8053560256958
1009475946000,0.0006281721289269626,0.00019426050130277872,0.0008429560111835599,-0.29768747091293335,-0.005987286567687988,-9.80832576751709
1009489730000,0.00018434120283927768,-1.3515251339413226e-05,0.0004595857753884047,-0.30156731605529785,0.005297496914863586,-9.807662963867188
1009496743000,-0.000548745971173048,-0.0009781261906027794,-0.0025501197669655085,-0.3279323875904083,0.05042622983455658,-9.788573265075684
1009503628000,-0.0008508041501045227,-7.64888827688992e-05,4.675673335441388e-05,-0.27319270372390747,-0.03813061863183975,-9.812233924865723
1009510639000,0.0005215579294599593,0.0004068127600476146,0.0007049012347124517,-0.2916394770145416,-0.0186852365732193,-9.805765151977539
1009524494000,0.0001691878424026072,0.0002541025751270354,0.00046993588330224156,-0.3009859323501587,0.0052296072244644165,-9.808831214904785
1009531491000,-0.0005939186085015535,-0.0007688665064051747,-0.002541657304391265,-0.3282918930053711,0.050631970167160034,-9.789109230041504
1009538393000,-0.0010894786100834608,-0.0023102997802197933,0.0034915755968540907,-0.2911505103111267,-0.09494943171739578,-9.7858247756958
1009545393000,0.0009620970813557506,0.0010693211806938052,-0.002018445637077093,-0.2934390604496002,0.07731705904006958,-9.800721168518066
1009552257000,-0.0007111804443411529,0.0011915263021364808,0.00030707105179317296,-0.27920839190483093,-0.02601402997970581,-9.820796012878418
1009566169000,0.0004051843425258994,0.0009290389716625214,0.0006277900538407266,-0.30102527141571045,-0.0018153488636016846,-9.812298774719238
1009573086000,0.0003382675931788981,0.0005014738999307156,0.0006486293277703226,-0.3017171025276184,-0.00010867416858673096,-9.812176704406738
1009580078000,0.00038475048495456576,4.831847036257386e-05,0.000638829602394253,-0.3020794987678528,-0.00026379525661468506,-9.810928344726562
1009586975000,0.00034609512658789754,-0.00028106660465709865,0.0006435982650145888,-0.3011740744113922,-1.9878149032592773e-05,-9.810430526733398
1009600892000,-0.0006705538835376501,-0.0003926365461666137,0.00016185040294658393,-0.27268368005752563,-0.04002877324819565,-9.812891006469727
1009607795000,0.00039557201671414077,0.00022032996639609337,0.0005342010408639908,-0.2936304807662964,-0.012124195694923401,-9.804954528808594
1009614803000,0.0003838919510599226,0.00013093007146380842,0.0006391439237631857,-0.2991463243961334,-0.00176982581615448,-9.808022499084473
1009621701000,0.00019391754176467657,4.371977411210537e-06,0.0005402402603067458,-0.3011065423488617,0.0025969594717025757,-9.807602882385254
1009635602000,-0.0006982239428907633,-2.5290646590292454e-06,0.00016301409050356597,-0.2722451090812683,-0.040459416806697845,-9.811945915222168
1009642564000,0.00040875159902498126,0.0005381437367759645,0.0005295806913636625,-0.2939774990081787,-0.01225714385509491,-9.80620002746582
1009649512000,0.00043495275895111263,0.00036555121187120676,0.0006322046974673867,-0.29964280128479004,-0.001947939395904541,-9.80875301361084
1009656434000,0.00018616046872921288,0.00024618313182145357,0.00045263118227012455,-0.3011794090270996,0.004294753074645996,-9.808996200561523
1009663449000,0.0002796047192532569,-5.823516403324902e-05,0.0006053860997781157,-0.29981231689453125,-0.003295302391052246,-9.807695388793945
1009677323000,-0.0006777530070394278,-0.00015129451639950275,0.00016615595086477697,-0.27277329564094543,-0.04006616026163101,-9.812918663024902
1009684197000,0.00034438964212313294,0.0004617658560164273,0.0005403528339229524,-0.29344356060028076,-0.011898204684257507,-9.80691909790039
1009691143000,0.0004606410802807659,0.00025654450291767716,0.000629805086646229,-0.2998419404029846,-0.0022479593753814697,-9.807926177978516
1009698125000,0.00015845271991565824,0.00019479294132906944,0.0004585325950756669,-0.30069616436958313,0.0044657886028289795,-9.809016227722168
1009712023000,-0.0006527758669108152,-6.58910721540451e-07,0.00015100641758181155,-0.2727557420730591,-0.041102029383182526,-9.813814163208008
1009718932000,0.00016884575597941875,0.0005324496887624264,0.0003407791373319924,-0.2951740622520447,-0.0076475441455841064,-9.807883262634277
1009725893000,0.00034242175752297044,0.00025291892234236,0.0005899606621824205,-0.29912346601486206,-0.0052901506423950195,-9.80769157409668
1009732846000,0.0003780927509069443,8.979771519079804e-05,0.0006418410339392722,-0.2997129559516907,-0.001188620924949646,-9.808269500732422
1009746767000,-0.0005999240675009787,-0.0009713502367958426,-0.0025427662767469883,-0.3280695080757141,0.05030748248100281,-9.788652420043945
1009753648000,-0.0006862498121336102,-9.22835897654295e-05,0.00015427479229401797,-0.2723160684108734,-0.0410531684756279,-9.812302589416504
1009760694000,0.0003407045151107013,0.0004712984955403954,0.000538597465492785,-0.2935677170753479,-0.012085303664207458,-9.8065824508667
1009767589000,0.0004403639177326113,0.000282342080026865,0.0006306712166406214,-0.2996516525745392,-0.002194508910179138,-9.807821273803711
1009774467000,0.00018938029825221747,0.00021554625709541142,0.00045707603567279875,-0.3006449341773987,0.004211589694023132,-9.808785438537598
1009788370000,-0.00045512657379731536,-0.0009549054666422307,-0.002520910929888487,-0.3284159004688263,0.05241695046424866,-9.788973808288574
1009795400000,-0.0006793481297791004,-0.00010861287591978908,0.0001661866408539936,-0.2724819779396057,-0.040107354521751404,-9.812906265258789
1009802296000,0.00034892745316028595,0.00047058623749762774,0.0005417036591097713,-0.293448269367218,-0.011950910091400146,-9.80681324005127
1009809237000,0.0004541297967080027,0.0002716782037168741,0.0006293084006756544,-0.29966479539871216,-0.0021540075540542603,-9.80772876739502
1009823108000,-0.0005772545118816197,-0.0007941332296468318,-0.0025440326426178217,-0.328115314245224,0.05042807757854462,-9.789060592651367
1009830098000,-0.0010812112595885992,-0.0023024878464639187,0.0034910894464701414,-0.29094427824020386,-0.09492732584476471,-9.78561019897461
1009836988000,0.000949323526583612,0.0010846946388483047,-0.0020171706564724445,-0.2933926284313202,0.07740645110607147,-9.800629615783691
1009844022000,-0.0006992805865593255,0.0012030932120978832,0.0003066356002818793,-0.2792817950248718,-0.02622082829475403,-9.820710182189941
1009850913000,0.00028289679903537035,0.00137423537671566,0.0005525112501345575,-0.2968606650829315,-0.00969839096069336,-9.812697410583496
1009864792000,0.00039381891838274896,0.0004589355376083404,0.0006371702183969319,-0.302335262298584,-0.0004961788654327393,-9.811330795288086
1009871699000,0.0005457623046822846,-1.765298657119274e-05,0.0008417606586590409,-0.30068767070770264,-0.004468545317649841,-9.81118106842041
1009878696000,0.0004330445372033864,-0.000263566238572821,0.0006885635666549206,-0.30180174112319946,0.0030923783779144287,-9.81096076965332
1009885612000,-0.0006707439897581935,-0.0011868542060256004,-0.002696599345654249,-0.33066457509994507,0.05887380242347717,-9.791075706481934
1009892560000,-0.0008411770686507225,-0.0004923611995764077,0.00013104495883453637,-0.27265465259552,-0.042813025414943695,-9.811410903930664
1009906469000,0.00044135929783806205,0.00016224596765823662,0.0006300245295278728,-0.2991417646408081,-0.0020871758460998535,-9.808075904846191
1009913426000,0.0002305845555383712,2.936126838903874e-05,0.0005356842884793878,-0.301131010055542,0.0026430636644363403,-9.80774974822998
1009920328000,-0.0005547641194425523,-0.0008565994212403893,-0.0025264795403927565,-0.3276984691619873,0.05163015425205231,-9.789517402648926
1009927333000,-0.000681122241076082,3.1990348361432552e-06,0.0001603352284291759,-0.27267998456954956,-0.04066500812768936,-9.812065124511719
1009941151000,0.0004340937011875212,0.0003499943413771689,0.0006325344438664615,-0.299663782119751,-0.0019282996654510498,-9.808819770812988
1009948142000,0.00017334696894977242,0.00023473404871765524,0.0004543024115264416,-0.30115288496017456,0.0043413639068603516,-9.809085845947266
1009955070000,0.000265181006398052,-6.944651249796152e-05,0.0006067837821319699,-0.2998273968696594,-0.00328199565410614,-9.807682037353516
1009962081000,-0.00044598092790693045,-0.000981489778496325,-0.0025224885903298855,-0.3287276029586792,0.05236859619617462,-9.789259910583496
1009968931000,-0.0006630022544413805,-0.00013525557005777955,0.0001654626539675519,-0.27266472578048706,-0.04016467183828354,-9.812944412231445
1009982852000,0.00044411240378394723,0.00025087580434046686,0.0006283780676312745,-0.2999260127544403,-0.002215147018432617,-9.807811737060547
1009989753000,0.00015851411444600672,0.00018764057313092053,0.00045810945448465645,-0.3007073700428009,0.004355281591415405,-9.808932304382324
1009996777000,-0.0005194793338887393,-0.000868205213919282,-0.0025557910557836294,-0.3287067413330078,0.05017887055873871,-9.788419723510742
1010003718000,-0.0006675811018794775,-3.943103365600109e-06,0.0001548277650726959,-0.2723539173603058,-0.04091998189687729,-9.814041137695312
1010017547000,0.00038657200639136136,0.0003040173905901611,0.000640310172457248,-0.29936546087265015,-0.0018786638975143433,-9.808780670166016
1010024494000,0.00022631778847426176,0.00014963789726607502,0.0004477679613046348,-0.30141162872314453,0.003998562693595886,-9.808140754699707
1010031485000,0.0002511766506358981,-9.639572817832232e-05,0.0006125940126366913,-0.2993028163909912,-0.0030958205461502075,-9.807791709899902
1010038387000,-0.0004518757341429591,-0.0009835143573582172,-0.0025194657500833273,-0.3284747898578644,0.05237291753292084,-9.789041519165039
1010052278000,0.00042421967373229563,0.0004051681898999959,0.0005292429123073816,-0.2939714193344116,-0.012255921959877014,-9.805867195129395
1010059222000,0.00040282393456436694,0.0003016991540789604,0.0006386012537404895,-0.29898154735565186,-0.0017817020416259766,-9.808732032775879
1010066215000,0.00013530866999644786,0.00022607535356655717,0.00046285087591968477,-0.30071136355400085,0.004340052604675293,-9.80871868133545
1010073107000,-0.0005172878154553473,-0.0008379799546673894,-0.002553763100877404,-0.32866477966308594,0.050085097551345825,-9.788300514221191
1010087003000,0.0009637081529945135,0.001098170643672347,-0.0020210030488669872,-0.2932735085487366,0.07735732197761536,-9.800512313842773
1010094027000,-0.0006717249634675682,0.0012492977548390627,0.00030081160366535187,-0.27911046147346497,-0.026164039969444275,-9.82116985321045
1010100886000,0.00034413114190101624,0.0013444592477753758,0.0005456170765683055,-0.2974798083305359,-0.009887456893920898,-9.812186241149902
1010107816000,0.0003992958809249103,0.0009363680146634579,0.0006283319089561701,-0.30128979682922363,-0.001797899603843689,-9.812262535095215
1010114839000,0.0003149559488520026,0.0005040871910750866,0.0006502387695945799,-0.30181461572647095,-2.707540988922119e-05,-9.812333106994629
1010128770000,0.00034604515531100333,-0.0002869675518013537,0.000644884945359081,-0.30115026235580444,-0.00010301172733306885,-9.810600280761719
1010135623000,-0.0004433065187186003,-0.0012943567708134651,-0.0025164627004414797,-0.3296682834625244,0.05332985520362854,-9.790403366088867
1010142594000,-0.0006670790025964379,-0.00040092019480653107,0.00016187611618079245,-0.2726540267467499,-0.039971448481082916,-9.812978744506836
1010149566000,0.0003744300629477948,0.0002178184367949143,0.0005357905174605548,-0.2936626076698303,-0.012009814381599426,-9.804994583129883
1010163433000,0.00034986910759471357,-3.6927376640960574e-05,0.0006514039123430848,-0.3002608120441437,-0.0001869499683380127,-9.80758285522461
1010170345000,-0.0006552204140461981,-0.0008455472416244447,-0.0027051144279539585,-0.3298189043998718,0.05785436928272247,-9.789329528808594
1010177367000,-0.0008071248303167522,-7.344014011323452e-05,0.00012886729382444173,-0.2721395492553711,-0.043017491698265076,-9.811017036437988
1010184263000,0.0003656573826447129,0.00058354577049613,0.0005267621600069106,-0.29321542382240295,-0.013130918145179749,-9.80617904663086
1010198151000,0.00021695967006962746,0.0002480430412106216,0.00044933045865036547,-0.30139195919036865,0.004207715392112732,-9.808876991271973
1010205072000,0.0002653309202287346,-4.763141623698175e-05,0.0006052696844562888,-0.2998235821723938,-0.0030896365642547607,-9.8079195022583
1010212126000,-0.0005102634895592928,-0.0009160678600892425,-0.002511241938918829,-0.32840830087661743,0.05253282189369202,-9.7899751663208
1010218934000,-0.0006774277426302433,-0.00011618732241913676,0.00016267274622805417,-0.2731367349624634,-0.04022490978240967,-9.813051223754883
1010225866000,0.0004092084418516606,0.0003817414108198136,0.0005280369077809155,-0.29426509141921997,-0.012121915817260742,-9.806255340576172
1010239771000,0.00019782136951107532,0.00014509826723951846,0.00045067808241583407,-0.30133724212646484,0.0040839314460754395,-9.80815601348877
1010246767000,-0.0005766383255831897,-0.0008373502059839666,-0.002543813083320856,-0.32817646861076355,0.05041959881782532,-9.789203643798828
1010253682000,-0.0008533098152838647,-5.10981772094965e-05,4.5425993448589e-05,-0.2741662859916687,-0.038153424859046936,-9.812652587890625
1010260672000,0.0005262498743832111,0.00041146352305077016,0.0007051131688058376,-0.2919848561286926,-0.01875104010105133,-9.806501388549805
1010274492000,0.00018469899077899754,0.0002191802632296458,0.0004640887782443315,-0.3013771176338196,0.005276978015899658,-9.808937072753906
1010281535000,0.00024086542543955147,-7.076992187649012e-05,0.0006126975640654564,-0.29974043369293213,-0.003015294671058655,-9.807648658752441
1010288420000,-0.0004515674081631005,-0.0009767792653292418,-0.00252095190808177,-0.3286718726158142,0.05233687162399292,-9.789131164550781
1010295684000,-0.0006675408221781254,-0.00011373445158824325,0.0001656845270190388,-0.27255040407180786,-0.040147051215171814,-9.813323020935059
1010302290000,0.00040670784073881805,0.0003836444520857185,0.0005325544625520706,-0.2941664457321167,-0.012074783444404602,-9.806169509887695
1010316254000,0.00022365173208527267,0.0001404576760251075,0.0004475124878808856,-0.3012770414352417,0.004096001386642456,-9.807941436767578
1010323128000,0.00025140694924630225,-8.900470857042819e-05,0.0006124549545347691,-0.2991850674152374,-0.0031138360500335693,-9.807619094848633
1010330170000,-0.0004554232000373304,-0.0009683765238150954,-0.002520267851650715,-0.32842522859573364,0.052405521273612976,-9.788890838623047
1010337009000,-0.0006836713291704655,-9.532307740300894e-05,0.00016680917178746313,-0.27239513397216797,-0.040084682404994965,-9.812767028808594
1010344217000,0.0003551320405676961,0.00046886029304005206,0.0005403251852840185,-0.2936135232448578,-0.011978685855865479,-9.806551933288574
1010357828000,0.00022045041259843856,0.00018563680350780487,0.0004474806191865355,-0.3013140559196472,0.0039205402135849,-9.807847023010254
1010364829000,-0.0005702770431526005,-0.0007946670521050692,-0.0025462526828050613,-0.327991247177124,0.05050213634967804,-9.78929328918457
1010371758000,-0.0010976784396916628,-0.0023206151090562344,0.003494804259389639,-0.29109129309654236,-0.09489251673221588,-9.785467147827148
1010378712000,0.0009578302269801497,0.0010932809673249722,-0.0020173233933746815,-0.2933123707771301,0.07733014225959778,-9.800625801086426
1010385630000,-0.0007038800395093858,0.0011899787932634354,0.0003068795776925981,-0.27946609258651733,-0.02615226060152054,-9.82051944732666
1010399565000,0.00035806448431685567,0.0009597791358828545,0.000628846581093967,-0.3014947175979614,-0.0018232911825180054,-9.811978340148926
1010406451000,0.00030578539008274674,0.0005223822081461549,0.0006505334749817848,-0.30184313654899597,-0.00020594894886016846,-9.812189102172852
1010413442000,0.0003796229138970375,4.30713698733598e-05,0.0006358116515912116,-0.30236291885375977,-0.0003419816493988037,-9.810729026794434
1010420342000,0.0003618258924689144,-0.000279689091257751,0.0006434135138988495,-0.30117911100387573,-0.00018481910228729248,-9.810554504394531
1010434223000,-0.0006610550335608423,-0.0003953746345359832,0.00016197944933082908,-0.27266913652420044,-0.04004276543855667,-9.81309700012207
1010441177000,0.00038742716424167156,0.00020918076916132122,0.0005342380609363317,-0.2937575578689575,-0.012021765112876892,-9.805010795593262
1010448183000,0.0003664317773655057,0.00012895639520138502,0.0006410548812709749,-0.29914718866348267,-0.0017471164464950562,-9.808067321777344
1010455072000,0.0003505597123876214,-3.990749246440828e-05,0.000650911417324096,-0.3002241253852844,-0.00022584199905395508,-9.80757999420166
1010468947000,-0.0008047022274695337,-7.177033694460988e-05,0.00012815599620807916,-0.2721353769302368,-0.042985253036022186,-9.811027526855469
1010475882000,0.000366201507858932,0.0005822943057864904,0.0005266244406811893,-0.29323557019233704,-0.013130486011505127,-9.806151390075684
1010482866000,0.00043343042489141226,0.000391419162042439,0.0006308516603894532,-0.2998139560222626,-0.0022068023681640625,-9.80861759185791
1010489782000,0.00021388927416410297,0.00024714780738577247,0.0004489750717766583,-0.3014327883720398,0.0041641294956207275,-9.808778762817383
1010496819000,0.00028652045875787735,-4.750347579829395e-05,0.0006048299255780876,-0.2998143136501312,-0.0032257437705993652,-9.807889938354492
1010510771000,-0.0006878421409055591,-0.00011625053593888879,0.00016373790276702493,-0.2731122076511383,-0.04019411653280258,-9.813042640686035
1010517584000,0.0004274009552318603,0.0003831784997601062,0.0005269821849651635,-0.2942757308483124,-0.01225365698337555,-9.806193351745605
1010524492000,0.00039150231168605387,0.00027207392849959433,0.000640125188510865,-0.2991901934146881,-0.0017620325088500977,-9.808937072753906
1010531571000,0.00019492767751216888,0.00014611035294365138,0.00045027441228739917,-0.3013119697570801,0.004161328077316284,-9.808209419250488
1010545417000,-0.00046956463484093547,-0.0009762529516592622,-0.0025174168404191732,-0.3284831643104553,0.0523819625377655,-9.789005279541016
1010552348000,-0.0006743723060935736,-9.752967162057757e-05,0.00016561406664550304,-0.27250733971595764,-0.040154486894607544,-9.812593460083008
1010559270000,0.0004146415158174932,0.00041494297329336405,0.0005282138008624315,-0.29411447048187256,-0.012083649635314941,-9.805878639221191
1010566234000,0.00040303863352164626,0.0003027153725270182,0.0006367141613736749,-0.29915711283683777,-0.0018274039030075073,-9.808646202087402
1010573126000,0.0001502363884355873,0.00022185026318766177,0.00045784172834828496,-0.30084970593452454,0.004305005073547363,-9.808682441711426
1010587016000,-0.0008214443223550916,4.159851232543588e-05,4.042286309413612e-05,-0.27378612756729126,-0.03834410756826401,-9.813904762268066
1010594039000,0.0005172910168766975,0.0003736114886123687,0.0007068368140608072,-0.2926045060157776,-0.01863221824169159,-9.8067626953125
1010600918000,0.00048216490540653467,0.00031692927586846054,0.0006740230019204319,-0.2998507618904114,0.0007304996252059937,-9.809174537658691
1010607856000,0.00022118051128927618,0.00016000709729269147,0.0004578719672281295,-0.30157309770584106,0.00495302677154541,-9.808306694030762
1010614830000,0.0002475444634910673,-9.681441588327289e-05,0.000613008567597717,-0.2994251251220703,-0.0029495805501937866,-9.807701110839844
1010628836000,-0.0006831465288996696,-0.00012262130621820688,0.0001668149488978088,-0.27249258756637573,-0.0400591716170311,-9.812941551208496
1010635615000,0.0004109206493012607,0.0004002160858362913,0.0005302505451254547,-0.29396671056747437,-0.012132763862609863,-9.80597972869873
1010642572000,0.00040706200525164604,0.00029591910424642265,0.0006389081827364862,-0.2989843487739563,-0.0018693357706069946,-9.808648109436035
1010649571000,0.00011940067633986473,0.00022463859932031482,0.00046401997678913176,-0.3006865978240967,0.004442170262336731,-9.808714866638184
1010656485000,-0.0005319481715559959,-0.0008347075781784952,-0.0025551512371748686,-0.32865750789642334,0.050116658210754395,-9.788252830505371
1010670356000,0.0009672888554632664,0.001104132505133748,-0.002020352054387331,-0.29324430227279663,0.07731583714485168,-9.800518989562988
1010677349000,-0.0006718092481605709,0.0012537084985524416,0.0003009129432030022,-0.2791283130645752,-0.02613455057144165,-9.821135520935059
1010684310000,0.00033970619551837444,0.0013477358734235168,0.0005447773728519678,-0.2974989414215088,-0.009847179055213928,-9.812153816223145
1010691195000,0.0003985653747804463,0.0009425070020370185,0.000628044712357223,-0.3012644052505493,-0.0018288642168045044,-9.812273979187012
1010705076000,0.0003937442088499665,3.0619732569903135e-05,0.0006362433778122067,-0.30231350660324097,-0.0003114938735961914,-9.810827255249023
1010712081000,0.00034427078207954764,-0.0002837495703715831,0.0006451608496718109,-0.30112409591674805,-2.4974346160888672e-05,-9.810672760009766
1010718970000,-0.0004479471826925874,-0.001292809029109776,-0.0025173157919198275,-0.3296876847743988,0.053363218903541565,-9.790393829345703
1010725947000,-0.0006612444412894547,-0.00039668602403253317,0.00016211162437684834,-0.27263227105140686,-0.04005148261785507,-9.813028335571289
1010732886000,0.00039124483009800315,0.00021257966000121087,0.0005350627470761538,-0.2937167286872864,-0.012052923440933228,-9.804985046386719
1010746839000,0.00034902108018286526,-3.847744665108621e-05,0.0006521733594126999,-0.3002713918685913,-0.00026817619800567627,-9.807517051696777
1010753685000,-0.000651539012324065,-0.0008444727282039821,-0.0027044012676924467,-0.3298008143901825,0.057830095291137695,-9.789332389831543
1010760692000,-0.0008091166382655501,-7.433502469211817e-05,0.0001291703520109877,-0.2721594572067261,-0.04297712445259094,-9.810981750488281
1010767609000,0.0003613687586039305,0.0005844382685609162,0.0005259558092802763,-0.2932179868221283,-0.013099566102027893,-9.806131362915039
1010781506000,0.00021756355999968946,0.0002523348084650934,0.00044939020881429315,-0.30138641595840454,0.00419694185256958,-9.808879852294922
1010788407000,0.0002825240371748805,-4.744555917568505e-05,0.000604430038947612,-0.2998528480529785,-0.003169015049934387,-9.807873725891113
1010795546000,-0.0005275769508443773,-0.0009098755544982851,-0.002509744605049491,-0.32836276292800903,0.05269308388233185,-9.790081024169922
1010802304000,-0.0006812653155066073,-0.000114877475425601,0.000163708595209755,-0.27316194772720337,-0.04029511660337448,-9.812989234924316
1010809237000,0.0004225815646350384,0.0003796006494667381,0.0005272969719953835,-0.29429715871810913,-0.012193292379379272,-9.80620002746582
1010823132000,0.00019411754328757524,0.00014521594857797027,0.00045058425166644156,-0.30133041739463806,0.004187554121017456,-9.808201789855957
1010830150000,-0.0005773690645582974,-0.0008358006598427892,-0.0025441672187298536,-0.3281654417514801,0.05040879547595978,-9.789216041564941
1010837030000,-0.000853734789416194,-4.9250549636781216e-05,4.532154343905859e-05,-0.2741626501083374,-0.03815796226263046,-9.81267261505127
1010844041000,0.000534969789441675,0.00040383735904470086,0.0007033879519440234,-0.2920559346675873,-0.018776871263980865,-9.80640697479248
1010850915000,0.000525999697856605,0.00034335089731030166,0.0006706953281536698,-0.2999255657196045,0.0005792081356048584,-9.809231758117676
1010864845000,0.0002406574785709381,-6.916068377904594e-05,0.0006129890098236501,-0.29976680874824524,-0.0029862523078918457,-9.807635307312012
1010871748000,-0.00045156077248975635,-0.0009755276842042804,-0.0025208627339452505,-0.3286733329296112,0.05233769118785858,-9.789134979248047
1010878895000,-0.0006792763015255332,-0.00011886522406712174,0.0001661395508563146,-0.272585928440094,-0.04008519649505615,-9.813262939453125
1010885647000,0.00040293639176525176,0.0003892461827490479,0.0005306849488988519,-0.2941078543663025,-0.012081682682037354,-9.806143760681152
1010899555000,0.00022333781816996634,0.00014582199219148606,0.0004474306770134717,-0.3012846112251282,0.004092708230018616,-9.807955741882324
1010906466000,0.0002764774835668504,-9.543163469061255e-05,0.0006071975221857429,-0.29928451776504517,-0.0031751245260238647,-9.807500839233398
1010913444000,-0.00045127846533432603,-0.0009639641502872109,-0.002519227797165513,-0.328318327665329,0.05242227017879486,-9.789066314697266
1010920460000,-0.0006835979875177145,-9.717076318338513e-05,0.00016711441276129335,-0.27244141697883606,-0.04004819691181183,-9.812813758850098
1010927423000,0.0003512680996209383,0.0004642096464522183,0.000539565400686115,-0.29364222288131714,-0.01193895936012268,-9.806534767150879
1010941222000,0.00022031339176464826,0.00018438506231177598,0.00044724816689267755,-0.301300048828125,0.0038988441228866577,-9.807844161987305
1010948194000,-0.000565900991205126,-0.0007935328758321702,-0.002545365132391453,-0.3279661238193512,0.05045968294143677,-9.78930950164795
1010955080000,-0.0011115593370050192,-0.00232163374312222,0.0034953646827489138,-0.29110774397850037,-0.09478580951690674,-9.785454750061035
1010962102000,0.0009611831046640873,0.001098885084502399,-0.00201791781000793,-0.293296217918396,0.07708023488521576,-9.800592422485352
1010968985000,-0.0006998194730840623,0.0011800853535532951,0.00030794835765846074,-0.27955108880996704,-0.02618466317653656,-9.82040023803711
1010982929000,0.00036191800609230995,0.0009644298115745187,0.0006297556101344526,-0.3014798164367676,-0.0018509924411773682,-9.812010765075684
1010989815000,0.00031927175587043166,0.0005186324706301093,0.0006493296241387725,-0.30191558599472046,-0.0002263188362121582,-9.812117576599121
1010996850000,0.000379434903152287,4.3667241698130965e-05,0.0006361323758028448,-0.30232495069503784,-0.00028765201568603516,-9.810799598693848
1011003755000,0.0003448791103437543,-0.00027528550708666444,0.0006445719045586884,-0.301150381565094,-0.00010241568088531494,-9.810615539550781
1011010680000,-0.00043100828770548105,-0.0012898220447823405,-0.002518474357202649,-0.3297290802001953,0.05328008532524109,-9.790355682373047
1011024534000,0.0003870838845614344,0.00021812127670273185,0.0005337286274880171,-0.2936514616012573,-0.012102261185646057,-9.804969787597656
1011031569000,0.0003662983071990311,0.00013688378385268152,0.0006410606438294053,-0.29914915561676025,-0.0017569363117218018,-9.808098793029785
1011038445000,0.0003498667501844466,-3.347027814015746e-05,0.0006508859223686159,-0.3002330958843231,-0.00022260844707489014,-9.807597160339355
1011045364000,-0.0006510133971460164,-0.0008402408566325903,-0.0027045418974012136,-0.32979995012283325,0.05781117081642151,-9.789360046386719
1011059261000,0.0003613256849348545,0.0005794314201921225,0.0005259401514194906,-0.2932659387588501,-0.01308150589466095,-9.806167602539062
1011066254000,0.0004330541705712676,0.00039052494685165584,0.000630481110420078,-0.29979538917541504,-0.0022377818822860718,-9.808632850646973
1011073162000,0.00021697576448787004,0.0002481027040630579,0.00044875970343127847,-0.30142080783843994,0.004141718149185181,-9.808802604675293
1011080135000,0.0002860904496628791,-4.899382474832237e-05,0.0006048859213478863,-0.299826443195343,-0.003210023045539856,-9.807880401611328
1011087057000,-0.0005273871356621385,-0.0009123192867264152,-0.0025095418095588684,-0.32837408781051636,0.05271579325199127,-9.790059089660645
1011100964000,0.00042647047666832805,0.0003801981802098453,0.0005272341659292579,-0.29430079460144043,-0.012195929884910583,-9.806207656860352
1011107876000,0.00037823067395947874,0.00027570457314141095,0.0006418923730961978,-0.29913589358329773,-0.0017155706882476807,-9.809004783630371
1011114863000,0.0001971885358216241,0.00014605166506953537,0.0004505930410232395,-0.3013423979282379,0.0040962547063827515,-9.808152198791504
1011121792000,-0.0005809344002045691,-0.0008379478822462261,-0.0025446342770010233,-0.3281959891319275,0.05045337975025177,-9.7891845703125
1011128808000,-0.000839990156237036,-5.40735200047493e-05,4.438776522874832e-05,-0.27417436242103577,-0.038250863552093506,-9.812590599060059
1011142609000,0.0005387478740885854,0.00034007756039500237,0.0006674142205156386,-0.30004799365997314,0.000456884503364563,-9.809040069580078
1011149582000,0.00018823612481355667,0.00022460566833615303,0.0004648957692552358,-0.3013008236885071,0.005244031548500061,-9.809039115905762
1011156487000,0.00023998877441044897,-6.880334694869816e-05,0.0006128193344920874,-0.299772173166275,-0.0029785633087158203,-9.807634353637695
1011163499000,-0.0004560211091302335,-0.0009766025468707085,-0.002521699061617255,-0.3286909759044647,0.05237090587615967,-9.789113998413086
1011177351000,0.00042037060484290123,0.0003809080517385155,0.0005300691118463874,-0.294198215007782,-0.01212012767791748,-9.806129455566406
1011184334000,0.0003844439925160259,0.0002792805607896298,0.0006407674518413842,-0.29904890060424805,-0.0017215609550476074,-9.80878734588623
1011191272000,0.00022273861395660788,0.00014194745745044202,0.0004467986582312733,-0.30130642652511597,0.004030242562294006,-9.80788516998291
1011198221000,0.0002512808423489332,-8.763380174059421e-05,0.0006122482009232044,-0.2991834282875061,-0.003127187490463257,-9.807621002197266
1011212124000,-0.0006699662772007287,-8.524477016180754e-05,0.00016610034799668938,-0.27234092354774475,-0.04017166793346405,-9.81284236907959
1011218994000,0.00035091338213533163,0.0004626002919394523,0.0005398929351940751,-0.29371002316474915,-0.011881932616233826,-9.806562423706055
1011225934000,0.0003681146481540054,0.0003269580483902246,0.0006439491407945752,-0.2992168664932251,-0.0019178688526153564,-9.808432579040527
1011232922000,0.00022102746879681945,0.0001825971994549036,0.0004480314673855901,-0.3012775182723999,0.00397898256778717,-9.807900428771973
1011239820000,-0.000570136122405529,-0.0007969916332513094,-0.002546104369685054,-0.3279845118522644,0.05051185190677643,-9.78927993774414
1011253774000,0.0009575928561389446,0.0010915524326264858,-0.002017677528783679,-0.2933592200279236,0.07732053101062775,-9.800572395324707
1011260686000,-0.0007039901684038341,0.0011890844907611609,0.00030680091003887355,-0.2794598937034607,-0.026157870888710022,-9.820510864257812
1011267641000,0.0002787213306874037,0.0013890158152207732,0.000553018762730062,-0.2967551350593567,-0.009707555174827576,-9.812908172607422
1011274547000,0.0003623754600994289,0.0009617478353902698,0.0006295664934441447,-0.3014702796936035,-0.0018590688705444336,-9.811996459960938
1011288463000,0.0005879664677195251,-4.696089308708906e-05,0.0008314012084156275,-0.3014746308326721,-0.004856273531913757,-9.810240745544434
1011295480000,0.0004491911386139691,-0.0002713078574743122,0.0006844227900728583,-0.3016982078552246,0.003139778971672058,-9.811203956604004
1011302363000,-0.0006457781419157982,-0.0012045474722981453,-0.00270241335965693,-0.3307980000972748,0.058850184082984924,-9.790995597839355
1011309259000,-0.0008309766999445856,-0.0005150667275302112,0.00013108568964526057,-0.2727089524269104,-0.04282635450363159,-9.811362266540527
1011316331000,0.0004120299417991191,0.0002738608163781464,0.0005183566827327013,-0.2926224172115326,-0.013359740376472473,-9.804595947265625
1011330302000,0.0003973245620727539,-1.264386810362339e-06,0.0006474748370237648,-0.30012446641921997,-0.00018587708473205566,-9.807939529418945
1011337065000,-0.0006891391240060329,-0.0007822600309737027,-0.002698274329304695,-0.3295573890209198,0.05814552307128906,-9.790047645568848
1011344037000,-0.0008069495088420808,-6.455910624936223e-05,0.0001270286156795919,-0.27252236008644104,-0.04307330399751663,-9.811314582824707
1011350964000,0.00037868350045755506,0.0005656693247146904,0.0005245810025371611,-0.29338538646698,-0.013198792934417725,-9.806405067443848
1011364895000,0.00020784228399861604,0.00023719144519418478,0.00045026125735603273,-0.3013800382614136,0.004185870289802551,-9.808915138244629
1011371841000,0.00027537636924535036,-6.109799141995609e-05,0.0006063460605219007,-0.2998288571834564,-0.003190845251083374,-9.807870864868164
1011378816000,-0.00043598341289907694,-0.0009775514481589198,-0.0025121825747191906,-0.3287273347377777,0.0522053986787796,-9.789390563964844
1011385696000,-0.000679088057950139,-0.00013079075142741203,0.00016817916184663773,-0.27278751134872437,-0.03990080952644348,-9.813182830810547
1011392630000,0.0004211238119751215,0.0003887790080625564,0.0005291178240440786,-0.2941620945930481,-0.012128397822380066,-9.806135177612305
1011406534000,0.00024120663874782622,0.00012896257976535708,0.00044544311822392046,-0.30144697427749634,0.0040217190980911255,-9.807991981506348
1011413506000,-0.0005535219679586589,-0.0008399045909754932,-0.002546863630414009,-0.3280702233314514,0.05050240457057953,-9.789375305175781
1011420413000,-0.0006919669103808701,4.1765684727579355e-05,6.81638193782419e-05,-0.27256038784980774,-0.03937239944934845,-9.814287185668945
1011427349000,0.00010793883120641112,0.0005343346856534481,0.0003299799282103777,-0.29536205530166626,-0.008742570877075195,-9.807701110839844
1011434367000,0.0005198734579607844,0.0001592301414348185,0.0007817817968316376,-0.2983503043651581,-0.010059237480163574,-9.807027816772461
1011448227000,0.00013007887173444033,3.1525923986919224e-06,0.0004697025869973004,-0.30124688148498535,0.005319863557815552,-9.808547973632812
1011455152000,-0.0005919490358792245,-0.0009895857656374574,-0.0025434631388634443,-0.32828110456466675,0.05042010545730591,-9.788495063781738
1011462191000,-0.0008642259635962546,-8.126371540129185e-06,-4.198872920824215e-05,-0.27312588691711426,-0.036702729761600494,-9.812877655029297
1011469025000,0.0005149500211700797,0.0003184758825227618,0.000684178143274039,-0.2926293611526489,-0.019881471991539,-9.804945945739746
1011482966000,0.00032787193777039647,8.280081965494901e-05,0.0006120301550254226,-0.2999882102012634,-0.0025755316019058228,-9.807207107543945
1011489875000,0.0003796066448558122,-7.643600110895932e-05,0.0006370201008394361,-0.2997727692127228,-0.0008531063795089722,-9.807854652404785
1011496910000,-0.0002459638053551316,-0.0010469198459759355,-0.002315350342541933,-0.32768407464027405,0.048888951539993286,-9.788778305053711
1011503754000,-0.0007542595267295837,-1.8039310816675425e-05,8.719117431610357e-06,-0.27401798963546753,-0.03236903250217438,-9.814099311828613
1011510673000,0.00033228719257749617,0.0003734841011464596,0.0004985348787158728,-0.2937536835670471,-0.014277160167694092,-9.805927276611328
1011524630000,0.00044692179653793573,0.00012552770203910768,0.0006965158390812576,-0.3003184199333191,0.002990245819091797,-9.80875015258789
1011531622000,0.00011347058898536488,2.7822272386401892e-05,0.0004713734961114824,-0.3010929822921753,0.005511149764060974,-9.80842113494873
1011538485000,-0.0005912514170631766,-0.000964134291280061,-0.002543959068134427,-0.3281190097332001,0.050355345010757446,-9.788415908813477
1011545494000,-0.0010902544017881155,-0.002385767176747322,0.0034915797878056765,-0.2904292643070221,-0.09496866166591644,-9.784161567687988
1011559340000,-0.0007202002452686429,0.0012090408708900213,0.00030651793349534273,-0.27940094470977783,-0.026148922741413116,-9.820209503173828
1011566334000,0.00029847666155546904,0.001392720965668559,0.0005495792720466852,-0.29679936170578003,-0.009865224361419678,-9.812470436096191
1011573226000,0.0003732588957063854,0.0009790994226932526,0.0006295719067566097,-0.3012864589691162,-0.0018649697303771973,-9.811983108520508
1011580235000,0.00030646566301584244,0.0005379982758313417,0.0006478889845311642,-0.301826536655426,-7.094442844390869e-05,-9.812094688415527
1011587169000,0.0005099347908981144,2.125767059624195e-05,0.0008428075816482306,-0.30099016427993774,-0.0046087950468063354,-9.810879707336426
1011601034000,-0.0007075691828504205,-0.0004747243947349489,0.00017306719382759184,-0.2751798927783966,-0.038901351392269135,-9.815694808959961
1011607931000,0.0004200685361865908,9.576437878422439e-05,0.0005277798045426607,-0.294061541557312,-0.012187525629997253,-9.806689262390137
1011615099000,0.0004485861863940954,-4.624939174391329e-05,0.0006293711485341191,-0.2995365262031555,-0.0019347518682479858,-9.808317184448242
1011621851000,0.00022678457025904208,-0.00011792434088420123,0.0004504378593992442,-0.3010074496269226,0.004125833511352539,-9.807931900024414
1011628941000,-0.0005818198551423848,-0.00100144708994776,-0.0025429336819797754,-0.3276425898075104,0.05059701204299927,-9.788286209106445
1011642716000,0.00045661619515158236,0.0004594817874021828,0.0006920631276443601,-0.29240113496780396,-0.019620515406131744,-9.804999351501465
1011649666000,0.00033207799424417317,0.00046731351176276803,0.0004683744627982378,-0.30093473196029663,0.004461422562599182,-9.809326171875
1011656572000,0.0002604033797979355,0.00016985855472739786,0.0006226719124242663,-0.2999226152896881,-0.0023653805255889893,-9.80808162689209
1011663641000,0.00036207359516993165,-3.7578720366582274e-05,0.0006379730184562504,-0.3002859055995941,-0.0009842216968536377,-9.807967185974121
1011677405000,-0.0007473484729416668,-4.1227322071790695e-05,6.037588718754705e-06,-0.27434995770454407,-0.03238251805305481,-9.814183235168457
1011684389000,0.00033091704244725406,0.00035751142422668636,0.0004979171208105981,-0.29388847947120667,-0.014266356825828552,-9.806000709533691
1011691298000,0.000429740670369938,0.0002088484907289967,0.0007141203968785703,-0.2990621328353882,-0.0042524635791778564,-9.808206558227539
1011698278000,0.00037305732257664204,0.00011483178241178393,0.0006729618180543184,-0.29958629608154297,0.0008946359157562256,-9.808743476867676
1011705252000,0.0001262413279619068,1.1675336281768978e-05,0.00046326935989782214,-0.30120348930358887,0.004766061902046204,-9.808226585388184
1011719083000,-0.0008817687630653381,5.152949597686529e-06,-4.206480662105605e-05,-0.2731313109397888,-0.0366213321685791,-9.812690734863281
1011725995000,0.0005157873965799809,0.00034726870944723487,0.0006831013015471399,-0.2925530970096588,-0.019971221685409546,-9.804952621459961
1011733021000,0.00032846725662238896,0.00041337034781463444,0.00046931597171351314,-0.3003575801849365,0.004658296704292297,-9.80949878692627
1011739896000,0.00026703087496571243,0.000141191718284972,0.0006235213368199766,-0.29960787296295166,-0.002423495054244995,-9.807862281799316
1011753789000,-0.0006632419535890222,-1.7886515706777573e-05,0.00016337544366251677,-0.2732032239437103,-0.040214940905570984,-9.814345359802246
1011760721000,0.00035295315319672227,0.0004368504451122135,0.000539454456884414,-0.2942811846733093,-0.011891305446624756,-9.807655334472656
1011767736000,0.0004450686101336032,0.0002428842562949285,0.0006318105151876807,-0.29970914125442505,-0.0021553337574005127,-9.808086395263672
1011774626000,0.0003405492752790451,9.502729517407715e-05,0.0006598947220481932,-0.2997421622276306,-7.644295692443848e-06,-9.808588981628418
1011788507000,-0.0007570974412374198,-0.0009474444668740034,-0.0026547983288764954,-0.32904136180877686,0.05310334265232086,-9.788485527038574
1011795553000,-0.0009557389421388507,-2.2524618543684483e-05,-6.307296280283481e-05,-0.27229106426239014,-0.038650624454021454,-9.812117576599121
1011802402000,0.0003696617786772549,0.0004124189435970038,0.000565120717510581,-0.29304075241088867,-0.017912447452545166,-9.804691314697266
1011809331000,0.0006864883471280336,0.00026533182244747877,0.0008336208993569016,-0.2977572977542877,-0.006357982754707336,-9.808367729187012
1011816345000,0.0005014669150114059,0.00017627322813495994,0.0006932487594895065,-0.30054178833961487,0.003308340907096863,-9.808845520019531
1011830246000,-0.0005248553352430463,-0.0009549309033900499,-0.002552651334553957,-0.3282203674316406,0.050445228815078735,-9.788737297058105
1011837142000,-0.0008503927383571863,-8.71579977683723e-05,4.741003067465499e-05,-0.27333876490592957,-0.038045890629291534,-9.813051223754883
1011844087000,0.0005044095451012254,0.00037777883699163795,0.000705678656231612,-0.2917289137840271,-0.018586628139019012,-9.806123733520508
1011851037000,0.0005129994824528694,0.00032975594513118267,0.0006708420696668327,-0.2996142506599426,0.0005138963460922241,-9.808976173400879
1011864949000,-0.0006129642715677619,-0.0007899138145148754,-0.0025409599766135216,-0.3282703459262848,0.05062216520309448,-9.789010047912598
1011871890000,-0.0010677252430468798,-0.0023032575845718384,0.0034876414574682713,-0.29099711775779724,-0.09510284662246704,-9.785597801208496
1011878851000,0.0009313091868534684,0.0010811112588271499,-0.0020147128961980343,-0.2933613359928131,0.07748891413211823,-9.80078411102295
1011885764000,-0.0006994009600020945,0.0011839016806334257,0.0003060823364648968,-0.27934640645980835,-0.026182271540164948,-9.820536613464355
1011899654000,0.000405533064622432,0.0009240321815013885,0.0006269582081586123,-0.3010883927345276,-0.0019019842147827148,-9.812134742736816
1011906613000,0.00032951805042102933,0.0005055830115452409,0.0006506001227535307,-0.30162298679351807,-0.00010192394256591797,-9.81224250793457
1011913597000,0.000388093147194013,3.5802804632112384e-05,0.0006366076413542032,-0.30220431089401245,-0.00026573240756988525,-9.810697555541992
1011920462000,-0.00046749121975153685,-0.0010101072257384658,-0.002510589314624667,-0.3297768235206604,0.05348137021064758,-9.792213439941406
1011934378000,0.00037965935189276934,0.00012048255302943289,0.0005340648349374533,-0.2943393588066101,-0.012102782726287842,-9.806818008422852
1011941339000,0.00044073376921005547,-4.208291647955775e-05,0.0006319222156889737,-0.2996787428855896,-0.0020690858364105225,-9.80811595916748
1011948273000,0.00024017352552618831,-0.00012572867854032665,0.0004466473765205592,-0.3010948896408081,0.004109710454940796,-9.80776309967041
1011955203000,0.0002202571340603754,-0.0002574585669208318,0.0006180710042826831,-0.29870694875717163,-0.0029473304748535156,-9.806797981262207
1011962225000,-0.00045984971802681684,-0.0010383573826402426,-0.0025207712315022945,-0.3280597925186157,0.05234682559967041,-9.786968231201172
1011976010000,0.00036846165312454104,0.0005713280406780541,0.0005380827933549881,-0.29366862773895264,-0.01195409893989563,-9.805724143981934
1011983002000,0.0004147225117776543,0.0004000542394351214,0.0006344253197312355,-0.29963400959968567,-0.0019610822200775146,-9.80843734741211
1011989899000,0.00019488463294692338,0.0002778366324491799,0.0004524488467723131,-0.3011835217475891,0.004167675971984863,-9.808781623840332
1011996916000,-0.0005379662616178393,-0.0007729030912742019,-0.0025519735645502806,-0.32864469289779663,0.05034175515174866,-9.789192199707031
1012003826000,-0.0008653611876070499,7.323361933231354e-05,-4.0334918594453484e-05,-0.2738910913467407,-0.03655408322811127,-9.81490707397461
1012017719000,0.0003203257219865918,0.0003828472690656781,0.00047158641973510385,-0.30065709352493286,0.004543498158454895,-9.80976676940918
1012024648000,0.00030932537629269063,5.00706082675606e-05,0.0006141204503364861,-0.3001425862312317,-0.002518564462661743,-9.80755615234375
1012031619000,0.00034385823528282344,-0.00010518007911741734,0.0006420216523110867,-0.29979148507118225,-0.0008020401000976562,-9.808175086975098
1012038526000,-0.000262850197032094,-0.0010824501514434814,-0.0023121258709579706,-0.3278060555458069,0.04880988597869873,-9.78878402709961
1012045605000,-0.0007385881617665291,-1.5351222828030586e-05,8.23913978820201e-06,-0.2739165425300598,-0.03249497711658478,-9.814004898071289
1012059480000,0.0006132519920356572,0.00018775774515233934,0.0008449121378362179,-0.2977144718170166,-0.006017059087753296,-9.808368682861328
1012066510000,0.00040574881131760776,0.0001262268633581698,0.0007062191725708544,-0.30043286085128784,0.003407880663871765,-9.808746337890625
1012073417000,0.00017367785039823502,-1.7215003026649356e-05,0.0004610413743648678,-0.30158108472824097,0.005254462361335754,-9.807679176330566
1012080393000,-0.000560759857762605,-0.000981826102361083,-0.002546516014263034,-0.32793039083480835,0.050335630774497986,-9.78857707977295
1012094216000,0.0005436514620669186,0.0003410769859328866,0.0006812576903030276,-0.29243236780166626,-0.020003534853458405,-9.804869651794434
1012101242000,0.00034632752067409456,0.0004175474459771067,0.00047031405847519636,-0.30016931891441345,0.004674121737480164,-9.809556007385254
1012107995000,0.0002667892840690911,0.00014941526751499623,0.0006240828661248088,-0.2994908392429352,-0.002309843897819519,-9.807889938354492
1012114999000,-0.00046190491411834955,-0.0007768056821078062,-0.0025167749263346195,-0.32870379090309143,0.052660733461380005,-9.789351463317871
1012121943000,-0.0008886205032467842,-0.002401523757725954,0.0036984302569180727,-0.2904038727283478,-0.0984174981713295,-9.785748481750488
1012135790000,-0.0007622117991559207,0.0012896191328763962,0.00015942550089675933,-0.28094497323036194,-0.017663292586803436,-9.821962356567383
1012142715000,0.00023315043654292822,0.0012868974590674043,0.0005168012576177716,-0.2971228361129761,-0.011720478534698486,-9.811660766601562
1012149745000,0.0003888929495587945,0.0009041172452270985,0.0006203798111528158,-0.3009392023086548,-0.0027070194482803345,-9.812080383300781
1012156633000,0.00039773440221324563,0.0004350384115241468,0.0006366519955918193,-0.30203935503959656,-0.0004664808511734009,-9.81157398223877
1012163712000,0.0003317701048217714,6.200841744430363e-05,0.0006492786342278123,-0.30141156911849976,1.1071562767028809e-05,-9.811588287353516
1012177707000,-0.0006577258463948965,-0.0011844653636217117,-0.0027074161916971207,-0.330476850271225,0.05765619874000549,-9.790657997131348
1012184586000,-0.0008155072573572397,-0.00047619815450161695,0.0001296009577345103,-0.272548645734787,-0.043039001524448395,-9.811147689819336
1012191487000,0.00042032633791677654,0.0002899570972658694,0.0005185207119211555,-0.2926965355873108,-0.013345897197723389,-9.804506301879883
1012198477000,0.00045064662117511034,0.00017023627879098058,0.0006273885373957455,-0.29933956265449524,-0.0020718425512313843,-9.808024406433105
1012212402000,-0.000509116449393332,-0.0009126691147685051,-0.002556493505835533,-0.3284270465373993,0.05031605064868927,-9.788540840148926
1012219304000,-0.0006739779491908848,2.680631587281823e-05,0.0001567000144859776,-0.27203452587127686,-0.040868423879146576,-9.81287956237793
1012226130000,0.00037366210017353296,0.0005278184544295073,0.0005350170540623367,-0.2941625714302063,-0.012108191847801208,-9.80681037902832
1012233142000,0.00041465568938292563,0.0003476615238469094,0.0006353353383019567,-0.299709677696228,-0.0019918829202651978,-9.80876350402832
1012247053000,0.00024523428874090314,-6.98129297234118e-05,0.000610925315413624,-0.2997151017189026,-0.0032111406326293945,-9.807794570922852
1012253909000,-0.00045211060205474496,-0.0009832793148234487,-0.002520866459235549,-0.3287680745124817,0.052331507205963135,-9.789162635803223
1012260843000,-0.0006704986444674432,-0.00011111749336123466,0.00016608514124527574,-0.27253761887550354,-0.04014015942811966,-9.813111305236816
1012267836000,0.00040603181696496904,0.00039681955240666866,0.0005304805818013847,-0.29414987564086914,-0.01204952597618103,-9.806109428405762
1012274741000,0.0003935342247132212,0.00027660446357913315,0.0006387366447597742,-0.29922550916671753,-0.0018175393342971802,-9.80872917175293
1012288643000,-0.0005589204956777394,-0.000830071687232703,-0.002545357681810856,-0.3280242085456848,0.05041119456291199,-9.789304733276367
1012295719000,-0.0008627942879684269,7.573782932013273e-05,-4.083064050064422e-05,-0.2735726833343506,-0.03657371550798416,-9.814112663269043
1012302556000,0.0002726057427935302,0.00041601937846280634,0.0005849519511684775,-0.2936689853668213,-0.016796469688415527,-9.806355476379395
1012309459000,0.000626248714979738,0.00023759223404340446,0.0008407221757806838,-0.29813051223754883,-0.006363168358802795,-9.808398246765137
1012316512000,0.000437141687143594,0.00013887567911297083,0.0007009858381934464,-0.3007248044013977,0.003322109580039978,-9.808934211730957
1012330410000,-0.0005909043247811496,-0.0009826715104281902,-0.002543645678088069,-0.3282899260520935,0.05043032765388489,-9.788615226745605
1012337260000,-0.0008310775156132877,-6.205745739862323e-05,4.299495412851684e-05,-0.2732677757740021,-0.03831513971090317,-9.812628746032715
1012344193000,0.0005514018703252077,0.00032439056667499244,0.0007012461428530514,-0.2923266291618347,-0.018746592104434967,-9.805295944213867
1012351255000,0.0005169414798729122,0.00031086275703273714,0.0006722327671013772,-0.2994968891143799,0.0006656497716903687,-9.809158325195312
1012365153000,0.00021555056446231902,-6.20183564024046e-05,0.000616955105215311,-0.29953527450561523,-0.0029594749212265015,-9.807380676269531
1012371961000,-0.00047769007505849004,-0.0009516357677057385,-0.0025184270925819874,-0.32847198843955994,0.05236867070198059,-9.78895092010498
1012378972000,-0.0006979361060075462,-0.00011183868627995253,0.00016645203868392855,-0.272646963596344,-0.03998895734548569,-9.812714576721191
1012385946000,0.0003610946878325194,0.0004655245575122535,0.0005419091903604567,-0.29349881410598755,-0.012126579880714417,-9.806585311889648
1012399805000,0.00020107599266339093,0.0001923049276228994,0.0004503790114540607,-0.30116036534309387,0.004086941480636597,-9.80805778503418
1012406708000,-0.000555923325009644,-0.0008065830334089696,-0.002548587042838335,-0.3281099796295166,0.05039340257644653,-9.789069175720215
1012413753000,-0.0010856527369469404,-0.0023063640110194683,0.003491691080853343,-0.2908935248851776,-0.09486813843250275,-9.785677909851074
1012420673000,0.0009509389055892825,0.0010904176160693169,-0.0020179003477096558,-0.29336535930633545,0.0773945152759552,-9.800657272338867
1012427535000,-0.0007168434094637632,0.0011839536018669605,0.00030729168793186545,-0.279463529586792,-0.02613602578639984,-9.820466041564941
1012441466000,0.0003539429744705558,0.0009618040639907122,0.0006322646513581276,-0.30128493905067444,-0.0017364472150802612,-9.812178611755371
1012448430000,0.000321771833114326,0.0005114212399348617,0.0006508776568807662,-0.3019225597381592,-0.0002714991569519043,-9.811980247497559
1012455334000,0.00036258914042264223,5.170708755031228e-05,0.0006412117509171367,-0.30217769742012024,-0.00023508071899414062,-9.81093692779541
1012462322000,0.00034764435258693993,-0.0002776088658720255,0.0006446003681048751,-0.30119818449020386,-0.00013065338134765625,-9.810453414916992
1012476158000,-0.0006632261211052537,-0.0003959118912462145,0.00016204734856728464,-0.2727552652359009,-0.04008215665817261,-9.812925338745117
1012483187000,0.0003891966480296105,0.00021150597603991628,0.0005342970252968371,-0.2937086224555969,-0.012043341994285583,-9.804975509643555
1012490057000,0.00038046209374442697,0.00012610101839527488,0.000639558129478246,-0.29916220903396606,-0.001792117953300476,-9.80799674987793
1012497082000,0.0003528243687469512,-3.692618338391185e-05,0.0006514657288789749,-0.30014097690582275,-0.0001913309097290039,-9.80765151977539
1012503953000,-0.0006482176249846816,-0.0008428025175817311,-0.0027043530717492104,-0.3297651708126068,0.05781903862953186,-9.789341926574707
1012517885000,0.00039009592728689313,0.0005666272481903434,0.0005239282618276775,-0.29334557056427,-0.013191178441047668,-9.806004524230957
1012524791000,0.0004284422320779413,0.00038611236959695816,0.0006311787874437869,-0.2996963560581207,-0.0020904093980789185,-9.8087158203125
1012531848000,0.00019700819393619895,0.00026162504218518734,0.000451980420621112,-0.3012492060661316,0.004188895225524902,-9.808968544006348
1012538732000,0.00028752320213243365,-4.8635556595399976e-05,0.0006045055924914777,-0.2999081611633301,-0.0032747983932495117,-9.807730674743652
1012545698000,-0.0005112664075568318,-0.0009163659415207803,-0.002511019119992852,-0.3283795118331909,0.052650511264801025,-9.789994239807129
1012559519000,0.0004154111084062606,0.0003788823960348964,0.0005288142128847539,-0.29430532455444336,-0.012152567505836487,-9.80627155303955
1012566500000,0.0003812360519077629,0.00027057985425926745,0.0006418186821974814,-0.2991413474082947,-0.0017695128917694092,-9.808928489685059
1012573435000,0.00019571362645365298,0.00014003104297444224,0.0004502287192735821,-0.30132392048835754,0.004126429557800293,-9.808114051818848
1012580440000,-0.0005630538216792047,-0.0008446169085800648,-0.0025458934251219034,-0.3281707167625427,0.05035772919654846,-9.789121627807617
1012587288000,-0.0008354814490303397,-4.1614403016865253e-05,4.548290235106833e-05,-0.27401793003082275,-0.03821177035570145,-9.812788963317871
1012601260000,0.0005173323443159461,0.0003449570795055479,0.0006718260701745749,-0.2999382019042969,0.0005479156970977783,-9.809158325195312
1012608157000,0.0001902076182886958,0.00021840764384251088,0.0004646219313144684,-0.30135512351989746,0.005186617374420166,-9.808879852294922
1012615173000,0.00023129461624193937,-6.683988613076508e-05,0.0006148983957245946,-0.2996719777584076,-0.002955615520477295,-9.80768871307373
1012622007000,-0.0004633836215361953,-0.0009725519921630621,-0.0025202552787959576,-0.3286546766757965,0.05237388610839844,-9.789101600646973
1012629000000,-0.0006670737056992948,-0.00013489427510648966,0.0001654819498071447,-0.2726689577102661,-0.040204621851444244,-9.812967300415039
1012642831000,0.00039895836380310357,0.0002859022933989763,0.0006392542854882777,-0.29905086755752563,-0.0017538517713546753,-9.808745384216309
1012649843000,0.00012784451246261597,0.0002091446367558092,0.000462597468867898,-0.30077433586120605,0.00437551736831665,-9.80868148803711
1012656742000,0.00029559212271124125,-0.00010704679880291224,0.0006014331011101604,-0.2998661696910858,-0.0034920424222946167,-9.806713104248047
1012664104000,-0.00043092784471809864,-0.0009762352565303445,-0.0025220203679054976,-0.3282788395881653,0.05236649513244629,-9.789050102233887
1012677577000,0.00035333691630512476,0.00048626415082253516,0.0005403900286182761,-0.2932875156402588,-0.011955738067626953,-9.806721687316895
1012684580000,0.00038188291364349425,0.00034037468140013516,0.0006423708982765675,-0.29926857352256775,-0.001948922872543335,-9.808416366577148
1012691472000,0.00015992566477507353,0.00023532369232270867,0.0004584926355164498,-0.3009239435195923,0.004211723804473877,-9.808496475219727
1012698478000,-0.0005938388057984412,-0.0007793570985086262,-0.0025424438063055277,-0.3282303214073181,0.050408199429512024,-9.789052963256836
1012712338000,0.0009524875786155462,0.001084278803318739,-0.0020163850858807564,-0.2934235632419586,0.07736316323280334,-9.800759315490723
1012719257000,-0.0007044645608402789,0.0011959988623857498,0.00030721607618033886,-0.27933749556541443,-0.02607693523168564,-9.820701599121094
1012726178000,0.00035999761894345284,0.0013138288632035255,0.0005402069655247033,-0.2973685562610626,-0.009966060519218445,-9.81203842163086
1012733183000,0.00038341397885233164,0.0009339183452539146,0.0006292058387771249,-0.3010547161102295,-0.001718476414680481,-9.812363624572754
1012747077000,0.00038096250500530005,4.831733531318605e-05,0.0006395531236194074,-0.3020724058151245,-0.00023409724235534668,-9.811016082763672
1012753968000,0.00035932223545387387,-0.00028600808582268655,0.000643427949398756,-0.30124762654304504,-0.00010229647159576416,-9.810392379760742
1012760893000,-0.0004643400898203254,-0.001273443573154509,-0.002513801446184516,-0.32949167490005493,0.05346091091632843,-9.790608406066895
1012767886000,-0.0006696857162751257,-0.0003975236031692475,0.0001616389345144853,-0.2727481424808502,-0.04003182798624039,-9.812884330749512
1012774788000,0.0003917123831342906,0.00021663295046892017,0.0005347270634956658,-0.2936684489250183,-0.012109607458114624,-9.804969787597656
1012788683000,0.00035229255445301533,-3.519785241223872e-05,0.0006515266140922904,-0.3001387417316437,-0.00019314885139465332,-9.807655334472656
1012795674000,-0.0006621095235459507,-0.0008355958852916956,-0.002702367724850774,-0.3297160863876343,0.05786511301994324,-9.789423942565918
1012802673000,-0.0008150674402713776,-7.62451090849936e-05,0.00012809572217520326,-0.27220964431762695,-0.0429530143737793,-9.810937881469727
1012809499000,0.0003924158518202603,0.0005749133415520191,0.0005239747697487473,-0.29325222969055176,-0.01329737901687622,-9.806014060974121
1012823419000,0.00019691948546096683,0.00026585691375657916,0.00045229605166241527,-0.30121302604675293,0.004228726029396057,-9.809053421020508
1012830420000,0.00027946673799306154,-4.929446731694043e-05,0.0006040526204742491,-0.29994481801986694,-0.003217831254005432,-9.807711601257324
1012837320000,-0.00050106190610677,-0.0009201178909279406,-0.002513525541871786,-0.32841336727142334,0.05257697403430939,-9.78994083404541
1012844230000,-0.0006532113766297698,-9.507808135822415e-05,0.0001608150778338313,-0.27293047308921814,-0.04031588137149811,-9.81335163116455
1012851243000,0.00040477674338035285,0.00037852113018743694,0.000530976161826402,-0.2943444550037384,-0.012039244174957275,-9.806418418884277
1012865169000,0.00017337093595415354,0.00015939374861773103,0.0004588208394125104,-0.3005610704421997,0.004435598850250244,-9.809104919433594
1012872025000,-0.0005280314944684505,-0.0008786979597061872,-0.0025527726393193007,-0.3286115527153015,0.05027662217617035,-9.788509368896484
1012881479000,-0.0006691355956718326,-1.3897079043090343e-05,0.00015626574167981744,-0.2724047005176544,-0.04093500226736069,-9.81375503540039
1012886396000,0.00015079323202371597,0.0005599207943305373,0.00034306038287468255,-0.29515784978866577,-0.007250949740409851,-9.80771541595459
1012893323000,0.0003519686870276928,0.00022771055228076875,0.0006159181357361376,-0.2994617223739624,-0.00583985447883606,-9.807412147521973
1012907209000,0.00034538772888481617,-7.09656160324812e-05,0.0006548928213305771,-0.2999929189682007,7.644295692443848e-05,-9.808229446411133
1012914146000,-0.0006644613458774984,-0.0008831567247398198,-0.0026974868960678577,-0.32958030700683594,0.057790279388427734,-9.78963851928711
1012914146000,-0.0006644613458774984,-0.0008831567247398198,-0.0026974868960678577,-0.32958030700683594,0.057790279388427734,-9.78963851928711
1012930115000,0.0003584724327083677,0.000453125307103619,0.0006009298376739025,-0.293847918510437,-0.012634649872779846,-9.80489444732666
1012930115000,0.0003584724327083677,0.000453125307103619,0.0006009298376739025,-0.293847918510437,-0.012634649872779846,-9.80489444732666
1012930115000,0.0003584724327083677,0.000453125307103619,0.0006009298376739025,-0.293847918510437,-0.012634649872779846,-9.80489444732666
1012930115000,0.0003584724327083677,0.000453125307103619,0.0006009298376739025,-0.293847918510437,-0.012634649872779846,-9.80489444732666
1012930115000,0.0003584724327083677,0.000453125307103619,0.0006009298376739025,-0.293847918510437,-0.012634649872779846,-9.80489444732666
1012930115000,0.0003584724327083677,0.000453125307103619,0.0006009298376739025,-0.293847918510437,-0.012634649872779846,-9.80489444732666
1012930115000,0.0003584724327083677,0.000453125307103619,0.0006009298376739025,-0.293847918510437,-0.012634649872779846,-9.80489444732666
1012930115000,0.0003584724327083677,0.000453125307103619,0.0006009298376739025,-0.293847918510437,-0.012634649872779846,-9.80489444732666
1013001194000,-0.00048098075785674155,-1.777213765308261e-05,0.0003104751813225448,-0.2778587341308594,-0.03216421604156494,-9.810749053955078
1013001194000,-0.00048098075785674155,-1.777213765308261e-05,0.0003104751813225448,-0.2778587341308594,-0.03216421604156494,-9.810749053955078
1013001194000,-0.00048098075785674155,-1.777213765308261e-05,0.0003104751813225448,-0.2778587341308594,-0.03216421604156494,-9.810749053955078
1013025757000,-0.0013299921993166208,-0.002528216689825058,0.0037640216760337353,-0.29093480110168457,-0.10597820580005646,-9.784786224365234
1013032830000,0.001099923625588417,0.0012910377699881792,-0.0017727870726957917,-0.2883576452732086,0.07570679485797882,-9.802648544311523
1013039581000,-0.0007721856818534434,0.001560336328111589,0.00014842695964034647,-0.28126055002212524,-0.01816423237323761,-9.822611808776855
1013046588000,0.00019374117255210876,0.0014867938589304686,0.0005182846798561513,-0.2975233197212219,-0.011743098497390747,-9.8123779296875
1013060390000,0.0003498093574307859,0.0005277012242004275,0.0006401369464583695,-0.30251041054725647,-0.0006010979413986206,-9.812346458435059
1013067849000,0.00033363341935910285,7.160549284890294e-05,0.0006453206297010183,-0.3019581437110901,-0.00015015900135040283,-9.81157398223877
1013074730000,0.0004736424016300589,-0.0004198312235530466,0.0008713184506632388,-0.30092835426330566,-0.004754975438117981,-9.810471534729004
1013081715000,-0.0003826824249699712,-0.0013014257419854403,-0.002461826428771019,-0.3300325870513916,0.0566258579492569,-9.791414260864258
1013088568000,-0.0006905037444084883,-0.0004856260202359408,0.00017701410979498178,-0.27347832918167114,-0.038860827684402466,-9.812458992004395
1013102506000,0.0004505149263422936,8.535888628102839e-05,0.000627070025075227,-0.29963284730911255,-0.0021156519651412964,-9.806900978088379
1013109384000,0.0002019453968387097,3.3819364034570754e-05,0.00045051539200358093,-0.3009464740753174,0.0042406171560287476,-9.808247566223145
1013116443000,0.0002809109864756465,-0.00019752891967073083,0.0006045619957149029,-0.2995361089706421,-0.0032352805137634277,-9.806760787963867
1013123317000,-0.00047830765834078193,-0.0009760210523381829,-0.0025156005285680294,-0.32800453901290894,0.052496880292892456,-9.788289070129395
1013130325000,-0.0006668565911240876,-1.4740508049726486e-05,0.00016247435996774584,-0.27221131324768066,-0.040167734026908875,-9.811470031738281
1013144161000,0.0004058442427776754,0.00037096638698130846,0.0006343452841974795,-0.29979896545410156,-0.001957535743713379,-9.808504104614258
1013151165000,0.00015950051601976156,0.00025892903795465827,0.00045587128261104226,-0.30121248960494995,0.004260629415512085,-9.808931350708008
1013158289000,-0.0005507095484063029,-0.0007901376811787486,-0.0025508017279207706,-0.3287650942802429,0.05024567246437073,-9.789132118225098
1013165041000,-0.0008320189663209021,3.252935130149126e-05,4.13733214372769e-05,-0.27400344610214233,-0.03817486763000488,-9.814336776733398
1013178867000,0.0005000715609639883,0.00029345520306378603,0.0006726154242642224,-0.29999130964279175,0.0006916970014572144,-9.809443473815918
1013185823000,0.00020999967819079757,0.00013908284017816186,0.00045921443961560726,-0.30170467495918274,0.005073800683021545,-9.808538436889648
1013192783000,0.00022285191516857594,-0.00011595615069381893,0.0006155287846922874,-0.2995647192001343,-0.002893418073654175,-9.807812690734863
1013199754000,-0.00048821273958310485,-0.0009950947714969516,-0.0025160450022667646,-0.3285805284976959,0.05240723490715027,-9.789139747619629
1013206621000,-0.0006626955582760274,-0.00011516769882291555,0.0001618176029296592,-0.272609144449234,-0.04024418443441391,-9.812592506408691
1013220541000,0.00038186419988051057,0.00029442168306559324,0.0006410398636944592,-0.2991544008255005,-0.0018082112073898315,-9.808716773986816
1013227612000,0.00022907595848664641,0.00014832912711426616,0.0004460813361220062,-0.30146485567092896,0.003993704915046692,-9.807806968688965
1013234459000,0.00025591198937036097,-8.184864418581128e-05,0.0006091304239816964,-0.2992907166481018,-0.0030795782804489136,-9.807645797729492
1013241379000,-0.0004499856731854379,-0.0009649801068007946,-0.0025212198961526155,-0.3285306692123413,0.052358612418174744,-9.788919448852539
1013255229000,0.0003616275207605213,0.0004616528167389333,0.0005395217449404299,-0.2937656044960022,-0.011945337057113647,-9.806615829467773
1013262189000,0.0003575265873223543,0.0003248701395932585,0.0006439221324399114,-0.2993224263191223,-0.001803770661354065,-9.808492660522461
1013269171000,0.00021322298562154174,0.00018140346219297498,0.00044778859592042863,-0.30136245489120483,0.003964751958847046,-9.807917594909668
1013276068000,-0.0005610228981822729,-0.0008024755516089499,-0.0025472126435488462,-0.3281094431877136,0.050427794456481934,-9.789238929748535
1013283095000,-0.0008652449469082057,7.531978189945221e-05,-4.017674655187875e-05,-0.27369964122772217,-0.03661518543958664,-9.814444541931152
1013296974000,0.0002838553336914629,0.0004077477497048676,0.0004742732853628695,-0.3005724847316742,0.0045735836029052734,-9.809483528137207
1013303924000,0.00031288928585126996,7.01586832292378e-05,0.0006122131017036736,-0.30014532804489136,-0.0026750564575195312,-9.807214736938477
1013310781000,0.00036440877011045814,-8.25815659482032e-05,0.0006401143618859351,-0.2997229993343353,-0.0008987486362457275,-9.80805492401123
1013317784000,-0.00024180556647479534,-0.0010706408647820354,-0.002315832767635584,-0.3278311491012573,0.04883454740047455,-9.788634300231934
1013331697000,0.00030012388015165925,0.00036167053622193635,0.0005025570280849934,-0.2938620150089264,-0.014064982533454895,-9.805957794189453
1013338555000,0.00037750843330286443,0.00026783329667523503,0.0006339832907542586,-0.29876598715782166,-0.0027000904083251953,-9.80841064453125
1013345550000,0.00040410010842606425,6.399871199391782e-05,0.0006444156751967967,-0.30015480518341064,-0.00047056376934051514,-9.80742073059082
1013352494000,0.00017384249076712877,6.507689249701798e-06,0.0004529214929789305,-0.30063575506210327,0.00438159704208374,-9.808327674865723
1013359413000,-0.000550213037058711,-0.0009651323198340833,-0.0025497109163552523,-0.3279224932193756,0.05026458203792572,-9.78845500946045
1013373308000,0.0009420785354450345,0.0011202821042388678,-0.002015577396377921,-0.2927709221839905,0.07730840146541595,-9.799643516540527
1013380321000,-0.0007096430053934455,0.0012261514784768224,0.0003066821373067796,-0.27936768531799316,-0.026165910065174103,-9.820222854614258
1013387207000,0.0003086680080741644,0.0014168648049235344,0.0005490719922818244,-0.29677408933639526,-0.009851843118667603,-9.812582969665527
1013394180000,0.0004078652709722519,0.000986385508440435,0.0006262936512939632,-0.30141353607177734,-0.0019590258598327637,-9.811911582946777
1013408013000,0.0003263511462137103,0.00011308738612569869,0.000646884145680815,-0.30185848474502563,-4.646182060241699e-05,-9.811532974243164
1013415033000,-0.0004993127658963203,-0.000979903037659824,-0.0025090831331908703,-0.3301429748535156,0.053451135754585266,-9.79211139678955
1013421901000,-0.0006680843653157353,-0.0003821435966528952,0.00015715797781012952,-0.27444717288017273,-0.040091462433338165,-9.816383361816406
1013428883000,0.00039776889025233686,7.829206879250705e-05,0.0005286228843033314,-0.29460039734840393,-0.01210784912109375,-9.806868553161621
1013435862000,0.0004045713576488197,-4.990241723135114e-05,0.0006349480245262384,-0.29944878816604614,-0.0018992424011230469,-9.808454513549805
1013449752000,-0.0005074717337265611,-0.001058640074916184,-0.002554549602791667,-0.32803744077682495,0.05021941661834717,-9.787415504455566
1013456654000,-0.0008636889979243279,7.060554344207048e-05,-3.671211743494496e-05,-0.272302508354187,-0.03649207204580307,-9.811785697937012
1013463711000,0.0004792773979716003,0.0004682525177486241,0.0006907299975864589,-0.2923365533351898,-0.019696779549121857,-9.804787635803223
1013470525000,0.0003361103299539536,0.00047875961172394454,0.00046620116336271167,-0.30091309547424316,0.004581183195114136,-9.809379577636719
1013477471000,0.00028542193467728794,0.00017904784181155264,0.0006179928313940763,-0.2999577522277832,-0.0024455487728118896,-9.808072090148926
1013491374000,-0.0003121948684565723,-0.0009949711384251714,-0.00230665085837245,-0.3276944160461426,0.049096107482910156,-9.789618492126465
1013498429000,-0.0007339332951232791,1.808389788493514e-05,5.594513822870795e-06,-0.2743924856185913,-0.03267688304185867,-9.814534187316895
1013505260000,0.0005046824226155877,0.0002510625636205077,0.0006977443117648363,-0.29343846440315247,-0.018543720245361328,-9.805642127990723
1013512212000,0.0002771407598629594,0.0003342544659972191,0.0004776209534611553,-0.30035704374313354,0.004990249872207642,-9.809701919555664
1013526098000,0.0003177472681272775,-0.00011043375707231462,0.0006441223667934537,-0.2997661530971527,-0.0007860660552978516,-9.807771682739258
1013533049000,-0.0002936706878244877,-0.0010713774245232344,-0.002310851588845253,-0.32773566246032715,0.04884664714336395,-9.78850269317627
1013539959000,-0.0007306350162252784,2.982729347422719e-05,6.7073442551190965e-06,-0.27375251054763794,-0.0326758548617363,-9.813692092895508
1013546983000,0.00031484130886383355,0.0003824204031843692,0.0005023739067837596,-0.2940066456794739,-0.014138862490653992,-9.805635452270508
1013553895000,0.0005608270294032991,0.0002001384855248034,0.0008308640099130571,-0.29800140857696533,-0.006984740495681763,-9.808013916015625
1013567782000,-0.0006946671055629849,-0.0007063174853101373,-0.0026844926178455353,-0.32993119955062866,0.05892150104045868,-9.789950370788574
1013574695000,-0.000821316905785352,-0.00010580156231299043,0.00013114610919728875,-0.27304673194885254,-0.04285988211631775,-9.8125581741333
1013581688000,0.00038465132820419967,0.0004896115278825164,0.00052433623932302,-0.2934147119522095,-0.013241633772850037,-9.806928634643555
1013588590000,0.0004056032048538327,0.00033799800439737737,0.0006356962257996202,-0.29932165145874023,-0.002053767442703247,-9.808694839477539
1013602530000,0.0003068064688704908,-5.6021526688709855e-05,0.0006246988195925951,-0.2994624972343445,-0.002269759774208069,-9.807663917541504
1013609424000,-0.0004370204987935722,-0.0009596660966053605,-0.0025174268521368504,-0.32860785722732544,0.052767202258110046,-9.789111137390137
1013616472000,-0.0006732364417985082,-0.00012118538143113256,0.00016734344535507262,-0.27258604764938354,-0.040000371634960175,-9.813193321228027
1013623318000,0.0003371297207195312,0.0004558586806524545,0.0005435416242107749,-0.29350024461746216,-0.011859223246574402,-9.806931495666504
1013630351000,0.00044856531894765794,0.0002611844101920724,0.0006308945594355464,-0.29967814683914185,-0.0021844953298568726,-9.807745933532715
1013644223000,0.0001501688384450972,2.5690853362903e-05,0.0004551451129373163,-0.30086976289749146,0.004368051886558533,-9.808281898498535
1013651166000,-0.0005608366918750107,-0.0009610230335965753,-0.002547240350395441,-0.3280225992202759,0.05018375813961029,-9.788514137268066
1013658039000,-0.0011114010121673346,-0.00238744355738163,0.0034942857455462217,-0.2904156446456909,-0.09476740658283234,-9.784209251403809
1013658039000,-0.0011114010121673346,-0.00238744355738163,0.0034942857455462217,-0.2904156446456909,-0.09476740658283234,-9.784209251403809
1013658039000,-0.0011114010121673346,-0.00238744355738163,0.0034942857455462217,-0.2904156446456909,-0.09476740658283234,-9.784209251403809
1013658039000,-0.0011114010121673346,-0.00238744355738163,0.0034942857455462217,-0.2904156446456909,-0.09476740658283234,-9.784209251403809
1013658039000,-0.0011114010121673346,-0.00238744355738163,0.0034942857455462217,-0.2904156446456909,-0.09476740658283234,-9.784209251403809
1013658039000,-0.0011114010121673346,-0.00238744355738163,0.0034942857455462217,-0.2904156446456909,-0.09476740658283234,-9.784209251403809
1013658039000,-0.0011114010121673346,-0.00238744355738163,0.0034942857455462217,-0.2904156446456909,-0.09476740658283234,-9.784209251403809
1013658039000,-0.0011114010121673346,-0.00238744355738163,0.0034942857455462217,-0.2904156446456909,-0.09476740658283234,-9.784209251403809
1013658039000,-0.0011114010121673346,-0.00238744355738163,0.0034942857455462217,-0.2904156446456909,-0.09476740658283234,-9.784209251403809
1013658039000,-0.0011114010121673346,-0.00238744355738163,0.0034942857455462217,-0.2904156446456909,-0.09476740658283234,-9.784209251403809
1013658039000,-0.0011114010121673346,-0.00238744355738163,0.0034942857455462217,-0.2904156446456909,-0.09476740658283234,-9.784209251403809
1013658039000,-0.0011114010121673346,-0.00238744355738163,0.0034942857455462217,-0.2904156446456909,-0.09476740658283234,-9.784209251403809
1013658039000,-0.0011114010121673346,-0.00238744355738163,0.0034942857455462217,-0.2904156446456909,-0.09476740658283234,-9.784209251403809
1013658039000,-0.0011114010121673346,-0.00238744355738163,0.0034942857455462217,-0.2904156446456909,-0.09476740658283234,-9.784209251403809
1013658039000,-0.0011114010121673346,-0.00238744355738163,0.0034942857455462217,-0.2904156446456909,-0.09476740658283234,-9.784209251403809
1013658039000,-0.0011114010121673346,-0.00238744355738163,0.0034942857455462217,-0.2904156446456909,-0.09476740658283234,-9.784209251403809
1013658039000,-0.0011114010121673346,-0.00238744355738163,0.0034942857455462217,-0.2904156446456909,-0.09476740658283234,-9.784209251403809
1013658039000,-0.0011114010121673346,-0.00238744355738163,0.0034942857455462217,-0.2904156446456909,-0.09476740658283234,-9.784209251403809
1013658039000,-0.0011114010121673346,-0.00238744355738163,0.0034942857455462217,-0.2904156446456909,-0.09476740658283234,-9.784209251403809
1013658039000,-0.0011114010121673346,-0.00238744355738163,0.0034942857455462217,-0.2904156446456909,-0.09476740658283234,-9.784209251403809
1013658039000,-0.0011114010121673346,-0.00238744355738163,0.0034942857455462217,-0.2904156446456909,-0.09476740658283234,-9.784209251403809
1013658039000,-0.0011114010121673346,-0.00238744355738163,0.0034942857455462217,-0.2904156446456909,-0.09476740658283234,-9.784209251403809
1013658039000,-0.0011114010121673346,-0.00238744355738163,0.0034942857455462217,-0.2904156446456909,-0.09476740658283234,-9.784209251403809
1013658039000,-0.0011114010121673346,-0.00238744355738163,0.0034942857455462217,-0.2904156446456909,-0.09476740658283234,-9.784209251403809
1013658039000,-0.0011114010121673346,-0.00238744355738163,0.0034942857455462217,-0.2904156446456909,-0.09476740658283234,-9.784209251403809
1013658039000,-0.0011114010121673346,-0.00238744355738163,0.0034942857455462217,-0.2904156446456909,-0.09476740658283234,-9.784209251403809
1013658039000,-0.0011114010121673346,-0.00238744355738163,0.0034942857455462217,-0.2904156446456909,-0.09476740658283234,-9.784209251403809
1013658039000,-0.0011114010121673346,-0.00238744355738163,0.0034942857455462217,-0.2904156446456909,-0.09476740658283234,-9.784209251403809
1013658039000,-0.0011114010121673346,-0.00238744355738163,0.0034942857455462217,-0.2904156446456909,-0.09476740658283234,-9.784209251403809
1013658039000,-0.0011114010121673346,-0.00238744355738163,0.0034942857455462217,-0.2904156446456909,-0.09476740658283234,-9.784209251403809
1013658039000,-0.0011114010121673346,-0.00238744355738163,0.0034942857455462217,-0.2904156446456909,-0.09476740658283234,-9.784209251403809
1013658039000,-0.0011114010121673346,-0.00238744355738163,0.0034942857455462217,-0.2904156446456909,-0.09476740658283234,-9.784209251403809
1013658039000,-0.0011114010121673346,-0.00238744355738163,0.0034942857455462217,-0.2904156446456909,-0.09476740658283234,-9.784209251403809
1013658039000,-0.0011114010121673346,-0.00238744355738163,0.0034942857455462217,-0.2904156446456909,-0.09476740658283234,-9.784209251403809
1013658039000,-0.0011114010121673346,-0.00238744355738163,0.0034942857455462217,-0.2904156446456909,-0.09476740658283234,-9.784209251403809
1013658039000,-0.0011114010121673346,-0.00238744355738163,0.0034942857455462217,-0.2904156446456909,-0.09476740658283234,-9.784209251403809
1013658039000,-0.0011114010121673346,-0.00238744355738163,0.0034942857455462217,-0.2904156446456909,-0.09476740658283234,-9.784209251403809
305376000,-0.0019726576283574104,0.001163654844276607,-0.00016068114200606942,-2.9846386909484863,0.005733489990234375,-9.291003227233887
312333000,0.00038741808384656906,-0.009440405294299126,-7.695751264691353e-06,-3.074861526489258,-0.005839705467224121,-9.332392692565918
326194000,0.0003886241465806961,-0.009436863474547863,-7.5945863500237465e-06,-3.074857234954834,-0.005882620811462402,-9.332436561584473
333278000,-0.0021406172309070826,0.001080561662092805,-0.00020413333550095558,-2.924102783203125,0.00446772575378418,-9.348103523254395
340112000,0.0001477086916565895,-0.00940630678087473,5.379912909120321e-05,-3.072237491607666,-0.0051735639572143555,-9.332606315612793
347001000,-0.0017529164906591177,0.0011618805583566427,-0.00021727802231907845,-2.927293300628662,-0.0014221668243408203,-9.348007202148438
360896000,-0.002201993018388748,0.0011789747513830662,-0.0001038772170431912,-2.9217429161071777,0.0051364898681640625,-9.348209381103516
367959000,0.0003777453675866127,-0.009426351636648178,-6.461632438004017e-06,-3.0765790939331055,-0.007935881614685059,-9.33240795135498
374777000,-0.0021378835663199425,0.0010953238233923912,-0.00020385067909955978,-2.9241461753845215,0.004366636276245117,-9.348211288452148
381723000,0.00036588404327630997,-0.009424194693565369,-2.9279617592692375e-06,-3.0741748809814453,-0.007239818572998047,-9.332234382629395
388701000,-0.0021982681937515736,0.001173027791082859,-0.00010411982657387853,-2.9218215942382812,0.004913687705993652,-9.348325729370117
402619000,-0.001992258243262768,0.0011877674842253327,-0.00016024179058149457,-2.9228925704956055,0.001431584358215332,-9.348226547241211
409534000,0.0,0.0,-0.0,-3.0137839317321777,-0.008762359619140625,-9.389503479003906
416540000,0.0,0.0,-0.0,-2.999157428741455,-0.0014553070068359375,-9.34029769897461
423392000,0.0,0.0,-0.0,-2.999157428741455,-0.0014553070068359375,-9.34029769897461
430338000,0.0,0.0,-0.0,-2.999157428741455,-0.0014553070068359375,-9.34029769897461
444219000,0.0,0.0,-0.0,-2.999157428741455,-0.0014553070068359375,-9.34029769897461
451203000,0.0,0.0,-0.0,-2.999157428741455,-0.0014553070068359375,-9.34029769897461
458169000,0.0,0.0,-0.0,-2.999157428741455,-0.0014553070068359375,-9.34029769897461
465187000,0.0,0.0,-0.0,-2.999157428741455,-0.0014553070068359375,-9.34029769897461
478974000,0.0,0.0,-0.0,-2.999157428741455,-0.0014553070068359375,-9.34029769897461
485980000,0.0,0.0,-0.0,-2.999157428741455,-0.0014553070068359375,-9.34029769897461
492865000,0.0,0.0,-0.0,-2.999157428741455,-0.0014553070068359375,-9.34029769897461
500310000,0.0,0.0,-0.0,-2.999157428741455,-0.0014553070068359375,-9.34029769897461
513656000,0.0,0.0,-0.0,-2.999157428741455,-0.0014553070068359375,-9.34029769897461
520674000,0.0,0.0,-0.0,-2.999157428741455,-0.0014553070068359375,-9.34029769897461
527591000,0.0,0.0,-0.0,-2.999157428741455,-0.0014553070068359375,-9.34029769897461
534537000,0.0,0.0,-0.0,-2.999157428741455,-0.0014553070068359375,-9.34029769897461
541534000,0.0,0.0,-0.0,-2.999157428741455,-0.0014553070068359375,-9.34029769897461
555402000,0.0,0.0,-0.0,-2.999157428741455,-0.0014553070068359375,-9.34029769897461
562291000,0.0,0.0,-0.0,-2.999157428741455,-0.0014553070068359375,-9.34029769897461
569262000,0.0,0.0,-0.0,-2.999157428741455,-0.0014553070068359375,-9.34029769897461
576248000,0.0,0.0,-0.0,-2.999157428741455,-0.0014553070068359375,-9.34029769897461
583219000,0.0,0.0,-0.0,-2.999157428741455,-0.0014553070068359375,-9.34029769897461
597021000,0.0,0.0,-0.0,-2.999157428741455,-0.0014553070068359375,-9.34029769897461
604026000,0.0,0.0,-0.0,-2.999157428741455,-0.0014553070068359375,-9.34029769897461
610907000,0.0,0.0,-0.0,-2.999157428741455,-0.0014553070068359375,-9.34029769897461
617876000,0.0,0.0,-0.0,-2.999157428741455,-0.0014553070068359375,-9.34029769897461
631795000,0.0,0.0,-0.0,-2.999157428741455,-0.0014553070068359375,-9.34029769897461
638739000,0.0,0.0,-0.0,-2.999157428741455,-0.0014553070068359375,-9.34029769897461
645663000,0.0,0.0,-0.0,-2.999157428741455,-0.0014553070068359375,-9.34029769897461
652660000,0.0,0.0,-0.0,-2.999157428741455,-0.0014553070068359375,-9.34029769897461
659504000,0.0,0.0,-0.0,-2.999157428741455,-0.0014553070068359375,-9.34029769897461
673653000,0.0,0.0,-0.0,-2.999157428741455,-0.0014553070068359375,-9.34029769897461
680599000,0.0,0.0,-0.0,-2.999157428741455,-0.0014553070068359375,-9.34029769897461
687549000,0.0,0.0,-0.0,-2.999157428741455,-0.0014553070068359375,-9.34029769897461
694439000,0.0,0.0,-0.0,-2.999157428741455,-0.0014553070068359375,-9.34029769897461
708332000,0.0,0.0,-0.0,-2.999157428741455,-0.0014553070068359375,-9.34029769897461
715251000,0.0,0.0,-0.0,-2.999157428741455,-0.0014553070068359375,-9.34029769897461
722246000,0.0,0.0,-0.0,-2.999157428741455,-0.0014553070068359375,-9.34029769897461
729267000,0.0,0.0,-0.0,-2.999157428741455,-0.0014553070068359375,-9.34029769897461
736162000,0.0,0.0,-0.0,-2.999157428741455,-0.0014553070068359375,-9.34029769897461
750080000,0.0,0.0,-0.0,-2.999157428741455,-0.0014553070068359375,-9.34029769897461
756980000,0.0,0.0,-0.0,-2.999157428741455,-0.0014553070068359375,-9.34029769897461
763911000,0.0,0.0,-0.0,-2.999157428741455,-0.0014553070068359375,-9.34029769897461
770921000,0.0,0.0,-0.0,-2.999157428741455,-0.0014553070068359375,-9.34029769897461
784785000,0.0,0.0,-0.0,-2.999157428741455,-0.0014553070068359375,-9.34029769897461
791731000,0.0,0.0,-0.0,-2.999157428741455,-0.0014553070068359375,-9.34029769897461
799075000,0.0,0.0,-0.0,-2.999157428741455,-0.0014553070068359375,-9.34029769897461
805629000,0.0,0.0,-0.0,-2.999157428741455,-0.0014553070068359375,-9.34029769897461
812508000,0.0,0.0,-0.0,-2.999157428741455,-0.0014553070068359375,-9.34029769897461
826406000,0.0,0.0,-0.0,-2.999157428741455,-0.0014553070068359375,-9.34029769897461
833473000,0.0,0.0,-0.0,-2.999157428741455,-0.0014553070068359375,-9.34029769897461
840333000,0.0,0.0,-0.0,-2.999157428741455,-0.0014553070068359375,-9.34029769897461
847272000,0.0,0.0,-0.0,-2.999157428741455,-0.0014553070068359375,-9.34029769897461
861205000,0.0,0.0,-0.0,-2.999157428741455,-0.0014553070068359375,-9.34029769897461
868163000,0.0,0.0,-0.0,-2.999157428741455,-0.0014553070068359375,-9.34029769897461
875033000,0.0,0.0,-0.0,-2.999157428741455,-0.0014553070068359375,-9.34029769897461
881998000,0.0,0.0,-0.0,-2.999157428741455,-0.0014553070068359375,-9.34029769897461
888962000,0.0,0.0,-0.0,-2.999157428741455,-0.0014553070068359375,-9.34029769897461
902860000,0.0,0.0,-0.0,-2.999157428741455,-0.0014553070068359375,-9.34029769897461
909767000,0.0,0.0,-0.0,-2.999157428741455,-0.0014553070068359375,-9.34029769897461
916854000,0.0,0.0,-0.0,-2.999157428741455,-0.0014553070068359375,-9.34029769897461
923668000,0.0,0.0,-0.0,-2.999157428741455,-0.0014553070068359375,-9.34029769897461
930604000,0.0,0.0,-0.0,-2.999157428741455,-0.0014553070068359375,-9.34029769897461
944490000,0.0,0.0,-0.0,-2.999157428741455,-0.0014553070068359375,-9.34029769897461
951518000,0.0,0.0,-0.0,-2.999157428741455,-0.0014553070068359375,-9.34029769897461
958425000,0.0,0.0,-0.0,-2.999157428741455,-0.0014553070068359375,-9.34029769897461
965328000,0.0,0.0,-0.0,-2.999157428741455,-0.0014553070068359375,-9.34029769897461
979210000,0.0,0.0,-0.0,-2.999157428741455,-0.0014553070068359375,-9.34029769897461
986247000,0.0,0.0,-0.0,-2.999157428741455,-0.0014553070068359375,-9.34029769897461
993114000,0.0,0.0,-0.0,-2.999157428741455,-0.0014553070068359375,-9.34029769897461
1000136000,0.0,0.0,-0.0,-2.999157428741455,-0.0014553070068359375,-9.34029769897461
1013959000,0.0,0.0,-0.0,-2.999157428741455,-0.0014553070068359375,-9.34029769897461
1020925000,0.0,0.0,-0.0,-2.999157428741455,-0.0014553070068359375,-9.34029769897461
1027870000,0.0,0.0,-0.0,-2.999157428741455,-0.0014553070068359375,-9.34029769897461
1034796000,0.0,0.0,-0.0,-2.999157428741455,-0.0014553070068359375,-9.34029769897461
1041734000,0.0,0.0,-0.0,-2.999157428741455,-0.0014553070068359375,-9.34029769897461
1055716000,0.0,0.0,-0.0,-2.999157428741455,-0.0014553070068359375,-9.34029769897461
1062587000,0.0,0.0,-0.0,-2.999157428741455,-0.0014553070068359375,-9.34029769897461
1069563000,0.0,0.0,-0.0,-2.999157428741455,-0.0014553070068359375,-9.34029769897461
1076506000,0.0,0.0,-0.0,-2.999157428741455,-0.0014553070068359375,-9.34029769897461
1083651000,0.0,0.0,-0.0,-2.999157428741455,-0.0014553070068359375,-9.34029769897461
1097392000,0.0,0.0,-0.0,-2.999157428741455,-0.0014553070068359375,-9.34029769897461
1104303000,0.0,0.0,-0.0,-2.999157428741455,-0.0014553070068359375,-9.34029769897461
1111225000,0.0,0.0,-0.0,-2.999157428741455,-0.0014553070068359375,-9.34029769897461
1118169000,0.0,0.0,-0.0,-2.999157428741455,-0.0014553070068359375,-9.34029769897461
1131998000,0.0,0.0,-0.0,-2.999157428741455,-0.0014553070068359375,-9.34029769897461
1138989000,0.0,0.0,-0.0,-2.999157428741455,-0.0014553070068359375,-9.34029769897461
1145889000,0.0,0.0,-0.0,-2.999157428741455,-0.0014553070068359375,-9.34029769897461
1152876000,0.0,0.0,-0.0,-2.999157428741455,-0.0014553070068359375,-9.34029769897461
1166773000,0.0,0.0,-0.0,-2.999157428741455,-0.0014553070068359375,-9.34029769897461
1173664000,0.0,0.0,-0.0,-2.999157428741455,-0.0014553070068359375,-9.34029769897461
1180605000,0.0,0.0,-0.0,-2.999157428741455,-0.0014553070068359375,-9.34029769897461
1187603000,0.0,0.0,-0.0,-2.999157428741455,-0.0014553070068359375,-9.34029769897461
1201503000,0.0,0.0,-0.0,-2.999157428741455,-0.0014553070068359375,-9.34029769897461
1208395000,0.0,0.0,-0.0,-2.999157428741455,-0.0014553070068359375,-9.34029769897461
1215339000,0.0,0.0,-0.0,-2.999157428741455,-0.0014553070068359375,-9.34029769897461
1222337000,0.0,0.0,-0.0,-2.999157428741455,-0.0014553070068359375,-9.34029769897461
1236272000,0.0,0.0,-0.0,-2.999157428741455,-0.0014553070068359375,-9.34029769897461
1243117000,0.0,0.0,-0.0,-2.999157428741455,-0.0014553070068359375,-9.34029769897461
1250343000,0.0,0.0,-0.0,-2.999157428741455,-0.0014553070068359375,-9.34029769897461
1257123000,0.0,0.0,-0.0,-2.999157428741455,-0.0014553070068359375,-9.34029769897461
1264102000,0.0,0.0,-0.0,-2.999157428741455,-0.0014553070068359375,-9.34029769897461
1278025000,0.0,0.0,-0.0,-2.999157428741455,-0.0014553070068359375,-9.34029769897461
1284942000,0.0,0.0,-0.0,-2.999157428741455,-0.0014553070068359375,-9.34029769897461
1291915000,0.0,0.0,-0.0,-2.999157428741455,-0.0014553070068359375,-9.34029769897461
1298790000,0.0,0.0,-0.0,-2.999157428741455,-0.0014553070068359375,-9.34029769897461
1305808000,0.0,0.0,-0.0,-2.999157428741455,-0.0014553070068359375,-9.34029769897461
1319662000,0.0,0.0,-0.0,-2.999157428741455,-0.0014553070068359375,-9.34029769897461
1326564000,0.0,0.0,-0.0,-2.999157428741455,-0.0014553070068359375,-9.34029769897461
1333645000,0.0,0.0,-0.0,-2.999157428741455,-0.0014553070068359375,-9.34029769897461
1340521000,0.0,0.0,-0.0,-2.999157428741455,-0.0014553070068359375,-9.34029769897461
1354411000,0.0,0.0,-0.0,-2.999157428741455,-0.0014553070068359375,-9.34029769897461
1361346000,0.0,0.0,-0.0,-2.999157428741455,-0.0014553070068359375,-9.34029769897461
1368293000,0.0,0.0,-0.0,-2.999157428741455,-0.0014553070068359375,-9.34029769897461
1375206000,0.0,0.0,-0.0,-2.999157428741455,-0.0014553070068359375,-9.34029769897461
1382144000,0.0,0.0,-0.0,-2.999157428741455,-0.0014553070068359375,-9.34029769897461
1396035000,0.0,0.0,-0.0,-2.999157428741455,-0.0014553070068359375,-9.34029769897461
1403016000,0.0,0.0,-0.0,-2.999157428741455,-0.0014553070068359375,-9.34029769897461
1409929000,0.0,0.0,-0.0,-2.999157428741455,-0.0014553070068359375,-9.34029769897461
1417002000,0.0,0.0,-0.0,-2.999157428741455,-0.0014553070068359375,-9.34029769897461
1430821000,0.0,0.0,-0.0,-2.999157428741455,-0.0014553070068359375,-9.34029769897461
1437849000,0.0,0.0,-0.0,-2.999157428741455,-0.0014553070068359375,-9.34029769897461
1444692000,0.0,0.0,-0.0,-2.999157428741455,-0.0014553070068359375,-9.34029769897461
1451714000,0.0,0.0,-0.0,-2.999157428741455,-0.0014553070068359375,-9.34029769897461
1465524000,0.0,0.0,-0.0,-2.999157428741455,-0.0014553070068359375,-9.34029769897461
1472621000,0.0,0.0,-0.0,-2.999157428741455,-0.0014553070068359375,-9.34029769897461
1479431000,0.0,0.0,-0.0,-2.999157428741455,-0.0014553070068359375,-9.34029769897461
1486421000,0.0,0.0,-0.0,-2.999157428741455,-0.0014553070068359375,-9.34029769897461
1493345000,0.0,0.0,-0.0,-2.999157428741455,-0.0014553070068359375,-9.34029769897461
1507226000,0.0,0.0,-0.0,-2.999157428741455,-0.0014553070068359375,-9.34029769897461
1514147000,0.0,0.0,-0.0,-2.999157428741455,-0.0014553070068359375,-9.34029769897461
1521146000,0.0,0.0,-0.0,-2.999157428741455,-0.0014553070068359375,-9.34029769897461
1528064000,0.0,0.0,-0.0,-2.999157428741455,-0.0014553070068359375,-9.34029769897461
1541940000,0.0,0.0,-0.0,-2.999157428741455,-0.0014553070068359375,-9.34029769897461
1548873000,0.0,0.0,-0.0,-2.999157428741455,-0.0014553070068359375,-9.34029769897461
1555871000,0.0,0.0,-0.0,-2.999157428741455,-0.0014553070068359375,-9.34029769897461
1562773000,0.0,0.0,-0.0,-2.999157428741455,-0.0014553070068359375,-9.34029769897461
1569737000,0.0,0.0,-0.0,-2.999157428741455,-0.0014553070068359375,-9.34029769897461
1583698000,0.0,0.0,-0.0,-2.999157428741455,-0.0014553070068359375,-9.34029769897461
1590543000,0.0,0.0,-0.0,-2.999157428741455,-0.0014553070068359375,-9.34029769897461
1597495000,0.0,0.0,-0.0,-2.999157428741455,-0.0014553070068359375,-9.34029769897461
1604501000,0.0,0.0,-0.0,-2.999157428741455,-0.0014553070068359375,-9.34029769897461
1618400000,0.0,0.0,-0.0,-2.999157428741455,-0.0014553070068359375,-9.34029769897461
1625258000,0.0,0.0,-0.0,-2.999157428741455,-0.0014553070068359375,-9.34029769897461
1632204000,0.0,0.0,-0.0,-2.999157428741455,-0.0014553070068359375,-9.34029769897461
1639206000,0.0,0.0,-0.0,-2.999157428741455,-0.0014553070068359375,-9.34029769897461
1646204000,0.0,0.0,-0.0,-2.999157428741455,-0.0014553070068359375,-9.34029769897461
1659996000,0.0,0.0,-0.0,-2.999157428741455,-0.0014553070068359375,-9.34029769897461
1667003000,0.0,0.0,-0.0,-2.999157428741455,-0.0014553070068359375,-9.34029769897461
1673912000,0.0,0.0,-0.0,-2.999157428741455,-0.0014553070068359375,-9.34029769897461
1680825000,0.0,0.0,-0.0,-2.999157428741455,-0.0014553070068359375,-9.34029769897461
1687811000,0.0,0.0,-0.0,-2.999157428741455,-0.0014553070068359375,-9.34029769897461
1701738000,0.0,0.0,-0.0,-2.999157428741455,-0.0014553070068359375,-9.34029769897461
1708595000,0.0,0.0,-0.0,-2.999157428741455,-0.0014553070068359375,-9.34029769897461
1715558000,0.0,0.0,-0.0,-2.999157428741455,-0.0014553070068359375,-9.34029769897461
1722553000,0.0,0.0,-0.0,-2.999157428741455,-0.0014553070068359375,-9.34029769897461
1736427000,0.0,0.0,-0.0,-2.999157428741455,-0.0014553070068359375,-9.34029769897461
1743329000,0.0,0.0,-0.0,-2.999157428741455,-0.0014553070068359375,-9.34029769897461
1750362000,0.0,0.0,-0.0,-2.999157428741455,-0.0014553070068359375,-9.34029769897461
1757241000,0.0,0.0,-0.0,-2.999157428741455,-0.0014553070068359375,-9.34029769897461
1771139000,0.0,0.0,-0.0,-2.999157428741455,-0.0014553070068359375,-9.34029769897461
1778049000,0.0,0.0,-0.0,-2.999157428741455,-0.0014553070068359375,-9.34029769897461
1785059000,0.0,0.0,-0.0,-2.999157428741455,-0.0014553070068359375,-9.34029769897461
1791997000,0.0,0.0,-0.0,-2.999157428741455,-0.0014553070068359375,-9.34029769897461
1798953000,0.0,0.0,-0.0,-2.999157428741455,-0.0014553070068359375,-9.34029769897461
1812789000,0.0,0.0,-0.0,-2.999157428741455,-0.0014553070068359375,-9.34029769897461
1819790000,0.0,0.0,-0.0,-2.999157428741455,-0.0014553070068359375,-9.34029769897461
1826660000,0.0,0.0,-0.0,-2.999157428741455,-0.0014553070068359375,-9.34029769897461
1833673000,0.0,0.0,-0.0,-2.999157428741455,-0.0014553070068359375,-9.34029769897461
1847511000,0.0,0.0,-0.0,-2.999157428741455,-0.0014553070068359375,-9.34029769897461
1854478000,0.0,0.0,-0.0,-2.999157428741455,-0.0014553070068359375,-9.34029769897461
1861565000,0.0,0.0,-0.0,-2.999157428741455,-0.0014553070068359375,-9.34029769897461
1868465000,0.0,0.0,-0.0,-2.999157428741455,-0.0014553070068359375,-9.34029769897461
1882231000,0.0,0.0,-0.0,-2.999157428741455,-0.0014553070068359375,-9.34029769897461
1889204000,0.0,0.0,-0.0,-2.999157428741455,-0.0014553070068359375,-9.34029769897461
1896145000,0.0,0.0,-0.0,-2.999157428741455,-0.0014553070068359375,-9.34029769897461
1903113000,0.0,0.0,-0.0,-2.999157428741455,-0.0014553070068359375,-9.34029769897461
1910020000,0.0,0.0,-0.0,-2.999157428741455,-0.0014553070068359375,-9.34029769897461
1923910000,0.0,0.0,-0.0,-2.999157428741455,-0.0014553070068359375,-9.34029769897461
1930854000,0.0,0.0,-0.0,-2.999157428741455,-0.0014553070068359375,-9.34029769897461
1937818000,0.0,0.0,-0.0,-2.999157428741455,-0.0014553070068359375,-9.34029769897461
1944754000,0.0,0.0,-0.0,-2.999157428741455,-0.0014553070068359375,-9.34029769897461
1958655000,0.0,0.0,-0.0,-2.999157428741455,-0.0014553070068359375,-9.34029769897461
1965556000,0.0,0.0,-0.0,-2.999157428741455,-0.0014553070068359375,-9.34029769897461
1972539000,0.0,0.0,-0.0,-2.999157428741455,-0.0014553070068359375,-9.34029769897461
1979443000,0.0,0.0,-0.0,-2.999157428741455,-0.0014553070068359375,-9.34029769897461
1986433000,0.0,0.0,-0.0,-2.999157428741455,-0.0014553070068359375,-9.34029769897461
1993380000,0.0,0.0,-0.0,-2.999157428741455,-0.0014553070068359375,-9.34029769897461
2007248000,0.0,0.0,-0.0,-2.999157428741455,-0.0014553070068359375,-9.34029769897461
2014161000,0.0,0.0,-0.0,-2.999157428741455,-0.0014553070068359375,-9.34029769897461
2021176000,0.0,0.0,-0.0,-2.999157428741455,-0.0014553070068359375,-9.34029769897461
2028095000,0.0,0.0,-0.0,-2.999157428741455,-0.0014553070068359375,-9.34029769897461
2041968000,0.0,0.0,-0.0,-2.999157428741455,-0.0014553070068359375,-9.34029769897461
2048899000,0.0,0.0,-0.0,-2.999157428741455,-0.0014553070068359375,-9.34029769897461
2056047000,0.0,0.0,-0.0,-2.999157428741455,-0.0014553070068359375,-9.34029769897461
2062837000,0.0,0.0,-0.0,-2.999157428741455,-0.0014553070068359375,-9.34029769897461
2069757000,0.0,0.0,-0.0,-2.999157428741455,-0.0014553070068359375,-9.34029769897461
2083663000,0.0,0.0,-0.0,-2.999157428741455,-0.0014553070068359375,-9.34029769897461
2090584000,0.0,0.0,-0.0,-2.999157428741455,-0.0014553070068359375,-9.34029769897461
2097602000,0.0,0.0,-0.0,-2.999157428741455,-0.0014553070068359375,-9.34029769897461
2104474000,0.0,0.0,-0.0,-2.999157428741455,-0.0014553070068359375,-9.34029769897461
2118450000,0.0,0.0,-0.0,-2.999157428741455,-0.0014553070068359375,-9.34029769897461
2125277000,0.0,0.0,-0.0,-2.999157428741455,-0.0014553070068359375,-9.34029769897461
2132220000,0.0,0.0,-0.0,-2.999157428741455,-0.0014553070068359375,-9.34029769897461
2139253000,0.0,0.0,-0.0,-2.999157428741455,-0.0014553070068359375,-9.34029769897461
2153100000,0.0,0.0,-0.0,-2.999157428741455,-0.0014553070068359375,-9.34029769897461
2160049000,0.0,0.0,-0.0,-2.999157428741455,-0.0014553070068359375,-9.34029769897461
2166969000,0.0,0.0,-0.0,-2.999157428741455,-0.0014553070068359375,-9.34029769897461
2173925000,0.0,0.0,-0.0,-2.999157428741455,-0.0014553070068359375,-9.34029769897461
2180965000,0.0,0.0,-0.0,-2.999157428741455,-0.0014553070068359375,-9.34029769897461
2194777000,0.0,0.0,-0.0,-2.999157428741455,-0.0014553070068359375,-9.34029769897461
2201761000,0.0,0.0,-0.0,-2.999157428741455,-0.0014553070068359375,-9.34029769897461
2208622000,0.0,0.0,-0.0,-2.999157428741455,-0.0014553070068359375,-9.34029769897461
2215588000,0.0,0.0,-0.0,-2.999157428741455,-0.0014553070068359375,-9.34029769897461
2222546000,0.0,0.0,-0.0,-2.999157428741455,-0.0014553070068359375,-9.34029769897461
2236433000,0.0,0.0,-0.0,-2.999157428741455,-0.0014553070068359375,-9.34029769897461
2243345000,0.0,0.0,-0.0,-2.999157428741455,-0.0014553070068359375,-9.34029769897461
2250303000,0.0,0.0,-0.0,-2.999157428741455,-0.0014553070068359375,-9.34029769897461
2257276000,0.0,0.0,-0.0,-2.999157428741455,-0.0014553070068359375,-9.34029769897461
2271162000,0.0,0.0,-0.0,-2.999157428741455,-0.0014553070068359375,-9.34029769897461
2278077000,0.0,0.0,-0.0,-2.999157428741455,-0.0014553070068359375,-9.34029769897461
2285064000,0.0,0.0,-0.0,-2.999157428741455,-0.0014553070068359375,-9.34029769897461
2291972000,0.0,0.0,-0.0,-2.999157428741455,-0.0014553070068359375,-9.34029769897461
2305959000,0.0,0.0,-0.0,-2.999157428741455,-0.0014553070068359375,-9.34029769897461
2312780000,0.0,0.0,-0.0,-2.999157428741455,-0.0014553070068359375,-9.34029769897461
2319760000,0.0,0.0,-0.0,-2.999157428741455,-0.0014553070068359375,-9.34029769897461
2326682000,0.0,0.0,-0.0,-2.999157428741455,-0.0014553070068359375,-9.34029769897461
2333645000,0.0,0.0,-0.0,-2.999157428741455,-0.0014553070068359375,-9.34029769897461
2347514000,0.0,0.0,-0.0,-2.999157428741455,-0.0014553070068359375,-9.34029769897461
2354488000,0.0,0.0,-0.0,-2.999157428741455,-0.0014553070068359375,-9.34029769897461
2361402000,0.0,0.0,-0.0,-2.999157428741455,-0.0014553070068359375,-9.34029769897461
2368536000,0.0,0.0,-0.0,-2.999157428741455,-0.0014553070068359375,-9.34029769897461
2382299000,0.0,0.0,-0.0,-2.999157428741455,-0.0014553070068359375,-9.34029769897461
2389249000,0.0,0.0,-0.0,-2.999157428741455,-0.0014553070068359375,-9.34029769897461
2396180000,0.0,0.0,-0.0,-2.999157428741455,-0.0014553070068359375,-9.34029769897461
2403153000,0.0,0.0,-0.0,-2.999157428741455,-0.0014553070068359375,-9.34029769897461
2410025000,0.0,0.0,-0.0,-2.999157428741455,-0.0014553070068359375,-9.34029769897461
2423964000,0.0,0.0,-0.0,-2.999157428741455,-0.0014553070068359375,-9.34029769897461
2430897000,0.0,0.0,-0.0,-2.999157428741455,-0.0014553070068359375,-9.34029769897461
2437924000,0.0,0.0,-0.0,-2.999157428741455,-0.0014553070068359375,-9.34029769897461
2444743000,0.0,0.0,-0.0,-2.999157428741455,-0.0014553070068359375,-9.34029769897461
2458639000,0.0,0.0,-0.0,-2.999157428741455,-0.0014553070068359375,-9.34029769897461
2465580000,0.0,0.0,-0.0,-2.999157428741455,-0.0014553070068359375,-9.34029769897461
2472573000,0.0,0.0,-0.0,-2.999157428741455,-0.0014553070068359375,-9.34029769897461
2479476000,0.0,0.0,-0.0,-2.999157428741455,-0.0014553070068359375,-9.34029769897461
2493387000,0.0,0.0,-0.0,-2.999157428741455,-0.0014553070068359375,-9.34029769897461
2500307000,0.0,0.0,-0.0,-2.999157428741455,-0.0014553070068359375,-9.34029769897461
2507286000,0.0,0.0,-0.0,-2.999157428741455,-0.0014553070068359375,-9.34029769897461
2514207000,0.0,0.0,-0.0,-2.999157428741455,-0.0014553070068359375,-9.34029769897461
2521351000,0.0,0.0,-0.0,-2.999157428741455,-0.0014553070068359375,-9.34029769897461
2535110000,0.0,0.0,-0.0,-2.999157428741455,-0.0014553070068359375,-9.34029769897461
2542014000,0.0,0.0,-0.0,-2.999157428741455,-0.0014553070068359375,-9.34029769897461
2548963000,0.0,0.0,-0.0,-2.999157428741455,-0.0014553070068359375,-9.34029769897461
2556032000,0.0,0.0,-0.0,-2.999157428741455,-0.0014553070068359375,-9.34029769897461
2562857000,0.0,0.0,-0.0,-2.999157428741455,-0.0014553070068359375,-9.34029769897461
2576727000,0.0,0.0,-0.0,-2.999157428741455,-0.0014553070068359375,-9.34029769897461
2583672000,0.0,0.0,-0.0,-2.999157428741455,-0.0014553070068359375,-9.34029769897461
2590685000,0.0,0.0,-0.0,-2.999157428741455,-0.0014553070068359375,-9.34029769897461
2597565000,0.0,0.0,-0.0,-2.999157428741455,-0.0014553070068359375,-9.34029769897461
2611453000,0.0,0.0,-0.0,-2.999157428741455,-0.0014553070068359375,-9.34029769897461
2618564000,0.0,0.0,-0.0,-2.999157428741455,-0.0014553070068359375,-9.34029769897461
2625347000,0.0,0.0,-0.0,-2.999157428741455,-0.0014553070068359375,-9.34029769897461
2632326000,0.0,0.0,-0.0,-2.999157428741455,-0.0014553070068359375,-9.34029769897461
2639278000,0.0,0.0,-0.0,-2.999157428741455,-0.0014553070068359375,-9.34029769897461
2653173000,0.0,0.0,-0.0,-2.999157428741455,-0.0014553070068359375,-9.34029769897461
2660059000,0.0,0.0,-0.0,-2.999157428741455,-0.0014553070068359375,-9.34029769897461
2667012000,0.0,0.0,-0.0,-2.999157428741455,-0.0014553070068359375,-9.34029769897461
2680982000,0.0,0.0,-0.0,-2.999157428741455,-0.0014553070068359375,-9.34029769897461
2687898000,0.0,0.0,-0.0,-2.999157428741455,-0.0014553070068359375,-9.34029769897461
2694812000,0.0,0.0,-0.0,-2.999157428741455,-0.0014553070068359375,-9.34029769897461
2701818000,0.0,0.0,-0.0,-2.999157428741455,-0.0014553070068359375,-9.34029769897461
2708722000,0.0,0.0,-0.0,-2.999157428741455,-0.0014553070068359375,-9.34029769897461
2722651000,0.0,0.0,-0.0,-2.999157428741455,-0.0014553070068359375,-9.34029769897461
2729635000,0.0,0.0,-0.0,-2.999157428741455,-0.0014553070068359375,-9.34029769897461
2736585000,0.0,0.0,-0.0,-2.999157428741455,-0.0014553070068359375,-9.34029769897461
2743486000,0.0,0.0,-0.0,-2.999157428741455,-0.0014553070068359375,-9.34029769897461
2750431000,0.0,0.0,-0.0,-2.999157428741455,-0.0014553070068359375,-9.34029769897461
2764333000,0.0,0.0,-0.0,-2.999157428741455,-0.0014553070068359375,-9.34029769897461
2771307000,0.0,0.0,-0.0,-2.999157428741455,-0.0014553070068359375,-9.34029769897461
2778215000,0.0,0.0,-0.0,-2.999157428741455,-0.0014553070068359375,-9.34029769897461
2785404000,0.0,0.0,-0.0,-2.999157428741455,-0.0014553070068359375,-9.34029769897461
2799072000,0.0,0.0,-0.0,-2.999157428741455,-0.0014553070068359375,-9.34029769897461
2806043000,0.0,0.0,-0.0,-2.999157428741455,-0.0014553070068359375,-9.34029769897461
2812934000,0.0,0.0,-0.0,-2.999157428741455,-0.0014553070068359375,-9.34029769897461
2819964000,0.0,0.0,-0.0,-2.999157428741455,-0.0014553070068359375,-9.34029769897461
2833796000,0.0,0.0,-0.0,-2.999157428741455,-0.0014553070068359375,-9.34029769897461
2840758000,0.0,0.0,-0.0,-2.999157428741455,-0.0014553070068359375,-9.34029769897461
2847711000,0.0,0.0,-0.0,-2.999157428741455,-0.0014553070068359375,-9.34029769897461
2854692000,0.0,0.0,-0.0,-2.999157428741455,-0.0014553070068359375,-9.34029769897461
2861579000,0.0,0.0,-0.0,-2.999157428741455,-0.0014553070068359375,-9.34029769897461
2875481000,0.0,0.0,-0.0,-2.999157428741455,-0.0014553070068359375,-9.34029769897461
2882483000,0.0,0.0,-0.0,-2.999157428741455,-0.0014553070068359375,-9.34029769897461
2889425000,0.0,0.0,-0.0,-2.999157428741455,-0.0014553070068359375,-9.34029769897461
2896347000,0.0,0.0,-0.0,-2.999157428741455,-0.0014553070068359375,-9.34029769897461
2910215000,0.0,0.0,-0.0,-2.999157428741455,-0.0014553070068359375,-9.34029769897461
2917189000,0.0,0.0,-0.0,-2.999157428741455,-0.0014553070068359375,-9.34029769897461
2924124000,0.0,0.0,-0.0,-2.999157428741455,-0.0014553070068359375,-9.34029769897461
2931040000,0.0,0.0,-0.0,-2.999157428741455,-0.0014553070068359375,-9.34029769897461
2938061000,0.0,0.0,-0.0,-2.999157428741455,-0.0014553070068359375,-9.34029769897461
2951939000,0.0,0.0,-0.0,-2.999157428741455,-0.0014553070068359375,-9.34029769897461
2958838000,0.0,0.0,-0.0,-2.999157428741455,-0.0014553070068359375,-9.34029769897461
2965760000,0.0,0.0,-0.0,-2.999157428741455,-0.0014553070068359375,-9.34029769897461
2972751000,0.0,0.0,-0.0,-2.999157428741455,-0.0014553070068359375,-9.34029769897461
2986670000,0.0,0.0,-0.0,-2.999157428741455,-0.0014553070068359375,-9.34029769897461
2993552000,0.0,0.0,-0.0,-2.999157428741455,-0.0014553070068359375,-9.34029769897461
3000533000,0.0,0.0,-0.0,-2.999157428741455,-0.0014553070068359375,-9.34029769897461
3007492000,0.0,0.0,-0.0,-2.999157428741455,-0.0014553070068359375,-9.34029769897461
3021357000,0.0,0.0,-0.0,-2.999157428741455,-0.0014553070068359375,-9.34029769897461
3028280000,0.0,0.0,-0.0,-2.999157428741455,-0.0014553070068359375,-9.34029769897461
3035363000,0.0,0.0,-0.0,-2.999157428741455,-0.0014553070068359375,-9.34029769897461
3042185000,0.0,0.0,-0.0,-2.999157428741455,-0.0014553070068359375,-9.34029769897461
3049085000,0.0,0.0,-0.0,-2.999157428741455,-0.0014553070068359375,-9.34029769897461
3062991000,0.0,0.0,-0.0,-2.999157428741455,-0.0014553070068359375,-9.34029769897461
3070012000,0.0,0.0,-0.0,-2.999157428741455,-0.0014553070068359375,-9.34029769897461
3077008000,0.0,0.0,-0.0,-2.999157428741455,-0.0014553070068359375,-9.34029769897461
3083814000,0.0,0.0,-0.0,-2.999157428741455,-0.0014553070068359375,-9.34029769897461
3090823000,0.0,0.0,-0.0,-2.999157428741455,-0.0014553070068359375,-9.34029769897461
3104684000,0.0,0.0,-0.0,-2.999157428741455,-0.0014553070068359375,-9.34029769897461
3111598000,0.0,0.0,-0.0,-2.999157428741455,-0.0014553070068359375,-9.34029769897461
3118585000,0.0,0.0,-0.0,-2.999157428741455,-0.0014553070068359375,-9.34029769897461
3125503000,0.0,0.0,-0.0,-2.999157428741455,-0.0014553070068359375,-9.34029769897461
3132485000,0.0,0.0,-0.0,-2.999157428741455,-0.0014553070068359375,-9.34029769897461
3146317000,0.0,0.0,-0.0,-2.999157428741455,-0.0014553070068359375,-9.34029769897461
3153319000,0.0,0.0,-0.0,-2.999157428741455,-0.0014553070068359375,-9.34029769897461
3160208000,0.0,0.0,-0.0,-2.999157428741455,-0.0014553070068359375,-9.34029769897461
3167177000,0.0,0.0,-0.0,-2.999157428741455,-0.0014553070068359375,-9.34029769897461
3181040000,0.0,0.0,-0.0,-2.999157428741455,-0.0014553070068359375,-9.34029769897461
3188051000,0.0,0.0,-0.0,-2.999157428741455,-0.0014553070068359375,-9.34029769897461
3195115000,0.0,0.0,-0.0,-2.999157428741455,-0.0014553070068359375,-9.34029769897461
3201978000,0.0,0.0,-0.0,-2.999157428741455,-0.0014553070068359375,-9.34029769897461
3215780000,0.0,0.0,-0.0,-2.999157428741455,-0.0014553070068359375,-9.34029769897461
3222754000,0.0,0.0,-0.0,-2.999157428741455,-0.0014553070068359375,-9.34029769897461
3229784000,0.0,0.0,-0.0,-2.999157428741455,-0.0014553070068359375,-9.34029769897461
3236702000,0.0,0.0,-0.0,-2.999157428741455,-0.0014553070068359375,-9.34029769897461
3243565000,0.0,0.0,-0.0,-2.999157428741455,-0.0014553070068359375,-9.34029769897461
3257476000,0.0,0.0,-0.0,-2.999157428741455,-0.0014553070068359375,-9.34029769897461
3264388000,0.0,0.0,-0.0,-2.999157428741455,-0.0014553070068359375,-9.34029769897461
3271384000,0.0,0.0,-0.0,-2.999157428741455,-0.0014553070068359375,-9.34029769897461
3278294000,0.0,0.0,-0.0,-2.999157428741455,-0.0014553070068359375,-9.34029769897461
3285306000,0.0,0.0,-0.0,-2.999157428741455,-0.0014553070068359375,-9.34029769897461
3299124000,0.0,0.0,-0.0,-2.999157428741455,-0.0014553070068359375,-9.34029769897461
3306148000,0.0,0.0,-0.0,-2.999157428741455,-0.0014553070068359375,-9.34029769897461
3313031000,0.0,0.0,-0.0,-2.999157428741455,-0.0014553070068359375,-9.34029769897461
3320042000,0.0,0.0,-0.0,-2.999157428741455,-0.0014553070068359375,-9.34029769897461
3333843000,0.0,0.0,-0.0,-2.999157428741455,-0.0014553070068359375,-9.34029769897461
3340884000,0.0,0.0,-0.0,-2.999157428741455,-0.0014553070068359375,-9.34029769897461
3347732000,0.0,0.0,-0.0,-2.999157428741455,-0.0014553070068359375,-9.34029769897461
3354694000,0.0,0.0,-0.0,-2.999157428741455,-0.0014553070068359375,-9.34029769897461
3361655000,0.0,0.0,-0.0,-2.999157428741455,-0.0014553070068359375,-9.34029769897461
3375516000,0.0,0.0,-0.0,-2.999157428741455,-0.0014553070068359375,-9.34029769897461
3382437000,0.0,0.0,-0.0,-2.999157428741455,-0.0014553070068359375,-9.34029769897461
3389435000,0.0,0.0,-0.0,-2.999157428741455,-0.0014553070068359375,-9.34029769897461
3396417000,0.0,0.0,-0.0,-2.999157428741455,-0.0014553070068359375,-9.34029769897461
3410232000,0.0,0.0,-0.0,-2.999157428741455,-0.0014553070068359375,-9.34029769897461
3417217000,0.0,0.0,-0.0,-2.999157428741455,-0.0014553070068359375,-9.34029769897461
3424181000,0.0,0.0,-0.0,-2.999157428741455,-0.0014553070068359375,-9.34029769897461
3431069000,0.0,0.0,-0.0,-2.999157428741455,-0.0014553070068359375,-9.34029769897461
3444959000,0.0,0.0,-0.0,-2.999157428741455,-0.0014553070068359375,-9.34029769897461
3451939000,0.0,0.0,-0.0,-2.999157428741455,-0.0014553070068359375,-9.34029769897461
3458906000,0.0,0.0,-0.0,-2.999157428741455,-0.0014553070068359375,-9.34029769897461
3465799000,0.0,0.0,-0.0,-2.999157428741455,-0.0014553070068359375,-9.34029769897461
3472828000,0.0,0.0,-0.0,-2.999157428741455,-0.0014553070068359375,-9.34029769897461
3486700000,0.0,0.0,-0.0,-2.999157428741455,-0.0014553070068359375,-9.34029769897461
3493561000,0.0,0.0,-0.0,-2.999157428741455,-0.0014553070068359375,-9.34029769897461
3500512000,0.0,0.0,-0.0,-2.999157428741455,-0.0014553070068359375,-9.34029769897461
3507499000,0.0,0.0,-0.0,-2.999157428741455,-0.0014553070068359375,-9.34029769897461
3521434000,0.0,0.0,-0.0,-2.999157428741455,-0.0014553070068359375,-9.34029769897461
3528348000,0.0,0.0,-0.0,-2.999157428741455,-0.0014553070068359375,-9.34029769897461
3535340000,0.0,0.0,-0.0,-2.999157428741455,-0.0014553070068359375,-9.34029769897461
3542239000,0.0,0.0,-0.0,-2.999157428741455,-0.0014553070068359375,-9.34029769897461
3549176000,0.0,0.0,-0.0,-2.999157428741455,-0.0014553070068359375,-9.34029769897461
3563028000,0.0,0.0,-0.0,-2.999157428741455,-0.0014553070068359375,-9.34029769897461
3570047000,0.0,0.0,-0.0,-2.999157428741455,-0.0014553070068359375,-9.34029769897461
3576899000,0.0,0.0,-0.0,-2.999157428741455,-0.0014553070068359375,-9.34029769897461
3583832000,0.0,0.0,-0.0,-2.999157428741455,-0.0014553070068359375,-9.34029769897461
3597741000,0.0,0.0,-0.0,-2.999157428741455,-0.0014553070068359375,-9.34029769897461
3604755000,0.0,0.0,-0.0,-2.999157428741455,-0.0014553070068359375,-9.34029769897461
3611621000,0.0,0.0,-0.0,-2.999157428741455,-0.0014553070068359375,-9.34029769897461
3618643000,0.0,0.0,-0.0,-2.999157428741455,-0.0014553070068359375,-9.34029769897461
3625533000,0.0,0.0,-0.0,-2.999157428741455,-0.0014553070068359375,-9.34029769897461
3639436000,0.0,0.0,-0.0,-2.999157428741455,-0.0014553070068359375,-9.34029769897461
3646346000,0.0,0.0,-0.0,-2.999157428741455,-0.0014553070068359375,-9.34029769897461
3653354000,0.0,0.0,-0.0,-2.999157428741455,-0.0014553070068359375,-9.34029769897461
3660238000,0.0,0.0,-0.0,-2.999157428741455,-0.0014553070068359375,-9.34029769897461
3667230000,0.0,0.0,-0.0,-2.999157428741455,-0.0014553070068359375,-9.34029769897461
3681086000,0.0,0.0,-0.0,-2.999157428741455,-0.0014553070068359375,-9.34029769897461
3688054000,0.0,0.0,-0.0,-2.999157428741455,-0.0014553070068359375,-9.34029769897461
3694968000,0.0,0.0,-0.0,-2.999157428741455,-0.0014553070068359375,-9.34029769897461
3701930000,0.0,0.0,-0.0,-2.999157428741455,-0.0014553070068359375,-9.34029769897461
3708922000,0.0,0.0,-0.0,-2.999157428741455,-0.0014553070068359375,-9.34029769897461
3722768000,0.0,0.0,-0.0,-2.999157428741455,-0.0014553070068359375,-9.34029769897461
3729769000,0.0,0.0,-0.0,-2.999157428741455,-0.0014553070068359375,-9.34029769897461
3736743000,0.0,0.0,-0.0,-2.999157428741455,-0.0014553070068359375,-9.34029769897461
3743606000,0.0,0.0,-0.0,-2.999157428741455,-0.0014553070068359375,-9.34029769897461
3757563000,0.0,0.0,-0.0,-2.999157428741455,-0.0014553070068359375,-9.34029769897461
3764449000,0.0,0.0,-0.0,-2.999157428741455,-0.0014553070068359375,-9.34029769897461
3771509000,0.0,0.0,-0.0,-2.999157428741455,-0.0014553070068359375,-9.34029769897461
3778342000,-0.0063606807962059975,-0.010504079982638359,-0.0031611835584044456,-2.9783811569213867,0.06337380409240723,-8.376497268676758
3792239000,-0.0005811783485114574,-0.005752686411142349,-0.0004940663930028677,-1.8474595546722412,-0.01620405912399292,-9.486047744750977
3799156000,0.002407952444627881,-0.0004728781059384346,0.0001889148261398077,-0.6951980590820312,-0.019669055938720703,-9.37366771697998
3806143000,0.0023827983532100916,0.0033284651581197977,0.0005136234685778618,-0.0003154277801513672,0.00016224384307861328,-9.795499801635742
3813030000,0.002049380913376808,0.005529297981411219,0.0007215952500700951,-0.0006089210510253906,0.000156402587890625,-11.076190948486328
3820066000,0.0015033702366054058,0.006174100562930107,0.0008195869741030037,-0.000802159309387207,0.00012743473052978516,-12.214640617370605
3833897000,0.00045710382983088493,0.004455472808331251,0.000751502113416791,-0.0011625289916992188,4.3392181396484375e-05,-14.077349662780762
3840849000,0.00015347986482083797,0.0031165168620646,0.0006284955888986588,-0.0012803077697753906,1.52587890625e-05,-14.82010555267334
3847760000,1.917674671858549e-05,0.0019803796894848347,0.00047593750059604645,-0.001394033432006836,2.384185791015625e-07,-15.453240394592285
3854796000,1.5606055967509747e-05,0.0012221013894304633,0.00031399514409713447,-0.001903533935546875,1.6689300537109375e-06,-15.988775253295898
3861686000,8.75928089953959e-05,0.0008573413942940533,0.0001591607870068401,-0.0020520687103271484,9.775161743164062e-06,-16.440731048583984
3875583000,0.0002677574520930648,0.0009227293194271624,-8.41509026940912e-05,-0.0030913352966308594,3.0279159545898438e-05,-17.13454246520996
3882510000,0.0003214391181245446,0.0011080042459070683,-0.00016104224778246135,-0.003606557846069336,3.838539123535156e-05,-17.396820068359375
3889493000,0.0003422789741307497,0.001271091983653605,-0.00020683169714175165,-0.004370689392089844,4.124641418457031e-05,-17.613067626953125
3896447000,0.0003368811449036002,0.00137030566111207,-0.0002240244793938473,-0.004753589630126953,4.124641418457031e-05,-17.792049407958984
3903379000,0.00031582731753587723,0.0013978242641314864,-0.0002173871180275455,-0.005591154098510742,3.790855407714844e-05,-17.937335968017578
3917204000,0.00026411202270537615,0.001304133329540491,-0.00015619341866113245,-0.006996631622314453,3.266334533691406e-05,-18.15131378173828
3924234000,0.0002446023281663656,0.0012276084162294865,-0.00011355846072547138,-0.007706165313720703,3.123283386230469e-05,-18.22762680053711
3931107000,0.0002308790571987629,0.0011551674688234925,-7.007432577665895e-05,-0.008702516555786133,2.9325485229492188e-05,-18.286983489990234
3938100000,0.00022228271700441837,0.0010945623507723212,-2.97616352327168e-05,-0.009446382522583008,2.5987625122070312e-05,-18.333633422851562
3944994000,0.0002173301763832569,0.0010475260205566883,4.424335202202201e-06,-0.010359764099121094,3.0279159545898438e-05,-18.368499755859375
3958907000,0.0002098148688673973,0.0009844835149124265,4.85871423734352e-05,-0.012331724166870117,2.765655517578125e-05,-18.41106414794922
3965807000,0.000205308198928833,0.0009601586498320103,5.819961370434612e-05,-0.013486862182617188,2.5510787963867188e-05,-18.421367645263672
3972802000,0.00020011013839393854,0.0009368861210532486,6.0513186326716095e-05,-0.014481306076049805,2.384185791015625e-05,-18.426576614379883
3979748000,0.00019431952387094498,0.0009120987961068749,5.684280040441081e-05,-0.015623807907104492,2.4557113647460938e-05,-18.426780700683594
3986744000,0.00018810434266924858,0.0008864292176440358,4.89253070554696e-05,-0.016897201538085938,2.4318695068359375e-05,-18.422754287719727
4000672000,0.00017553981160745025,0.0008327007526531816,2.6502559194341302e-05,-0.019260883331298828,2.3126602172851562e-05,-18.406158447265625
4007544000,0.00016983674140647054,0.000805852934718132,1.4925659343134612e-05,-0.02071356773376465,2.1219253540039062e-05,-18.39337730407715
4014419000,0.0001644469448365271,0.0007802502950653434,4.5615306589752436e-06,-0.021907329559326172,2.002716064453125e-05,-18.37964630126953
4021506000,0.00015965948114171624,0.0007556334603577852,-3.979250323027372e-06,-0.023374319076538086,1.9788742065429688e-05,-18.36343002319336
4035248000,0.00014984444715082645,0.000709312385879457,-1.428354880772531e-05,-0.026264429092407227,1.9550323486328125e-05,-18.32758140563965
4042230000,0.0001453064614906907,0.0006876468542031944,-1.6144811525009573e-05,-0.027814149856567383,1.6927719116210938e-05,-18.307781219482422
4049143000,0.00014108221512287855,0.0006667381385341287,-1.6202997358050197e-05,-0.029446840286254883,1.6927719116210938e-05,-18.287017822265625
4056186000,0.0001366267679259181,0.0006465610349550843,-1.4751582057215273e-05,-0.030889272689819336,1.7404556274414062e-05,-18.266239166259766
4063084000,0.00013214029604569077,0.0006266786367632449,-1.224829611601308e-05,-0.032625675201416016,1.7881393432617188e-05,-18.244037628173828
4077104000,0.00012411351781338453,0.0005882541299797595,-5.945687007624656e-06,0.018735647201538086,3.4332275390625e-05,-18.3621883392334
4084005000,0.00012049527140334249,0.000570187927223742,-2.933498763013631e-06,-0.037886857986450195,1.6450881958007812e-05,-18.1744384765625
4091006000,0.00011680967872962356,0.0005525316228158772,-2.8884096536785364e-07,-0.0396270751953125,1.6450881958007812e-05,-18.150842666625977
4097953000,0.00011323310900479555,0.0005355604807846248,1.782631443347782e-06,-0.04149770736694336,1.6689300537109375e-05,-18.126501083374023
4104902000,0.00010983325773850083,0.0005190096562728286,3.224849933758378e-06,-0.043512821197509766,1.52587890625e-05,-18.10175895690918
4118728000,0.00010331196244806051,0.00048766419058665633,4.3309846660122275e-06,-0.047347068786621094,1.430511474609375e-05,-18.052244186401367
4125698000,9.999360190704465e-05,0.0004731114022433758,4.156307113589719e-06,-0.049310922622680664,1.3589859008789062e-05,-18.02707862854004
4132679000,9.67319356277585e-05,0.0004586341674439609,3.7185272958595306e-06,-0.08099031448364258,4.0531158447265625e-06,-17.914724349975586
4139658000,9.382321150042117e-05,0.0004440756165422499,2.9807597456965595e-06,-0.023734569549560547,2.002716064453125e-05,-18.063173294067383
4146587000,9.102514013648033e-05,0.0004301558656152338,2.15875479625538e-06,-0.05569958686828613,1.1444091796875e-05,-17.949743270874023
4160559000,8.520641131326556e-05,0.0004044029046781361,4.814100975636393e-07,-0.04273700714111328,1.52587890625e-05,-17.948135375976562
4167502000,8.247050573118031e-05,0.00039197521982714534,-1.8709033611230552e-07,-0.08072447776794434,5.245208740234375e-06,-17.81788444519043
4174503000,8.027805597521365e-05,0.0003796596429310739,-7.266135071404278e-07,-0.04623913764953613,1.52587890625e-05,-17.898103713989258
4181388000,7.77450914029032e-05,0.00036792753962799907,-1.0471158020664006e-06,-0.06713294982910156,9.775161743164062e-06,-17.817689895629883
4195284000,7.323524914681911e-05,0.00034549395786598325,-1.1394804459996521e-06,-0.07194972038269043,8.58306884765625e-06,-17.76416778564453
4202196000,7.078985800035298e-05,0.0003349678299855441,-1.0694820957724005e-06,-0.0743248462677002,8.344650268554688e-06,-17.737594604492188
4209225000,6.852683145552874e-05,0.00032469307188875973,-9.125251381192356e-07,-0.07688784599304199,8.821487426757812e-06,-17.71031379699707
4216115000,6.658653728663921e-05,0.0003145502123516053,-6.739101081620902e-07,-0.07944846153259277,8.821487426757812e-06,-17.683147430419922
4223095000,6.44228421151638e-05,0.0003051874227821827,-4.499670467339456e-07,-0.08192753791809082,8.58306884765625e-06,-17.656103134155273
4237030000,6.0167600167915225e-05,0.00028664609999395907,-4.249886842444539e-08,-0.08722472190856934,7.62939453125e-06,-17.60127067565918
4243882000,5.841968231834471e-05,0.0002779299393296242,1.426778908353299e-07,-0.09003567695617676,7.62939453125e-06,-17.573436737060547
4250839000,5.6670833146199584e-05,0.00026962358970195055,2.2518725018016994e-07,-0.09272217750549316,7.62939453125e-06,-17.545896530151367
4257817000,5.5088254157453775e-05,0.00026133510982617736,3.026434569619596e-07,-0.09543991088867188,7.152557373046875e-07,-17.51826286315918
4271787000,5.185359623283148e-05,0.00024512369418516755,3.550703695509583e-07,-0.10111761093139648,0.0,-17.46261215209961
4278618000,5.0291273510083556e-05,0.0002376631455263123,2.8763497539330274e-07,-0.10402727127075195,6.67572021484375e-06,-17.434354782104492
4285561000,4.861842899117619e-05,0.00023026652343105525,2.69974407274276e-07,-0.10700678825378418,7.152557373046875e-07,-17.406280517578125
4292568000,4.7184323193505406e-05,0.0002231748221674934,1.621156116016209e-07,-0.11005187034606934,5.0067901611328125e-06,-17.377853393554688
4299487000,4.5704597141593695e-05,0.00021617770835291594,6.088703230489045e-08,-0.1129903793334961,-7.152557373046875e-07,-17.3498592376709
4313363000,4.302689922042191e-05,0.00020329710969235748,-1.233092916663736e-07,-0.11910319328308105,-2.384185791015625e-07,-17.293161392211914
4320457000,4.189030732959509e-05,0.00019730202620849013,-1.6139165381900966e-07,-0.12224793434143066,3.814697265625e-06,-17.264623641967773
4327223000,4.049895505886525e-05,0.00019141187658533454,-1.9712024368345737e-07,-0.12530183792114258,-1.1920928955078125e-06,-17.236469268798828
4334171000,3.922282485291362e-05,0.0001852783898357302,-1.8500031728763133e-07,-0.12861919403076172,3.5762786865234375e-06,-17.207509994506836
4341170000,3.8128739106468856e-05,0.00017943634884431958,-2.6491397875361145e-07,-0.13174700736999512,-1.1920928955078125e-06,-17.17912483215332
4355047000,3.574338916223496e-05,0.00016846648941282183,-2.762171789072454e-07,-0.13850164413452148,2.384185791015625e-07,-17.121204376220703
4361937000,3.447869676165283e-05,0.00016352231614291668,-2.1360574464779347e-07,-0.14168643951416016,3.5762786865234375e-06,-17.09288215637207
4368884000,3.33944772137329e-05,0.0001583664707140997,-1.0921212378889322e-07,-0.14509892463684082,4.76837158203125e-07,-17.063913345336914
4375948000,3.229819412808865e-05,0.00015344603161793202,-5.685797077603638e-08,-0.14848709106445312,4.76837158203125e-06,-17.03508949279785
4389757000,3.0457362299785018e-05,0.00014427713176701218,-5.009496817365289e-08,-0.15548920631408691,3.814697265625e-06,-16.976999282836914
4396957000,2.944664447568357e-05,0.00013994962500873953,-4.7013600124046206e-08,-0.1589360237121582,2.384185791015625e-07,-16.948041915893555
4403652000,2.891372423619032e-05,0.0001355726271867752,-4.413595888763666e-08,-0.1625211238861084,3.5762786865234375e-06,-16.918804168701172
4410553000,2.812329330481589e-05,0.00013123649114277214,-4.142384568694979e-08,-0.16616058349609375,2.384185791015625e-07,-16.889625549316406
4424537000,2.6459747459739447e-05,0.00012337906809989363,-8.214919944293797e-08,-0.17340803146362305,1.1920928955078125e-06,-16.83129119873047
4431483000,2.526903699617833e-05,0.00011961548443650827,-1.227454049512744e-07,-0.17717576026916504,-2.6226043701171875e-06,-16.801836013793945
4438400000,2.4248205590993166e-05,0.00011605530744418502,-1.6085232346085832e-07,-0.18076777458190918,-5.245208740234375e-06,-16.772859573364258
4445321000,2.3456450435332954e-05,0.00011258627637289464,-1.0532676242291927e-07,-0.19008660316467285,-7.152557373046875e-07,-16.728975296020508
4452216000,2.2859880118630826e-05,0.00010893804574152455,-7.386915967799723e-09,-0.18283891677856445,-9.5367431640625e-07,-16.728498458862305
4466196000,2.150709042325616e-05,0.00010265388846164569,1.2479722499847412e-07,-0.1960303783416748,1.1920928955078125e-06,-16.655338287353516
4473114000,2.093970397254452e-05,9.967966616386548e-05,1.1713382264133543e-07,-0.1999492645263672,-1.1920928955078125e-06,-16.625804901123047
4480024000,2.0286504877731204e-05,9.646278340369463e-05,1.0994153853971511e-07,-0.20395636558532715,-3.5762786865234375e-06,-16.596206665039062
4487065000,1.9809835066553205e-05,9.345469152322039e-05,1.0321491572540253e-07,-0.20775365829467773,3.814697265625e-06,-16.56711769104004
4500881000,1.847915700636804e-05,8.730701665626839e-05,4.5286469685379416e-08,-0.21584582328796387,-7.152557373046875e-07,-16.507953643798828
4507830000,1.784351479727775e-05,8.477158553432673e-05,4.249886842444539e-08,-0.2197871208190918,2.1457672119140625e-06,-16.478599548339844
4514737000,1.721522130537778e-05,8.226447243941948e-05,-5.752553988713771e-09,-0.22409653663635254,-2.384185791015625e-07,-16.448604583740234
4521727000,1.659316330915317e-05,7.969808939378709e-05,-5.103993316879496e-08,-0.22798752784729004,-1.9073486328125e-06,-16.419544219970703
4528623000,1.6393416444770992e-05,7.733120582997799e-05,-4.790308594238013e-08,-0.23226332664489746,-3.5762786865234375e-06,-16.38966178894043
4535566000,1.6138794308062643e-05,7.488510163966566e-05,6.748450687155128e-10,-0.2364354133605957,7.152557373046875e-07,-16.360363006591797
4549467000,1.5101977623999119e-05,7.064481906127185e-05,8.906954462872818e-08,-0.2448883056640625,-2.86102294921875e-06,-16.301082611083984
4556451000,1.4698089216835797e-05,6.840236892458051e-05,1.2924101611133665e-07,-0.24910378456115723,-5.245208740234375e-06,-16.271686553955078
4563354000,1.4435187040362507e-05,6.639655475737527e-05,1.213174982694909e-07,-0.25341129302978516,1.430511474609375e-06,-16.24205207824707
4570545000,1.3792923709843308e-05,6.409329944290221e-05,1.1386646292521618e-07,-0.25804996490478516,-2.384185791015625e-07,-16.21152114868164
4584191000,1.2281783710932359e-05,6.023507739882916e-05,1.1831616575364023e-08,-0.2665596008300781,-3.5762786865234375e-06,-16.153188705444336
4591227000,1.186340523418039e-05,5.822726234328002e-05,-3.453533281572163e-08,-0.27097249031066895,-5.0067901611328125e-06,-16.123628616333008
4598070000,1.167148002423346e-05,5.633915861835703e-05,-7.805329005350359e-08,-0.27526164054870605,7.152557373046875e-07,-16.094457626342773
4605059000,1.1506956070661545e-05,5.4637166613247246e-05,-7.325979822780937e-08,-0.2799341678619385,-2.384185791015625e-07,-16.06437110900879
4618926000,1.093523678719066e-05,5.176026752451435e-05,-6.453910827985965e-08,-0.28890180587768555,-2.86102294921875e-06,-16.00567054748535
4625909000,1.0708998161135241e-05,5.0044560339301825e-05,-6.057462087483145e-08,-0.2934896945953369,-4.0531158447265625e-06,-15.975982666015625
4632922000,1.0431645932840183e-05,4.849026299780235e-05,-5.6853878049878404e-08,-0.29799675941467285,-5.4836273193359375e-06,-15.946704864501953
4639788000,1.0110528819495812e-05,4.707439074991271e-05,-5.337051334208809e-08,-0.3026885986328125,-9.5367431640625e-07,-15.91700553894043
4646683000,9.66843799687922e-06,4.5527020120061934e-05,-4.4547050492838025e-09,-0.30736351013183594,-2.384185791015625e-06,-15.887591361999512
4660589000,8.72623422765173e-06,4.283674934413284e-05,-3.925379132851958e-09,-0.3166069984436035,-4.0531158447265625e-06,-15.829079627990723
4667597000,8.48167110234499e-06,4.156051727477461e-05,-3.6834535421803594e-09,-0.32149267196655273,-5.0067901611328125e-06,-15.79922103881836
4674519000,8.605544280726463e-06,4.029959745821543e-05,-3.457898856140673e-09,-0.32619547843933105,-5.9604644775390625e-06,-15.770090103149414
4681419000,8.461585821351036e-06,3.8885074900463223e-05,-3.2455318432766944e-09,-0.33098530769348145,-6.9141387939453125e-06,-15.740789413452148
4695323000,7.767754141241312e-06,3.6168166843708605e-05,-2.8608155844267458e-09,-0.3406529426574707,-2.1457672119140625e-06,-15.682153701782227
4702289000,7.576571078971028e-06,3.517643199302256e-05,-2.684828359633684e-09,-0.34551310539245605,-3.0994415283203125e-06,-15.652664184570312
4709224000,7.329286745516583e-06,3.4326178138144314e-05,-2.520209818612784e-09,-0.35032200813293457,-3.814697265625e-06,-15.62364387512207
4716145000,7.117290806490928e-06,3.3430493203923106e-05,-2.366050466662273e-09,-0.35532546043395996,-4.76837158203125e-06,-15.594564437866211
4723160000,6.768776074750349e-06,3.241247759433463e-05,-2.2209860617294908e-09,-0.3601822853088379,-5.0067901611328125e-06,-15.565451622009277
4737118000,6.511691026389599e-06,3.0076782422838733e-05,-1.9560957298381254e-09,-0.37021708488464355,-6.67572021484375e-06,-15.506975173950195
4743943000,6.249587386264466e-06,2.9120399631210603e-05,-1.8360424292040989e-09,-0.3752329349517822,-7.3909759521484375e-06,-15.477947235107422
4750845000,6.02488944423385e-06,2.830047014867887e-05,-1.7239472072105855e-09,-0.38013195991516113,-8.106231689453125e-06,-15.449188232421875
4757868000,5.915633664699271e-06,2.7597565349424258e-05,-1.6163994587259367e-09,-0.38531243801116943,-1.6689300537109375e-06,-15.419904708862305
4771766000,5.670186510542408e-06,2.6228166461805813e-05,-4.706294021161739e-08,-0.3954569101333618,-2.86102294921875e-06,-15.36218547821045
4778634000,5.2780142141273245e-06,2.5320645363535732e-05,-8.981260180007666e-08,-0.4006791114807129,-3.337860107421875e-06,-15.333168983459473
4785559000,4.858404281549156e-06,2.4459219275740907e-05,-8.429719855485018e-08,-0.40576088428497314,-3.814697265625e-06,-15.304557800292969
4792613000,4.665442247642204e-06,2.3553940991405398e-05,-3.347940946696326e-08,-0.41084837913513184,-4.5299530029296875e-06,-15.275947570800781
4799525000,4.5000215322943404e-06,2.302800385223236e-05,1.4215174815035425e-08,-0.4160081148147583,-4.5299530029296875e-06,-15.247316360473633
4813351000,4.452551365830004e-06,2.099484481732361e-05,1.2523742043413222e-08,-0.42581185698509216,-1.1920928955078125e-07,2.8796262741088867
4820421000,4.4425851228879765e-06,2.0000246877316386e-05,1.1754536899388768e-08,-0.43090760707855225,1.6689300537109375e-06,7.584251880645752
4827258000,4.267270924174227e-06,1.935602631419897e-05,1.103285285353195e-08,-0.43598151206970215,3.0994415283203125e-06,10.49804973602295
4834339000,4.075283868587576e-06,1.842850906541571e-05,5.59939508093521e-08,-0.4703407287597656,-3.5762786865234375e-06,11.864724159240723
4841258000,3.993134669144638e-06,1.7792845028452575e-05,5.2516270443447866e-08,-0.416729211807251,7.152557373046875e-06,13.05323314666748
4855170000,3.6973033274989575e-06,1.654401421546936e-05,4.626440386346076e-08,-0.4567023515701294,2.384185791015625e-07,12.378957748413086
4862089000,3.4198837965959683e-06,1.60177587531507e-05,4.342325610195985e-08,-0.4620164632797241,9.5367431640625e-07,11.6516752243042
4868988000,3.223736712243408e-06,1.564997546665836e-05,4.075684501003707e-08,-0.4674210548400879,7.152557373046875e-07,10.742938041687012
4876009000,3.055577508348506e-06,1.5292973330360837e-05,3.825380190392025e-08,-0.4727112054824829,7.152557373046875e-07,9.735170364379883
4889876000,2.7937667255173437e-06,1.4551804270013236e-05,3.369973455846775e-08,-0.4835939407348633,9.5367431640625e-07,7.640138626098633
4896940000,2.7286496333545074e-06,1.4226417988538742e-05,8.809934115561191e-09,-0.4889458417892456,9.5367431640625e-07,6.623908042907715
4903944000,2.7770574888563715e-06,1.3926617612014525e-05,8.269125828519464e-09,-0.4944153428077698,8.344650268554688e-07,5.656971454620361
4910671000,2.735172529355623e-06,1.3523679626814555e-05,7.760831977066118e-09,-0.4999537467956543,5.960464477539062e-07,4.750263214111328
4917609000,2.8451886464608833e-06,1.3157388821127824e-05,7.28471150068799e-09,-0.5054246187210083,4.76837158203125e-07,3.9110515117645264
4931513000,2.645111635501962e-06,1.2374615835142322e-05,-1.5000978237367235e-08,-0.5165658593177795,1.7881393432617188e-07,2.44085955619812
4938562000,2.517826942494139e-06,1.2057640560669824e-05,8.739448276173789e-09,-0.5220909714698792,1.7881393432617188e-07,1.8077523708343506
4945402000,2.473844688211102e-06,1.1650393389572855e-05,3.102263690379914e-08,-0.5276353359222412,-5.960464477539063e-08,1.2388299703598022
4952320000,2.4179007596103474e-06,1.1205501323274802e-05,5.1937149692093953e-08,-0.5332609415054321,-2.384185791015625e-07,0.7292639017105103
4959323000,2.323035914741922e-06,1.094982053473359e-05,4.8747551772976294e-08,-0.5389874577522278,-4.172325134277344e-07,0.2749781608581543
4973291000,2.0930528989993036e-06,1.0361968634242658e-05,6.43626663077157e-08,-0.5501932501792908,-6.258487701416016e-07,-0.486062228679657
4980105000,2.0341194613138214e-06,1.0123723768629134e-05,3.759066657949006e-08,-0.5559079051017761,-8.046627044677734e-07,-0.8023642301559448
4987293000,2.0148609110037796e-06,9.794398465601262e-06,1.2462578524718992e-08,-0.5622753500938416,-6.258487701416016e-07,-1.083631157875061
4994068000,2.040053004748188e-06,9.43899794947356e-06,1.1696783985826187e-08,-0.5666097402572632,-3.2782554626464844e-07,-1.3247822523117065
5007954000,1.978892214538064e-06,8.93287142389454e-06,-1.1114138942502905e-08,-0.5787548422813416,-5.364418029785156e-07,-1.733725905418396
5014831000,1.904977580124978e-06,8.783895282249432e-06,-1.0431563168822322e-08,-0.5845690369606018,-5.960464477539062e-07,-1.900949478149414
5021894000,1.8520331650506705e-06,8.635331141704228e-06,-9.791051525098737e-09,-0.5903268456459045,-6.258487701416016e-07,-2.0478155612945557
5028777000,1.796221113181673e-06,8.341199645656161e-06,-9.18976184038911e-09,-0.5960562825202942,-5.662441253662109e-07,-2.177098274230957
5042647000,1.6299172784783877e-06,7.875836672610603e-06,-5.233351885181037e-08,-0.6077503561973572,-8.046627044677734e-07,-2.3906497955322266
5049555000,1.605800207471475e-06,7.606700364704011e-06,-2.6300597255612956e-08,-0.6135914921760559,-7.897615432739258e-07,-2.4790053367614746
5056543000,1.5642776816093829e-06,7.3342725954717025e-06,2.095362106047105e-08,-0.6193978190422058,-8.493661880493164e-07,-2.5567281246185303
5063504000,1.5703722056059632e-06,7.1632575782132335e-06,1.966679974430008e-08,-0.6252131462097168,-8.195638656616211e-07,-2.625723123550415
5070427000,1.4713691598444711e-06,7.016645213298034e-06,1.845899078034563e-08,-0.6311556100845337,-9.238719940185547e-07,-2.6868155002593994
5084269000,1.2333152881183196e-06,6.625348305533407e-06,3.908132839569589e-08,-0.6428450345993042,-9.08970832824707e-07,-2.7895522117614746
5091328000,1.2032519407512154e-06,6.492952707048971e-06,3.6681285564554855e-08,-0.6488985419273376,-9.387731552124023e-07,-2.833259105682373
5098164000,1.1774786798923742e-06,6.316910912573803e-06,5.724837137677241e-08,-0.6547945141792297,-1.0281801223754883e-06,-2.872427463531494
5105188000,1.2387677088554483e-06,6.082598247303395e-06,5.373283329390688e-08,-0.6607191562652588,-1.1175870895385742e-06,-2.9074580669403076
5119009000,1.199356574943522e-06,5.84353756494238e-06,4.733590230898699e-08,-0.6725538969039917,-1.0281801223754883e-06,-2.968705415725708
5126025000,1.1532924872881267e-06,5.63508365303278e-06,-1.210651134897489e-09,-0.6786671876907349,-1.1473894119262695e-06,-2.995551586151123
5132946000,1.0929538802884053e-06,5.414678980741883e-06,-4.6776449380558915e-08,-0.6845611333847046,-1.087784767150879e-06,-3.0199477672576904
5139949000,1.1037650438083801e-06,5.246573891781736e-06,-6.672377139693708e-08,-0.6904962062835693,-1.1622905731201172e-06,-3.042689323425293
5153778000,9.988793863158207e-07,4.922323569189757e-06,-5.878064257558435e-08,-0.7025220990180969,-1.1026859283447266e-06,-3.083897829055786
5160693000,9.188861440634355e-07,4.678558980231173e-06,-5.5171199164760765e-08,-0.708654522895813,-1.3113021850585938e-06,-3.102518081665039
5167667000,9.336890798294917e-07,4.5946508180350065e-06,-2.8964052489754977e-08,-0.7147108912467957,-1.3560056686401367e-06,-3.120414972305298
5174610000,1.008919298328692e-06,4.481019459490199e-06,-2.718513769650599e-08,-0.7205946445465088,-1.3113021850585938e-06,-3.1367177963256836
5181545000,9.691839295555837e-07,4.487835212785285e-06,-2.5515873858239502e-08,-0.7267102003097534,-1.3262033462524414e-06,-3.1528186798095703
5195431000,9.088885235541966e-07,4.185977104498306e-06,-4.3896420720557217e-08,-0.7388768792152405,-1.475214958190918e-06,-3.1830008029937744
5202324000,8.625793270766735e-07,4.130661636736477e-06,-1.8380660549155436e-08,-0.7448541522026062,-1.4603137969970703e-06,-3.196678638458252
5209327000,8.645711204735562e-07,3.9581659621035215e-06,-1.7251920780836372e-08,-0.7510421872138977,-1.564621925354004e-06,-3.2107365131378174
5216234000,8.037388852244476e-07,3.7477400383068016e-06,2.9447846827679314e-08,-0.7570542693138123,-1.5050172805786133e-06,-3.223625659942627
5223209000,8.558188255847199e-07,3.7132674606255023e-06,5.0459107114875223e-08,-0.7631641030311584,-1.6242265701293945e-06,-3.236581563949585
5237104000,7.183632533269702e-07,3.4856393540394492e-06,8.728775924282672e-08,-0.7754665613174438,-1.6093254089355469e-06,-3.2615795135498047
5244026000,6.992418093432207e-07,3.3634894407441607e-06,8.192748168767139e-08,-0.7815189361572266,-1.6093254089355469e-06,-3.27345871925354
5250944000,6.8284884946479e-07,3.300463049527025e-06,5.407690650827135e-08,-0.7876640558242798,-1.5497207641601562e-06,-3.2851784229278564
5257964000,6.687957920803456e-07,3.246430878789397e-06,2.7936920332649606e-08,-0.7937889695167542,-1.6093254089355469e-06,-3.2968227863311768
5264912000,6.150560238893377e-07,3.1584174848831026e-06,3.402163883947651e-09,-0.800019383430481,-1.5795230865478516e-06,-3.3083224296569824
5278740000,6.843561095593031e-07,2.937860699603334e-06,-1.8421218328512623e-08,-0.8123363256454468,-1.6391277313232422e-06,-3.3302507400512695
5285659000,7.117796485545114e-07,2.8521833428385435e-06,-4.010973952972563e-08,-0.8184165954589844,-1.5795230865478516e-06,-3.34108304977417
5292726000,6.519051112263696e-07,2.7578855679166736e-06,-6.046647627044877e-08,-0.8246549367904663,-1.6987323760986328e-06,-3.3517351150512695
5299580000,6.214204404386692e-07,2.7187361411051825e-06,-5.6753293620204204e-08,-0.8307437896728516,-1.7583370208740234e-06,-3.3621573448181152
5313519000,5.103406692796852e-07,2.614706545500667e-06,-2.7176895400771173e-08,-0.8431150317192078,-1.6987323760986328e-06,-3.382683753967285
5320534000,4.792109393747523e-07,2.4709122499189107e-06,-2.550797262301785e-08,-0.8493998646736145,-1.7881393432617188e-06,-3.3930203914642334
5327376000,4.1083012547460385e-07,2.451866066621733e-06,-1.121861714636907e-09,-0.8555482625961304,-1.7583370208740234e-06,-3.4029438495635986
5334281000,3.9389919948007446e-07,2.372999006183818e-06,-1.0529674909776077e-09,-0.8617141246795654,-1.7583370208740234e-06,-3.412708282470703
5348189000,4.294779500924051e-07,2.312934611836681e-06,2.1891594315093243e-08,-0.8742362260818481,-1.7881393432617188e-06,-3.4323477745056152
5355206000,4.0988606997416355e-07,2.2747385628463235e-06,2.0547247459035134e-08,-0.8804179430007935,-1.7583370208740234e-06,-3.4417014122009277
5362110000,3.5139760257152375e-07,2.1794542135467054e-06,1.9285351982034626e-08,-0.8892378807067871,-2.592802047729492e-06,-3.4584012031555176
5369038000,3.429370281082811e-07,2.0767931800946826e-06,6.379575268056215e-08,-0.8901691436767578,-1.0132789611816406e-06,-3.4529800415039062
5376034000,4.1907674130925443e-07,1.988910980799119e-06,8.269752527212404e-08,-0.8991552591323853,-1.8477439880371094e-06,-3.4699032306671143
5389887000,4.0331713080377085e-07,1.771536062733503e-06,9.427128588868072e-08,-0.9114959239959717,-1.8477439880371094e-06,-3.4876627922058105
5396871000,3.2492096124769887e-07,1.622980789761641e-06,4.284309795821173e-08,-0.917776346206665,-1.8775463104248047e-06,-3.4966509342193604
5403770000,3.4109496027667774e-07,1.558160874992609e-06,1.739273614020931e-08,-0.9240919947624207,-1.996755599975586e-06,-3.5055150985717773
5410705000,3.341150431879214e-07,1.4817435385339195e-06,-6.495170623566082e-09,-0.9301993250846863,-1.9371509552001953e-06,-3.5139832496643066
5417625000,3.0728563160664635e-07,1.4370777989825e-06,-6.096342985983938e-09,-0.9365448355674744,-2.0265579223632812e-06,-3.5229313373565674
5431560000,3.032819222426042e-07,1.3451092399918707e-06,-5.370552003114426e-09,-0.9489396810531616,-2.1457672119140625e-06,-3.5395119190216064
5438538000,3.016976961589535e-07,1.3199398836150067e-06,-5.040703854319872e-09,-0.9552660584449768,-2.205371856689453e-06,-3.548177480697632
5445462000,3.0033959319553105e-07,1.2566690656967694e-06,-4.731163016913342e-09,-0.9614985585212708,-2.294778823852539e-06,-3.5561275482177734
5452436000,2.9917521260358626e-07,1.2232732160555315e-06,-4.4406363031157525e-09,-0.9677505493164062,-2.175569534301758e-06,-3.564354181289673
5459335000,2.9817681479471503e-07,1.2154887372162193e-06,-4.167915790276311e-09,-0.9740689992904663,-2.294778823852539e-06,-3.5725483894348145
5473221000,2.9658747280336684e-07,1.1852215493490803e-06,-3.6717295870403177e-09,-0.9865416288375854,-2.205371856689453e-06,-3.588456153869629
5480126000,2.9595844353025313e-07,1.1828666401925148e-06,-3.4462317444194923e-09,-0.992743730545044,-2.175569534301758e-06,-3.595862627029419
5487124000,3.1626552754460135e-07,1.1808477893282543e-06,-3.2345610634365585e-09,-0.9989919066429138,-2.294778823852539e-06,-3.6036295890808105
5494060000,3.1282854706660146e-07,1.1791170209107804e-06,-3.03593594708218e-09,-1.005225419998169,-2.2649765014648438e-06,-3.611133098602295
5507993000,3.639446504166699e-07,1.1555152923392598e-06,-2.54939038768498e-08,-1.0178239345550537,-2.3543834686279297e-06,-3.626086711883545
5514876000,2.9116665700712474e-07,1.094861545425374e-06,-2.3928450332277862e-08,-1.024034857749939,-2.294778823852539e-06,-3.6335065364837646
5521894000,2.4961866529338295e-07,1.0428617542856955e-06,-2.2459076376435405e-08,-1.030294418334961,-2.2649765014648438e-06,-3.6406359672546387
5528759000,2.1399955585366115e-07,9.982823030441068e-07,-2.1079927137179766e-08,-1.036521315574646,-2.3245811462402344e-06,-3.647881507873535
5535669000,1.8346247543377103e-07,9.809099310587044e-07,-1.9785431959462585e-08,-1.0427380800247192,-2.294778823852539e-06,-3.654665231704712
5549575000,1.348408886769903e-07,9.145322792392108e-07,-1.7430132004392362e-08,-1.0553075075149536,-2.3543834686279297e-06,-3.668849468231201
5556573000,1.155997892965388e-07,8.882645943231182e-07,-1.635979174352542e-08,-1.0614782571792603,-2.3543834686279297e-06,-3.67547869682312
5563507000,9.910439757732092e-08,8.657451076032885e-07,-1.5355176685716287e-08,-1.0678106546401978,-2.294778823852539e-06,-3.682161331176758
5570456000,8.496266445945366e-08,8.464392067253357e-07,-1.4412243842798489e-08,-1.0740504264831543,-2.4437904357910156e-06,-3.6887803077697754
5577410000,7.283898639798281e-08,8.507342954544583e-07,-1.3527227338272496e-08,-1.0801445245742798,-2.294778823852539e-06,-3.695180892944336
5591353000,7.140585012166412e-08,8.397021247219527e-07,3.232078427117813e-08,-1.1045258045196533,-6.318092346191406e-06,-3.743046283721924
5598257000,6.11531163485779e-08,8.240151032623544e-07,3.032355522236685e-08,-1.0870447158813477,1.6391277313232422e-06,-3.6791815757751465
5605250000,5.242713996267412e-08,8.10664062100841e-07,2.8461442980187712e-08,-1.1052470207214355,-2.384185791015625e-06,-3.7207512855529785
5612126000,4.494614813665976e-08,8.200639740607585e-07,2.6713621537055587e-08,-1.111558437347412,-2.5033950805664062e-06,-3.726912260055542
5626077000,1.283482333747088e-07,7.188665449575637e-07,6.777673888791469e-08,-1.1234341859817505,-2.2649765014648438e-06,-3.7373833656311035
5633033000,1.5172571465882356e-07,6.788274617974821e-07,8.643422688692226e-08,-1.130159616470337,-2.384185791015625e-06,-3.744615316390991
5639946000,1.717673399070918e-07,6.445017106671003e-07,1.039459434082346e-07,-1.1363725662231445,-2.3245811462402344e-06,-3.7504751682281494
5646851000,1.8894940012614825e-07,6.150735316623468e-07,9.756271879268752e-08,-1.1425272226333618,-2.384185791015625e-06,-3.7559380531311035
5653773000,2.2452496750702267e-07,6.106909040681785e-07,9.157167824014323e-08,-1.148773431777954,-2.384185791015625e-06,-3.7618982791900635
5667674000,2.4245537133538164e-07,5.649945364893938e-07,8.067030421443633e-08,-1.161139726638794,-2.384185791015625e-06,-3.7725465297698975
5674663000,2.703961854422232e-07,5.677576950802177e-07,7.571654236926406e-08,-1.1673531532287598,-2.5033950805664062e-06,-3.778183937072754
5681595000,2.1096676050547103e-07,4.86742862904066e-07,4.8247354555996935e-08,-1.1735961437225342,-2.5033950805664062e-06,-3.783465623855591
5688580000,1.8086299746755685e-07,4.1728736732693505e-07,2.2464668347765837e-08,-1.1797645092010498,-2.5033950805664062e-06,-3.788518190383911
5695468000,1.5505517581004824e-07,3.5774360185314436e-07,-1.7343673164305073e-09,-1.185945749282837,-2.5033950805664062e-06,-3.793832302093506
5709468000,1.1396144827813259e-07,2.8080336278435425e-07,-4.576622103513728e-08,-1.1982779502868652,-2.4437904357910156e-06,-3.8036975860595703
5716352000,1.6023778925955412e-07,3.241185595470597e-07,-2.013621447360947e-08,-1.2044899463653564,-2.4437904357910156e-06,-3.8086600303649902
5723268000,1.999107439587533e-07,3.6125294400335406e-07,3.919875979363496e-09,-1.2105631828308105,-2.4437904357910156e-06,-3.8134164810180664
5730200000,2.1307656083990878e-07,3.7224248217171407e-07,2.6498366167970744e-08,-1.2167985439300537,-2.5033950805664062e-06,-3.8182270526885986
5737131000,1.618269322989363e-07,4.442007366378675e-07,2.487105632553721e-08,-1.2230114936828613,-2.5033950805664062e-06,-3.8229682445526123
5751020000,1.1893922646777355e-07,5.200628265811247e-07,2.191017500763337e-08,-1.2351994514465332,-2.5033950805664062e-06,-3.8321590423583984
5758016000,3.942858484151657e-08,5.083913379166916e-07,-2.2552839595846308e-09,-1.2413318157196045,-2.4437904357910156e-06,-3.836425542831421
5764916000,5.4648637615173357e-08,4.3584668674157e-07,-2.4936568365774292e-08,-1.2474851608276367,-2.4437904357910156e-06,-3.8407576084136963
5771939000,4.685063004217227e-08,3.944999207305955e-07,-4.62250646648954e-08,-1.2535910606384277,-2.5033950805664062e-06,-3.8449416160583496
5778809000,4.016538923679036e-08,3.5905372897104826e-07,-6.620592074568776e-08,-1.2597604990005493,-2.5033950805664062e-06,-3.8493237495422363
5792781000,2.9520549560402287e-08,3.0261207939474843e-07,-1.0256279381337663e-07,-1.2718658447265625,-2.4437904357910156e-06,-3.8607239723205566
5799847000,2.530819642743154e-08,2.8027753273818234e-07,-1.1908404218274882e-07,-1.3050901889801025,-1.2636184692382812e-05,-3.9577853679656982
5806720000,2.163952217415499e-08,2.6082526005666296e-07,-1.3483747807185864e-07,-1.2567287683486938,7.748603820800781e-06,-3.7968339920043945
5813633000,8.108946758511593e-08,3.2783697179183946e-07,-1.2655721093324246e-07,-1.2902815341949463,-2.562999725341797e-06,-3.895336389541626
5820549000,1.112104257572355e-07,3.227489742130274e-07,-9.596593031346856e-08,-1.2964062690734863,-2.562999725341797e-06,-3.9069807529449463
5834463000,1.1747943062800914e-07,3.95057355717654e-07,-6.312328082458407e-08,-1.3088107109069824,-3.0994415283203125e-06,-5.027926445007324
5841441000,1.0071599376715312e-07,3.8037745753172203e-07,-5.92469895366321e-08,-1.3150906562805176,-3.516674041748047e-06,-5.754833221435547
5848395000,8.634455639366934e-08,2.84408656625601e-07,-5.5608690985309295e-08,-1.3214161396026611,-3.933906555175781e-06,-6.392201900482178
5855425000,7.40240295726835e-08,2.438262356463383e-07,-5.219388654609247e-08,-1.327600359916687,-4.082918167114258e-06,-6.947467803955078
5862233000,2.177031888095371e-08,1.6734335872570227e-07,-4.898882721704467e-08,-1.3338602781295776,-4.4405460357666016e-06,-7.427787780761719
5876171000,-3.16391037813446e-08,2.421189719825634e-07,2.3899470846799886e-08,-1.3461377620697021,-4.844740033149719e-06,-8.194369316101074
5883050000,5.626043275697157e-08,3.743396348454553e-07,2.2431915880360975e-08,-1.352138876914978,-5.012378096580505e-06,-8.495454788208008
5890064000,4.823237986784079e-08,4.459996603145555e-07,6.669333885156448e-08,-1.3582574129104614,-5.0924718379974365e-06,-8.751029968261719
5896999000,8.304232324007899e-08,4.2405036992931855e-07,6.259779183892533e-08,-1.3643416166305542,-5.319714546203613e-06,-8.967246055603027
5910900000,1.4441852158597612e-07,3.9504965343439835e-07,1.0078535694901802e-07,-1.3763762712478638,-5.7220458984375e-06,-9.303470611572266
5917789000,1.2381073588585423e-07,3.3867823390210106e-07,9.45961531328976e-08,-1.3822649717330933,-5.379319190979004e-06,-9.432723045349121
5924799000,1.0614411394271883e-07,2.903521192365588e-07,8.878721757810126e-08,-1.388376235961914,-5.4836273193359375e-06,-9.541216850280762
5931706000,9.099770181819622e-08,2.4891988914532703e-07,8.333473289212634e-08,-1.3942220211029053,-5.7220458984375e-06,-9.632207870483398
5938721000,7.801297385867656e-08,2.1340092359878327e-07,7.821724778978023e-08,-1.4017119407653809,-6.22868537902832e-06,-9.708062171936035
5952551000,5.732900376642647e-08,1.5682090293012152e-07,6.890165593631536e-08,-1.412092924118042,-5.7220458984375e-06,-9.825565338134766
5959573000,7.457529704879562e-09,1.7613530189919402e-07,1.9032121656437084e-08,-1.4179880619049072,-5.632638931274414e-06,-9.870138168334961
5966471000,-7.698896808960853e-08,2.3438488483407127e-07,-2.7775115540862316e-08,-1.42404043674469,-5.781650543212891e-06,-9.90733528137207
5973389000,-6.600291158065374e-08,2.0093898456252646e-07,-2.606941151839237e-08,-1.4297997951507568,-5.751848220825195e-06,-9.93847942352295
5987277000,-4.8510457872907864e-08,1.4768502865081246e-07,-2.296588874628469e-08,-1.4415901899337769,-5.5730342864990234e-06,-9.986063003540039
5994222000,-4.158837185741504e-08,1.2661148218739982e-07,-2.1555567997211256e-08,-1.4473798274993896,-5.692243576049805e-06,-10.004146575927734
6001163000,6.037026878402685e-09,1.5023648813894397e-07,2.5406507120351307e-08,-1.4532575607299805,-5.707144737243652e-06,-10.019203186035156
6008147000,5.175607498131285e-09,1.2879887378858257e-07,2.3846329355592388e-08,-1.4591838121414185,-5.945563316345215e-06,-10.031720161437988
6022144000,3.803911852173769e-09,9.466365469279481e-08,2.1007476647127987e-08,-1.4707698822021484,-5.811452865600586e-06,-10.050930976867676
6028962000,3.261106940044556e-09,8.11556688518067e-08,1.971741703243879e-08,-1.4787622690200806,-6.9588422775268555e-06,-10.05715560913086
6035909000,2.795097486796294e-09,6.95585313792435e-08,1.850483499765687e-08,-1.4801236391067505,-5.066394805908203e-06,-10.065290451049805
6042848000,4.408809672895586e-08,2.6809220798895694e-07,1.7368467553069422e-08,-1.4881651401519775,-5.8710575103759766e-06,-10.0692138671875
6049773000,1.2118070458200236e-07,2.7152930215379456e-07,1.6302029948178642e-08,-1.4939074516296387,-6.087124347686768e-06,-10.07338809967041
6056805000,1.0388910709480115e-07,2.327841457372415e-07,1.530093385326836e-08,-1.5082002878189087,-9.328126907348633e-06,-10.072638511657715
6070626000,7.628356968325534e-08,1.7092841630983457e-07,1.3474363846910364e-08,-1.5111929178237915,-5.885958671569824e-06,-10.082056999206543
6077619000,6.539845287534263e-08,1.4653822688615037e-07,1.2646923508441432e-08,-1.5169757604599,-5.8710575103759766e-06,-10.083970069885254
6084544000,5.606672459634865e-08,1.2562863105358701e-07,1.1870295857363544e-08,-1.522635817527771,-5.9604644775390625e-06,-10.0855712890625
6091520000,4.806643261190402e-08,1.0770238390023223e-07,1.1141350952925677e-08,-1.528360366821289,-5.8785080909729e-06,-10.08684253692627
6098507000,4.120752095104763e-08,9.233361453198086e-08,1.0457149812737043e-08,-1.5339900255203247,-6.034970283508301e-06,-10.087983131408691
6112344000,3.02866780543809e-08,6.786333983654913e-08,9.212277163328508e-09,-1.5453953742980957,-5.81890344619751e-06,-10.089427947998047
6119282000,2.5964933314526206e-08,5.8179615791686956e-08,8.646551918900514e-09,-1.5510666370391846,-5.811452865600586e-06,-10.090020179748535
6126251000,2.225987927317874e-08,4.987770552133952e-08,8.115569549715929e-09,-1.5567468404769897,-6.07222318649292e-06,-10.090411186218262
6133153000,1.908351876522829e-08,4.27604334163334e-08,7.617193098496955e-09,-1.5622432231903076,-5.826354026794434e-06,-10.090758323669434
6147029000,1.4025964389929868e-08,3.1427973112840846e-08,6.710395794584656e-09,-1.5735623836517334,-6.0014426708221436e-06,-10.091116905212402
6154008000,1.2024536033550248e-08,2.6943371977949937e-08,6.298312538177697e-09,-1.5791523456573486,-6.008893251419067e-06,-10.091230392456055
6160994000,1.0308783160439816e-08,2.3098678525457217e-08,-3.9728121237203595e-08,-1.5846554040908813,-5.908310413360596e-06,-10.091299057006836
6167874000,-7.454715955645952e-08,1.0318746035409276e-07,8.351015878815815e-09,-1.5903403759002686,-5.932524800300598e-06,-10.091256141662598
6181757000,-5.479025944055138e-08,7.584014838357689e-08,7.356874220931786e-09,-1.6013643741607666,-5.856156349182129e-06,-10.091145515441895
6188798000,-4.697221456240186e-08,6.501849014739491e-08,6.905114702249193e-09,-1.6070172786712646,-5.986541509628296e-06,-10.091005325317383
6195653000,-4.0269725332109374e-08,5.574097983185311e-08,6.481095660149094e-09,-1.6124833822250366,-6.273388862609863e-06,-10.090883255004883
6202568000,-3.452354846444905e-08,4.778716444775455e-08,6.083107351173567e-09,-1.6180744171142578,-6.057322025299072e-06,-10.090703964233398
6209591000,-2.959722422701816e-08,4.096819594678891e-08,5.70955105416715e-09,-1.627354621887207,-7.774680852890015e-06,-10.088465690612793
6216518000,-2.536206977765687e-08,3.510592705424642e-08,5.3579567449446586e-09,-1.6251204013824463,-4.127621650695801e-06,-10.092498779296875
6230608000,-1.8640477605913475e-08,2.580196145629543e-08,4.720115853729112e-09,-1.6399108171463013,-6.139278411865234e-06,-10.089974403381348
6237310000,-1.5980576861807094e-08,2.2120161702332553e-08,4.4302579382815566e-09,-1.6453500986099243,-6.0498714447021484e-06,-10.089690208435059
6244294000,-1.3700272027961091e-08,1.8963785208825357e-08,4.15820444743531e-09,-1.6509006023406982,-6.154179573059082e-06,-10.089455604553223
6251269000,-1.174534869363697e-08,1.6257795110163897e-08,3.902857148574412e-09,-1.6562480926513672,-6.0908496379852295e-06,-10.089191436767578
6265111000,-8.631538150893903e-09,1.1947689060320954e-08,3.438081153106509e-09,-1.6661635637283325,-5.502253770828247e-06,-10.08914566040039
6272243000,-7.399883372727345e-09,1.0242845682739699e-08,3.2269549254948515e-09,-1.672409176826477,-5.923211574554443e-06,-10.08838176727295
6279007000,-6.34397601118053e-09,8.78126815706537e-09,3.028792772141742e-09,-1.6779003143310547,-6.094574928283691e-06,-10.088048934936523
6286023000,-5.438713035488263e-09,7.528210943519298e-09,2.8427940002018204e-09,-1.6830958127975464,-6.038695573806763e-06,-10.08781623840332
6292929000,-4.6626609240263406e-09,6.45400755061587e-09,2.66822519634502e-09,-1.6885335445404053,-5.967915058135986e-06,-10.087455749511719
6306893000,-3.426962713604098e-09,4.743565540366035e-09,2.350588612642923e-09,-1.6992512941360474,-6.094574928283691e-06,-10.086776733398438
6313723000,-2.9379538801777016e-09,4.0666843226233595e-09,2.2062405236056293e-09,-1.7044224739074707,-5.97536563873291e-06,-10.0864839553833
6320655000,-2.5187243402058357e-09,3.4863913978000483e-09,2.0707564551969426e-09,-1.7097941637039185,-6.0498714447021484e-06,-10.08614444732666
6327666000,-2.159316725425242e-09,2.988902680911565e-09,1.9435928422240067e-09,-1.715053677558899,-6.183981895446777e-06,-10.0858154296875
6334557000,-1.8512029686945652e-09,2.5624145028046996e-09,1.8242412025415433e-09,-1.720353603363037,-6.139278411865234e-06,-10.085405349731445
6348442000,-1.3605874205069313e-09,1.8833095083437e-09,1.6070709207838263e-09,-1.7308157682418823,-5.930662155151367e-06,-10.084744453430176
6355525000,-1.1664423871238228e-09,1.6145752512741751e-09,1.5083829740802912e-09,-1.7361150979995728,-6.183981895446777e-06,-10.084334373474121
6362375000,-9.999975292274144e-10,1.3841843227169193e-09,1.415753847489043e-09,-1.7411941289901733,-5.9604644775390625e-06,-10.08398151397705
6369272000,-8.57303450452207e-10,1.1866688742756537e-09,1.3288132816313691e-09,-1.7464752197265625,-6.213784217834473e-06,-10.083580017089844
6383154000,-6.300965860184249e-10,8.721713906645334e-10,1.1706218217000242e-09,-1.7568246126174927,-6.303191184997559e-06,-10.082794189453125
6390187000,-5.401853964137615e-10,7.477172769831952e-10,1.0987344367663354e-09,-1.761887788772583,-6.154179573059082e-06,-10.082392692565918
6397082000,-4.631040551039689e-10,6.410222908037611e-10,1.0312617426677662e-09,-1.767103910446167,-6.273388862609863e-06,-10.082013130187988
6403997000,-3.970218320770158e-10,5.495518484721629e-10,9.679322898747955e-10,-1.7722326517105103,-6.16908073425293e-06,-10.081589698791504
6411047000,-3.4036909402068716e-10,4.71133909663024e-10,9.084920593593893e-10,-1.7773317098617554,-6.154179573059082e-06,-10.081204414367676
6424883000,-2.5016289040280526e-10,3.462714004420775e-10,8.00338573192505e-10,-1.7874733209609985,-6.079673767089844e-06,-10.080312728881836
6431806000,-2.144660699032741e-10,2.9686045288634944e-10,7.51190110115374e-10,-1.7926397323608398,-6.243586540222168e-06,-10.07984733581543
6438801000,-1.8386352163002329e-10,2.545006705378938e-10,7.050605099756524e-10,-1.7985641956329346,-6.660819053649902e-06,-10.078857421875
6445693000,-1.5760727445357503e-10,2.1815715900430632e-10,6.617299486144645e-10,-1.801796793937683,-5.632638931274414e-06,-10.079547882080078
6459615000,-1.1583469600173757e-10,1.6033617489252805e-10,5.829473570528876e-10,-1.8125858306884766,-6.198883056640625e-06,-10.078174591064453
6466741000,-9.930603561691953e-11,1.3745742044601883e-10,5.47149325846874e-10,-1.8176956176757812,-5.9604644775390625e-06,-10.07762622833252
6473498000,-8.513568322543463e-11,1.1784301312545153e-10,5.135490921404084e-10,-1.8228250741958618,-6.332993507385254e-06,-10.077143669128418
6480387000,-7.298718573967022e-11,1.0102725600535933e-10,4.820117638359989e-10,-1.827692985534668,-6.198883056640625e-06,-10.076706886291504
6487352000,-6.257253049035683e-11,8.661142636423591e-11,4.5241205226531633e-10,-1.8326703310012817,-6.020069122314453e-06,-10.07625961303711
6501219000,-4.5989437952309586e-11,6.365737104108149e-11,3.9855399536214975e-10,-1.8426040410995483,-6.3478946685791016e-06,-10.075301170349121
6508214000,-3.9427155984483875e-11,5.4573963403914405e-11,3.7407929531774187e-10,-1.8474230766296387,-6.079673767089844e-06,-10.074873924255371
6515203000,-3.380134366848253e-11,4.678677584246671e-11,3.511078927598277e-10,-1.852461576461792,-6.362795829772949e-06,-10.07433032989502
6522112000,-2.897820351732694e-11,4.011066478959435e-11,3.295467787545192e-10,-1.8572325706481934,-6.0498714447021484e-06,-10.073914527893066
6529103000,-2.4843280210795626e-11,3.438719448078942e-11,3.093097167283787e-10,-1.8621772527694702,-6.3925981521606445e-06,-10.073429107666016
6542987000,-1.82593939968001e-11,2.527390796647211e-11,2.7248803213808515e-10,-1.8719706535339355,-6.288290023803711e-06,-10.072421073913574
6549846000,-1.5653960766526254e-11,2.1667525412771838e-11,2.5575486173323725e-10,-1.8766701221466064,-6.139278411865234e-06,-10.072010040283203
6556858000,-1.3420292654942045e-11,1.8575745108773134e-11,2.400493137599824e-10,-1.8815019130706787,-6.198883056640625e-06,-10.07149600982666
6563772000,-1.1505333144534724e-11,1.592508416803362e-11,2.2530796672803888e-10,-1.8862950801849365,-6.288290023803711e-06,-10.071046829223633
6570655000,-9.863663705256265e-12,1.3652742131275986e-11,2.1147228412843333e-10,-1.8911265134811401,-6.407499313354492e-06,-10.070533752441406
6584562000,-7.249598490965958e-12,1.0034431618954898e-11,1.862970749888504e-10,-1.9006359577178955,-6.3478946685791016e-06,-10.06954288482666
6591555000,-6.215151657218421e-12,8.602576984095833e-12,1.748566430537224e-10,-1.9053807258605957,-6.139278411865234e-06,-10.069106101989746
6598483000,-5.328326321829557e-12,7.375058896919029e-12,1.6411891290424307e-10,-1.9100494384765625,-6.407499313354492e-06,-10.068595886230469
6605440000,-4.568035186225394e-12,6.322695839111603e-12,1.5404057196466425e-10,-1.9148433208465576,-6.4373016357421875e-06,-10.068087577819824
6612358000,-3.916240595702725e-12,5.420514731513393e-12,1.445812775058286e-10,-1.9195221662521362,-6.3478946685791016e-06,-10.067549705505371
6626279000,-2.8783780914309887e-12,3.983958996034431e-12,1.2736940668833796e-10,-1.9289613962173462,-6.22868537902832e-06,-10.06656551361084
6633183000,-2.4676666959821958e-12,3.4154762351690238e-12,1.1954769119082442e-10,-1.9336345195770264,-6.377696990966797e-06,-10.06601333618164
6640216000,-2.1155585963605894e-12,2.928100470422912e-12,1.122062096015064e-10,-1.938060998916626,-6.258487701416016e-06,-10.065597534179688
6647069000,-1.8137045684762931e-12,2.510290586510422e-12,1.0531586019935091e-10,-1.9428551197052002,-6.407499313354492e-06,-10.06502914428711
6661017000,-1.3330595308169713e-12,1.8450154598559365e-12,9.277847240474202e-11,-1.9519805908203125,-6.4373016357421875e-06,-10.064023971557617
6667900000,-1.1428566426552322e-12,1.5817555598651722e-12,8.708114784816701e-11,-1.9566693305969238,-6.288290023803711e-06,-10.063461303710938
6674890000,-9.797900338281984e-13,1.3560489536823539e-12,8.173352272766721e-11,-1.9611862897872925,-6.288290023803711e-06,-10.062987327575684
6681797000,-8.399947404313934e-13,1.1625544277249489e-12,7.671437096679057e-11,-1.9657740592956543,-6.3478946685791016e-06,-10.06244945526123
6688773000,-7.201444301996318e-13,9.966688932494527e-13,7.200343793423158e-11,-1.9703104496002197,-6.377696990966797e-06,-10.061923027038574
6702608000,-5.293057658839473e-13,7.325277537328923e-13,6.343156555566054e-11,-1.9792840480804443,-6.467103958129883e-06,-10.060893058776855
6709687000,-4.53785446719035e-13,6.280028580496477e-13,5.953625786814243e-11,-1.983781099319458,-6.3478946685791016e-06,-10.060355186462402
6716509000,-3.8904383187210456e-13,5.383931148128518e-13,5.588020671187799e-11,-1.988377571105957,-6.3478946685791016e-06,-10.059791564941406
6723493000,-3.3353788481127467e-13,4.615691509557429e-13,5.244862877340495e-11,-1.9927440881729126,-6.318092346191406e-06,-10.059293746948242
6730485000,-2.859509504182789e-13,3.9570950682854544e-13,4.922782320671004e-11,-1.9972648620605469,-6.4373016357421875e-06,-10.058717727661133
6737330000,-2.451554584337323e-13,3.3924512504723836e-13,4.620475876904173e-11,-2.0016114711761475,-6.288290023803711e-06,-10.058215141296387
6751234000,-1.8019613579056681e-13,2.4934004513865737e-13,4.0704287163073616e-11,-2.0104281902313232,-6.258487701416016e-06,-10.057147026062012
6758271000,-1.544901359618045e-13,2.1376346873158703e-13,3.820472063709168e-11,-2.0149576663970947,-6.407499313354492e-06,-10.056543350219727
6765195000,-1.3245090788038816e-13,1.8326095849174884e-13,3.5858583463665994e-11,-2.0192818641662598,-6.4373016357421875e-06,-10.056032180786133
6772128000,-1.1355586609917978e-13,1.5711173681487445e-13,3.3656490788791515e-11,-2.023599147796631,-6.407499313354492e-06,-10.055489540100098
6779047000,-9.735701828050836e-14,1.3469477269656416e-13,3.1589716953384084e-11,-2.0279927253723145,-6.467103958129883e-06,-10.054912567138672
6792987000,-7.15642822779472e-14,9.899850036965141e-14,2.7829074114582575e-11,-2.0366415977478027,-6.496906280517578e-06,-10.05377197265625
6799860000,-6.135586830269268e-14,8.487308078564126e-14,2.612009913915969e-11,-2.0409510135650635,-6.616115570068359e-06,-10.05327033996582
6806821000,-5.260505572812768e-14,7.276297619984717e-14,2.451607319930993e-11,-2.0452544689178467,-6.3478946685791016e-06,-10.052690505981445
6813782000,-4.5101943013658996e-14,6.238108987699498e-14,2.301052751119137e-11,-2.0494368076324463,-6.377696990966797e-06,-10.052175521850586
6827656000,-3.315533611547572e-14,4.58498256722395e-14,2.0271206588318158e-11,-2.057966470718384,-6.407499313354492e-06,-10.051007270812988
6834557000,-2.8426479919962944e-14,3.930796660389646e-14,1.902636034833982e-11,-2.062256097793579,-6.616115570068359e-06,-10.05043888092041
6841545000,-2.4373949039646625e-14,3.3699388765628946e-14,1.785795643305388e-11,-2.066469192504883,-6.4373016357421875e-06,-10.049859046936035
6848469000,-2.0898213715092595e-14,2.889116897109023e-14,1.6761305884904765e-11,-2.0706610679626465,-6.586313247680664e-06,-10.049317359924316
6855518000,-1.791882614510243e-14,2.4769465992169337e-14,1.573203199656259e-11,-2.0765998363494873,-7.659196853637695e-06,-10.047348022460938
6869301000,-1.317002062961592e-14,1.8199851348210672e-14,1.3857424756291703e-11,-2.0820605754852295,-4.76837158203125e-07,3.645918607711792
6876337000,-1.1292832988174517e-14,1.560318714510789e-14,1.3006457889874756e-11,-2.0856821537017822,1.430511474609375e-06,7.183856964111328
6883184000,-9.683660123771531e-15,1.3377103244560651e-14,1.2207759109150729e-11,-2.0894646644592285,2.1457672119140625e-06,9.374998092651367
6890206000,-8.303470758197484e-15,1.1468690580551666e-14,1.1458095756922138e-11,-2.093238115310669,3.0994415283203125e-06,10.556903839111328
6897080000,-7.120172507146805e-15,9.83262950227104e-15,1.0754478904639875e-11,-2.0970559120178223,2.86102294921875e-06,11.012632369995117
6911016000,-5.2359375515842466e-15,7.227616942440118e-15,9.474196600856022e-12,-2.1048898696899414,3.0994415283203125e-06,10.56121826171875
6917931000,-4.489898036696971e-15,6.196432256189155e-15,8.892389428971637e-12,-2.1087887287139893,2.86102294921875e-06,9.930774688720703
6924958000,-3.8504355953650204e-15,5.312373804744475e-15,8.346312356521945e-12,-2.1126718521118164,2.6226043701171875e-06,9.15794849395752
6931821000,-3.3022629769563494e-15,4.554841746828853e-15,7.833775295118528e-12,-2.1166739463806152,2.1457672119140625e-06,8.307361602783203
6938771000,-2.8322613351838832e-15,3.9051878050755384e-15,7.352719995357138e-12,-2.120574474334717,1.6689300537109375e-06,7.425711154937744
6952673000,-2.0836197350826424e-15,2.87064209208987e-15,6.4773984786992145e-12,-2.12837815284729,1.1920928955078125e-06,5.694852828979492
6959616000,-1.787090440907857e-15,2.4612473517593436e-15,6.0796354929559815e-12,-2.1324009895324707,9.5367431640625e-07,4.882159233093262
6966562000,-1.5331702921117518e-15,2.1101826883085373e-15,5.706292643264943e-12,-2.1363351345062256,7.152557373046875e-07,4.166293621063232
6973492000,-1.3152998655507897e-15,1.8092081652265612e-15,5.355881103202842e-12,-2.140185594558716,2.384185791015625e-07,3.5057053565979004
6980529000,-1.1281665705797916e-15,1.5514390987181326e-15,5.026973629029818e-12,-2.1441614627838135,0.0,2.901170015335083
6994380000,-8.306072843411449e-16,1.1405264753461264e-15,4.4285261222021255e-12,-2.1519336700439453,0.0,1.8530797958374023
7001251000,-7.127545081919706e-16,9.778961494733007e-16,4.1565756912775864e-12,-2.155858278274536,-2.384185791015625e-07,1.406221628189087
7008294000,-6.118694960421944e-16,8.384135399830406e-16,3.901325443256276e-12,-2.1597182750701904,-4.76837158203125e-07,1.0067754983901978
7015139000,-5.250791121347298e-16,7.188802504665137e-16,3.661753192329975e-12,-2.1636011600494385,-7.152557373046875e-07,0.6506657600402832
7022146000,-4.507570532108485e-16,6.164773552752578e-16,3.4368861923095295e-12,-2.1674561500549316,-1.1920928955078125e-06,0.3351268172264099
7036031000,-3.323079658668071e-16,4.533049283161894e-16,3.0277284585739084e-12,-2.1750519275665283,-9.5367431640625e-07,-0.19009488821029663
7042997000,-2.8528069663524835e-16,3.887406889446776e-16,2.8417966764504587e-12,-2.178886890411377,-1.1920928955078125e-06,-0.40669476985931396
7049936000,-2.4505679603603614e-16,3.3333795793066834e-16,2.6672854463311024e-12,-2.182708978652954,-1.1920928955078125e-06,-0.5975100994110107
7056872000,-2.104436416794364e-16,2.8584990277580324e-16,2.5034859168354684e-12,-2.18645977973938,-1.1920928955078125e-06,-0.7683689594268799
7063771000,-1.8087202742489428e-16,2.451110061446604e-16,2.3497521203091898e-12,-2.190206289291382,-1.430511474609375e-06,-0.9220757484436035
7077739000,-1.3360081270452628e-16,1.8030282128433939e-16,2.0700223219566327e-12,-2.197730541229248,-1.430511474609375e-06,-1.1757259368896484
7084607000,-1.1484411512052706e-16,1.5463433485074507e-16,1.9429067729670457e-12,-2.201439142227173,-1.430511474609375e-06,-1.280945897102356
7091602000,-9.879792296774159e-17,1.3265213580360147e-16,1.8235935764915334e-12,-2.205181121826172,-1.6689300537109375e-06,-1.373241662979126
7098491000,-8.494724021423927e-17,1.137870180023537e-16,1.7116088277605024e-12,-2.208916187286377,-1.5497207641601562e-06,-1.455437421798706
7105457000,-7.312943653414727e-17,9.760530057800754e-17,1.6064980292232467e-12,-2.212510585784912,-1.430511474609375e-06,-1.5276827812194824
7119295000,-5.4155898515650946e-17,7.178773634569646e-17,1.4152488859650592e-12,-2.2199745178222656,-1.6689300537109375e-06,-1.6499497890472412
7126306000,-4.66613509983449e-17,6.159623592433272e-17,1.328341408222966e-12,-2.2235841751098633,-1.6689300537109375e-06,-1.7018450498580933
7133290000,-4.0210348072056146e-17,5.286840843582441e-17,1.246769614632326e-12,-2.227262258529663,-1.6689300537109375e-06,-1.7484198808670044
7140242000,-3.46267068837558e-17,4.536030839136229e-17,1.170204775094441e-12,-2.2307701110839844,-1.7881393432617188e-06,-1.7902741432189941
7154066000,-2.5776906650842868e-17,3.3406979439709605e-17,1.0308941200687372e-12,-2.2380053997039795,-1.6689300537109375e-06,-1.863313913345337
7161068000,-2.2266802117421047e-17,2.867714746224159e-17,9.67588205738612e-13,-2.2415847778320312,-1.5497207641601562e-06,-1.8952293395996094
7167963000,-1.9217483507305566e-17,2.461138931542095e-17,9.081706198697803e-13,-2.245241641998291,-1.7881393432617188e-06,-1.925362229347229
7174975000,-1.6628950820496424e-17,2.1128389836311268e-17,8.524001816889726e-13,-2.2487051486968994,-1.6689300537109375e-06,-1.9529504776000977
7181845000,-1.4365678785432934e-17,1.814683386197613e-17,8.000545755407207e-13,-2.25229549407959,-1.7881393432617188e-06,-1.9789187908172607
7195757000,-1.0753930298340597e-17,1.3383120566617945e-17,7.04808878360802e-13,-2.2593109607696533,-1.6689300537109375e-06,-2.0266764163970947
7202645000,-9.351243737687476e-18,1.1492543028346347e-17,6.61527473425072e-13,-2.262817621231079,-1.7881393432617188e-06,-2.0491726398468018
7209698000,-8.117963766485214e-18,9.873016033196125e-18,6.209044780061679e-13,-2.266268730163574,-1.9073486328125e-06,-2.0711092948913574
7216567000,-7.020209066843641e-18,8.490658263277107e-18,5.827744428525683e-13,-2.2697222232818604,-1.9073486328125e-06,-2.091491460800171
7223500000,-6.105413483808997e-18,7.298035873543052e-18,5.469859591308857e-13,-2.273219347000122,-1.7881393432617188e-06,-2.111639976501465
7237376000,-4.628188023797497e-18,5.380353280959316e-18,4.818692645423839e-13,-2.2800567150115967,-1.9073486328125e-06,-2.150846004486084
7244361000,-4.038653092508504e-18,4.6349642873755315e-18,4.5227827017400857e-13,-2.285020112991333,-3.933906555175781e-06,-5.65069055557251
7251256000,-3.537209587733958e-18,3.984442983884229e-18,4.2450442575177327e-13,-2.289750099182129,-5.4836273193359375e-06,-8.114084243774414
7265184000,-2.6969529040576923e-18,2.947674656444965e-18,3.7396867829005143e-13,-2.2984824180603027,-8.165836334228516e-06,-13.124648094177246
7272113000,-2.3784685158900754e-18,2.541098841762901e-18,3.510033789230066e-13,-2.3026061058044434,-9.521842002868652e-06,-15.48868465423584
7279078000,-2.087089182034596e-18,2.1955093992831465e-18,3.2944870789752834e-13,-2.3065080642700195,-1.0788440704345703e-05,-17.657489776611328
7285997000,-1.8397555614363403e-18,1.8939656700606156e-18,3.092176579892747e-13,-2.3103294372558594,-1.1861324310302734e-05,-19.596384048461914
7292977000,-1.6263032587282567e-18,1.6364676540953083e-18,2.902289953504722e-13,-2.3140692710876465,-1.2874603271484375e-05,-21.29728889465332
7306847000,-1.2705494208814505e-18,1.2197274440461925e-18,2.556777760429757e-13,-2.3212695121765137,-1.3709068298339844e-05,-24.026704788208008
7313816000,-1.1248597539537109e-18,1.0503208545953324e-18,2.399764686012579e-13,-2.324759006500244,-1.4662742614746094e-05,-25.095996856689453
7320760000,-1.0028870095490916e-18,9.147955830346444e-19,2.252400197778892e-13,-2.3282277584075928,-1.4781951904296875e-05,-25.99664306640625
7327758000,-8.91078660511524e-19,7.860465750519907e-19,2.1140810727449805e-13,-2.3316588401794434,-1.5139579772949219e-05,-26.754777908325195
7341574000,-7.081195439045951e-19,5.89534931288993e-19,1.8624019698394029e-13,-2.338275909423828,-1.52587890625e-05,-27.91905975341797
7348483000,-6.386628422297425e-19,5.116079001415974e-19,1.7480342260484116e-13,-2.3416149616241455,-1.6450881958007812e-05,-28.3596134185791
7355444000,-5.692061405548898e-19,4.438452643612534e-19,1.6406895373549668e-13,-2.344832420349121,-1.621246337890625e-05,-28.72577476501465
7362422000,-5.116079001415974e-19,3.8963515573697816e-19,1.5399367978702339e-13,-2.348048686981201,-1.6689300537109375e-05,-29.029277801513672
7376313000,-4.1674021004911577e-19,2.930733997499879e-19,1.35660905252466e-13,-2.3543975353240967,-1.6927719116210938e-05,-29.580066680908203
7383196000,-3.7608262858090935e-19,2.524158182817815e-19,1.2733024812479343e-13,-2.3576154708862305,-1.6689300537109375e-05,-29.810691833496094
7390307000,-3.4389537658524594e-19,2.236166980751353e-19,1.195108194265021e-13,-2.3607544898986816,-1.71661376953125e-05,-30.014236450195312
7397098000,-3.1170812458958252e-19,1.9312351197398048e-19,1.1217161097545891e-13,-2.363863706588745,-1.6927719116210938e-05,-30.192424774169922
7404040000,-2.879912020664621e-19,1.7110065534536867e-19,1.0528318668268088e-13,-2.3669216632843018,-1.71661376953125e-05,-30.349506378173828
7417996000,-2.363221922839498e-19,1.3383120566617945e-19,9.274934200656157e-14,-2.3729798793792725,-1.71661376953125e-05,-30.604284286499023
7424911000,-2.1429933565533799e-19,1.1604351377383915e-19,8.705379760153356e-14,-2.3761308193206787,-1.7881393432617188e-05,-30.67721939086914
7432135000,-1.9905274260476058e-19,1.0333801956502464e-19,8.170793550218644e-14,-2.3791465759277344,-1.71661376953125e-05,-30.741432189941406
7438756000,-1.8465318250143747e-19,9.147955830346444e-20,7.669027495297784e-14,-2.382148504257202,-1.7404556274414062e-05,-30.79831886291504
7445749000,-1.7194768829262297e-19,7.962109704190423e-20,7.198088696272475e-14,-2.385162591934204,-1.7881393432617188e-05,-30.846715927124023
7459641000,-1.4314856808597676e-19,6.183340514956392e-20,6.341193575006704e-14,-2.3910629749298096,-1.7404556274414062e-05,-30.92920684814453
7466552000,-1.3298417271892515e-19,5.590417451878382e-20,5.951794910868599e-14,-2.3941941261291504,-1.7881393432617188e-05,-30.96417236328125
7473584000,-1.2366681029912785e-19,4.997494388800372e-20,5.586302227007442e-14,-2.397077798843384,-1.7881393432617188e-05,-30.996244430541992
7480475000,-1.1350241493207625e-19,4.319868030996932e-20,5.24324473541362e-14,-2.400022506713867,-1.7881393432617188e-05,-31.027257919311523
7494365000,-9.698527246061739e-20,3.5575383784680614e-20,4.6190502323625177e-14,-2.4057958126068115,-1.7881393432617188e-05,-30.966156005859375
7501301000,-9.105604182983729e-20,3.134021904840911e-20,4.335400243557323e-14,-2.4087255001068115,-1.7404556274414062e-05,-30.915721893310547
7508336000,-8.512681119905718e-20,2.879912020664621e-20,4.069172706037613e-14,-2.4115889072418213,-1.7404556274414062e-05,-30.86104965209961
7515200000,-7.835054762102278e-20,2.541098841762901e-20,3.819282740004544e-14,-2.4144604206085205,-1.7881393432617188e-05,-30.80638313293457
7529117000,-6.903318520122548e-20,2.1175823681357508e-20,3.364610700511486e-14,-2.420194149017334,-1.71661376953125e-05,-30.68752098083496
7536035000,-6.352747104407253e-20,1.9481757786848908e-20,3.1579939536877447e-14,-2.423007011413574,-1.7642974853515625e-05,-30.62584114074707
7542999000,-5.929230630780102e-20,1.7364175418713157e-20,2.964065421600694e-14,-2.425884246826172,-1.7404556274414062e-05,-30.561798095703125
7549907000,-5.505714157152952e-20,1.5246593050577406e-20,2.782043123433428e-14,-2.428560495376587,-1.7404556274414062e-05,-30.496767044067383
7557060000,-5.209252625613947e-20,1.4399560103323106e-20,2.611198949664488e-14,-2.4315011501312256,-1.7642974853515625e-05,-30.42988395690918
7563771000,-4.785736151986797e-20,1.3552527156068805e-20,2.4508462953868292e-14,-2.4342081546783447,-1.7404556274414062e-05,-30.36193084716797
7577711000,-4.213988912590144e-20,1.1434944787933055e-20,2.1590796980678652e-14,-2.4397153854370117,-1.7881393432617188e-05,-30.22138786315918
7584603000,-3.8963515573697816e-20,1.0587911840678754e-20,2.0264931226143812e-14,-2.44246768951416,-1.7881393432617188e-05,-30.148651123046875
7591585000,-3.6845933205562065e-20,9.317362419797304e-21,1.9020470420037794e-14,-2.4452316761016846,-1.7404556274414062e-05,-30.07560920715332
7598710000,-3.409307612698559e-20,8.893845946170154e-21,1.7852430620498953e-14,-2.447901487350464,-1.71661376953125e-05,-30.001476287841797
7605445000,-3.2610768469290563e-20,7.411538288475128e-21,1.6756134511592552e-14,-2.450690269470215,-1.7404556274414062e-05,-29.925609588623047
7619330000,-2.837560373301906e-20,6.564505341220828e-21,1.4761346509820257e-14,-2.4560248851776123,-1.6927719116210938e-05,-29.77227783203125
7626315000,-2.710505431213761e-20,6.1409888675936775e-21,1.38548840369207e-14,-2.458672285079956,-1.7642974853515625e-05,-29.692495346069336
7633257000,-2.541098841762901e-20,5.717472393966527e-21,1.3004071628655751e-14,-2.4613699913024902,-1.71661376953125e-05,-29.613510131835938
7640453000,-2.371692252312041e-20,5.505714157152952e-21,1.2205519459170498e-14,-2.4716193675994873,-2.6226043701171875e-05,-29.24801254272461
7647220000,-2.234049398383217e-20,4.870439446712227e-21,1.1445286213186082e-14,-2.458940267562866,-8.58306884765625e-06,-29.738323211669922
7661298000,-1.937587866844212e-20,4.341043854678289e-21,1.008276595489176e-14,-2.4718801975250244,-1.71661376953125e-05,-29.284648895263672
7668034000,-1.7999450129153882e-20,4.0234064994579266e-21,9.463604352206653e-15,-2.474562644958496,-1.6927719116210938e-05,-29.200586318969727
7675082000,-1.683477982667922e-20,3.8116482626443515e-21,8.882465211490845e-15,-2.4770872592926025,-1.6927719116210938e-05,-29.115497589111328
7681927000,-1.588186776101813e-20,3.494010907423989e-21,8.337003945546335e-15,-2.4797182083129883,-1.7404556274414062e-05,-29.030153274536133
7695866000,-1.376428539288238e-20,3.0704944337968387e-21,7.344513418391842e-15,-2.484849214553833,-1.71661376953125e-05,-28.856590270996094
7702754000,-1.291725244562808e-20,2.964615315390051e-21,6.89349547903324e-15,-2.487330675125122,-1.6689300537109375e-05,-28.768457412719727
7709800000,-1.2176098616780567e-20,2.6469779601696886e-21,6.470167893753327e-15,-2.4899039268493652,-1.7404556274414062e-05,-28.680627822875977
7716645000,-1.1540823906339842e-20,2.4352197233561135e-21,6.072848878635332e-15,-2.492469549179077,-1.71661376953125e-05,-28.59052848815918
7730569000,-9.899697571034635e-21,2.1705219273391446e-21,5.349902870021997e-15,-2.4974331855773926,-1.6689300537109375e-05,-28.409631729125977
7737514000,-9.26442286059391e-21,1.9587636905255695e-21,5.021367165385787e-15,-2.4999938011169434,-1.6689300537109375e-05,-28.319211959838867
7744501000,-8.629148150153185e-21,1.852884572118782e-21,4.7130111736849636e-15,-2.5023880004882812,-1.5974044799804688e-05,-28.226482391357422
7751369000,-8.046812998915853e-21,1.7470054537119944e-21,4.4235829802234845e-15,-2.5048422813415527,-1.6450881958007812e-05,-28.134841918945312
7765280000,-7.146840492458159e-21,1.5881867761018131e-21,3.896963538674173e-15,-2.509753465652466,-1.6927719116210938e-05,-27.948389053344727
7772236000,-6.6174449004242214e-21,1.5352472168984194e-21,3.657659366899414e-15,-2.5121800899505615,-1.6689300537109375e-05,-27.853662490844727
7779222000,-6.193928426797071e-21,1.4293680984916318e-21,3.4330505814848073e-15,-2.514620780944824,-1.704692840576172e-05,-27.75840187072754
7786087000,-5.823351512373315e-21,1.376428539288238e-21,3.2222281043197114e-15,-2.517045021057129,-1.6450881958007812e-05,-27.66424560546875
7793150000,-5.558653716356346e-21,1.164670302474663e-21,3.024357819709318e-15,-2.519446849822998,-1.6570091247558594e-05,-27.567522048950195
7807078000,-4.870439446712227e-21,1.0852609636695723e-21,2.6643160893252736e-15,-2.5241715908050537,-1.6689300537109375e-05,-27.374980926513672
7813941000,-4.605741650695258e-21,9.793818452627848e-22,2.5007012994095017e-15,-2.5266170501708984,-1.6689300537109375e-05,-27.278636932373047
7820801000,-4.314574075076592e-21,9.26442286059391e-22,2.34713867299527e-15,-2.528885841369629,-1.633167266845703e-05,-27.180164337158203
7827840000,-4.0763460586613204e-21,8.735027268559972e-22,2.2030016174598476e-15,-2.531177520751953,-1.609325408935547e-05,-27.082780838012695
7834698000,-3.8116482626443515e-21,8.205631676526035e-22,2.0677162679814693e-15,-2.533632278442383,-1.6808509826660156e-05,-26.98456382751465
7848599000,-3.3881317890172014e-21,7.411538288475128e-22,1.8215617172457916e-15,-2.5381369590759277,-1.633167266845703e-05,-26.786670684814453
7855523000,-3.0969642133985356e-21,7.146840492458159e-22,1.7097020168357967e-15,-2.540592670440674,-1.6689300537109375e-05,-26.687822341918945
7862656000,-2.8852059765849605e-21,6.617444900424221e-22,1.6047128124192182e-15,-2.545551300048828,-2.0265579223632812e-05,-26.47931480407715
7869467000,-2.752857078576476e-21,5.823351512373315e-22,1.5055465359985394e-15,-2.542304039001465,-1.1801719665527344e-05,-26.596431732177734
7883395000,-2.4616895029578104e-21,5.558653716356346e-22,1.3263139408430558e-15,-2.549732208251953,-1.633167266845703e-05,-26.28714370727539
7890515000,-2.302870825347629e-21,5.029258124322408e-22,1.2448666407668713e-15,-2.5518248081207275,-1.5735626220703125e-05,-26.185998916625977
7897318000,-2.183756817139993e-21,4.764560328305439e-22,1.1684208584859866e-15,-2.5542287826538086,-1.6450881958007812e-05,-26.084667205810547
7904190000,-2.0381730293306602e-21,4.499862532288471e-22,1.0966685916449564e-15,-2.5562891960144043,-1.5974044799804688e-05,-25.9841251373291
7911253000,-1.9322939109238726e-21,4.235164736271502e-22,1.0293235431076088e-15,-2.558497667312622,-1.609325408935547e-05,-25.8824405670166
7918091000,-1.7999450129153882e-21,3.8381180422460484e-22,9.661140270561118e-16,-2.560767650604248,-1.621246337890625e-05,-25.780946731567383
7931987000,-1.61465655570351e-21,3.3087224502121107e-22,8.510999759505419e-16,-2.5652523040771484,-1.5974044799804688e-05,-25.577533721923828
7938921000,-1.495542547495874e-21,3.044024654195142e-22,7.988342314566889e-16,-2.5671820640563965,-1.5616416931152344e-05,-25.475433349609375
7945984000,-1.402898318889935e-21,2.9116757561866574e-22,7.497781065582193e-16,-2.569650650024414,-1.5974044799804688e-05,-25.373464584350586
7952796000,-1.3367238698856927e-21,2.9116757561866574e-22,7.037351425509292e-16,-2.571589946746826,-1.609325408935547e-05,-25.27070426940918
7966737000,-1.138200522872966e-21,2.6469779601696886e-22,6.199573901390521e-16,-2.572929620742798,0.0,9.703750610351562
7973738000,-1.0654086289682996e-21,2.3161057151484775e-22,5.818860649566091e-16,-2.5738871097564697,3.814697265625e-06,18.718482971191406
7980615000,-1.0058516248644817e-21,2.3161057151484775e-22,5.461526036481471e-16,-2.575255870819092,7.62939453125e-06,24.212610244750977
7987562000,-9.396771758602394e-22,2.0514079191315086e-22,5.126140694038171e-16,-2.5764613151550293,8.58306884765625e-06,27.178342819213867
7994561000,-8.801201717564214e-22,1.9190590211230242e-22,4.811350957707359e-16,-2.5779738426208496,9.059906005859375e-06,28.364017486572266
8008456000,-7.874759431504823e-22,1.7205356741102976e-22,4.23857272039522e-16,-2.583354949951172,5.7220458984375e-06,27.26264762878418
8015357000,-7.345363839470886e-22,1.5881867761018131e-22,3.9769006848845213e-16,-2.5806150436401367,1.2874603271484375e-05,26.24222183227539
8022291000,-6.948317145445432e-22,1.4558378780933287e-22,3.732680439763017e-16,-2.5847394466400146,7.62939453125e-06,24.336097717285156
8029288000,-6.518183226917858e-22,1.3234889800848443e-22,3.503464324510939e-16,-2.586456775665283,7.62939453125e-06,22.4486026763916
8043173000,-5.624828165360588e-22,1.257314531080602e-22,3.0863834483983493e-16,-2.5902655124664307,5.245208740234375e-06,18.571563720703125
8050079000,-5.260868695837256e-22,1.1580528575742387e-22,2.896850032631747e-16,-2.5921928882598877,4.76837158203125e-06,16.70479393005371
8057012000,-4.929996450816045e-22,1.0918784085699965e-22,2.718960672911931e-16,-2.594073534011841,4.291534423828125e-06,14.93305778503418
8064053000,-4.566036981292713e-22,9.926167350636332e-23,2.5519927442557754e-16,-2.596050262451172,3.814697265625e-06,13.279051780700684
8070913000,-4.367513634279986e-22,9.26442286059391e-23,2.395275767145969e-16,-2.5978705883026123,3.337860107421875e-06,11.752177238464355
8084785000,-3.8381180422460484e-22,8.602678370551488e-23,2.110126625315341e-16,-2.601792812347412,2.384185791015625e-06,9.08655071258545
8091850000,-3.6065074707312007e-22,7.279189390466644e-23,1.980548186788868e-16,-2.6038308143615723,1.9073486328125e-06,7.941969871520996
8098698000,-3.374896899216353e-22,7.279189390466644e-23,1.8589252405216852e-16,-2.6057708263397217,1.1920928955078125e-06,6.915912628173828
8105615000,-3.1598299399525657e-22,6.948317145445432e-23,1.7447708749180192e-16,-2.607689619064331,1.1920928955078125e-06,5.999371528625488
8112673000,-2.99439381744196e-22,6.617444900424221e-23,1.6376266333951686e-16,-2.6097326278686523,4.76837158203125e-07,5.184457778930664
8126523000,-2.597347123416507e-22,5.790264287871194e-23,1.4426744566974048e-16,-2.6136794090270996,0.0,3.823007106781006
8133417000,-2.4980854499101436e-22,5.955700410381799e-23,1.3540802367194234e-16,-2.6155059337615967,0.0,3.2602176666259766
8140548000,-2.332649327399538e-22,5.459392042849983e-23,1.2709266152407747e-16,-2.623518466949463,-1.0251998901367188e-05,2.575593948364258
8147440000,-2.183756817139993e-22,4.963083675318166e-23,1.1916377139328718e-16,-2.61314058303833,1.0013580322265625e-05,2.5096726417541504
8161558000,-1.9190590211230242e-22,4.301339185275744e-23,1.0497774300201096e-16,-2.630889415740967,-1.3589859008789062e-05,1.3907036781311035
8168412000,-1.7701665108634792e-22,4.1359030627651384e-23,9.839901015425422e-17,-2.6173644065856934,1.239776611328125e-05,1.5324491262435913
8175420000,-1.6874484496081765e-22,3.8050308177439273e-23,9.235635651788085e-17,-2.6271169185638428,-9.5367431640625e-07,1.060427188873291
8182285000,-1.5964585822273434e-22,3.3087224502121107e-23,8.668486874852737e-17,-2.6291000843048096,-9.5367431640625e-07,0.8390833735466003
8196240000,-1.3979352352146168e-22,3.226004388956808e-23,7.636548620446293e-17,-2.632873058319092,-1.430511474609375e-06,0.4739503562450409
8203137000,-1.3069453678337837e-22,2.812414082680294e-23,7.167463097745841e-17,-2.634643793106079,-9.5367431640625e-07,0.3324589133262634
8210095000,-1.2324991127040112e-22,2.812414082680294e-23,6.727323602528825e-17,-2.6363298892974854,-1.1920928955078125e-06,0.20071962475776672
8217058000,-1.1580528575742387e-22,2.6469779601696886e-23,6.314213061007592e-17,-2.638334035873413,-1.430511474609375e-06,0.0880582332611084
8224147000,-1.0836066024444663e-22,2.481541837659083e-23,5.926465862300705e-17,-2.64013409614563,-1.1920928955078125e-06,-0.010273158550262451
8237829000,-9.678013166870424e-23,2.150669592637872e-23,5.220935393713401e-17,-2.643904209136963,-1.430511474609375e-06,-0.1723783314228058
8244813000,-8.933550615572699e-23,1.9025154088719637e-23,4.900324820499278e-17,-2.645691156387329,-1.1920928955078125e-06,-0.23928019404411316
8251788000,-8.437242248040882e-23,1.819797347616661e-23,4.599406108947592e-17,-2.6482861042022705,-2.86102294921875e-06,-0.3197549283504486
8258717000,-7.982292911136717e-23,1.6957202557337067e-23,4.316295272495193e-17,-2.6484179496765137,0.0,-0.329394668340683
8265691000,-7.610061635487855e-23,1.6957202557337067e-23,4.0512328552642105e-17,-2.651577949523926,-2.6226043701171875e-06,-0.40881600975990295
8279584000,-6.700162961679524e-23,1.3234889800848443e-23,3.568625245654232e-17,-2.654602289199829,-1.430511474609375e-06,-0.47478413581848145
8286470000,-6.327931686030662e-23,1.2821299494571929e-23,3.349473999397903e-17,-2.6564276218414307,-1.430511474609375e-06,-0.5075942873954773
8293448000,-5.872982349126496e-23,1.1994118882018901e-23,3.143780981707812e-17,-2.65817928314209,-1.6689300537109375e-06,-0.5370432138442993
8300391000,-5.542110104105285e-23,1.1994118882018901e-23,2.950725298544061e-17,-2.6599059104919434,-1.6689300537109375e-06,-0.5641660690307617
8314267000,-4.839006583435212e-23,1.0339757656912846e-23,2.5994494856613717e-17,-2.6634180545806885,-1.6689300537109375e-06,-0.6107481718063354
8321213000,-4.549493369041652e-23,9.926167350636332e-24,2.4398205019231334e-17,-2.665205240249634,-1.430511474609375e-06,-0.6313289403915405
8328321000,-4.218621124020441e-23,8.68539643180679e-24,2.289994104752016e-17,-2.666754722595215,-1.430511474609375e-06,-0.6503921747207642
8335128000,-3.9911464555683585e-23,8.271806125530277e-24,2.149366452300856e-17,-2.668564558029175,-1.6689300537109375e-06,-0.667460560798645
8342097000,-3.7843513024301016e-23,8.271806125530277e-24,2.017378370475567e-17,-2.670210361480713,-1.430511474609375e-06,-0.6840165257453918
8355928000,-3.3294019655259364e-23,6.824240053562478e-24,1.7772149168630436e-17,-2.673596143722534,-1.6689300537109375e-06,-0.7132704854011536
8362936000,-3.143286327701505e-23,6.617444900424222e-24,1.6680783612040222e-17,-2.6753318309783936,-1.6689300537109375e-06,-0.7268553376197815
8369819000,-2.957170689877074e-23,5.790264287871194e-24,1.565645111793008e-17,-2.677018880844116,-1.6689300537109375e-06,-0.7397266626358032
8376793000,-2.771055052052643e-23,5.583469134732937e-24,1.4695022400682147e-17,-2.680760383605957,-4.5299530029296875e-06,-5.383969783782959
8383703000,-2.5642598989143858e-23,5.583469134732937e-24,1.3792619637584772e-17,-2.684286594390869,-6.67572021484375e-06,-8.969282150268555
8397655000,-2.274746684520826e-23,4.549493369041652e-24,1.2150669430389462e-17,-2.6902918815612793,-1.1216849088668823e-05,-16.7270565032959
8404563000,-2.1299900773240463e-23,4.549493369041652e-24,1.140450040548804e-17,-2.6928770542144775,-1.3709068298339844e-05,-20.419458389282227
8411527000,-1.9955732277841793e-23,4.239300639334267e-24,1.0704163803966957e-17,-2.695298910140991,-1.52587890625e-05,-23.761133193969727
8418413000,-1.819797347616661e-23,4.1359030627651384e-24,1.0046825705047605e-17,-2.6975691318511963,-1.6450881958007812e-05,-26.688955307006836
8432335000,-1.6543612251060553e-23,3.7223127564886245e-24,8.850777960396968e-18,-2.701824426651001,-1.9073486328125e-05,-31.303651809692383
8439280000,-1.5199443755661884e-23,3.412120026781239e-24,8.307269839932263e-18,-2.703751802444458,-1.9788742065429688e-05,-33.05577850341797
8446257000,-1.41654679899706e-23,3.1019272970738538e-24,7.79713101255856e-18,-2.7057435512542725,-2.0503997802734375e-05,-34.49848556518555
8453142000,-1.3545082530555828e-23,2.895132143935597e-24,7.318318342162852e-18,-2.7074339389801025,-2.09808349609375e-05,-35.67436218261719
8460190000,-1.3028094647710186e-23,2.68833699079734e-24,6.868896639702072e-18,-2.709176540374756,-2.2411346435546875e-05,-36.627891540527344
8474068000,-1.137373342260413e-23,2.3781442610899546e-24,6.051184350030633e-18,-2.712561845779419,-2.3126602172851562e-05,-37.99312210083008
8480946000,-1.0546552810051103e-23,2.274746684520826e-24,5.6795887626825175e-18,-2.714254140853882,-2.3603439331054688e-05,-38.46530532836914
8487878000,-1.0081263715490025e-23,2.016252743098005e-24,5.330817569976578e-18,-2.715766191482544,-2.2649765014648438e-05,-38.82573318481445
8494916000,-9.150685526367869e-24,1.9645539548134407e-24,5.00345381152351e-18,-2.717377185821533,-2.3126602172851562e-05,-39.09672927856445
8508732000,-8.271806125530277e-24,1.7060600133906196e-24,4.407810151410813e-18,-2.7205252647399902,-2.384185791015625e-05,-39.41917037963867
8515687000,-7.754818242684634e-24,1.6026624368214911e-24,4.137135975468149e-18,-2.721898317337036,-2.3126602172851562e-05,-39.49342727661133
8522608000,-7.34122793640812e-24,1.4475660719677984e-24,3.883071999815855e-18,-2.723458766937256,-2.4080276489257812e-05,-39.526519775390625
8529544000,-6.772541265277914e-24,1.3958672836832342e-24,3.6446140271902935e-18,-2.724994421005249,-2.3365020751953125e-05,-39.5209846496582
8543453000,-5.9453606527248864e-24,1.2924697071141057e-24,3.2107354620296916e-18,-2.7278501987457275,-2.3365020751953125e-05,-39.419517517089844
8550410000,-5.5317703464483726e-24,1.1890721305449773e-24,3.0135653824991017e-18,-2.729353904724121,-2.384185791015625e-05,-39.334049224853516
8557360000,-5.195728222598705e-24,1.0856745539758488e-24,2.828503572775063e-18,-2.730677366256714,-2.3126602172851562e-05,-39.22960662841797
8564262000,-4.88553549289132e-24,1.0339757656912846e-24,2.6548035023547465e-18,-2.7321279048919678,-2.288818359375e-05,-39.11033248901367
8571244000,-4.652890945610781e-24,9.04728794979874e-25,2.4917707531139138e-18,-2.733397960662842,-2.3365020751953125e-05,-38.97834014892578
8585149000,-4.058354880338292e-24,8.271806125530277e-25,2.195136134031732e-18,-2.7361793518066406,-2.3603439331054688e-05,-38.67927932739258
8592092000,-3.851559727200035e-24,8.013312184107456e-25,2.0603354726876403e-18,-2.73760724067688,-2.3365020751953125e-05,-38.518184661865234
8599001000,-3.644764574061778e-24,7.754818242684634e-25,1.9338144756848983e-18,-2.7391021251678467,-2.288818359375e-05,-38.34837341308594
8605950000,-3.412120026781239e-24,6.979336418416171e-25,1.8150596706582634e-18,-2.740309476852417,-2.288818359375e-05,-38.17536163330078
8612915000,-3.2311742677852644e-24,6.462348535570529e-25,1.7036008054294994e-18,-2.741708993911743,-2.3365020751953125e-05,-37.994049072265625
8619813000,-2.9985297205047253e-24,5.686866711302065e-25,1.5989832408544318e-18,-2.7430408000946045,-2.4080276489257812e-05,-37.81113815307617
8633713000,-2.675412293726199e-24,5.169878828456423e-25,1.4086313009203868e-18,-2.7456791400909424,-2.288818359375e-05,-37.43133544921875
8640701000,-2.455692443516801e-24,5.169878828456423e-25,1.3221290951578071e-18,-2.747062921524048,-2.288818359375e-05,-37.23739242553711
8647613000,-2.3135207757342493e-24,4.52364397489937e-25,1.240937595722971e-18,-2.7483417987823486,-2.288818359375e-05,-37.0409049987793
8654544000,-2.1971985020939798e-24,4.3943970041879595e-25,1.1647308934545325e-18,-2.749638080596924,-2.2172927856445312e-05,-36.84305953979492
8661602000,-2.016252743098005e-24,4.1359030627651384e-25,1.0932052062725316e-18,-2.750969409942627,-2.2649765014648438e-05,-36.64179229736328
8675444000,-1.809457589959748e-24,3.7481621506309067e-25,9.630602276086181e-19,-2.753636121749878,-2.2649765014648438e-05,-36.236873626708984
8682309000,-1.6543612251060553e-24,3.4896682092080855e-25,9.039199157383737e-19,-2.754833221435547,-2.288818359375e-05,-36.03196716308594
8689249000,-1.563888345608068e-24,3.360421238496675e-25,8.484121158293677e-19,-2.7560317516326904,-2.2172927856445312e-05,-35.82460021972656
8696281000,-1.4604907690389395e-24,3.101927297073854e-25,7.96310645682855e-19,-2.757314920425415,-2.2411346435546875e-05,-35.61982727050781
8703145000,-1.370017889540952e-24,3.101927297073854e-25,7.474109331935936e-19,-2.7586898803710938,-2.2649765014648438e-05,-35.410255432128906
8717067000,-1.2278462217584005e-24,2.520315928872506e-25,6.583691795528995e-19,-2.7607884407043457,-2.09808349609375e-05,-35.03224563598633
8724056000,-1.1502980393315541e-24,2.3264454728053903e-25,6.179401067289109e-19,-2.7623438835144043,-2.288818359375e-05,-34.78325653076172
8730998000,-1.0792122054402783e-24,2.1971985020939798e-25,5.799931961280407e-19,-2.763568639755249,-2.1696090698242188e-05,-34.57355499267578
8737923000,-9.952016744778614e-25,2.1325750167382745e-25,5.443765050115207e-19,-2.764888048171997,-2.2411346435546875e-05,-34.363243103027344
8751770000,-8.853417493731624e-25,1.809457589959748e-25,4.7957083312590065e-19,-2.7671024799346924,-2.09808349609375e-05,-33.94131088256836
8758844000,-8.271806125530277e-25,1.7448341046040428e-25,4.501209802711166e-19,-2.768299102783203,-2.1696090698242188e-05,-33.730255126953125
8765691000,-7.754818242684634e-25,1.6155871338926322e-25,4.224792149884028e-19,-2.7696642875671387,-2.193450927734375e-05,-33.5196533203125
8772590000,-7.302453845194697e-25,1.6155871338926322e-25,3.9653490187083024e-19,-2.7708165645599365,-2.2172927856445312e-05,-33.3087272644043
8779592000,-6.979336418416171e-25,1.4217166778255163e-25,3.7218420390212936e-19,-2.7718403339385986,-2.1219253540039062e-05,-33.097496032714844
8793475000,-6.074607623436297e-25,1.260157964436253e-25,3.2787725666770384e-19,-2.7742369174957275,-2.09808349609375e-05,-32.67488479614258
8800413000,-5.751490196657771e-25,1.1632227364026952e-25,3.0774241393785017e-19,-2.775637626647949,-2.09808349609375e-05,-32.46517562866211
8807340000,-5.428372769879244e-25,1.0985992510469899e-25,2.88844335470734e-19,-2.7766528129577637,-2.1219253540039062e-05,-32.25471115112305
8814304000,-5.040631857745012e-25,1.0339757656912846e-25,2.71107024047577e-19,-2.777806043624878,-2.1457672119140625e-05,-32.043663024902344
8828261000,-4.459020489543665e-25,9.693522803355793e-26,2.388322460033478e-19,-2.7800285816192627,-2.0503997802734375e-05,-31.625219345092773
8835103000,-4.265150033476549e-25,8.724170523020214e-26,2.2416584260429393e-19,-2.78120756149292,-2.0742416381835938e-05,-31.415817260742188
8842126000,-3.9420326066980225e-25,8.077935669463161e-26,2.104000967206425e-19,-2.7824630737304688,-2.0503997802734375e-05,-31.207435607910156
8849050000,-3.715850407953054e-25,7.431700815906108e-26,1.9747988451938514e-19,-2.7835469245910645,-2.09808349609375e-05,-30.998756408691406
8856030000,-3.360421238496675e-25,7.108583389127582e-26,1.8535288682677784e-19,-2.784567356109619,-2.09808349609375e-05,-30.79187774658203
8862998000,-3.166550782429559e-25,6.462348535570529e-26,1.7397076527577454e-19,-2.7856874465942383,-2.0265579223632812e-05,-30.583898544311523
8876821000,-2.7949657416342537e-25,6.300789822181265e-26,1.5326002389382497e-19,-2.7877955436706543,-2.0742416381835938e-05,-30.17226219177246
8883715000,-2.5849394142282115e-25,5.492996255234949e-26,1.4384851798056147e-19,-2.7891883850097656,-2.0265579223632812e-05,-29.967119216918945
8890709000,-2.455692443516801e-25,5.492996255234949e-26,1.350149657462282e-19,-2.789963960647583,-2.002716064453125e-05,-29.76304817199707
8897686000,-2.358757215483243e-25,4.8467614016778965e-26,1.2672396644554727e-19,-2.7913084030151367,-2.002716064453125e-05,-29.558490753173828
8904596000,-2.1971985020939798e-25,4.52364397489937e-26,1.189418900167396e-19,-2.792283058166504,-2.0265579223632812e-05,-29.356082916259766
8918451000,-1.9387045606711586e-25,4.2005265481208437e-26,1.047821993663598e-19,-2.7943410873413086,-1.9788742065429688e-05,-28.953096389770508
8925465000,-1.8256134612986744e-25,3.877409121342317e-26,9.834773586472026e-20,-2.795558214187622,-1.9788742065429688e-05,-28.75233268737793
8932382000,-1.7286782332651164e-25,3.554291694563791e-26,9.230841266428818e-20,-2.796509265899658,-1.9550323486328125e-05,-28.552125930786133
8939301000,-1.6236650695620953e-25,3.3927329811745276e-26,8.663970515237106e-20,-2.797607421875,-2.002716064453125e-05,-28.35442543029785
8953163000,-1.4136387421560532e-25,2.908056841006738e-26,7.632548023452226e-20,-2.799705982208252,-1.9669532775878906e-05,-27.960054397583008
8960157000,-1.3328593854614215e-25,2.665718770922843e-26,7.163849393803781e-20,-2.8006582260131836,-1.9311904907226562e-05,-27.76375961303711
8967114000,-1.2278462217584005e-25,2.5849394142282115e-26,6.723919847365989e-20,-2.801719903945923,-1.9669532775878906e-05,-27.569509506225586
8973993000,-1.1793786077416215e-25,2.3426013441443167e-26,6.311012611329685e-20,-2.8026013374328613,-1.8715858459472656e-05,-27.375783920288086
8980985000,-1.0905213153775267e-25,2.261821987449685e-26,5.923461046007545e-20,-2.803823471069336,-1.919269561767578e-05,-27.182846069335938
8994950000,-9.612743446661161e-26,1.9387045606711586e-26,5.218283757692407e-20,-2.805696964263916,-1.8715858459472656e-05,-26.80138397216797
9001778000,-9.04728794979874e-26,1.9387045606711586e-26,4.897835603976498e-20,-2.8068809509277344,-1.9073486328125e-05,-26.611997604370117
9008788000,-8.56261180963095e-26,1.7771458472818954e-26,4.597069825195376e-20,-2.8076188564300537,-1.9073486328125e-05,-26.423648834228516
9015668000,-8.077935669463161e-26,1.6155871338926322e-26,4.314774084763768e-20,-2.80877685546875,-1.8835067749023438e-05,-26.236610412597656
9022605000,-7.552869850948055e-26,1.5348077771980006e-26,4.049812624926548e-20,-2.8097522258758545,-1.895427703857422e-05,-26.05054473876953
9036537000,-6.664296927307108e-26,1.454028420503369e-26,3.567690081782589e-20,-2.8116567134857178,-1.8715858459472656e-05,-25.682573318481445
9043478000,-6.300789822181265e-26,1.3732490638087374e-26,3.348599664320556e-20,-2.812588691711426,-1.823902130126953e-05,-25.500471115112305
9050387000,-5.856503360360792e-26,1.2116903504194741e-26,3.1429661183315676e-20,-2.8135571479797363,-1.8596649169921875e-05,-25.319116592407227
9064317000,-5.250658185151055e-26,1.0097419586828951e-26,2.768801631118289e-20,-2.8155784606933594,-1.8596649169921875e-05,-24.960708618164062
9071265000,-4.927540758372528e-26,9.693522803355793e-27,2.598768193859479e-20,-2.8165416717529297,-1.8477439880371094e-05,-24.783843994140625
9078202000,-4.6448130099413175e-26,9.289626019882635e-27,2.4391811430084182e-20,-2.8173704147338867,-1.8358230590820312e-05,-24.607446670532227
9085124000,-4.362085261510107e-26,8.481832452936319e-27,2.289394082152837e-20,-2.818402051925659,-1.8358230590820312e-05,-24.432348251342773
9092152000,-4.0187729955579225e-26,8.885729236409477e-27,2.1488031048220858e-20,-2.8170719146728516,-6.198883056640625e-06,2.1074447631835938
9106009000,-3.554291694563791e-26,7.472090494253424e-27,1.8929939460983674e-20,-2.8157401084899902,7.152557373046875e-06,31.39790153503418
9112943000,-3.352343302827212e-26,7.068193710780266e-27,1.7767456663488302e-20,-2.8152947425842285,1.049041748046875e-05,38.37610626220703
9119846000,-3.089810393569659e-26,6.664296927307108e-27,1.6676395742008055e-20,-2.8152713775634766,1.33514404296875e-05,41.98982238769531
9126814000,-2.908056841006738e-26,6.462348535570529e-27,1.565233483455747e-20,-2.815356731414795,1.33514404296875e-05,43.240447998046875
9134083000,-2.706108449270159e-26,5.856503360360792e-27,1.469112996013811e-20,-2.8204593658447266,-2.86102294921875e-06,41.53507995605469
9147874000,-2.4031858616652904e-26,5.2506581851510546e-27,1.2919790533015425e-20,-2.8163599967956543,1.33514404296875e-05,39.30286407470703
9154767000,-2.3022116657970009e-26,4.8467614016778965e-27,1.2126402348748463e-20,-2.816889762878418,1.33514404296875e-05,36.80815124511719
9161738000,-2.1204581132340797e-26,4.6448130099413175e-27,1.1381713615251993e-20,-2.8173770904541016,1.33514404296875e-05,34.13381576538086
9168642000,-1.9891916586053034e-26,4.2409162264681595e-27,1.0682786387323032e-20,-2.81803035736084,1.0967254638671875e-05,31.406747817993164
9175672000,-1.847827784389698e-26,4.0389678347315804e-27,1.002677965498663e-20,-2.818844795227051,9.059906005859375e-06,28.726106643676758
9189471000,-1.63578197306629e-26,3.4331226595218434e-27,8.8331265271235e-21,-2.820244312286377,7.62939453125e-06,23.727540969848633
9196485000,-1.5348077771980006e-26,3.332148463653554e-27,8.29068749236408e-21,-2.8211052417755127,6.67572021484375e-06,21.470439910888672
9203391000,-1.454028420503369e-26,3.130200071916975e-27,7.781558633131258e-21,-2.8217973709106445,6.198883056640625e-06,19.391408920288086
9210398000,-1.3530542246350794e-26,2.8272774843121063e-27,7.303709964191299e-21,-2.822803258895874,5.245208740234375e-06,17.49016761779785
9224189000,-1.2217877700063031e-26,2.5243548967072378e-27,6.434222779156592e-21,-2.82432222366333,4.76837158203125e-06,14.214958190917969
9231195000,-1.1309109937248425e-26,2.5243548967072378e-27,6.039099037717254e-21,-2.8252222537994385,3.337860107421875e-06,12.821645736694336
9238126000,-1.0602290566170399e-26,2.2214323091023692e-27,5.668240203338634e-21,-2.826038122177124,2.86102294921875e-06,11.575438499450684
9245125000,-1.0046932488894806e-26,2.1204581132340797e-27,5.320150646231529e-21,-2.8269433975219727,2.384185791015625e-06,10.466156959533691
9252000000,-9.390600215750925e-27,1.9689968194316455e-27,4.993446616015761e-21,-2.8277676105499268,2.384185791015625e-06,9.479720115661621
9265894000,-8.27988406119974e-27,1.7670484276950664e-27,4.3989945612742345e-21,-2.8294475078582764,1.9073486328125e-06,7.831363201141357
9272788000,-7.674038885990003e-27,1.666074231826777e-27,4.128853448306398e-21,-2.830315589904785,1.6689300537109375e-06,7.148000240325928
9279856000,-7.270142102516845e-27,1.464125840090198e-27,3.8753060307907725e-21,-2.831296443939209,7.152557373046875e-07,6.5443220138549805
9286745000,-6.916732416977832e-27,1.464125840090198e-27,3.6373280264844704e-21,-2.832085132598877,4.76837158203125e-07,6.011693954467773
9293701000,-6.563322731438818e-27,1.3631516442219084e-27,3.413957757146042e-21,-2.8329532146453857,4.76837158203125e-07,5.540441036224365
9307835000,-5.755529164492502e-27,1.2116903504194741e-27,3.0035148165547428e-21,-2.8312623500823975,1.33514404296875e-05,5.042850971221924
9314641000,-5.351632381019344e-27,1.1612032524853294e-27,2.8190751484333334e-21,-2.8355751037597656,4.76837158203125e-07,4.4335527420043945
9321624000,-5.023466244447403e-27,1.0097419586828951e-27,2.6459593324817693e-21,-2.8364274501800537,0.0,4.149019718170166
9328603000,-4.720543656842535e-27,9.34011311781678e-28,2.4834718584389095e-21,-2.8373093605041504,0.0,3.8972513675689697
9342441000,-4.064211383698653e-27,8.330371159133885e-28,2.1878210285236917e-21,-2.838956594467163,-2.384185791015625e-07,3.4739856719970703
9349336000,-3.862262991962074e-27,8.330371159133885e-28,2.053465975191696e-21,-2.839932680130005,-4.76837158203125e-07,3.296985387802124
9356296000,-3.60982750229135e-27,7.573064690121713e-28,1.9273669760106753e-21,-2.8405423164367676,-4.76837158203125e-07,3.137021541595459
9363290000,-3.3826355615876986e-27,6.815758221109542e-28,1.8090096684268763e-21,-2.8414196968078613,-4.76837158203125e-07,2.9941701889038086
9370168000,-3.1806871698511196e-27,6.563322731438818e-28,1.6979190698229346e-21,-2.842402935028076,-4.76837158203125e-07,2.865356206893921
9384088000,-2.8272774843121063e-27,6.058451752097371e-28,1.4957849865401538e-21,-2.843857765197754,-7.152557373046875e-07,2.642550230026245
9391032000,-2.6505726415425997e-27,5.301145283085199e-28,1.403929366403946e-21,-2.844845771789551,-7.152557373046875e-07,2.5460612773895264
9398190000,-2.4233807008389483e-27,5.174927538249837e-28,1.3177170931006211e-21,-2.845503091812134,-7.152557373046875e-07,2.4565467834472656
9404893000,-2.2845411815200502e-27,4.796274303743752e-28,1.2367988968866706e-21,-2.8464181423187256,-7.152557373046875e-07,2.3738157749176025
9418926000,-2.0194839173657902e-27,4.291403324402304e-28,1.0895593342134895e-21,-2.847980499267578,-9.5367431640625e-07,2.2270891666412354
9425840000,-1.868022623563356e-27,4.0389678347315804e-28,1.0226508028052848e-21,-2.848890781402588,-1.430511474609375e-06,2.154722213745117
9432707000,-1.7796702021786026e-27,3.7865323450608567e-28,9.598203162456128e-22,-2.8496193885803223,-7.152557373046875e-07,2.10312557220459
9439688000,-1.6534524573432407e-27,3.660314600225495e-28,9.008789518140037e-22,-2.8502986431121826,-9.5367431640625e-07,2.0382204055786133
9453630000,-1.4767476145737341e-27,3.155443620884047e-28,7.936324913338658e-22,-2.851973056793213,-1.1920928955078125e-06,1.9282029867172241
9460604000,-1.3883951931889808e-27,2.9030081312133234e-28,7.4489719472384e-22,-2.852733850479126,-7.152557373046875e-07,1.8760266304016113
9467420000,-1.3252863207712998e-27,2.7767903863779616e-28,6.991526023341391e-22,-2.853623867034912,-9.5367431640625e-07,1.8272138833999634
9474384000,-1.2369338993865465e-27,2.5874637691249187e-28,6.56217919867061e-22,-2.8541579246520996,-9.5367431640625e-07,1.779356598854065
9488300000,-1.1170270417929527e-27,2.271919407036514e-28,5.780969108270538e-22,-2.855731248855591,-1.430511474609375e-06,1.688490629196167
9495316000,-1.0476072821335037e-27,2.0194839173657902e-28,5.425967059662682e-22,-2.8565945625305176,-9.5367431640625e-07,1.6449874639511108
9502123000,-9.592548607487504e-28,2.082592789783471e-28,5.09276483507181e-22,-2.859875202178955,-4.291534423828125e-06,-3.3878912925720215
9509249000,-9.087677628146056e-28,1.8301573001127474e-28,4.780015943596019e-22,-2.8634109497070312,-9.059906005859375e-06,-7.619327068328857
9523000000,-7.888609052210118e-28,1.6408306828597046e-28,4.2103725419599606e-22,-2.8678104877471924,-1.36643648147583e-05,-17.587217330932617
9530006000,-7.509955817704032e-28,1.6408306828597046e-28,3.951815239229232e-22,-2.8700010776519775,-1.621246337890625e-05,-22.31683921813965
9536865000,-6.941975965944904e-28,1.4515040656066617e-28,3.7091356239278128e-22,-2.8715908527374268,-1.8715858459472656e-05,-26.48076629638672
9543843000,-6.563322731438818e-28,1.3883951931889808e-28,3.4813587901945943e-22,-2.873049259185791,-2.0623207092285156e-05,-29.99808120727539
9557678000,-5.679798517591285e-28,1.1675141397270975e-28,3.0669213104147455e-22,-2.875904083251953,-2.3365020751953125e-05,-35.20733642578125
9564739000,-5.490471900338242e-28,1.135959703518257e-28,2.878582725668274e-22,-2.8771893978118896,-2.4318695068359375e-05,-37.04989242553711
9571568000,-5.143373102040997e-28,1.0412963948917356e-28,2.7018125021069425e-22,-2.878256320953369,-2.5033950805664062e-05,-38.48862075805664
9578639000,-4.827828739952592e-28,9.466330862652142e-29,2.5358952375530246e-22,-2.879251718521118,-2.574920654296875e-05,-39.5987434387207
9585470000,-4.5122843778641875e-28,9.150786500563737e-29,2.3801667742331964e-22,-2.8802273273468018,-2.6226043701171875e-05,-40.440147399902344
9599550000,-4.00741339852274e-28,7.888609052210118e-29,2.0968145004005404e-22,-2.8819029331207275,-2.6702880859375e-05,-41.510650634765625
9606341000,-3.7234234726431757e-28,8.204153414298523e-29,1.9680498076921457e-22,-2.882488489151001,-2.7418136596679688e-05,-41.81569290161133
9613280000,-3.534096855390133e-28,7.257520328033309e-29,1.8471925304799417e-22,-2.8833577632904053,-2.7179718017578125e-05,-42.00411605834961
9620207000,-3.3132158019282496e-28,6.941975965944904e-29,1.7337569828818017e-22,-2.884223699569702,-2.8133392333984375e-05,-42.098777770996094
9634103000,-2.950339785526584e-28,5.99534287967969e-29,1.527166428707923e-22,-2.885368824005127,-2.6941299438476562e-05,-42.13418197631836
9641045000,-2.745235950169121e-28,5.679798517591285e-29,1.4333850034645662e-22,-2.886155128479004,-2.7894973754882812e-05,-41.97428512573242
9648036000,-2.603240987229339e-28,5.048709793414476e-29,1.3453639036600057e-22,-2.8869826793670654,-2.7418136596679688e-05,-41.83415603637695
9655012000,-2.4296915880807164e-28,4.890937612370273e-29,1.2627455544231229e-22,-2.887552261352539,-2.86102294921875e-05,-41.66188430786133
9668818000,-2.145701662201152e-28,4.417621069237666e-29,1.112420094106462e-22,-2.888821601867676,-2.765655517578125e-05,-41.235260009765625
9676318000,-2.0194839173657902e-28,4.259848888193464e-29,1.0441078320490709e-22,-2.8958866596221924,-6.29425048828125e-05,-39.13456726074219
9683192000,-1.877488954426008e-28,3.7865323450608567e-29,9.759936687421988e-23,-2.882901191711426,1.1205673217773438e-05,-42.69438552856445
9690102000,-1.7512712095906462e-28,3.6287601640166543e-29,9.160591094982548e-23,-2.8906655311584473,-2.7179718017578125e-05,-40.44344711303711
9697131000,-1.664496510016335e-28,3.3132158019282496e-29,8.598059432179238e-23,-2.891110897064209,-2.7179718017578125e-05,-40.15953826904297
9711044000,-1.4515040656066617e-28,2.9187853493177437e-29,7.574490319549629e-23,-2.892371654510498,-2.7418136596679688e-05,-39.569583892822266
9717877000,-1.3647293660323504e-28,2.7610131682735413e-29,7.109343851040215e-23,-2.8929827213287354,-2.6464462280273438e-05,-39.26644515991211
9724952000,-1.270066057405829e-28,2.4454688061851366e-29,6.672768031251733e-23,-2.8934736251831055,-2.5987625122070312e-05,-38.95845031738281
9731790000,-1.1754027487793076e-28,2.524354896707238e-29,6.263007171353524e-23,-2.8940038681030273,-2.6702880859375e-05,-38.646121978759766
9738739000,-1.1201824854138368e-28,2.2876966251409342e-29,5.8784040323559e-23,-2.8944644927978516,-2.574920654296875e-05,-38.331817626953125
9745710000,-1.0491850039439457e-28,2.129924444096732e-29,5.517408029263557e-23,-2.895153045654297,-2.6226043701171875e-05,-38.01767349243164
9759635000,-9.229672591085838e-29,1.8143800820083272e-29,4.8605708851403335e-23,-2.896158218383789,-2.6464462280273438e-05,-37.38249969482422
9766505000,-8.67746995743113e-29,1.8143800820083272e-29,4.562088953343135e-23,-2.896763324737549,-2.6226043701171875e-05,-37.063621520996094
9773445000,-8.085824278515371e-29,1.5777218104420236e-29,4.281941095616359e-23,-2.8972790241241455,-2.574920654296875e-05,-36.744144439697266
9780406000,-7.533621644860663e-29,1.6171648557030742e-29,4.018988196812867e-23,-2.8978683948516846,-2.5987625122070312e-05,-36.42662048339844
9787328000,-7.060305101728056e-29,1.4199496293978212e-29,3.772183911827973e-23,-2.898453950881958,-2.5272369384765625e-05,-36.10945129394531
9801199000,-6.310887241768094e-29,1.3016204936146695e-29,3.32311853064367e-23,-2.899441957473755,-2.574920654296875e-05,-35.47563171386719
9808172000,-5.916456789157589e-29,1.2227344030925683e-29,3.119046840894598e-23,-2.899911880493164,-2.5510787963867188e-05,-35.16162109375
9815120000,-5.522026336547083e-29,1.1044052673094165e-29,2.927512990828747e-23,-2.9004640579223633,-2.5510787963867188e-05,-34.847171783447266
9822038000,-5.088152838675526e-29,1.064962222048366e-29,2.747738216960482e-23,-2.900908946990967,-2.5510787963867188e-05,-34.53501510620117
9836067000,-4.5753932502818685e-29,9.466330862652142e-30,2.4181846318284385e-23,-2.9003794193267822,-1.52587890625e-05,-34.29393005371094
9843036000,-4.2992919334545143e-29,8.67746995743113e-30,2.269684879636385e-23,-2.9024085998535156,-2.47955322265625e-05,-33.60344314575195
9850045000,-4.003469093996635e-29,7.494178599599612e-30,2.1303084615853935e-23,-2.9030110836029053,-2.47955322265625e-05,-33.29644775390625
9857000000,-3.747089299799806e-29,7.691393825904865e-30,1.9994869245071617e-23,-2.9034461975097656,-2.4318695068359375e-05,-32.99357986450195
9870801000,-3.2934942792977243e-29,6.508102468073347e-30,1.761453352838696e-23,-2.9044859409332275,-2.4557113647460938e-05,-32.39204406738281
9877884000,-3.076557530361946e-29,6.310887241768095e-30,1.6532863232366012e-23,-2.904958963394165,-2.4080276489257812e-05,-32.093204498291016
9884727000,-2.879342304056693e-29,5.9164567891575885e-30,1.5517585047850276e-23,-2.9055678844451904,-2.4318695068359375e-05,-31.798500061035156
9891636000,-2.662405555120915e-29,5.7192415628523356e-30,1.4564671051057692e-23,-2.905907392501831,-2.3603439331054688e-05,-31.504392623901367
9898654000,-2.5046333740767125e-29,5.32481111024183e-30,1.3670273178492592e-23,-2.9063069820404053,-2.384185791015625e-05,-31.2125301361084
9912559000,-2.1890890119883078e-29,4.930380657631324e-30,1.2042864175074318e-23,-2.9073798656463623,-2.3603439331054688e-05,-30.636356353759766
9919417000,-2.070759876205156e-29,4.733165431326071e-30,1.1303304709846904e-23,-2.9077401161193848,-2.3365020751953125e-05,-30.352638244628906
9926449000,-1.9524307404220042e-29,4.338734978715565e-30,1.0609163122376684e-23,-2.9083404541015625,-2.372264862060547e-05,-30.071182250976562
9933262000,-1.8341016046388524e-29,3.8456969129524326e-30,9.957668144303618e-24,-2.9086618423461914,-2.288818359375e-05,-29.790939331054688
9947196000,-1.6368863783335995e-29,3.4512664603419266e-30,8.772225562783562e-24,-2.909607410430908,-2.276897430419922e-05,-29.239299774169922
9954128000,-1.567861049126761e-29,3.254051234036674e-30,8.233541638461626e-24,-2.910073757171631,-2.3603439331054688e-05,-28.965938568115234
9961130000,-1.4593926746588718e-29,3.0568360077314207e-30,7.727929918730176e-24,-2.9106791019439697,-2.2530555725097656e-05,-28.695709228515625
9967992000,-1.3607850615062454e-29,2.9582283945787943e-30,7.253360664480078e-24,-2.9108657836914062,-2.288818359375e-05,-28.42823600769043
9974926000,-1.2818989709841442e-29,2.7610131682735413e-30,6.807927987764318e-24,-2.911496639251709,-2.3126602172851562e-05,-28.1643009185791
9988822000,-1.1438483125704671e-29,2.3665827156630354e-30,5.997468070958355e-24,-2.9123544692993164,-2.2292137145996094e-05,-27.640989303588867
9996151000,-1.0748229833636286e-29,2.1693674893577825e-30,5.629165480389674e-24,-2.912736415863037,-2.2530555725097656e-05,-27.38381004333496
10002714000,-1.00579765415679e-29,1.9721522630525295e-30,5.283480715265038e-24,-2.9133524894714355,-2.2649765014648438e-05,-27.129426956176758
10009712000,-9.417027056075828e-30,1.873544649899903e-30,4.95902893026533e-24,-2.913642406463623,-2.2292137145996094e-05,-26.876882553100586
10016597000,-8.82538137716007e-30,1.8242408433235898e-30,4.654501010718337e-24,-2.9141201972961426,-2.2292137145996094e-05,-26.626916885375977
10030567000,-7.937912858786431e-30,1.5777218104420236e-30,4.100398800003856e-24,-2.9148621559143066,-2.1576881408691406e-05,-26.135122299194336
10037421000,-7.346267179870672e-30,1.5284180038657104e-30,3.8485912436136884e-24,-2.9152917861938477,-2.2292137145996094e-05,-25.8940486907959
10044401000,-6.902532920683853e-30,1.4298103907130839e-30,3.612250488561736e-24,-2.9158334732055664,-2.205371856689453e-05,-25.654882431030273
10051349000,-6.409494854920721e-30,1.3312027775604574e-30,3.390429901761735e-24,-2.9160914421081543,-2.1457672119140625e-05,-25.417234420776367
10065246000,-5.6699377562760224e-30,1.1339875512552045e-30,2.986800147704994e-24,-2.91685152053833,-2.1457672119140625e-05,-24.95267105102539
10072238000,-5.2755073036655164e-30,1.0846837446788912e-30,2.8033844652147723e-24,-2.917548179626465,-2.1696090698242188e-05,-24.72315216064453
10079150000,-4.9550325609194804e-30,1.035379938102578e-30,2.631229574931354e-24,-2.9177780151367188,-2.1338462829589844e-05,-24.496679306030273
10086051000,-4.708513528037914e-30,9.367723249499515e-31,2.4696442374865397e-24,-2.918189525604248,-2.104043960571289e-05,-24.273895263671875
10093134000,-4.388038785291878e-30,8.874685183736383e-31,2.3179886866861948e-24,-2.918757200241089,-2.1755695343017578e-05,-24.045167922973633
10106885000,-3.9196526228169024e-30,8.135128085091684e-31,2.041980652660883e-24,-2.9195518493652344,-2.09808349609375e-05,-23.6171817779541
10113857000,-3.673133589935336e-30,7.1490519535654195e-31,1.9165850981039877e-24,-2.919771671295166,-2.09808349609375e-05,-23.403905868530273
10120776000,-3.4019626537656134e-30,7.395570986446986e-31,1.7988900092734074e-24,-2.9203600883483887,-2.1338462829589844e-05,-23.192707061767578
10127802000,-3.180095524172204e-30,6.656013887802287e-31,1.688419308612841e-24,-2.9207382202148438,-2.104043960571289e-05,-22.985261917114258
10134654000,-2.982880297866951e-30,6.162975822039155e-31,1.5847355727503436e-24,-2.9210174083709717,-2.09808349609375e-05,-22.77850914001465
10148618000,-2.5391460386801317e-30,5.669937756276022e-31,1.396075838785052e-24,-2.921739339828491,-2.0682811737060547e-05,-22.374940872192383
10155500000,-2.4035605705952703e-30,4.930380657631324e-31,1.3103458868720928e-24,-2.922149181365967,-2.0742416381835938e-05,-22.17660140991211
10162496000,-2.2556491508663306e-30,5.17689969051289e-31,1.2298802996025128e-24,-2.9225780963897705,-2.0563602447509766e-05,-21.980567932128906
10169407000,-2.157041537713704e-30,4.437342591868191e-31,1.1543560384356241e-24,-2.922936201095581,-2.0623207092285156e-05,-21.78689956665039
10176379000,-2.0214560696288428e-30,4.190823558986625e-31,1.0834663350869089e-24,-2.923474073410034,-2.0205974578857422e-05,-21.597137451171875
10190233000,-1.7995889400354332e-30,3.697785493223493e-31,9.544825480950027e-25,-2.9243180751800537,-2.0265579223632812e-05,-21.222614288330078
10197186000,-1.67632942359465e-30,3.5745259767827097e-31,8.958681120772053e-25,-2.924448251724243,-2.014636993408203e-05,-21.038389205932617
10204114000,-1.5777218104420236e-30,3.2047474274603605e-31,8.408539386232235e-25,-2.9248533248901367,-2.0295381546020508e-05,-20.856914520263672
10211085000,-1.4667882456453188e-30,3.2047474274603605e-31,7.892174210463651e-25,-2.9250946044921875,-1.96993350982666e-05,-20.67858123779297
10218017000,-1.392832535780849e-30,2.9582283945787943e-31,7.407532089922399e-25,-2.9256677627563477,-2.0116567611694336e-05,-20.50167465209961
10224973000,-1.2942249226282225e-30,2.711709361697228e-31,6.952645309688018e-25,-2.92581844329834,-1.9788742065429688e-05,-20.327810287475586
10238826000,-1.1339875512552045e-30,2.4035605705952703e-31,6.124951247293305e-25,-2.926873207092285,-2.014636993408203e-05,-19.986722946166992
10245800000,-1.0600318413907346e-30,2.2803010541544873e-31,5.748820395531663e-25,-2.926912546157837,-1.9758939743041992e-05,-19.81924057006836
10252727000,-9.922391073483039e-31,2.033782021272921e-31,5.395792814493616e-25,-2.9272356033325195,-1.946091651916504e-05,-19.65353012084961
10259991000,-9.306093491279124e-31,1.9721522630525295e-31,5.064434256445859e-25,-2.9277334213256836,-1.9729137420654297e-05,-19.491952896118164
10273544000,-8.320017359752859e-31,1.7872629883913549e-31,4.461531039374531e-25,1266.1080322265625,0.27227783203125,3926.956298828125
10280541000,-7.765349535769335e-31,1.6023737137301802e-31,4.18755422357255e-25,-13.593474388122559,-4.291534423828125e-05,-57.90045166015625
10287438000,-7.272311470006203e-31,1.4791141972893971e-31,3.93040183872667e-25,-13.47238540649414,-4.291534423828125e-05,-57.951175689697266
10294459000,-6.840903162463462e-31,1.4791141972893971e-31,3.6890441748365454e-25,-13.352972030639648,-4.291534423828125e-05,-58.00465774536133
