t,p_x,p_y,p_z,v_x,v_y,v_z,q_w,q_x,q_y,q_z,w_x,w_y,w_z,a_lin_x,a_lin_y,a_lin_z,a_rot_x,a_rot_y,a_rot_z,u_1,u_2,u_3,u_4,jerk_x,jerk_y,jerk_z,snap_x,snap_y,snap_z
0.0,0.0,0.0,-0.02,0.0,0.0,0.0,-0.0,0.0,-0.99551,0.094704,0.0,0.0,0.0,0.0,0.0,0.0,0.0,0.0,0.0,1.5174413404464513e-06,6.351686993570372,9.09181915413726,9.230494251645291,0.0,0.0,0.0,0.0,0.0,0.0
0.016323412475321656,-4.869027368900249e-05,-0.0006684473460750732,-0.024524503290967475,-0.01208770903978452,-0.08759662803959344,-0.5527134409991906,0.041939310464740975,-0.027541814780745515,-0.9889334706329033,0.1396178116799076,10.998684766831666,10.99999715152093,5.747101404255832,0.0,0.0,0.0,0.0,0.0,0.0,4.895701378594253e-05,3.051621685302286e-06,0.8279995084656239,1.2823579805762066,0.0,0.0,0.0,0.0,0.0,0.0
0.03264682495064331,-0.00028912797295603445,-0.0021895206151765524,-0.035115080698442734,-0.018459376564023404,-0.09957458614032981,-0.7443551445984269,0.12521445608343537,-0.08630680290434822,-0.9620190673356248,0.22669757352661263,10.999995522992819,10.999998037336065,6.760259839714798,0.0,0.0,0.0,0.0,0.0,0.0,0.00013304410433997215,1.884915689772375e-05,1.024858949565778e-05,0.4994814739382989,0.0,0.0,0.0,0.0,0.0,0.0
0.04897023742596497,-0.0006133065113698382,-0.003844866516195621,-0.048626733337873054,-0.0215150749324691,-0.10336961933004475,-0.910945599606263,0.20509232112628076,-0.14838800432967825,-0.9164345555317828,0.30994490706148664,10.999994479774594,10.999998009839942,6.9999930749640535,0.0,0.0,0.0,0.0,0.0,0.0,9.229681582122963,9.230478632296972,7.024220306759145,7.463159800491691,0.0,0.0,0.0,0.0,0.0,0.0
0.06529364990128662,-0.0032797083405717094,-0.007832747413707083,-0.06772642244270122,-0.32054578510478465,-0.38865726604302775,-1.41291733453027,0.2835499958285162,-0.20168578764988274,-0.8545904548364668,0.38548332963708765,10.999994772102712,10.999997608638783,5.0926598878148255,0.0,0.0,0.0,0.0,0.0,0.0,9.229607103710492,9.230496128306346,3.9369475709537975,4.125447213370829,0.0,0.0,0.0,0.0,0.0,0.0
0.08161706237660828,-0.010952187627638117,-0.01609591826434407,-0.09377155049537686,-0.6295139616300095,-0.6229386815921196,-1.7629812662618356,0.36829669169292256,-0.2278961714386662,-0.7834665678771356,0.44564674233126417,10.999972076388213,10.999995333190686,0.10071624693787391,0.0,0.0,0.0,0.0,0.0,0.0,9.230497305687333,9.23048263393396,9.223287565180307,9.230458744967251,0.0,0.0,0.0,0.0,0.0,0.0
0.09794047485192993,-0.025236648015809368,-0.028804168887983435,-0.1251133178890899,-1.1298098019930038,-0.9290737426142216,-2.053965390361762,0.4555281940115698,-0.23361936989780013,-0.7040980840672938,0.4920995249762781,10.99992172793506,10.99999474092875,0.09724337877336064,0.0,0.0,0.0,0.0,0.0,0.0,9.23049822053828,9.223168093579435,9.230481727811878,9.230328650643921,0.0,0.0,0.0,0.0,0.0,0.0
0.11426388732725158,-0.04804636950502748,-0.046209314498048444,-0.16005317870491304,-1.668475591628334,-1.195289060550886,-2.2032181658842487,0.535404190293422,-0.23563149658565977,-0.6134506236413042,0.530564306363651,10.974527560076085,10.999992298456716,0.10067324668338286,0.0,0.0,0.0,0.0,0.0,0.0,9.230498455851523,7.574199248532871,9.230489486974383,7.5796422526659635,0.0,0.0,0.0,0.0,0.0,0.0
0.13058729980257325,-0.07934383267185069,-0.06734345448929126,-0.19639770351360547,-2.1659441009373004,-1.3831799609726627,-2.232719352278837,0.6017810314093872,-0.2472940958623099,-0.5262865913313546,0.547473875333171,5.23585043778351,10.999983213692945,0.10328212900362932,0.0,0.0,0.0,0.0,0.0,0.0,9.230498566964032,9.22686742995594,9.230487094688398,9.230473482275293,0.0,0.0,0.0,0.0,0.0,0.0
0.1469107122778949,-0.11912150268935341,-0.09105611514111345,-0.23233402057293337,-2.7053266425414093,-1.5075254919241632,-2.1570471650313,0.656046892264879,-0.2699651100706766,-0.4462266120446992,0.5455301322541509,5.216450106150055,10.999939094187852,0.10500788820154758,0.0,0.0,0.0,0.0,0.0,0.0,9.230498615508736,6.78169670300727,9.230475681000291,9.230487900353541,0.0,0.0,0.0,0.0,0.0,0.0
0.16323412475321655,-0.16726221446016312,-0.11606108147330035,-0.2666025831137836,-3.189801229439138,-1.5442223201542402,-2.0343511701020884,0.6899790120712207,-0.2947875595214785,-0.38206212857907074,0.5394977178433867,0.9110619430672303,6.7796481790470535,1.28066242969504,0.0,0.0,0.0,0.0,0.0,0.0,9.230498626422364,7.0571899663276945,9.230408823569075,9.230490974705917,0.0,0.0,0.0,0.0,0.0,0.0
0.1795575372285382,-0.22322350995442689,-0.14115029004746343,-0.29861606717929035,-3.6664307663163487,-1.5220997776494223,-1.8880275625199912,0.694074184615589,-0.32738322977219597,-0.3542106148215537,0.534430619876769,-2.948590876401761,2.9918751139884687,2.3240219268648783,0.0,0.0,0.0,0.0,0.0,0.0,9.23049860828103,9.230372723082658,7.783053712160048,9.230491333636753,0.0,0.0,0.0,0.0,0.0,0.0
0.19588094970385986,-0.2870691283664541,-0.16556643134503884,-0.3282571638774156,-4.1570132554641654,-1.466272753693329,-1.7456491518136465,0.6856049359032224,-0.3502052518536847,-0.34657056908885014,0.5359020377649878,-0.48314014235254665,0.4451030215348157,1.629160046109482,0.0,0.0,0.0,0.0,0.0,0.0,9.230498573978256,9.23044308236548,9.059148978695774,9.230491002061,0.0,0.0,0.0,0.0,0.0,0.0
0.2122043621791815,-0.3590938908393591,-0.1889570296081865,-0.355548001477203,-4.667889843483605,-1.3990612576390644,-1.598545651831792,0.6784636174841145,-0.3578381528700708,-0.34183201429600313,0.5429455314331652,-0.1919252853169663,0.14219608036319709,1.5469180488059586,0.0,0.0,0.0,0.0,0.0,0.0,9.230498526593557,9.230467251035844,9.230263038627566,9.230490368647168,0.0,0.0,0.0,0.0,0.0,0.0
0.22852777465450316,-0.43948465881030996,-0.21122743565852317,-0.3804426958290767,-5.181976944751376,-1.3293136683823648,-1.4518938990980792,0.6713813992039184,-0.3638146997934224,-0.337365020802426,0.5505185952864713,-0.194065126358641,0.13833703026039398,1.5468160897207606,0.0,0.0,0.0,0.0,0.0,0.0,9.23049846651588,9.23047875799941,9.230402971332019,9.230489449161038,0.0,0.0,0.0,0.0,0.0,0.0
0.24485118712982482,-0.5282729004351902,-0.23234626331128574,-0.40295626307917476,-5.696782552545138,-1.257978885072528,-1.3068114343365933,0.6641730487498441,-0.3697270102292952,-0.3328736904009518,0.5580064564681086,-0.19636247718356464,0.13470282371820438,1.5467753752785707,0.0,0.0,0.0,0.0,0.0,0.0,9.230498392713056,9.230485019855148,9.230443095255023,9.230488182299931,0.0,0.0,0.0,0.0,0.0,0.0
0.2611745996051465,-0.6254706081169129,-0.2522882401555798,-0.4231147906597534,-6.212338834553363,-1.1851349917441414,-1.1633556703620478,0.6568397446979455,-0.37557490007499666,-0.3283581916139321,0.5654077663234051,-0.19865661131801682,0.1311107484724977,1.5467503452395794,0.0,0.0,0.0,0.0,0.0,0.0,9.230498303616413,9.230488774004534,9.230460802774061,9.230486464506676,0.0,0.0,0.0,0.0,0.0,0.0
0.27749801208046815,-0.7310902990349809,-0.27102937896081625,-0.4409452786886267,-6.728677867382281,-1.1108615540048676,-1.0215808875805448,0.6493827829593724,-0.38135708411133745,-0.32381894992173743,0.5727216280756495,-0.20091420501399726,0.1275187864320825,1.546731232280638,0.0,0.0,0.0,0.0,0.0,0.0,9.23049819714277,9.230491194654775,9.230470306634565,9.230484132836752,0.0,0.0,0.0,0.0,0.0,0.0
0.2938214245557898,-0.8451450044770318,-0.28854700850131193,-0.4564755887874616,-7.245830546881719,-1.0352402766069975,-0.8815383196311706,0.6418035034575957,-0.3870720235651067,-0.31925645504487893,0.5799472626325145,-0.20312427599584917,0.12391225236150445,1.5467144516559912,0.0,0.0,0.0,0.0,0.0,0.0,9.230498070588306,9.230492844399555,9.230476012285836,9.23048093024236,0.0,0.0,0.0,0.0,0.0,0.0
0.31014483703111145,-0.9676482486348659,-0.3048198093654117,-0.4697343934597809,-7.763826358390054,-0.9583550787521368,-0.7432760628990722,0.6341032812415617,-0.3927181002003924,-0.31467121435708956,0.5870839372259423,-0.20528275326433695,0.120285651489445,1.54669814146564,0.0,0.0,0.0,0.0,0.0,0.0,9.230497920477628,9.230494018120257,9.230479684791245,9.2304764416828,0.0,0.0,0.0,0.0,0.0,0.0
0.3264682495064331,-1.0986140247354148,-0.3198278496690218,-0.48075112414427845,-8.28269327583198,-0.8802920283648914,-0.6068389934664834,0.6262835251924868,-0.3982936784096601,-0.3100637359203568,0.5941309379913536,-0.207388762772142,0.1166378276189096,1.546680948051842,0.0,0.0,0.0,0.0,0.0,0.0,9.230497742353421,9.23049488193595,9.230482152224921,9.230469972373895,0.0,0.0,0.0,0.0,0.0,0.0
0.34279166198175476,-1.2380567698288922,-0.33355261917697143,-0.48955591809131005,-8.802457697329222,-0.8011392187061959,-0.4722687036021438,0.6183456779712218,-0.40379713833491404,-0.30543452182548525,0.6010875530936252,-0.20944377552883425,0.11297055452345968,1.546661504135546,0.0,0.0,0.0,0.0,0.0,0.0,9.230497530484426,9.230495535061689,9.230483847229593,9.230460303241204,0.0,0.0,0.0,0.0,0.0,0.0
0.3591150744570764,-1.3859913386562956,-0.3459770611192,-0.49617956440719746,-9.323144397003833,-0.7209866110036067,-0.33960346355819643,0.6102912161173214,-0.4092269034194253,-0.30078406679938335,0.6079530559240685,-0.211451996649784,0.1092886011896665,1.546638019989938,0.0,0.0,0.0,0.0,0.0,0.0,9.230497277458191,9.230496039668239,9.230485014146348,9.230445165840413,0.0,0.0,0.0,0.0,0.0,0.0
0.37543848693239806,-1.5424329768082539,-0.3570856012036701,-0.5006534497633756,-9.844776487302854,-0.6399258479497051,-0.20887822083298999,0.6021216501014041,-0.41458147531285633,-0.29611286123997665,0.6147266809036781,-0.2134219818640197,0.10560110070811862,1.5466077078260163,0.0,0.0,0.0,0.0,0.0,0.0,9.230496973607801,9.23049643630078,9.23048579935877,9.230420018093259,0.0,0.0,0.0,0.0,0.0,0.0
0.3917618994077197,-1.7073972933146382,-0.36686417331304627,-0.5030095045800375,-10.367375389154327,-0.5580500312457247,-0.08012466423056497,0.5938385243082516,-0.4198594927727381,-0.2914214006317492,0.621407580119399,-0.21537054572209993,0.10192517631896612,1.5465656546554851,0.0,0.0,0.0,0.0,0.0,0.0,9.230496606194414,9.23049675230423,9.230486294961771,9.23037488103163,0.0,0.0,0.0,0.0,0.0,0.0
0.40808531188304137,-1.880900232708802,-0.3753002411472328,-0.5032801512122159,-10.89096080269707,-0.47545344020256164,0.04662858247727543,0.5854434169362676,-0.4250598507900719,-0.28671020813476933,0.6279947335476842,-0.21733231671490083,0.09829502181202565,1.5465021937862176,0.0,0.0,0.0,0.0,0.0,0.0,9.230496158223389,9.230497006653573,9.230486561912222,9.230285022330785,0.0,0.0,0.0,0.0,0.0,0.0
0.424408724358363,-2.0629580462193546,-0.3823828144655974,-0.501498257492064,-11.415550643469983,-0.3922311322071558,0.1713554653435635,0.5769379396668016,-0.43018198015280723,-0.2819798908824831,0.6344867365538375,-0.21938574866069596,0.09478686132993124,1.5463958128425532,0.0,0.0,0.0,0.0,0.0,0.0,9.23049560669834,9.230497212839527,9.23048664362971,9.23007837009803,0.0,0.0,0.0,0.0,0.0,0.0
0.4407321368336847,-2.2535872598278774,-0.38810245701652796,-0.4976971043846536,-11.94116076478977,-0.3084782642651579,0.2940311657416142,0.5683237362394453,-0.4352266221778995,-0.2772313003450875,0.6408812091826578,-0.22173648449643046,0.09159943326105362,1.546190423116139,0.0,0.0,0.0,0.0,0.0,0.0,9.23049491999116,9.230497380654903,9.230486575120286,9.229491600495859,0.0,0.0,0.0,0.0,0.0,0.0
0.4570555493090063,-2.4528046261532563,-0.39245127888597386,-0.49191039642474294,-12.467803417579864,-0.2242886348070713,0.41462780657631904,0.5596024744820343,-0.44019850689766366,-0.2724660975160051,0.6471727518854999,-0.22505343313127116,0.08938011464120053,1.5457035413171711,0.0,0.0,0.0,0.0,0.0,0.0,9.23049405377516,9.230497517334376,9.230486390036049,9.227199473122383,0.0,0.0,0.0,0.0,0.0,0.0
0.473378961784328,-2.660626970010559,-0.39542289293525607,-0.48417244395826226,-12.995476625784056,-0.13975055847739518,0.5330956606953423,0.5507757851860094,-0.44511902503185574,-0.267689484403437,0.6533432696119609,-0.23233090564153064,0.09103995339647082,1.5441164697169119,0.0,0.0,0.0,0.0,0.0,0.0,9.230492944463862,9.230497628294223,9.23048612600698,9.214900141307059,0.0,0.0,0.0,0.0,0.0,0.0
0.48970237425964963,-2.8770702796104035,-0.3970122644709347,-0.4745192741465772,-13.524087953986863,-0.054930539486110104,0.6492549965645619,0.5418445677785546,-0.4501029349661847,-0.26292741132601044,0.6593034116983629,-0.26111001129461336,0.11369128460966058,1.5366248369476734,0.0,0.0,0.0,0.0,0.0,0.0,9.230491498153928,9.230497717612694,9.230485823963763,9.20844229214263,0.0,0.0,0.0,0.0,0.0,0.0
0.5060257867349713,-3.102151504388325,-0.3972143281749768,-0.4629903450951118,-14.053851004776265,0.030243159115016433,0.7628570146756699,0.5328066541523635,-0.4552976409169667,-0.25821846827067085,0.6649393582202499,-0.3015454232061204,0.14694601188184941,1.5260332949061124,0.0,0.0,0.0,0.0,0.0,0.0,9.23048957269828,9.230497788408746,9.23048551563746,9.219391986052374,0.0,0.0,0.0,0.0,0.0,0.0
0.522349199210293,-3.335892893146686,-0.3960222050793087,-0.4496295760566707,-14.585185582596548,0.11589750857272416,0.873640970866508,0.523659159767153,-0.46066465007766116,-0.2535637598368355,0.6702794821999204,-0.3234163181917597,0.16072834570537353,1.5206994473234745,0.0,0.0,0.0,0.0,0.0,0.0,9.230486947403556,9.230497843133193,9.230485214324922,9.222714894131672,0.0,0.0,0.0,0.0,0.0,0.0
0.5386726116856146,-3.578320216500312,-0.39342814900115025,-0.43448576010142353,-15.118096022109375,0.20200429947343868,0.9812877565172495,0.5144017889943975,-0.46608767684662594,-0.24894323153266779,0.6754112409822266,-0.3397074048013647,0.1684464948135834,1.5169620186004273,0.0,0.0,0.0,0.0,0.0,0.0,9.230483265419194,9.230497883701451,9.230484922258974,9.223703584216064,0.0,0.0,0.0,0.0,0.0,0.0
0.5549960241609363,-3.82945957922287,-0.3894253462244984,-0.4176117736177279,-15.652625682002055,0.2884876972653091,1.0856003863689734,0.5050347132361527,-0.47152984586485486,-0.2443525372784683,0.6803612131880523,-0.35438981389615015,0.17420385203242908,1.5137008683739055,0.0,0.0,0.0,0.0,0.0,0.0,9.230477923591941,9.230497911610623,9.230484638063407,9.223883418485032,0.0,0.0,0.0,0.0,0.0,0.0
0.571319436636258,-4.089337851268089,-0.38400841298164096,-0.3990633623209216,-16.188827085815685,0.37525139867715945,1.1864192596255931,0.4955580557776813,-0.4769792357526265,-0.239792652236377,0.6851368519851558,-0.36883957135748424,0.17941972358907315,1.510528471417526,0.0,0.0,0.0,0.0,0.0,0.0,9.230469848077314,9.230497928044867,9.23048435958964,9.223734256664281,0.0,0.0,0.0,0.0,0.0,0.0
0.5876428491115796,-4.357982770750888,-0.3771736415309806,-0.3788987747967763,-16.726754829545314,0.4621873653572265,1.2835954871481423,0.4859718024204317,-0.4824328677773643,-0.23526666874398608,0.6897387403346671,-0.38361683041551264,0.1846686690185116,1.5072881972883643,0.0,0.0,0.0,0.0,0.0,0.0,9.230457001551516,9.230497933960601,9.230484084870195,9.223467875086262,0.0,0.0,0.0,0.0,0.0,0.0
0.6039662615869013,-4.635422973543213,-0.36891916078609793,-0.3571786719080286,-17.266464577589232,0.5491789302359414,1.3769816843064329,0.47627580626154026,-0.4878911884072208,-0.23077860850371884,0.6941648064412352,-0.3989180575594342,0.19015606303439667,1.5039260661545526,0.0,0.0,0.0,0.0,0.0,0.0,9.230435200249167,9.230497930159723,9.230483812320998,9.223175674169473,0.0,0.0,0.0,0.0,0.0,0.0
0.6202896740622229,-4.921688004961422,-0.35924506878024376,-0.33396613467820774,-17.80801213699025,0.6361015611565667,1.4664285014118557,0.4664698397319545,-0.49335566662630836,-0.22633279461062591,0.6984121569044318,-0.41477633448297435,0.19593454211539874,1.500433987040465,0.0,0.0,0.0,0.0,0.0,0.0,9.23039493625382,9.230497917357415,9.230483540632486,9.222862641234826,0.0,0.0,0.0,0.0,0.0,0.0
0.6366130865375446,-5.2168083115355595,-0.3481535612221614,-0.3093267078503918,-18.35145208462474,0.7228227848202411,1.5517833857911965,0.4565536591522815,-0.4988280549669682,-0.22193353181977551,0.7024776404602036,-0.4312005430027018,0.20206436223799998,1.4968108271671738,0.0,0.0,0.0,0.0,0.0,0.0,9.230311493473641,9.230497896249801,9.23048326854288,9.222488178203935,0.0,0.0,0.0,0.0,0.0,0.0
0.6529364990128662,-5.5208152117490386,-0.3356490610219913,-0.28332845761088427,-18.896836649603966,0.8092022761752719,1.6328898589862835,0.4465270945246447,-0.5043107372080589,-0.21758491195470225,0.706357586695088,-0.44822897480421264,0.20871862625279497,1.4930478278681878,0.0,0.0,0.0,0.0,0.0,0.0,9.230107403828063,9.230497867585798,9.23048299453049,9.222046909649126,0.0,0.0,0.0,0.0,0.0,0.0
0.6692599114881879,-5.833740854287484,-0.3217383398444799,-0.25604204272810727,-19.444215281696344,0.8950928740348408,1.7095865864969286,0.4363903698173287,-0.5098073225539334,-0.21329005440245855,0.7100473869356058,-0.46577920724964544,0.21621435312662948,1.4891708410960036,0.0,0.0,0.0,0.0,0.0,0.0,9.229461912170876,9.230497832245858,9.230482716401943,9.221708800589596,0.0,0.0,0.0,0.0,0.0,0.0
0.6855833239635095,-6.155618159644171,-0.3064306087608508,-0.22754080186951775,-19.993632784132704,0.9803438354227276,1.7817067646776794,0.4261456563522143,-0.5153223802614599,-0.20904707172537265,0.7135419019068546,-0.4829270966398677,0.2251375541455769,1.4854413122588395,0.0,0.0,0.0,0.0,0.0,0.0,9.226287050469349,9.230497791324863,9.230482430991277,9.221893197743732,0.0,0.0,0.0,0.0,0.0,0.0
0.7019067364388312,-6.486480529264077,-0.28973751100647777,-0.19790089008242556,-20.545101665914643,1.06481342325871,1.8490738891184357,0.4158064539718948,-0.5208631993902959,-0.20482553749339336,0.7168354201256848,-0.49444431167765435,0.2390105922199009,1.4833244474512814,0.0,0.0,0.0,0.0,0.0,0.0,9.196925240153272,9.230497746181754,9.230482136115484,9.222518465248768,0.0,0.0,0.0,0.0,0.0,0.0
0.7182301489141528,-6.8263584428513715,-0.2716726340590351,-0.16720237704776794,-21.098240314742107,1.1484613771564864,1.9113917421748134,0.40549329558969943,-0.5265052675501147,-0.2003340019331791,0.7198844894448171,-0.4547171116320534,0.30284971622809376,1.4956042698117842,0.0,0.0,0.0,0.0,0.0,0.0,9.201472878303289,9.230497698214116,9.230481835398258,9.222279378876197,0.0,0.0,0.0,0.0,0.0,0.0
0.7345535613894745,-7.175282591221185,-0.2522453842020682,-0.13552686913805748,-21.653462244489877,1.2318257401372013,1.9687600265207832,0.3952955323286551,-0.5323152997795894,-0.19535502755855977,0.7226467165559989,-0.4243467424953213,0.3597688638282175,1.505585862627472,0.0,0.0,0.0,0.0,0.0,0.0,9.217101197249693,9.230497648235506,9.230481529298391,9.221195197886635,0.0,0.0,0.0,0.0,0.0,0.0
0.7508769738647961,-7.533287646457832,-0.2314562938448134,-0.10295575310117033,-22.21085895283627,1.3153676063063233,2.0210951535736856,0.3851328926000425,-0.538255587697228,-0.19008168461897085,0.7251362151504025,-0.42369918603731016,0.3917423305829936,1.5075436551278203,0.0,0.0,0.0,0.0,0.0,0.0,9.220230621561715,9.230497596413501,9.230481215769698,9.220101419438183,0.0,0.0,0.0,0.0,0.0,0.0
0.7672003863401178,-7.900407500589932,-0.20930113382937882,-0.06957339470007678,-22.77024160244774,1.399211320983574,2.0681179845780564,0.37493024048481705,-0.5442927863211622,-0.18469568911848824,0.7273652314688892,-0.4308870984576682,0.4201297258171438,1.5074737607878066,0.0,0.0,0.0,0.0,0.0,0.0,9.220636364242164,9.230497542641439,9.230480895220653,9.2194529716059,0.0,0.0,0.0,0.0,0.0,0.0
0.7835237988154394,-8.276674490473306,-0.18577472155177122,-0.035468577177123324,-23.331602343720597,1.4833787277714783,2.1095701229874875,0.36466961552047406,-0.5504288287563375,-0.17924096707781728,0.7293262998898958,-0.4403895407818564,0.4487945495009786,1.5068976211160972,0.0,0.0,0.0,0.0,0.0,0.0,9.220030037181928,9.230497486752634,9.230480569264238,9.21914765138761,0.0,0.0,0.0,0.0,0.0,0.0
0.7998472112907611,-8.662121083155746,-0.16087181084530927,-0.0007344317533366413,-23.894963007950196,1.567862714357004,2.145179181374734,0.35434753959552967,-0.5566694510922832,-0.17372576429400768,0.7310104665623296,-0.4498735541675089,0.47887620891795685,1.5064658652800922,0.0,0.0,0.0,0.0,0.0,0.0,9.219006464422954,9.230497428582773,9.230480239305912,9.218934422274014,0.0,0.0,0.0,0.0,0.0,0.0
0.8161706237660827,-9.056780129675845,-0.13458733679474436,0.03453134996104105,-24.460347986357885,1.6526507653877145,2.1746595519850906,0.3439660624915192,-0.5630211136072438,-0.1681445042234151,0.7324083554862019,-0.45848773199929294,0.5109440359065562,1.506423025239824,0.0,0.0,0.0,0.0,0.0,0.0,9.217897105614224,9.230497367982172,9.230479906339113,9.218661908870478,0.0,0.0,0.0,0.0,0.0,0.0
0.8324940362414044,-9.460684857700816,-0.1069164132499663,0.07022631192938882,-25.0277788019396,1.7377343009729491,2.1977129274000324,0.33352882338503215,-0.5694915398429953,-0.16248751491489152,0.7335091802530042,-0.4662248641578181,0.5452621910974189,1.5067818242225348,0.0,0.0,0.0,0.0,0.0,0.0,9.216846211243883,9.230497304809907,9.230479571130576,9.21830157445213,0.0,0.0,0.0,0.0,0.0,0.0
0.848817448716726,-9.873868810640873,-0.07785424903043896,0.10624300720952987,-25.597272620341503,1.8231100935781688,2.214025599371182,0.3230389929152467,-0.5760896053327176,-0.15674596062191137,0.7343005375952086,-0.4733799821989225,0.5818920588001832,1.5074720306868636,0.0,0.0,0.0,0.0,0.0,0.0,9.21583108853641,9.23049723892406,9.230479234437833,9.217902676717028,0.0,0.0,0.0,0.0,0.0,0.0
0.8651408611920477,-10.296365765990915,-0.04739607818852171,0.14246871757928303,-26.168840937122308,1.9087778135127533,2.2232649828047326,0.3124987908605283,-0.5828247065296613,-0.15091288115589244,0.7347687864019204,-0.48012429654319944,0.6208452206113743,1.5084579569720444,0.0,0.0,0.0,0.0,0.0,0.0,9.21474831378486,9.2304971701749,9.230478897166307,9.217541520618413,0.0,0.0,0.0,0.0,0.0,0.0
0.8814642736673693,-10.728209632911124,-0.015537134274622107,0.17878512559090984,-26.7424882249086,1.9947376130519947,2.2250774288727726,0.3019101100824715,-0.5897061664801677,-0.14498163775668,0.7348994811255801,-0.4863189694698098,0.6621798328090159,1.50979020371959,0.0,0.0,0.0,0.0,0.0,0.0,9.213519397990515,9.230497098401525,9.230478560538096,9.217243668468685,0.0,0.0,0.0,0.0,0.0,0.0
0.897787686142691,-11.169434323867693,0.01772735163994281,0.2150679635927744,-27.318210129480022,2.0809897670473307,2.2190874946316823,0.29127535244727076,-0.5967430739136996,-0.13894396548023577,0.7346774443586624,-0.49164796458873,0.7060491434820692,1.511569327307639,0.0,0.0,0.0,0.0,0.0,0.0,9.212235715441931,9.230497023428452,9.230478226381493,9.216868276288137,0.0,0.0,0.0,0.0,0.0,0.0
0.9141110986180127,-11.62007359666359,0.05240216108254861,0.2511866540313325,-27.895991816318308,2.167535598306051,2.2048972161012346,0.2805971715577657,-0.6039450427632093,-0.13279061725042038,0.7340860062729578,-0.49620179455641994,0.7526937103997341,1.5137843970005458,0.0,0.0,0.0,0.0,0.0,0.0,9.211363382184492,9.230496945059318,9.230477897461787,9.216007745667522,0.0,0.0,0.0,0.0,0.0,0.0
0.9304345110933343,-12.080160889657456,0.08849209537554308,0.2870039200116373,-28.47580908642935,2.2543749370396085,2.182082605094323,0.2698752855229061,-0.6113239733854758,-0.12651851209207765,0.7331053102564,-0.5015857827864301,0.8022393304430575,1.5160050128543,0.0,0.0,0.0,0.0,0.0,0.0,9.211513301129852,9.230496863074025,9.230477577298062,9.21400879352889,0.0,0.0,0.0,0.0,0.0,0.0
0.946757923568656,-12.549729170076287,0.12600184718357935,0.3223752817968858,-29.05762909253202,2.341490699172225,2.150182635206676,0.25910007239326194,-0.6188970449286743,-0.12014453289679337,0.7317095677106963,-0.5115901153453523,0.8548426103614295,1.5171938405626115,0.0,0.0,0.0,0.0,0.0,0.0,9.211977658675822,9.230496777253698,9.23047726842694,9.210873611301508,0.0,0.0,0.0,0.0,0.0,0.0
0.9630813360439776,-13.028810745275717,0.1649354893669196,0.3571482924975105,-29.64140448308911,2.4288196641081,2.10867882791342,0.2482510046151987,-0.6266904444760983,-0.11370787720617562,0.72986371616293,-0.5287790914554829,0.911831920741016,1.5166544208182196,0.0,0.0,0.0,0.0,0.0,0.0,9.208531019264267,9.230496687465369,9.230476968558664,9.211402140633439,0.0,0.0,0.0,0.0,0.0,0.0
0.9794047485192993,-13.517437190211021,0.20529564571431014,0.39116152569757484,-30.22709027167584,2.516254667833168,2.0569927064925007,0.23732525305654556,-0.6347243838707778,-0.10720792471592187,0.727535663496722,-0.5401191163132147,0.9736232012639269,1.5180233801866898,0.0,0.0,0.0,0.0,0.0,0.0,9.147573691587276,9.23049659373488,9.230476671330809,9.217503305852297,0.0,0.0,0.0,0.0,0.0,0.0
0.9957281609946209,-14.015632316632779,0.24708321435271713,0.4242425143680203,-30.813764425266935,2.60381183574882,1.9943312140744793,0.22657300663244778,-0.6431847633258779,-0.1001092826761199,0.724538587249183,-0.4374694798090995,1.1310898838328884,1.551587048900483,0.0,0.0,0.0,0.0,0.0,0.0,9.072221135762007,9.23049649542483,9.230476386545302,9.219865692602607,0.0,0.0,0.0,0.0,0.0,0.0
1.0120515734699427,-14.523408005638164,0.2903086638426373,0.4562045496325876,-31.40087203837543,2.6927778875189823,1.919684109599036,0.21651515357846735,-0.6525208624466132,-0.09130951954348573,0.7204167432698665,-0.20493199865251904,1.4176927980148752,1.622461600533136,0.0,0.0,0.0,0.0,0.0,0.0,9.227597995880737,9.230496387976892,9.230476135009486,9.214599720684584,0.0,0.0,0.0,0.0,0.0,0.0
1.0283749859452644,-15.040797177682723,0.33501736486535255,0.48684479894769506,-31.991587456730432,2.785727238535125,1.832182828808608,0.20680468643261396,-0.6624486511097959,-0.08149011605968565,0.7153691126243164,-0.2538960989204106,1.4459547878846613,1.6162114003850367,0.0,0.0,0.0,0.0,0.0,0.0,9.229898073021536,9.230496260659141,9.230475899613602,9.207415917326916,0.0,0.0,0.0,0.0,0.0,0.0
1.0446983984205862,-15.56783653759337,0.38127262366514975,0.5159433290471764,-32.583219983985245,2.882133760625709,1.730682587405549,0.196788909318298,-0.6724436724384892,-0.07197204461542124,0.709868760659765,-0.31972922617456223,1.4816379903683028,1.605407933841436,0.0,0.0,0.0,0.0,0.0,0.0,9.23028281627332,9.230496099956682,9.230475676921355,9.20749002737107,0.0,0.0,0.0,0.0,0.0,0.0
1.061021810895908,-16.104540475110987,0.4291240886932261,0.543266410584313,-33.17569620233315,2.9811489597877165,1.6145404536871586,0.18642861580702133,-0.682521454935005,-0.06281884075875618,0.7038910625994697,-0.386552437674905,1.5153491071752416,1.5944553024195551,0.0,0.0,0.0,0.0,0.0,0.0,9.23039659352461,9.230495890395298,9.23047546179419,9.210169024908943,0.0,0.0,0.0,0.0,0.0,0.0
1.0773452233712297,-16.650921596567827,0.478606888240374,0.5685699366356539,-33.7688673243785,3.0818538841406897,1.483145338956081,0.1757207218365604,-0.6926423653849916,-0.05402781176132237,0.6974595164935437,-0.44931536172470643,1.543088781111581,1.5847342315263622,0.0,0.0,0.0,0.0,0.0,0.0,9.23044181904825,9.230495612844972,9.230475235762922,9.212034557430323,0.0,0.0,0.0,0.0,0.0,0.0
1.0936686358465515,-17.20698935460199,0.5297408803602405,0.5916005838839409,-34.36249562739312,3.1832997536563163,1.3359825803738314,0.164670671786042,-0.7027576319632273,-0.045583423153163806,0.6906065682460696,-0.5092259283755943,1.5664559543909629,1.5758871154250123,0.0,0.0,0.0,0.0,0.0,0.0,9.230463387314643,9.23049524158156,9.230474970938884,9.213424285980507,0.0,0.0,0.0,0.0,0.0,0.0
1.1099920483218733,-17.77274908750692,0.5825303297302159,0.6120974445710309,-34.95631551931651,3.284525067975047,1.172635308640588,0.15328225302479873,-0.7128275783446215,-0.03747469404491002,0.6833571846152106,-0.5670051761816666,1.5863682283661962,1.5676969046794986,0.0,0.0,0.0,0.0,0.0,0.0,9.230475020494064,9.230494739469643,9.230474633509402,9.215027598568437,0.0,0.0,0.0,0.0,0.0,0.0
1.126315460797195,-18.348201640429398,0.6369637268097424,0.6297935331422395,-35.55004259474441,3.384559505987855,0.9927753113371632,0.1415602541353795,-0.7228150074069671,-0.02969066952992936,0.6757348767521624,-0.6222105090867734,1.6025213046892555,1.5602709388661282,0.0,0.0,0.0,0.0,0.0,0.0,9.230481872198101,9.23049404955669,9.230474185288468,9.21699838788702,0.0,0.0,0.0,0.0,0.0,0.0
1.1426388732725168,-18.93334301014998,0.6930136911149106,0.6444172409001103,-36.14336770699808,3.4824305093809547,0.7961653902422713,0.12951327721953268,-0.7326804025134387,-0.022216257266998496,0.6677665585439655,-0.6741380708504044,1.6143424776834454,1.5537879762585391,0.0,0.0,0.0,0.0,0.0,0.0,9.230486178502263,9.230493079346846,9.230473584298638,9.219001517248765,0.0,0.0,0.0,0.0,0.0,0.0
1.1589622857478385,-19.52816390318926,0.7506370089270501,0.655693875410413,-36.73595249463928,3.5771722893369846,0.5826655265284195,0.11715328796802695,-0.7423833887867636,-0.015033155356833828,0.65948162628824,-0.7226663877993834,1.6218394719500309,1.5482648265969705,0.0,0.0,0.0,0.0,0.0,0.0,9.230489018880407,9.230491669106533,9.230472784769232,9.220625386897865,0.0,0.0,0.0,0.0,0.0,0.0
1.1752856982231603,-20.13264928446556,0.8097748092558706,0.6633472599829464,-37.327432624372136,3.667833049789061,0.352233131592727,0.10449285656495616,-0.7518871219131201,-0.008123805799202336,0.6509078295791504,-0.7683947309983888,1.6257245941679803,1.543520226885708,0.0,0.0,0.0,0.0,0.0,0.0,9.230490958558756,9.230489522294821,9.23047173609499,9.221648892467513,0.0,0.0,0.0,0.0,0.0,0.0
1.191609110698482,-20.746778016338887,0.8703528209636722,0.667101268088876,-37.917425420217796,3.753477638921131,0.10491512113957556,0.09154239163005955,-0.7611615122548769,-0.001474911522631379,0.6420677280727645,-0.812318890771802,1.627077510065766,1.539266608549896,0.0,0.0,0.0,0.0,0.0,0.0,9.230492312288026,9.230486036143208,9.230470379984485,9.222044312254317,0.0,0.0,0.0,0.0,0.0,0.0
1.2079325231738038,-21.3705226153973,0.9322816350785924,0.666681185543367,-38.50553652255244,3.8331858538164476,-0.159164516640783,0.07830859017529006,-0.7701839643366457,0.0049209776344707684,0.6329772584876736,-0.8554984354259437,1.6270076075870699,1.5352032041064148,0.0,0.0,0.0,0.0,0.0,0.0,9.230493262939705,9.230479831158876,9.230468644837536,9.22203183310836,0.0,0.0,0.0,0.0,0.0,0.0
1.2242559356491256,-22.003849112914207,0.9954569202329158,0.6618148616927935,-39.09136592609312,3.906048913222144,-0.43981738602277604,0.06479464929531993,-0.7789376817645148,0.011066238116422326,0.6236467587697174,-0.8986259269317547,1.626226650017599,1.531135497982728,0.0,0.0,0.0,0.0,0.0,0.0,9.230493918414478,9.230467204238971,9.230466435784853,9.222538387694911,0.0,0.0,0.0,0.0,0.0,0.0
1.2405793481244474,-22.646717063571216,1.0597596007630994,0.6522336757809613,-39.674520360390034,3.9711697343159207,-0.7367992978859145,0.05100481617791079,-0.7874055214829487,0.016964257043593015,0.6140873451291646,-0.9407945301513458,1.623836107016049,1.5273156758301067,0.0,0.0,0.0,0.0,0.0,0.0,9.230494339578987,9.230435917710052,9.230463617956884,9.22480132209392,0.0,0.0,0.0,0.0,0.0,0.0
1.2569027605997691,-23.299079712330933,1.1250561227500187,0.637673479927263,-40.254620884950455,4.027675104853276,-1.04980329584137,0.036954118594037945,-0.7955600754203238,0.022631421244121316,0.6043230744300782,-0.9789522352405956,1.6168017651359823,1.5245957549453057,0.0,0.0,0.0,0.0,0.0,0.0,9.230492273502202,9.2302962190268,9.230444183795882,9.221485653431657,0.0,0.0,0.0,0.0,0.0,0.0
1.2685028843526167,-23.768418708833718,1.1719822307061967,0.6241578971754077,-40.66472596009629,4.062124958247548,-1.2817478135196805,0.0268105824302013,-0.8011582450551075,0.0265174776551599,0.5972633275438783,-1.0102027472712103,1.6152824192364035,1.521573357951753,0.0,0.0,0.0,0.0,0.0,0.0,9.230492356330542,9.229974344621874,9.230439001491678,9.20666448893235,0.0,0.0,0.0,0.0,0.0,0.0
1.2801030081054643,-24.242503036928547,1.2192786386516499,0.6079069187147397,-41.07274618579862,4.091460022943145,-1.5213998153156645,0.01649095367105282,-0.8066275789989936,0.03023322492105755,0.5900558866379678,-1.0600949822343466,1.6311410075230068,1.5136022952048969,0.0,0.0,0.0,0.0,0.0,0.0,9.230492351014927,9.228094564519845,9.230432569119365,9.167896951333883,0.0,0.0,0.0,0.0,0.0,0.0
1.2917031318583119,-24.721305899030867,1.266883611716752,0.5888321368746509,-41.478223925382316,4.115237888988067,-1.7686071263119427,0.00585867721969996,-0.812070616064969,0.03362283170991097,0.5825602935430019,-1.160268322925195,1.6915830769963458,1.4930436704998997,0.0,0.0,0.0,0.0,0.0,0.0,9.230492284195927,8.773759009788273,9.230424582654821,9.06444586543303,0.0,0.0,0.0,0.0,0.0,0.0
1.3033032556111595,-25.20476411588782,1.3147262244948539,0.5668580645872888,-41.875422634640145,4.1320696053510915,-2.0210879589955595,-0.006964345430971058,-0.816803667689936,0.03569850491472286,0.5757680809908134,-1.9452526987888887,1.3143382532039176,1.5921971455749058,0.0,0.0,0.0,0.0,0.0,0.0,9.230492176166715,9.227067821168612,9.230414435661759,9.14826475001227,0.0,0.0,0.0,0.0,0.0,0.0
1.314903379364007,-25.692853126051023,1.3627126394091584,0.5419075888590569,-42.27664690841081,4.1396250259143965,-2.281609241970791,-0.0220208903091924,-0.8207884638712525,0.03641718753340391,0.5696447721326159,-2.067846287870626,1.3854801461200261,1.5652845815456078,0.0,0.0,0.0,0.0,0.0,0.0,9.230492036431784,9.229578734207404,9.230401675388936,9.160034404485785,0.0,0.0,0.0,0.0,0.0,0.0
1.3265035031168546,-26.185585811675605,1.410724846587214,0.5139021442181904,-42.675988335197445,4.136399027437134,-2.5477929895339564,-0.03754398833794484,-0.8247403916759951,0.03661957586037837,0.563074366262233,-2.173394845391819,1.444187975500782,1.541526610064459,0.0,0.0,0.0,0.0,0.0,0.0,9.230491870748972,9.23005459656727,9.230385451368033,9.154844793725943,0.0,0.0,0.0,0.0,0.0,0.0
1.3381036268697022,-26.682937007658634,1.4586338278494435,0.48277692932566807,-43.07286758531876,4.121716800475936,-2.8194770574645744,-0.05350764877340904,-0.8286201844094596,0.03632395457139325,0.5560630286543717,-2.285204809995833,1.508923751107693,1.5158302130534218,0.0,0.0,0.0,0.0,0.0,0.0,9.230491684567141,9.23022600872607,9.23036439074969,9.151090793791063,0.0,0.0,0.0,0.0,0.0,0.0
1.3497037506225498,-27.18487583316366,1.5063027920098568,0.4484687799711772,-43.46687572203348,4.094902961548186,-3.0965468444381763,-0.06993168640272701,-0.8324116512783911,0.035500445808722116,0.5485800947903936,-2.4018936653175147,1.5775474033470684,1.4887874215684316,0.0,0.0,0.0,0.0,0.0,0.0,9.230491483194651,9.230307540414543,9.230336406121848,9.15036064571245,0.0,0.0,0.0,0.0,0.0,0.0
1.3613038743753973,-27.691366457827908,1.5535870084882641,0.4109159875429278,-43.857568482693004,4.055266925967787,-3.3788633647954245,-0.08682501626477436,-0.8360860823664572,0.03413209076994571,0.5406075099398883,-2.5198275799593035,1.6462477230474086,1.4614582219967867,0.0,0.0,0.0,0.0,0.0,0.0,9.230491271827592,9.23035287714149,9.230298180317602,9.151566035373834,0.0,0.0,0.0,0.0,0.0,0.0
1.372903998128245,-28.202367529090317,1.6003337588697697,0.37005874853817167,-44.24443872215962,4.002125755129469,-3.666234749363843,-0.1041829544572174,-0.8396036104824767,0.03221733213580015,0.532140707684922,-2.6366142942241027,1.712636238223382,1.4345118396434822,0.0,0.0,0.0,0.0,0.0,0.0,9.230491055500133,9.23038072242726,9.230244174215148,9.15408251102296,0.0,0.0,0.0,0.0,0.0,0.0
1.3845041218810925,-28.717831494251033,1.6463825447718146,0.32583983852340803,-44.62692535858999,3.9348238953070243,-3.958406859570634,-0.12199096701923018,-0.8429179783811834,0.02976545913452485,0.523184005040297,-2.750585779653282,1.7751201244400563,1.4083961764708681,0.0,0.0,0.0,0.0,0.0,0.0,9.230490838920566,9.230399034390423,9.230164600258453,9.1572787707648,0.0,0.0,0.0,0.0,0.0,0.0
1.39610424563394,-29.237704001524243,1.691565502077238,0.27820537478059626,-45.00441804426438,3.8527491955795625,-4.255057063824864,-0.14022758443946795,-0.8459798772480016,0.02679314167335929,0.5137474081812993,-2.8608231605406944,1.8328850727292842,1.3833376907134693,0.0,0.0,0.0,0.0,0.0,0.0,9.230490626203974,9.23041169812523,9.230040961779665,9.159189377475888,0.0,0.0,0.0,0.0,0.0,0.0
1.4077043693867877,-29.761923276435596,1.735707993958089,0.22710566369912447,-45.37624774015194,3.7553469659837986,-4.555786092971471,-0.15887096087330074,-0.8487413874573636,0.02331647709119152,0.5038396738092416,-2.9688048405061433,1.8875120633470999,1.3588846349350392,0.0,0.0,0.0,0.0,0.0,0.0,9.230490420537485,9.230420820401044,9.229835263014115,9.155060492465863,0.0,0.0,0.0,0.0,0.0,0.0
1.4193044931396352,-30.29041927935564,1.778629334906659,0.17249614738704264,-45.74165676841127,3.64212623712145,-4.860109870303844,-0.17791621201490462,-0.8511637248702223,0.01932942634209681,0.4934496005111419,-3.0818414478362075,1.9463662852372994,1.332949663215863,0.0,0.0,0.0,0.0,0.0,0.0,9.230490223841228,9.230427651398646,9.229459836691758,9.132615521998854,0.0,0.0,0.0,0.0,0.0,0.0
1.4309046168924828,-30.823112147210317,1.8201435332649858,0.11433851819446304,-46.09970096674808,3.5126513547182068,-5.167440366763855,-0.1974193656950005,-0.8532315569348505,0.014747936827516721,0.48249767114303344,-3.222328892052014,2.031762490207115,1.29922656250956,0.0,0.0,0.0,0.0,0.0,0.0,9.230490036592832,9.230433002451882,9.228662959408451,9.041818231492579,0.0,0.0,0.0,0.0,0.0,0.0
1.4425047406453304,-31.359907487002324,1.860060199909706,0.05260282570541575,-46.44878653303186,3.36655678401758,-5.476941034022721,-0.2176578849554958,-0.8549978464495964,0.009203644105037524,0.4706580718721888,-3.4741846694005902,2.2271536921991606,1.234251591739332,0.0,0.0,0.0,0.0,0.0,0.0,9.230489858515629,9.230437463727286,9.226016979357022,8.64220707869767,0.0,0.0,0.0,0.0,0.0,0.0
1.454104864398178,-31.90067663545682,1.8981879470784104,-0.012724542872492953,-46.78444917677153,3.203855994713669,-5.786692291856587,-0.23987407346938244,-0.8567634320357937,0.0010766301773943573,0.45652567427357316,-4.216098061981594,2.9101197742948473,1.0320330266422706,0.0,0.0,0.0,0.0,0.0,0.0,9.230489686201063,9.23044137054992,6.332963875252152,7.478145736599494,0.0,0.0,0.0,0.0,0.0,0.0
1.4657049881510256,-32.44506180581742,1.9344294355941092,-0.08153005891416759,-47.0725256242686,3.0420369780499037,-6.076361797240275,-0.25794621439053794,-0.8574207284525422,-0.01009781832246136,0.4451870157211399,-2.812931143618834,1.4927242832202068,-0.5543935671658653,0.0,0.0,0.0,0.0,0.0,0.0,9.230489503059255,9.230444778374508,9.215467107353717,8.784140282452555,0.0,0.0,0.0,0.0,0.0,0.0
1.4773051119038731,-32.99295244562862,1.968582953235676,-0.153830385051023,-47.38882892855226,2.8439829468377313,-6.389080778149901,-0.27143673555534276,-0.8571555632556648,-0.023825383916661235,0.4370798440243663,-3.334547797337723,2.0392237678192537,-0.7117891269716349,0.0,0.0,0.0,0.0,0.0,0.0,9.230489306153226,9.230448241821087,9.223095990815347,9.22287763179705,0.0,0.0,0.0,0.0,0.0,0.0
1.4889052356567207,-33.54447586600534,2.00033544935325,-0.22977341103001714,-47.69853078770222,2.627888115965233,-6.7044499903741945,-0.2858182926492492,-0.8567828433521698,-0.03903405263879123,0.42744286829831896,-3.322981767403146,2.0587505216632596,-0.716894520678299,0.0,0.0,0.0,0.0,0.0,0.0,9.230489085733641,9.230451814405365,9.223786947419802,9.22831503347998,0.0,0.0,0.0,0.0,0.0,0.0
1.5005053594095683,-34.099525643715225,2.0294901981854716,-0.30937619023610247,-47.99669573895031,2.396191845019666,-7.020036519152538,-0.2999619060944963,-0.8560198486425625,-0.05423358331647762,0.4175063976310396,-3.3054066192847777,2.0724667462494493,-0.7199101841199576,0.0,0.0,0.0,0.0,0.0,0.0,9.230488831284086,9.230455456178058,9.222764979174292,9.229483030777084,0.0,0.0,0.0,0.0,0.0,0.0
1.5121054831624159,-34.65796361444795,2.0558697360269997,-0.39264001846508917,-48.282585066196205,2.1495094185172263,-7.335628522679913,-0.31384140675574534,-0.8548658485737847,-0.06939477850225031,0.4072988056262189,-3.2850096344714954,2.083462549649707,-0.7228771810409566,0.0,0.0,0.0,0.0,0.0,0.0,9.230488532777315,9.230459096246163,9.21991914240474,9.229910596399053,0.0,0.0,0.0,0.0,0.0,0.0
1.5237056069152635,-35.219643507812975,2.0793039194068914,-0.4795638297005438,-48.55553978644863,1.8884858656572787,-7.651031156710945,-0.32743280076530745,-0.8533226591424468,-0.08449943974816021,0.3968476345644015,-3.260470495028653,2.090393860271482,-0.7266703840532736,0.0,0.0,0.0,0.0,0.0,0.0,9.230488179470177,9.230462644591913,9.213738926377909,9.230113892664113,0.0,0.0,0.0,0.0,0.0,0.0
1.535305730668111,-35.78441170361424,2.0996304092067057,-0.5701442620423057,-48.814954754806195,1.6138227851111764,-7.966043298762113,-0.34069978408970136,-0.8513929291138154,-0.09952384111749717,0.3861978022018123,-3.227973182123555,2.0894347253080103,-0.7325038832932619,0.0,0.0,0.0,0.0,0.0,0.0,9.230487759371202,9.230466017897545,9.201009181244178,9.230226900600874,0.0,0.0,0.0,0.0,0.0,0.0
1.5469058544209586,-36.35210792325456,2.1166954806087572,-0.6643755115997999,-49.06029377243171,1.3263066078928354,-8.280444641719255,-0.35357933103074635,-0.8490808554184632,-0.11442832827407307,0.37543243775440216,-3.1795874821876406,2.072646765671522,-0.7426429698980995,0.0,0.0,0.0,0.0,0.0,0.0,9.23048725856267,9.230469153953155,9.18003739325539,9.230296610050571,0.0,0.0,0.0,0.0,0.0,0.0
1.5585059781738062,-36.922566382376736,2.130355069441079,-0.762249141182891,-49.29115406752431,1.026819949107252,-8.594001147046916,-0.3659697568142733,-0.8463952314927744,-0.12914827931805425,0.36469435305859665,-3.1052585123659977,2.029955941353736,-0.7599143290599168,0.0,0.0,0.0,0.0,0.0,0.0,9.230486660357565,9.230472016237048,9.162903426295829,9.230342862679551,0.0,0.0,0.0,0.0,0.0,0.0
1.5701061019266538,-37.49561816718829,2.140475310371053,-0.8637543529774416,-49.50740269729556,0.7162357764993252,-8.906541004454175,-0.37776491228769654,-0.8433550066773885,-0.1436125336829936,0.35414890078275435,-3.0097850328587925,1.9661137914494904,-0.783016448941793,0.0,0.0,0.0,0.0,0.0,0.0,9.230485944287215,9.230474591661121,9.15990611921175,9.230375176243134,0.0,0.0,0.0,0.0,0.0,0.0
1.5817062256795014,-38.0710941909332,2.1469322474672716,-0.9688787143057648,-49.709132413202624,0.39537905847307275,-9.217956938026212,-0.3889184285858429,-0.8399894076307884,-0.1577830458024612,0.3438964399811698,-2.9106213078793672,1.8985058005078606,-0.8071308000147721,0.0,0.0,0.0,0.0,0.0,0.0,9.230485084760673,9.230476884261138,9.160934061603207,9.23039860488963,0.0,0.0,0.0,0.0,0.0,0.0
1.593306349432349,-38.648826677403875,2.1496119027722185,-1.0776083627532846,-49.89646565337462,0.06513771685425733,-9.52811152949672,-0.39943904899161403,-0.836330602466684,-0.17165497490533876,0.3339672725113374,-2.8127597878717503,1.8320578345117136,-0.8308869331371413,0.0,0.0,0.0,0.0,0.0,0.0,9.23048404917791,9.230478908540869,9.160154519999478,9.23041607993591,0.0,0.0,0.0,0.0,0.0,0.0
1.6049064731851965,-39.22864943579896,2.1484106610418308,-1.189927829321992,-50.069551486778,-0.2735904996704539,-9.836865136007164,-0.4093426096345365,-0.8324095019329414,-0.18522814493965312,0.32438184806116904,-2.7140106303389477,1.7645151619278105,-0.8549034055354361,0.0,0.0,0.0,0.0,0.0,0.0,9.230482795342256,9.230480684762354,9.158189460381266,9.230429420279005,0.0,0.0,0.0,0.0,0.0,0.0
1.616506596938044,-39.81039837067827,2.1432350554394297,-1.3058202025772898,-50.228603219160355,-0.6199532165189788,-10.144108205414751,-0.41863770231095204,-0.8282560307861714,-0.19849769457095934,0.31517151984305297,-2.6129528069712267,1.6943847762416344,-0.8795859439590986,0.0,0.0,0.0,0.0,0.0,0.0,9.230481267880478,9.230482235736725,9.156663674561868,9.230439807590534,0.0,0.0,0.0,0.0,0.0,0.0
1.6281067206908917,-40.39391227329404,2.1340011890532793,-1.425267492556241,-50.3739049387235,-0.9731532320379266,-10.449764032195013,-0.4273321012075458,-0.8238994181863422,-0.21145805643576007,0.3063698979308865,-2.510166520101586,1.6221690443215249,-0.9047855142349722,0.0,0.0,0.0,0.0,0.0,0.0,9.23047939323303,9.230483584569775,9.156361749659661,9.23044803511737,0.0,0.0,0.0,0.0,0.0,0.0
1.6397068444437393,-40.97903358214005,2.1206341153461437,-1.5482509765803878,-50.50579952280255,-1.3324454522250688,-10.753782798174292,-0.4354387812347917,-0.8193675915229907,-0.22410718292318352,0.2980030005231921,-2.4071949410388607,1.5493344207743496,-0.930085108816377,0.0,0.0,0.0,0.0,0.0,0.0,9.23047707266626,9.230484753179685,9.157164691263876,9.230454649903367,0.0,0.0,0.0,0.0,0.0,0.0
1.6513069681965868,-41.56560896865808,2.1030672540253335,-1.6747514766863871,-50.62467159209339,-1.6971332101129166,-11.056135593933133,-0.442976923157921,-0.8146864199400797,-0.2364476035670281,0.2900862173254414,-2.305429594158814,1.4772027052424226,-0.9551081058344443,0.0,0.0,0.0,0.0,0.0,0.0,9.230474172725499,9.230485761438645,9.157910217744915,9.23046003846304,0.0,0.0,0.0,0.0,0.0,0.0
1.6629070919494344,-42.15348972970724,2.081241872318184,-1.8047495621940985,-50.73093260636565,-2.066560287448516,-11.35680741615524,-0.4499682047137757,-0.80987958955229,-0.24848397926494256,0.2826293990758034,-2.2048284660930992,1.4056678759491243,-0.979874260171832,0.0,0.0,0.0,0.0,0.0,0.0,9.230470512912095,9.230486626767053,9.155140425052867,9.230464479818462,0.0,0.0,0.0,0.0,0.0,0.0
1.674507215702282,-42.74253205084449,2.055106757672645,-1.9382256308929438,-50.82501596655449,-2.4400855865542863,-11.655783165822307,-0.45642608445527094,-0.8049702496742276,-0.260214686449416,0.27565638669235704,-2.1011049275387004,1.3303637076902333,-1.0055829439607835,0.0,0.0,0.0,0.0,0.0,0.0,9.230465852159272,9.230487364042924,9.138752376957187,9.230468178499603,0.0,0.0,0.0,0.0,0.0,0.0
1.6861073394551296,-43.332597345973824,2.0246184814748647,-2.0751596952577636,-50.90740170297254,-2.817006002085074,-11.953010533342036,-0.46232723540745857,-0.799987580757936,-0.2716073820018487,0.26926349191019994,-1.9776005930150289,1.2344533569708622,-1.0368803032791574,0.0,0.0,0.0,0.0,0.0,0.0,9.230459883333303,9.230487985857136,9.03527186691078,9.230471283674035,0.0,0.0,0.0,0.0,0.0,0.0
1.6977074632079772,-43.92355296581798,1.989746047169807,-2.2155290821657605,-50.9787076369246,-3.1958713015868607,-12.248074947210066,-0.4674398000408712,-0.7950076325144687,-0.2824480721624994,0.2639810298358324,-1.727652152807344,1.0104056929867429,-1.1034802707193057,0.0,0.0,0.0,0.0,0.0,0.0,9.230452264628163,9.230488503377584,8.877153312044808,9.230473893113178,0.0,0.0,0.0,0.0,0.0,0.0
1.7093075869608247,-44.515278540422095,1.9504736403151632,-2.359307116873941,-51.04053013575686,-3.575510927849207,-12.540694127426434,-0.4712626814597225,-0.7901839288378909,-0.2922677717654248,0.26096052049493734,-1.2853601344999996,0.5899296246107617,-1.2240238310897045,0.0,0.0,0.0,0.0,0.0,0.0,9.230442700595196,9.230488925805366,9.218823185807857,9.230476044716566,0.0,0.0,0.0,0.0,0.0,0.0
1.7209077107136723,-45.10768244046092,1.9067654738567756,-2.5064792333593005,-51.09589456185984,-3.960589054665364,-12.833251579276267,-0.4742252688017524,-0.7854655249573114,-0.3014099402934747,0.2594346766061379,-1.2651006679850827,0.5883443074064257,-1.2279925731986858,0.0,0.0,0.0,0.0,0.0,0.0,9.230431121416444,9.23048925628094,9.228467854739392,9.230477739119063,0.0,0.0,0.0,0.0,0.0,0.0
1.73250783446652,-45.700690769683185,1.8585800205250713,-2.6570355362468647,-51.14473930029643,-4.347420675377492,-13.124184357482156,-0.47705611021171035,-0.7806975296241087,-0.31051782287337615,0.2578905128663526,-1.256637179883754,0.5985190842552972,-1.2286663301668233,0.0,0.0,0.0,0.0,0.0,0.0,9.23041848688448,9.230489493816826,9.229815004924916,9.23047899229028,0.0,0.0,0.0,0.0,0.0,0.0
1.7441079582193675,-46.294227660375896,1.805898404718748,-2.810957517426977,-51.18701655615492,-4.735753923858368,-13.413551648661427,-0.4797763169055974,-0.775875899867224,-0.31961054228724955,0.25628182729288396,-1.2497022002729454,0.6102933768977343,-1.228875809120384,0.0,0.0,0.0,0.0,0.0,0.0,9.230407773240824,9.23048963416234,9.230186734516229,9.2304798273859,0.0,0.0,0.0,0.0,0.0,0.0
1.755708081972215,-46.888216624882055,1.7487042163596755,-2.9682275822401087,-51.222673646082484,-5.125414785704792,-13.701451224203748,-0.48238802866610125,-0.7710007452973745,-0.328690132990582,0.2546025078925239,-1.2430899941088989,0.6224712418521104,-1.2289545690139072,0.0,0.0,0.0,0.0,0.0,0.0,9.230407184161917,9.230492264841418,9.230310973529088,9.230484866378527,0.0,0.0,0.0,0.0,0.0,0.0
1.7715938914000713,-47.70224872067684,1.6630322513062976,-3.189003620952724,-51.26067294875836,-5.660886416234971,-14.093522506751285,-0.48578797819360797,-0.7642387865674426,-0.34110231897310783,0.2521870840064185,-1.2340319609967294,0.6392484372264532,-1.2290029782594836,0.0,0.0,0.0,0.0,0.0,0.0,9.230310195800925,9.230491680274572,9.230287367219404,9.230483190834601,0.0,0.0,0.0,0.0,0.0,0.0
1.7874797008279275,-48.51678434134992,1.5688394412825808,-3.4159894797078323,-51.28604938518126,-6.198105531276469,-14.483304083272612,-0.488980644163432,-0.7573801778805734,-0.35348679100807323,0.2496403099860326,-1.2245450299144107,0.6560248256579014,-1.2290176109689273,0.0,0.0,0.0,0.0,0.0,0.0,9.229956731702263,9.230490824020464,9.230254609646668,9.230481091470637,0.0,0.0,0.0,0.0,0.0,0.0
1.8033655102557837,-49.331622193475376,1.4661014541881328,-3.6491509653115717,-51.29870973842484,-6.736639871324912,-14.871071794767953,-0.4919599221750398,-0.7504295793089399,-0.3658404578699514,0.24696485753491704,-1.2141806947654818,0.67320722386958,-1.2288829808858164,0.0,0.0,0.0,0.0,0.0,0.0,4.13758017624653,9.230489567787624,9.230089036806586,9.23047885780685,0.0,0.0,0.0,0.0,0.0,0.0
1.81925131968364,-50.14656609194127,1.3554174163928279,-3.8882643279486024,-51.300735287159796,-7.19493053523579,-15.239949777578087,-0.4584738150496442,-0.7712530911754258,-0.379096558325789,0.22639838721094527,7.350994238083943,9.271405077501903,1.150483346520455,0.0,0.0,0.0,0.0,0.0,0.0,7.631254012756494,9.230487305556979,8.573026586222444,9.230475993027495,0.0,0.0,0.0,0.0,0.0,0.0
1.8351371291114962,-50.961540211151735,1.2374296105225528,-4.133939134350136,-51.30466145481638,-7.6482573913519865,-15.70644562008845,-0.37157119321244136,-0.8222556042571355,-0.3889618537397759,0.18584737280287977,10.998337729295196,10.999664184470419,1.5905021676314643,0.0,0.0,0.0,0.0,0.0,0.0,9.230004624441937,9.230482549285723,9.11657150858866,9.230467762780169,0.0,0.0,0.0,0.0,0.0,0.0
1.8510229385393524,-51.776670764083114,1.1126885742128318,-4.387998468671035,-51.321244281317135,-8.038670027528287,-16.295201494917613,-0.265469845247578,-0.8693159684978086,-0.39197032979713387,0.14203791302912872,10.999737293530075,10.999843899566306,1.5374959394884515,0.0,0.0,0.0,0.0,0.0,0.0,9.230384968147424,9.230467671149121,9.120665401600174,9.230447988482831,0.0,0.0,0.0,0.0,0.0,0.0
1.8669087479672086,-52.59215562866228,0.9826529807481804,-4.652099415503729,-51.34845748449769,-8.311421259897575,-16.96587390565311,-0.15521648653565823,-0.9028323137016321,-0.3893022271199051,0.09615316741099088,10.999915644615855,10.999925696392507,1.486222504201324,0.0,0.0,0.0,0.0,0.0,0.0,9.230396413039351,9.230419249565276,9.1242833566246,9.23038000424318,0.0,0.0,0.0,0.0,0.0,0.0
1.8827945573950648,-53.40812373072284,0.8493349938458125,-4.927302171348633,-51.38120721550122,-8.449806424312374,-17.687419310020765,-0.042535110409413344,-0.9223013956799853,-0.3810045372095361,0.04885122859210612,10.999951459537375,10.999950334682078,1.436624997268388,0.0,0.0,0.0,0.0,0.0,0.0,9.230241152897463,9.230279520525048,8.739492621478,8.828654282212105,0.0,0.0,0.0,0.0,0.0,0.0
1.898680366822921,-54.22461496248198,0.7149509703783548,-5.214046962017352,-51.41347508102506,-8.445464606513184,-18.413166963394175,0.07085191751665533,-0.9268978008973698,-0.368564592903546,0.0007831562279274358,10.999962600078375,10.9999524760773,1.019681478315837,0.0,0.0,0.0,0.0,0.0,0.0,1.2657470903651198,1.265782314887235,0.00022662993298908546,0.03186041012212856,0.0,0.0,0.0,0.0,0.0,0.0
1.9145661762507773,-55.04137590469601,0.5808563690328618,-5.508107588009642,-51.41545434284235,-8.435231770148183,-18.608214672571105,0.18307883417293544,-0.9150079749541163,-0.35629336816614277,-0.04793309972318053,10.999961445180036,10.999957005357667,-0.14813220078515626,0.0,0.0,0.0,0.0,0.0,0.0,0.0009107053026997898,0.0009099662364973384,0.010824483409015026,0.00022937800212589806,0.0,0.0,0.0,0.0,0.0,0.0
1.9304519856786335,-55.858152076398234,0.4468566054165803,-5.804952983130306,-51.415461736345755,-8.435133674041843,-18.764179168089342,0.29242095791672407,-0.8874865809446961,-0.34285729787253433,-0.09646981553679762,10.999963682069023,10.999952122176621,-0.14381818035230595,0.0,0.0,0.0,0.0,0.0,0.0,9.229507040828375,9.229503615266388,9.178107027456152,9.165710929365854,0.0,0.0,0.0,0.0,0.0,0.0
1.9463377951064897,-56.67504184907675,0.315870745553277,-6.1077959273103035,-51.4283342046893,-8.038232861411384,-19.34702131716019,0.39727857780508136,-0.8463662806397674,-0.324362374716624,-0.1436067563917915,10.999955806182689,10.999950521751138,-0.19763962941487564,0.0,0.0,0.0,0.0,0.0,0.0,9.230342614483057,9.230324984346183,9.230381895866408,9.215787944616231,0.0,0.0,0.0,0.0,0.0,0.0
1.962223604534346,-57.49206761849611,0.19197038682487863,-6.41906355175589,-51.432563421289814,-7.547568279211541,-19.82097115284405,0.49604775667614354,-0.7922585359390805,-0.3011290149077214,-0.1886381501948535,10.999925824272138,10.999921389875094,-0.2044134125391454,0.0,0.0,0.0,0.0,0.0,0.0,9.23046239126799,9.228314156327988,9.230449266150773,9.217590760481407,0.0,0.0,0.0,0.0,0.0,0.0
1.9781094139622022,-58.30909263825556,0.07640612008600438,-6.736852625112331,-51.428322544023295,-6.994064387710163,-20.16547268215891,0.5872356525857341,-0.7260613102849309,-0.27335619444381987,-0.23079352893599436,10.999942648698319,10.992657063131983,-0.20942983389058772,0.0,0.0,0.0,0.0,0.0,0.0,9.230477349493535,9.215150395070417,9.23009032537722,9.230467570290845,0.0,0.0,0.0,0.0,0.0,0.0
1.9939952233900584,-59.12598799365955,-0.03008719374971381,-7.059004964288812,-51.41643453159861,-6.4113473686468225,-20.369119661124024,0.6694209773574867,-0.6488629796025353,-0.24155822113187136,-0.2692619813094188,10.999868396617511,10.941005421605901,-0.20245402403267473,0.0,0.0,0.0,0.0,0.0,0.0,9.230483567889857,9.174391321886793,9.189193401505866,9.23047905603707,0.0,0.0,0.0,0.0,0.0,0.0
2.0098810328179146,-59.94264423471753,-0.1273351043962575,-7.383252044479323,-51.39858587107165,-5.835935290233153,-20.429611155576758,0.7412635514194453,-0.5621185363082658,-0.2067164099439629,-0.30301720138560495,10.998923615392734,10.752588689891068,-0.19554016104646718,0.0,0.0,0.0,0.0,0.0,0.0,9.230486775646051,2.8519392704255435,9.230320205678892,9.230481651235586,0.0,0.0,0.0,0.0,0.0,0.0
2.025766842245771,-60.75901701145568,-0.21642644459098603,-7.707717834572539,-51.38126681308589,-5.38394881624162,-20.410781735166225,0.7768921702311491,-0.5170389989940013,-0.18257255770194258,-0.3094777706507982,0.20339734926292205,0.05558470244229158,2.78462638572702,0.0,0.0,0.0,0.0,0.0,0.0,9.230488326203503,9.230210751123005,9.230388497189653,9.230483325722945,0.0,0.0,0.0,0.0,0.0,0.0
2.041652651673627,-61.57508295557707,-0.2976874861427366,-8.031335361520865,-51.36036972728394,-4.846811044376841,-20.331913907188362,0.7844611881903649,-0.5195576838903366,-0.17122950038189044,-0.292165904123734,0.20128074374108634,0.06122323959184553,2.7847070975934933,0.0,0.0,0.0,0.0,0.0,0.0,9.23048915761687,9.230403174322209,9.230412170917232,9.230484825422504,0.0,0.0,0.0,0.0,0.0,0.0
2.0575384611014833,-62.39082309168067,-0.3704211738986548,-8.353686812118793,-51.34022580769178,-4.310372790105257,-20.251377273863294,0.7916436988721537,-0.5218202315100127,-0.15976118275325255,-0.2747367185290934,0.19927038631174332,0.06715817919726161,2.784709276939963,0.0,0.0,0.0,0.0,0.0,0.0,9.230489538713076,9.230450925625249,9.230424679891968,9.230486181516486,0.0,0.0,0.0,0.0,0.0,0.0
2.0734242705293395,-63.206248312486466,-0.43463888183084187,-8.67474535174237,-51.32069938762485,-3.7746664951901274,-20.169132170973054,0.7984356694476341,-0.5238260741908778,-0.1481723416945225,-0.25719969461149,0.19713673240926308,0.07312755484904845,2.784695445572244,0.0,0.0,0.0,0.0,0.0,0.0,9.23048957468682,9.230470097075361,9.230431389132304,9.230487411964232,0.0,0.0,0.0,0.0,0.0,0.0
2.0893100799571958,-64.02136732366688,-0.4903524587362682,-8.99448357190698,-51.301650947115405,-3.239719342099745,-20.085146345224143,0.8048325725550701,-0.5255760512894428,-0.13646837809093246,-0.23956361628305695,0.19484166228381797,0.0790697960215397,2.7846763495838442,0.0,0.0,0.0,0.0,0.0,0.0,9.230489299999375,9.230479718607693,9.23043438610054,9.230488527122722,0.0,0.0,0.0,0.0,0.0,0.0
2.105195889385052,-64.83618659046414,-0.5375741510986106,-9.312873623699222,-51.28293808729556,-2.7055541649328037,-19.999396691501257,0.8108299417291994,-0.527071384242937,-0.12465501920937261,-0.2218370746596899,0.19237692867802839,0.08495813867547952,2.784654807779704,0.0,0.0,0.0,0.0,0.0,0.0,9.230488700237167,9.230485230219106,9.230434477410657,9.230489533843814,0.0,0.0,0.0,0.0,0.0,0.0
2.121081698812908,-65.65071029901658,-0.5763165337165729,-9.629887367179455,-51.26441641623822,-2.172189435162908,-19.911869713916715,0.8164234766594464,-0.5283134879032612,-0.11273824146083096,-0.20402856214538506,0.18974279431095117,0.09077623803426914,2.78463148404657,0.0,0.0,0.0,0.0,0.0,0.0,9.230487712954096,9.230488677904255,9.230431769971247,9.23049043777521,0.0,0.0,0.0,0.0,0.0,0.0
2.1369675082407644,-66.4649403316116,-0.6065924396905299,-9.945496525671649,-51.24594041881774,-1.639639182779721,-19.822561708626317,0.821609081618774,-0.5293039055921183,-0.1007242422368271,-0.1861465002418866,0.18694335173695872,0.0965115410614948,2.784606168088048,0.0,0.0,0.0,0.0,0.0,0.0,9.230486211256258,9.230490973760748,9.230425774199421,9.23049124448411,0.0,0.0,0.0,0.0,0.0,0.0
2.1528533176686206,-67.27887625573558,-0.6284148893221784,-10.259672841859151,-51.2273643249654,-1.107912935299823,-19.73147881542364,0.8263828882208344,-0.5300442733198021,-0.08861942961607756,-0.16819924812910647,0.1839856514064849,0.1021525829324375,2.784578056590766,0.0,0.0,0.0,0.0,0.0,0.0,9.230483961690396,9.230492574984922,9.230415188542429,9.230491959850772,0.0,0.0,0.0,0.0,0.0,0.0
2.168739127096477,-68.09251532695012,-0.6417970183380313,-10.572388233926706,-51.20854298307282,-0.5770156930976945,-19.638636973380535,0.830741276102318,-0.5305362886255041,-0.07643042387026386,-0.1501951029107839,0.18088047930245574,0.10768713368753136,2.784545636325289,0.0,0.0,0.0,0.0,0.0,0.0,9.230480528325026,9.23049373135797,9.230397176227418,9.230492590052945,0.0,0.0,0.0,0.0,0.0,0.0
2.184624936524333,-68.90585250573837,-0.6467520061238379,-10.883614950295259,-51.18933274743683,-0.04694795625281051,-19.544061786455575,0.8346808995321063,-0.530781670559776,-0.0641640741676523,-0.13214229353335774,0.17764499902325906,0.11309975726658664,2.784506158499049,0.0,0.0,0.0,0.0,0.0,0.0,9.230475041506116,9.230494588609542,9.230365293271374,9.23049314135668,0.0,0.0,0.0,0.0,0.0,0.0
2.2005107459521893,-69.71888048868749,-0.6432930050368133,-11.193325721476674,-51.16959240103083,0.48229416389337526,-19.44778828946512,0.8381987325271323,-0.5307820908150226,-0.05182750666244247,-0.11404896498038627,0.17430956901692535,0.11836658799096596,2.7844542046659524,0.0,0.0,0.0,0.0,0.0,0.0,9.230465566754386,9.230495236215761,9.230302661953031,9.230493619843323,0.0,0.0,0.0,0.0,0.0,0.0
2.2163965553800455,-70.53158975497432,-0.6314330729219411,-11.501493907340375,-51.149184175748196,1.0107186450924524,-19.349860587289523,0.8412921672803151,-0.5305390214767718,-0.03942825915080389,-0.09592313768636665,0.1709375268239342,0.12344015492960636,2.7843773354890793,0.0,0.0,0.0,0.0,0.0,0.0,9.230447023091827,9.230495731318504,9.2301520985709,9.230494031137948,0.0,0.0,0.0,0.0,0.0,0.0
2.2322823648079018,-71.34396863110986,-0.6111851151892207,-11.808093637826296,-51.12797509438735,1.5383366224429638,-19.25033132881346,0.8439593033315571,-0.5300532844174839,-0.02697473756428108,-0.07777257570435564,0.16770004628899868,0.12818886333881765,2.7842387436220384,0.0,0.0,0.0,0.0,0.0,0.0,9.230401903030911,9.230496111461465,9.229588752553443,9.230494380157928,0.0,0.0,0.0,0.0,0.0,0.0
2.248168174235758,-72.15600338642983,-0.5825618722942125,-12.113099949939475,-51.10583990676978,2.065157443843461,-19.149261403252925,0.8462003573142688,-0.5293228471488668,-0.01447870049213004,-0.05960407703740851,0.1653573073660085,0.13197749757486632,2.783858006660884,0.0,0.0,0.0,0.0,0.0,0.0,9.230227013155579,9.230496401739241,9.150000043086015,9.230494670696416,0.0,0.0,0.0,0.0,0.0,0.0
2.264053983663614,-72.96767967605511,-0.5455851309671574,-12.416492553140781,-51.082938267973596,2.5899947948216075,-19.04709096556024,0.8482889039508199,-0.5279174097135084,-0.0025030282893354176,-0.04126595212375244,0.29935656320304777,0.003932178311503112,2.746372775586887,0.0,0.0,0.0,0.0,0.0,0.0,9.041202059527901,9.230496618733799,9.142154385054496,9.230494902196673,0.0,0.0,0.0,0.0,0.0,0.0
2.2799397930914704,-73.77899108404868,-0.5003032938744919,-12.718252792721632,-51.05986480485452,3.1105488538226695,-18.94334141051453,0.851214403960233,-0.5242264182783425,0.009595552424477809,-0.022991873419875925,0.7641919069164107,0.19044909332949916,2.79353989723491,0.0,0.0,0.0,0.0,0.0,0.0,9.21871118292398,9.230496769840565,9.230014766645738,9.230495062880875,0.0,0.0,0.0,0.0,0.0,0.0
2.2958256025193267,-74.58992540561782,-0.44674415450559,-13.018306984622475,-51.03525124610501,3.6319088860352604,-18.831977934033343,0.8546925816732442,-0.5186211327554804,0.022527299384512603,-0.005023173756528922,0.7782694873807627,0.23348187254533811,2.798820469600182,0.0,0.0,0.0,0.0,0.0,0.0,9.14472349174452,9.23049717366419,9.230028550521325,9.230495573955082,0.0,0.0,0.0,0.0,0.0,0.0
2.3138040310085914,-75.50718794202203,-0.37618576992055724,-13.355691224734539,-51.004374337375516,4.216507234669602,-18.698680767588126,0.8584321618970887,-0.5112866861347078,0.03816905060999065,0.014942274847294696,0.9310129003198547,0.42652671729423985,2.843927003092404,0.0,0.0,0.0,0.0,0.0,0.0,9.229717779844552,9.230497065867722,9.120969919568356,9.230495249236668,0.0,0.0,0.0,0.0,0.0,0.0
2.3317824594978562,-76.4238511661302,-0.2951674593604141,-13.690598264785706,-50.96844689161392,4.795335031497717,-18.55615525405012,0.8623561293858322,-0.5022293213809939,0.05386358851517575,0.034732242774413884,1.1292771655725033,0.2556249880907755,2.786422641636298,0.0,0.0,0.0,0.0,0.0,0.0,9.230394947055181,9.230496883409337,8.902594259147063,9.230494816847216,0.0,0.0,0.0,0.0,0.0,0.0
2.349760887987121,-77.33983101576194,-0.20383264759765185,-14.022858838859742,-50.9288808343257,5.36371950210842,-18.403548315946896,0.8677173956385655,-0.4895366001784139,0.06623416594127621,0.055076979347535464,1.7557958653080583,-0.3206115817040746,2.613087983406087,0.0,0.0,0.0,0.0,0.0,0.0,9.23045746343181,9.2304966162638,9.16660948764403,9.230494298729852,0.0,0.0,0.0,0.0,0.0,0.0
2.367739316476386,-78.25508962477598,-0.10233110943461753,-14.352205609145171,-50.888565276740536,5.925819979260879,-18.231312997012992,0.8743037147070034,-0.47340123547816704,0.07579126947546012,0.07576257762628415,1.8891916966984779,-0.38282239453706574,2.5793253971559906,0.0,0.0,0.0,0.0,0.0,0.0,9.23047599926302,9.230496243145149,9.101698845033972,9.230493689222095,0.0,0.0,0.0,0.0,0.0,0.0
2.3857177449656506,-79.16962444203848,0.009157211698044362,-14.67828853695299,-50.8483474038818,6.4743458580207935,-18.040181421827747,0.8811063188725892,-0.4552670643119982,0.08424806162818763,0.0963629550575522,2.149993906953618,-0.5637240030904875,2.511229609688904,0.0,0.0,0.0,0.0,0.0,0.0,9.230484026967927,9.230495730574992,9.09867502519578,9.230492973631073,0.0,0.0,0.0,0.0,0.0,0.0
2.4036961734549154,-80.08343741719631,0.1303748766769833,-15.00074417661909,-50.80829250019438,7.007667622028642,-17.827406095560146,0.8883916495540609,-0.43450502734803015,0.09114763359788786,0.11686644985370223,2.4217589435438476,-0.7438589955846264,2.441530542685344,0.0,0.0,0.0,0.0,0.0,0.0,9.23048823796921,9.230495024828269,9.085955696695331,9.230492139658857,0.0,0.0,0.0,0.0,0.0,0.0
2.42167460194418,-80.99653227225892,0.2610195147569053,-15.319163624946663,-50.76844937266651,7.522464909854902,-17.590801773940882,0.8961340391908285,-0.41088042201115355,0.0964628941225307,0.13717132597220516,2.722879608961888,-0.9416987187881356,2.3651034889066356,0.0,0.0,0.0,0.0,0.0,0.0,9.230490712121798,9.230494038078888,9.043975766477017,9.230491182177886,0.0,0.0,0.0,0.0,0.0,0.0
2.439653030433445,-81.90891224724221,0.40072090102379265,-15.633101116850007,-50.72875703598819,8.014440034420813,-17.328406492932412,0.9044401405053984,-0.38380446776366,0.09988457080965558,0.1571789912214741,3.109932654424559,-1.2124189172146327,2.2664771078164674,0.0,0.0,0.0,0.0,0.0,0.0,9.230492273059284,9.230492620942591,9.050310284711605,9.230490112464494,0.0,0.0,0.0,0.0,0.0,0.0
2.4576314589227097,-82.82057906545631,0.5490311516335076,-15.942065537945533,-50.68907691804911,8.479247644952236,-17.03719987942704,0.9132494531338056,-0.3528202779110207,0.10126086703727268,0.1767470640561128,3.490875199014815,-1.4638938775498789,2.1711996345501046,0.0,0.0,0.0,0.0,0.0,0.0,9.230493299725595,9.230490507354915,9.213025444190592,9.230488964996601,0.0,0.0,0.0,0.0,0.0,0.0
2.4756098874119745,-83.73152660115134,0.7054307112854228,-16.245504875264118,-50.64847648481299,8.913614395408652,-16.7137897313639,0.9215861493757939,-0.31935235888755087,0.10190063912941767,0.1957276165917084,3.5632329921484507,-1.4010274464295591,2.161962213350825,0.0,0.0,0.0,0.0,0.0,0.0,9.230493988467597,9.230487184030887,8.301223862333055,9.23048784297233,0.0,0.0,0.0,0.0,0.0,0.0
2.4935883159012393,-84.64173744034724,0.869218007607761,-16.54297362662474,-50.607481120708385,9.299014509538637,-16.372187794368305,0.9320514987579003,-0.2762173068840196,0.09670920643230704,0.21361491622104717,5.388274107074212,-3.0661102124792374,1.6705856056099904,0.0,0.0,0.0,0.0,0.0,0.0,9.230494446180769,9.230481445140454,9.226425538796008,9.230486887295493,0.0,0.0,0.0,0.0,0.0,0.0
2.511566744390504,-85.5512170609576,1.0395311483810115,-16.833841609358753,-50.56737824238295,9.636782164394246,-15.978951462265105,0.9433681698736375,-0.22310585995365312,0.08587339136247589,0.2300131126251554,5.459301834018464,-2.9599184871493183,1.6684369374026045,0.0,0.0,0.0,0.0,0.0,0.0,9.230494732258784,9.23047040947491,9.230125842774914,9.2304858402602,0.0,0.0,0.0,0.0,0.0,0.0
2.529545172879769,-86.45998312825681,1.2153329579466163,-17.117321175173924,-50.52755980812194,9.90893449980245,-15.551512225355832,0.951586054424868,-0.16891683570530264,0.07582075024773514,0.24536156478000198,5.520888005044337,-2.8453774593564405,1.668250036463301,0.0,0.0,0.0,0.0,0.0,0.0,9.23049488795795,9.230445650092044,9.230388850752181,9.230484231035517,0.0,0.0,0.0,0.0,0.0,0.0
2.5475236013690337,-87.36801146855937,1.395410932205793,-17.39286667865585,-50.484768089237754,10.11199630878397,-15.097658736962952,0.9566376418163388,-0.11390416808095646,0.0666336229455717,0.2596733006048318,5.579495193894153,-2.7291252681819205,1.668214367122482,0.0,0.0,0.0,0.0,0.0,0.0,9.230494942385414,9.230374161351868,9.230449207710993,9.230481471440758,0.0,0.0,0.0,0.0,0.0,0.0
2.5655020298582984,-88.27521955021511,1.5784999018159913,-17.660076002877982,-50.43578000327893,10.243583126738898,-14.625542884834553,0.9584815713268189,-0.058291466284615526,0.058361636304324956,0.27296355396489086,5.6353923394081695,-2.6116872292510283,1.6682469268044158,0.0,0.0,0.0,0.0,0.0,0.0,9.230494922073655,9.230037323553292,9.230470718135589,9.230476545636545,0.0,0.0,0.0,0.0,0.0,0.0
2.5834804583475632,-89.18146767794822,1.7633014992494724,-17.91869627403928,-50.37746846931703,10.30239062951467,-14.143593891579302,0.9570895192181906,-0.002304891762738254,0.05104155717613314,0.28525269344511156,5.688129321785376,-2.4936916967794827,1.668466378982209,0.0,0.0,0.0,0.0,0.0,0.0,9.230494860788008,9.220052932778467,9.230480431982937,9.230467143279624,0.0,0.0,0.0,0.0,0.0,0.0
2.601458886836828,-90.0865615857355,1.948503824607647,-18.16862915642344,-50.306923544456424,10.2882273954068,-13.66054885429272,0.9524461839266496,0.05377324447749798,0.04459574253476947,0.2965904999316377,5.7195886188727485,-2.3936104475604587,1.6739655475565327,0.0,0.0,0.0,0.0,0.0,0.0,9.230494807653589,8.5118891975063,9.230485493655479,9.23044688045766,0.0,0.0,0.0,0.0,0.0,0.0
2.619437315326093,-90.99028845117807,2.132817354182876,-18.41004060997524,-50.226828595292815,10.20426652443461,-13.19671464129101,0.9448120439254942,0.10586325746204175,0.03124844184127149,0.30845859893241545,4.420523629516458,-3.6455185745639493,2.053917620124295,0.0,0.0,0.0,0.0,0.0,0.0,9.230494807077747,9.195059900960196,9.230488386449816,9.230395382636107,0.0,0.0,0.0,0.0,0.0,0.0
2.6374157438153576,-91.89255907165483,2.3149963489433683,-18.643106511151633,-50.14634942023568,10.051075216417674,-12.733139930825832,0.9344793062563108,0.15395700789225591,0.010780375466855657,0.32082619812662105,4.446817705729012,-3.597786462744873,2.072598825937353,0.0,0.0,0.0,0.0,0.0,0.0,9.230494856261416,9.082231648716434,9.230490176023759,9.230208211978548,0.0,0.0,0.0,0.0,0.0,0.0
2.6553941723046224,-92.7934130098623,2.4938362953415636,-18.868014866798173,-50.069133232759825,9.833216773063194,-12.290348049390374,0.9213376643849359,0.2010977139607368,-0.01051960253624963,0.33254466705685826,4.261395651940818,-3.764291130140517,2.150842999977855,0.0,0.0,0.0,0.0,0.0,0.0,9.23049494388376,9.15003466161957,9.230491359523262,9.22872047208689,0.0,0.0,0.0,0.0,0.0,0.0
2.673372600793887,-93.69290639951352,2.6681885230174136,-19.085170683664945,-49.99499898049429,9.552302500001108,-11.871777709921288,0.9054677058385872,0.2469436852624142,-0.033082317290511136,0.34358784942880927,4.207939192932647,-3.798619717085685,2.192448375726021,0.0,0.0,0.0,0.0,0.0,0.0,9.230495062552635,9.033531326163947,9.230492227097532,8.79174620783659,0.0,0.0,0.0,0.0,0.0,0.0
2.691351029283152,-94.5911024681859,2.83700377165739,-19.295147530891487,-49.92485517952987,9.218933417858752,-11.491994507446966,0.8886554328911344,0.2865679740067087,-0.05512233235353363,0.35373980033729324,3.0899665968832384,-3.239623671461253,2.0645963922953263,0.0,0.0,0.0,0.0,0.0,0.0,9.230495207884267,8.960559883331149,9.230492953404747,8.954557830038732,0.0,0.0,0.0,0.0,0.0,0.0
2.7093294577724167,-95.48807391260274,2.9993973045076796,-19.498546818584103,-49.85938805488088,8.83986433775006,-11.139604507032598,0.8730365857746689,0.3163281903404559,-0.0776388390872143,0.3629267234029916,2.1320732606741775,-3.160385450872798,2.0614214505922295,0.0,0.0,0.0,0.0,0.0,0.0,9.230495361640708,9.22683290309991,9.230493593487257,9.101334681742589,0.0,0.0,0.0,0.0,0.0,0.0
2.7273078862616815,-96.38393609430081,3.1546021935250574,-19.695799313414092,-49.80174373747645,8.420283832672586,-10.808035986612113,0.8578932602313115,0.3405615308965124,-0.10033484428738584,0.3714430195130089,1.9557522429577165,-2.86887147901438,1.9950599039209689,0.0,0.0,0.0,0.0,0.0,0.0,9.230495491043904,9.230020851697063,9.230494153785383,9.087595730340109,0.0,0.0,0.0,0.0,0.0,0.0
2.7452863147509463,-97.27883379621025,3.301980651769386,-19.887328631945,-49.7517319545256,7.970008189683961,-10.502848029096798,0.8427379071248778,0.3619271655781712,-0.12097744604382223,0.3796919860361112,1.7491284955881137,-2.551613365071551,1.9197480244739824,0.0,0.0,0.0,0.0,0.0,0.0,9.230495571290202,9.230353260942186,9.23049463975058,9.101800403072792,0.0,0.0,0.0,0.0,0.0,0.0
2.763264743240211,-98.17288530456436,3.4410201721049987,-20.073598750930167,-49.7073028605042,7.493354963069176,-10.22277095124921,0.8278871682425406,0.3804575526406107,-0.1396531270128619,0.3877523583598092,1.5606386304550248,-2.2671729337931184,1.8517716977118073,0.0,0.0,0.0,0.0,0.0,0.0,9.230495587129303,9.23043529677298,9.23049505965078,9.116072807521377,0.0,0.0,0.0,0.0,0.0,0.0
2.781243171729476,-99.06617555122604,3.5712839418552775,-20.255049001105313,-49.66679699696794,6.994377897291333,-9.966409180052562,0.8134663480559279,0.39646234672485386,-0.1566126924163838,0.39567988675704174,1.3914228731530753,-2.0152349030579555,1.7912991295324205,0.0,0.0,0.0,0.0,0.0,0.0,9.230495526592518,9.230465122068553,9.230495422141718,9.129478582172672,0.0,0.0,0.0,0.0,0.0,0.0
2.7992216002187407,-99.95876259845808,3.692402444961274,-20.43209167908429,-49.62887621321424,6.476519805847714,-9.732177016786622,0.7995409558963732,0.4102393889896774,-0.17208904216104326,0.40351364925338645,1.2410303739162991,-1.7934140835669077,1.7378996835395502,0.0,0.0,0.0,0.0,0.0,0.0,9.230495375994268,9.230478645680773,9.23049573546593,9.141427522889687,0.0,0.0,0.0,0.0,0.0,0.0
2.8172000287080055,-100.85068294736509,3.8040630811504856,-20.60510982955247,-49.592471653226234,5.9426826885695565,-9.518422693192605,0.78613707851474,0.42205906864243,-0.1862878084737155,0.41128030438504465,1.1077450348100917,-1.5982484176129006,1.6908116605909398,0.0,0.0,0.0,0.0,0.0,0.0,9.230495115504164,9.230485718827977,9.23049600709599,9.151994454356203,0.0,0.0,0.0,0.0,0.0,0.0
2.8351784571972702,-101.74195593805845,3.9060010892467503,-20.774456754113757,-49.5567357483156,5.395299609624859,-9.323499366514726,0.773255852622288,0.43215928457823743,-0.1993863317452922,0.4189974103158168,0.9898212004204027,-1.4265160284932061,1.6493077324757084,0.0,0.0,0.0,0.0,0.0,0.0,9.230494713811286,9.230489805890022,9.230496243592683,9.161221418200043,0.0,0.0,0.0,0.0,0.0,0.0
2.853156885686535,-102.63258735374204,3.997991805688874,-20.94045657541944,-49.52100173959561,4.836409938366381,-9.145813970967874,0.7608824085199907,0.4407471150680344,-0.21153626447893498,0.4266759306245445,0.885440325404287,-1.2751690977500805,1.6126809897820171,0.0,0.0,0.0,0.0,0.0,0.0,9.23049411972368,9.230492346485295,9.230496450596847,9.169085838427119,0.0,0.0,0.0,0.0,0.0,0.0
2.8711353141758,-103.52257236054919,4.079844203417484,-21.103405479492817,-49.484750312595565,4.267726592213038,-8.983854653160696,0.748993532565385,0.4479997147205849,-0.22286592253136167,0.4343221435291382,0.7926077041603972,-1.1412031394350117,1.5802118542389922,0.0,0.0,0.0,0.0,0.0,0.0,9.230493246745594,9.230494015380618,9.230496632890697,9.176840516154273,0.0,0.0,0.0,0.0,0.0,0.0
2.8891137426650646,-104.41189789374556,4.151395365836728,-21.263573208170758,-49.4475805065681,3.6906713186081377,-8.836194839595231,0.7375554399302762,0.45407687032259525,-0.2334870408770192,0.4419388765539726,0.7116295035828756,-1.0240549952335403,1.5518428918427538,0.0,0.0,0.0,0.0,0.0,0.0,9.230491941896611,9.2304951589661,9.230496794504065,9.183258521344698,0.0,0.0,0.0,0.0,0.0,0.0
2.9070921711543294,-105.30054455815052,4.212505956690751,-21.421204993738154,-49.409185144756606,3.106452261931512,-8.701536063012206,0.7265278252187852,0.4591217439171788,-0.24349623849024507,0.44952655681996445,0.6403962364517344,-0.9208684476960269,1.5268677956870587,0.0,0.0,0.0,0.0,0.0,0.0,9.23048991637436,9.2304959681348,9.230496938868974,9.178174604386083,0.0,0.0,0.0,0.0,0.0,0.0
2.925070599643594,-106.18848829918862,4.2630581569472135,-21.576524277540244,-49.36935928417369,2.516273394863568,-8.57872614495383,0.7159495704159001,0.463153617970274,-0.2529385519866567,0.45708536150398366,0.5571106855028748,-0.8096760666309,1.4992051591223559,0.0,0.0,0.0,0.0,0.0,0.0,9.230486574181361,9.230496554072632,9.230497068714001,9.197220567842388,0.0,0.0,0.0,0.0,0.0,0.0
2.943049028132859,-107.075702143874,4.302949884188618,-21.72973067569476,-49.327970846183746,1.9206685293400072,-8.46630032285325,0.705761382907727,0.4663104746451521,-0.26189773293251456,0.46461273025735667,0.5081722970731364,-0.7362081655904843,1.481615121956309,0.0,0.0,0.0,0.0,0.0,0.0,9.230480543171302,9.230496984322967,9.230497185837338,9.221175670963277,0.0,0.0,0.0,0.0,0.0,0.0
2.9610274566221237,-107.96215665931193,4.3320891392977146,-21.881001985774024,-49.28484671076135,1.3202013027227142,-8.363364171724234,0.6956771747518689,0.46900033426825505,-0.27053724882055374,0.47210332765839363,0.5038795291752819,-0.7089810548612693,1.4766950232303677,0.0,0.0,0.0,0.0,0.0,0.0,9.230468174970985,9.230497301259225,9.230497292488675,9.225107980466788,0.0,0.0,0.0,0.0,0.0,0.0
2.9790058851113885,-108.84781812433724,4.350395008632329,-22.030506618829385,-49.23968745605988,0.7155648098993745,-8.26973296933651,0.685504259847498,0.47148367633393456,-0.27895255812040365,0.47955450472251304,0.5066383953290727,-0.6892672854304394,1.4738606693696903,0.0,0.0,0.0,0.0,0.0,0.0,9.23043781326823,9.230497531795109,9.230497392710657,9.004093628887482,0.0,0.0,0.0,0.0,0.0,0.0
2.9969843136006533,-109.73265126583333,4.357830204380092,-22.178420032443892,-49.192877122210945,0.11114346916893306,-8.185808098401067,0.6769148640159613,0.4717412961343988,-0.28654911904146485,0.48696613719256765,0.08344191662269729,-0.2521079711378838,1.3541749272117447,0.0,0.0,0.0,0.0,0.0,0.0,9.230349538800292,9.230497692477648,9.230497487343264,9.033678505406199,0.0,0.0,0.0,0.0,0.0,0.0
3.014962742089918,-110.61663982019954,4.3543792724340165,-22.324858645476265,-49.14616077907963,-0.49507483371528527,-8.104709924779232,0.6714398621931927,0.46800983809980246,-0.2929026465515359,0.49431097756664183,-0.29048976209214944,0.12184146390946597,1.2501796390417637,0.0,0.0,0.0,0.0,0.0,0.0,9.230295537618968,9.2304977920124,9.230497561059703,9.230133055703241,0.0,0.0,0.0,0.0,0.0,0.0
3.032941170579183,-111.49980507492735,4.3400030886727405,-22.469817080995885,-49.10152077452649,-1.1040606877212715,-8.020712754668775,0.6673828112572107,0.4623934213758509,-0.2987130768503261,0.5015605694483655,-0.2926885302158909,0.11833461931567232,1.2500936001691392,0.0,0.0,0.0,0.0,0.0,0.0,9.230193451458165,9.23049791008034,9.230497665462781,9.23014169316148,0.0,0.0,0.0,0.0,0.0,0.0
3.051983743002839,-112.43439862897996,4.312844292651449,-22.621684902589163,-49.057351713991096,-1.7482219035547442,-7.929208707236858,0.6629874358252339,0.4563803987144742,-0.30485598509819106,0.5091438106831023,-0.2947348053077411,0.11477424844892777,1.2500644746026472,0.0,0.0,0.0,0.0,0.0,0.0,9.111000733745037,9.23049779931035,9.23049750965638,8.919701856838127,0.0,0.0,0.0,0.0,0.0,0.0
3.0710263154264954,-113.36818829426332,4.273502488026311,-22.77180825739954,-49.017244335148284,-2.3832081461533394,-7.836567169340834,0.6608534217702176,0.44711433114270327,-0.3089749814546219,0.5175866986858569,-0.6897178863481312,0.9760802057996653,1.1429224677255696,0.0,0.0,0.0,0.0,0.0,0.0,8.848991723034334,9.230497657071345,9.23049731418443,9.16057496586698,0.0,0.0,0.0,0.0,0.0,0.0
3.0900688878501517,-114.30125075019843,4.2221197722257156,-22.920058653652095,-48.98027643481711,-3.0120278112298897,-7.730893114196043,0.6605409691122058,0.43394924519485417,-0.3070637082964694,0.5301750274827599,-0.08398457822575879,1.8816601122739347,1.3174324659076095,0.0,0.0,0.0,0.0,0.0,0.0,9.223248448944162,9.230497500353152,9.230497086390603,9.164928770677596,0.0,0.0,0.0,0.0,0.0,0.0
3.109111460273808,-115.23358248236772,4.158793801980355,-23.066076362912444,-48.93981687659023,-3.6369775091789487,-7.601201485561678,0.6601785126780282,0.41916734031201885,-0.30088562327322593,0.5458304809384112,-0.2356603571656382,2.025970456359056,1.284768801789161,0.0,0.0,0.0,0.0,0.0,0.0,9.214205629560915,9.230497326408234,9.230496824483277,9.09083710620193,0.0,0.0,0.0,0.0,0.0,0.0
3.128154032697464,-116.16511383847318,4.0837006738195125,-23.20940560306465,-48.89669922555436,-4.247487995143898,-7.448072278296839,0.6612415879760573,0.4017501238968624,-0.29405720890949333,0.5611477151054941,-0.5211533084743531,2.33467646273011,1.2156728135890031,0.0,0.0,0.0,0.0,0.0,0.0,9.051402483784344,9.230497130289958,9.230496522959344,9.206017061443442,0.0,0.0,0.0,0.0,0.0,0.0
3.1471966051211204,-117.09581914725167,3.997137377163734,-23.349567375688014,-48.85306154595417,-4.841062212143226,-7.267981498818243,0.6628574792779209,0.38209630130230837,-0.28484783237194045,0.5774808144773496,-0.25147563138625706,2.7394057755859555,1.3022683349916255,0.0,0.0,0.0,0.0,0.0,0.0,9.005821186622844,9.230496912925616,9.23049617012083,9.196794336761048,0.0,0.0,0.0,0.0,0.0,0.0
3.1662391775447767,-118.02567094137846,3.8994648877326696,-23.48601917334985,-48.8064009541257,-5.413459496222245,-7.057871830883528,0.6635322278276897,0.36120752306029413,-0.27117222929478985,0.5964224425505499,0.07998650922201596,3.259779397740221,1.4092273319788762,0.0,0.0,0.0,0.0,0.0,0.0,9.220852709127788,9.23049667054831,9.230495759672348,8.60979100235412,0.0,0.0,0.0,0.0,0.0,0.0
3.185281749968433,-118.95459335746858,3.7911874408007655,-23.618183645763104,-48.756451551582614,-5.953319326753944,-6.816326180355047,0.6679663644457646,0.33200605623917134,-0.2539253390278648,0.6157230195381721,-1.2179921175182633,4.5240459397344015,1.066986033391169,0.0,0.0,0.0,0.0,0.0,0.0,8.98574288534618,9.230496395986055,9.230495271551893,9.229714758056991,0.0,0.0,0.0,0.0,0.0,0.0
3.204324322392089,-119.8826043685253,3.672924620011724,-23.74528606935639,-48.711699252763296,-6.4602607294892485,-6.525114824537413,0.6752751054489304,0.29457452384916094,-0.23281564747049227,0.634843489493963,-0.7973920842132419,5.004802293404878,1.2036281111356295,0.0,0.0,0.0,0.0,0.0,0.0,8.956937727002716,9.23049609779144,9.230494593102874,9.230342518110845,0.0,0.0,0.0,0.0,0.0,0.0
3.2233668948157455,-120.80981603815337,3.5454572773453763,-23.86639959801167,-48.67175251333392,-6.9185282049364965,-6.1874402144410725,0.6799297700433944,0.2558398113047183,-0.20557581874855071,0.6557286645451501,-0.3352979575122842,5.548076994682711,1.356754637091808,0.0,0.0,0.0,0.0,0.0,0.0,8.119527883429669,9.230495788214112,9.230493521600053,9.230443326460145,0.0,0.0,0.0,0.0,0.0,0.0
3.2424094672394017,-121.73626799990929,3.4099038119720926,-23.980759665635638,-48.62942832115951,-7.306444812388294,-5.8155017871049175,0.6794813246043175,0.215054665844821,-0.1614348030602223,0.6826385753627183,1.758551238908937,7.809542664718143,1.978950067041911,0.0,0.0,0.0,0.0,0.0,0.0,9.229879157279697,9.230495439626745,9.23049171061508,9.230471789829565,0.0,0.0,0.0,0.0,0.0,0.0
3.261452039663058,-122.66172705179683,3.2676324212594223,-24.08739909013929,-48.566008693918484,-7.620242339934296,-5.377048412020299,0.6731590319939578,0.17119889197567414,-0.10362389095444043,0.7119058549097074,1.5531254770266485,7.8545132736311505,1.9792798975794639,0.0,0.0,0.0,0.0,0.0,0.0,9.230392261817013,9.230494914936829,9.230488402650462,9.230483174567974,0.0,0.0,0.0,0.0,0.0,0.0
3.2804946120867142,-123.58580381399064,3.1203107926006526,-24.185300575761502,-48.485651868642925,-7.835708265299724,-4.900095416664338,0.6630643080259275,0.12468333240148594,-0.04630583498761387,0.7366515863618692,1.3455715722032193,7.892972607645485,1.9793271682253357,0.0,0.0,0.0,0.0,0.0,0.0,9.230462454719333,9.230494011308235,9.230481671466308,9.230488500259804,0.0,0.0,0.0,0.0,0.0,0.0
3.2995371845103705,-124.50825724766707,2.9698685851885225,-24.27386674428823,-48.3969755518903,-7.947300946798785,-4.399044461124389,0.6491450943450332,0.07583733171372402,0.010064343491008865,0.7568078055863429,1.1369554000214115,7.925774059618527,1.9793348444534868,0.0,0.0,0.0,0.0,0.0,0.0,9.230481492226497,9.230492394294602,9.230465410023275,9.23049126364053,0.0,0.0,0.0,0.0,0.0,0.0
3.3185797569340267,-125.429012999386,2.818314094474322,-24.35278132943563,-48.30882747517447,-7.952320802132936,-3.888950492714648,0.6313727344682658,0.025017437134240216,0.06505321670862092,0.7723410367222243,0.927544368677815,7.95298039715246,1.979325203951086,0.0,0.0,0.0,0.0,0.0,0.0,9.230488787702633,9.23048934851502,9.23041275338777,9.23049279656289,0.0,0.0,0.0,0.0,0.0,0.0
3.337622329357683,-126.348165448521,2.6676793677424406,-24.422017761602948,-48.23004087668792,-7.850978427419073,-3.3851153267518024,0.6097439082022683,-0.027394931874212988,0.11824716364188988,0.7832493168898899,0.7175814355346408,7.974523396008779,1.9792845501497272,0.0,0.0,0.0,0.0,0.0,0.0,9.230492197597469,9.230483045902554,9.230106395787404,9.23049368930304,0.0,0.0,0.0,0.0,0.0,0.0
3.3566649017813392,-127.26597511137312,2.519964703205159,-24.481839925354382,-48.169190834698085,-7.646390592221543,-2.9026731818721734,0.5842827126352066,-0.08099341175748538,0.16925562764122085,0.7895608345652053,0.5077459445429693,7.989886894024634,1.979074433056057,0.0,0.0,0.0,0.0,0.0,0.0,9.230493992670267,9.230467864764382,8.822637552741883,9.230494267296384,0.0,0.0,0.0,0.0,0.0,0.0
3.3757074742049955,-128.18285461372378,2.3770488547905217,-24.532860368152743,-48.13239430154372,-7.348841607696936,-2.462731356013318,0.557121863107719,-0.13021347362176272,0.2185606162631768,0.7905004351380199,1.1426661725827894,7.186320292119972,1.750658755889499,0.0,0.0,0.0,0.0,0.0,0.0,9.230495006462235,9.230420158649228,8.320275936561265,9.230494753395089,0.0,0.0,0.0,0.0,0.0,0.0
3.3947500466286518,-129.09921164829024,2.240554913045338,-24.57599743927397,-48.11147161959774,-6.9747983537257,-2.0756323764049083,0.5342748544766855,-0.16363733330159316,0.26825445223796557,0.7847373776483244,2.8546217025913503,5.386486093101878,1.240908988709157,0.0,0.0,0.0,0.0,0.0,0.0,9.230495608148981,9.230145844648508,9.214734782856505,9.230495245194007,0.0,0.0,0.0,0.0,0.0,0.0
3.413792619052308,-130.01515429281528,2.1119258940920704,-24.612090964650353,-48.08685914710165,-6.524480867511628,-1.7238968761588562,0.5147340598861049,-0.1861031284371468,0.3182321521475954,0.7740431322081375,2.7968420750371905,5.400525232111131,1.2322774248298627,0.0,0.0,0.0,0.0,0.0,0.0,9.23049600041735,8.75400117059921,9.106610802354655,9.230495705956269,0.0,0.0,0.0,0.0,0.0,0.0
3.4328351914759643,-130.9305794492617,1.9923584858124506,-24.64206984653051,-48.0578490140728,-6.025267260246423,-1.4332363860190749,0.4938754802948214,-0.20550340339115902,0.3614199995343901,0.7636955840482328,1.999460403559796,4.230258038584521,1.4297653319676664,0.0,0.0,0.0,0.0,0.0,0.0,9.230496316166807,8.63383811042276,9.20801345766854,9.230496106699649,0.0,0.0,0.0,0.0,0.0,0.0
3.4518777638996205,-131.8454484651149,1.8827057752933967,-24.666970783859473,-48.02965724559087,-5.4859934429031805,-1.1886262661669755,0.4721538603112001,-0.21963497564581194,0.391329540310329,0.7587439624450412,0.7634203150391826,3.0085650320988573,1.7513468509386128,0.0,0.0,0.0,0.0,0.0,0.0,9.230496607869942,9.22494499147339,9.017712667308151,9.230496450544468,0.0,0.0,0.0,0.0,0.0,0.0
3.470920336323277,-132.75984080131136,1.7836445201980393,-24.6875098219885,-48.008079368378546,-4.914453567794588,-0.9738050384583251,0.45122976556542593,-0.2292110070860925,0.414035396572838,0.7565901818574722,1.1187698444066514,2.588747959977961,1.6352809821938807,0.0,0.0,0.0,0.0,0.0,0.0,9.23049686877357,9.113428221864275,8.847872613845206,9.230496753971071,0.0,0.0,0.0,0.0,0.0,0.0
3.489962908746933,-133.67386449937513,1.6956242389112932,-24.704279198006287,-47.989559076507106,-4.327203526703398,-0.7921079334110706,0.43454039410375916,-0.2322393832686623,0.43611884772381976,0.753020494682043,1.6113241067416044,1.6077616620385076,1.4865496855954687,0.0,0.0,0.0,0.0,0.0,0.0,9.230497094244166,8.757206906692856,9.228844647705834,9.230497016979982,0.0,0.0,0.0,0.0,0.0,0.0
3.5090054811705893,-134.58749688721088,1.61893662859207,-24.71782796454806,-47.96649263783879,-3.7254352150951915,-0.6338816306746541,0.4205921762966466,-0.22897438440019355,0.4523665530512554,0.7523546066896439,0.6343695276966244,0.6723977332044481,1.7507024611737145,0.0,0.0,0.0,0.0,0.0,0.0,9.23049727548999,9.230152725421183,9.23026256361956,9.230497216837588,0.0,0.0,0.0,0.0,0.0,0.0
3.5280480535942456,-135.50065478663308,1.5538592034118948,-24.72845823418002,-47.94017804116224,-3.1085412410154087,-0.48438627360245,0.4064173855393001,-0.22374983859801717,0.4633085780134352,0.7550536934536046,0.6182982256549517,0.6858451926525915,1.7507639460253286,0.0,0.0,0.0,0.0,0.0,0.0,9.230497125829247,9.230141609357533,9.230261227945514,9.230497076284644,0.0,0.0,0.0,0.0,0.0,0.0
3.5459284915828815,-136.3576140276786,1.5034948509406008,-24.73593820609072,-47.91403011416924,-2.524086142348537,-0.3538828567066366,0.39289106237133214,-0.21891543916180817,0.4733737563277295,0.7573836085006687,0.6029070722628673,0.6981045919518202,1.7508268268154894,0.0,0.0,0.0,0.0,0.0,0.0,9.230497009308934,9.064822121855526,9.229035629354039,9.230496974088991,0.0,0.0,0.0,0.0,0.0,0.0
3.5638089295715174,-137.21409924514705,1.4635995814835034,-24.74117962175594,-47.88730296978933,-1.9377455489394235,-0.23361612556777125,0.37924646477893514,-0.2134248597371474,0.4817150580386932,0.7606395671128588,0.2792624380542462,0.39099289404597837,1.8371859094030056,0.0,0.0,0.0,0.0,0.0,0.0,9.230496856851016,8.997436301578608,9.046957021093121,9.230496830799188,0.0,0.0,0.0,0.0,0.0,0.0
3.5816893675601533,-138.07010505170348,1.434177670366906,-24.744338517476052,-47.86009120061575,-1.3531022491029265,-0.1199809285637562,0.3670651047885617,-0.20462867263776516,0.48675702271390553,0.7658054034934483,0.18539519445665167,-0.3937499532559545,1.8632286061269396,0.0,0.0,0.0,0.0,0.0,0.0,9.230496687401553,9.226115262334737,9.162553664948103,9.230496664059428,0.0,0.0,0.0,0.0,0.0,0.0
3.5995698055487892,-138.92559009011003,1.4152566473120964,-24.745440165766876,-47.82843917220001,-0.7634899099381238,-0.0029477187122406543,0.35682736765599304,-0.19259471984571774,0.49027536002707484,0.7714995624947343,0.3165595035373923,-0.5251232929136018,1.8298018526593598,0.0,0.0,0.0,0.0,0.0,0.0,9.230496502196408,9.225136448937617,9.212273945738973,9.230496480124415,0.0,0.0,0.0,0.0,0.0,0.0
3.617450243537425,-139.78045147979918,1.4068741820819344,-24.74443039574107,-47.79008847013897,-0.17433329778687434,0.11615754544942374,0.3471365066662088,-0.1797427035270526,0.49392312452551307,0.7766780242335442,0.3533826063454455,-0.562192170139312,1.8230375119099802,0.0,0.0,0.0,0.0,0.0,0.0,9.23049629656456,9.219627763923766,9.210291682020591,9.230496276844104,0.0,0.0,0.0,0.0,0.0,0.0
3.635330681526061,-140.6345602961348,1.409013648601864,-24.74127807979018,-47.744144092150535,0.41342217040221857,0.23667110807211547,0.33762967007777006,-0.16645281651413008,0.49751258099306356,0.7815247261036018,0.3844758779519706,-0.6127180662575364,1.8181277005530112,0.0,0.0,0.0,0.0,0.0,0.0,9.23049606588811,9.20672470075587,9.203628559543786,9.230496050050498,0.0,0.0,0.0,0.0,0.0,0.0
3.653211119514697,-141.48777437382665,1.4216474829709773,-24.735960299132646,-47.68986820147063,0.99947304915844,0.35837073753097215,0.3283868687769066,-0.1525674040945893,0.5009181141186092,0.7861083224152974,0.4052754751862696,-0.6997769024566489,1.8164994463138884,0.0,0.0,0.0,0.0,0.0,0.0,9.230495805742855,9.198275330383709,9.196287725702732,9.230495795149299,0.0,0.0,0.0,0.0,0.0,0.0
3.671091557503333,-142.33993647584063,1.444743514988688,-24.7284550406883,-47.626293023690835,1.5836021018580693,0.4813785412627168,0.3195338785454068,-0.13786288882255704,0.5040111545628867,0.7904838267943339,0.4262755851306409,-0.8163138171553787,1.8154541689120782,0.0,0.0,0.0,0.0,0.0,0.0,9.230495510899644,9.198269423321191,9.18419316363667,9.230495506844619,0.0,0.0,0.0,0.0,0.0,0.0
3.688971995491969,-143.1908695238637,1.478264373857441,-24.71873699054961,-47.55215171615446,2.1654582153802244,0.605902816260247,0.3112212567745847,-0.12213288422351247,0.5068067403211268,0.7945890861872998,0.4730563123845758,-0.9550528453150795,1.8080515288854109,0.0,0.0,0.0,0.0,0.0,0.0,9.230495174544732,9.185677904938034,9.187125162340498,9.23049517836462,0.0,0.0,0.0,0.0,0.0,0.0
3.706852433480605,-144.04037069743947,1.5221655535008483,-24.706777966664824,-47.465857084906524,2.744588928835241,0.7320619209121642,0.3035279952433034,-0.10523313499151585,0.5092484878557373,0.7984126257894998,0.49369918341772545,-1.1113661092866383,1.8088126366659862,0.0,0.0,0.0,0.0,0.0,0.0,9.230494788046274,9.157681978386375,9.197027542989842,9.230494800684657,0.0,0.0,0.0,0.0,0.0,0.0
3.7247328714692407,-144.8882082792139,1.576391281273375,-24.692547321616832,-47.365807772444406,3.320151901592385,0.8600828446611016,0.2964213987361459,-0.08704155591776562,0.5109396530562063,0.8021837650124345,0.44656017548317817,-1.3022323893761463,1.8295042882542218,0.0,0.0,0.0,0.0,0.0,0.0,9.230494339177003,9.197133756898944,9.063473181774087,9.230494363811447,0.0,0.0,0.0,0.0,0.0,0.0
3.7426133094578766,-145.7341215643738,1.640858410966847,-24.676012889630407,-47.25004047672397,3.8899672727642796,0.989695759912013,0.29072683736745575,-0.06660802634987918,0.5125171554657396,0.8052126689349827,0.7333981507638363,-1.6690415881422462,1.7592128416491983,0.0,0.0,0.0,0.0,0.0,0.0,9.230493810920322,9.18739567711764,9.197615396292141,9.230493854381475,0.0,0.0,0.0,0.0,0.0,0.0
3.7604937474465125,-146.57778656861268,1.7154860916294166,-24.657137766034214,-47.11375929294767,4.456500617100027,1.1217148972636177,0.2863495300807834,-0.04411404994490058,0.5142735925312644,0.8072054070959637,0.7522327568944708,-1.7967560744132067,1.7645873661217113,0.0,0.0,0.0,0.0,0.0,0.0,9.230493187494135,9.002153687480925,9.225465207200436,9.23049324446819,0.0,0.0,0.0,0.0,0.0,0.0
3.7783741854351485,-147.4188245502296,1.8001667377077655,-24.63590379322961,-46.95594272850111,5.014036580413028,1.2538493905017687,0.28258798773631927,-0.019764272602291078,0.5137474939706471,0.8098252374151599,0.37466694199751294,-2.226551206910399,1.8820258602162352,0.0,0.0,0.0,0.0,0.0,0.0,9.230492450312802,8.987005994114616,9.22728959404066,9.23049250818959,0.0,0.0,0.0,0.0,0.0,0.0
3.7962546234237844,-148.2568294291135,1.8947304467262067,-24.612271182277734,-46.77412150532118,5.561247424057223,1.3906986898659297,0.27972941185550754,0.007414207727780547,0.5089544038445974,0.8140404784001417,-0.02113696752478346,-2.6901785801827023,2.008389890893475,0.0,0.0,0.0,0.0,0.0,0.0,9.230491549375703,9.222744919586015,7.920247208745522,9.230491649192597,0.0,0.0,0.0,0.0,0.0,0.0
3.8141350614124203,-149.09137805570037,1.9988142839759941,-24.58621880238108,-46.56627390713994,6.0780981562350025,1.5231734619406267,0.2850774052222873,0.04673888865354823,0.5078178694666111,0.8115832432779467,2.5292644127067665,-5.1654637095118865,1.3234126037095322,0.0,0.0,0.0,0.0,0.0,0.0,9.230490404783174,9.219508271290797,8.749718470856262,9.230490635073135,0.0,0.0,0.0,0.0,0.0,0.0
3.8320154994010562,-149.92168192238648,2.1120700681381197,-24.557802639557828,-46.29538991306454,6.585870259207898,1.6521897159618515,0.30004684229552075,0.10047715147319203,0.5140862137146094,0.7972399885410271,3.504242563748159,-6.053019469422272,1.0763525073366482,0.0,0.0,0.0,0.0,0.0,0.0,9.23048896514414,8.556090336278103,9.230115383575225,9.230489103163734,0.0,0.0,0.0,0.0,0.0,0.0
3.849895937389692,-150.7465344722829,2.23412768237044,-24.527283158458772,-45.95578372059925,7.060322947266019,1.7579535465084026,0.31862094243030564,0.16127495208469844,0.5147101012011694,0.7794514716108913,2.3310565052109404,-7.287449074358775,1.430819140537663,0.0,0.0,0.0,0.0,0.0,0.0,9.230487235412033,7.293769675665415,9.23040472304316,9.230486119810555,0.0,0.0,0.0,0.0,0.0,0.0
3.867776375378328,-151.56478975785123,2.3641072690169698,-24.495108203678658,-45.557163557256615,7.466635635355299,1.8403831547455918,0.34544401660874957,0.23457159017499846,0.4883236743729996,0.7662797071036392,-1.1166321010583,-10.949938405223033,2.449285697120429,0.0,0.0,0.0,0.0,0.0,0.0,9.230484894704277,9.229604519711925,9.230460320701413,9.230478885446836,0.0,0.0,0.0,0.0,0.0,0.0
3.885656813366964,-152.37503075473583,2.500761872628581,-24.46131844911658,-45.05952545406483,7.80083251242904,1.9390464152066123,0.37667636312799707,0.31614407654029564,0.44040570240720894,0.7511395726603425,-0.7820559251350809,-10.980751420030083,2.4497325985430205,0.0,0.0,0.0,0.0,0.0,0.0,9.230480416724479,9.230331876946464,9.23047881079668,9.230448332331862,0.0,0.0,0.0,0.0,0.0,0.0
3.9035372513556,-153.17577522217235,2.6424025618934333,-24.425827167800517,-44.49784176120256,8.022979864249038,2.0275010240546805,0.40323238258304545,0.39580232640411595,0.3901804766755868,0.7269823654468531,-0.4453855018707718,-10.99979470956137,2.449792997325511,0.0,0.0,0.0,0.0,0.0,0.0,9.230475466497682,9.230369358046852,9.230484655059879,9.225901479897784,0.0,0.0,0.0,0.0,0.0,0.0
3.921417689344236,-153.96604255917225,2.786967232382279,-24.388987223907606,-43.89092983982113,8.12738096197082,2.086850696229375,0.42456157592740207,0.472696479663059,0.33812110967750647,0.6942475218181507,-0.11713281372372521,-10.999923852586232,2.447448193717611,0.0,0.0,0.0,0.0,0.0,0.0,9.230476546651817,9.198187068945646,9.230485457218167,9.19802795683112,0.0,0.0,0.0,0.0,0.0,0.0
3.9392981273328718,-154.74521608199086,2.9323383674252943,-24.35147972750602,-43.26055604372779,8.113523548844437,2.0995201136364186,0.44045895580420785,0.5458141361736999,0.28432359550262926,0.6536382256610165,0.09704603853755675,-10.999912839652472,2.447369203439141,0.0,0.0,0.0,0.0,0.0,0.0,9.230475175172453,9.225969006213763,9.230486363087817,9.230165644281572,0.0,0.0,0.0,0.0,0.0,0.0
3.9571785653215077,-155.51305415716698,3.076432153794354,-24.314268462438736,-42.62670548018917,7.985608887810346,2.0514220696233743,0.4505499930594828,0.6144661326662263,0.22920894758707513,0.6057221590022417,0.4250184693333379,-10.999851029743128,2.4495820790732323,0.0,0.0,0.0,0.0,0.0,0.0,9.23046795169777,9.23041010465008,9.2304878721612,9.230282199646359,0.0,0.0,0.0,0.0,0.0,0.0
3.9750590033101436,-156.2697002904797,3.217285797757741,-24.27855944690043,-42.01229580287837,7.753094023180882,1.9295974855997748,0.45421919774069486,0.6781685431120839,0.17359433581872946,0.5510329882218372,0.7615103528217287,-10.981380120790078,2.4495252905180442,0.0,0.0,0.0,0.0,0.0,0.0,9.230433003968374,9.230469823215111,9.230489943061984,9.22797338213725,0.0,0.0,0.0,0.0,0.0,0.0
3.9929394412987795,-157.0156932454181,3.3531501253017026,-24.24576243884778,-41.438481473872145,7.430262911520822,1.7243984918632929,0.45121895283174407,0.7362112199001063,0.11796896619744211,0.4903853783637195,1.0929137237175441,-10.948115048944764,2.448242368048852,0.0,0.0,0.0,0.0,0.0,0.0,9.230311742464426,9.230480535582831,9.230491198703142,5.830604401192591,0.0,0.0,0.0,0.0,0.0,0.0
4.010819879287416,-157.75235146777575,3.482883138066508,-24.217269991153373,-40.9683154796447,7.070984289983123,1.4569138046363876,0.46506260357927487,0.7616180914809495,0.0679523115593496,0.4461357874400163,-5.192316214368183,-4.527535784827963,0.6603580847000167,0.0,0.0,0.0,0.0,0.0,0.0,9.228986772651902,9.23048470338164,9.230492176990598,9.229757272586676,0.0,0.0,0.0,0.0,0.0,0.0
4.028700317276052,-158.48065619454255,3.605312830584611,-24.19374452084356,-40.50462661985605,6.613526285776528,1.1768756181025193,0.49949766678345453,0.7571929841474015,0.023812438257285618,0.4202306907165169,-5.153276834760039,-4.5660690878264365,0.6607672172795903,0.0,0.0,0.0,0.0,0.0,0.0,6.131090730710163,9.230486790009813,9.230492814750594,9.23033573563896,0.0,0.0,0.0,0.0,0.0,0.0
4.046580755264689,-159.20143956933924,3.719481588126666,-24.175037225750735,-40.12147066157184,6.153469060459863,0.9168251787104617,0.5091153842553918,0.7534427636823189,-0.0017484604509651683,0.41607988446365124,0.7449576846333893,1.2817010594176728,2.290648565727337,0.0,0.0,0.0,0.0,0.0,0.0,9.20855269564639,9.230486607547698,9.230492255837639,9.230419439626626,0.0,0.0,0.0,0.0,0.0,0.0
4.063112901440072,-159.86154872747215,3.8173609913960607,-24.161895627747423,-39.734224929339234,5.689177373537875,0.6734739155566188,0.4964569541828532,0.751849120389589,-0.007962224895453032,0.43380870875029726,0.7484597295381018,1.3401337690781678,2.301283788851335,0.0,0.0,0.0,0.0,0.0,0.0,8.8048675661653,9.230486510187218,9.230491646441388,9.230456537611122,0.0,0.0,0.0,0.0,0.0,0.0
4.079645047615456,-160.51518952160004,3.9076883168809067,-24.15274400956728,-39.33834529378844,5.240456920142765,0.4342773918513035,0.48096076219798417,0.7497394776990821,-0.011870741770207232,0.45434188261183545,1.4465086920812738,2.1172586668880533,2.508224494730104,0.0,0.0,0.0,0.0,0.0,0.0,9.229889798318489,9.230486097414817,9.230490517572475,9.230474196739223,0.0,0.0,0.0,0.0,0.0,0.0
4.096177193790839,-161.1621047440548,3.9906776796006445,-24.14751924599418,-38.92002240057559,4.8021322850848955,0.1986932420730905,0.46276515603361695,0.746762756455773,-0.01359344433219407,0.4775028944445737,1.3854492121381945,2.1594390222703117,2.5085108016362443,0.0,0.0,0.0,0.0,0.0,0.0,9.23028231326511,9.230485335748714,9.230488701248083,9.230482740955235,0.0,0.0,0.0,0.0,0.0,0.0
4.112709339966223,-161.8019516208719,4.066562004533964,-24.146139471623638,-38.48339802743673,4.380967820670107,-0.03056174713465992,0.4445489587876526,0.7427305919675183,-0.015393495825150955,0.5004902908975108,1.32252523244164,2.1991149425561396,2.50860989395384,0.0,0.0,0.0,0.0,0.0,0.0,9.230385806925545,9.23048412031202,9.23048584192787,9.23048733321028,0.0,0.0,0.0,0.0,0.0,0.0
4.1292414861416065,-162.43443570650547,4.135627307507963,-24.148484602283926,-38.02947510583658,3.9772241553811156,-0.2516266806662403,0.42633647004972813,0.7376514898275368,-0.01730139664193208,0.5232668110390635,1.2583065282812214,2.236749664328436,2.508660097171039,0.0,0.0,0.0,0.0,0.0,0.0,9.23042832876826,9.230482291795164,9.23048123642052,9.23049003315944,0.0,0.0,0.0,0.0,0.0,0.0
4.14577363231699,-163.05928012122686,4.198162894600349,-24.154404232443532,-37.559373966083996,3.5910389593995933,-0.4626964109815284,0.408148846656745,0.7315365337380907,-0.01934534625088404,0.5457971934314628,1.1929577750143938,2.272413486143842,2.5086895871241777,0.0,0.0,0.0,0.0,0.0,0.0,9.230449788787158,9.230479595007195,9.230473423159122,9.2304917293039,0.0,0.0,0.0,0.0,0.0,0.0
4.162305778492374,-163.6762274287771,4.2544593549286835,-24.16371865722025,-37.074325010171655,3.222429803101984,-0.6620335791226338,0.39000570491162395,0.7243992199803002,-0.02155254253056538,0.5680464841355751,1.1265758756733488,2.3061062717177827,2.5087069792670866,0.0,0.0,0.0,0.0,0.0,0.0,9.230462008004377,9.230475602029363,9.230459057952311,9.230492844994503,0.0,0.0,0.0,0.0,0.0,0.0
4.178837924667757,-164.28504138593476,4.304806580015004,-24.176220091650183,-36.575660190040566,2.8712948139312693,-0.8479804594698754,0.3719253820937645,0.7162554266986573,-0.023949335922648765,0.589979748116828,1.0592431159188236,2.33780250079769,2.5087139290473286,0.0,0.0,0.0,0.0,0.0,0.0,9.23046952147137,9.230469562000998,9.23042934248778,9.230493601446776,0.0,0.0,0.0,0.0,0.0,0.0
4.195370070843141,-164.8855085467806,4.349491796605493,-24.191674082218867,-36.06480389746766,2.5374136987451457,-1.0189703812436055,0.35392495864313883,0.7071234524987632,-0.026561173408280205,0.6115619761257703,0.9910494478514511,2.3674540769078107,2.5087060813650233,0.0,0.0,0.0,0.0,0.0,0.0,9.230474370744425,9.230460083881967,9.230355936116148,9.230494124551214,0.0,0.0,0.0,0.0,0.0,0.0
4.211902217018524,-165.47743971288614,4.388797623200002,-24.209821104137728,-35.54326341433017,2.220449616859111,-1.1735388164226832,0.33602012961230315,0.6970242386768876,-0.029412399873777646,0.6327579267981567,0.9221312127148644,2.3949601534158327,2.5086650456807,0.0,0.0,0.0,0.0,0.0,0.0,9.230477581282539,9.230444412362017,9.230113621399651,9.230494492721666,0.0,0.0,0.0,0.0,0.0,0.0
4.228434363193908,-166.06067122879935,4.423000170581399,-24.23037834319171,-35.01261968505789,1.9199527077628442,-1.3103348378056878,0.31822461081085474,0.6859824345006407,-0.032525583298378166,0.6535313940905629,0.8528453299938674,2.4200002531555493,2.5085124250289454,0.0,0.0,0.0,0.0,0.0,0.0,9.230479710990977,9.230416622758044,9.228707841739217,9.230494760496583,0.0,0.0,0.0,0.0,0.0,0.0
4.244966509369291,-166.6350662047174,4.4523672668430185,-24.253041702759358,-34.47452718182216,1.6353722657280592,-1.4281387795644436,0.3005458373748876,0.6740344313314176,-0.035916857498810566,0.6738395687133327,0.7853248518569651,2.440531652022044,2.5076888657066383,0.0,0.0,0.0,0.0,0.0,0.0,9.230481088771285,9.23036217036079,8.996275969073432,9.230494970920804,0.0,0.0,0.0,0.0,0.0,0.0
4.261498655544675,-167.2005423387676,4.477172135165281,-24.277494899991893,-33.933799205021316,1.3680660864586756,-1.527150361576205,0.28211089238862647,0.6628858478318457,-0.03862129761989781,0.6924624123446004,1.1320221708815308,2.0567391721732338,2.3938736364243516,0.0,0.0,0.0,0.0,0.0,0.0,9.230481923772318,9.230234699261365,8.990207477940393,9.230495157896902,0.0,0.0,0.0,0.0,0.0,0.0
4.278030801720059,-167.75703194780007,4.4976928788999055,-24.303449231822913,-33.3873250968843,1.1173548046050976,-1.6104414790888526,0.26202959945734117,0.6543006033864289,-0.03950869583584918,0.7082868574029385,1.5025384268788298,1.6704938261388507,2.2771693328811957,0.0,0.0,0.0,0.0,0.0,0.0,9.230482330258715,9.22983769057484,9.200485266319916,9.230495337472417,0.0,0.0,0.0,0.0,0.0,0.0
4.294562947895442,-168.30441109474194,4.514205036371241,-24.330671987921324,-32.83168307507735,0.8832924758500563,-1.6808987447489265,0.24104652837859616,0.6468559833567774,-0.03934964727990035,0.7224441246291028,1.5103327735986984,1.6563133650048876,2.2629033466686663,0.0,0.0,0.0,0.0,0.0,0.0,9.23048239273579,9.227866263917312,9.180480102180901,9.23049551059093,0.0,0.0,0.0,0.0,0.0,0.0
4.311095094070826,-168.84256179133564,4.527000785864052,-24.358961410160376,-32.27105511327762,0.6677631011171562,-1.739452852547394,0.21986859202698372,0.6392165261457705,-0.038984410249354604,0.7358941844448258,1.5509765417847523,1.6038991479472087,2.239868697074019,0.0,0.0,0.0,0.0,0.0,0.0,9.230482231014262,9.185534847174127,9.181430112128847,9.230495675694408,0.0,0.0,0.0,0.0,0.0,0.0
4.327627240246209,-169.37141157166033,4.536387323184681,-24.388121138859404,-31.706646727969154,0.47080290754298937,-1.7862423654145703,0.19856746692905514,0.6316966395014624,-0.038663265674642545,0.7483551754396505,1.518260195272141,1.478801539016105,2.23787934971042,0.0,0.0,0.0,0.0,0.0,0.0,9.230481994501217,9.027015613221371,9.206484911022878,9.230495831535297,0.0,0.0,0.0,0.0,0.0,0.0
4.344159386421593,-169.8909180531095,4.542668272579823,-24.417964604598833,-31.14094593887139,0.29163133630756277,-1.8224256674921564,0.17779177112984768,0.6249672917143129,-0.04012017519374982,0.7590759790351767,1.169352018533651,1.1153530441150836,2.3251511562138916,0.0,0.0,0.0,0.0,0.0,0.0,9.23048180610097,9.214310452159966,9.191221739995742,9.230495977575043,0.0,0.0,0.0,0.0,0.0,0.0
4.360691532596976,-170.40103129160076,4.546100076054501,-24.448322664188122,-30.570433369930043,0.125762660568574,-1.8487177231626517,0.15748040433981142,0.6189636891542994,-0.04312690312039108,0.7682603360741159,1.1808048252939496,1.0496673870442124,2.3139314009309686,0.0,0.0,0.0,0.0,0.0,0.0,9.230481669376573,9.213146301047507,9.181971475169137,9.230496115771803,0.0,0.0,0.0,0.0,0.0,0.0
4.37722367877236,-170.90170044063768,4.5469000310283825,-24.47904383047431,-29.99849980953962,-0.026784416606225662,-1.8664124569171507,0.13704159784257988,0.6131323034595204,-0.04601525784416472,0.7766408275134076,1.2085949101330156,0.9660630777420273,2.2987799906810955,0.0,0.0,0.0,0.0,0.0,0.0,9.23048155624382,9.200560442541311,9.193975037314596,9.230496247153878,0.0,0.0,0.0,0.0,0.0,0.0
4.3937558249477435,-171.39290382631154,4.545286888748634,-24.509989000587538,-29.42536062683466,-0.1662067949929281,-1.8758905060514266,0.11651982503336268,0.6075317310916712,-0.04888090262560113,0.7841804533711985,1.1956089893434414,0.8815083800355613,2.295585049223457,0.0,0.0,0.0,0.0,0.0,0.0,9.2304814586688,9.188879638004693,9.200387417227166,9.230496371980943,0.0,0.0,0.0,0.0,0.0,0.0
4.410287971123127,-171.87462527615676,4.541474751314798,-24.541026192890843,-28.851473555082293,-0.2929064151647332,-1.8776259127790722,0.09603321960811474,0.6021747654535395,-0.051993173974606566,0.790860216753075,1.1532649401433852,0.7869957049028009,2.3011878385562876,0.0,0.0,0.0,0.0,0.0,0.0,9.230481381642642,9.193104623029292,9.202880033568636,9.23049649038911,0.0,0.0,0.0,0.0,0.0,0.0
4.426820117298511,-172.34685397908973,4.53566839421614,-24.572031152726893,-28.2770188834674,-0.40757017324929645,-1.872074625425481,0.07562420411408893,0.597068117528009,-0.055435607982962626,0.7966916192299436,1.1162847279738572,0.7032760180543713,2.305948376672934,0.0,0.0,0.0,0.0,0.0,0.0,9.230481328351187,9.195818126123985,9.206048257510446,9.230496602675174,0.0,0.0,0.0,0.0,0.0,0.0
4.443352263473894,-172.80958333093974,4.528061603426719,-24.602887380380864,-27.70232465625663,-0.5108150824114903,-1.8597047437450436,0.05528968685342981,0.5921686381034339,-0.059164174973435533,0.8017349655429074,1.0805763609799814,0.628963412621057,2.3109300985797345,0.0,0.0,0.0,0.0,0.0,0.0,9.230481297915206,9.194503275657802,9.209233662057018,9.230496709212243,0.0,0.0,0.0,0.0,0.0,0.0
4.459884409649278,-173.26281219266883,4.518838432336916,-24.633485737353617,-27.127725465129803,-0.6032119876380065,-1.8409452497492522,0.03504235801250449,0.5874539360617681,-0.0631844867002384,0.8060258226576165,1.0388893970394022,0.5569714385722709,2.3181000892558274,0.0,0.0,0.0,0.0,0.0,0.0,9.23048128724164,9.19781360167431,9.207442830798747,9.230496810437277,0.0,0.0,0.0,0.0,0.0,0.0
4.476416555824661,-173.70654412833187,4.508173404698082,-24.663723931123755,-26.553453569275923,-0.6853349237520225,-1.8162008471910953,0.01487838742081568,0.5829276190099011,-0.06746668370078013,0.8095815407811757,1.0080167521925891,0.48674241167671506,2.322789749702323,0.0,0.0,0.0,0.0,0.0,0.0,9.230481291636057,9.205894643585967,9.176279423123264,9.230496906837944,0.0,0.0,0.0,0.0,0.0,0.0
4.492948702000045,-174.1407890653446,4.496233170869146,-24.693507636035697,-25.980030575021303,-0.7574961727771173,-1.7860576753057504,-0.00533261103855874,0.5787439863481557,-0.07167345367035265,0.8123360619622404,1.0484139316695387,0.3761054155880638,2.308397249675692,0.0,0.0,0.0,0.0,0.0,0.0,9.230481308805714,9.20670689222907,9.16955689818815,9.230496998436543,0.0,0.0,0.0,0.0,0.0,0.0
4.5094808481754285,-174.56555875256075,4.483183201862904,-24.722752225239894,-25.40715847522667,-0.8195146489738063,-1.7511031214927795,-0.025732836211205413,0.5750816089192287,-0.0754390038191956,0.8142038571059252,1.1051719847375212,0.25620326810090516,2.2903410805983726,0.0,0.0,0.0,0.0,0.0,0.0,9.23048133682206,9.198909135249675,9.226344181340837,9.230497083711786,0.0,0.0,0.0,0.0,0.0,0.0
4.526012994350812,-174.9808547633126,4.469193786585735,-24.751381373637415,-24.833951811390154,-0.87114932075473,-1.711672925415961,-0.046160221885022466,0.5716832253644839,-0.0791367698743692,0.8153434217593452,1.0507312194545086,0.22221105356290824,2.3036887430157327,0.0,0.0,0.0,0.0,0.0,0.0,9.230481374289992,9.20019664185035,9.229557225393608,9.230497159844822,0.0,0.0,0.0,0.0,0.0,0.0
4.542545140526196,-175.38667855988456,4.454434545384463,-24.779325204609197,-24.261280938063976,-0.9127515101413158,-1.6682116702072314,-0.06641710246619868,0.568251613885689,-0.0832288855474037,0.8159361644312878,0.9936967306629776,0.1947924339013091,2.3179726967813674,0.0,0.0,0.0,0.0,0.0,0.0,9.230481427380917,9.204385883216016,9.230152571913202,9.23049722442996,0.0,0.0,0.0,0.0,0.0,0.0
4.559077286701579,-175.78304074466456,4.4390660682132514,-24.806517752625567,-23.68935355202396,-0.9449557817395335,-1.6207947682662627,-0.08650015750712162,0.5647525138362762,-0.08769592546712611,0.8160157752907196,0.9435738769097262,0.174481466200027,2.3305091621672913,0.0,0.0,0.0,0.0,0.0,0.0,9.230481499716195,9.205928745243792,9.230334601599024,9.230497275870958,0.0,0.0,0.0,0.0,0.0,0.0
4.575609432876963,-176.16995562296844,4.423238771927957,-24.83289412400826,-23.118409562043666,-0.9683537192822164,-1.5694789361390498,-0.10641480672304336,0.5611649425630282,-0.09249637939348485,0.8156066551637666,0.8963354387076787,0.1560155988314604,2.3423839268289615,0.0,0.0,0.0,0.0,0.0,0.0,9.230481593305493,9.206281449701606,9.23040786201201,9.230497313110405,0.0,0.0,0.0,0.0,0.0,0.0
4.592141579052346,-176.54744102429422,4.407093569834467,-24.85839021531711,-22.548633824724497,-0.9835068019242883,-1.5143095611978288,-0.12616055685094626,0.5574931325297069,-0.09761043589925672,0.8147129088708678,0.8500715668072236,0.1371516331985274,2.3541227873323667,0.0,0.0,0.0,0.0,0.0,0.0,9.230481710599594,9.206643679632096,9.230442948285454,9.230497335387733,0.0,0.0,0.0,0.0,0.0,0.0
4.60867372522773,-176.91551739804046,4.390762264241482,-24.8829427867008,-21.980158120006955,-0.9909562907212598,-1.4553475726291532,-0.14573534003189498,0.5537487043339739,-0.10302433245222678,0.8133323859511596,0.804882530867223,0.1178531158878813,2.3657025314360713,0.0,0.0,0.0,0.0,0.0,0.0,9.230481854153002,9.207253694054854,9.230461890963964,9.23049734205112,0.0,0.0,0.0,0.0,0.0,0.0
4.6252058714031135,-177.27420706869003,4.374367893084274,-24.906489801847627,-21.413078080454472,-0.991220431553782,-1.392676938859689,-0.16513782731365934,0.5499409610933043,-0.10872184942222023,0.8114641068834216,0.7612425611807883,0.09854789029058544,2.376994806493839,0.0,0.0,0.0,0.0,0.0,0.0,9.230482025853979,9.207958561880611,9.230473051578398,9.230497332407426,0.0,0.0,0.0,0.0,0.0,0.0
4.641738017578497,-177.62353372251806,4.358025150411648,-24.928970784435208,-20.847463517902582,-0.9847897556440539,-1.3264014860341613,-0.18436735019125472,0.5460760025366406,-0.11468424523372506,0.8091088947306344,0.7193346480545503,0.07941943584961184,2.3879496854622793,0.0,0.0,0.0,0.0,0.0,0.0,9.2304822265599,9.208653860183723,9.230480078568116,9.230497305600053,0.0,0.0,0.0,0.0,0.0,0.0
4.658270163753881,-177.96352200730584,4.341840868809091,-24.950327105888935,-20.283361493819353,-0.9721245057209044,-1.2566404072578765,-0.2034233505526975,0.5421583217161847,-0.12089204816051063,0.8062681981421325,0.6791493654753505,0.060477818758565935,2.3985697890411792,0.0,0.0,0.0,0.0,0.0,0.0,9.23048245604694,9.209329495144551,9.230484739446487,9.230497260503128,0.0,0.0,0.0,0.0,0.0,0.0
4.674802309929264,-178.29419717000386,4.325914530398238,-24.970502213782975,-19.72079789839955,-0.9536535517582679,-1.18352535012071,-0.2223051484324662,0.538191578570215,-0.1273258240579786,0.8029435722791958,0.6406561069657699,0.04171911721376181,2.4088635049414515,0.0,0.0,0.0,0.0,0.0,0.0,9.230482713068042,9.209999467793631,9.230487963133653,9.230497195619316,0.0,0.0,0.0,0.0,0.0,0.0
4.691334456104648,-178.61558472656674,4.310338790632354,-24.989441820598053,-19.15977983866185,-0.9297738159031905,-1.1071983317252947,-0.24101192010380698,0.5341785977711472,-0.13396620991639296,0.799136743399879,0.6038466388022499,0.02316616244640969,2.418832864574675,0.0,0.0,0.0,0.0,0.0,0.0,9.230482995454825,9.210669662048353,9.230490270695169,9.230497108968677,0.0,0.0,0.0,0.0,0.0,0.0
4.707866602280031,-178.92771017507047,4.2952000095617695,-25.00709405818446,-18.60029849814195,-0.9008499360942979,-1.027809648714286,-0.2595427005934564,0.5301212553225804,-0.1407938603081639,0.7948497531756504,0.5687210416459058,0.004853934729253894,2.4284772918131545,0.0,0.0,0.0,0.0,0.0,0.0,9.230483300266929,9.21133845671541,9.230491970425902,9.230496997955884,0.0,0.0,0.0,0.0,0.0,0.0
4.724398748455415,-179.23059875575257,4.280578786490629,-25.0234095963213,-18.042331940568555,-0.8672142034330513,-0.9455156548168548,-0.2778963642528212,0.5260204758882205,-0.14778948264623828,0.7900850197925225,0.5352747637590083,-0.013183963181778174,2.437797148890512,0.0,0.0,0.0,0.0,0.0,0.0,9.230483623985206,9.212001630435203,9.230493253024472,9.230496859201452,0.0,0.0,0.0,0.0,0.0,0.0
4.740930894630798,-179.52427525588192,4.266550493132497,-25.03834172440358,-17.485847719051705,-0.829166808318082,-0.8604765444820659,-0.29607159586528087,0.5218763072702922,-0.15493392134665768,0.7848453414831847,0.5034943674046211,-0.030920290171295092,2.4467949434256706,0.0,0.0,0.0,0.0,0.0,0.0,9.23048396272758,9.2126539478714,9.230494240972927,9.230496688318654,0.0,0.0,0.0,0.0,0.0,0.0
4.757463040806182,-179.8087638562502,4.253185800198002,-25.051846397365836,-16.930805296640596,-0.7869763843350583,-0.7728542526468842,-0.3140668632546152,0.5176880271201996,-0.16220825150558918,0.7791338749697011,0.4733560764750904,-0.04833636504410819,2.455475787975609,0.0,0.0,0.0,0.0,0.0,0.0,9.230484312460089,9.213292822418225,9.230495015518905,9.230496479610935,0.0,0.0,0.0,0.0,0.0,0.0
4.7739951869815656,-180.08408801570786,4.2405511927957145,-25.0638822479983,-16.377158227676812,-0.7408808106074195,-0.682810488947061,-0.3318803977711048,0.5134542423034921,-0.16959385559394993,0.7729541168663367,0.4448306755655734,-0.06541775559118278,2.4638460915048417,0.0,0.0,0.0,0.0,0.0,0.0,9.230484669179557,9.213929949612542,9.230495632086184,9.230496225653358,0.0,0.0,0.0,0.0,0.0,0.0
4.790527333156949,-180.35027038895814,4.228709470833192,-25.07441056703788,-15.824856013611528,-0.6910882179276909,-0.5905047752043036,-0.34951019494577984,0.5091728613401387,-0.17707242208777185,0.7663099752969608,0.41790836282005067,-0.08212914056474659,2.4719066014302356,0.0,0.0,0.0,0.0,0.0,0.0,9.230485029060691,9.214606124254823,9.230496129419317,9.230495916703424,0.0,0.0,0.0,0.0,0.0,0.0
4.807059479332333,-180.60733277289873,4.21772023129658,-25.083395248618675,-15.273845737822658,-0.6377781810873501,-0.496092137458932,-0.3669540481188936,0.5048407279130932,-0.18462578190190093,0.7592060897190213,0.39264844474545574,-0.0983621438692636,2.4796382450834176,0.0,0.0,0.0,0.0,0.0,0.0,9.23048538859379,9.215378583514159,9.230496535194284,9.230495539856445,0.0,0.0,0.0,0.0,0.0,0.0
4.823591625507716,-180.85529608331993,4.207640328341017,-25.090802692500237,-14.724074140744245,-0.5811032426563583,-0.39972010352709825,-0.38420959569224866,0.5004528858164452,-0.19223562598558458,0.7516484282947191,0.36920558339243015,-0.11390427215951496,2.486994127707132,0.0,0.0,0.0,0.0,0.0,0.0,9.230485744774612,9.216226719699177,9.230496869563684,9.23049507781074,0.0,0.0,0.0,0.0,0.0,0.0
4.8401237716831,-181.09418038009605,4.198524302790096,-25.09660165446795,-14.175491351187807,-0.5211911188709848,-0.30152556021159327,-0.40127429004194615,0.49600230895951974,-0.19988353843699658,0.7436445553623473,0.3476921682925412,-0.1285746713346506,2.493937377666607,0.0,0.0,0.0,0.0,0.0,0.0,9.230486095380224,9.216867595794684,9.230497147456594,9.230494507024504,0.0,0.0,0.0,0.0,0.0,0.0
4.856655917858483,-181.32400497284019,4.190424768217968,-25.100763061518883,-13.628056589725764,-0.4581476393167321,-0.20163428124417593,-0.41814515405478403,0.49148232752717147,-0.20755220677241562,0.7352018997070638,0.3277260025127737,-0.14269158814393268,2.500568695399326,0.0,0.0,0.0,0.0,0.0,0.0,9.230486439171129,9.216508783301425,9.2304973801068,9.230493794908734,0.0,0.0,0.0,0.0,0.0,0.0
4.873188064033867,-181.54478862687978,4.183392750443517,-25.103259883977724,-13.081743964593551,-0.3920589511088649,-0.10016970154216155,-0.4348182629404402,0.48689526472996614,-0.2152287533107768,0.7263213222433189,0.3075651461797126,-0.15799185311221786,2.507374081672981,0.0,0.0,0.0,0.0,0.0,0.0,9.230486775415121,9.212856993645781,9.230497576091606,9.230492895484947,0.0,0.0,0.0,0.0,0.0,0.0
4.8897202102092505,-181.7565499193745,4.1774780180786655,-25.104067357144775,-12.53655326760101,-0.3229888293651201,0.002709980553736999,-0.45128775613591604,0.48227731262506224,-0.22291286601962557,0.7169782486602188,0.28155854161233196,-0.18033747190519792,2.5159546071289296,0.0,0.0,0.0,0.0,0.0,0.0,9.2304871009886,9.191651542889295,9.230497742060146,9.230491742813394,0.0,0.0,0.0,0.0,0.0,0.0
4.906252356384634,-181.95930881765855,4.17272948675403,-25.103164963559824,-11.992636476625725,-0.25096289685302536,0.1066117785854628,-0.46754095339496315,0.4778318742175055,-0.23065858495317842,0.7070210563114173,0.2196051482584991,-0.24110732248737596,2.5348454242576537,0.0,0.0,0.0,0.0,0.0,0.0,9.230487399539925,9.207118842469065,9.230497883223203,9.230490241022444,0.0,0.0,0.0,0.0,0.0,0.0
4.922784502560018,-182.15308013647157,4.16919767887304,-25.100537884760797,-11.449235861649647,-0.17576627357733657,0.21127617878237417,-0.4835771154379721,0.47360852663155284,-0.23845512356887466,0.6964102892478921,0.18621619288096175,-0.276107998906466,2.546214621169183,0.0,0.0,0.0,0.0,0.0,0.0,9.230487629380317,9.227950793331836,9.230498003612865,9.230488243484116,0.0,0.0,0.0,0.0,0.0,0.0
4.939316648735401,-182.33787065135385,4.166936278617922,-25.096176114297492,-10.906169709363459,-0.09726296854244527,0.31645617275838667,-0.4994072770197307,0.4693166182152143,-0.24618742673828498,0.6853656209956511,0.1898724331167507,-0.2749968729394924,2.5474534742621007,0.0,0.0,0.0,0.0,0.0,0.0,9.230487738306199,9.229829664193456,9.230498106416105,9.230485516755296,0.0,0.0,0.0,0.0,0.0,0.0
4.955848794910785,-182.51368856355208,4.165999779811705,-25.090071910449815,-10.363779118686455,-0.015490805086398595,0.42209823452877315,-0.5150312827861356,0.46477367483276677,-0.2537937066158551,0.6740303876060029,0.1967371280709799,-0.2704293320006822,2.547777417130642,0.0,0.0,0.0,0.0,0.0,0.0,9.230487679073532,9.230230284501262,9.230498194236255,9.230481677873978,0.0,0.0,0.0,0.0,0.0,0.0
4.972380941086168,-182.68054607889,4.166441802879832,-25.082216216003626,-9.822190772453629,0.06949503985555695,0.5283776254131631,-0.5304410727424101,0.4599621817686475,-0.26126799942604895,0.6624244048692779,0.2041500359086564,-0.26494125581023587,2.5479047674304196,0.0,0.0,0.0,0.0,0.0,0.0,9.230487405381373,9.230363204622485,9.230498269208917,9.230476067583806,0.0,0.0,0.0,0.0,0.0,0.0
4.988913087261552,-182.83845737633405,4.168314891113751,-25.072596894690506,-9.28151518447246,0.15762060445872783,0.6354882244904462,-0.5456279795433764,0.4548790176287222,-0.2686091081158666,0.6505569416259734,0.21161817450800957,-0.2589900130722411,2.5479649282939283,0.0,0.0,0.0,0.0,0.0,0.0,9.230486859831172,9.23041982730238,9.230498333106844,9.230467480355546,0.0,0.0,0.0,0.0,0.0,0.0
5.0054452334369355,-182.9874384155403,4.171670220509117,-25.061198593158995,-8.741856888716413,0.24879472683065607,0.7436245412722612,-0.5605832441500515,0.4495241426891283,-0.2758168767473764,0.6384352136428024,0.21899110496216173,-0.2527044194044871,2.54799367785602,0.0,0.0,0.0,0.0,0.0,0.0,9.230485957785367,9.230448112010874,9.23049838743126,9.230453541444644,0.0,0.0,0.0,0.0,0.0,0.0
5.021977379612319,-183.12750684120522,4.176557323906408,-25.04800276967392,-8.203315021278728,0.34290992732092856,0.85297741725896,-0.5752980887568572,0.44389867025670066,-0.2828915816949455,0.6260658372912327,0.2262010922095647,-0.24612804080554898,2.5480023616476544,0.0,0.0,0.0,0.0,0.0,0.0,9.230484561732178,9.230463881292573,9.23049843348486,9.230429102911744,0.0,0.0,0.0,0.0,0.0,0.0
5.038509525787703,-183.25868189017734,4.18302382681776,-25.032987772773655,-7.665982927647765,0.4398430470056289,0.9637319575852722,-0.5897637010548256,0.43800436040008517,-0.28983381669666153,0.6134552272885713,0.23320014641027423,-0.23926912164859038,2.547992196017286,0.0,0.0,0.0,0.0,0.0,0.0,9.230482432381047,9.230473402562538,9.230498472431677,9.23038147378002,0.0,0.0,0.0,0.0,0.0,0.0
5.055041671963086,-183.38098429150446,4.191115192583796,-25.016128949291502,-7.129947657716105,0.5394557502818029,1.07606595910608,-0.6039711383237301,0.4318434632689267,-0.2966445685910358,0.6006097628487863,0.23992919642632182,-0.23210383117264616,2.5479552959111493,0.0,0.0,0.0,0.0,0.0,0.0,9.230479120963688,9.23047950473251,9.230498505347699,9.23027305421315,0.0,0.0,0.0,0.0,0.0,0.0
5.07157381813847,-183.49443615917272,4.2008744738828785,-24.9973987788945,-6.595289545287727,0.6415947546451968,1.1901482103019188,-0.6179110212763907,0.4254187102070767,-0.303325584153088,0.5875359399978038,0.24626722059001954,-0.2245393629053289,2.547864336949559,0.0,0.0,0.0,0.0,0.0,0.0,9.230473695088476,9.23048359591825,9.230498533264441,9.229954834442463,0.0,0.0,0.0,0.0,0.0,0.0
5.088105964313853,-183.59906088466494,4.212342060901323,-24.97676704617615,-6.062082471507734,0.7460910153716265,1.3061354661991276,-0.631572360755608,0.4187335314601462,-0.30988083016399554,0.5742407629708781,0.25182930443663504,-0.21622514780338517,2.5476193094891526,0.0,0.0,0.0,0.0,0.0,0.0,9.230463894205018,9.23048643195185,9.230498557205129,9.228388159526986,0.0,0.0,0.0,0.0,0.0,0.0
5.104638110489237,-183.6948831082429,4.225555371520534,-24.954201135629418,-5.530402156569903,0.8527521756872396,1.4241593234786338,-0.64493501797264,0.41179370005550486,-0.31632589029142666,0.5607340745117634,0.25437690739773344,-0.2050236334686713,2.5466159008815374,0.0,0.0,0.0,0.0,0.0,0.0,9.230442563225228,9.23048844471843,9.23049857819353,9.176385430317632,0.0,0.0,0.0,0.0,0.0,0.0
5.1211702566646204,-183.781933982431,4.240546620045621,-24.92967013302003,-5.00091067831304,0.961071827392655,1.543815771199608,-0.6576500467733705,0.4046798877875381,-0.3230857778595855,0.547125382836618,0.16409473945386302,-0.10391167680696738,2.520336109853335,0.0,0.0,0.0,0.0,0.0,0.0,9.230369692025068,9.230489890903552,9.230498597006724,9.226380561168412,0.0,0.0,0.0,0.0,0.0,0.0
5.137702402840004,-183.86023443926476,4.257339308902231,-24.903144307618742,-4.471756304013599,1.07058305855577,1.66542508066247,-0.6697030111305179,0.3974256002769647,-0.33017785073974076,0.5334166814115371,0.15993663214754775,-0.09175543119946124,2.5184006697396657,0.0,0.0,0.0,0.0,0.0,0.0,8.113437607121108,9.230490905099307,9.230498613008614,9.229197280439008,0.0,0.0,0.0,0.0,0.0,0.0
5.154234549015388,-183.9299293884653,4.275906537671648,-24.87465597859992,-3.960202910727643,1.173916234952035,1.7825405514380546,-0.6829860496851986,0.37946218644772334,-0.33931346897764925,0.5238366871097084,2.0862510033812014,1.9067325821611256,3.060930947509458,0.0,0.0,0.0,0.0,0.0,0.0,8.676405543198484,9.230491359240313,9.230498623240836,8.513857001067977,0.0,0.0,0.0,0.0,0.0,0.0
5.170766695190771,-183.99121526413316,4.2960330333333125,-24.844138839937575,-3.454328990366882,1.2555110666832086,1.9114697653112873,-0.6929380879585344,0.3468117950226096,-0.3576245402342419,0.5212130786077925,1.694554729531875,4.201305762067723,2.981896942521854,0.0,0.0,0.0,0.0,0.0,0.0,9.230437019965162,9.230490395273833,9.23049862267479,5.336482148840277,0.0,0.0,0.0,0.0,0.0,0.0
5.187298841366155,-184.04442596736718,4.317133892900391,-24.81162945140281,-2.979902990658761,1.2867316255392005,2.017012132407825,-0.6727097500427963,0.31774148197150126,-0.4141741162880565,0.5243679473698979,-5.300373144896134,10.999871475467785,1.0885059097810401,0.0,0.0,0.0,0.0,0.0,0.0,9.230477614465773,9.230485509075121,9.23049859708278,9.191969383049145,0.0,0.0,0.0,0.0,0.0,0.0
5.203830987541538,-184.08911835178873,4.3381140988298,-24.777535839471124,-2.4226622957064614,1.235983087487714,2.0945714693328092,-0.6221566153326193,0.2948001533269894,-0.4993116459009718,0.5260246152642528,-5.5052934583051965,10.999974563285464,1.0697880469022334,0.0,0.0,0.0,0.0,0.0,0.0,9.230486075776568,9.23045772778614,9.230498518087725,9.19122644990996,0.0,0.0,0.0,0.0,0.0,0.0
5.220363133716922,-184.12445153098682,4.357505070840579,-24.742836369442056,-1.8513091526851881,1.0954739286990327,2.088393589722981,-0.5645496159289877,0.26991812011132615,-0.5800915183445298,0.52146118737135,-5.709175375576683,10.999990105445358,1.050718296243723,0.0,0.0,0.0,0.0,0.0,0.0,9.230485069800721,7.789304109946246,9.23049835755094,7.732239575811963,0.0,0.0,0.0,0.0,0.0,0.0
5.236895279892305,-184.1507364858356,4.374030133810739,-24.70908159031018,-1.3308874546937406,0.8933149998805405,1.976651597018488,-0.4944417811664354,0.25440203434732295,-0.6659120358629793,0.4973611267979521,-10.99552857075318,10.999994638175652,1.0229777213993356,0.0,0.0,0.0,0.0,0.0,0.0,9.155431949532078,9.230464875923477,9.230498010781986,9.229976937045523,0.0,0.0,0.0,0.0,0.0,0.0
5.253427426067689,-184.1682431414946,4.386604281914662,-24.67822757830978,-0.7941306561557757,0.6211257047458493,1.731878667566521,-0.41116572450996114,0.24629112185885407,-0.75249200033592,0.45170700648999446,-10.997407329680293,10.999995001146356,1.0592405572975352,0.0,0.0,0.0,0.0,0.0,0.0,5.405315841693525,5.612828503518034,9.230494191425878,9.23049422274594,0.0,0.0,0.0,0.0,0.0,0.0
5.2699595722430725,-184.17813290524933,4.394894214737615,-24.65226437058272,-0.4122247499520477,0.37949722756468424,1.3909212458266562,-0.3273958393079291,0.22205197167438542,-0.8300892768914053,0.39300976917791547,-10.999987694602359,10.999997089509222,4.678246031080963,0.0,0.0,0.0,0.0,0.0,0.0,6.630623274964987,7.054518188704931,9.229546067449862,9.230493168059905,0.0,0.0,0.0,0.0,0.0,0.0
5.286491718418456,-184.182020509335,4.39894918102797,-24.633004062293185,-0.07240526453527049,0.1129405467839535,0.9216484180674184,-0.2475564108807791,0.17371861613550565,-0.8982208804812936,0.3189622480909009,-10.99999242170188,10.999997910745897,6.999990382156522,0.0,0.0,0.0,0.0,0.0,0.0,1.84917642307511e-05,0.5081916008625098,0.2540968993278997,0.25409738373009594,0.0,0.0,0.0,0.0,0.0,0.0
5.30302386459384,-184.18314878082458,4.400751590910527,-24.61920888032455,-0.06460803012657161,0.10532208934606135,0.746797764182888,-0.166349121219415,0.11372224457621366,-0.9506653479952125,0.2358614361849298,-10.999991366032862,10.999997733991522,6.999982694918243,0.0,0.0,0.0,0.0,0.0,0.0,0.9398330729835851,1.4070613163378045,8.123893284682394e-06,8.48018696592876e-06,0.0,0.0,0.0,0.0,0.0,0.0
5.319556010769223,-184.1841189230094,4.4023735286402355,-24.608483311329625,-0.05401105384796553,0.09171137515911947,0.5500385219037783,-0.08097091984320383,0.05605864668248587,-0.9839716188782192,0.14866402225841507,-10.998252223824377,10.999997362489205,5.858837794878048,0.0,0.0,0.0,0.0,0.0,0.0,9.089209706254314,9.23049475555102,1.7601525310048592e-06,6.271195758159727,0.0,0.0,0.0,0.0,0.0,0.0
5.336088156944607,-184.18458012276798,4.403070161949591,-24.60395699923815,-0.008322963414595035,-0.0021549887296963624,-0.004677553133046635,-0.03761740328759704,0.0291407227165642,-0.9934723629310785,0.10367455493800708,-0.00011445834059908027,0.00019495077438200388,0.00037667767364526073,0.0,0.0,0.0,0.0,0.0,0.0,9.089209706254314,9.23049475555102,1.7601525310048592e-06,6.271195758159727,0.0,0.0,0.0,0.0,0.0,0.0
