t,p_x,p_y,p_z,q_w,q_x,q_y,q_z,v_x,v_y,v_z,w_x,w_y,w_z,a_lin_x,a_lin_y,a_lin_z,a_rot_x,a_rot_y,a_rot_z,u_1,u_2,u_3,u_4,jerk_x,jerk_y,jerk_z,snap_x,snap_y,snap_z
0,0,0,-0.02,-0,0,-0.99294,0.11859,0,0,0,0,0,0,0,0,0,0,0,0,2.3019,2.6014,2.6017,2.3016,0,0,0,-606.04,-147.52,106.09
0.01,-2.5006e-07,-6.0593e-08,-0.02,0.0015519,0.00018425,-0.99294,0.11859,-9.9777e-05,-2.415e-05,1.7424e-05,0.0009778,0.61954,8.5297e-07,-0.029811,-0.0072016,0.0052016,0,0,0,2.3103,2.5956,2.5944,2.3116,-5.9133,-1.423,1.0301,-576.71,-137.13,99.962
0.02,-3.9618e-06,-9.5563e-07,-0.019999,0.0060953,0.0007128,-0.99292,0.11859,-0.00078846,-0.00018975,0.00013736,0.005128,1.204,1.3329e-05,-0.1173,-0.028119,0.020401,0,0,0,2.3222,2.5916,2.589,2.3249,-11.536,-2.7435,1.9997,-548.01,-127.02,93.982
0.03,-1.986e-05,-4.7684e-06,-0.019997,0.013448,0.001568,-0.99302,0.11714,-0.0026284,-0.00062887,0.00045677,0.0072211,1.7503,6.5751e-05,-0.25959,-0.06174,0.044999,0,0,0,2.3381,2.5894,2.5862,2.3415,-16.876,-3.9644,2.9102,-519.93,-117.2,88.142
0.04,-6.2151e-05,-1.4853e-05,-0.019989,0.023413,0.0027028,-0.99292,0.11647,-0.0061536,-0.0014636,0.0010667,0.012701,2.2551,0.00020197,-0.45388,-0.10708,0.078413,0,0,0,2.3579,2.5898,2.5858,2.3625,-21.937,-5.0885,3.763,-492.47,-107.66,82.443
0.05,-0.00015024,-3.5736e-05,-0.019974,0.035775,0.0040875,-0.99262,0.11576,-0.01187,-0.0028064,0.0020525,0.019604,2.7147,0.00047786,-0.69743,-0.1632,0.12007,0,0,0,2.3825,2.5931,2.5885,2.3884,-26.727,-6.1185,4.5595,-465.61,-98.389,76.882
0.06,-0.00030846,-7.302e-05,-0.019947,0.050295,0.0056858,-0.99207,0.11503,-0.020257,-0.0047604,0.0034938,0.027834,3.1251,0.00095724,-0.98754,-0.22915,0.16942,0,0,0,2.4127,2.6,2.5949,2.4198,-31.251,-7.0572,5.3011,-439.36,-89.395,71.458
0.07,-0.0005658,-0.00013329,-0.019902,0.066712,0.0074595,-0.99118,0.11426,-0.031767,-0.0074192,0.0054647,0.037276,3.4823,0.0017071,-1.3216,-0.30404,0.22592,0,0,0,2.4491,2.6112,2.6058,2.4576,-35.516,-7.9073,5.9892,-413.71,-80.67,66.171
0.08,-0.00095564,-0.00022404,-0.019835,0.084746,0.0093688,-0.98988,0.11345,-0.046827,-0.010868,0.0080342,0.047791,3.7825,0.0027924,-1.697,-0.38701,0.28903,0,0,0,2.4925,2.6277,2.6223,2.5022,-39.527,-8.6715,6.625,-388.65,-72.214,61.018
0.09,-0.0015155,-0.00035355,-0.019739,0.10409,0.011373,-0.98811,0.11259,-0.065837,-0.015184,0.011266,0.059221,4.0232,0.0042711,-2.1113,-0.4772,0.35825,0,0,0,2.5431,2.6504,2.6451,2.5541,-43.291,-9.3524,7.21,-364.19,-64.021,55.998
0.1,-0.0022868,-0.00053083,-0.019608,0.12445,0.01343,-0.98583,0.11169,-0.089175,-0.020433,0.015218,0.071394,4.203,0.0061893,-2.562,-0.57379,0.43306,0,0,0,2.6015,2.6803,2.6755,2.6136,-46.813,-9.9528,7.7454,-340.3,-56.09,51.111
0.11,-0.0033146,-0.00076553,-0.019432,0.14549,0.015501,-0.98302,0.11075,-0.11719,-0.026678,0.019944,0.084125,4.3223,0.0085773,-3.0468,-0.67599,0.51299,0,0,0,2.6676,2.7185,2.7142,2.6808,-50.099,-10.475,8.2326,-316.99,-48.416,46.354
0.12,-0.0046473,-0.0010679,-0.019206,0.16691,0.017546,-0.97969,0.10977,-0.15022,-0.033969,0.025493,0.097229,4.3833,0.011448,-3.5632,-0.78304,0.59756,0,0,0,2.7415,2.7659,2.7623,2.7556,-53.155,-10.922,8.6729,-294.25,-40.999,41.726
0.13,-0.0063366,-0.0014486,-0.01892,0.18843,0.01953,-0.97585,0.10875,-0.18855,-0.042352,0.031909,0.11053,4.3902,0.014796,-4.1091,-0.89419,0.6863,0,0,0,2.823,2.8231,2.8203,2.8379,-55.986,-11.296,9.0676,-272.08,-33.833,37.227
0.14,-0.0084371,-0.0019187,-0.018565,0.20977,0.021422,-0.97156,0.10772,-0.23249,-0.051864,0.039232,0.12385,4.3484,0.018599,-4.6822,-1.0087,0.77876,0,0,0,2.9119,2.8905,2.8886,2.9275,-58.598,-11.599,9.4179,-250.47,-26.917,32.854
0.15,-0.011006,-0.0024897,-0.018132,0.23072,0.023195,-0.96688,0.10668,-0.28228,-0.062536,0.047495,0.13707,4.2649,0.022822,-5.2804,-1.126,0.87451,0,0,0,3.0081,2.9685,2.9674,3.0242,-60.997,-11.835,9.7251,-229.41,-20.247,28.606
0.16,-0.014103,-0.0031733,-0.017612,0.25108,0.024827,-0.96186,0.10564,-0.33817,-0.07439,0.056731,0.15004,4.1469,0.027417,-5.9015,-1.2452,0.97313,0,0,0,3.1112,3.0569,3.0566,3.1276,-63.188,-12.005,9.9904,-208.91,-13.82,24.483
0.17,-0.017791,-0.0039815,-0.016994,0.2707,0.026302,-0.9566,0.10461,-0.40038,-0.087445,0.066966,0.16269,4.0018,0.032334,-6.5435,-1.3658,1.0742,0,0,0,3.2211,3.1554,3.156,3.2376,-65.177,-12.112,10.215,-188.94,-7.6332,20.482
0.18,-0.022132,-0.0049263,-0.016269,0.28949,0.027607,-0.95116,0.10361,-0.46911,-0.10171,0.078222,0.17495,3.8369,0.037517,-7.2044,-1.4872,1.1773,0,0,0,3.3374,3.2635,3.2649,3.354,-66.969,-12.159,10.4,-169.52,-1.6839,16.603
0.19,-0.027195,-0.0060198,-0.015426,0.30735,0.028735,-0.94561,0.10264,-0.54453,-0.11719,0.090517,0.18676,3.6585,0.042913,-7.8822,-1.6088,1.2821,0,0,0,3.4598,3.3806,3.3827,3.4763,-68.569,-12.147,10.548,-150.62,4.0312,12.843
0.2,-0.033046,-0.0072741,-0.014455,0.32426,0.02968,-0.94002,0.10172,-0.6268,-0.13388,0.10387,0.19812,3.4725,0.048473,-8.5752,-1.73,1.3881,0,0,0,3.5881,3.506,3.5088,3.6044,-69.983,-12.079,10.658,-132.26,9.5151,9.2026
0.21,-0.039754,-0.0087015,-0.013345,0.34019,0.030443,-0.93444,0.10086,-0.71607,-0.15179,0.11828,0.20901,3.2835,0.05415,-9.2813,-1.8502,1.4951,0,0,0,3.7218,3.6389,3.6423,3.7379,-71.216,-11.957,10.732,-114.42,14.771,5.6793
0.22,-0.047391,-0.010314,-0.012086,0.35515,0.031024,-0.92892,0.10006,-0.81247,-0.17088,0.13377,0.21945,3.0952,0.059907,-9.9989,-1.969,1.6027,0,0,0,3.8606,3.7785,3.7823,3.8764,-72.273,-11.784,10.772,-97.087,19.801,2.272
0.23,-0.056028,-0.012123,-0.010666,0.36918,0.031426,-0.9235,0.099322,-0.91608,-0.19116,0.15034,0.22945,2.9107,0.065711,-10.726,-2.0857,1.7104,0,0,0,4.0041,3.9239,3.9282,4.0196,-73.16,-11.562,10.778,-80.269,24.609,-1.0206
0.24,-0.065737,-0.014141,-0.0090755,0.38229,0.031651,-0.91822,0.098662,-1.027,-0.21259,0.16798,0.23904,2.7322,0.071537,-11.462,-2.2,1.8181,0,0,0,4.1518,4.0745,4.0791,4.167,-73.88,-11.293,10.752,-63.956,29.198,-4.1998
0.25,-0.076593,-0.016379,-0.007303,0.39453,0.031705,-0.91308,0.098079,-1.1453,-0.23515,0.1867,0.24826,2.561,0.077364,-12.203,-2.3114,1.9254,0,0,0,4.3033,4.2294,4.2343,4.3181,-74.441,-10.979,10.694,-48.143,33.571,-7.2669
0.26,-0.088669,-0.018848,-0.005338,0.40596,0.031592,-0.90812,0.097578,-1.2711,-0.25881,0.20648,0.25712,2.3981,0.083177,-12.95,-2.4195,2.0319,0,0,0,4.458,4.3879,4.3932,4.4725,-74.845,-10.622,10.607,-32.823,37.731,-10.223
0.27,-0.10204,-0.021558,-0.0031698,0.41661,0.031318,-0.90334,0.09716,-1.4043,-0.28353,0.22733,0.26567,2.2442,0.088967,-13.7,-2.5237,2.1374,0,0,0,4.6156,4.5494,4.5549,4.6297,-75.099,-10.225,10.49,-17.992,41.68,-13.07
0.28,-0.11678,-0.024522,-0.00078786,0.42654,0.030886,-0.89874,0.096829,-1.5451,-0.30927,0.24923,0.27394,2.0994,0.094725,-14.451,-2.6238,2.2416,0,0,0,4.7754,4.7133,4.719,4.7892,-75.206,-9.789,10.346,-3.643,45.422,-15.809
0.29,-0.13297,-0.027747,0.0018182,0.4358,0.030301,-0.89433,0.096584,-1.6934,-0.33599,0.27216,0.28196,1.9637,0.10045,-15.203,-2.7194,2.3442,0,0,0,4.937,4.879,4.8849,4.9506,-75.173,-9.317,10.174,10.229,48.96,-18.441
0.3,-0.15067,-0.031244,0.0046587,0.44444,0.029568,-0.89011,0.096428,-1.8492,-0.36364,0.29611,0.28977,1.8368,0.10614,-15.954,-2.8101,2.445,0,0,0,5.1,5.0459,5.0519,5.1133,-75.003,-8.8105,9.9772,23.629,52.297,-20.968
0.31,-0.16997,-0.035023,0.0077437,0.4525,0.028691,-0.88608,0.096362,-2.0124,-0.39217,0.32105,0.29739,1.7185,0.1118,-16.703,-2.8955,2.5437,0,0,0,5.2638,5.2135,5.2196,5.2769,-74.702,-8.2717,9.7553,36.563,55.435,-23.391
0.32,-0.19095,-0.039091,0.011083,0.46003,0.027673,-0.88222,0.096387,-2.1832,-0.42153,0.34697,0.30484,1.6084,0.11742,-17.448,-2.9754,2.64,0,0,0,5.4281,5.3813,5.3876,5.4409,-74.274,-7.7025,9.5097,49.036,58.379,-25.711
0.33,-0.21366,-0.043456,0.014686,0.46706,0.026517,-0.87854,0.096502,-2.3614,-0.45166,0.37384,0.31217,1.5058,0.12302,-18.188,-3.0495,2.7338,0,0,0,5.5924,5.549,5.5553,5.605,-73.723,-7.1047,9.2414,61.055,61.13,-27.929
0.34,-0.2382,-0.048126,0.018563,0.47363,0.025226,-0.87503,0.096709,-2.5469,-0.4825,0.40164,0.31938,1.4105,0.1286,-18.922,-3.1174,2.8248,0,0,0,5.7562,5.716,5.7224,5.7687,-73.054,-6.4805,8.9514,72.624,63.692,-30.048
0.35,-0.26463,-0.053108,0.022722,0.47979,0.023802,-0.87168,0.097009,-2.7398,-0.51399,0.43033,0.3265,1.3218,0.13417,-19.649,-3.179,2.9128,0,0,0,5.9192,5.8819,5.8885,5.9316,-72.272,-5.8315,8.6408,83.749,66.068,-32.068
0.36,-0.29302,-0.058408,0.027172,0.48555,0.022247,-0.86848,0.0974,-2.9399,-0.54606,0.45988,0.33355,1.2394,0.13972,-20.367,-3.234,2.9975,0,0,0,6.081,6.0465,6.0531,6.0933,-71.381,-5.1597,8.3104,94.436,68.26,-33.99
0.37,-0.32345,-0.064031,0.031922,0.49096,0.020563,-0.86542,0.097885,-3.1471,-0.57865,0.49027,0.34055,1.1627,0.14527,-21.076,-3.2821,3.0789,0,0,0,6.2413,6.2093,6.216,6.2535,-70.385,-4.4669,7.9613,104.69,70.273,-35.816
0.38,-0.35599,-0.069982,0.03698,0.49603,0.018751,-0.8625,0.098463,-3.3614,-0.61168,0.52145,0.34752,1.0913,0.15083,-21.774,-3.3232,3.1567,0,0,0,6.3996,6.37,6.3768,6.4118,-69.288,-3.7549,7.5944,114.52,72.108,-37.547
0.39,-0.3907,-0.076266,0.042354,0.50079,0.016813,-0.85971,0.099135,-3.5826,-0.64509,0.55339,0.35446,1.0247,0.1564,-22.461,-3.3572,3.2307,0,0,0,6.5557,6.5283,6.5351,6.5679,-68.096,-3.0254,7.2107,123.92,73.769,-39.185
0.4,-0.42766,-0.082885,0.048051,0.50526,0.014748,-0.85704,0.099901,-3.8106,-0.6788,0.58605,0.36139,0.9626,0.162,-23.136,-3.3837,3.3009,0,0,0,6.7093,6.6839,6.6908,6.7214,-66.811,-2.2801,6.811,132.91,75.259,-40.731
0.41,-0.46693,-0.089843,0.054077,0.50947,0.012559,-0.85448,0.10076,-4.0452,-0.71274,0.61939,0.36833,0.90459,0.16761,-23.797,-3.4027,3.3669,0,0,0,6.8601,6.8365,6.8435,6.8722,-65.439,-1.5207,6.3963,141.49,76.581,-42.186
0.42,-0.50859,-0.09714,0.060441,0.51342,0.010244,-0.85202,0.10172,-4.2865,-0.74683,0.65337,0.37529,0.85034,0.17327,-24.445,-3.4141,3.4287,0,0,0,7.0077,6.9859,6.993,7.02,-63.983,-0.74901,5.9676,149.66,77.737,-43.552
0.43,-0.55268,-0.10478,0.067147,0.51715,0.0078047,-0.84967,0.10276,-4.5341,-0.78099,0.68795,0.38227,0.79951,0.17896,-25.077,-3.4177,3.4862,0,0,0,7.1521,7.1318,7.1389,7.1643,-62.447,0.033464,5.5256,157.44,78.731,-44.829
0.44,-0.59929,-0.11276,0.074201,0.52065,0.0052407,-0.8474,0.10391,-4.7879,-0.81515,0.72308,0.38929,0.75181,0.18471,-25.693,-3.4134,3.5392,0,0,0,7.2928,7.274,7.2812,7.3052,-60.835,0.82509,5.0713,164.82,79.567,-46.02
0.45,-0.64846,-0.12108,0.08161,0.52396,0.0025519,-0.84523,0.10515,-5.0479,-0.84923,0.75872,0.39636,0.70698,0.19052,-26.293,-3.4011,3.5876,0,0,0,7.4297,7.4122,7.4195,7.4422,-59.152,1.6243,4.6055,171.81,80.246,-47.125
0.46,-0.70027,-0.12974,0.089377,0.52706,-0.00026198,-0.84313,0.10649,-5.3138,-0.88315,0.79482,0.40348,0.66476,0.19638,-26.876,-3.3809,3.6313,0,0,0,7.5626,7.5463,7.5538,7.5752,-57.4,2.4295,4.1291,178.42,80.772,-48.146
0.47,-0.75476,-0.13874,0.097508,0.52999,-0.0032012,-0.8411,0.10792,-5.5854,-0.91682,0.83133,0.41065,0.62491,0.20233,-27.441,-3.3525,3.6701,0,0,0,7.6912,7.6761,7.6837,7.704,-55.585,3.2392,3.6428,184.65,81.148,-49.084
0.48,-0.81199,-0.14808,0.10601,0.53275,-0.0062662,-0.83914,0.10945,-5.8625,-0.95017,0.86821,0.4179,0.58723,0.20835,-27.988,-3.3161,3.7041,0,0,0,7.8155,7.8014,7.8091,7.8284,-53.709,4.052,3.1476,190.51,81.376,-49.941
0.49,-0.87203,-0.15775,0.11487,0.53534,-0.0094574,-0.83725,0.11107,-6.145,-0.98312,0.9054,0.42522,0.55151,0.21446,-28.515,-3.2715,3.7331,0,0,0,7.9351,7.922,7.9298,7.9483,-51.776,4.8663,2.6443,196.01,81.461,-50.718
0.5,-0.93491,-0.16774,0.12411,0.53778,-0.012776,-0.83541,0.11279,-6.4327,-1.0156,0.94285,0.43262,0.51758,0.22067,-29.023,-3.2187,3.757,0,0,0,8.0501,8.0379,8.0458,8.0634,-49.79,5.6807,2.1336,201.14,81.404,-51.415
0.51,-1.0007,-0.17806,0.13373,0.54007,-0.016221,-0.83363,0.11461,-6.7254,-1.0475,0.98052,0.4401,0.48526,0.22698,-29.511,-3.1579,3.7757,0,0,0,8.1601,8.1487,8.1568,8.1737,-47.754,6.4939,1.6162,205.92,81.209,-52.036
0.52,-1.0694,-0.18869,0.14372,0.54221,-0.019794,-0.83189,0.11652,-7.0229,-1.0787,1.0183,0.44766,0.45441,0.23341,-29.978,-3.0889,3.7893,0,0,0,8.2652,8.2545,8.2627,8.279,-45.672,7.3044,1.0931,210.35,80.879,-52.58
0.53,-1.1412,-0.19963,0.1541,0.54422,-0.023496,-0.83019,0.11853,-7.3249,-1.1092,1.0563,0.45532,0.42488,0.23995,-30.424,-3.0118,3.7976,0,0,0,8.3651,8.3551,8.3635,8.3792,-43.548,8.111,0.56489,214.43,80.417,-53.049
0.54,-1.2159,-0.21087,0.16485,0.5461,-0.027328,-0.82854,0.12064,-7.6313,-1.1389,1.0943,0.46308,0.39653,0.24663,-30.849,-2.9267,3.8006,0,0,0,8.4597,8.4504,8.4589,8.4741,-41.385,8.9124,0.032359,218.18,79.826,-53.445
0.55,-1.2938,-0.2224,0.17598,0.54784,-0.031289,-0.82692,0.12284,-7.9418,-1.1677,1.1323,0.47093,0.36925,0.25344,-31.252,-2.8336,3.7982,0,0,0,8.549,8.5403,8.549,8.5637,-39.186,9.7071,-0.50377,221.59,79.109,-53.768
0.56,-1.3748,-0.23422,0.1875,0.54947,-0.03538,-0.82533,0.12514,-8.2563,-1.1956,1.1702,0.47887,0.34291,0.2604,-31.632,-2.7326,3.7905,0,0,0,8.6329,8.6247,8.6336,8.6479,-36.954,10.494,-1.0428,224.68,78.269,-54.021
0.57,-1.4589,-0.24631,0.19939,0.55096,-0.039602,-0.82378,0.12752,-8.5744,-1.2223,1.2081,0.48693,0.31742,0.26751,-31.99,-2.6237,3.7773,0,0,0,8.7112,8.7035,8.7126,8.7266,-34.693,11.272,-1.584,227.44,77.308,-54.204
0.58,-1.5463,-0.25866,0.21166,0.55234,-0.043955,-0.82224,0.13001,-8.896,-1.248,1.2458,0.49508,0.29267,0.27479,-32.326,-2.5071,3.7588,0,0,0,8.784,8.7768,8.7861,8.7997,-32.406,12.04,-2.1266,229.89,76.23,-54.32
0.59,-1.6369,-0.27127,0.2243,0.55361,-0.04844,-0.82073,0.13258,-9.2208,-1.2725,1.2832,0.50334,0.26856,0.28224,-32.639,-2.383,3.7348,0,0,0,8.8511,8.8443,8.8538,8.8672,-30.097,12.796,-2.6701,232.03,75.039,-54.368
0.6,-1.7307,-0.28411,0.23732,0.55475,-0.053057,-0.81923,0.13525,-9.5487,-1.2956,1.3204,0.5117,0.24502,0.28987,-32.928,-2.2513,3.7054,0,0,0,8.9125,8.9061,8.9159,8.929,-27.767,13.54,-3.2138,233.86,73.736,-54.35
0.61,-1.8279,-0.29717,0.25071,0.55578,-0.057805,-0.81776,0.138,-9.8793,-1.3175,1.3573,0.52016,0.22194,0.29769,-33.194,-2.1122,3.6705,0,0,0,8.9682,8.9622,8.9722,8.9851,-25.42,14.271,-3.7569,235.39,72.325,-54.269
0.62,-1.9283,-0.31045,0.26447,0.55669,-0.062686,-0.81629,0.14084,-10.212,-1.3379,1.3938,0.52873,0.19927,0.30572,-33.436,-1.9659,3.6302,0,0,0,9.0181,9.0124,9.0227,9.0355,-23.06,14.986,-4.2989,236.63,70.809,-54.124
0.63,-2.0321,-0.32393,0.27859,0.55749,-0.067699,-0.81483,0.14377,-10.548,-1.3568,1.4299,0.5374,0.17692,0.31397,-33.655,-1.8125,3.5846,0,0,0,9.0623,9.0568,9.0674,9.0801,-20.689,15.687,-4.8392,237.58,69.191,-53.919
0.64,-2.1393,-0.33758,0.29306,0.55817,-0.072843,-0.81338,0.14678,-10.886,-1.3741,1.4655,0.54617,0.15483,0.32244,-33.85,-1.6522,3.5335,0,0,0,9.1006,9.0954,9.1063,9.1189,-18.309,16.37,-5.3771,238.25,67.473,-53.652
0.65,-2.2498,-0.3514,0.30789,0.55874,-0.078119,-0.81194,0.14988,-11.225,-1.3898,1.5006,0.55504,0.13292,0.33114,-34.021,-1.4852,3.477,0,0,0,9.1331,9.1282,9.1394,9.152,-15.925,17.036,-5.9121,238.64,65.66,-53.327
0.66,-2.3638,-0.36537,0.32307,0.55919,-0.083526,-0.81049,0.15305,-11.566,-1.4038,1.535,0.56401,0.11113,0.3401,-34.168,-1.3116,3.4152,0,0,0,9.1599,9.1551,9.1666,9.1793,-13.538,17.683,-6.4435,238.76,63.754,-52.945
0.67,-2.4812,-0.37947,0.33859,0.55953,-0.089062,-0.80905,0.1563,-11.908,-1.416,1.5688,0.57307,0.089403,0.34931,-34.292,-1.1316,3.3482,0,0,0,9.1808,9.1762,9.1881,9.2008,-11.15,18.31,-6.9708,238.61,61.757,-52.506
0.68,-2.602,-0.39369,0.35445,0.55974,-0.094728,-0.80761,0.15962,-12.252,-1.4264,1.602,0.58222,0.067678,0.35881,-34.391,-0.94543,3.2758,0,0,0,9.196,9.1916,9.2038,9.2165,-8.7662,18.918,-7.4934,238.2,59.674,-52.012
0.69,-2.7262,-0.40799,0.37063,0.55984,-0.10052,-0.80616,0.16301,-12.596,-1.4349,1.6343,0.59146,0.045899,0.36859,-34.467,-0.7533,3.1983,0,0,0,9.2054,9.2011,9.2138,9.2265,-6.3873,19.504,-8.0108,237.53,57.506,-51.465
0.7,-2.8539,-0.42238,0.38713,0.55982,-0.10644,-0.80471,0.16646,-12.941,-1.4414,1.6659,0.60078,0.02401,0.37867,-34.519,-0.55543,3.1156,0,0,0,9.2091,9.2049,9.218,9.2309,-4.0164,20.068,-8.5225,236.62,55.257,-50.865
0.71,-2.985,-0.43682,0.40394,0.55967,-0.11249,-0.80326,0.16998,-13.286,-1.446,1.6966,0.61018,0.0019588,0.38907,-34.548,-0.35203,3.0279,0,0,0,9.2072,9.203,9.2165,9.2296,-1.6557,20.609,-9.028,235.46,52.93,-50.215
0.72,-3.1196,-0.45129,0.42106,0.5594,-0.11866,-0.80179,0.17355,-13.632,-1.4484,1.7265,0.61965,-0.020307,0.39981,-34.552,-0.14334,2.9351,0,0,0,9.1996,9.1955,9.2095,9.2227,0.6921,21.126,-9.5267,234.07,50.529,-49.515
0.73,-3.2576,-0.46578,0.43847,0.559,-0.12495,-0.80032,0.17718,-13.977,-1.4488,1.7553,0.6292,-0.042837,0.4109,-34.534,0.070409,2.8374,0,0,0,9.1864,9.1823,9.1968,9.2102,3.0248,21.619,-10.018,232.44,48.055,-48.767
0.74,-3.3991,-0.48026,0.45616,0.55847,-0.13136,-0.79884,0.18085,-14.322,-1.447,1.7832,0.63881,-0.065681,0.42236,-34.492,0.28896,2.7348,0,0,0,9.1677,9.1636,9.1787,9.1923,5.3401,22.087,-10.502,230.58,45.512,-47.972
0.75,-3.5441,-0.49471,0.47413,0.55781,-0.13789,-0.79735,0.18456,-14.667,-1.443,1.81,0.64847,-0.088886,0.43421,-34.427,0.51206,2.6274,0,0,0,9.1436,9.1395,9.1551,9.169,7.6357,22.529,-10.977,228.5,42.903,-47.131
0.76,-3.6925,-0.50911,0.49236,0.55702,-0.14453,-0.79585,0.18831,-15.011,-1.4368,1.8357,0.65819,-0.1125,0.44646,-34.339,0.73945,2.5153,0,0,0,9.1142,9.11,9.1262,9.1403,9.9094,22.945,-11.444,226.21,40.23,-46.246
0.77,-3.8443,-0.52344,0.51084,0.5561,-0.15129,-0.79434,0.19209,-15.354,-1.4282,1.8603,0.66795,-0.13657,0.45914,-34.229,0.97086,2.3985,0,0,0,9.0794,9.0751,9.092,9.1064,12.159,23.333,-11.902,223.7,37.498,-45.318
0.78,-3.9995,-0.53767,0.52956,0.55503,-0.15815,-0.79282,0.19589,-15.695,-1.4173,1.8837,0.67776,-0.16114,0.47227,-34.096,1.206,2.2772,0,0,0,9.0394,9.035,9.0526,9.0673,14.383,23.694,-12.351,220.99,34.709,-44.348
0.79,-4.1582,-0.55178,0.54851,0.55382,-0.16512,-0.79129,0.1997,-16.036,-1.4041,1.9058,0.6876,-0.18627,0.48587,-33.941,1.4447,2.1515,0,0,0,8.9944,8.9898,9.0081,9.0231,16.578,24.027,-12.789,218.08,31.866,-43.339
0.8,-4.3203,-0.56574,0.56767,0.55248,-0.17219,-0.78975,0.20353,-16.374,-1.3884,1.9267,0.69747,-0.21198,0.49996,-33.765,1.6865,2.0215,0,0,0,8.9443,8.9395,8.9586,8.974,18.744,24.332,-13.217,214.97,28.971,-42.29
0.81,-4.4857,-0.57954,0.58704,0.55098,-0.17936,-0.7882,0.20735,-16.711,-1.3704,1.9462,0.70736,-0.23834,0.51458,-33.567,1.9312,1.8872,0,0,0,8.8893,8.8842,8.9042,8.92,20.877,24.607,-13.635,211.68,26.029,-41.203
0.82,-4.6545,-0.59314,0.60659,0.54934,-0.18663,-0.78664,0.21117,-17.045,-1.3498,1.9644,0.71726,-0.26538,0.52974,-33.347,2.1785,1.7488,0,0,0,8.8295,8.8242,8.845,8.8612,22.977,24.852,-14.041,208.2,23.042,-40.081
0.83,-4.8266,-0.60653,0.62632,0.54755,-0.19398,-0.78508,0.21497,-17.378,-1.3268,1.9812,0.72718,-0.29315,0.54548,-33.107,2.4281,1.6064,0,0,0,8.765,8.7594,8.7811,8.7978,25.04,25.067,-14.436,204.55,20.012,-38.923
0.84,-5.002,-0.61967,0.64621,0.5456,-0.20143,-0.78351,0.21875,-17.707,-1.3012,1.9965,0.7371,-0.3217,0.56183,-32.847,2.6797,1.4602,0,0,0,8.6959,8.69,8.7127,8.7299,27.067,25.252,-14.819,200.72,16.944,-37.732
0.85,-5.1807,-0.63254,0.66625,0.5435,-0.20896,-0.78194,0.2225,-18.034,-1.2732,2.0104,0.74703,-0.35108,0.57881,-32.566,2.9331,1.3101,0,0,0,8.6224,8.6161,8.6399,8.6575,29.054,25.406,-15.191,196.73,13.839,-36.508
0.86,-5.3627,-0.64512,0.68642,0.54124,-0.21657,-0.78037,0.22621,-18.359,-1.2426,2.0227,0.75694,-0.38133,0.59647,-32.266,3.1878,1.1564,0,0,0,8.5446,8.5378,8.5627,8.5809,31.001,25.529,-15.55,192.57,10.702,-35.254
0.87,-5.5479,-0.65739,0.7067,0.53882,-0.22425,-0.77881,0.22987,-18.68,-1.2094,2.0335,0.76685,-0.4125,0.61483,-31.946,3.4435,0.99915,0,0,0,8.4626,8.4553,8.4815,8.5001,32.905,25.62,-15.896,188.27,7.5342,-33.97
0.88,-5.7363,-0.6693,0.72708,0.53624,-0.23201,-0.77724,0.23347,-18.998,-1.1737,2.0427,0.77675,-0.44465,0.63394,-31.608,3.7001,0.83851,0,0,0,8.3765,8.3687,8.3961,8.4154,34.766,25.679,-16.229,183.81,4.3397,-32.657
0.89,-5.9278,-0.68085,0.74755,0.5335,-0.23984,-0.77568,0.237,-19.312,-1.1354,2.0503,0.78663,-0.47782,0.65382,-31.251,3.957,0.67461,0,0,0,8.2866,8.2782,8.3069,8.3268,36.581,25.707,-16.549,179.2,1.1211,-31.318
0.9,-6.1225,-0.692,0.76808,0.53059,-0.24773,-0.77414,0.24046,-19.622,-1.0946,2.0562,0.79649,-0.51207,0.67454,-30.876,4.2141,0.50758,0,0,0,8.1928,8.1838,8.214,8.2345,38.349,25.702,-16.855,174.46,-2.1185,-29.953
0.91,-6.3203,-0.70273,0.78867,0.52751,-0.25567,-0.7726,0.24382,-19.929,-1.0511,2.0604,0.80632,-0.54746,0.69612,-30.484,4.4709,0.33756,0,0,0,8.0955,8.0857,8.1175,8.1386,40.07,25.664,-17.148,169.59,-5.3761,-28.564
0.92,-6.5211,-0.71302,0.80928,0.52426,-0.26368,-0.77109,0.24709,-20.232,-1.0051,2.0629,0.81614,-0.58403,0.71862,-30.075,4.7273,0.16467,0,0,0,7.9946,7.9841,8.0176,8.0393,41.741,25.594,-17.426,164.58,-8.6487,-27.151
0.93,-6.7249,-0.72283,0.82992,0.52083,-0.27174,-0.76959,0.25025,-20.531,-0.95659,2.0637,0.82593,-0.62186,0.74209,-29.65,4.9827,-0.010923,0,0,0,7.8905,7.8792,7.9144,7.9368,43.361,25.491,-17.691,159.46,-11.933,-25.717
0.94,-6.9317,-0.73214,0.85055,0.51723,-0.27985,-0.76812,0.25329,-20.825,-0.90549,2.0627,0.83569,-0.661,0.76657,-29.208,5.237,-0.18909,0,0,0,7.7832,7.771,7.8081,7.8312,44.929,25.355,-17.941,154.22,-15.227,-24.263
0.95,-7.1414,-0.74093,0.87117,0.51345,-0.288,-0.76667,0.2562,-21.115,-0.85185,2.0599,0.84543,-0.70152,0.79214,-28.751,5.4897,-0.36969,0,0,0,7.6729,7.6597,7.6988,7.7227,46.445,25.187,-18.176,148.87,-18.527,-22.79
0.96,-7.3539,-0.74917,0.89174,0.50949,-0.29619,-0.76526,0.25898,-21.4,-0.7957,2.0553,0.85515,-0.74349,0.81883,-28.279,5.7406,-0.55256,0,0,0,7.5599,7.5456,7.5868,7.6114,47.906,24.985,-18.396,143.41,-21.829,-21.298
0.97,-7.5694,-0.75683,0.91227,0.50535,-0.30443,-0.76388,0.2616,-21.68,-0.73705,2.0488,0.86484,-0.78697,0.84672,-27.793,5.9893,-0.73756,0,0,0,7.4441,7.4287,7.4722,7.4976,49.313,24.75,-18.602,137.85,-25.132,-19.791
0.98,-7.7875,-0.7639,0.93271,0.50101,-0.3127,-0.76254,0.26407,-21.956,-0.67592,2.0405,0.87451,-0.83204,0.87587,-27.293,6.2355,-0.92454,0,0,0,7.3259,7.3092,7.3552,7.3813,50.663,24.482,-18.792,132.2,-28.431,-18.269
0.99,-8.0085,-0.77034,0.95307,0.49649,-0.32101,-0.76125,0.26636,-22.226,-0.61235,2.0304,0.88416,-0.87879,0.90636,-26.78,6.4788,-1.1134,0,0,0,7.2054,7.1874,7.2359,7.2629,51.957,24.181,-18.967,126.46,-31.725,-16.733
1,-8.232,-0.77614,0.97331,0.49178,-0.32935,-0.76,0.26847,-22.491,-0.54636,2.0183,0.8938,-0.92728,0.93825,-26.254,6.719,-1.3038,0,0,0,7.0828,7.0633,7.1146,7.1424,53.192,23.848,-19.127,120.64,-35.009,-15.184
1.01,-8.4583,-0.78126,0.99343,0.48687,-0.33772,-0.75881,0.27038,-22.751,-0.47798,2.0043,0.90343,-0.9776,0.97162,-25.716,6.9557,-1.4958,0,0,0,6.9582,6.9371,6.9914,7.02,54.369,23.481,-19.271,114.74,-38.282,-13.625
1.02,-8.6871,-0.78569,1.0134,0.48176,-0.34612,-0.75768,0.2721,-23.006,-0.40726,1.9883,0.91304,-1.0298,1.0066,-25.167,7.1885,-1.6892,0,0,0,6.8318,6.8091,6.8665,6.896,55.487,23.082,-19.399,108.77,-41.539,-12.056
1.03,-8.9184,-0.7894,1.0332,0.47644,-0.35455,-0.7566,0.27359,-23.255,-0.33422,1.9705,0.92265,-1.0841,1.0431,-24.607,7.4172,-1.8838,0,0,0,6.7039,6.6794,6.7401,6.7705,56.544,22.651,-19.512,102.73,-44.779,-10.478
1.04,-9.1521,-0.79237,1.0528,0.47092,-0.363,-0.75559,0.27486,-23.498,-0.25893,1.9507,0.93226,-1.1405,1.0815,-24.036,7.6414,-2.0794,0,0,0,6.5747,6.5481,6.6125,6.6437,57.541,22.187,-19.609,96.625,-47.997,-8.8936
1.05,-9.3883,-0.79457,1.0722,0.46518,-0.37148,-0.75465,0.27589,-23.735,-0.18141,1.9289,0.94186,-1.1991,1.1216,-23.456,7.8608,-2.2759,0,0,0,6.4442,6.4156,6.4837,6.5158,58.477,21.691,-19.69,90.469,-51.192,-7.3033
1.06,-9.6268,-0.79599,1.0914,0.45923,-0.37998,-0.75378,0.27667,-23.967,-0.10173,1.9051,0.95147,-1.2599,1.1637,-22.867,8.0751,-2.4731,0,0,0,6.3127,6.2818,6.3541,6.387,59.35,21.163,-19.755,84.264,-54.359,-5.7087
1.07,-9.8676,-0.7966,1.1103,0.45305,-0.3885,-0.75298,0.27719,-24.193,-0.019927,1.8794,0.96108,-1.3232,1.2078,-22.269,8.284,-2.6709,0,0,0,6.1804,6.1471,6.2237,6.2575,60.162,20.604,-19.804,78.013,-57.496,-4.111
1.08,-10.111,-0.79638,1.129,0.44664,-0.39705,-0.75226,0.27743,-24.412,0.063933,1.8517,0.9707,-1.389,1.2541,-21.664,8.4871,-2.8691,0,0,0,6.0476,6.0116,6.0928,6.1274,60.91,20.013,-19.837,71.724,-60.601,-2.5116
1.09,-10.356,-0.79531,1.1473,0.43999,-0.40562,-0.75163,0.27738,-24.626,0.14979,1.822,0.98033,-1.4575,1.3026,-21.051,8.6841,-3.0676,0,0,0,5.9143,5.8755,5.9617,5.9971,61.596,19.392,-19.854,65.402,-63.669,-0.91178
1.1,-10.603,-0.79338,1.1654,0.43309,-0.41422,-0.75107,0.27702,-24.833,0.23759,1.7904,0.98996,-1.5286,1.3535,-20.432,8.8748,-3.2662,0,0,0,5.7808,5.739,5.8304,5.8666,62.218,18.74,-19.855,59.052,-66.698,0.68708
1.11,-10.852,-0.79056,1.1831,0.42595,-0.42283,-0.75061,0.27636,-25.034,0.32727,1.7567,0.9996,-1.6026,1.4068,-19.807,9.0588,-3.4647,0,0,0,5.6474,5.6023,5.6993,5.7361,62.777,18.058,-19.84,52.68,-69.685,2.2837
1.12,-11.104,-0.78683,1.2005,0.41854,-0.43147,-0.75022,0.27536,-25.229,0.41875,1.7211,1.0092,-1.6795,1.4628,-19.177,9.2359,-3.6629,0,0,0,5.5141,5.4656,5.5685,5.606,63.272,17.346,-19.81,46.291,-72.627,3.8767
1.13,-11.357,-0.78218,1.2175,0.41087,-0.44012,-0.74993,0.27402,-25.418,0.51196,1.6835,1.0189,-1.7594,1.5214,-18.542,9.4057,-3.8608,0,0,0,5.3813,5.329,5.4382,5.4762,63.703,16.606,-19.763,39.892,-75.521,5.4647
1.14,-11.612,-0.77658,1.2342,0.40292,-0.4488,-0.74972,0.27232,-25.6,0.60684,1.6439,1.0285,-1.8425,1.5829,-17.903,9.5679,-4.0581,0,0,0,5.249,5.1929,5.3087,5.3472,64.07,15.836,-19.7,33.486,-78.364,7.0466
1.15,-11.869,-0.77003,1.2504,0.39468,-0.4575,-0.74959,0.27024,-25.776,0.70329,1.6023,1.0381,-1.9287,1.6473,-17.261,9.7223,-4.2548,0,0,0,5.1177,5.0572,5.1801,5.2189,64.373,15.038,-19.622,27.081,-81.153,8.6208
1.16,-12.128,-0.76251,1.2662,0.38614,-0.46621,-0.74956,0.26778,-25.945,0.80126,1.5588,1.0476,-2.0181,1.7147,-16.616,9.8686,-4.4505,0,0,0,4.9873,4.9224,5.0527,5.0917,64.611,14.213,-19.528,20.681,-83.885,10.186
1.17,-12.388,-0.754,1.2816,0.3773,-0.47494,-0.7496,0.26491,-26.108,0.90064,1.5133,1.0571,-2.1109,1.7853,-15.969,10.006,-4.6453,0,0,0,4.8583,4.7885,4.9266,4.9657,64.786,13.361,-19.418,14.293,-86.557,11.741
1.18,-12.65,-0.7445,1.2965,0.36814,-0.48368,-0.74972,0.26162,-26.265,1.0014,1.4659,1.0665,-2.207,1.8592,-15.32,10.136,-4.8388,0,0,0,4.7307,4.6558,4.8021,4.841,64.897,12.482,-19.293,7.9209,-89.165,13.285
1.19,-12.913,-0.73397,1.3109,0.35865,-0.49243,-0.74992,0.25789,-26.415,1.1033,1.4165,1.0758,-2.3063,1.9363,-14.671,10.256,-5.0311,0,0,0,4.6047,4.5245,4.6794,4.7179,64.945,11.578,-19.153,1.5713,-91.708,14.815
1.2,-13.178,-0.72242,1.3248,0.34882,-0.50119,-0.75018,0.2537,-26.558,1.2064,1.3653,1.085,-2.409,2.0169,-14.022,10.367,-5.2218,0,0,0,4.4807,4.3948,4.5587,4.5965,64.929,10.648,-18.997,-4.7505,-94.181,16.332
1.21,-13.444,-0.70984,1.3382,0.33864,-0.50994,-0.75051,0.24904,-26.695,1.3106,1.3121,1.094,-2.5148,2.1009,-13.373,10.469,-5.411,0,0,0,4.3588,4.2669,4.4401,4.477,64.85,9.6945,-18.826,-11.039,-96.583,17.832
1.22,-13.712,-0.69621,1.351,0.3281,-0.51869,-0.75089,0.24389,-26.826,1.4158,1.257,1.1027,-2.6237,2.1883,-12.725,10.561,-5.5983,0,0,0,4.2393,4.141,4.3239,4.3595,64.708,8.7169,-18.64,-17.289,-98.909,19.316
1.23,-13.981,-0.68152,1.3633,0.31719,-0.52742,-0.75131,0.23823,-26.95,1.5218,1.2001,1.1112,-2.7355,2.2792,-12.079,10.643,-5.7837,0,0,0,4.1223,4.0174,4.2102,4.2441,64.504,7.7165,-18.44,-23.494,-101.16,20.782
1.24,-14.251,-0.66577,1.375,0.3059,-0.53613,-0.75176,0.23204,-27.067,1.6286,1.1414,1.1194,-2.8499,2.3734,-11.435,10.715,-5.9671,0,0,0,4.008,3.8962,4.0993,4.131,64.238,6.6941,-18.225,-29.649,-103.32,22.228
1.25,-14.522,-0.64895,1.3861,0.29422,-0.54481,-0.75223,0.22532,-27.178,1.7361,1.0808,1.1273,-2.9668,2.471,-10.794,10.777,-6.1482,0,0,0,3.8967,3.7777,3.9912,4.0203,63.911,5.6503,-17.995,-35.749,-105.41,23.653
1.26,-14.794,-0.63105,1.3966,0.28215,-0.55344,-0.7527,0.21804,-27.283,1.8441,1.0184,1.1347,-3.0856,2.5717,-10.157,10.828,-6.3269,0,0,0,3.7885,3.6621,3.8861,3.912,63.524,4.5862,-17.752,-41.787,-107.4,25.057
1.27,-15.068,-0.61206,1.4065,0.26968,-0.56201,-0.75316,0.21019,-27.382,1.9526,0.95427,1.1416,-3.206,2.6753,-9.524,10.869,-6.5032,0,0,0,3.6837,3.5497,3.7842,3.8063,63.076,3.5026,-17.494,-47.759,-109.31,26.436
1.28,-15.342,-0.59199,1.4157,0.25681,-0.57049,-0.75358,0.20176,-27.474,2.0615,0.88837,1.1479,-3.3274,2.7817,-8.8957,10.898,-6.6767,0,0,0,3.5824,3.4406,3.6856,3.7033,62.569,2.4003,-17.223,-53.659,-111.12,27.791
1.29,-15.617,-0.57083,1.4243,0.24353,-0.57889,-0.75395,0.19274,-27.559,2.1705,0.82074,1.1536,-3.4493,2.8905,-8.2728,10.917,-6.8476,0,0,0,3.4847,3.3351,3.5903,3.603,62.003,1.2804,-16.938,-59.481,-112.84,29.119
1.3,-15.893,-0.54858,1.4321,0.22985,-0.58717,-0.75424,0.18311,-27.639,2.2798,0.75142,1.1585,-3.5708,3.0013,-7.6559,10.924,-7.0155,0,0,0,3.391,3.2334,3.4985,3.5055,61.379,0.14389,-16.641,-65.22,-114.46,30.42
1.31,-16.17,-0.52524,1.4393,0.21578,-0.59531,-0.75443,0.17288,-27.713,2.389,0.68044,1.1627,-3.6914,3.1136,-7.0454,10.919,-7.1803,0,0,0,3.3012,3.1357,3.4102,3.4107,60.699,-1.0083,-16.33,-70.87,-115.97,31.692
1.32,-16.447,-0.5008,1.4457,0.20133,-0.60329,-0.75449,0.16204,-27.78,2.4981,0.60783,1.1659,-3.8102,3.227,-6.4421,10.904,-7.342,0,0,0,3.2155,3.0422,3.3255,3.3189,59.962,-2.1752,-16.007,-76.426,-117.38,32.934
1.33,-16.726,-0.47528,1.4514,0.18649,-0.61108,-0.7544,0.15059,-27.842,2.607,0.53361,1.1682,-3.9263,3.3409,-5.8464,10.876,-7.5004,0,0,0,3.134,2.953,3.2443,3.2299,59.171,-3.3556,-15.672,-81.882,-118.68,34.144
1.34,-17.004,-0.44866,1.4564,0.1713,-0.61867,-0.75413,0.13855,-27.897,2.7156,0.45783,1.1695,-4.0387,3.4546,-5.2589,10.836,-7.6554,0,0,0,3.0567,2.8683,3.1668,3.1438,58.325,-4.5485,-15.324,-87.232,-119.87,35.322
1.35,-17.284,-0.42097,1.4606,0.15578,-0.62601,-0.75365,0.12591,-27.947,2.8237,0.38052,1.1697,-4.1466,3.5674,-4.6801,10.785,-7.8069,0,0,0,2.9837,2.7883,3.0927,3.0607,57.426,-5.7527,-14.965,-92.471,-120.95,36.465
1.36,-17.563,-0.39219,1.464,0.13994,-0.63309,-0.75294,0.11269,-27.991,2.9312,0.3017,1.1687,-4.2491,3.6787,-4.1105,10.721,-7.9547,0,0,0,2.915,2.7129,3.0222,2.9805,56.476,-6.9671,-14.595,-97.594,-121.91,37.573
1.37,-17.843,-0.36234,1.4666,0.12383,-0.63987,-0.75196,0.098909,-28.029,3.0381,0.22143,1.1666,-4.3453,3.7877,-3.5507,10.645,-8.0987,0,0,0,2.8505,2.6421,2.9552,2.9034,55.475,-8.1906,-14.214,-102.59,-122.75,38.644
1.38,-18.124,-0.33143,1.4684,0.10746,-0.64634,-0.75069,0.084593,-28.062,3.1441,0.13974,1.1633,-4.4344,3.8937,-3.0012,10.557,-8.2389,0,0,0,2.7902,2.5761,2.8915,2.8294,54.425,-9.4218,-13.822,-107.47,-123.47,39.677
1.39,-18.405,-0.29946,1.4694,0.09088,-0.65246,-0.74911,0.069767,-28.089,3.2492,0.056669,1.1588,-4.5158,3.9961,-2.4624,10.457,-8.3752,0,0,0,2.7338,2.5146,2.8311,2.7585,53.326,-10.659,-13.421,-112.21,-124.06,40.67
1.4,-18.686,-0.26645,1.4696,0.074128,-0.65821,-0.7472,0.05446,-28.111,3.3532,-0.027747,1.1532,-4.589,4.0942,-1.9348,10.344,-8.5073,0,0,0,2.6813,2.4575,2.7739,2.6908,52.181,-11.902,-13.009,-116.81,-124.52,41.623
1.41,-18.967,-0.2324,1.4689,0.057244,-0.66357,-0.74492,0.038707,-28.128,3.456,-0.11346,1.1464,-4.6536,4.1876,-1.4189,10.219,-8.6353,0,0,0,2.6325,2.4046,2.7199,2.6263,50.99,-13.149,-12.588,-121.26,-124.85,42.533
1.42,-19.248,-0.19733,1.4673,0.040271,-0.66851,-0.74227,0.022543,-28.139,3.5575,-0.20044,1.1387,-4.7094,4.2759,-0.91514,10.081,-8.7591,0,0,0,2.5871,2.3557,2.6688,2.5651,49.756,-14.399,-12.158,-125.57,-125.04,43.4
1.43,-19.529,-0.16126,1.4648,0.023253,-0.67303,-0.73922,0.0060068,-28.146,3.6576,-0.28863,1.1301,-4.7566,4.3588,-0.42393,9.931,-8.8785,0,0,0,2.5449,2.3105,2.6206,2.5073,48.479,-15.65,-11.72,-129.72,-125.1,44.223
1.44,-19.811,-0.12419,1.4615,-0.0062327,0.67711,0.73577,0.010864,-28.148,3.7561,-0.37799,1.1207,-4.7954,4.4363,0.054313,9.7682,-8.9934,0,0,0,2.5056,2.2685,2.5753,2.4529,47.162,-16.901,-11.274,-133.71,-125.01,44.999
1.45,-20.092,-0.086141,1.4573,0.010748,0.68074,0.73191,0.028032,-28.145,3.8529,-0.46848,1.1107,-4.8264,4.5083,0.51918,9.593,-9.1039,0,0,0,2.4688,2.2295,2.5325,2.4018,45.806,-18.15,-10.821,-137.54,-124.78,45.727
1.46,-20.374,-0.047135,1.4521,0.02765,0.68391,0.72762,0.045459,-28.138,3.9479,-0.56006,1.1003,-4.8501,4.5752,0.9703,9.4053,-9.2098,0,0,0,2.4344,2.193,2.4924,2.3542,44.412,-19.396,-10.36,-141.19,-124.41,46.407
1.47,-20.655,-0.0071882,1.4461,0.044436,0.68663,0.7229,0.063111,-28.126,4.041,-0.65266,1.0897,-4.8675,4.6375,1.4073,9.2051,-9.3111,0,0,0,2.4019,2.1586,2.4548,2.3099,42.983,-20.637,-9.8926,-144.66,-123.88,47.036
1.48,-20.936,0.033679,1.4391,0.061073,0.68888,0.71775,0.080957,-28.109,4.132,-0.74626,1.0792,-4.8797,4.6956,1.8298,8.9925,-9.4076,0,0,0,2.3711,2.1259,2.4195,2.269,41.519,-21.873,-9.4193,-147.96,-123.2,47.615
1.49,-21.217,0.075445,1.4311,0.077532,0.69067,0.71216,0.09897,-28.089,4.2208,-0.8408,1.069,-4.8879,4.7503,2.2376,8.7677,-9.4995,0,0,0,2.3418,2.0945,2.3864,2.2312,40.024,-23.101,-8.9404,-151.06,-122.36,48.14
1.5,-21.498,0.11809,1.4223,0.093786,0.69201,0.70612,0.11713,-28.065,4.3073,-0.93624,1.0595,-4.8932,4.8025,2.6302,8.5305,-9.5864,0,0,0,2.3136,2.064,2.3555,2.1965,38.499,-24.319,-8.4566,-153.97,-121.37,48.611
1.51,-21.779,0.16158,1.4124,0.10982,0.6929,0.69964,0.13541,-28.037,4.3914,-1.0325,1.051,-4.897,4.8533,3.0075,8.2813,-9.6686,0,0,0,2.2863,2.034,2.3265,2.1648,36.945,-25.528,-7.9684,-156.67,-120.21,49.027
1.52,-22.059,0.20591,1.4016,0.1256,0.69335,0.69271,0.1538,-28.005,4.4729,-1.1296,1.0438,-4.9007,4.9035,3.369,8.02,-9.7458,0,0,0,2.2598,2.0042,2.2995,2.1357,35.366,-26.723,-7.4763,-159.18,-118.89,49.386
1.53,-22.339,0.25103,1.3898,0.14113,0.69336,0.68531,0.1723,-27.969,4.5517,-1.2274,1.0384,-4.9056,4.9544,3.7147,7.7469,-9.8181,0,0,0,2.2338,1.9743,2.2742,2.1093,33.763,-27.905,-6.9809,-161.47,-117.4,49.687
1.54,-22.618,0.29693,1.3771,0.1564,0.69295,0.67743,0.1909,-27.93,4.6278,-1.3259,1.0352,-4.9131,5.0071,4.0442,7.462,-9.8854,0,0,0,2.2082,1.9441,2.2505,2.0851,32.137,-29.07,-6.4828,-163.55,-115.73,49.929
1.55,-22.897,0.34358,1.3633,0.17139,0.69213,0.66906,0.20962,-27.888,4.701,-1.4251,1.0347,-4.9243,5.0626,4.3574,7.1655,-9.9477,0,0,0,2.183,1.9133,2.2283,2.063,30.492,-30.219,-5.9825,-165.4,-113.9,50.109
1.56,-23.176,0.39094,1.3486,0.1861,0.6909,0.66018,0.22845,-27.843,4.7711,-1.5249,1.0374,-4.9404,5.1221,4.654,6.8577,-10.005,0,0,0,2.158,1.8819,2.2075,2.0427,28.83,-31.348,-5.4808,-167.03,-111.88,50.228
1.57,-23.454,0.43899,1.3328,0.20051,0.68927,0.65075,0.24743,-27.795,4.8381,-1.6252,1.044,-4.9625,5.1866,4.9339,6.5387,-10.057,0,0,0,2.1334,1.8498,2.1879,2.0241,27.153,-32.456,-4.9782,-168.42,-109.69,50.283
1.58,-23.732,0.48769,1.316,0.21463,0.68726,0.64075,0.26656,-27.745,4.9018,-1.726,1.0552,-4.9915,5.257,5.197,6.2086,-10.105,0,0,0,2.109,1.817,2.1693,2.0068,25.462,-33.541,-4.4753,-169.58,-107.32,50.275
1.59,-24.009,0.53701,1.2983,0.22843,0.68488,0.63011,0.28588,-27.692,4.9622,-1.8273,1.072,-5.0279,5.334,5.4431,5.8679,-10.147,0,0,0,2.0852,1.7834,2.1517,1.9907,23.762,-34.602,-3.9729,-170.51,-104.77,50.206
1.6,-24.286,0.58692,1.2795,0.24191,0.68213,0.61878,0.30542,-27.636,5.0191,-1.9289,1.0953,-5.0724,5.4182,5.6722,5.5167,-10.184,0,0,0,2.0619,1.7493,2.1349,1.9755,22.053,-35.636,-3.4714,-171.22,-102.06,50.076
1.61,-24.562,0.63739,1.2597,0.25502,0.67906,0.60669,0.32523,-27.578,5.0725,-2.0309,1.1266,-5.125,5.51,5.8842,5.1553,-10.216,0,0,0,2.0395,1.7148,2.1187,1.9609,20.338,-36.642,-2.9715,-171.71,-99.183,49.887
1.62,-24.837,0.68836,1.2389,0.26772,0.67566,0.59375,0.34534,-27.518,5.1222,-2.1332,1.1673,-5.1857,5.6096,6.079,4.784,-10.244,0,0,0,2.0181,1.6801,2.1029,1.9468,18.619,-37.619,-2.4739,-171.98,-96.148,49.641
1.63,-25.112,0.73982,1.217,0.27995,0.672,0.57984,0.36582,-27.457,5.1682,-2.2358,1.2194,-5.2539,5.7167,6.2566,4.403,-10.266,0,0,0,1.9983,1.6457,2.0874,1.9329,16.899,-38.565,-1.9789,-172.05,-92.961,49.338
1.64,-25.386,0.79171,1.1942,0.29163,0.66811,0.56482,0.38673,-27.393,5.2102,-2.3385,1.2856,-5.3286,5.8308,6.417,4.0128,-10.283,0,0,0,1.9803,1.612,2.0719,1.9192,15.179,-39.478,-1.4873,-171.91,-89.625,48.981
1.65,-25.66,0.84401,1.1703,0.30261,0.66408,0.54849,0.40815,-27.328,5.2484,-2.4414,1.3691,-5.408,5.9509,6.5602,3.6136,-10.296,0,0,0,1.9646,1.5795,2.0561,1.9054,13.462,-40.357,-0.99946,-171.56,-86.148,48.571
1.66,-25.933,0.89667,1.1453,0.31271,0.66001,0.53061,0.43018,-27.262,5.2825,-2.5444,1.4744,-5.4896,6.0757,6.6862,3.2057,-10.303,0,0,0,1.9517,1.5488,2.0397,1.8914,11.749,-41.2,-0.51601,-171.02,-82.533,48.109
1.67,-26.205,0.94964,1.1194,0.32167,0.65607,0.51084,0.45292,-27.195,5.3125,-2.6475,1.6074,-5.5692,6.2034,6.7952,2.7897,-10.306,0,0,0,1.9423,1.5207,2.0222,1.8772,10.042,-42.007,-0.037438,-170.29,-78.786,47.597
1.68,-26.477,1.0029,1.0924,0.3291,0.6525,0.48872,0.47654,-27.126,5.3382,-2.7505,1.7763,-5.6409,6.3316,6.8871,2.3657,-10.304,0,0,0,1.9369,1.496,2.0031,1.863,8.3435,-42.776,0.43577,-169.37,-74.912,47.036
1.69,-26.748,1.0564,1.0644,0.3344,0.64965,0.46357,0.50124,-27.057,5.3598,-2.8535,1.9927,-5.6957,6.4573,6.9621,1.9343,-10.297,0,0,0,1.9361,1.4753,1.9818,1.8492,6.6552,-43.505,0.90312,-168.27,-70.916,46.427
1.7,-27.018,1.1101,1.0353,0.33669,0.64803,0.43437,0.52727,-26.987,5.3769,-2.9565,2.2732,-5.7193,6.5771,7.0202,1.4958,-10.286,0,0,0,1.9405,1.4596,1.9572,1.8364,4.9788,-44.194,1.3642,-166.98,-66.804,45.773
1.71,-27.287,1.1639,1.0052,0.33455,0.64843,0.39955,0.55496,-26.917,5.3896,-3.0592,2.6419,-5.6879,6.6874,7.0617,1.0506,-10.27,0,0,0,1.9506,1.4496,1.9282,1.8261,3.3161,-44.841,1.8184,-165.53,-62.58,45.074
1.72,-27.556,1.2179,0.97413,0.32563,0.65195,0.3565,0.58466,-26.846,5.3979,-3.1618,3.1333,-5.5595,6.784,7.0866,0.5991,-10.249,0,0,0,1.9663,1.4463,1.8926,1.8204,1.6688,-45.445,2.2655,-163.9,-58.25,44.331
1.73,-27.824,1.2719,0.942,0.306,0.66013,0.30088,0.6165,-26.775,5.4016,-3.2642,3.793,-5.2553,6.8627,7.0951,0.14181,-10.225,0,0,0,1.9871,1.451,1.8474,1.8233,0.038592,-46.005,2.7049,-162.11,-53.819,43.547
1.74,-28.092,1.3259,0.90885,0.26904,0.67452,0.22556,0.64943,-26.704,5.4007,-3.3663,4.6602,-4.6251,6.9195,7.0874,-0.32085,-10.195,0,0,0,2.01,1.4671,1.7878,1.8404,-1.5729,-46.521,3.1363,-160.16,-49.292,42.723
1.75,-28.358,1.3799,0.87467,0.20537,0.69483,0.12083,0.67855,-26.633,5.3952,-3.4681,5.6839,-3.4164,6.9505,7.0637,-0.78845,-10.162,0,0,0,2.0269,1.5023,1.7093,1.878,-3.1641,-46.991,3.5592,-158.05,-44.674,41.859
1.76,-28.624,1.4338,0.83948,0.10957,0.7143,-0.017525,0.69098,-26.563,5.3849,-3.5695,6.5234,-1.4154,6.9527,7.0242,-1.2605,-10.124,0,0,0,2.0236,1.5703,1.6165,1.9331,-4.7334,-47.414,3.9734,-155.79,-39.97,40.958
1.77,-28.89,1.4875,0.80328,-0.0016381,0.72055,-0.16919,0.67245,-26.493,5.37,-3.6706,6.6149,1.0222,6.9238,6.9691,-1.7366,-10.082,0,0,0,1.9965,1.6735,1.5356,1.9819,-6.2794,-47.79,4.3783,-153.39,-35.186,40.022
1.78,-29.154,1.5411,0.76607,-0.094263,0.71203,-0.29791,0.62879,-26.423,5.3502,-3.7712,5.9573,3.031,6.8628,6.8987,-2.2162,-10.037,0,0,0,1.9698,1.7862,1.4904,2.0033,-7.8006,-48.118,4.7737,-150.84,-30.327,39.05
1.79,-29.418,1.5945,0.72786,-0.15387,0.69902,-0.39075,0.5788,-26.355,5.3256,-3.8713,5.084,4.2801,6.7697,6.8132,-2.6988,-9.9871,0,0,0,1.9655,1.8847,1.4758,2.0044,-9.2957,-48.396,5.1592,-148.15,-25.398,38.045
1.8,-29.681,1.6476,0.68865,-0.18672,0.68825,-0.45579,0.53265,-26.287,5.2962,-3.9709,4.3151,4.9654,6.6458,6.7129,-3.1839,-9.9336,0,0,0,1.9846,1.9665,1.4795,2.0002,-10.763,-48.625,5.5345,-145.33,-20.404,37.009
1.81,-29.944,1.7004,0.64845,-0.20214,0.681,-0.50307,0.49224,-26.221,5.2619,-4.07,3.7099,5.3164,6.4934,6.598,-3.6711,-9.8764,0,0,0,2.0206,2.0363,1.4951,1.9988,-12.202,-48.804,5.8993,-142.38,-15.349,35.943
1.82,-30.206,1.7529,0.60725,-0.2067,0.67666,-0.5392,0.45681,-26.155,5.2228,-4.1684,3.2427,5.4724,6.3159,6.469,-4.1598,-9.8156,0,0,0,2.0676,2.0988,1.5207,2.0039,-13.61,-48.932,6.2532,-139.31,-10.241,34.847
1.83,-30.467,1.8049,0.56508,-0.20438,0.67432,-0.56802,0.42528,-26.091,5.1787,-4.2663,2.8784,5.5087,6.1172,6.3259,-4.6496,-9.7514,0,0,0,2.1217,2.1571,1.5557,2.0166,-14.988,-49.009,6.5961,-136.12,-5.0827,33.724
1.84,-30.728,1.8564,0.52193,-0.19762,0.67327,-0.59177,0.3968,-26.029,5.1298,-4.3634,2.589,5.4675,5.9018,6.1693,-5.1398,-9.6837,0,0,0,2.1804,2.213,1.5999,2.0375,-16.332,-49.034,6.9276,-132.81,0.11965,32.575
1.85,-30.988,1.9075,0.47781,-0.18795,0.67298,-0.61181,0.37075,-25.968,5.0759,-4.4599,2.3543,5.3739,5.6741,5.9994,-5.6301,-9.6129,0,0,0,2.242,2.2679,1.6531,2.0667,-17.643,-49.006,7.2475,-129.39,5.3611,31.402
1.86,-31.247,1.9579,0.43273,-0.17635,0.67309,-0.629,0.34671,-25.909,5.0172,-4.5557,2.1605,5.2442,5.4385,5.8166,-6.1198,-9.5388,0,0,0,2.3056,2.323,1.7147,2.104,-18.92,-48.926,7.5556,-125.86,10.637,30.205
1.87,-31.506,2.0078,0.3867,-0.1635,0.67336,-0.64392,0.32437,-25.852,4.9535,-4.6507,1.9978,5.0895,5.199,5.6211,-6.6084,-9.4618,0,0,0,2.3707,2.3789,1.7841,2.1489,-20.16,-48.793,7.8516,-122.23,15.941,28.986
1.88,-31.764,2.057,0.33972,-0.14988,0.67362,-0.65699,0.30354,-25.797,4.885,-4.7449,1.8591,4.9183,4.9592,5.4135,-7.0955,-9.3818,0,0,0,2.4371,2.4364,1.8604,2.201,-21.364,-48.607,8.1352,-118.51,21.269,27.748
1.89,-32.022,2.1055,0.29181,-0.13581,0.67378,-0.66849,0.28406,-25.744,4.8116,-4.8383,1.7395,4.7368,4.7222,5.194,-7.5804,-9.2991,0,0,0,2.5048,2.4958,1.9427,2.2597,-22.53,-48.368,8.4064,-114.69,26.615,26.49
1.9,-32.279,2.1532,0.24296,-0.12155,0.67378,-0.67867,0.26581,-25.693,4.7334,-4.9309,1.6353,4.5499,4.4904,4.963,-8.0626,-9.2138,0,0,0,2.5739,2.5576,2.0303,2.3244,-23.658,-48.075,8.665,-110.79,31.974,25.215
1.91,-32.536,2.2001,0.19319,-0.10727,0.67357,-0.68771,0.24868,-25.644,4.6504,-5.0226,1.5438,4.3613,4.2658,4.7209,-8.5417,-9.1259,0,0,0,2.6445,2.622,2.1223,2.3945,-24.746,-47.728,8.9107,-106.8,37.342,23.924
1.92,-32.792,2.2462,0.14251,-0.093096,0.67315,-0.69576,0.23261,-25.598,4.5626,-5.1134,1.4627,4.174,4.0498,4.4682,-9.017,-9.0356,0,0,0,2.7166,2.6891,2.2179,2.4693,-25.793,-47.328,9.1434,-102.73,42.713,22.619
1.93,-33.048,2.2914,0.090926,-0.079123,0.67252,-0.70296,0.21751,-25.555,4.4701,-5.2033,1.3904,3.9901,3.8434,4.2052,-9.4881,-8.943,0,0,0,2.7904,2.7589,2.3165,2.5483,-26.8,-46.874,9.363,-98.586,48.081,21.3
1.94,-33.303,2.3356,0.038448,-0.065416,0.67167,-0.7094,0.20333,-25.514,4.3729,-5.2922,1.3257,3.8114,3.6473,3.9324,-9.9543,-8.8484,0,0,0,2.8659,2.8314,2.4174,2.631,-27.765,-46.367,9.5694,-94.373,53.442,19.969
1.95,-33.558,2.3788,-0.014915,-0.052019,0.67061,-0.71518,0.19,-25.476,4.271,-5.3803,1.2675,3.6389,3.4617,3.6501,-10.415,-8.7517,0,0,0,2.9432,2.9065,2.5202,2.7167,-28.687,-45.805,9.7624,-90.094,58.79,18.629
1.96,-33.813,2.421,-0.069154,-0.038962,0.66937,-0.72037,0.17746,-25.441,4.1646,-5.4673,1.215,3.4735,3.2868,3.3588,-10.87,-8.6532,0,0,0,3.0221,2.9841,2.6243,2.8051,-29.566,-45.191,9.9419,-85.754,64.121,17.279
1.97,-34.067,2.4621,-0.12426,-0.026261,0.66795,-0.72506,0.16568,-25.409,4.0536,-5.5533,1.1674,3.3157,3.1224,3.0589,-11.319,-8.5529,0,0,0,3.1027,3.0639,2.7294,2.8958,-30.402,-44.523,10.108,-81.358,69.429,15.922
1.98,-34.321,2.502,-0.18022,-0.013923,0.66636,-0.72929,0.15459,-25.38,3.9382,-5.6383,1.1242,3.1656,2.9682,2.7509,-11.761,-8.4511,0,0,0,3.1847,3.1458,2.8351,2.9882,-31.193,-43.802,10.26,-76.91,74.709,14.559
1.99,-34.574,2.5408,-0.23702,-0.0019509,0.66463,-0.73313,0.14416,-25.354,3.8184,-5.7223,1.0849,3.0235,2.8239,2.4352,-12.195,-8.3477,0,0,0,3.2681,3.2294,2.9412,3.0821,-31.94,-43.029,10.399,-72.414,79.955,13.192
2,-34.828,2.5784,-0.29466,0.009661,0.66277,-0.73661,0.13434,-25.331,3.6944,-5.8053,1.049,2.8891,2.6891,2.1122,-12.621,-8.2431,0,0,0,3.3527,3.3145,3.0473,3.1771,-32.642,-42.203,10.524,-67.875,85.163,11.821
2.01,-35.081,2.6147,-0.35312,0.02092,0.66079,-0.73978,0.1251,-25.312,3.566,-5.8872,1.0164,2.7625,2.5633,1.7825,-13.039,-8.1373,0,0,0,3.4383,3.4009,3.1533,3.2729,-33.298,-41.326,10.636,-63.298,90.328,10.449
2.02,-35.334,2.6497,-0.4124,0.031837,0.6587,-0.74267,0.11638,-25.296,3.4336,-5.968,0.98657,2.6432,2.4459,1.4464,-13.447,-8.0305,0,0,0,3.5246,3.4883,3.2588,3.3692,-33.907,-40.397,10.733,-58.687,95.444,9.0761
2.03,-35.587,2.6834,-0.47248,0.042424,0.65651,-0.74532,0.10817,-25.283,3.2971,-6.0478,0.95936,2.5311,2.3366,1.1045,-13.846,-7.9227,0,0,0,3.6116,3.5765,3.3638,3.4657,-34.471,-39.417,10.817,-54.047,100.51,7.7046
2.04,-35.84,2.7156,-0.53335,0.052695,0.65423,-0.74775,0.10043,-25.274,3.1567,-6.1265,0.93452,2.4259,2.2349,0.75715,-14.235,-7.8142,0,0,0,3.6989,3.6651,3.468,3.5622,-34.988,-38.387,10.887,-49.381,105.51,6.3358
2.05,-36.092,2.7465,-0.59501,0.062664,0.65187,-0.74998,0.093122,-25.268,3.0125,-6.2041,0.91186,2.3271,2.1401,0.40487,-14.614,-7.705,0,0,0,3.7863,3.7539,3.5712,3.6585,-35.459,-37.307,10.944,-44.696,110.45,4.9709
2.06,-36.345,2.7759,-0.65743,0.072346,0.64943,-0.75205,0.086225,-25.266,2.8645,-6.2806,0.89123,2.2345,2.052,0.048129,-14.981,-7.5953,0,0,0,3.8737,3.8428,3.6733,3.7542,-35.882,-36.178,10.987,-39.994,115.32,3.6115
2.07,-36.598,2.8038,-0.72061,0.081757,0.64692,-0.75396,0.079711,-25.267,2.7129,-6.356,0.87246,2.1478,1.97,-0.31261,-15.337,-7.4853,0,0,0,3.9607,3.9313,3.774,3.8492,-36.259,-35.001,11.016,-35.282,120.11,2.259
2.08,-36.85,2.8301,-0.78455,0.09091,0.64435,-0.75573,0.073555,-25.272,2.5578,-6.4303,0.85545,2.0666,1.8937,-0.67689,-15.681,-7.375,0,0,0,4.0472,4.0193,3.8734,3.9433,-36.588,-33.776,11.032,-30.562,124.83,0.91479
2.09,-37.103,2.8549,-0.84922,0.099821,0.64172,-0.75739,0.067736,-25.281,2.3993,-6.5035,0.84007,1.9905,1.8229,-1.0442,-16.013,-7.2647,0,0,0,4.133,4.1066,3.9711,4.0362,-36.87,-32.505,11.034,-25.841,129.46,-0.41968
2.1,-37.356,2.8781,-0.91461,0.1085,0.63904,-0.75894,0.062231,-25.293,2.2375,-6.5756,0.82624,1.9194,1.757,-1.4141,-16.331,-7.1544,0,0,0,4.2178,4.1929,4.0671,4.1278,-37.105,-31.188,11.024,-21.121,134,-1.743
2.11,-37.609,2.8996,-0.98072,0.11697,0.6363,-0.76039,0.057021,-25.309,2.0727,-6.6466,0.81387,1.8528,1.6958,-1.7861,-16.636,-7.0443,0,0,0,4.3014,4.278,4.1611,4.2179,-37.292,-29.825,11,-16.409,138.44,-3.0537
2.12,-37.862,2.9195,-1.0475,0.12524,0.6335,-0.76176,0.052089,-25.329,1.9049,-6.7165,0.80289,1.7906,1.639,-2.1598,-16.928,-6.9345,0,0,0,4.3837,4.3618,4.2531,4.3063,-37.433,-28.419,10.963,-11.708,142.79,-4.3503
2.13,-38.116,2.9377,-1.115,0.13332,0.63066,-0.76305,0.047417,-25.352,1.7342,-6.7853,0.79324,1.7324,1.5863,-2.5346,-17.205,-6.8251,0,0,0,4.4644,4.4439,4.3429,4.3928,-37.526,-26.97,10.913,-7.0222,147.02,-5.6315
2.14,-38.369,2.9542,-1.1832,0.14123,0.62777,-0.76427,0.042989,-25.379,1.5608,-6.853,0.78487,1.6781,1.5374,-2.9102,-17.467,-6.7162,0,0,0,4.5434,4.5243,4.4304,4.4773,-37.573,-25.479,10.85,-2.3572,151.15,-6.8958
2.15,-38.623,2.9689,-1.2521,0.14897,0.62483,-0.76544,0.038792,-25.41,1.3849,-6.9196,0.77775,1.6274,1.4921,-3.286,-17.714,-6.6081,0,0,0,4.6204,4.6027,4.5154,4.5595,-37.574,-23.947,10.775,2.2828,155.16,-8.1418
2.16,-38.878,2.9819,-1.3216,0.15656,0.62183,-0.76655,0.034811,-25.445,1.2066,-6.9851,0.77182,1.58,1.4502,-3.6615,-17.946,-6.5008,0,0,0,4.6952,4.6789,4.5978,4.6394,-37.528,-22.376,10.687,6.8935,159.06,-9.368
2.17,-39.132,2.9931,-1.3918,0.16402,0.61879,-0.76762,0.031035,-25.483,1.026,-7.0496,0.76708,1.5359,1.4114,-4.0364,-18.161,-6.3944,0,0,0,4.7678,4.7529,4.6774,4.7168,-37.436,-20.767,10.587,11.47,162.82,-10.573
2.18,-39.387,3.0024,-1.4626,0.17134,0.61569,-0.76864,0.027452,-25.526,0.84342,-7.113,0.76349,1.4948,1.3757,-4.4101,-18.361,-6.2891,0,0,0,4.8379,4.8243,4.7542,4.7915,-37.299,-19.12,10.476,16.008,166.45,-11.756
2.19,-39.643,3.0099,-1.5341,0.17855,0.61254,-0.76963,0.024051,-25.572,0.65888,-7.1754,0.76104,1.4565,1.3429,-4.7822,-18.544,-6.1849,0,0,0,4.9054,4.8931,4.828,4.8634,-37.116,-17.438,10.352,20.503,169.95,-12.914
2.2,-39.899,3.0156,-1.6061,0.18565,0.60934,-0.77059,0.020822,-25.621,0.4726,-7.2367,0.75973,1.421,1.3127,-5.1522,-18.71,-6.0821,0,0,0,4.9701,4.959,4.8987,4.9324,-36.889,-15.722,10.218,24.951,173.31,-14.047
2.21,-40.155,3.0194,-1.6788,0.19265,0.60607,-0.77152,0.017756,-25.675,0.28475,-7.297,0.75956,1.388,1.2851,-5.5198,-18.858,-5.9806,0,0,0,5.0319,5.0221,4.9661,4.9983,-36.617,-13.972,10.072,29.347,176.51,-15.153
2.22,-40.412,3.0213,-1.7521,0.19956,0.60275,-0.77243,0.014845,-25.732,0.0955,-7.3563,0.76053,1.3575,1.2599,-5.8844,-18.989,-5.8807,0,0,0,5.0906,5.082,5.0302,5.0609,-36.302,-12.192,9.9146,33.686,179.57,-16.231
2.23,-40.67,3.0213,-1.8259,0.20639,0.59936,-0.77332,0.012082,-25.792,-0.094968,-7.4147,0.76265,1.3292,1.2372,-6.2457,-19.102,-5.7824,0,0,0,5.146,5.1387,5.0908,5.1203,-35.944,-10.382,9.7471,37.964,182.47,-17.278
2.24,-40.928,3.0194,-1.9003,0.21315,0.5959,-0.7742,0.0094578,-25.857,-0.28647,-7.472,0.76595,1.3032,1.2166,-6.6032,-19.196,-5.6858,0,0,0,5.1982,5.1921,5.1479,5.1763,-35.543,-8.543,9.5692,42.176,185.21,-18.295
2.25,-41.187,3.0155,-1.9754,0.21985,0.59237,-0.77506,0.0069675,-25.924,-0.47884,-7.5284,0.77043,1.2793,1.1983,-6.9564,-19.273,-5.591,0,0,0,5.2468,5.242,5.2013,5.2287,-35.1,-6.678,9.3813,46.318,187.78,-19.279
2.26,-41.447,3.0098,-2.0509,0.2265,0.58876,-0.77591,0.0046049,-25.996,-0.67186,-7.5838,0.77614,1.2574,1.182,-7.305,-19.33,-5.4982,0,0,0,5.2919,5.2883,5.251,5.2774,-34.617,-4.7881,9.1837,50.385,190.17,-20.229
2.27,-41.707,3.0021,-2.127,0.23311,0.58507,-0.77675,0.0023646,-26.071,-0.86537,-7.6383,0.78311,1.2375,1.1678,-7.6486,-19.368,-5.4074,0,0,0,5.3333,5.3309,5.2968,5.3225,-34.093,-2.8751,8.9768,54.373,192.39,-21.144
2.28,-41.968,2.9925,-2.2037,0.23968,0.5813,-0.77759,0.00024187,-26.149,-1.0592,-7.692,0.79139,1.2194,1.1556,-7.9868,-19.387,-5.3187,0,0,0,5.3709,5.3697,5.3387,5.3637,-33.529,-0.94089,8.7609,58.278,194.43,-22.021
2.29,-42.23,2.9809,-2.2809,-0.24623,-0.57742,0.77843,0.0017675,-26.23,-1.2531,-7.7447,0.80101,1.2031,1.1453,-8.3191,-19.387,-5.2322,0,0,0,5.4046,5.4046,5.3766,5.401,-32.928,1.0128,8.5365,62.094,196.27,-22.861
2.3,-42.493,2.9674,-2.3586,-0.25275,-0.57345,0.77927,0.0036671,-26.315,-1.4468,-7.7966,0.81205,1.1885,1.137,-8.6452,-19.367,-5.148,0,0,0,5.4343,5.4356,5.4104,5.4344,-32.288,2.9839,8.3039,65.818,197.93,-23.66
2.31,-42.756,2.952,-2.4368,-0.25927,-0.56937,0.78011,0.0054601,-26.403,-1.6403,-7.8477,0.82457,1.1756,1.1305,-8.9647,-19.327,-5.0661,0,0,0,5.4599,5.4625,5.4401,5.4637,-31.612,4.9706,8.0634,69.444,199.38,-24.419
2.32,-43.021,2.9346,-2.5155,-0.26578,-0.56517,0.78095,0.007149,-26.494,-1.8333,-7.898,0.83863,1.1642,1.1259,-9.2773,-19.268,-4.9867,0,0,0,5.4814,5.4853,5.4655,5.4889,-30.899,6.9709,7.8156,72.968,200.63,-25.134
2.33,-43.286,2.9153,-2.5947,-0.27231,-0.56085,0.7818,0.0087359,-26.589,-2.0256,-7.9474,0.85433,1.1545,1.1233,-9.5826,-19.188,-4.9098,0,0,0,5.4987,5.504,5.4868,5.51,-30.153,8.9826,7.5609,76.386,201.68,-25.806
2.34,-43.552,2.8941,-2.6745,-0.27885,-0.5564,0.78266,0.010222,-26.686,-2.217,-7.9962,0.87176,1.1462,1.1225,-9.8802,-19.088,-4.8355,0,0,0,5.5118,5.5184,5.5037,5.5269,-29.372,11.004,7.2997,79.693,202.5,-26.432
2.35,-43.82,2.871,-2.7547,-0.28541,-0.55179,0.78354,0.011608,-26.786,-2.4073,-8.0442,0.89102,1.1393,1.1235,-10.17,-18.968,-4.7639,0,0,0,5.5205,5.5285,5.5164,5.5396,-28.559,13.032,7.0324,82.885,203.11,-27.011
2.36,-44.088,2.846,-2.8353,-0.29201,-0.54704,0.78442,0.012894,-26.889,-2.5963,-8.0914,0.91223,1.1339,1.1265,-10.451,-18.827,-4.6949,0,0,0,5.5249,5.5343,5.5247,5.548,-27.715,15.065,6.7596,85.957,203.5,-27.542
2.37,-44.358,2.8191,-2.9165,-0.29865,-0.54211,0.78532,0.01408,-26.995,-2.7838,-8.1381,0.93551,1.1298,1.1314,-10.724,-18.666,-4.6287,0,0,0,5.525,5.5358,5.5286,5.5522,-26.84,17.101,6.4817,88.904,203.65,-28.023
2.38,-44.628,2.7903,-2.9981,-0.30534,-0.537,0.78624,0.015164,-27.104,-2.9696,-8.184,0.96101,1.127,1.1383,-10.988,-18.485,-4.5653,0,0,0,5.5206,5.533,5.5282,5.5522,-25.937,19.137,6.1993,91.722,203.57,-28.453
2.39,-44.9,2.7597,-3.0802,-0.3121,-0.53169,0.78717,0.016144,-27.215,-3.1534,-8.2294,0.98888,1.1255,1.1472,-11.243,-18.284,-4.5047,0,0,0,5.5118,5.5258,5.5234,5.5479,-25.006,21.172,5.9128,94.407,203.25,-28.83
2.4,-45.172,2.7272,-3.1627,-0.31892,-0.52616,0.78813,0.017017,-27.329,-3.3352,-8.2741,1.0193,1.1251,1.1582,-11.488,-18.062,-4.447,0,0,0,5.4986,5.5142,5.5143,5.5394,-24.049,23.202,5.6229,96.954,202.69,-29.153
2.41,-45.446,2.693,-3.2457,-0.32583,-0.52041,0.78911,0.017778,-27.445,-3.5146,-8.3183,1.0524,1.1258,1.1712,-11.724,-17.82,-4.3923,0,0,0,5.4811,5.4983,5.5008,5.5267,-23.068,25.225,5.33,99.358,201.88,-29.421
2.42,-45.721,2.657,-3.3291,-0.33282,-0.5144,0.79012,0.018423,-27.563,-3.6915,-8.362,1.0885,1.1275,1.1865,-11.949,-17.557,-4.3404,0,0,0,5.4591,5.4781,5.483,5.5098,-22.063,27.238,5.0347,101.62,200.81,-29.631
2.43,-45.997,2.6192,-3.4129,-0.33991,-0.50811,0.79115,0.018946,-27.684,-3.8657,-8.4051,1.1278,1.1302,1.204,-12.165,-17.275,-4.2916,0,0,0,5.4328,5.4536,5.461,5.4889,-21.036,29.24,4.7375,103.72,199.47,-29.784
2.44,-46.275,2.5796,-3.4972,-0.34711,-0.50153,0.79222,0.019338,-27.806,-4.0369,-8.4478,1.1704,1.1337,1.2239,-12.37,-16.973,-4.2457,0,0,0,5.4022,5.4248,5.4347,5.464,-19.989,31.227,4.4392,105.67,197.88,-29.876
2.45,-46.554,2.5384,-3.5818,-0.35443,-0.49463,0.79331,0.01959,-27.931,-4.2051,-8.4901,1.2168,1.1379,1.2462,-12.565,-16.65,-4.2028,0,0,0,5.3674,5.392,5.4043,5.4351,-18.923,33.197,4.1402,107.46,196.01,-29.908
2.46,-46.834,2.4956,-3.667,-0.36188,-0.48737,0.79444,0.019692,-28.058,-4.3699,-8.5319,1.2671,1.1426,1.271,-12.748,-16.309,-4.1629,0,0,0,5.3285,5.355,5.3699,5.4024,-17.84,35.146,3.8412,109.08,193.87,-29.876
2.47,-47.115,2.4511,-3.7525,-0.36946,-0.47972,0.7956,0.019631,-28.186,-4.5312,-8.5733,1.3217,1.1477,1.2985,-12.921,-15.948,-4.126,0,0,0,5.2854,5.314,5.3315,5.366,-16.742,37.073,3.5429,110.54,191.44,-29.781
2.48,-47.397,2.4049,-3.8384,-0.37719,-0.47165,0.7968,0.019391,-28.316,-4.6888,-8.6144,1.381,1.1528,1.3287,-13.083,-15.567,-4.092,0,0,0,5.2385,5.2691,5.2892,5.3259,-15.63,38.974,3.2458,111.82,188.74,-29.623
2.49,-47.681,2.3573,-3.9248,-0.38508,-0.46312,0.79804,0.018957,-28.448,-4.8424,-8.6552,1.4453,1.1578,1.3619,-13.234,-15.168,-4.0611,0,0,0,5.1877,5.2204,5.2432,5.2825,-14.506,40.847,2.9507,112.95,185.78,-29.403
2.5,-47.966,2.3081,-4.0115,-0.39313,-0.45409,0.79932,0.018309,-28.581,-4.9921,-8.6957,1.515,1.1622,1.398,-13.373,-14.751,-4.033,0,0,0,5.1332,5.168,5.1936,5.2357,-13.372,42.689,2.658,113.91,182.54,-29.123
2.51,-48.253,2.2575,-4.0987,-0.40134,-0.44451,0.80065,0.017423,-28.715,-5.1374,-8.7359,1.5905,1.1658,1.4373,-13.501,-14.315,-4.0079,0,0,0,5.0752,5.1121,5.1405,5.1859,-12.228,44.497,2.3684,114.71,179.06,-28.784
2.52,-48.541,2.2054,-4.1862,-0.40973,-0.43432,0.80201,0.016276,-28.851,-5.2783,-8.7758,1.6723,1.1679,1.4799,-13.618,-13.861,-3.9856,0,0,0,5.0139,5.0529,5.0842,5.1332,-11.078,46.269,2.0825,115.35,175.33,-28.389
2.53,-48.83,2.1519,-4.2742,-0.41829,-0.42348,0.80342,0.014839,-28.987,-5.4145,-8.8156,1.7608,1.1679,1.5259,-13.723,-13.389,-3.9662,0,0,0,4.9495,4.9905,5.0247,5.0778,-9.9219,48.003,1.8008,115.84,171.36,-27.939
2.54,-49.12,2.0971,-4.3626,-0.42702,-0.41191,0.80487,0.01308,-29.125,-5.546,-8.8552,1.8565,1.1653,1.5755,-13.816,-12.901,-3.9496,0,0,0,4.8822,4.9251,4.9623,5.02,-8.7616,49.696,1.5239,116.19,167.15,-27.435
2.55,-49.412,2.041,-4.4513,-0.43591,-0.39956,0.80636,0.010964,-29.264,-5.6725,-8.8946,1.9599,1.1591,1.6289,-13.898,-12.396,-3.9357,0,0,0,4.8123,4.8569,4.8971,4.9599,-7.5986,51.345,1.2523,116.39,162.73,-26.879
2.56,-49.706,1.9837,-4.5404,-0.44496,-0.38634,0.80789,0.0084516,-29.403,-5.7939,-8.9339,2.0715,1.1484,1.6861,-13.968,-11.874,-3.9245,0,0,0,4.74,4.7861,4.8295,4.898,-6.4343,52.949,0.98645,116.44,158.08,-26.273
2.57,-50,1.9251,-4.63,-0.45414,-0.37218,0.80945,0.0055024,-29.543,-5.9099,-8.9731,2.1915,1.1319,1.7474,-14.027,-11.337,-3.916,0,0,0,4.6658,4.713,4.7596,4.8344,-5.2702,54.506,0.72696,116.36,153.23,-25.618
2.58,-50.296,1.8655,-4.7199,-0.46343,-0.35699,0.81104,0.0020715,-29.683,-6.0206,-9.0122,2.3204,1.1083,1.8127,-14.074,-10.784,-3.91,0,0,0,4.59,4.6378,4.6877,4.7695,-4.1076,56.013,0.47425,116.13,148.17,-24.916
2.59,-50.594,1.8048,-4.8102,0.47279,0.34069,-0.81265,0.0018873,-29.824,-6.1256,-9.0513,2.4583,1.0761,1.8823,-14.109,-10.217,-3.9065,0,0,0,4.513,4.5609,4.6142,4.7035,-2.948,57.469,0.2288,115.78,142.92,-24.168
2.6,-50.893,1.743,-4.9009,0.48217,0.32318,-0.81427,0.0064205,-29.966,-6.2248,-9.0903,2.6054,1.0334,1.9561,-14.133,-9.6348,-3.9054,0,0,0,4.4353,4.4824,4.5392,4.6368,-1.7925,58.871,-0.0089532,115.29,137.48,-23.376
2.61,-51.193,1.6803,-4.992,0.4915,0.30436,-0.81588,0.011573,-30.107,-6.3182,-9.1294,2.7614,0.97815,2.0342,-14.145,-9.0394,-3.9066,0,0,0,4.3573,4.4028,4.4633,4.5697,-0.64249,60.218,-0.23857,114.68,131.87,-22.541
2.62,-51.495,1.6167,-5.0835,0.50069,0.28416,-0.81747,0.017385,-30.248,-6.4056,-9.1685,2.9258,0.90822,2.1166,-14.145,-8.4307,-3.9101,0,0,0,4.2797,4.3224,4.3866,4.5025,0.50076,61.508,-0.45964,113.95,126.08,-21.666
2.63,-51.798,1.5522,-5.1754,0.50966,0.26249,-0.81901,0.023889,-30.39,-6.4868,-9.2076,3.0977,0.82121,2.203,-14.135,-7.8094,-3.9158,0,0,0,4.203,4.2415,4.3096,4.4355,1.636,62.739,-0.67175,113.09,120.12,-20.751
2.64,-52.103,1.4869,-5.2677,0.51826,0.23927,-0.82048,0.031104,-30.531,-6.5617,-9.2468,3.2757,0.71472,2.2934,-14.113,-7.1761,-3.9235,0,0,0,4.1279,4.1605,4.2329,4.3689,2.7622,63.91,-0.87453,112.11,114.01,-19.798
2.65,-52.409,1.421,-5.3603,0.52635,0.21445,-0.82185,0.039029,-30.672,-6.6303,-9.2861,3.4579,0.5864,2.3873,-14.08,-6.5314,-3.9332,0,0,0,4.0551,4.0799,4.1568,4.3031,3.878,65.019,-1.0676,111.03,107.74,-18.81
2.66,-52.716,1.3544,-5.4534,0.53376,0.18801,-0.82309,0.047639,-30.813,-6.6923,-9.3255,3.6416,0.43417,2.4843,-14.035,-5.8759,-3.9448,0,0,0,3.9853,4.0003,4.0819,4.2382,4.9823,66.064,-1.2506,109.83,101.34,-17.787
2.67,-53.025,1.2871,-5.5468,0.5403,0.15997,-0.82416,0.056878,-30.953,-6.7478,-9.365,3.8236,0.25642,2.5838,-13.98,-5.2103,-3.9582,0,0,0,3.9193,3.9221,4.0088,4.1744,6.0741,67.045,-1.4232,108.52,94.798,-16.731
2.68,-53.335,1.2194,-5.6407,0.54577,0.13037,-0.82504,0.066649,-31.092,-6.7965,-9.4047,4,0.052334,2.685,-13.914,-4.5353,-3.9733,0,0,0,3.8579,3.8461,3.9382,4.1119,7.1523,67.96,-1.5851,107.1,88.13,-15.644
2.69,-53.647,1.1512,-5.7349,0.54995,0.099339,-0.8257,0.076816,-31.231,-6.8384,-9.4445,4.1662,-0.17788,2.787,-13.837,-3.8514,-3.9899,0,0,0,3.8017,3.773,3.8707,4.0507,8.2158,68.807,-1.736,105.59,81.341,-14.527
2.7,-53.96,1.0827,-5.8296,0.55265,0.067028,-0.82612,0.087199,-31.369,-6.8735,-9.4845,4.3175,-0.43268,2.8885,-13.75,-3.1593,-4.008,0,0,0,3.7515,3.7035,3.807,3.991,9.2637,69.586,-1.8756,103.97,74.439,-13.381
2.71,-54.274,1.0138,-5.9246,0.55369,0.033665,-0.8263,0.09758,-31.506,-6.9016,-9.5246,4.4491,-0.70907,2.9883,-13.652,-2.4599,-4.0274,0,0,0,3.7078,3.6387,3.7479,3.9329,10.295,70.296,-2.0035,102.26,67.432,-12.21
2.72,-54.59,0.94467,-6.0201,0.55293,-0.00047915,-0.82624,0.10771,-31.642,-6.9227,-9.565,4.5567,-1.0025,3.0847,-13.544,-1.7537,-4.048,0,0,0,3.6711,3.5794,3.6942,3.8766,11.309,70.934,-2.1197,100.46,60.326,-11.013
2.73,-54.907,0.87537,-6.1159,0.55027,-0.035094,-0.82596,0.11733,-31.777,-6.9366,-9.6056,4.6364,-1.307,3.176,-13.426,-1.0414,-4.0697,0,0,0,3.6417,3.5269,3.6464,3.8222,12.304,71.502,-2.2237,98.572,53.13,-9.7927
2.74,-55.226,0.80596,-6.2122,0.54568,-0.069847,-0.82549,0.12616,-31.91,-6.9435,-9.6464,4.6857,-1.6155,3.2605,-13.298,-0.32387,-4.0924,0,0,0,3.6198,3.4819,3.6052,3.7702,13.28,71.997,-2.3155,96.595,45.851,-8.5508
2.75,-55.545,0.73652,-6.3089,0.53919,-0.1044,-0.82488,0.13397,-32.043,-6.9431,-9.6874,4.7029,-1.9203,3.3363,-13.16,0.39827,-4.116,0,0,0,3.6056,3.4457,3.571,3.721,14.236,72.419,-2.3947,94.535,38.496,-7.2886
2.76,-55.866,0.66712,-6.4059,0.53089,-0.13844,-0.82416,0.14054,-32.174,-6.9355,-9.7287,4.6881,-2.2134,3.4016,-13.013,1.1243,-4.1403,0,0,0,3.5989,3.4189,3.5444,3.6755,15.17,72.767,-2.4612,92.395,31.073,-6.0079
2.77,-56.189,0.59783,-6.5034,0.52092,-0.17166,-0.82338,0.14571,-32.303,-6.9206,-9.7703,4.6423,-2.4875,3.4547,-12.857,1.8534,-4.1652,0,0,0,3.5996,3.4023,3.5256,3.6343,16.083,73.04,-2.5148,90.179,23.589,-4.7101
2.78,-56.512,0.52873,-6.6013,0.50946,-0.20381,-0.82256,0.14937,-32.431,-6.8984,-9.812,4.5679,-2.736,3.4941,-12.691,2.5848,-4.1905,0,0,0,3.6076,3.3963,3.5148,3.5985,16.974,73.238,-2.5553,87.889,16.051,-3.3969
2.79,-56.837,0.45989,-6.6997,0.49673,-0.2347,-0.82172,0.15147,-32.557,-6.8689,-9.8541,4.4677,-2.9536,3.5187,-12.517,3.3179,-4.2162,0,0,0,3.6225,3.4011,3.5121,3.5691,17.841,73.361,-2.5827,85.53,8.4675,-2.0698
2.8,-57.164,0.39138,-6.7984,0.48296,-0.26415,-0.82089,0.15202,-32.681,-6.8321,-9.8964,4.3455,-3.1366,3.5278,-12.335,4.0518,-4.2421,0,0,0,3.6441,3.4166,3.5175,3.5472,18.684,73.407,-2.5967,83.103,0.84535,-0.73052
2.81,-57.491,0.32327,-6.8976,0.46839,-0.29208,-0.82005,0.15107,-32.803,-6.7879,-9.9389,4.2051,-3.2828,3.521,-12.144,4.7858,-4.2681,0,0,0,3.672,3.4424,3.5311,3.5336,19.503,73.378,-2.5972,80.612,-6.8079,0.61945
2.82,-57.82,0.25565,-6.9972,0.45323,-0.3184,-0.8192,0.14872,-32.924,-6.7364,-9.9817,4.0503,-3.3917,3.4987,-11.945,5.5191,-4.294,0,0,0,3.706,3.4781,3.5528,3.5294,20.296,73.271,-2.5843,78.06,-14.485,1.9785
2.83,-58.15,0.18857,-7.0972,0.43771,-0.34309,-0.81832,0.14509,-33.042,-6.6775,-10.025,3.885,-3.4641,3.4613,-11.738,6.2509,-4.3197,0,0,0,3.7459,3.5229,3.5823,3.535,21.064,73.088,-2.5576,75.451,-22.178,3.345
2.84,-58.481,0.12212,-7.1977,0.42201,-0.36616,-0.8174,0.14032,-33.159,-6.6113,-10.068,3.7126,-3.5022,3.41,-11.524,6.9806,-4.3451,0,0,0,3.7913,3.576,3.6195,3.551,21.805,72.827,-2.5173,72.788,-29.88,4.7175
2.85,-58.813,0.056368,-7.2986,0.40631,-0.38762,-0.81643,0.13457,-33.273,-6.5379,-10.112,3.5362,-3.509,3.3461,-11.302,7.7072,-4.37,0,0,0,3.8421,3.6367,3.6643,3.5774,22.519,72.49,-2.4633,70.073,-37.584,6.0942
2.86,-59.146,-0.0086132,-7.3999,0.39076,-0.40753,-0.81538,0.128,-33.385,-6.4572,-10.156,3.3586,-3.4879,3.2711,-11.073,8.4301,-4.3944,0,0,0,3.898,3.704,3.7162,3.6143,23.206,72.076,-2.3954,67.31,-45.281,7.4736
2.87,-59.48,-0.072752,-7.5017,0.37548,-0.42595,-0.81425,0.12075,-33.494,-6.3693,-10.2,3.182,-3.443,3.1869,-10.838,9.1485,-4.4179,0,0,0,3.9588,3.7773,3.7749,3.6611,23.865,71.585,-2.3138,64.502,-52.965,8.8542
2.88,-59.816,-0.13598,-7.6039,0.36056,-0.44294,-0.81304,0.11296,-33.601,-6.2743,-10.244,3.0083,-3.3782,3.0952,-10.596,9.8615,-4.4406,0,0,0,4.0243,3.8557,3.8401,3.7175,24.496,71.017,-2.2184,61.653,-60.628,10.234
2.89,-60.152,-0.19821,-7.7066,0.34609,-0.4586,-0.81175,0.10478,-33.706,-6.1721,-10.288,2.8389,-3.2976,2.9979,-10.348,10.569,-4.4622,0,0,0,4.0942,3.9387,3.9114,3.7828,25.098,70.372,-2.1091,58.765,-68.263,11.612
2.9,-60.49,-0.25939,-7.8097,0.33212,-0.47299,-0.81037,0.096309,-33.808,-6.0629,-10.333,2.675,-3.2048,2.8965,-10.094,11.269,-4.4827,0,0,0,4.1683,4.0256,3.9881,3.856,25.671,69.651,-1.9861,55.841,-75.862,12.987
2.91,-60.829,-0.31945,-7.9133,0.31869,-0.48621,-0.80892,0.087654,-33.908,-5.9468,-10.378,2.5174,-3.1031,2.7926,-9.8347,11.961,-4.5019,0,0,0,4.2463,4.1159,4.07,3.9365,26.215,68.855,-1.8494,52.885,-83.418,14.356
2.92,-61.168,-0.37831,-8.0173,0.30582,-0.49834,-0.80741,0.078903,-34.005,-5.8237,-10.423,2.3666,-2.9955,2.6877,-9.57,12.646,-4.5197,0,0,0,4.3279,4.2091,4.1563,4.0233,26.729,67.983,-1.699,49.9,-90.923,15.718
2.93,-61.509,-0.4359,-8.1217,0.29352,-0.50946,-0.80584,0.070128,-34.099,-5.6939,-10.468,2.2228,-2.8844,2.5828,-9.3003,13.321,-4.5358,0,0,0,4.4127,4.3048,4.2467,4.1155,27.213,67.037,-1.5351,46.888,-98.37,17.072
2.94,-61.85,-0.49216,-8.2266,0.2818,-0.51964,-0.80423,0.06139,-34.191,-5.5573,-10.514,2.0863,-2.772,2.479,-9.0258,13.986,-4.5503,0,0,0,4.5005,4.4025,4.3405,4.2123,27.667,66.016,-1.3576,43.855,-105.75,18.416
2.95,-62.192,-0.54702,-8.332,0.27065,-0.52897,-0.8026,0.052739,-34.28,-5.4142,-10.559,1.957,-2.66,2.377,-8.747,14.641,-4.563,0,0,0,4.5907,4.5019,4.4371,4.3128,28.09,64.922,-1.1668,40.801,-113.06,19.748
2.96,-62.536,-0.60042,-8.4378,0.26004,-0.53751,-0.80094,0.044211,-34.366,-5.2646,-10.605,1.8347,-2.5497,2.2776,-8.4642,15.284,-4.5736,0,0,0,4.6831,4.6026,4.5362,4.4164,28.482,63.755,-0.96271,37.731,-120.29,21.067
2.97,-62.88,-0.65229,-8.5441,0.24998,-0.54532,-0.79928,0.035838,-34.449,-5.1085,-10.651,1.7193,-2.4421,2.1811,-8.1775,15.916,-4.5822,0,0,0,4.7773,4.7042,4.6371,4.5221,28.844,62.517,-0.7455,34.647,-127.43,22.371
2.98,-63.225,-0.70257,-8.6508,0.24042,-0.55247,-0.79763,0.027642,-34.529,-4.9463,-10.697,1.6104,-2.338,2.0881,-7.8874,16.534,-4.5885,0,0,0,4.8728,4.8064,4.7394,4.6295,29.175,61.207,-0.51533,31.553,-134.47,23.659
2.99,-63.57,-0.7512,-8.758,0.23136,-0.55901,-0.79599,0.019638,-34.607,-4.7779,-10.743,1.5077,-2.238,1.9987,-7.5941,17.14,-4.5924,0,0,0,4.9692,4.9088,4.8425,4.7378,29.475,59.827,-0.27237,28.453,-141.42,24.929
3,-63.917,-0.79811,-8.8657,0.22276,-0.56498,-0.79437,0.011836,-34.681,-4.6035,-10.789,1.411,-2.1425,1.9131,-7.298,17.731,-4.5939,0,0,0,5.0662,5.011,4.9461,4.8465,29.744,58.379,-0.016811,25.348,-148.25,26.18
3.01,-64.264,-0.84325,-8.9738,0.2146,-0.57044,-0.79279,0.0042438,-34.753,-4.4233,-10.835,1.3197,-2.0516,1.8313,-6.9993,18.307,-4.5927,0,0,0,5.1633,5.1129,5.0496,4.9552,29.982,56.863,0.25115,22.243,-154.96,27.409
3.02,-64.612,-0.88656,-9.0824,-0.20686,0.57543,0.79125,0.0031367,-34.821,-4.2374,-10.88,1.2337,-1.9655,1.7534,-6.6984,18.868,-4.5888,0,0,0,5.2602,5.214,5.1527,5.0633,30.189,55.28,0.53129,19.14,-161.55,28.616
3.03,-64.96,-0.92798,-9.1914,-0.1995,0.57997,0.78976,0.010305,-34.887,-4.046,-10.926,1.1524,-1.8842,1.6794,-6.3956,19.412,-4.5821,0,0,0,5.3566,5.314,5.255,5.1703,30.365,53.632,0.82338,16.043,-168.01,29.798
3.04,-65.31,-0.96746,-9.3009,-0.19251,0.58412,0.78832,0.017265,-34.949,-3.8493,-10.972,1.0756,-1.8077,1.6091,-6.0912,19.94,-4.5723,0,0,0,5.452,5.4127,5.3561,5.276,30.51,51.92,1.1272,12.954,-174.33,30.954
3.05,-65.659,-1.0049,-9.4109,-0.18586,0.58789,0.78694,0.024018,-35.008,-3.6473,-11.018,1.0029,-1.7358,1.5425,-5.7855,20.451,-4.5595,0,0,0,5.5461,5.5097,5.4556,5.3799,30.624,50.146,1.4424,9.8775,-180.5,32.083
3.06,-66.01,-1.0404,-9.5213,-0.17953,0.59131,0.78561,0.030571,-35.065,-3.4403,-11.063,0.93401,-1.6685,1.4795,-5.4788,20.943,-4.5434,0,0,0,5.6386,5.6047,5.5533,5.4817,30.708,48.311,1.7687,6.816,-186.51,33.182
3.07,-66.361,-1.0737,-9.6321,-0.17349,0.59441,0.78436,0.036931,-35.118,-3.2285,-11.109,0.86861,-1.6055,1.4199,-5.1715,21.417,-4.5241,0,0,0,5.7292,5.6975,5.6488,5.581,30.761,46.416,2.1059,3.7728,-192.37,34.251
3.08,-66.712,-1.1049,-9.7434,-0.16773,0.59721,0.78317,0.043103,-35.168,-3.012,-11.154,0.80642,-1.5468,1.3637,-4.8637,21.871,-4.5013,0,0,0,5.8176,5.7878,5.7418,5.6777,30.783,44.464,2.4536,0.75091,-198.05,35.288
3.09,-67.064,-1.134,-9.8552,-0.16222,0.59973,0.78205,0.049095,-35.215,-2.7911,-11.199,0.74715,-1.4921,1.3106,-4.5559,22.306,-4.475,0,0,0,5.9035,5.8753,5.832,5.7713,30.776,42.456,2.8116,-2.2464,-203.56,36.291
3.1,-67.416,-1.1608,-9.9674,-0.15695,0.60198,0.781,0.054916,-35.259,-2.566,-11.243,0.69054,-1.4412,1.2605,-4.2483,22.72,-4.445,0,0,0,5.9866,5.9598,5.9193,5.8617,30.738,40.394,3.1793,-5.2159,-208.88,37.258
3.11,-67.769,-1.1853,-10.08,-0.1519,0.60399,0.78003,0.060573,-35.3,-2.3368,-11.287,0.63635,-1.3941,1.2132,-3.9412,23.113,-4.4113,0,0,0,6.0667,6.0411,6.0032,5.9487,30.672,38.279,3.5566,-8.1546,-214.01,38.189
3.12,-68.122,-1.2075,-10.193,-0.14706,0.60576,0.77914,0.066075,-35.338,-2.1038,-11.331,0.58435,-1.3504,1.1687,-3.635,23.485,-4.3738,0,0,0,6.1435,6.119,6.0837,6.0319,30.575,36.114,3.943,-11.059,-218.94,39.08
3.13,-68.476,-1.2273,-10.307,-0.1424,0.60731,0.77833,0.071429,-35.373,-1.8672,-11.375,0.53431,-1.3102,1.1268,-3.3298,23.835,-4.3325,0,0,0,6.2168,6.1931,6.1605,6.1112,30.451,33.901,4.3381,-13.927,-223.66,39.932
3.14,-68.83,-1.2448,-10.421,-0.13792,0.60865,0.77759,0.076643,-35.405,-1.6272,-11.418,0.48604,-1.2731,1.0874,-3.0261,24.163,-4.2871,0,0,0,6.2864,6.2635,6.2333,6.1865,30.297,31.642,4.7415,-16.754,-228.17,40.742
3.15,-69.184,-1.2599,-10.535,-0.13359,0.60978,0.77694,0.081726,-35.434,-1.384,-11.461,0.43934,-1.2391,1.0503,-2.724,24.468,-4.2376,0,0,0,6.3521,6.3297,6.3021,6.2574,30.116,29.338,5.1528,-19.537,-232.46,41.508
3.16,-69.538,-1.2725,-10.65,-0.12942,0.61073,0.77637,0.086685,-35.459,-1.1379,-11.503,0.39402,-1.208,1.0154,-2.4238,24.75,-4.184,0,0,0,6.4137,6.3917,6.3666,6.3239,29.907,26.993,5.5715,-22.274,-236.52,42.229
3.17,-69.893,-1.2826,-10.765,-0.12537,0.61148,0.77588,0.091528,-35.482,-0.88907,-11.544,0.3499,-1.1797,0.98262,-2.1259,25.008,-4.1261,0,0,0,6.471,6.4494,6.4266,6.3859,29.67,24.609,5.9972,-24.961,-240.34,42.904
3.18,-70.248,-1.2903,-10.881,-0.12145,0.61205,0.77548,0.096263,-35.502,-0.6378,-11.585,0.30683,-1.1541,0.95186,-1.8305,25.242,-4.064,0,0,0,6.5239,6.5025,6.4821,6.4431,29.407,22.187,6.4294,-27.595,-243.92,43.53
3.19,-70.603,-1.2954,-10.997,-0.11765,0.61245,0.77517,0.1009,-35.519,-0.38431,-11.626,0.26464,-1.131,0.92301,-1.5379,25.452,-3.9975,0,0,0,6.5723,6.5509,6.5328,6.4954,29.119,19.731,6.8676,-30.173,-247.25,44.107
3.2,-70.958,-1.2979,-11.113,-0.11394,0.61267,0.77494,0.10543,-35.533,-0.12885,-11.665,0.22317,-1.1105,0.89598,-1.2482,25.636,-3.9266,0,0,0,6.6159,6.5944,6.5787,6.5427,28.804,17.243,7.3114,-32.691,-250.31,44.632
3.21,-71.314,-1.2979,-11.23,-0.11033,0.61272,0.7748,0.10989,-35.544,0.12833,-11.704,0.18227,-1.0924,0.87069,-0.96187,25.796,-3.8513,0,0,0,6.6546,6.6331,6.6196,6.585,28.465,14.726,7.7601,-35.147,-253.12,45.105
3.22,-71.669,-1.2954,-11.347,-0.1068,0.61261,0.77476,0.11426,-35.552,0.38699,-11.742,0.1418,-1.0766,0.84706,-0.67901,25.931,-3.7714,0,0,0,6.6884,6.6666,6.6554,6.6221,28.101,12.182,8.2133,-37.538,-255.64,45.523
3.23,-72.025,-1.2902,-11.465,-0.10334,0.61233,0.7748,0.11855,-35.557,0.64686,-11.78,0.10162,-1.0631,0.82503,-0.39992,26.04,-3.687,0,0,0,6.7172,6.6951,6.6861,6.6539,27.714,9.6139,8.6704,-39.859,-257.89,45.884
3.24,-72.38,-1.2824,-11.583,-0.099945,0.61188,0.77494,0.12278,-35.56,0.9077,-11.816,0.061578,-1.0519,0.80451,-0.1248,26.123,-3.598,0,0,0,6.7408,6.7183,6.7115,6.6804,27.305,7.025,9.1308,-42.109,-259.85,46.188
3.25,-72.736,-1.272,-11.701,-0.096607,0.61127,0.77518,0.12695,-35.56,1.1692,-11.851,0.02154,-1.0429,0.78547,0.1461,26.18,-3.5044,0,0,0,6.7593,6.7362,6.7317,6.7014,26.872,4.4179,9.5939,-44.284,-261.51,46.433
3.26,-73.092,-1.259,-11.82,-0.093315,0.61049,0.77551,0.13106,-35.557,1.4312,-11.886,-0.018634,-1.036,0.76784,0.41258,26.211,-3.4061,0,0,0,6.7724,6.7487,6.7465,6.7171,26.419,1.7957,10.059,-46.38,-262.87,46.617
3.27,-73.447,-1.2434,-11.939,-0.090062,0.60954,0.77594,0.13512,-35.551,1.6934,-11.92,-0.059086,-1.0313,0.75158,0.67442,26.216,-3.3032,0,0,0,6.7803,6.7558,6.7559,6.7272,25.945,-0.83848,10.526,-48.395,-263.92,46.738
3.28,-73.803,-1.2252,-12.058,-0.086839,0.60842,0.77648,0.13914,-35.543,1.9555,-11.952,-0.099955,-1.0288,0.73665,0.93141,26.195,-3.1956,0,0,0,6.7827,6.7575,6.7598,6.7319,25.451,-3.4816,10.994,-50.325,-264.65,46.795
3.29,-74.158,-1.2043,-12.178,-0.083639,0.60713,0.77712,0.14312,-35.533,2.2172,-11.983,-0.14139,-1.0284,0.723,1.1834,26.147,-3.0833,0,0,0,6.7799,6.7538,6.7584,6.731,24.939,-6.1304,11.462,-52.167,-265.05,46.787
3.3,-74.513,-1.1808,-12.298,-0.080453,0.60566,0.77787,0.14707,-35.52,2.4783,-12.014,-0.18353,-1.0302,0.71061,1.4301,26.072,-2.9664,0,0,0,6.7716,6.7445,6.7515,6.7246,24.408,-8.7816,11.929,-53.919,-265.12,46.711
3.31,-74.868,-1.1547,-12.418,-0.077272,0.604,0.77873,0.15099,-35.504,2.7385,-12.043,-0.22653,-1.0342,0.69944,1.6715,25.971,-2.8447,0,0,0,6.758,6.7298,6.7392,6.7127,23.861,-11.432,12.396,-55.577,-264.86,46.567
3.32,-75.223,-1.1261,-12.539,-0.07409,0.60216,0.7797,0.15488,-35.486,2.9976,-12.071,-0.27055,-1.0405,0.68947,1.9073,25.843,-2.7185,0,0,0,6.7391,6.7096,6.7215,6.6953,23.297,-14.078,12.86,-57.141,-264.25,46.354
3.33,-75.578,-1.0948,-12.66,-0.070896,0.60012,0.78079,0.15876,-35.466,3.2553,-12.097,-0.31575,-1.0489,0.68069,2.1374,25.689,-2.5875,0,0,0,6.7149,6.684,6.6984,6.6726,22.718,-16.716,13.323,-58.612,-263.32,46.075
3.34,-75.933,-1.061,-12.781,-0.067683,0.59787,0.782,0.16263,-35.444,3.5113,-12.122,-0.36231,-1.0598,0.67308,2.3616,25.509,-2.452,0,0,0,6.6854,6.653,6.6701,6.6444,22.125,-19.343,13.782,-59.993,-262.06,45.731
3.35,-76.287,-1.0246,-12.902,-0.064442,0.59541,0.78333,0.16649,-35.419,3.7654,-12.146,-0.41041,-1.0729,0.66661,2.5798,25.303,-2.3119,0,0,0,6.6508,6.6167,6.6365,6.6109,21.519,-21.956,14.237,-61.284,-260.48,45.322
3.36,-76.641,-0.98566,-13.024,-0.061164,0.59274,0.7848,0.17034,-35.392,4.0173,-12.169,-0.46026,-1.0886,0.66128,2.792,25.07,-2.1673,0,0,0,6.611,6.5752,6.5979,6.5722,20.9,-24.551,14.688,-62.487,-258.6,44.852
3.37,-76.995,-0.94424,-13.145,-0.057839,0.58982,0.7864,0.17419,-35.363,4.2667,-12.189,-0.51205,-1.1067,0.65708,2.9978,24.812,-2.0182,0,0,0,6.5663,6.5286,6.5541,6.5284,20.269,-27.127,15.134,-63.603,-256.41,44.32
3.38,-77.348,-0.90033,-13.267,-0.054458,0.58667,0.78813,0.17805,-35.332,4.5134,-12.209,-0.56602,-1.1275,0.654,3.1973,24.528,-1.8646,0,0,0,6.5168,6.4769,6.5055,6.4796,19.628,-29.679,15.574,-64.633,-253.93,43.729
3.39,-77.701,-0.85398,-13.39,-0.051009,0.58325,0.79001,0.18191,-35.299,4.7572,-12.227,-0.62241,-1.151,0.65205,3.3903,24.218,-1.7067,0,0,0,6.4624,6.4203,6.4521,6.4259,18.977,-32.204,16.008,-65.58,-251.16,43.08
3.4,-78.054,-0.8052,-13.512,-0.047483,0.57957,0.79204,0.18579,-35.264,4.9977,-12.243,-0.68147,-1.1772,0.65122,3.5768,23.884,-1.5445,0,0,0,6.4035,6.359,6.3941,6.3675,18.317,-34.701,16.436,-66.443,-248.11,42.374
3.41,-78.407,-0.75403,-13.635,-0.043868,0.57559,0.79423,0.18967,-35.228,5.2348,-12.258,-0.74349,-1.2065,0.65152,3.7566,23.524,-1.378,0,0,0,6.3402,6.293,6.3316,6.3046,17.648,-37.166,16.856,-67.225,-244.79,41.612
3.42,-78.759,-0.70052,-13.757,-0.040153,0.5713,0.79658,0.19357,-35.189,5.4681,-12.271,-0.80875,-1.2387,0.65294,3.9298,23.14,-1.2074,0,0,0,6.2727,6.2226,6.2648,6.2372,16.973,-39.596,17.268,-67.927,-241.19,40.797
3.43,-79.111,-0.64469,-13.88,-0.036324,0.56669,0.79909,0.19749,-35.149,5.6975,-12.282,-0.87759,-1.2741,0.6555,4.0961,22.732,-1.0327,0,0,0,6.2011,6.148,6.194,6.1656,16.29,-41.989,17.671,-68.551,-237.34,39.93
3.44,-79.462,-0.58658,-14.003,-0.032368,0.56172,0.80178,0.20142,-35.107,5.9227,-12.291,-0.95034,-1.3128,0.6592,4.2555,22.301,-0.854,0,0,0,6.1257,6.0693,6.1194,6.0901,15.602,-44.342,18.066,-69.097,-233.23,39.011
3.45,-79.813,-0.52625,-14.126,-0.028271,0.55638,0.80465,0.20536,-35.064,6.1434,-12.299,-1.0274,-1.3549,0.66405,4.4081,21.846,-0.67141,0,0,0,6.0468,5.9868,6.0412,6.0109,14.908,-46.653,18.451,-69.567,-228.88,38.043
3.46,-80.163,-0.46373,-14.249,-0.024019,0.55064,0.80772,0.20931,-35.019,6.3595,-12.305,-1.1091,-1.4005,0.67005,4.5537,21.368,-0.48501,0,0,0,5.9645,5.9009,5.9596,5.9281,14.211,-48.919,18.827,-69.963,-224.29,37.026
3.47,-80.513,-0.39907,-14.372,-0.019596,0.54447,0.81098,0.21327,-34.973,6.5707,-12.309,-1.1959,-1.4497,0.67722,4.6923,20.867,-0.29491,0,0,0,5.8793,5.8116,5.8751,5.8422,13.509,-51.137,19.192,-70.285,-219.46,35.963
3.48,-80.863,-0.33233,-14.495,-0.014986,0.53783,0.81444,0.21723,-34.925,6.7768,-12.311,-1.2882,-1.5026,0.68555,4.8239,20.345,-0.10121,0,0,0,5.7914,5.7195,5.7878,5.7533,12.805,-53.307,19.546,-70.536,-214.41,34.855
3.49,-81.212,-0.26355,-14.618,-0.010171,0.5307,0.81813,0.22119,-34.877,6.9775,-12.311,-1.3865,-1.5593,0.69504,4.9484,19.802,0.09597,0,0,0,5.7011,5.6247,5.6981,5.6619,12.099,-55.425,19.889,-70.716,-209.14,33.703
3.5,-81.56,-0.1928,-14.741,-0.0051344,0.52303,0.82203,0.22512,-34.826,7.1728,-12.309,-1.4912,-1.6197,0.70569,5.0658,19.237,0.29652,0,0,0,5.6088,5.5278,5.6065,5.5682,11.391,-57.489,20.22,-70.828,-203.66,32.508
3.51,-81.908,-0.12012,-14.864,0.00014219,0.51478,0.82616,0.22903,-34.775,7.3622,-12.305,-1.6029,-1.6837,0.71748,5.1762,18.652,0.50032,0,0,0,5.5149,5.4291,5.5132,5.4727,10.683,-59.497,20.539,-70.871,-197.97,31.273
3.52,-82.256,-0.045573,-14.987,0.005677,0.50592,0.83053,0.23288,-34.723,7.5457,-12.299,-1.7221,-1.7513,0.73038,5.2795,18.047,0.70725,0,0,0,5.4198,5.329,5.4188,5.3757,9.974,-61.448,20.845,-70.848,-192.09,29.997
3.53,-82.603,0.030776,-15.11,0.011488,0.49638,0.83515,0.23666,-34.67,7.7231,-12.29,-1.8491,-1.8222,0.74436,5.3757,17.423,0.91718,0,0,0,5.3239,5.2281,5.3236,5.2777,9.2659,-63.339,21.139,-70.761,-186.01,28.684
3.54,-82.949,0.10887,-15.233,0.017592,0.48612,0.84001,0.24033,-34.615,7.8941,-12.28,-1.9846,-1.8959,0.75936,5.4648,16.781,1.13,0,0,0,5.2278,5.1269,5.2282,5.1791,8.559,-65.168,21.419,-70.609,-179.75,27.334
3.55,-83.295,0.18864,-15.356,0.024006,0.47508,0.84513,0.24386,-34.56,8.0587,-12.268,-2.1288,-1.972,0.77529,5.5469,16.12,1.3455,0,0,0,5.1318,5.0261,5.133,5.0805,7.8539,-66.933,21.685,-70.396,-173.31,25.948
3.56,-83.64,0.27002,-15.478,0.030743,0.46321,0.85051,0.24722,-34.505,8.2165,-12.253,-2.2822,-2.0495,0.79206,5.6219,15.442,1.5636,0,0,0,5.0365,4.9262,5.0387,4.9823,7.1512,-68.633,21.937,-70.121,-166.71,24.529
3.57,-83.985,0.35294,-15.601,0.037814,0.45045,0.85615,0.25034,-34.448,8.3674,-12.237,-2.4449,-2.1276,0.80954,5.6899,14.748,1.7842,0,0,0,4.9424,4.8281,4.9457,4.8852,6.4517,-70.267,22.176,-69.787,-159.94,23.077
3.58,-84.329,0.43734,-15.723,0.045225,0.43674,0.86205,0.25317,-34.391,8.5114,-12.218,-2.6169,-2.2048,0.82754,5.751,14.037,2.0071,0,0,0,4.8501,4.7324,4.8546,4.7898,5.7557,-71.831,22.399,-69.396,-153.01,21.594
3.59,-84.673,0.52315,-15.845,0.052975,0.422,0.86819,0.25564,-34.333,8.6481,-12.196,-2.7982,-2.2795,0.84588,5.805,13.311,2.2321,0,0,0,4.7602,4.64,4.7662,4.6967,5.0639,-73.326,22.607,-68.947,-145.93,20.082
3.6,-85.016,0.61028,-15.967,0.061056,0.40619,0.87458,0.25766,-34.275,8.7775,-12.173,-2.9882,-2.3496,0.8643,5.8522,12.571,2.4592,0,0,0,4.6733,4.5519,4.681,4.6066,4.3769,-74.75,22.8,-68.443,-138.72,18.541
3.61,-85.358,0.69867,-16.089,0.069448,0.38925,0.88119,0.25916,-34.216,8.8995,-12.147,-3.1861,-2.4126,0.88251,5.8926,11.816,2.6881,0,0,0,4.5899,4.4689,4.5997,4.5203,3.6953,-76.1,22.978,-67.885,-131.36,16.974
3.62,-85.7,0.78825,-16.21,0.07812,0.37112,0.88801,0.26001,-34.157,9.0138,-12.119,-3.3907,-2.4657,0.90017,5.9262,11.049,2.9187,0,0,0,4.5107,4.3921,4.5229,4.4386,3.0194,-77.377,23.14,-67.274,-123.88,15.381
3.63,-86.041,0.87892,-16.331,0.087023,0.35177,0.895,0.26011,-34.097,9.1204,-12.089,-3.6002,-2.5055,0.91691,5.953,10.269,3.1508,0,0,0,4.4363,4.3225,4.4513,4.3624,2.3499,-78.577,23.286,-66.612,-116.28,13.764
3.64,-86.382,0.97063,-16.452,0.096092,0.33115,0.90213,0.25935,-34.038,9.2192,-12.056,-3.8122,-2.5285,0.93231,5.9732,9.4777,3.3844,0,0,0,4.3674,4.2609,4.3855,4.2925,1.6873,-79.702,23.415,-65.901,-108.56,12.125
3.65,-86.722,1.0633,-16.572,0.10524,0.30927,0.90935,0.2576,-33.978,9.31,-12.021,-4.0235,-2.5312,0.94594,5.9868,8.6754,3.6191,0,0,0,4.3047,4.2084,4.3261,4.2298,1.0321,-80.748,23.528,-65.14,-100.73,10.465
3.66,-87.062,1.1568,-16.692,0.11436,0.28613,0.9166,0.25474,-33.918,9.3927,-11.984,-4.2306,-2.5098,0.95735,5.9939,7.863,3.8549,0,0,0,4.2489,4.1657,4.2738,4.1754,0.38469,-81.716,23.624,-64.333,-92.808,8.7853
3.67,-87.4,1.2511,-16.812,0.12333,0.26176,0.92382,0.25067,-33.858,9.4672,-11.944,-4.429,-2.4612,0.96612,5.9945,7.0413,4.0915,0,0,0,4.2007,4.1336,4.229,4.1302,-0.25442,-82.604,23.704,-63.48,-84.788,7.0873
3.68,-87.739,1.3461,-16.931,0.13199,0.23622,0.93092,0.24529,-33.798,9.5335,-11.902,-4.6137,-2.3828,0.97185,5.9888,6.2112,4.3289,0,0,0,4.1609,4.1125,4.1923,4.095,-0.88476,-83.411,23.766,-62.582,-76.681,5.3726
3.69,-88.076,1.4417,-17.05,0.14018,0.20962,0.93782,0.23854,-33.738,9.5914,-11.857,-4.7795,-2.2731,0.9742,5.9768,5.3734,4.5668,0,0,0,4.1302,4.1028,4.1642,4.0706,-1.5059,-84.137,23.811,-61.642,-68.495,3.6424
3.7,-88.414,1.5379,-17.168,0.14774,0.18209,0.94442,0.23039,-33.679,9.6409,-11.811,-4.921,-2.1322,0.97292,5.9587,4.5287,4.805,0,0,0,4.1094,4.1045,4.1452,4.0579,-2.1175,-84.781,23.839,-60.66,-60.235,1.8984
3.71,-88.75,1.6345,-17.286,0.15449,0.15378,0.95063,0.22088,-33.619,9.6819,-11.761,-5.0332,-1.9614,0.96785,5.9345,3.678,5.0435,0,0,0,4.0992,4.1174,4.1357,4.0572,-2.719,-85.342,23.849,-59.637,-51.91,0.14185
3.72,-89.086,1.7315,-17.403,0.16026,0.12492,0.95634,0.21006,-33.56,9.7144,-11.71,-5.1115,-1.764,0.95897,5.9044,2.8222,5.282,0,0,0,4.1003,4.1414,4.1361,4.0689,-3.3101,-85.819,23.842,-58.576,-43.526,-1.6258
3.73,-89.421,1.8288,-17.52,0.16492,0.095703,0.96146,0.19807,-33.501,9.7384,-11.656,-5.1526,-1.5448,0.94636,5.8684,1.9619,5.5203,0,0,0,4.1131,4.1758,4.1467,4.0931,-3.8904,-86.212,23.816,-57.477,-35.09,-3.403
3.74,-89.756,1.9263,-17.636,0.16836,0.066392,0.96591,0.18509,-33.443,9.7537,-11.599,-5.1547,-1.3101,0.93023,5.8266,1.0982,5.7582,0,0,0,4.1381,4.2201,4.168,4.1297,-4.4595,-86.521,23.774,-56.342,-26.609,-5.1885
3.75,-90.09,2.0238,-17.752,0.17052,0.037232,0.96963,0.17132,-33.385,9.7603,-11.541,-5.1174,-1.0668,0.91089,5.7792,0.23179,5.9957,0,0,0,4.1754,4.2738,4.2002,4.1782,-5.0171,-86.744,23.713,-55.172,-18.089,-6.9808
3.76,-90.424,2.1214,-17.867,0.17137,0.0084705,0.97258,0.15703,-33.327,9.7583,-11.479,-5.0421,-0.82221,0.88873,5.7263,-0.63641,6.2324,0,0,0,4.2248,4.3363,4.2433,4.2381,-5.5628,-86.882,23.634,-53.969,-9.5387,-8.7784
3.77,-90.757,2.219,-17.982,0.17094,-0.019661,0.97473,0.14245,-33.27,9.7476,-11.416,-4.9319,-0.58324,0.86418,5.668,-1.5056,6.4683,0,0,0,4.2861,4.4071,4.2974,4.3087,-6.0964,-86.935,23.537,-52.733,-0.96404,-10.58
3.78,-91.089,2.3164,-18.096,0.1693,-0.046958,0.97611,0.12785,-33.214,9.7282,-11.35,-4.7909,-0.356,0.83774,5.6044,-2.3748,6.7031,0,0,0,4.3587,4.4856,4.3625,4.3893,-6.6174,-86.902,23.422,-51.467,7.6279,-12.384
3.79,-91.421,2.4135,-18.209,0.16655,-0.073248,0.97674,0.11346,-33.158,9.7001,-11.282,-4.6244,-0.14535,0.80987,5.5357,-3.2433,6.9367,0,0,0,4.442,4.5716,4.438,4.4789,-7.1256,-86.782,23.289,-50.172,16.23,-14.189
3.8,-91.752,2.5103,-18.321,0.16282,-0.098397,0.97668,0.099479,-33.103,9.6633,-11.211,-4.4379,0.045265,0.78105,5.4619,-4.1102,7.1688,0,0,0,4.5351,4.6645,4.5237,4.5768,-7.6207,-86.577,23.139,-48.849,24.836,-15.994
3.81,-92.083,2.6068,-18.433,0.15825,-0.12231,0.97601,0.086069,-33.049,9.6179,-11.138,-4.2371,0.21382,0.75169,5.3833,-4.9746,7.3994,0,0,0,4.6372,4.7641,4.6189,4.6821,-8.1025,-86.286,22.97,-47.499,33.438,-17.797
3.82,-92.413,2.7027,-18.544,0.15298,-0.14492,0.97479,0.073352,-32.995,9.5638,-11.063,-4.0271,0.35959,0.72219,5.2999,-5.8356,7.6282,0,0,0,4.7473,4.8699,4.7228,4.7942,-8.5706,-85.908,22.783,-46.124,42.029,-19.597
3.83,-92.743,2.798,-18.654,0.14717,-0.16622,0.97311,0.061413,-32.943,9.5012,-10.986,-3.8128,0.4829,0.69286,5.212,-6.6925,7.855,0,0,0,4.8646,4.9815,4.8347,4.9122,-9.0249,-85.445,22.578,-44.725,50.603,-21.392
3.84,-93.072,2.8927,-18.764,0.14095,-0.18619,0.97105,0.050298,-32.891,9.43,-10.906,-3.5981,0.58488,0.66397,5.1195,-7.5442,8.0797,0,0,0,4.9881,5.0985,4.9538,5.0355,-9.465,-84.896,22.355,-43.303,59.153,-23.182
3.85,-93.401,2.9866,-18.872,0.13444,-0.20487,0.96869,0.040024,-32.841,9.3503,-10.824,-3.3863,0.66723,0.63576,5.0227,-8.3901,8.302,0,0,0,5.117,5.2203,5.0793,5.1635,-9.8909,-84.262,22.114,-41.861,67.671,-24.963
3.86,-93.729,3.0796,-18.98,0.12774,-0.2223,0.96609,0.030585,-32.791,9.2622,-10.74,-3.18,0.73194,0.60839,4.9217,-9.2292,8.5219,0,0,0,5.2506,5.3467,5.2102,5.2956,-10.302,-83.543,21.856,-40.399,76.151,-26.736
3.87,-94.057,3.1718,-19.087,0.12096,-0.23853,0.96332,0.021955,-32.742,9.1658,-10.654,-2.9809,0.78112,0.58199,4.8167,-10.061,8.7391,0,0,0,5.388,5.4769,5.3457,5.4311,-10.699,-82.739,21.579,-38.918,84.585,-28.499
3.88,-94.384,3.2629,-19.193,0.11415,-0.25362,0.96044,0.014097,-32.694,9.061,-10.565,-2.7904,0.8169,0.55664,4.7078,-10.884,8.9534,0,0,0,5.5285,5.6105,5.4851,5.5695,-11.081,-81.852,21.286,-37.421,92.967,-30.25
3.89,-94.71,3.353,-19.298,0.10739,-0.26764,0.95749,0.0069655,-32.648,8.9481,-10.475,-2.6092,0.84127,0.5324,4.5951,-11.697,9.1647,0,0,0,5.6716,5.7469,5.6276,5.7103,-11.447,-80.88,20.974,-35.908,101.29,-31.987
3.9,-95.037,3.4419,-19.403,0.10072,-0.28066,0.95451,0.0005092,-32.603,8.8271,-10.382,-2.4378,0.85609,0.5093,4.4789,-12.501,9.3728,0,0,0,5.8166,5.8856,5.7726,5.853,-11.799,-79.826,20.646,-34.38,109.55,-33.71
3.91,-95.362,3.5295,-19.506,-0.094183,0.29274,-0.95153,0.0053237,-32.558,8.6981,-10.287,-2.2763,0.863,0.48735,4.3592,-13.294,9.5776,0,0,0,5.9629,6.0262,5.9193,5.9971,-12.135,-78.69,20.3,-32.84,117.73,-35.417
3.92,-95.688,3.6158,-19.608,-0.087797,0.30394,-0.94858,0.010585,-32.515,8.5613,-10.191,-2.1244,0.86345,0.46654,4.2363,-14.075,9.7788,0,0,0,6.1101,6.168,6.0672,6.142,-12.455,-77.472,19.938,-31.289,125.84,-37.107
3.93,-96.013,3.7007,-19.71,-0.081585,0.31434,-0.94567,0.015326,-32.474,8.4167,-10.092,-1.982,0.85871,0.44683,4.1102,-14.843,9.9763,0,0,0,6.2576,6.3106,6.2157,6.2874,-12.76,-76.173,19.558,-29.727,133.85,-38.777
3.94,-96.337,3.7841,-19.81,-0.075559,0.32399,-0.94284,0.019593,-32.433,8.2645,-9.9911,-1.8487,0.84985,0.42822,3.9811,-15.598,10.17,0,0,0,6.405,6.4535,6.3642,6.4327,-13.05,-74.795,19.162,-28.156,141.77,-40.428
3.95,-96.661,3.866,-19.91,-0.069729,0.33294,-0.94008,0.023432,-32.394,8.1048,-9.8885,-1.7239,0.83776,0.41064,3.8492,-16.338,10.359,0,0,0,6.5518,6.5962,6.5124,6.5776,-13.324,-73.338,18.75,-26.578,149.6,-42.056
3.96,-96.985,3.9462,-20.008,-0.064097,0.34124,-0.9374,0.026885,-32.356,7.9378,-9.784,-1.6073,0.8232,0.39408,3.7147,-17.064,10.545,0,0,0,6.6976,6.7384,6.6596,6.7217,-13.581,-71.803,18.321,-24.994,157.31,-43.662
3.97,-97.309,4.0247,-20.105,-0.058664,0.34895,-0.93482,0.029989,-32.32,7.7636,-9.6776,-1.4982,0.80679,0.37847,3.5776,-17.774,10.726,0,0,0,6.842,6.8796,6.8055,6.8646,-13.823,-70.192,17.877,-23.406,164.91,-45.243
3.98,-97.632,4.1014,-20.202,-0.053428,0.3561,-0.93234,0.032779,-32.285,7.5823,-9.5694,-1.3961,0.78905,0.36377,3.4383,-18.468,10.902,0,0,0,6.9848,7.0193,6.9498,7.0058,-14.05,-68.506,17.416,-21.814,172.39,-46.798
3.99,-97.954,4.1763,-20.297,-0.048386,0.36274,-0.92996,0.035286,-32.251,7.3943,-9.4596,-1.3005,0.77041,0.34994,3.2967,-19.144,11.074,0,0,0,7.1254,7.1572,7.0919,7.1451,-14.26,-66.745,16.941,-20.22,179.74,-48.325
4,-98.277,4.2493,-20.391,-0.043532,0.36891,-0.92769,0.03754,-32.219,7.1995,-9.348,-1.211,0.75119,0.33694,3.1531,-19.802,11.241,0,0,0,7.2636,7.293,7.2316,7.2821,-14.454,-64.911,16.45,-18.626,186.95,-49.824
4.01,-98.599,4.3203,-20.484,-0.03886,0.37463,-0.92552,0.039565,-32.188,6.9983,-9.2348,-1.1271,0.73168,0.3247,3.0077,-20.442,11.403,0,0,0,7.399,7.4263,7.3685,7.4165,-14.632,-63.006,15.944,-17.033,194.02,-51.292
4.02,-98.92,4.3892,-20.576,-0.034363,0.37993,-0.92345,0.041386,-32.159,6.7907,-9.1199,-1.0482,0.71209,0.31321,2.8605,-21.062,11.56,0,0,0,7.5314,7.5568,7.5024,7.5479,-14.795,-61.031,15.424,-15.441,200.94,-52.729
4.03,-99.242,4.4561,-20.666,-0.030035,0.38485,-0.92149,0.043022,-32.131,6.5771,-9.0036,-0.97403,0.6926,0.30241,2.7118,-21.663,11.712,0,0,0,7.6605,7.6841,7.6329,7.6762,-14.941,-58.988,14.89,-13.854,207.71,-54.132
4.04,-99.563,4.5208,-20.756,-0.025867,0.38941,-0.91963,0.044492,-32.104,6.3576,-8.8857,-0.90414,0.67334,0.29226,2.5618,-22.242,11.858,0,0,0,7.7859,7.8081,7.7597,7.8008,-15.072,-56.878,14.342,-12.271,214.31,-55.501
4.05,-99.884,4.5832,-20.844,-0.021853,0.39363,-0.91787,0.045813,-32.08,6.1323,-8.7664,-0.83818,0.65441,0.28274,2.4105,-22.8,11.998,0,0,0,7.9075,7.9282,7.8826,7.9218,-15.187,-54.702,13.78,-10.695,220.74,-56.834
4.06,-100.2,4.6434,-20.931,-0.017985,0.39754,-0.91621,0.047,-32.056,5.9016,-8.6458,-0.77579,0.6359,0.2738,2.2581,-23.336,12.133,0,0,0,8.0249,8.0445,8.0013,8.0386,-15.286,-52.464,13.205,-9.1259,226.99,-58.13
4.07,-100.53,4.7012,-21.017,-0.014256,0.40114,-0.91464,0.048067,-32.034,5.6657,-8.5238,-0.71667,0.61787,0.26541,2.1048,-23.849,12.262,0,0,0,8.138,8.1565,8.1157,8.1512,-15.369,-50.163,12.617,-7.5663,233.06,-59.386
4.08,-100.85,4.7567,-21.101,-0.010658,0.40446,-0.91318,0.049025,-32.014,5.4247,-8.4006,-0.66052,0.60036,0.25755,1.9508,-24.339,12.386,0,0,0,8.2465,8.264,8.2253,8.2593,-15.437,-47.803,12.017,-6.0172,238.94,-60.603
4.09,-101.17,4.8097,-21.185,-0.0071838,0.40752,-0.9118,0.049887,-31.995,5.179,-8.2761,-0.60706,0.58339,0.25018,1.7961,-24.805,12.503,0,0,0,8.3502,8.3668,8.3301,8.3626,-15.489,-45.385,11.406,-4.4798,244.62,-61.777
4.1,-101.49,4.8602,-21.267,-0.0038275,0.41033,-0.91052,0.05066,-31.978,4.9287,-8.1505,-0.55605,0.56699,0.24329,1.641,-25.246,12.614,0,0,0,8.4488,8.4647,8.4299,8.461,-15.527,-42.911,10.782,-2.9557,250.09,-62.909
4.11,-101.8,4.9083,-21.348,-0.00058196,0.41289,-0.90933,0.051356,-31.963,4.6741,-8.0239,-0.50723,0.55117,0.23685,1.4856,-25.663,12.718,0,0,0,8.5423,8.5575,8.5244,8.5542,-15.549,-40.384,10.148,-1.446,255.36,-63.996
4.12,-102.12,4.9537,-21.427,0.002559,0.41523,-0.90823,0.05198,-31.948,4.4155,-7.8962,-0.4604,0.53593,0.23083,1.3301,-26.054,12.817,0,0,0,8.6303,8.645,8.6134,8.6421,-15.556,-37.805,9.5023,0.047653,260.4,-65.037
4.13,-102.44,4.9966,-21.506,0.0056016,0.41735,-0.90721,0.052542,-31.936,4.1532,-7.7675,-0.41535,0.52127,0.22523,1.1746,-26.419,12.908,0,0,0,8.7128,8.727,8.6969,8.7245,-15.548,-35.177,8.8469,1.5241,265.22,-66.031
4.14,-102.76,5.0368,-21.583,0.0085516,0.41925,-0.90628,0.053047,-31.925,3.8873,-7.638,-0.37188,0.50718,0.22001,1.0192,-26.757,12.993,0,0,0,8.7895,8.8033,8.7745,8.8012,-15.525,-32.501,8.1819,2.9818,269.8,-66.976
4.15,-103.08,5.0743,-21.658,0.011415,0.42096,-0.90543,0.053502,-31.916,3.6181,-7.5077,-0.32981,0.49365,0.21517,0.86411,-27.069,13.072,0,0,0,8.8604,8.8738,8.8463,8.8721,-15.488,-29.781,7.5076,4.4195,274.15,-67.87
4.16,-103.4,5.1091,-21.733,0.014196,0.42247,-0.90466,0.053912,-31.908,3.346,-7.3766,-0.28898,0.48068,0.2107,0.70948,-27.353,13.144,0,0,0,8.9252,8.9384,8.912,8.937,-15.437,-27.019,6.8246,5.8358,278.24,-68.713
4.17,-103.72,5.1412,-21.806,0.016902,0.42379,-0.90397,0.054282,-31.901,3.0711,-7.2449,-0.24922,0.46824,0.20657,0.55542,-27.609,13.208,0,0,0,8.9838,8.9968,8.9714,8.9958,-15.372,-24.217,6.1335,7.2294,282.09,-69.503
4.18,-104.04,5.1705,-21.878,0.019536,0.42493,-0.90337,0.054616,-31.897,2.7939,-7.1125,-0.21037,0.45633,0.20278,0.40209,-27.837,13.266,0,0,0,9.0362,9.049,9.0246,9.0483,-15.292,-21.378,5.4347,8.5988,285.67,-70.238
4.19,-104.36,5.1971,-21.948,0.022103,0.42589,-0.90284,0.05492,-31.893,2.5145,-6.9796,-0.1723,0.44492,0.19932,0.24962,-28.036,13.317,0,0,0,9.0821,9.0949,9.0713,9.0945,-15.2,-18.505,4.7289,9.9426,288.99,-70.918
4.2,-104.68,5.2208,-22.017,0.024609,0.42667,-0.90239,0.055197,-31.892,2.2333,-6.8462,-0.13485,0.43401,0.19618,0.098145,-28.207,13.361,0,0,0,9.1216,9.1343,9.1115,9.1342,-15.094,-15.599,4.0166,11.26,292.03,-71.539
4.21,-105,5.2417,-22.085,0.027057,0.42728,-0.90201,0.055451,-31.891,1.9505,-6.7124,-0.097888,0.42358,0.19335,-0.052206,-28.348,13.397,0,0,0,9.1544,9.1671,9.1451,9.1674,-14.975,-12.665,3.2983,12.548,294.79,-72.103
4.22,-105.32,5.2598,-22.152,0.029452,0.42772,-0.90171,0.055685,-31.893,1.6664,-6.5782,-0.061283,0.4136,0.19083,-0.2013,-28.46,13.427,0,0,0,9.1806,9.1933,9.172,9.1939,-14.843,-9.7047,2.5747,13.807,297.26,-72.606
4.23,-105.63,5.2751,-22.217,0.031798,0.42799,-0.90149,0.055902,-31.895,1.3814,-6.4439,-0.024903,0.40407,0.18861,-0.34902,-28.542,13.449,0,0,0,9.1999,9.2128,9.192,9.2137,-14.698,-6.721,1.8464,15.036,299.43,-73.047
4.24,-105.95,5.2875,-22.28,0.034099,0.4281,-0.90135,0.056107,-31.9,1.0956,-6.3093,0.011382,0.39496,0.1867,-0.49523,-28.594,13.464,0,0,0,9.2125,9.2255,9.2053,9.2267,-14.542,-3.717,1.114,16.231,301.31,-73.425
4.25,-106.27,5.297,-22.343,0.036359,0.42803,-0.90128,0.0563,-31.905,0.80956,-6.1746,0.047701,0.38626,0.18509,-0.63982,-28.617,13.471,0,0,0,9.2181,9.2314,9.2116,9.2329,-14.374,-0.69583,0.37814,17.393,302.87,-73.739
4.26,-106.59,5.3036,-22.404,0.038582,0.4278,-0.90128,0.056486,-31.912,0.52341,-6.0399,0.084183,0.37796,0.18377,-0.78267,-28.608,13.471,0,0,0,9.2168,9.2304,9.211,9.2323,-14.194,2.3394,-0.36054,18.52,304.12,-73.986
4.27,-106.91,5.3074,-22.464,0.040771,0.4274,-0.90136,0.056667,-31.921,0.2375,-5.9052,0.12096,0.37003,0.18276,-0.92367,-28.57,13.464,0,0,0,9.2086,9.2225,9.2034,9.2247,-14.004,5.3855,-1.1014,19.611,305.04,-74.167
4.28,-107.23,5.3084,-22.522,0.04293,0.42683,-0.90152,0.056846,-31.931,-0.04788,-5.7706,0.15816,0.36246,0.18205,-1.0627,-28.501,13.449,0,0,0,9.1934,9.2076,9.1889,9.2102,-13.802,8.4392,-1.8436,20.663,305.64,-74.278
4.29,-107.55,5.3065,-22.579,0.045063,0.42609,-0.90176,0.057025,-31.942,-0.33241,-5.6362,0.19592,0.35524,0.18165,-1.1997,-28.401,13.427,0,0,0,9.1711,9.1858,9.1673,9.1888,-13.591,11.497,-2.5867,21.677,305.89,-74.32
4.3,-107.87,5.3017,-22.635,0.047174,0.42517,-0.90207,0.057208,-31.955,-0.6158,-5.5021,0.23439,0.34834,0.18156,-1.3345,-28.271,13.397,0,0,0,9.1419,9.1571,9.1388,9.1605,-13.369,14.556,-3.3298,22.649,305.81,-74.289
4.31,-108.19,5.2942,-22.689,0.049265,0.42407,-0.90247,0.057395,-31.969,-0.89773,-5.3683,0.27369,0.34176,0.18179,-1.467,-28.11,13.36,0,0,0,9.1057,9.1215,9.1033,9.1253,-13.138,17.612,-4.0722,23.58,305.37,-74.186
4.32,-108.51,5.2838,-22.742,0.05134,0.42278,-0.90294,0.057591,-31.984,-1.1779,-5.2349,0.31399,0.33547,0.18235,-1.5972,-27.918,13.316,0,0,0,9.0626,9.079,9.0608,9.0832,-12.897,20.662,-4.8133,24.468,304.57,-74.008
4.33,-108.83,5.2706,-22.794,0.053403,0.42131,-0.9035,0.057797,-32.001,-1.456,-5.102,0.35544,0.32945,0.18324,-1.7249,-27.697,13.264,0,0,0,9.0125,9.0296,9.0114,9.0343,-12.648,23.702,-5.5521,25.31,303.41,-73.754
4.34,-109.15,5.2547,-22.844,0.055457,0.41964,-0.90413,0.058016,-32.019,-1.7317,-4.9697,0.3982,0.32369,0.18449,-1.8502,-27.444,13.205,0,0,0,8.9556,8.9734,8.9552,8.9787,-12.391,26.729,-6.2881,26.107,301.88,-73.423
4.35,-109.47,5.236,-22.893,0.057505,0.41777,-0.90486,0.058251,-32.038,-2.0048,-4.838,0.44246,0.31817,0.18609,-1.9727,-27.162,13.138,0,0,0,8.8919,8.9105,8.8922,8.9163,-12.127,29.739,-7.0204,26.856,299.96,-73.013
4.36,-109.79,5.2146,-22.941,0.059551,0.41569,-0.90567,0.058504,-32.058,-2.2749,-4.7069,0.48839,0.31286,0.18808,-2.0927,-26.85,13.065,0,0,0,8.8215,8.841,8.8225,8.8474,-11.854,32.727,-7.7481,27.557,297.67,-72.523
4.37,-110.11,5.1905,-22.987,0.061598,0.41339,-0.90657,0.05878,-32.08,-2.5417,-4.5767,0.53619,0.30774,0.19046,-2.2098,-26.508,12.983,0,0,0,8.7444,8.7649,8.7462,8.7719,-11.576,35.691,-8.4705,28.207,294.98,-71.952
4.38,-110.43,5.1638,-23.032,0.06365,0.41086,-0.90755,0.059079,-32.102,-2.8049,-4.4473,0.58607,0.30279,0.19325,-2.3242,-26.136,12.895,0,0,0,8.6608,8.6824,8.6634,8.6901,-11.29,38.625,-9.1869,28.805,291.88,-71.297
4.39,-110.75,5.1344,-23.076,0.065709,0.40809,-0.90864,0.059407,-32.126,-3.0643,-4.3188,0.63825,0.29797,0.19647,-2.4356,-25.735,12.8,0,0,0,8.5708,8.5936,8.5742,8.602,-11,41.527,-9.8962,29.351,288.39,-70.558
4.4,-111.07,5.1025,-23.119,0.067779,0.40506,-0.90981,0.059765,-32.151,-3.3195,-4.1913,0.69299,0.29326,0.20016,-2.5441,-25.306,12.697,0,0,0,8.4746,8.4987,8.4788,8.5078,-10.704,44.392,-10.598,29.843,284.48,-69.733
4.41,-111.39,5.0681,-23.16,0.069864,0.40177,-0.91109,0.060158,-32.177,-3.5703,-4.0649,0.75052,0.28861,0.20432,-2.6497,-24.848,12.588,0,0,0,8.3722,8.3977,8.3773,8.4077,-10.403,47.215,-11.291,30.278,280.14,-68.82
4.42,-111.72,5.0311,-23.2,0.071967,0.3982,-0.91246,0.060589,-32.204,-3.8164,-3.9396,0.81114,0.28398,0.209,-2.7522,-24.361,12.471,0,0,0,8.2639,8.2909,8.2699,8.3018,-10.098,49.993,-11.974,30.657,275.39,-67.819
4.43,-112.04,4.9917,-23.239,0.074091,0.39433,-0.91394,0.061063,-32.232,-4.0575,-3.8155,0.87514,0.27933,0.21423,-2.8516,-23.848,12.348,0,0,0,8.1499,8.1785,8.1568,8.1904,-9.79,52.721,-12.647,30.98,270.21,-66.731
4.44,-112.36,4.95,-23.276,0.076238,0.39014,-0.91552,0.061583,-32.261,-4.2933,-3.6926,0.94285,0.2746,0.22002,-2.948,-23.307,12.219,0,0,0,8.0303,8.0607,8.0382,8.0736,-9.4788,55.396,-13.308,31.248,264.62,-65.558
4.45,-112.68,4.9059,-23.313,0.078414,0.38562,-0.91722,0.062155,-32.291,-4.5235,-3.5711,1.0146,0.26971,0.22644,-3.0412,-22.74,12.082,0,0,0,7.9055,7.9378,7.9143,7.9518,-9.1652,58.013,-13.958,31.463,258.65,-64.303
4.46,-113.01,4.8595,-23.348,0.080619,0.38074,-0.91902,0.062783,-32.322,-4.748,-3.451,1.0908,0.26459,0.2335,-3.1313,-22.147,11.939,0,0,0,7.7755,7.8099,7.7854,7.8252,-8.8497,60.567,-14.594,31.627,252.29,-62.97
4.47,-113.33,4.811,-23.382,0.082858,0.37547,-0.92094,0.063473,-32.354,-4.9664,-3.3324,1.1719,0.25913,0.24126,-3.2182,-21.529,11.79,0,0,0,7.6408,7.6774,7.6517,7.6941,-8.5328,63.057,-15.217,31.742,245.57,-61.559
4.48,-113.65,4.7602,-23.415,0.085132,0.3698,-0.92297,0.064231,-32.386,-5.1785,-3.2152,1.2582,0.25323,0.24976,-3.3019,-20.886,11.635,0,0,0,7.5016,7.5406,7.5136,7.5588,-8.215,65.478,-15.825,31.808,238.49,-60.075
4.49,-113.98,4.7074,-23.446,0.087444,0.36368,-0.92513,0.065062,-32.42,-5.384,-3.0997,1.3504,0.24676,0.25906,-3.3825,-20.22,11.474,0,0,0,7.3582,7.3997,7.3713,7.4196,-7.8968,67.826,-16.418,31.829,231.08,-58.521
4.5,-114.3,4.6526,-23.477,0.089796,0.35709,-0.9274,0.065974,-32.454,-5.5828,-2.9858,1.4488,0.23955,0.26919,-3.4598,-19.53,11.307,0,0,0,7.211,7.2552,7.2252,7.277,-7.5786,70.098,-16.995,31.806,223.34,-56.897
4.51,-114.63,4.5958,-23.506,0.092187,0.35,-0.92979,0.066974,-32.489,-5.7745,-2.8736,1.554,0.23142,0.28022,-3.534,-18.818,11.134,0,0,0,7.0603,7.1075,7.0757,7.1312,-7.2608,72.291,-17.556,31.739,215.29,-55.209
4.52,-114.95,4.5371,-23.534,0.09462,0.34235,-0.93231,0.068069,-32.524,-5.9591,-2.7631,1.6667,0.22215,0.29221,-3.6051,-18.084,10.956,0,0,0,6.9065,6.9568,6.9231,6.9827,-6.944,74.403,-18.099,31.632,206.94,-53.457
4.53,-115.28,4.4766,-23.561,0.097092,0.33412,-0.93495,0.069267,-32.561,-6.1362,-2.6545,1.7874,0.21149,0.30522,-3.6729,-17.33,10.772,0,0,0,6.7501,6.8036,6.7678,6.832,-6.6283,76.429,-18.625,31.486,198.31,-51.646
4.54,-115.6,4.4144,-23.587,0.099602,0.32526,-0.93771,0.070577,-32.598,-6.3056,-2.5477,1.9167,0.19914,0.3193,-3.7376,-16.556,10.583,0,0,0,6.5915,6.6485,6.6103,6.6795,-6.3144,78.368,-19.132,31.302,189.4,-49.777
4.55,-115.93,4.3505,-23.612,0.10215,0.31571,-0.94059,0.072009,-32.636,-6.4672,-2.4428,2.0552,0.18474,0.33452,-3.7992,-15.763,10.39,0,0,0,6.4312,6.4918,6.4511,6.5257,-6.0024,80.217,-19.62,31.082,180.24,-47.854
4.56,-116.26,4.2851,-23.636,0.10472,0.30543,-0.94358,0.07357,-32.674,-6.6208,-2.3399,2.2036,0.1679,0.35094,-3.8577,-14.952,10.191,0,0,0,6.2698,6.3341,6.2907,6.3711,-5.6928,81.972,-20.089,30.829,170.84,-45.879
4.57,-116.58,4.2181,-23.659,0.10732,0.29435,-0.94667,0.075271,-32.713,-6.7662,-2.239,2.3625,0.14815,0.36862,-3.9131,-14.124,9.9879,0,0,0,6.1079,6.1758,6.1296,6.2164,-5.3859,83.633,-20.537,30.543,161.21,-43.854
4.58,-116.91,4.1498,-23.681,0.10993,0.28241,-0.94985,0.07712,-32.752,-6.9032,-2.1402,2.5322,0.12496,0.38761,-3.9654,-13.28,9.7804,0,0,0,5.946,6.0177,5.9685,6.0621,-5.0821,85.196,-20.966,30.226,151.36,-41.784
4.59,-117.24,4.0801,-23.702,0.11253,0.26956,-0.95311,0.079125,-32.792,-7.0318,-2.0434,2.7134,0.09775,0.40794,-4.0147,-12.42,9.5687,0,0,0,5.785,5.8603,5.808,5.9088,-4.7815,86.659,-21.373,29.88,141.3,-39.669
4.6,-117.57,4.0092,-23.722,0.11512,0.25572,-0.95642,0.081293,-32.832,-7.1516,-1.9488,2.906,0.065854,0.42964,-4.0611,-11.547,9.353,0,0,0,5.6255,5.7043,5.6488,5.7571,-4.4846,88.021,-21.759,29.507,131.06,-37.514
4.61,-117.89,3.9371,-23.741,0.11766,0.24083,-0.95977,0.083631,-32.873,-7.2627,-1.8564,3.1102,0.028566,0.45271,-4.1044,-10.66,9.1336,0,0,0,5.4685,5.5503,5.4917,5.6078,-4.1915,89.28,-22.123,29.108,120.64,-35.32
4.62,-118.22,3.864,-23.759,0.12013,0.22482,-0.96312,0.086139,-32.915,-7.3648,-1.7661,3.3256,-0.014856,0.47712,-4.1449,-9.7617,8.9106,0,0,0,5.3148,5.399,5.3376,5.4615,-3.9025,90.433,-22.465,28.686,110.06,-33.091
4.63,-118.55,3.7898,-23.776,0.1225,0.20763,-0.96643,0.088817,-32.956,-7.4578,-1.6782,3.5515,-0.065161,0.50281,-4.1825,-8.8521,8.6843,0,0,0,5.1654,5.2513,5.1872,5.3189,-3.6178,91.48,-22.785,28.241,99.337,-30.829
4.64,-118.88,3.7148,-23.792,0.12473,0.18919,-0.96966,0.091659,-32.998,-7.5418,-1.5925,3.7864,-0.12306,0.52966,-4.2173,-7.9325,8.455,0,0,0,5.0214,5.1079,5.0417,5.1807,-3.3377,92.42,-23.082,27.776,88.475,-28.537
4.65,-119.21,3.639,-23.808,0.12678,0.16946,-0.97275,0.094651,-33.04,-7.6165,-1.5091,4.0286,-0.18914,0.55751,-4.2493,-7.004,8.2228,0,0,0,4.8839,4.9697,4.9021,5.0476,-3.0624,93.249,-23.355,27.293,77.492,-26.217
4.66,-119.54,3.5625,-23.823,0.12859,0.14839,-0.97565,0.097772,-33.083,-7.6818,-1.428,4.2752,-0.26383,0.58611,-4.2785,-6.0679,7.9879,0,0,0,4.7541,4.8375,4.7695,4.9202,-2.7919,93.969,-23.606,26.792,66.402,-23.873
4.67,-119.87,3.4854,-23.836,0.13011,0.12598,-0.97826,0.10099,-33.126,-7.7378,-1.3493,4.5227,-0.34725,0.61514,-4.3051,-5.125,7.7507,0,0,0,4.6333,4.7122,4.6452,4.7993,-2.5266,94.577,-23.833,26.276,55.217,-21.507
4.68,-120.21,3.4078,-23.85,0.13128,0.10221,-0.98053,0.10427,-33.169,-7.7843,-1.273,4.7665,-0.43909,0.64421,-4.3291,-4.1767,7.5114,0,0,0,4.5225,4.5948,4.5303,4.6853,-2.2665,95.073,-24.036,25.746,43.953,-19.122
4.69,-120.54,3.3298,-23.862,0.13205,0.077139,-0.98237,0.10755,-33.213,-7.8213,-1.1991,5.0012,-0.53853,0.67283,-4.3505,-3.224,7.2701,0,0,0,4.4231,4.4862,4.4262,4.5791,-2.0117,95.456,-24.215,25.204,32.621,-16.721
4.7,-120.87,3.2514,-23.874,0.13235,0.050823,-0.98368,0.11078,-33.256,-7.8488,-1.1276,5.2208,-0.64413,0.70043,-4.3693,-2.2679,7.0271,0,0,0,4.3362,4.3875,4.334,4.4811,-1.7624,95.725,-24.37,24.653,21.237,-14.305
4.71,-121.2,3.1728,-23.884,0.13215,0.023373,-0.98439,0.11387,-33.3,-7.8667,-1.0586,5.4186,-0.75373,0.72638,-4.3857,-1.3098,6.7828,0,0,0,4.2625,4.2997,4.2548,4.3922,-1.5187,95.881,-24.501,24.092,9.8128,-11.879
4.72,-121.54,3.0941,-23.895,0.1314,-0.0050606,-0.98442,0.11674,-33.344,-7.875,-0.99196,5.5876,-0.86454,0.75002,-4.3997,-0.35072,6.5372,0,0,0,4.203,4.2238,4.1896,4.3129,-1.2806,95.922,-24.608,23.525,-1.637,-9.4446
4.73,-121.87,3.0154,-23.904,0.13009,-0.034289,-0.9837,0.11931,-33.388,-7.8737,-0.92782,5.7216,-0.9732,0.77068,-4.4114,0.60823,6.2907,0,0,0,4.158,4.1608,4.1392,4.244,-1.0482,95.848,-24.69,22.953,-13.099,-7.0046
4.74,-122.2,2.9367,-23.913,0.12822,-0.064087,-0.98219,0.1215,-33.432,-7.8628,-0.86615,5.815,-1.076,0.78772,-4.4207,1.5659,6.0435,0,0,0,4.1277,4.1114,4.1038,4.1865,-0.82153,95.66,-24.748,22.377,-24.56,-4.5618
4.75,-122.54,2.8581,-23.922,0.12581,-0.0942,-0.97985,0.12323,-33.476,-7.8424,-0.80696,5.8637,-1.1692,0.80061,-4.4278,2.521,5.7958,0,0,0,4.1121,4.0765,4.0837,4.1411,-0.60064,95.357,-24.781,21.8,-36.006,-2.1189
4.76,-122.87,2.7799,-23.929,0.12291,-0.12436,-0.9767,0.12444,-33.521,-7.8124,-0.75024,5.8654,-1.2494,0.80894,-4.4328,3.4726,5.5479,0,0,0,4.1107,4.0564,4.0786,4.1088,-0.38552,94.94,-24.79,21.223,-47.423,0.3214
4.77,-123.21,2.7019,-23.937,0.11958,-0.15429,-0.97275,0.12509,-33.565,-7.7729,-0.696,5.82,-1.3139,0.81246,-4.4356,4.4194,5.3001,0,0,0,4.1231,4.0516,4.088,4.0903,-0.17617,94.408,-24.775,20.648,-58.798,2.7563
4.78,-123.54,2.6244,-23.943,0.1159,-0.18372,-0.96806,0.12515,-33.609,-7.724,-0.64423,5.7295,-1.3607,0.81112,-4.4363,5.3604,5.0525,0,0,0,4.1484,4.0618,4.1112,4.0862,0.027444,93.764,-24.735,20.076,-70.118,5.1831
4.79,-123.88,2.5475,-23.95,0.11196,-0.21242,-0.96271,0.12464,-33.654,-7.6658,-0.59494,5.5979,-1.3892,0.80504,-4.435,6.2943,4.8055,0,0,0,4.1858,4.0868,4.1473,4.0969,0.22536,93.006,-24.671,19.509,-81.368,7.5991
4.8,-124.22,2.4711,-23.955,0.10785,-0.24017,-0.95677,0.12358,-33.698,-7.5982,-0.54812,5.4306,-1.3996,0.79451,-4.4318,7.2202,4.5592,0,0,0,4.2344,4.1259,4.1952,4.1223,0.41765,92.137,-24.583,18.949,-92.535,10.002
4.81,-124.56,2.3955,-23.961,0.10366,-0.2668,-0.95036,0.12201,-33.742,-7.5214,-0.50376,5.2338,-1.3931,0.77998,-4.4267,8.1367,4.3139,0,0,0,4.2933,4.1783,4.2539,4.162,0.60437,91.156,-24.471,18.398,-103.61,12.388
4.82,-124.89,2.3208,-23.965,0.099469,-0.29218,-0.94358,0.11998,-33.787,-7.4355,-0.46184,5.0146,-1.3716,0.76197,-4.4197,9.0429,4.0698,0,0,0,4.3617,4.2428,4.3224,4.2155,0.78564,90.065,-24.336,17.857,-114.57,14.755
4.83,-125.23,2.2469,-23.97,0.095348,-0.31622,-0.93653,0.11757,-33.831,-7.3406,-0.42236,4.7794,-1.3376,0.74106,-4.411,9.9376,3.8272,0,0,0,4.4385,4.3183,4.3998,4.2817,0.96155,88.865,-24.176,17.328,-125.4,17.1
4.84,-125.57,2.174,-23.974,0.091354,-0.33887,-0.92932,0.11484,-33.875,-7.2368,-0.38529,4.5346,-1.2935,0.71784,-4.4005,10.82,3.5864,0,0,0,4.5229,4.4036,4.4849,4.3594,1.1322,87.557,-23.994,16.812,-136.1,19.421
4.85,-125.91,2.1022,-23.977,0.087528,-0.36012,-0.92203,0.11186,-33.919,-7.1242,-0.35062,4.2856,-1.2419,0.6929,-4.3884,11.688,3.3474,0,0,0,4.6141,4.4973,4.577,4.4473,1.2978,86.143,-23.788,16.312,-146.65,21.715
4.86,-126.25,2.0315,-23.981,0.083901,-0.37998,-0.91475,0.1087,-33.963,-7.0031,-0.31833,4.037,-1.1851,0.66678,-4.3746,12.542,3.1107,0,0,0,4.7111,4.5982,4.675,4.5441,1.4585,84.625,-23.56,15.83,-157.04,23.979
4.87,-126.59,1.9621,-23.984,0.080493,-0.39848,-0.90754,0.1054,-34.006,-6.8734,-0.2884,3.7925,-1.1251,0.63994,-4.3592,13.381,2.8763,0,0,0,4.8132,4.7051,4.7782,4.6482,1.6145,83.003,-23.309,15.366,-167.24,26.21
4.88,-126.93,1.8941,-23.987,0.077313,-0.41568,-0.90046,0.10203,-34.05,-6.7355,-0.2608,3.555,-1.0637,0.61279,-4.3423,14.202,2.6446,0,0,0,4.9195,4.8168,4.8856,4.7583,1.7659,81.281,-23.035,14.922,-177.26,28.406
4.89,-127.27,1.8274,-23.989,0.074364,-0.43163,-0.89355,0.098632,-34.093,-6.5894,-0.2355,3.3265,-1.0023,0.58568,-4.3239,15.006,2.4157,0,0,0,5.0291,4.9322,4.9964,4.8731,1.913,79.459,-22.741,14.501,-187.07,30.564
4.9,-127.61,1.7623,-23.991,0.071643,-0.44641,-0.88686,0.095232,-34.136,-6.4354,-0.21248,3.1082,-0.94183,0.55889,-4.3041,15.791,2.1898,0,0,0,5.1413,5.0502,5.1098,4.9914,2.056,77.54,-22.424,14.104,-196.66,32.681
4.91,-127.95,1.6988,-23.993,0.069142,-0.46009,-0.8804,0.091864,-34.179,-6.2737,-0.19169,2.9011,-0.88319,0.53263,-4.2828,16.556,1.9673,0,0,0,5.2553,5.17,5.225,5.1122,2.1952,75.527,-22.087,13.732,-206.01,34.755
4.92,-128.29,1.6369,-23.995,0.066853,-0.47274,-0.87419,0.088549,-34.222,-6.1044,-0.17312,2.7055,-0.82689,0.50707,-4.2602,17.301,1.7482,0,0,0,5.3703,5.2908,5.3412,5.2343,2.3307,73.421,-21.729,13.388,-215.12,36.782
4.93,-128.64,1.5767,-23.997,0.064763,-0.48443,-0.86825,0.085306,-34.264,-5.9277,-0.15672,2.5215,-0.7733,0.48232,-4.2362,18.024,1.5328,0,0,0,5.4857,5.4116,5.4578,5.3569,2.463,71.225,-21.352,13.072,-223.98,38.761
4.94,-128.98,1.5183,-23.998,0.062859,-0.49524,-0.86258,0.082145,-34.307,-5.744,-0.14245,2.3487,-0.72262,0.45848,-4.2109,18.725,1.3212,0,0,0,5.6007,5.5318,5.574,5.479,2.5923,68.942,-20.954,12.788,-232.56,40.687
4.95,-129.32,1.4618,-24,0.06113,-0.50522,-0.85718,0.079076,-34.349,-5.5533,-0.13028,2.1868,-0.67494,0.43559,-4.1844,19.403,1.1137,0,0,0,5.7148,5.6507,5.6893,5.6001,2.7189,66.575,-20.538,12.536,-240.85,42.559
4.96,-129.67,1.4073,-24.001,0.059562,-0.51444,-0.85206,0.076104,-34.39,-5.356,-0.12016,2.0354,-0.63027,0.41369,-4.1566,20.057,0.91051,0,0,0,5.8272,5.7677,5.8029,5.7193,2.8431,64.126,-20.103,12.318,-248.84,44.374
4.97,-130.01,1.3547,-24.002,0.058144,-0.52296,-0.84721,0.073232,-34.432,-5.1523,-0.11205,1.8938,-0.58856,0.39278,-4.1275,20.685,0.71173,0,0,0,5.9376,5.8822,5.9144,5.836,2.9654,61.599,-19.651,12.136,-256.51,46.13
4.98,-130.35,1.3043,-24.003,0.056863,-0.53084,-0.84262,0.070461,-34.473,-4.9424,-0.10591,1.7614,-0.5497,0.37287,-4.0972,21.288,0.51755,0,0,0,6.0452,5.9937,6.0231,5.9498,3.086,58.997,-19.181,11.992,-263.86,47.822
4.99,-130.7,1.2559,-24.004,0.055709,-0.53811,-0.8383,0.067789,-34.514,-4.7266,-0.10169,1.6376,-0.51358,0.35394,-4.0658,21.865,0.32816,0,0,0,6.1497,6.1017,6.1287,6.06,3.2053,56.323,-18.694,11.887,-270.87,49.449
5,-131.04,1.2097,-24.005,0.054672,-0.54482,-0.83422,0.065215,-34.554,-4.5052,-0.099332,1.5217,-0.48006,0.33596,-4.0331,22.415,0.14372,0,0,0,6.2506,6.2058,6.2306,6.1663,3.3239,53.581,-18.192,11.823,-277.53,51.008
5.01,-131.39,1.1658,-24.006,0.053741,-0.55102,-0.83039,0.062736,-34.594,-4.2784,-0.098795,1.4131,-0.44899,0.31892,-3.9993,22.936,-0.035629,0,0,0,6.3475,6.3055,6.3285,6.2682,3.4419,50.774,-17.675,11.802,-283.81,52.497
5.02,-131.74,1.1242,-24.007,0.05291,-0.55674,-0.8268,0.060349,-34.634,-4.0465,-0.10003,1.3113,-0.42022,0.30278,-3.9643,23.43,-0.20973,0,0,0,6.4399,6.4006,6.4218,6.3653,3.56,47.906,-17.142,11.825,-289.71,53.912
5.03,-132.08,1.0849,-24.008,0.052169,-0.56202,-0.82343,0.058048,-34.674,-3.8099,-0.10297,1.2156,-0.39362,0.28751,-3.9281,23.894,-0.37843,0,0,0,6.5275,6.4906,6.5104,6.4573,3.6786,44.981,-16.597,11.894,-295.22,55.25
5.04,-132.43,1.048,-24.009,0.051512,-0.56689,-0.82029,0.05583,-34.713,-3.5687,-0.10758,1.1255,-0.36905,0.27309,-3.8907,24.329,-0.54161,0,0,0,6.61,6.5752,6.5938,6.5438,3.7981,42.003,-16.038,12.011,-300.32,56.51
5.05,-132.78,1.0136,-24.01,0.050932,-0.57136,-0.81735,0.05369,-34.751,-3.3234,-0.11379,1.0406,-0.34637,0.25949,-3.8521,24.734,-0.69915,0,0,0,6.6871,6.6542,6.6717,6.6247,3.919,38.976,-15.467,12.178,-304.99,57.688
5.06,-133.12,0.98156,-24.012,0.050424,-0.57548,-0.81463,0.051623,-34.79,-3.0742,-0.12154,0.96027,-0.32548,0.24666,-3.8123,25.109,-0.85091,0,0,0,6.7585,6.7273,6.7439,6.6995,4.0418,35.904,-14.884,12.396,-309.23,58.781
5.07,-133.47,0.95208,-24.013,0.049981,-0.57925,-0.8121,0.049624,-34.828,-2.8213,-0.13078,0.88419,-0.30625,0.2346,-3.7713,25.452,-0.9968,0,0,0,6.8239,6.7942,6.8102,6.7682,4.1671,32.793,-14.291,12.666,-313.02,59.788
5.08,-133.82,0.92515,-24.014,0.049599,-0.58271,-0.80976,0.047688,-34.865,-2.5652,-0.14146,0.81192,-0.28861,0.22328,-3.729,25.764,-1.1367,0,0,0,6.8831,6.8548,6.8702,6.8305,4.2953,29.645,-13.689,12.992,-316.34,60.704
5.09,-134.17,0.90079,-24.016,0.049274,-0.58587,-0.80761,0.045809,-34.902,-2.3061,-0.1535,0.74307,-0.27245,0.21267,-3.6854,26.045,-1.2705,0,0,0,6.936,6.9088,6.9238,6.8861,4.4271,26.467,-13.078,13.374,-319.19,61.528
5.1,-134.52,0.87903,-24.017,0.049,-0.58874,-0.80564,0.043984,-34.939,-2.0444,-0.16685,0.67729,-0.25771,0.20275,-3.6404,26.294,-1.3982,0,0,0,6.9823,6.9561,6.9709,6.935,4.563,23.263,-12.459,13.814,-321.55,62.257
5.11,-134.87,0.85991,-24.019,0.048775,-0.59133,-0.80384,0.042206,-34.975,-1.7804,-0.18144,0.61425,-0.24433,0.19352,-3.5941,26.51,-1.5197,0,0,0,7.0219,6.9966,7.0112,6.977,4.7036,20.038,-11.833,14.314,-323.4,62.887
5.12,-135.22,0.84343,-24.021,0.048594,-0.59367,-0.80222,0.040471,-35.011,-1.5143,-0.19722,0.55363,-0.23224,0.18497,-3.5464,26.694,-1.6349,0,0,0,7.0547,7.03,7.0447,7.0121,4.8495,16.797,-11.201,14.875,-324.73,63.417
5.13,-135.57,0.82963,-24.023,0.048454,-0.59576,-0.80076,0.038773,-35.046,-1.2466,-0.21412,0.49515,-0.2214,0.17708,-3.4971,26.846,-1.7437,0,0,0,7.0805,7.0564,7.0712,7.04,5.0013,13.545,-10.565,15.499,-325.53,63.844
5.14,-135.92,0.8185,-24.025,0.048353,-0.59762,-0.79946,0.037108,-35.081,-0.97751,-0.23207,0.43854,-0.21179,0.16986,-3.4463,26.965,-1.8461,0,0,0,7.0992,7.0756,7.0907,7.0607,5.1597,10.288,-9.9246,16.187,-325.8,64.165
5.15,-136.27,0.81008,-24.028,0.048286,-0.59924,-0.79832,0.03547,-35.115,-0.7074,-0.25102,0.38353,-0.20338,0.16329,-3.3939,27.052,-1.9422,0,0,0,7.1108,7.0875,7.103,7.0742,5.3252,7.0311,-9.2818,16.937,-325.54,64.384
5.16,-136.62,0.80436,-24.03,0.048251,-0.60064,-0.79734,0.033854,-35.149,-0.43659,-0.27089,0.32987,-0.19616,0.1574,-3.3398,27.106,-2.0318,0,0,0,7.1153,7.0921,7.1082,7.0803,5.4986,3.7792,-8.6373,17.744,-324.76,64.503
5.17,-136.97,0.80135,-24.033,0.048246,-0.60183,-0.79652,0.032255,-35.182,-0.16539,-0.29163,0.27731,-0.19012,0.15218,-3.2839,27.127,-2.1149,0,0,0,7.1125,7.0895,7.1062,7.0792,5.6803,0.53757,-7.992,18.607,-323.49,64.524
5.18,-137.33,0.80105,-24.036,0.048266,-0.6028,-0.79584,0.030668,-35.214,0.10585,-0.31317,0.22562,-0.18526,0.14763,-3.2261,27.117,-2.1916,0,0,0,7.1026,7.0794,7.0969,7.0708,5.8709,-2.6889,-7.3471,19.522,-321.73,64.451
5.19,-137.68,0.80346,-24.039,0.048309,-0.60356,-0.79532,0.029088,-35.246,0.37683,-0.33544,0.17457,-0.18159,0.14378,-3.1664,27.074,-2.2619,0,0,0,7.0854,7.0621,7.0805,7.0551,6.0709,-5.8955,-6.7033,20.487,-319.5,64.284
5.2,-138.03,0.80859,-24.043,0.048373,-0.60412,-0.79495,0.027508,-35.278,0.64722,-0.35839,0.12391,-0.17914,0.14063,-3.1047,26.999,-2.3257,0,0,0,7.0611,7.0374,7.0569,7.0321,6.2808,-9.0774,-6.0617,21.499,-316.81,64.028
5.21,-138.38,0.81641,-24.046,0.048454,-0.60447,-0.79473,0.025923,-35.308,0.9167,-0.38194,0.073433,-0.17794,0.13821,-3.0408,26.892,-2.3831,0,0,0,7.0296,7.0055,7.0262,7.0019,6.501,-12.23,-5.4231,22.556,-313.68,63.684
5.22,-138.74,0.82692,-24.05,0.048549,-0.60462,-0.79466,0.024327,-35.338,1.185,-0.40603,0.022888,-0.17804,0.13653,-2.9746,26.754,-2.4342,0,0,0,6.9911,6.9664,6.9885,6.9646,6.732,-15.35,-4.7883,23.653,-310.11,63.255
5.23,-139.09,0.8401,-24.055,0.048655,-0.60457,-0.79474,0.022715,-35.368,1.4517,-0.4306,-0.027956,-0.17948,0.13563,-2.9061,26.585,-2.4789,0,0,0,6.9455,6.9201,6.9437,6.9202,6.9742,-18.431,-4.1583,24.789,-306.13,62.743
5.24,-139.44,0.85594,-24.059,0.048768,-0.60431,-0.79498,0.02108,-35.396,1.7166,-0.45559,-0.079343,-0.18234,0.13554,-2.8351,26.386,-2.5173,0,0,0,6.893,6.8667,6.8921,6.8688,7.228,-21.471,-3.5337,25.961,-301.74,62.151
5.25,-139.8,0.87442,-24.064,0.048886,-0.60384,-0.79537,0.019416,-35.424,1.9793,-0.48093,-0.13152,-0.18669,0.13629,-2.7615,26.156,-2.5496,0,0,0,6.8338,6.8064,6.8337,6.8105,7.4936,-24.465,-2.9155,27.165,-296.96,61.481
5.26,-140.15,0.89552,-24.069,0.049003,-0.60316,-0.79592,0.017715,-35.452,2.2396,-0.50656,-0.18476,-0.19265,0.13793,-2.6852,25.897,-2.5757,0,0,0,6.7678,6.7392,6.7686,6.7455,7.7714,-27.409,-2.3044,28.4,-291.8,60.736
5.27,-140.51,0.91921,-24.074,0.049115,-0.60225,-0.79663,0.015971,-35.478,2.4971,-0.53242,-0.23932,-0.20032,0.1405,-2.606,25.608,-2.5957,0,0,0,6.6952,6.6652,6.697,6.6739,8.0616,-30.299,-1.701,29.661,-286.28,59.919
5.28,-140.86,0.94545,-24.079,0.049218,-0.60113,-0.79751,0.014175,-35.504,2.7517,-0.55845,-0.29551,-0.20984,0.14407,-2.5239,25.291,-2.6097,0,0,0,6.6163,6.5847,6.6191,6.5958,8.3647,-33.133,-1.1062,30.947,-280.41,59.031
5.29,-141.22,0.97423,-24.085,0.049306,-0.59977,-0.79856,0.01232,-35.529,3.0029,-0.58459,-0.35363,-0.22137,0.1487,-2.4387,24.946,-2.6179,0,0,0,6.5311,6.4976,6.535,6.5114,8.6807,-35.907,-0.52061,32.255,-274.2,58.076
5.3,-141.57,1.0055,-24.091,0.049374,-0.59817,-0.79978,0.010397,-35.553,3.2505,-0.61079,-0.41401,-0.2351,0.15446,-2.3503,24.573,-2.6202,0,0,0,6.4399,6.4043,6.4448,6.4209,9.0098,-38.616,0.055101,33.58,-267.67,57.056
5.31,-141.93,1.0392,-24.097,0.049414,-0.59631,-0.80119,0.0083961,-35.576,3.4942,-0.63698,-0.47703,-0.25124,0.16144,-2.2585,24.174,-2.6168,0,0,0,6.3428,6.3048,6.3489,6.3246,9.3523,-41.259,0.6203,34.922,-260.83,55.973
5.32,-142.28,1.0754,-24.104,0.049419,-0.59419,-0.80278,0.0063082,-35.598,3.7339,-0.66311,-0.54306,-0.27004,0.16972,-2.1632,23.748,-2.6078,0,0,0,6.24,6.1994,6.2474,6.2225,9.7083,-43.832,1.1744,36.277,-253.69,54.83
5.33,-142.64,1.1139,-24.11,0.04938,-0.59178,-0.80457,0.0041222,-35.619,3.9691,-0.68912,-0.61254,-0.29177,0.17941,-2.0643,23.297,-2.5933,0,0,0,6.1318,6.0882,6.1405,6.115,10.078,-46.332,1.7167,37.642,-246.26,53.629
5.34,-143,1.1547,-24.117,0.049289,-0.58908,-0.80657,0.0018267,-35.639,4.1997,-0.71495,-0.68594,-0.31678,0.19062,-1.9616,22.822,-2.5735,0,0,0,6.0185,5.9715,6.0286,6.0022,10.461,-48.756,2.2468,39.014,-238.57,52.373
5.35,-143.35,1.1979,-24.125,-0.049132,0.58605,0.80878,0.00059067,-35.658,4.4255,-0.74057,-0.76377,-0.34542,0.20348,-1.855,22.322,-2.5485,0,0,0,5.9002,5.8494,5.9118,5.8845,10.858,-51.102,2.764,40.391,-230.62,51.064
5.36,-143.71,1.2432,-24.132,-0.048898,0.58269,0.81122,0.0031432,-35.676,4.6461,-0.76591,-0.8466,-0.37815,0.21814,-1.7444,21.8,-2.5183,0,0,0,5.7773,5.7222,5.7905,5.7621,11.269,-53.368,3.2679,41.769,-222.43,49.706
5.37,-144.07,1.2908,-24.14,-0.048571,0.57896,0.81389,0.0058452,-35.693,4.8614,-0.79092,-0.93508,-0.41545,0.23476,-1.6296,21.255,-2.4831,0,0,0,5.65,5.5902,5.665,5.6353,11.694,-55.55,3.7579,43.147,-214.01,48.299
5.38,-144.42,1.3404,-24.148,-0.048134,0.57483,0.81681,0.008712,-35.709,5.0711,-0.81555,-1.0299,-0.4579,0.25351,-1.5104,20.689,-2.4432,0,0,0,5.5188,5.4536,5.5356,5.5044,12.132,-57.647,4.2337,44.52,-205.37,46.848
5.39,-144.78,1.3922,-24.156,-0.047568,0.57027,0.81999,0.01176,-35.723,5.2751,-0.83977,-1.1318,-0.50616,0.27459,-1.3869,20.103,-2.3985,0,0,0,5.3839,5.3126,5.4027,5.3697,12.584,-59.657,4.6947,45.886,-196.53,45.353
5.4,-145.14,1.4459,-24.165,-0.04685,0.56525,0.82345,0.015007,-35.736,5.4731,-0.86351,-1.2417,-0.56097,0.29821,-1.2587,19.496,-2.3493,0,0,0,5.2458,5.1677,5.2666,5.2317,13.05,-61.577,5.1406,47.243,-187.5,43.819
5.41,-145.5,1.5016,-24.174,-0.045951,0.55971,0.82721,0.018472,-35.748,5.665,-0.88674,-1.3605,-0.6232,0.32461,-1.1258,18.871,-2.2958,0,0,0,5.1048,5.019,5.1278,5.0907,13.529,-63.406,5.571,48.587,-178.3,42.247
5.42,-145.85,1.5592,-24.183,-0.044842,0.55362,0.83127,0.022173,-35.759,5.8505,-0.90941,-1.4893,-0.69382,0.35404,-0.98809,18.229,-2.238,0,0,0,4.9613,4.867,4.9867,4.9471,14.021,-65.142,5.9855,49.916,-168.93,40.639
5.43,-146.21,1.6186,-24.192,-0.043485,0.54692,0.83565,0.026133,-35.768,6.0295,-0.93148,-1.6291,-0.77395,0.38678,-0.84536,17.569,-2.1761,0,0,0,4.816,4.7119,4.8437,4.8014,14.527,-66.784,6.3837,51.227,-159.42,38.999
5.44,-146.57,1.6798,-24.201,-0.041838,0.53954,0.84037,0.030371,-35.776,6.2018,-0.95292,-1.7814,-0.86483,0.42311,-0.69751,16.893,-2.1103,0,0,0,4.6691,4.5543,4.6994,4.654,15.046,-68.33,6.7653,52.517,-149.77,37.329
5.45,-146.93,1.7426,-24.211,-0.039853,0.53142,0.84545,0.034908,-35.782,6.3673,-0.97368,-1.9474,-0.96786,0.46335,-0.54441,16.203,-2.0408,0,0,0,4.5215,4.3945,4.5544,4.5054,15.577,-69.779,7.1302,53.783,-140,35.631
5.46,-147.28,1.8071,-24.221,-0.037471,0.52247,0.8509,0.039765,-35.787,6.5258,-0.99372,-2.1285,-1.0846,0.50781,-0.38592,15.498,-1.9678,0,0,0,4.3735,4.2331,4.4091,4.3561,16.121,-71.13,7.4779,55.022,-130.12,33.908
5.47,-147.64,1.8731,-24.231,-0.034625,0.51262,0.85674,0.04496,-35.79,6.6772,-1.013,-2.3263,-1.2166,0.55677,-0.22194,14.78,-1.8913,0,0,0,4.226,4.0706,4.2643,4.2069,16.678,-72.381,7.8082,56.232,-120.15,32.162
5.48,-148,1.9406,-24.241,-0.031241,0.50175,0.86297,0.050507,-35.791,6.8214,-1.0315,-2.5422,-1.3657,0.61054,-0.052329,14.051,-1.8117,0,0,0,4.0795,3.9079,4.1205,4.0581,17.246,-73.533,8.121,57.41,-110.09,30.396
5.49,-148.36,2.0095,-24.251,-0.02723,0.48975,0.86961,0.056417,-35.791,6.9582,-1.0492,-2.7777,-1.5336,0.66932,0.12302,13.31,-1.729,0,0,0,3.935,3.7456,3.9785,3.9107,17.826,-74.583,8.4161,58.552,-99.971,28.612
5.5,-148.72,2.0797,-24.262,-0.022495,0.47651,0.87664,0.06269,-35.789,7.0875,-1.0661,-3.034,-1.7219,0.73329,0.30422,12.559,-1.6434,0,0,0,3.7931,3.5849,3.839,3.7652,18.417,-75.532,8.6932,59.657,-89.795,26.813
5.51,-149.07,2.1512,-24.273,-0.016924,0.46189,0.88406,0.069315,-35.785,7.2094,-1.0821,-3.3121,-1.9319,0.80244,0.49139,11.8,-1.5552,0,0,0,3.6547,3.4269,3.7029,3.6225,19.019,-76.379,8.9523,60.721,-79.579,25.001
5.52,-149.43,2.2239,-24.284,-0.0104,0.44574,0.89185,0.076264,-35.779,7.3235,-1.0972,-3.6122,-2.1642,0.87661,0.68463,11.032,-1.4644,0,0,0,3.5207,3.2732,3.5708,3.4833,19.631,-77.123,9.1932,61.741,-69.335,23.179
5.53,-149.79,2.2977,-24.295,-0.0027951,0.42792,0.89995,0.083487,-35.771,7.43,-1.1114,-3.9337,-2.4186,0.95534,0.88405,10.258,-1.3714,0,0,0,3.3919,3.1257,3.4436,3.3487,20.253,-77.765,9.4159,62.715,-59.078,21.35
5.54,-150.15,2.3725,-24.306,0.0060158,0.40826,0.90831,0.090904,-35.761,7.5286,-1.1246,-4.2749,-2.693,1.0378,1.0897,9.4771,-1.2762,0,0,0,3.2691,2.9868,3.3221,3.2194,20.885,-78.305,9.6202,63.639,-48.821,19.515
5.55,-150.5,2.4482,-24.317,0.016151,0.38662,0.91683,0.098398,-35.749,7.6195,-1.1369,-4.6319,-2.9835,1.1228,1.3018,8.6918,-1.179,0,0,0,3.1531,2.8592,3.207,3.0965,21.526,-78.742,9.8061,64.511,-38.577,17.677
5.56,-150.86,2.5248,-24.329,0.027708,0.36286,0.9254,0.10581,-35.735,7.7025,-1.1482,-4.999,-3.2833,1.2084,1.5203,7.9026,-1.0801,0,0,0,3.0445,2.7461,3.099,2.9811,22.175,-79.077,9.9737,65.329,-28.36,15.839
5.57,-151.22,2.6023,-24.34,0.040742,0.33689,0.93386,0.11293,-35.719,7.7775,-1.1585,-5.3676,-3.582,1.2922,1.7453,7.1106,-0.97962,0,0,0,2.9438,2.651,2.999,2.8745,22.832,-79.309,10.123,66.088,-18.183,14.003
5.58,-151.58,2.6804,-24.352,0.055251,0.30867,0.94201,0.11951,-35.7,7.8447,-1.1678,-5.7261,-3.8658,1.3712,1.977,6.3168,-0.87772,0,0,0,2.8517,2.5774,2.9074,2.7781,23.497,-79.44,10.254,66.787,-8.0603,12.173
5.59,-151.93,2.7591,-24.363,0.071149,0.2782,0.94966,0.12524,-35.679,7.9039,-1.1761,-6.0603,-4.1178,1.4418,2.2153,5.5221,-0.77461,0,0,0,2.7687,2.5283,2.8251,2.6935,24.168,-79.471,10.366,67.423,1.9953,10.349
5.6,-152.29,2.8384,-24.375,0.088251,0.24561,0.95657,0.12983,-35.656,7.9551,-1.1833,-6.3539,-4.3193,1.5002,2.4603,4.7277,-0.67046,0,0,0,2.6959,2.5057,2.7528,2.6226,24.845,-79.401,10.461,67.992,11.97,8.5351
5.61,-152.65,2.9182,-24.387,0.10626,0.21113,0.96253,0.13294,-35.63,7.9984,-1.1895,-6.5901,-4.452,1.5429,2.7122,3.9344,-0.56545,0,0,0,2.6348,2.5098,2.6914,2.5676,25.528,-79.232,10.537,68.492,21.851,6.7335
5.62,-153,2.9984,-24.399,0.12479,0.17509,0.96733,0.13432,-35.601,8.0338,-1.1946,-6.7531,-4.5017,1.5667,2.9709,3.1434,-0.45977,0,0,0,2.5874,2.5388,2.6423,2.5304,26.215,-78.964,10.596,68.921,31.624,4.9466
5.63,-153.36,3.0788,-24.411,0.14337,0.13793,0.97084,0.13378,-35.57,8.0613,-1.1987,-6.8313,-4.4609,1.5698,3.2365,2.3555,-0.3536,0,0,0,2.5563,2.5894,2.607,2.5129,26.906,-78.6,10.636,69.274,41.275,3.177
5.64,-153.71,3.1596,-24.423,0.1615,0.10017,0.97296,0.13124,-35.537,8.0809,-1.2017,-6.8182,-4.3308,1.5517,3.509,1.5717,-0.24711,0,0,0,2.5438,2.6566,2.5871,2.5163,27.6,-78.139,10.659,69.55,50.792,1.4271
5.65,-154.07,3.2404,-24.435,0.17872,0.062371,0.97371,0.12674,-35.5,8.0928,-1.2036,-6.7145,-4.1216,1.5133,3.7885,0.79302,-0.14048,0,0,0,2.5519,2.7355,2.5841,2.5407,28.296,-77.584,10.665,69.746,60.161,-0.30058
5.66,-154.42,3.3214,-24.447,0.19464,0.025079,0.97313,0.12045,-35.461,8.0968,-1.2045,-6.5273,-3.8507,1.457,4.075,0.020336,-0.033871,0,0,0,2.5816,2.8218,2.5994,2.5855,28.995,-76.936,10.653,69.858,69.368,-2.0035
5.67,-154.78,3.4024,-24.459,0.20898,-0.011204,0.97135,0.11264,-35.419,8.0932,-1.2043,-6.2689,-3.5394,1.3859,4.3684,-0.74541,0.072533,0,0,0,2.6325,2.9125,2.6335,2.649,29.693,-76.197,10.625,69.884,78.4,-3.6792
5.68,-155.13,3.4832,-24.471,0.22158,-0.046055,0.96853,0.10362,-35.374,8.0819,-1.203,-5.9554,-3.2092,1.3038,4.6688,-1.5033,0.17857,0,0,0,2.7033,3.006,2.6865,2.729,30.392,-75.369,10.58,69.821,87.243,-5.3252
5.69,-155.49,3.564,-24.483,0.23243,-0.07915,0.96484,0.093735,-35.325,8.0632,-1.2007,-5.6036,-2.8793,1.2143,4.9762,-2.2525,0.28407,0,0,0,2.7917,3.102,2.7573,2.8232,31.089,-74.453,10.518,69.667,95.885,-6.939
5.7,-155.84,3.6445,-24.495,0.24159,-0.11027,0.96049,0.08331,-35.274,8.0369,-1.1973,-5.2297,-2.5643,1.1206,5.2906,-2.9921,0.38888,0,0,0,2.8951,3.2009,2.8446,2.9291,31.785,-73.452,10.441,69.418,104.31,-8.5181
5.71,-156.19,3.7247,-24.507,0.2492,-0.13929,0.95563,0.07263,-35.219,8.0033,-1.1929,-4.8478,-2.2742,1.0256,5.6119,-3.7213,0.49284,0,0,0,3.0109,3.3033,2.9464,3.0447,32.477,-72.368,10.348,69.072,112.51,-10.06
5.72,-156.54,3.8045,-24.519,0.25545,-0.16616,0.95042,0.061932,-35.162,7.9625,-1.1875,-4.4692,-2.0147,0.93121,5.9401,-4.4392,0.5958,0,0,0,3.1364,3.4099,3.0606,3.1681,33.166,-71.203,10.24,68.625,120.46,-11.562
5.73,-156.89,3.8839,-24.531,0.26052,-0.19092,0.94501,0.051396,-35.101,7.9146,-1.181,-4.1025,-1.788,0.83916,6.2752,-5.1451,0.69759,0,0,0,3.2696,3.521,3.185,3.2979,33.85,-69.959,10.117,68.076,128.16,-13.022
5.74,-157.25,3.9628,-24.543,0.26462,-0.21362,0.93949,0.04115,-35.036,7.8597,-1.1735,-3.7534,-1.5935,0.75046,6.6171,-5.8381,0.79809,0,0,0,3.4087,3.6369,3.3178,3.4327,34.527,-68.64,9.9797,67.42,135.59,-14.437
5.75,-157.6,4.0411,-24.554,0.26794,-0.23438,0.93397,0.031281,-34.968,7.7979,-1.1651,-3.4254,-1.4294,0.66575,6.9657,-6.5176,0.89714,0,0,0,3.552,3.7572,3.4571,3.5714,35.198,-67.249,9.8285,66.656,142.73,-15.805
5.76,-157.94,4.1187,-24.566,0.27064,-0.25332,0.9285,0.021836,-34.897,7.7294,-1.1556,-3.1204,-1.2928,0.58539,7.321,-7.1829,0.99461,0,0,0,3.6985,3.8818,3.6013,3.7133,35.86,-65.787,9.6638,65.78,149.58,-17.124
5.77,-158.29,4.1956,-24.577,0.27286,-0.27057,0.92313,0.012838,-34.822,7.6543,-1.1452,-2.8389,-1.1804,0.50947,7.6829,-7.8331,1.0904,0,0,0,3.8471,4.0101,3.7491,3.8575,36.513,-64.258,9.4862,64.79,156.12,-18.39
5.78,-158.64,4.2718,-24.589,0.27473,-0.28626,0.91791,0.0042893,-34.743,7.5728,-1.1338,-2.5804,-1.0891,0.43795,8.0513,-8.4678,1.1843,0,0,0,3.997,4.1416,3.8994,4.0034,37.155,-62.665,9.2962,63.683,162.34,-19.601
5.79,-158.99,4.3471,-24.6,-0.27635,0.30052,-0.91286,0.0038215,-34.661,7.485,-1.1215,-2.344,-1.0157,0.37069,8.426,-9.0862,1.2763,0,0,0,4.1477,4.2756,4.0513,4.1503,37.786,-61.012,9.0943,62.455,168.21,-20.755
5.8,-159.33,4.4215,-24.611,-0.27779,0.31347,-0.90798,0.011515,-34.575,7.3911,-1.1083,-2.1284,-0.95762,0.30748,8.8069,-9.6879,1.3661,0,0,0,4.2984,4.4116,4.204,4.2978,38.404,-59.302,8.8812,61.105,173.74,-21.85
5.81,-159.68,4.4949,-24.622,-0.27913,0.32524,-0.9033,0.018817,-34.485,7.2913,-1.0942,-1.932,-0.91228,0.24807,9.194,-10.272,1.4538,0,0,0,4.4489,4.5491,4.3567,4.4454,39.008,-57.539,8.6575,59.632,178.91,-22.884
5.82,-160.02,4.5673,-24.633,-0.28041,0.33594,-0.89881,0.025756,-34.391,7.1857,-1.0792,-1.7532,-0.87762,0.19219,9.587,-10.838,1.5393,0,0,0,4.5987,4.6874,4.5091,4.5927,39.596,-55.725,8.4238,58.039,183.74,-23.858
5.83,-160.37,4.6386,-24.644,-0.28169,0.34564,-0.8945,0.032361,-34.293,7.0746,-1.0634,-1.5905,-0.85186,0.13959,9.9859,-11.386,1.6223,0,0,0,4.7474,4.8261,4.6606,4.7393,40.168,-53.865,8.1806,56.329,188.21,-24.773
5.84,-160.71,4.7087,-24.654,-0.28298,0.35446,-0.89038,0.038661,-34.191,6.958,-1.0468,-1.4424,-0.83349,0.089995,10.39,-11.916,1.7028,0,0,0,4.8948,4.9647,4.8108,4.8849,40.722,-51.962,7.9285,54.506,192.35,-25.63
5.85,-161.05,4.7777,-24.665,-0.28432,0.36246,-0.88645,0.044684,-34.085,6.8363,-1.0294,-1.3073,-0.82125,0.04317,10.8,-12.426,1.7808,0,0,0,5.0407,5.1029,4.9595,5.0292,41.258,-50.019,7.6681,52.572,196.16,-26.431
5.86,-161.39,4.8455,-24.675,-0.28573,0.36972,-0.88268,0.050457,-33.975,6.7096,-1.0112,-1.184,-0.81409,-0.0011232,11.215,-12.916,1.8562,0,0,0,5.1847,5.2402,5.1064,5.172,41.774,-48.04,7.4001,50.532,199.63,-27.174
5.87,-161.73,4.9119,-24.685,-0.28722,0.3763,-0.87907,0.056002,-33.861,6.5781,-0.99224,-1.0714,-0.81113,-0.0431,11.636,-13.386,1.9288,0,0,0,5.3267,5.3764,5.2511,5.313,42.268,-46.028,7.1248,48.388,202.79,-27.863
5.88,-162.07,4.977,-24.695,-0.28879,0.38227,-0.87562,0.061344,-33.742,6.4419,-0.9726,-0.96824,-0.81165,-0.082958,12.061,-13.836,1.9987,0,0,0,5.4666,5.5112,5.3936,5.4521,42.741,-43.985,6.843,46.143,205.62,-28.498
5.89,-162.41,5.0407,-24.704,-0.29047,0.38766,-0.87231,0.066502,-33.619,6.3014,-0.95227,-0.87364,-0.81504,-0.12088,12.49,-14.266,2.0656,0,0,0,5.6042,5.6444,5.5338,5.589,43.191,-41.916,6.5551,43.801,208.15,-29.079
5.9,-162.74,5.103,-24.714,-0.29225,0.39253,-0.86913,0.071494,-33.492,6.1567,-0.93129,-0.78671,-0.8208,-0.15703,12.924,-14.675,2.1297,0,0,0,5.7393,5.7756,5.6713,5.7236,43.617,-39.823,6.2616,41.365,210.37,-29.607
5.91,-163.08,5.1638,-24.723,-0.29415,0.39692,-0.86609,0.076338,-33.361,6.008,-0.90969,-0.70665,-0.8285,-0.19156,13.363,-15.062,2.1909,0,0,0,5.8719,5.9048,5.8062,5.8558,44.018,-37.71,5.9631,38.839,212.29,-30.084
5.92,-163.41,5.2232,-24.732,-0.29615,0.40086,-0.86315,0.081048,-33.225,5.8555,-0.88749,-0.63277,-0.83781,-0.2246,13.805,-15.429,2.249,0,0,0,6.0018,6.0318,5.9383,5.9854,44.393,-35.579,5.6601,36.225,213.91,-30.51
5.93,-163.74,5.2809,-24.741,-0.29826,0.40439,-0.86033,0.085638,-33.085,5.6995,-0.86472,-0.56443,-0.84843,-0.25627,14.25,-15.774,2.3041,0,0,0,6.129,6.1564,6.0676,6.1124,44.742,-33.433,5.3531,33.527,215.25,-30.887
5.94,-164.07,5.3371,-24.749,-0.30049,0.40754,-0.85761,0.090119,-32.94,5.5401,-0.84141,-0.5011,-0.86012,-0.28668,14.699,-16.097,2.356,0,0,0,6.2534,6.2786,6.1939,6.2367,45.063,-31.275,5.0425,30.748,216.3,-31.215
5.95,-164.4,5.3917,-24.758,-0.30283,0.41033,-0.85498,0.094503,-32.791,5.3776,-0.81761,-0.44226,-0.87267,-0.31593,15.152,-16.399,2.4049,0,0,0,6.3749,6.3982,6.3173,6.3582,45.357,-29.108,4.7289,27.892,217.07,-31.495
5.96,-164.73,5.4447,-24.766,-0.30528,0.41278,-0.85244,0.098799,-32.637,5.2122,-0.79333,-0.38748,-0.8859,-0.34411,15.607,-16.679,2.4506,0,0,0,6.4935,6.5151,6.4377,6.4768,45.621,-26.934,4.4127,24.961,217.58,-31.729
5.97,-165.05,5.496,-24.773,-0.30784,0.41492,-0.84998,0.10302,-32.479,5.0441,-0.76861,-0.33637,-0.89967,-0.37129,16.064,-16.938,2.4931,0,0,0,6.6092,6.6293,6.5551,6.5926,45.856,-24.757,4.0945,21.959,217.81,-31.916
5.98,-165.38,5.5456,-24.781,-0.31051,0.41677,-0.84759,0.10716,-32.316,4.8735,-0.74348,-0.28856,-0.91384,-0.39755,16.524,-17.175,2.5325,0,0,0,6.7219,6.7407,6.6694,6.7054,46.06,-22.579,3.7746,18.889,217.79,-32.058
5.99,-165.7,5.5934,-24.788,-0.31329,0.41834,-0.84526,0.11124,-32.148,4.7007,-0.71797,-0.24374,-0.92832,-0.42293,16.985,-17.39,2.5686,0,0,0,6.8316,6.8494,6.7807,6.8153,46.233,-20.402,3.4535,15.754,217.51,-32.157
6,-166.02,5.6396,-24.795,-0.31617,0.41965,-0.843,0.11526,-31.976,4.5258,-0.69211,-0.20165,-0.943,-0.44751,17.448,-17.583,2.6016,0,0,0,6.9383,6.9552,6.889,6.9223,46.375,-18.23,3.1316,12.558,216.98,-32.212
6.01,-166.34,5.6839,-24.802,-0.31915,0.4207,-0.8408,0.11922,-31.799,4.3491,-0.66595,-0.16201,-0.9578,-0.47132,17.912,-17.754,2.6313,0,0,0,7.042,7.0581,6.9942,7.0263,46.484,-16.063,2.8094,9.304,216.2,-32.224
6.02,-166.65,5.7265,-24.809,-0.32223,0.42153,-0.83864,0.12313,-31.618,4.1708,-0.6395,-0.12461,-0.97264,-0.49441,18.378,-17.904,2.6577,0,0,0,7.1427,7.1582,7.0963,7.1273,46.561,-13.906,2.4872,5.995,215.19,-32.196
6.03,-166.97,5.7673,-24.815,-0.32541,0.42212,-0.83654,0.127,-31.432,3.9911,-0.6128,-0.089239,-0.98747,-0.51681,18.844,-18.032,2.681,0,0,0,7.2405,7.2554,7.1955,7.2254,46.604,-11.76,2.1656,2.6344,213.94,-32.127
6.04,-167.28,5.8064,-24.821,-0.32868,0.4225,-0.83447,0.13082,-31.241,3.8102,-0.58589,-0.055721,-1.0022,-0.53856,19.31,-18.139,2.7011,0,0,0,7.3353,7.3498,7.2916,7.3206,46.613,-9.6282,1.8448,-0.77454,212.47,-32.018
6.05,-167.59,5.8435,-24.827,-0.33204,0.42268,-0.83245,0.1346,-31.046,3.6284,-0.55879,-0.02389,-1.0168,-0.55968,19.776,-18.225,2.7179,0,0,0,7.4272,7.4413,7.3848,7.4129,46.588,-7.5117,1.5254,-4.2286,210.78,-31.871
6.06,-167.9,5.8789,-24.832,-0.3355,0.42265,-0.83046,0.13834,-30.845,3.4458,-0.53154,0.0064007,-1.0313,-0.5802,20.241,-18.29,2.7316,0,0,0,7.5162,7.53,7.4751,7.5024,46.529,-5.4134,1.2075,-7.7245,208.87,-31.686
6.07,-168.21,5.9125,-24.837,-0.33904,0.42244,-0.82851,0.14204,-30.641,3.2626,-0.50417,0.035285,-1.0455,-0.60013,20.706,-18.333,2.7421,0,0,0,7.6023,7.6159,7.5625,7.5889,46.434,-3.3351,0.89176,-11.259,206.74,-31.465
6.08,-168.52,5.9442,-24.842,-0.34266,0.42204,-0.82658,0.14571,-30.431,3.0792,-0.47671,0.062884,-1.0594,-0.6195,21.17,-18.356,2.7494,0,0,0,7.6856,7.6991,7.6471,7.6727,46.303,-1.2791,0.57836,-14.829,204.42,-31.208
6.09,-168.82,5.974,-24.847,-0.34637,0.42146,-0.82468,0.14935,-30.217,2.8956,-0.44919,0.089305,-1.073,-0.63831,21.632,-18.359,2.7536,0,0,0,7.7661,7.7795,7.7289,7.7538,46.137,0.75258,0.26772,-18.431,201.89,-30.916
6.1,-169.12,6.0021,-24.851,-0.35015,0.42071,-0.8228,0.15294,-29.999,2.7121,-0.42165,0.11465,-1.0863,-0.65659,22.092,-18.341,2.7548,0,0,0,7.8439,7.8573,7.8079,7.8321,45.935,2.7581,-0.039842,-22.062,199.17,-30.59
6.11,-169.42,6.0283,-24.855,-0.35401,0.41979,-0.82095,0.15651,-29.775,2.5288,-0.39411,0.139,-1.0992,-0.67432,22.551,-18.304,2.7529,0,0,0,7.919,7.9324,7.8842,7.9078,45.696,4.7354,-0.34397,-25.718,196.27,-30.231
6.12,-169.72,6.0527,-24.859,-0.35794,0.41871,-0.81912,0.16004,-29.548,2.3461,-0.3666,0.16244,-1.1117,-0.69153,23.006,-18.247,2.7479,0,0,0,7.9914,8.0049,7.9579,7.9808,45.42,6.6828,-0.64436,-29.397,193.18,-29.84
6.13,-170.01,6.0752,-24.863,-0.36194,0.41747,-0.8173,0.16354,-29.315,2.164,-0.33916,0.18504,-1.1237,-0.70822,23.459,-18.17,2.74,0,0,0,8.0613,8.0748,8.029,8.0512,45.108,8.5984,-0.94067,-33.094,189.91,-29.418
6.14,-170.3,6.0959,-24.866,-0.366,0.41607,-0.8155,0.167,-29.079,1.9827,-0.31181,0.20687,-1.1352,-0.72439,23.908,-18.075,2.7291,0,0,0,8.1286,8.1423,8.0976,8.1192,44.758,10.48,-1.2326,-36.808,186.47,-28.966
6.15,-170.59,6.1149,-24.869,-0.37013,0.41452,-0.81372,0.17043,-28.837,1.8025,-0.28459,0.22799,-1.1463,-0.74003,24.354,-17.961,2.7153,0,0,0,8.1934,8.2073,8.1637,8.1847,44.371,12.327,-1.5199,-40.534,182.87,-28.484
6.16,-170.88,6.132,-24.872,-0.37432,0.41281,-0.81195,0.17382,-28.591,1.6236,-0.25751,0.24846,-1.1567,-0.75516,24.796,-17.828,2.6987,0,0,0,8.2558,8.2699,8.2274,8.2478,43.947,14.137,-1.8022,-44.269,179.11,-27.974
6.17,-171.16,6.1473,-24.874,-0.37856,0.41097,-0.81019,0.17717,-28.341,1.446,-0.23062,0.26832,-1.1666,-0.76976,25.233,-17.678,2.6793,0,0,0,8.3159,8.3301,8.2887,8.3085,43.486,15.909,-2.0793,-48.011,175.19,-27.437
6.18,-171.45,6.1609,-24.876,-0.38286,0.40897,-0.80845,0.18048,-28.087,1.2701,-0.20394,0.28761,-1.1759,-0.78384,25.665,-17.51,2.6572,0,0,0,8.3736,8.3881,8.3478,8.3669,42.987,17.641,-2.3508,-51.755,171.12,-26.873
6.19,-171.73,6.1727,-24.878,-0.38721,0.40684,-0.80671,0.18375,-27.828,1.0959,-0.17749,0.30639,-1.1846,-0.79739,26.092,-17.326,2.6323,0,0,0,8.429,8.4438,8.4045,8.4231,42.451,19.331,-2.6166,-55.499,166.91,-26.283
6.2,-172,6.1828,-24.88,-0.3916,0.40457,-0.80499,0.18698,-27.565,0.9236,-0.1513,0.32468,-1.1925,-0.81041,26.514,-17.124,2.6049,0,0,0,8.4822,8.4973,8.4591,8.477,41.877,20.978,-2.8764,-59.239,162.56,-25.669
6.21,-172.28,6.1912,-24.881,-0.39604,0.40215,-0.80328,0.19017,-27.298,0.75344,-0.1254,0.34252,-1.1998,-0.82289,26.93,-16.906,2.5748,0,0,0,8.5333,8.5486,8.5115,8.5289,41.266,22.582,-3.1299,-62.972,158.08,-25.031
6.22,-172.55,6.1979,-24.882,-0.40051,0.3996,-0.80158,0.19331,-27.026,0.58553,-0.099812,0.35995,-1.2064,-0.83482,27.339,-16.672,2.5423,0,0,0,8.5822,8.5979,8.5619,8.5786,40.618,24.14,-3.377,-66.695,153.48,-24.37
6.23,-172.82,6.2029,-24.883,-0.40503,0.39692,-0.7999,0.1964,-26.751,0.42004,-0.074562,0.37698,-1.2123,-0.84621,27.742,-16.423,2.5073,0,0,0,8.6291,8.6451,8.6102,8.6263,39.932,25.651,-3.6173,-70.404,148.75,-23.688
6.24,-173.08,6.2063,-24.884,-0.40957,0.3941,-0.79822,0.19944,-26.472,0.25711,-0.049674,0.39365,-1.2174,-0.85705,28.138,-16.16,2.47,0,0,0,8.674,8.6903,8.6565,8.6719,39.21,27.114,-3.8506,-74.097,143.91,-22.984
6.25,-173.35,6.2081,-24.884,-0.41415,0.39115,-0.79656,0.20242,-26.188,0.096897,-0.025171,0.40997,-1.2217,-0.86732,28.526,-15.881,2.4303,0,0,0,8.7169,8.7335,8.7008,8.7156,38.451,28.529,-4.0769,-77.769,138.95,-22.26
6.26,-173.61,6.2083,-24.884,-0.41875,0.38807,-0.79491,0.20536,-25.901,-0.060467,-0.0010751,0.42598,-1.2252,-0.87703,28.907,-15.589,2.3884,0,0,0,8.7579,8.7748,8.7432,8.7574,37.655,29.893,-4.2958,-81.419,133.9,-21.518
6.27,-173.86,6.2069,-24.884,-0.42337,0.38486,-0.79327,0.20823,-25.61,-0.21484,0.022591,0.44168,-1.2279,-0.88617,29.279,-15.284,2.3444,0,0,0,8.797,8.8142,8.7838,8.7974,36.822,31.206,-4.5072,-85.041,128.74,-20.757
6.28,-174.12,6.204,-24.884,-0.42801,0.38153,-0.79165,0.21104,-25.316,-0.3661,0.045806,0.45709,-1.2298,-0.89473,29.643,-14.965,2.2983,0,0,0,8.8343,8.8518,8.8225,8.8354,35.954,32.467,-4.7109,-88.634,123.49,-19.979
6.29,-174.37,6.1996,-24.883,-0.43266,0.37806,-0.79004,0.21379,-25.017,-0.51411,0.068551,0.47223,-1.2308,-0.90271,29.998,-14.634,2.2502,0,0,0,8.8697,8.8875,8.8594,8.8717,35.05,33.676,-4.9067,-92.195,118.16,-19.184
6.3,-174.62,6.1937,-24.882,-0.43733,0.37447,-0.78845,0.21647,-24.716,-0.65875,0.090804,0.48711,-1.2309,-0.91011,30.344,-14.292,2.2002,0,0,0,8.9033,8.9215,8.8945,8.9061,34.11,34.83,-5.0945,-95.718,112.74,-18.375
6.31,-174.87,6.1864,-24.881,-0.442,0.37076,-0.78688,0.21908,-24.41,-0.79991,0.11255,0.50174,-1.2301,-0.91692,30.68,-13.938,2.1484,0,0,0,8.9352,8.9537,8.9279,8.9388,33.135,35.93,-5.2741,-99.203,107.25,-17.55
6.32,-175.11,6.1777,-24.88,-0.44667,0.36692,-0.78533,0.22162,-24.102,-0.93747,0.13377,0.51614,-1.2285,-0.92314,31.006,-13.573,2.0948,0,0,0,8.9654,8.9841,8.9595,8.9698,32.126,36.975,-5.4455,-102.64,101.69,-16.713
6.33,-175.35,6.1677,-24.879,-0.45135,0.36295,-0.7838,0.22408,-23.79,-1.0713,0.15444,0.53032,-1.2259,-0.92877,31.323,-13.199,2.0395,0,0,0,8.9938,9.0128,8.9894,8.999,31.083,37.964,-5.6084,-106.04,96.06,-15.862
6.34,-175.58,6.1563,-24.877,-0.45601,0.35887,-0.78229,0.22647,-23.476,-1.2014,0.17455,0.54427,-1.2225,-0.93381,31.628,-12.814,1.9826,0,0,0,9.0205,9.0398,9.0176,9.0265,30.006,38.896,-5.7627,-109.39,90.372,-15
6.35,-175.82,6.1437,-24.875,-0.46067,0.35466,-0.78081,0.22878,-23.158,-1.3276,0.19409,0.55802,-1.2181,-0.93825,31.923,-12.421,1.9243,0,0,0,9.0455,9.065,9.0441,9.0523,28.895,39.771,-5.9083,-112.68,84.632,-14.127
6.36,-176.05,6.1298,-24.873,-0.46532,0.35033,-0.77935,0.231,-22.837,-1.4498,0.21303,0.57156,-1.2127,-0.9421,32.206,-12.019,1.8645,0,0,0,9.0688,9.0886,9.0689,9.0764,27.752,40.589,-6.0452,-115.92,78.843,-13.244
6.37,-176.27,6.1147,-24.871,-0.46995,0.34588,-0.77792,0.23313,-22.514,-1.568,0.23137,0.58489,-1.2065,-0.94536,32.477,-11.609,1.8034,0,0,0,9.0905,9.1105,9.092,9.0988,26.577,41.348,-6.1732,-119.1,73.012,-12.353
6.38,-176.5,6.0984,-24.869,-0.47456,0.34131,-0.77652,0.23518,-22.188,-1.682,0.24909,0.59804,-1.1993,-0.94803,32.737,-11.192,1.741,0,0,0,9.1104,9.1306,9.1134,9.1195,25.37,42.049,-6.2922,-122.21,67.144,-11.453
6.39,-176.72,6.0811,-24.866,-0.47914,0.33663,-0.77516,0.23713,-21.859,-1.7918,0.26619,0.61098,-1.1912,-0.95012,32.985,-10.769,1.6776,0,0,0,9.1286,9.149,9.1331,9.1384,24.133,42.691,-6.4022,-125.26,61.244,-10.547
6.4,-176.93,6.0626,-24.863,-0.4837,0.33182,-0.77383,0.23899,-21.528,-1.8973,0.28264,0.62374,-1.1822,-0.95163,33.22,-10.339,1.613,0,0,0,9.1452,9.1657,9.1511,9.1557,22.865,43.273,-6.5031,-128.25,55.319,-9.6337
6.41,-177.15,6.0431,-24.86,-0.48822,0.3269,-0.77254,0.24076,-21.195,-1.9985,0.29845,0.63631,-1.1722,-0.95257,33.442,-9.9034,1.5475,0,0,0,9.16,9.1807,9.1673,9.1712,21.568,43.797,-6.5949,-131.16,49.374,-8.7157
6.42,-177.36,6.0227,-24.857,-0.49271,0.32186,-0.77128,0.24242,-20.859,-2.0954,0.31359,0.64868,-1.1613,-0.95294,33.651,-9.463,1.4812,0,0,0,9.173,9.1939,9.1817,9.1849,20.243,44.261,-6.6774,-133.99,43.415,-7.7935
6.43,-177.57,6.0012,-24.854,-0.49715,0.31671,-0.77007,0.24398,-20.522,-2.1878,0.32807,0.66087,-1.1494,-0.95275,33.847,-9.0184,1.414,0,0,0,9.1843,9.2053,9.1944,9.1969,18.889,44.665,-6.7507,-136.75,37.447,-6.8679
6.44,-177.77,5.9789,-24.851,-0.50155,0.31145,-0.7689,0.24543,-20.182,-2.2757,0.34187,0.67286,-1.1367,-0.95201,34.029,-8.5699,1.3462,0,0,0,9.1939,9.2149,9.2052,9.207,17.508,45.01,-6.8148,-139.42,31.475,-5.9398
6.45,-177.97,5.9557,-24.847,-0.5059,0.30607,-0.76778,0.24678,-19.841,-2.3592,0.35499,0.68466,-1.123,-0.95073,34.197,-8.1184,1.2778,0,0,0,9.2015,9.2227,9.2142,9.2153,16.101,45.295,-6.8695,-142.01,25.506,-5.0103
6.46,-178.17,5.9317,-24.844,-0.5102,0.30058,-0.7667,0.24802,-19.498,-2.4381,0.36742,0.69627,-1.1085,-0.94892,34.351,-7.6642,1.2088,0,0,0,9.2073,9.2286,9.2213,9.2216,14.668,45.52,-6.915,-144.51,19.545,-4.0802
6.47,-178.36,5.907,-24.84,-0.51444,0.29498,-0.76568,0.24915,-19.154,-2.5125,0.37916,0.70767,-1.093,-0.94659,34.49,-7.2082,1.1395,0,0,0,9.2113,9.2325,9.2265,9.2261,13.211,45.686,-6.9511,-146.92,13.598,-3.1505
6.48,-178.55,5.8815,-24.836,-0.51862,0.28927,-0.7647,0.25017,-18.809,-2.5822,0.39021,0.71887,-1.0767,-0.94375,34.615,-6.7507,1.0698,0,0,0,9.2133,9.2345,9.2297,9.2286,11.73,45.792,-6.978,-149.23,7.6694,-2.222
6.49,-178.73,5.8554,-24.832,-0.52274,0.28345,-0.76378,0.25107,-18.462,-2.6475,0.40056,0.72986,-1.0595,-0.94042,34.725,-6.2925,0.99996,0,0,0,9.2133,9.2345,9.2308,9.2291,10.226,45.839,-6.9956,-151.45,1.7659,-1.2957
6.5,-178.92,5.8286,-24.828,-0.52679,0.27752,-0.76292,0.25186,-18.114,-2.7081,0.41021,0.74063,-1.0414,-0.9366,34.819,-5.8341,0.92995,0,0,0,9.2112,9.2325,9.2299,9.2275,8.7012,45.827,-7.0039,-153.56,-4.1072,-0.37263
6.51,-179.1,5.8012,-24.824,-0.53076,0.27149,-0.76211,0.25253,-17.766,-2.7641,0.41916,0.75118,-1.0225,-0.93232,34.899,-5.3762,0.85991,0,0,0,9.2071,9.2283,9.2269,9.2238,7.1555,45.757,-7.003,-155.58,-9.9443,0.54642
6.52,-179.27,5.7733,-24.82,-0.53465,0.26536,-0.76137,0.25309,-17.416,-2.8156,0.42741,0.76151,-1.0027,-0.92759,34.962,-4.9192,0.78992,0,0,0,9.2009,9.222,9.2217,9.218,5.5901,45.629,-6.993,-157.48,-15.74,1.4605
6.53,-179.45,5.7449,-24.815,-0.53847,0.25913,-0.76068,0.25352,-17.066,-2.8625,0.43496,0.77159,-0.98216,-0.92242,35.01,-4.4638,0.72008,0,0,0,9.1924,9.2135,9.2143,9.2099,4.0063,45.442,-6.9738,-159.27,-21.488,2.3686
6.54,-179.61,5.7161,-24.811,-0.54219,0.25279,-0.76006,0.25384,-16.716,-2.9049,0.44181,0.78143,-0.96077,-0.91682,35.042,-4.0105,0.65048,0,0,0,9.1817,9.2027,9.2046,9.1996,2.4051,45.199,-6.9457,-160.95,-27.184,3.2699
6.55,-179.78,5.6868,-24.807,-0.54583,0.24636,-0.7595,0.25404,-16.366,-2.9428,0.44797,0.79102,-0.93857,-0.91082,35.058,-3.56,0.5812,0,0,0,9.1687,9.1896,9.1926,9.1869,0.78776,44.899,-6.9085,-162.5,-32.821,4.1635
6.56,-179.94,5.6572,-24.802,-0.54937,0.23984,-0.75901,0.25412,-16.015,-2.9761,0.45343,0.80033,-0.91559,-0.90442,35.058,-3.1127,0.51234,0,0,0,9.1534,9.1742,9.1781,9.1718,-0.84458,44.543,-6.8624,-163.94,-38.394,5.0483
6.57,-180.1,5.6273,-24.797,-0.55281,0.23322,-0.75858,0.25408,-15.665,-3.005,0.45822,0.80938,-0.89183,-0.89765,35.041,-2.6693,0.44398,0,0,0,9.1356,9.1563,9.1612,9.1543,-2.4907,44.131,-6.8075,-165.26,-43.897,5.9235
6.58,-180.26,5.5972,-24.793,-0.55615,0.22652,-0.75823,0.25393,-15.314,-3.0295,0.46232,0.81813,-0.86731,-0.89051,35.008,-2.2303,0.37621,0,0,0,9.1153,9.1359,9.1418,9.1343,-4.1493,43.665,-6.744,-166.44,-49.325,6.7882
6.59,-180.41,5.5668,-24.788,-0.55938,0.21973,-0.75794,0.25366,-14.964,-3.0496,0.46574,0.82659,-0.84203,-0.88304,34.958,-1.7962,0.30913,0,0,0,9.0925,9.1129,9.1198,9.1116,-5.8191,43.145,-6.6718,-167.5,-54.673,7.6414
6.6,-180.55,5.5362,-24.784,-0.5625,0.21286,-0.75772,0.25327,-14.615,-3.0655,0.4685,0.83474,-0.81602,-0.87523,34.892,-1.3676,0.24281,0,0,0,9.0671,9.0873,9.0951,9.0864,-7.4988,42.572,-6.5912,-168.42,-59.934,8.4822
6.61,-180.7,5.5055,-24.779,-0.5655,0.20591,-0.75757,0.25277,-14.267,-3.077,0.4706,0.84256,-0.78928,-0.86711,34.808,-0.94494,0.17733,0,0,0,9.039,9.0591,9.0677,9.0585,-9.1871,41.947,-6.5022,-169.21,-65.103,9.3097
6.62,-180.84,5.4746,-24.774,-0.56839,0.19888,-0.75749,0.25217,-13.919,-3.0844,0.47205,0.85005,-0.76182,-0.85869,34.708,-0.52881,0.11279,0,0,0,9.0081,9.0281,9.0376,9.0277,-10.882,41.27,-6.405,-169.85,-70.174,10.123
6.63,-180.98,5.4438,-24.769,-0.57115,0.19179,-0.75749,0.25145,-13.573,-3.0876,0.47286,0.85719,-0.73365,-0.84999,34.591,-0.1197,0.049257,0,0,0,8.9745,8.9943,9.0046,8.9942,-12.584,40.544,-6.2998,-170.35,-75.142,10.921
6.64,-181.11,5.4129,-24.765,-0.57377,0.18463,-0.75755,0.25063,-13.227,-3.0868,0.47304,0.86396,-0.70477,-0.84103,34.456,0.2819,-0.013181,0,0,0,8.938,8.9576,8.9688,8.9578,-14.289,39.768,-6.1867,-170.71,-80.001,11.703
6.65,-181.24,5.3821,-24.76,-0.57627,0.17741,-0.75769,0.2497,-12.884,-3.082,0.4726,0.87036,-0.67521,-0.83181,34.305,0.6755,-0.07445,0,0,0,8.8986,8.9181,8.93,8.9185,-15.997,38.944,-6.0658,-170.91,-84.746,12.468
6.66,-181.37,5.3513,-24.755,-0.57863,0.17014,-0.75789,0.24868,-12.541,-3.0733,0.47156,0.87638,-0.64495,-0.82235,34.136,1.0606,-0.13447,0,0,0,8.8562,8.8755,8.8882,8.8761,-17.707,38.073,-5.9374,-170.96,-89.371,13.215
6.67,-181.49,5.3206,-24.751,-0.58084,0.16283,-0.75817,0.24756,-12.201,-3.0608,0.46992,0.88199,-0.614,-0.81267,33.951,1.4368,-0.19317,0,0,0,8.8108,8.83,8.8433,8.8308,-19.416,37.157,-5.8016,-170.85,-93.87,13.943
6.68,-181.61,5.2901,-24.746,-0.58291,0.15547,-0.75852,0.24635,-11.862,-3.0446,0.4677,0.88719,-0.58238,-0.80277,33.748,1.8036,-0.25048,0,0,0,8.7623,8.7814,8.7954,8.7823,-21.123,36.196,-5.6586,-170.59,-98.238,14.651
6.69,-181.73,5.2597,-24.741,-0.58483,0.14807,-0.75894,0.24506,-11.526,-3.0248,0.46491,0.89196,-0.55006,-0.79268,33.528,2.1606,-0.30632,0,0,0,8.7107,8.7296,8.7443,8.7307,-22.827,35.193,-5.5086,-170.16,-102.47,15.338
6.7,-181.84,5.2296,-24.737,-0.5866,0.14065,-0.75943,0.24369,-11.192,-3.0014,0.46158,0.8963,-0.51706,-0.7824,33.292,2.5073,-0.36063,0,0,0,8.6559,8.6747,8.69,8.6759,-24.526,34.147,-5.3519,-169.56,-106.56,16.004
6.71,-181.95,5.1997,-24.732,-0.5882,0.1332,-0.76,0.24224,-10.86,-2.9747,0.4577,0.90018,-0.48337,-0.77195,33.038,2.8434,-0.41334,0,0,0,8.5979,8.6166,8.6324,8.6178,-26.218,33.062,-5.1886,-168.79,-110.5,16.648
6.72,-182.06,5.1701,-24.727,-0.58965,0.12575,-0.76063,0.24072,-10.531,-2.9446,0.45331,0.90361,-0.44898,-0.76133,32.767,3.1684,-0.46438,0,0,0,8.5366,8.5552,8.5717,8.5565,-27.901,31.938,-5.019,-167.86,-114.29,17.267
6.73,-182.16,5.1408,-24.723,-0.59093,0.11829,-0.76133,0.23915,-10.205,-2.9113,0.44842,0.90656,-0.41388,-0.75057,32.48,3.482,-0.5137,0,0,0,8.472,8.4906,8.5076,8.4919,-29.574,30.777,-4.8434,-166.74,-117.91,17.863
6.74,-182.26,5.1119,-24.718,-0.59204,0.11083,-0.7621,0.23751,-9.8816,-2.875,0.44305,0.90904,-0.37805,-0.73966,32.176,3.7839,-0.56123,0,0,0,8.4042,8.4226,8.4401,8.424,-31.235,29.58,-4.6619,-165.45,-121.38,18.432
6.75,-182.36,5.0833,-24.714,-0.59297,0.10338,-0.76294,0.23583,-9.5614,-2.8357,0.4372,0.91104,-0.34148,-0.72861,31.855,4.0735,-0.60692,0,0,0,8.3329,8.3514,8.3694,8.3527,-32.883,28.35,-4.4748,-163.97,-124.67,18.976
6.76,-182.46,5.0552,-24.71,-0.59373,0.095954,-0.76385,0.23411,-9.2445,-2.7936,0.43091,0.91254,-0.30413,-0.71744,31.518,4.3507,-0.65071,0,0,0,8.2583,8.2768,8.2952,8.278,-34.514,27.087,-4.2824,-162.31,-127.78,19.492
6.77,-182.55,5.0275,-24.705,-0.59431,0.088558,-0.76483,0.23235,-8.9311,-2.7487,0.4242,0.91354,-0.26598,-0.70615,31.165,4.6152,-0.69255,0,0,0,8.1803,8.1988,8.2177,8.1999,-36.128,25.795,-4.085,-160.45,-130.72,19.981
6.78,-182.63,5.0002,-24.701,-0.59471,0.0812,-0.76587,0.23057,-8.6213,-2.7013,0.41707,0.91405,-0.227,-0.69476,30.796,4.8666,-0.73239,0,0,0,8.0989,8.1174,8.1368,8.1184,-37.723,24.474,-3.8829,-158.41,-133.47,20.44
6.79,-182.72,4.9735,-24.697,-0.59492,0.073891,-0.76699,0.22877,-8.3152,-2.6514,0.40955,0.91404,-0.18713,-0.68325,30.411,5.1046,-0.77019,0,0,0,8.014,8.0327,8.0525,8.0335,-39.296,23.126,-3.6763,-156.17,-136.02,20.869
6.8,-182.8,4.9472,-24.693,-0.59494,0.066639,-0.76818,0.22697,-8.0131,-2.5993,0.40167,0.91354,-0.14634,-0.67165,30.01,5.329,-0.80591,0,0,0,7.9258,7.9447,7.9649,7.9452,-40.845,21.754,-3.4656,-153.73,-138.38,21.267
6.81,-182.88,4.9215,-24.689,-0.59476,0.059454,-0.76943,0.22516,-7.7151,-2.5449,0.39344,0.91252,-0.10456,-0.65996,29.594,5.5396,-0.83949,0,0,0,7.8342,7.8532,7.8738,7.8535,-42.369,20.359,-3.2511,-151.09,-140.53,21.634
6.82,-182.96,4.8963,-24.685,-0.59439,0.052346,-0.77076,0.22335,-7.4213,-2.4885,0.38489,0.91101,-0.061731,-0.64817,29.163,5.7361,-0.87092,0,0,0,7.7392,7.7585,7.7794,7.7584,-43.866,18.944,-3.0331,-148.24,-142.47,21.967
6.83,-183.03,4.8717,-24.681,-0.59382,0.045325,-0.77216,0.22156,-7.1319,-2.4302,0.37603,0.90898,-0.017771,-0.6363,28.717,5.9184,-0.90014,0,0,0,7.6408,7.6604,7.6818,7.66,-45.334,17.511,-2.8119,-145.18,-144.2,22.267
6.84,-183.1,4.8477,-24.678,-0.59304,0.038399,-0.77364,0.2198,-6.847,-2.3702,0.36689,0.90646,0.027406,-0.62435,28.256,6.0863,-0.92714,0,0,0,7.5391,7.5591,7.5808,7.5582,-46.769,16.061,-2.5878,-141.91,-145.7,22.532
6.85,-183.16,4.8243,-24.674,-0.59205,0.031579,-0.77519,0.21807,-6.5668,-2.3086,0.3575,0.90344,0.073896,-0.61231,27.781,6.2396,-0.95189,0,0,0,7.4342,7.4545,7.4766,7.4532,-48.171,14.597,-2.3613,-138.43,-146.98,22.762
6.86,-183.23,4.8015,-24.67,-0.59085,0.024874,-0.77683,0.21637,-6.2914,-2.2455,0.34786,0.89993,0.12181,-0.60019,27.293,6.3782,-0.97436,0,0,0,7.3259,7.3468,7.3692,7.3449,-49.537,13.122,-2.1327,-134.73,-148.03,22.955
6.87,-183.29,4.7794,-24.667,-0.58943,0.018293,-0.77854,0.21473,-6.021,-2.1811,0.33802,0.89593,0.17128,-0.58798,26.791,6.502,-0.99454,0,0,0,7.2145,7.2359,7.2587,7.2334,-50.865,11.637,-1.9024,-130.8,-148.84,23.111
6.88,-183.35,4.7579,-24.664,-0.58779,0.011846,-0.78034,0.21314,-5.7557,-2.1155,0.32798,0.89144,0.22244,-0.57569,26.276,6.6109,-1.0124,0,0,0,7.1,7.122,7.1451,7.1188,-52.152,10.146,-1.6706,-126.65,-149.41,23.228
6.89,-183.41,4.7371,-24.66,-0.58592,0.0055411,-0.78223,0.21162,-5.4955,-2.0489,0.31778,0.88649,0.27544,-0.56332,25.748,6.7049,-1.0279,0,0,0,6.9824,7.0051,7.0286,7.0012,-53.397,8.65,-1.4379,-122.28,-149.73,23.307
6.9,-183.46,4.717,-24.657,-0.58382,-0.00061196,-0.78421,0.21016,-5.2408,-1.9814,0.30743,0.88106,0.33047,-0.55086,25.208,6.7839,-1.0412,0,0,0,6.8618,6.8854,6.9092,6.8805,-54.597,7.1522,-1.2046,-117.67,-149.79,23.345
6.91,-183.51,4.6975,-24.654,-0.58147,-0.0066046,-0.78629,0.20879,-4.9914,-1.9133,0.29696,0.87516,0.38772,-0.53831,24.656,6.8479,-1.052,0,0,0,6.7384,6.7629,6.7871,6.7571,-55.75,5.6551,-0.97117,-112.82,-149.59,23.341
6.92,-183.56,4.6787,-24.651,-0.57887,-0.012428,-0.78847,0.20751,-4.7477,-1.8445,0.2864,0.86881,0.4474,-0.52566,24.093,6.897,-1.0606,0,0,0,6.6122,6.6377,6.6623,6.6308,-56.853,4.1613,-0.73795,-107.74,-149.13,23.296
6.93,-183.61,4.6606,-24.649,-0.57602,-0.018074,-0.79077,0.20632,-4.5096,-1.7754,0.27576,0.862,0.50974,-0.51291,23.519,6.9312,-1.0668,0,0,0,6.4834,6.51,6.535,6.5019,-57.904,2.6734,-0.50539,-102.42,-148.4,23.208
6.94,-183.65,4.6432,-24.646,-0.57289,-0.023534,-0.79317,0.20523,-4.2773,-1.7059,0.26507,0.85474,0.57502,-0.50005,22.935,6.9505,-1.0707,0,0,0,6.352,6.3799,6.4053,6.3705,-58.9,1.1943,-0.27393,-96.849,-147.39,23.076
6.95,-183.69,4.6265,-24.643,-0.56949,-0.0288,-0.7957,0.20425,-4.0509,-1.6364,0.25435,0.84704,0.64351,-0.48707,22.341,6.9551,-1.0723,0,0,0,6.2182,6.2476,6.2734,6.2368,-59.84,-0.27334,-0.04402,-91.033,-146.09,22.899
6.96,-183.73,4.6105,-24.641,-0.56579,-0.033862,-0.79835,0.20339,-3.8305,-1.5669,0.24363,0.83888,0.71554,-0.47397,21.738,6.9451,-1.0716,0,0,0,6.0823,6.1131,6.1394,6.1008,-60.72,-1.7266,0.1839,-84.966,-144.51,22.676
6.97,-183.77,4.5951,-24.638,-0.56178,-0.038714,-0.80115,0.20265,-3.6162,-1.4975,0.23293,0.83027,0.79143,-0.46074,21.127,6.9206,-1.0686,0,0,0,5.9442,5.9768,6.0036,5.9627,-61.538,-3.1626,0.40935,-78.645,-142.64,22.407
6.98,-183.8,4.5805,-24.636,-0.55745,-0.043346,-0.80408,0.20203,-3.408,-1.4285,0.22227,0.8212,0.87157,-0.44737,20.508,6.8819,-1.0634,0,0,0,5.8043,5.8388,5.8661,5.8228,-62.292,-4.5783,0.63188,-72.066,-140.46,22.09
6.99,-183.84,4.5666,-24.634,-0.55278,-0.047751,-0.80717,0.20155,-3.2061,-1.36,0.21167,0.81167,0.95636,-0.43384,19.881,6.8291,-1.056,0,0,0,5.6627,5.6993,5.7271,5.6812,-62.979,-5.9708,0.85099,-65.226,-137.98,21.725
7,-183.87,4.5533,-24.632,-0.54775,-0.051919,-0.81043,0.20121,-3.0104,-1.292,0.20115,0.80167,1.0462,-0.42015,19.249,6.7626,-1.0464,0,0,0,5.5197,5.5585,5.5869,5.5381,-63.596,-7.3369,1.0662,-58.122,-135.19,21.31
7.01,-183.9,4.5407,-24.63,-0.54233,-0.055842,-0.81385,0.20101,-2.8211,-1.2248,0.19075,0.79117,1.1416,-0.40628,18.61,6.6825,-1.0347,0,0,0,5.3754,5.4166,5.4457,5.3938,-64.14,-8.6736,1.277,-50.751,-132.09,20.844
7.02,-183.92,4.5288,-24.628,-0.53651,-0.059511,-0.81746,0.20096,-2.6382,-1.1584,0.18047,0.78018,1.243,-0.39223,17.966,6.5892,-1.0209,0,0,0,5.2302,5.2741,5.3038,5.2486,-64.61,-9.9775,1.4829,-43.109,-128.66,20.328
7.03,-183.95,4.5175,-24.626,-0.53024,-0.062915,-0.82126,0.20107,-2.4618,-1.093,0.17034,0.76865,1.351,-0.37798,17.318,6.4831,-1.005,0,0,0,5.0843,5.131,5.1615,5.1026,-65.002,-11.246,1.6834,-35.194,-124.9,19.759
7.04,-183.97,4.5069,-24.625,-0.5235,-0.066047,-0.82526,0.20133,-2.2919,-1.0288,0.16037,0.75656,1.466,-0.36352,16.666,6.3644,-0.98723,0,0,0,4.938,4.9878,5.0191,4.9562,-65.313,-12.474,1.8779,-27.001,-120.82,19.137
7.05,-183.99,4.497,-24.623,-0.51627,-0.068894,-0.82947,0.20176,-2.1285,-0.96576,0.1506,0.74389,1.5885,-0.34884,16.012,6.2337,-0.9675,0,0,0,4.7916,4.8446,4.8768,4.8097,-65.541,-13.661,2.066,-18.527,-116.39,18.461
7.06,-184.02,4.4876,-24.622,-0.50849,-0.071446,-0.8339,0.20235,-1.9716,-0.90413,0.14103,0.73058,1.7192,-0.33393,15.356,6.0914,-0.94593,0,0,0,4.6455,4.702,4.7351,4.6635,-65.682,-14.801,2.247,-9.7704,-111.62,17.73
7.07,-184.03,4.4789,-24.62,-0.50013,-0.073691,-0.83856,0.20311,-1.8214,-0.84397,0.13168,0.71659,1.8584,-0.31878,14.699,5.9379,-0.92259,0,0,0,4.5,4.5602,4.5942,4.5179,-65.735,-15.892,2.4204,-0.72652,-106.5,16.943
7.08,-184.05,4.4707,-24.619,-0.49115,-0.075617,-0.84346,0.20405,-1.6777,-0.78541,0.12258,0.70187,2.0066,-0.30339,14.041,5.7737,-0.89755,0,0,0,4.3556,4.4195,4.4546,4.3733,-65.696,-16.93,2.5856,8.6075,-101.02,16.099
7.09,-184.07,4.4632,-24.618,-0.4815,-0.077211,-0.84859,0.20516,-1.5405,-0.72853,0.11374,0.68636,2.1641,-0.28776,13.385,5.5994,-0.87091,0,0,0,4.2127,4.2804,4.3166,4.2301,-65.562,-17.911,2.7422,18.235,-95.185,15.197
7.1,-184.08,4.4562,-24.617,-0.47113,-0.07846,-0.85397,0.20645,-1.41,-0.67345,0.10517,0.67,2.3311,-0.2719,12.73,5.4157,-0.84274,0,0,0,4.0719,4.1433,4.1806,4.0889,-65.33,-18.832,2.8894,28.159,-88.982,14.236
7.11,-184.1,4.4497,-24.616,-0.45998,-0.079349,-0.85959,0.20791,-1.2859,-0.62025,0.096888,0.65271,2.5075,-0.25581,12.079,5.223,-0.81315,0,0,0,3.9335,4.0086,4.047,3.9501,-64.998,-19.69,3.0267,38.383,-82.407,13.216
7.12,-184.11,4.4437,-24.615,-0.44802,-0.079864,-0.86544,0.20955,-1.1684,-0.56902,0.08891,0.63441,2.693,-0.23952,11.431,5.0221,-0.78224,0,0,0,3.7982,3.8766,3.9163,3.8143,-64.562,-20.479,3.1535,48.91,-75.454,12.136
7.13,-184.12,4.4383,-24.614,-0.43519,-0.079991,-0.87152,0.21136,-1.0573,-0.51983,0.081248,0.61503,2.887,-0.22305,10.788,4.8137,-0.75012,0,0,0,3.6666,3.7479,3.7887,3.682,-64.019,-21.197,3.2692,59.744,-68.118,10.993
7.14,-184.13,4.4333,-24.613,-0.42144,-0.079716,-0.8778,0.21333,-0.9526,-0.47277,0.073912,0.59449,3.0883,-0.20646,10.151,4.5984,-0.7169,0,0,0,3.5394,3.6228,3.6647,3.554,-63.366,-21.84,3.3732,70.887,-60.392,9.7888
7.15,-184.14,4.4288,-24.613,-0.40672,-0.079027,-0.88425,0.21547,-0.85425,-0.42788,0.066913,0.57271,3.2951,-0.1898,9.5209,4.3771,-0.6827,0,0,0,3.4172,3.5016,3.5447,3.4308,-62.6,-22.404,3.4648,82.344,-52.272,8.5208
7.16,-184.15,4.4248,-24.612,-0.39101,-0.077911,-0.89086,0.21775,-0.76216,-0.38524,0.060261,0.54962,3.5051,-0.17314,8.8992,4.1506,-0.64765,0,0,0,3.3008,3.385,3.429,3.3133,-61.718,-22.884,3.5434,94.116,-43.752,7.1886
7.17,-184.15,4.4211,-24.611,-0.37428,-0.076362,-0.89756,0.22017,-0.67624,-0.34489,0.053962,0.52517,3.7149,-0.15659,8.2869,3.9197,-0.61188,0,0,0,3.1909,3.273,3.3179,3.202,-60.716,-23.278,3.6083,106.21,-34.826,5.7911
7.18,-184.16,4.4179,-24.611,-0.35653,-0.074376,-0.9043,0.22272,-0.59639,-0.30686,0.048025,0.49934,3.9206,-0.14025,7.6853,3.6854,-0.57553,0,0,0,3.0883,3.1663,3.2117,3.0979,-59.593,-23.58,3.659,118.62,-25.489,4.3275
7.19,-184.17,4.415,-24.61,-0.33776,-0.071953,-0.91102,0.22536,-0.52249,-0.27119,0.042453,0.47213,4.1171,-0.12424,7.0955,3.4484,-0.53875,0,0,0,2.9937,3.065,3.1108,3.0015,-58.343,-23.786,3.6946,131.36,-15.735,2.7968
7.2,-184.17,4.4124,-24.61,-0.31804,-0.069101,-0.91764,0.22808,-0.45443,-0.23789,0.037251,0.44359,4.2987,-0.10873,6.5188,3.21,-0.50169,0,0,0,2.9077,2.9694,3.0153,2.9136,-56.964,-23.893,3.7147,144.43,-5.5584,1.1981
7.21,-184.17,4.4102,-24.61,-0.29742,-0.065838,-0.92408,0.23085,-0.39207,-0.20699,0.03242,0.4138,4.4589,-0.093862,5.9566,2.9709,-0.46451,0,0,0,2.8308,2.88,2.9255,2.8346,-55.453,-23.896,3.7184,157.84,5.0465,-0.46944
7.22,-184.18,4.4083,-24.609,-0.27602,-0.062189,-0.93025,0.23364,-0.33525,-0.17847,0.027961,0.38292,4.591,-0.079798,5.4102,2.7324,-0.42738,0,0,0,2.7635,2.797,2.8417,2.765,-53.806,-23.79,3.705,171.57,16.085,-2.2069
7.23,-184.18,4.4066,-24.609,-0.25399,-0.05819,-0.93606,0.23643,-0.28381,-0.15234,0.023872,0.35118,4.688,-0.066694,4.881,2.4955,-0.39047,0,0,0,2.7058,2.7206,2.7642,2.705,-52.02,-23.573,3.674,185.65,27.563,-4.015
7.24,-184.18,4.4052,-24.609,-0.23149,-0.053887,-0.94144,0.23918,-0.23757,-0.12855,0.02015,0.31884,4.7435,-0.054691,4.3703,2.2614,-0.35396,0,0,0,2.6577,2.6512,2.6932,2.6546,-50.092,-23.238,3.6245,200.07,39.486,-5.8949
7.25,-184.19,4.4041,-24.609,-0.20876,-0.049338,-0.9463,0.24186,-0.19633,-0.1071,0.016791,0.28625,4.7523,-0.043906,3.8796,2.0312,-0.31804,0,0,0,2.6188,2.5891,2.6289,2.6135,-48.018,-22.781,3.5559,214.83,51.86,-7.8474
7.26,-184.19,4.4031,-24.608,-0.18604,-0.044607,-0.9506,0.24446,-0.1599,-0.087914,0.013787,0.25378,4.7102,-0.034419,3.4104,1.8061,-0.28291,0,0,0,2.5886,2.5344,2.5717,2.5812,-45.794,-22.199,3.4673,229.95,64.69,-9.8735
7.27,-184.19,4.4023,-24.608,-0.16358,-0.039768,-0.95429,0.24695,-0.12805,-0.070951,0.011129,0.22184,4.6151,-0.026269,2.9642,1.5876,-0.24876,0,0,0,2.5662,2.4871,2.5217,2.557,-43.418,-21.486,3.3581,245.41,77.981,-11.974
7.28,-184.19,4.4017,-24.608,-0.14165,-0.034898,-0.95737,0.24932,-0.10054,-0.056136,0.0088074,0.19086,4.4664,-0.019446,2.5426,1.3769,-0.21582,0,0,0,2.5507,2.4474,2.479,2.5401,-40.885,-20.638,3.2276,261.23,91.74,-14.15
7.29,-184.19,4.4012,-24.608,-0.12053,-0.030076,-0.95984,0.25155,-0.07711,-0.043383,0.0068081,0.16125,4.2657,-0.0139,2.1471,1.1753,-0.18428,0,0,0,2.5411,2.4149,2.4433,2.5295,-38.192,-19.65,3.0749,277.41,105.97,-16.402
7.3,-184.19,4.4008,-24.608,-0.10047,-0.025383,-0.96173,0.25365,-0.057502,-0.032594,0.0051162,0.13337,4.0158,-0.0095361,1.7793,0.98436,-0.15439,0,0,0,2.5364,2.3891,2.4143,2.5242,-35.335,-18.517,2.8993,293.96,120.68,-18.732
7.31,-184.19,4.4005,-24.608,-0.081724,-0.020893,-0.96309,0.25562,-0.041426,-0.023656,0.003714,0.10758,3.7208,-0.0062289,1.4409,0.80548,-0.12638,0,0,0,2.5356,2.3696,2.3916,2.5232,-32.312,-17.234,2.7,310.86,135.88,-21.139
7.32,-184.19,4.4003,-24.608,-0.064497,-0.016681,-0.96399,0.25747,-0.02858,-0.016439,0.0025816,0.084154,3.3852,-0.0038305,1.1336,0.64019,-0.10048,0,0,0,2.5378,2.3554,2.3742,2.5257,-29.117,-15.798,2.4762,328.14,151.56,-23.626
7.33,-184.19,4.4002,-24.608,-0.048986,-0.012812,-0.96449,0.25921,-0.018644,-0.010801,0.0016966,0.063326,3.0136,-0.0021818,0.85917,0.49006,-0.076937,0,0,0,2.5421,2.3456,2.3614,2.5307,-25.748,-14.202,2.2272,345.78,167.74,-26.193
7.34,-184.19,4.4001,-24.608,-0.035359,-0.0093492,-0.96468,0.26086,-0.011281,-0.0065823,0.0010341,0.045273,2.6102,-0.0011224,0.61928,0.3567,-0.056018,0,0,0,2.5478,2.3392,2.3522,2.5376,-22.2,-12.441,1.9521,363.8,184.42,-28.841
7.35,-184.19,4.4,-24.608,-0.023762,-0.00635,-0.96464,0.26243,-0.0061367,-0.0036059,0.00056664,0.030127,2.1784,-0.00050058,0.41578,0.2418,-0.037985,0,0,0,2.5544,2.335,2.3454,2.5456,-18.47,-10.511,1.6501,382.2,201.61,-31.57
7.36,-184.19,4.4,-24.608,-0.014327,-0.0038684,-0.96442,0.26394,-0.0028379,-0.0016792,0.00026393,0.017983,1.7204,-0.0001797,0.25049,0.14706,-0.023108,0,0,0,2.5614,2.3322,2.34,2.5543,-14.555,-8.4072,1.3204,400.98,219.31,-34.383
7.37,-184.19,4.4,-24.608,-0.0071728,-0.0019564,-0.96411,0.26541,-0.00099311,-0.00059164,9.3012e-05,0.0089127,1.2377,-4.4483e-05,0.12531,0.074252,-0.011671,0,0,0,2.5683,2.3296,2.335,2.5631,-10.449,-6.1235,0.96218,420.15,237.53,-37.279
7.38,-184.19,4.4,-24.608,-0.0022872,-0.0010215,-0.99294,0.11859,-0.00019162,-0.00011493,1.8072e-05,-0.21469,0.69786,-4.9802e-06,0.042151,0.025204,-0.0039628,0,0,0,2.5331,2.3682,2.2982,2.6032,-6.1505,-3.655,0.57456,439.7,256.27,-40.26
7.39,-184.19,4.4,-24.608,-0.00016071,-7.2536e-05,-0.99294,0.11859,-3.5289e-06,-2.1307e-06,3.3511e-07,-0.059025,0.18787,-2.4336e-08,0.002961,0.0017864,-0.00028095,0,0,0,2.5362,2.3669,2.2902,2.6129,-1.6541,-0.99638,0.1567,459.64,275.54,-43.326
7.3936,-184.19,4.4,-24.608,-0,0,-0.99294,0.11859,-2.8422e-14,-1.4211e-13,3.5527e-15,-2.5956e-14,8.9788e-14,0,0,0,-2.8422e-14,0,0,0,2.5371,2.3662,2.287,2.6163,-7.9581e-13,-4.5475e-13,5.6843e-14,466.86,282.55,-44.442
