t_s,xacc_mps2,yacc_mps2,zacc_mps2,xgyro_rads,ygyro_rads,zgyro_rads
0.000000,-1.003074,-0.314901,-9.807002,0.0000000,0.0000000,-0.0000000
0.013932,-1.003093,-0.314122,-9.807323,0.0000000,0.0000000,-0.0000000
0.020813,-1.003085,-0.313649,-9.807501,0.0000000,0.0000000,-0.0000000
0.027829,-1.003922,-0.319993,-9.806058,0.0000000,0.0000000,-0.0000000
0.034784,-1.003717,-0.317839,-9.806624,0.0000000,0.0000000,-0.0000000
0.048572,-1.003879,-0.318361,-9.806643,0.0000000,0.0000000,-0.0000000
0.055583,-1.004347,-0.321825,-9.805878,0.0000000,0.0000000,-0.0000000
0.062504,-1.003975,-0.318530,-9.806732,0.0000000,0.0000000,-0.0000000
0.069609,-1.005073,-0.326756,-9.804821,0.0000000,0.0000000,-0.0000000
0.083715,-1.006022,-0.333840,-9.803234,0.0000000,0.0000000,-0.0000000
0.090403,-1.002926,-0.308315,-9.809463,0.0000000,0.0000000,-0.0000000
0.097232,-1.004025,-0.317198,-9.807397,0.0000000,0.0000000,-0.0000000
0.104205,-1.004957,-0.323850,-9.805850,0.0000000,0.0000000,-0.0000000
0.118034,-1.004698,-0.321055,-9.806656,0.0000000,0.0000000,-0.0000000
0.125016,-1.005340,-0.325757,-9.805578,0.0000000,0.0000000,-0.0000000
0.131928,-1.005067,-0.323375,-9.806233,0.0000000,0.0000000,-0.0000000
0.138958,-1.005762,-0.328793,-9.804980,0.0000000,0.0000000,-0.0000000
0.146441,-1.008051,-0.346670,-9.800685,0.0000000,0.0000000,-0.0000000
0.153349,-1.002513,-0.301156,-9.811832,0.0000000,0.0000000,-0.0000000
0.167299,-1.006050,-0.329388,-9.805101,0.0000000,0.0000000,-0.0000000
0.174247,-1.005945,-0.327985,-9.805501,0.0000000,0.0000000,-0.0000000
0.181168,-1.005889,-0.327421,-9.805714,0.0000000,0.0000000,-0.0000000
0.188113,-1.006155,-0.328951,-9.805408,0.0000000,0.0000000,-0.0000000
0.195068,-1.006258,-0.329820,-9.805259,0.0000000,0.0000000,-0.0000000
0.208926,-1.006325,-0.329325,-9.805512,0.0000000,0.0000000,-0.0000000
0.215823,-1.006330,-0.329036,-9.805653,0.0000000,0.0000000,-0.0000000
0.222888,-1.007279,-0.336321,-9.803926,0.0000000,0.0000000,-0.0000000
0.229793,-1.006568,-0.330350,-9.805464,0.0000000,0.0000000,-0.0000000
0.243813,-1.006609,-0.329682,-9.805750,0.0000000,0.0000000,-0.0000000
0.250722,-1.007113,-0.324114,-9.969380,0.1228027,0.0045914,0.0744179
0.257783,-1.006756,-0.331527,-5.672602,0.2246604,0.0060134,0.1656933
0.264626,-1.003630,-0.329417,-2.213081,0.3117956,-0.0034463,0.2656136
0.271629,-1.002074,-0.344391,0.009240,0.3808616,-0.0253107,0.3665174
0.285527,-0.996169,-0.360607,2.623767,0.4559847,-0.0767674,0.5388837
0.292540,-0.992630,-0.368970,2.982549,0.4686691,-0.0980351,0.5996658
0.299383,-0.987690,-0.373289,3.432292,0.4709430,-0.1137736,0.6407219
0.306393,-0.982962,-0.380255,3.006507,0.4669229,-0.1237822,0.6626709
0.320287,-0.971511,-0.389392,2.499219,0.4520074,-0.1297971,0.6589869
0.327264,-0.965583,-0.393069,1.955028,0.4449818,-0.1281991,0.6403954
0.334127,-0.959870,-0.398023,1.663025,0.4395415,-0.1251034,0.6157197
0.341133,-0.954063,-0.399388,0.941450,0.4359421,-0.1214127,0.5884962
0.354984,-0.939621,-0.383986,-5.685403,0.6783432,-0.0986508,0.6299860
0.362029,-0.933561,-0.375033,-6.249406,0.7968117,-0.0951114,0.6683373
0.369160,-0.927148,-0.369964,-6.627746,0.8937863,-0.0966234,0.7108704
0.375884,-0.921255,-0.382300,-7.473617,1.0027384,-0.0954775,0.7530080
0.389731,-0.905490,-0.374293,-8.918790,1.0482873,-0.1114917,0.8219264
0.396686,-0.896715,-0.373816,-9.513423,0.9902495,-0.1259308,0.8450459
0.403602,-0.888036,-0.383943,-10.024269,0.9210039,-0.1372409,0.8598332
0.410601,-0.879369,-0.383671,-10.458347,0.8576359,-0.1434068,0.8667777
0.417501,-0.871280,-0.400188,-10.848945,0.8099315,-0.1445074,0.8669666
0.431381,-0.855818,-0.420935,-11.472150,0.7696168,-0.1374178,0.8530498
0.438627,-0.847823,-0.373435,-11.595379,0.7708861,-0.1326146,0.8421525
0.445586,-0.840454,-0.448988,-11.973214,0.7804463,-0.1283388,0.8300018
0.452475,-0.833047,-0.422826,-12.063943,0.7918083,-0.1256275,0.8189909
0.466404,-0.818316,-0.420975,-12.300218,0.8101776,-0.1237800,0.8018257
0.473348,-0.810966,-0.422906,-12.394544,0.8148192,-0.1240275,0.7964638
0.480261,-0.803693,-0.431349,-12.487967,0.8166221,-0.1245728,0.7933272
0.487208,-0.796117,-0.436658,-12.542207,0.7203388,-0.1286690,0.7922117
0.501092,-0.781229,-0.469999,-12.697509,0.5669724,-0.1324751,0.7946058
0.508176,-0.774569,-0.436825,-12.658320,0.5245388,-0.1315446,0.7972598
0.515090,-0.767173,-0.474692,-12.771351,0.5058662,-0.1294551,0.8003212
0.522635,-0.762225,-0.357449,-12.549137,0.5050535,-0.1270820,0.8034270
0.528950,-0.749742,-0.636307,-12.998112,0.4112626,-0.1319237,0.8062999
0.542827,-0.737699,-0.505701,-12.576548,0.2398944,-0.1402459,0.8105615
0.549733,-0.730125,-0.523777,-12.489310,0.1661175,-0.1440176,0.8117992
0.556774,-0.723675,-0.501768,-12.359455,0.1158035,-0.1459447,0.8124502
0.563703,-0.715990,-0.536058,-11.982872,0.0768367,-0.1480083,0.8025411
0.570603,-0.709117,-0.544982,-11.688692,0.0552961,-0.1491382,0.7896708
0.585800,-0.681919,-0.877453,-11.649121,0.0525604,-0.1492769,0.7590903
0.592843,-0.689316,-0.522159,-11.216301,0.0598542,-0.1489277,0.7471820
0.599730,-0.681736,-0.559050,-11.213009,0.0677945,-0.1485728,0.7376924
0.606769,-0.676635,-0.527645,-11.171174,0.0742505,-0.1483208,0.7309435
0.613739,-0.669532,-0.551244,-11.198684,0.0783270,-0.1482060,0.7269396
0.627598,-0.656890,-0.562990,-11.253103,0.0796692,-0.1482841,0.7260751
0.634686,-0.652181,-0.525213,-11.246490,0.0781514,-0.1483729,0.7282716
0.641470,-0.643247,-0.597598,-11.349551,0.0760752,-0.1484346,0.7315087
0.648363,-0.638028,-0.574249,-11.358949,0.0739555,-0.1484476,0.7352698
0.662262,-0.626084,-0.567273,-11.413111,0.0706708,-0.1483364,0.7426511
0.669246,-0.620239,-0.560524,-11.433636,0.0696382,-0.1482456,0.7456565
0.676272,-0.614450,-0.553231,-11.450930,0.0689314,-0.1481558,0.7479688
0.683111,-0.606299,-0.599361,-11.523967,0.0684379,-0.1480789,0.7495316
0.697039,-0.594169,-0.596810,-11.560411,0.0676880,-0.1479796,0.7505623
0.703978,-0.588827,-0.582596,-11.560689,0.0672983,-0.1479515,0.7502357
0.710923,-0.582324,-0.588863,-11.422040,0.0553224,-0.1522599,0.7398498
0.717864,-0.576358,-0.588466,-11.329856,0.0410490,-0.1567351,0.7267983
0.724849,-0.570774,-0.581156,-11.262574,0.0281176,-0.1604360,0.7128060
0.738677,-0.558610,-0.600126,-11.223453,0.0126687,-0.1640082,0.6874716
0.745653,-0.553789,-0.589335,-11.206692,0.0101386,-0.1641439,0.6779346
0.752565,-0.547711,-0.606097,-11.223785,0.0099503,-0.1636483,0.6710697
0.759616,-0.544006,-0.575184,-11.203649,0.0110658,-0.1628829,0.6669101
0.773487,-0.533514,-0.596963,-10.514535,-0.1417424,-0.1770538,0.5600135
0.780396,-0.528114,-0.625888,-10.342918,-0.2060237,-0.1829033,0.4973557
0.787303,-0.524285,-0.629198,-10.224492,-0.2506896,-0.1876741,0.4374822
0.794291,-0.521604,-0.611858,-10.149891,-0.2751696,-0.1913008,0.3851503
0.801312,-0.517518,-0.601969,-10.006541,-0.2495341,-0.2119087,0.3915180
0.815092,-0.508105,-0.664525,-9.840335,-0.1416019,-0.2298574,0.4898355
0.822067,-0.505542,-0.600107,-9.780276,-0.0756051,-0.2243407,0.5712264
0.829796,-0.502738,-0.451153,-9.755778,-0.0235385,-0.2174643,0.6561251
0.836688,-0.492711,-0.776360,-9.748181,0.0131765,-0.2116441,0.7447097
0.850606,-0.482776,-0.614813,-9.771817,0.0282931,-0.2093042,0.8653048
0.857585,-0.475848,-0.603316,-9.795996,0.0215474,-0.2100958,0.9014194
0.864459,-0.468633,-0.630398,-9.829018,0.0114743,-0.2110072,0.9213197
0.871427,-0.461406,-0.613564,-9.866314,0.0013764,-0.2115933,0.9267549
0.878433,-0.454257,-0.609056,-9.908154,-0.0068211,-0.2117611,0.9203889
0.892271,-0.440407,-0.636141,-10.001291,-0.0153572,-0.2113287,0.8849096
0.899156,-0.433777,-0.644920,-10.047087,-0.0163392,-0.2110351,0.8620442
0.906176,-0.427180,-0.618107,-10.083531,-0.0160391,-0.2108208,0.8393412
0.913077,-0.421056,-0.646077,-10.129125,-0.0151329,-0.2107176,0.8187985
0.927028,-0.411412,-0.631241,-10.205840,-0.0515378,-0.1731131,0.7890609
0.933930,-0.408937,-0.657436,-10.252866,-0.0920130,-0.1289365,0.7808273
0.940878,-0.405954,-0.651822,-10.283306,-0.1281413,-0.0885825,0.7768453
0.947850,-0.402361,-0.650547,-10.308877,-0.1549783,-0.0580870,0.7765452
0.961710,-0.393233,-0.655767,-10.349925,-0.1785526,-0.0306715,0.7837987
0.968649,-0.387683,-0.665130,-10.368601,-0.1789723,-0.0299723,0.7896247
0.975644,-0.381871,-0.647905,-10.360054,-0.0714060,-0.0354900,0.7958511
0.982536,-0.375434,-0.662855,-10.373359,0.0423035,-0.0446269,0.8018329
0.996457,-0.362690,-0.654793,-10.372339,0.2136548,-0.0656075,0.8113019
1.003394,-0.356783,-0.644620,-10.365672,0.2551124,-0.0741788,0.8143275
1.010391,-0.351262,-0.631537,-10.358810,0.2704726,-0.0801800,0.8161482
1.017241,-0.344514,-0.664753,-10.372234,0.2673876,-0.0834293,0.8168653
1.031150,-0.333315,-0.676528,-10.380560,0.2368762,-0.0832121,0.8157319
1.038138,-0.329593,-0.642269,-10.369660,0.2211421,-0.0811230,0.8143432
1.045089,-0.324190,-0.652389,-10.376712,0.2092221,-0.0786531,0.8127118
1.052001,-0.318696,-0.662977,-10.384089,0.2019240,-0.0763338,0.8110371
1.058968,-0.314294,-0.651816,-10.382895,0.1988348,-0.0744959,0.8094779
1.072824,-0.304516,-0.653961,-10.092773,0.3033240,-0.0664252,0.8071200
1.079929,-0.302296,-0.609800,-9.886254,0.3972805,-0.0608399,0.8064167
1.086769,-0.293878,-0.667655,-9.746484,0.4739778,-0.0576415,0.8060317
1.093790,-0.291858,-0.621315,-9.650751,0.5255545,-0.0569897,0.8059303
1.107651,-0.281467,-0.628927,-9.558667,0.5596566,-0.0605037,0.8063576
1.114486,-0.273874,-0.666822,-9.544567,0.5539090,-0.0628567,0.8067611
1.121413,-0.270693,-0.643651,-9.552304,0.5416900,-0.0646977,0.8072107
1.128485,-0.268966,-0.605880,-9.571384,0.5280893,-0.0657356,0.8076563
1.142300,-0.258053,-0.628807,-9.618412,0.5082123,-0.0655620,0.8083916
1.149238,-0.252566,-0.640594,-9.646515,0.5038110,-0.0647976,0.8086398
1.156145,-0.247378,-0.648689,-9.675640,0.5026379,-0.0639300,0.8088000
1.163276,-0.250456,-0.580066,-9.422573,0.5797660,-0.0381051,0.8088768
1.170071,-0.238981,-0.673581,-9.231660,0.6501133,-0.0093432,0.8088812
1.183972,-0.237392,-0.620551,-9.054637,0.7481129,0.0331676,0.8087373
1.190930,-0.234477,-0.611736,-9.018385,0.7696464,0.0428957,0.8086225
1.197844,-0.228092,-0.631674,-8.765269,0.6570398,0.0307012,0.8084999
1.204802,-0.224586,-0.622923,-8.639956,0.5385842,0.0128658,0.8083825
1.218686,-0.210242,-0.668482,-8.514199,0.3524702,-0.0169279,0.8081971
1.225744,-0.215123,-0.597184,-8.545129,0.3043156,-0.0240665,0.8081383
1.232568,-0.200532,-0.675792,-8.419689,0.2840662,-0.0316554,0.8081030
1.239561,-0.204307,-0.615114,-8.413731,0.2841120,-0.0368491,0.8080893
1.253425,-0.191998,-0.642878,-8.407760,0.3139851,-0.0410458,0.8081120
1.260448,-0.194906,-0.594760,-8.460148,0.3315014,-0.0411576,0.8081394
1.267300,-0.182541,-0.650566,-8.470615,0.3458552,-0.0407012,0.8081715
1.274297,-0.186921,-0.596174,-8.537901,0.3557227,-0.0400717,0.8082045
1.281264,-0.180693,-0.610764,-8.576189,0.3611277,-0.0394952,0.8082351
1.295180,-0.176093,-0.592470,-8.672927,0.3620742,-0.0387987,0.8082812
1.302033,-0.165228,-0.635228,-8.700161,0.3599436,-0.0386426,0.8082950
1.309084,-0.174223,-0.560382,-8.766021,0.3573980,-0.0385521,0.8083024
1.315931,-0.158362,-0.631198,-8.299459,0.3803293,-0.0377250,0.8083044
1.329948,-0.164288,-0.556319,-7.863841,0.4203001,-0.0370253,0.8082957
1.336829,-0.151439,-0.606794,-7.709949,0.4337645,-0.0372704,0.8082878
1.344728,-0.212420,-0.260336,-7.894323,0.4418694,-0.0377831,0.8082791
1.351350,-0.074396,-0.966829,-7.352262,0.4454567,-0.0384816,0.8082694
1.358346,-0.150735,-0.550402,-7.657851,0.4453906,-0.0390316,0.8082616
1.372206,-0.143732,-0.550061,-7.712440,0.4407862,-0.0396391,0.8082507
1.379128,-0.136909,-0.566524,-7.742084,0.4381747,-0.0396666,0.8082478
1.386125,-0.140421,-0.532225,-7.808155,0.4361069,-0.0395548,0.8082464
1.393104,-0.136414,-0.534803,-7.851511,0.4347770,-0.0393605,0.8082465
1.399986,-0.125680,-0.569265,-7.875861,0.4341736,-0.0391391,0.8082476
1.413930,-0.130129,-0.516107,-7.988407,0.4345599,-0.0387739,0.8082517
1.420860,-0.122561,-0.535210,-8.014981,0.4351802,-0.0386692,0.8082541
1.427823,-0.122808,-0.519744,-7.815631,0.4233532,-0.0401129,0.8082564
1.434699,-0.112741,-0.550343,-7.667234,0.4119874,-0.0416885,0.8082582
1.448646,-0.110507,-0.531133,-7.549669,0.3948593,-0.0438880,0.8082610
1.455925,-0.144536,-0.372377,-7.631312,0.3905022,-0.0442968,0.8082616
1.462829,-0.076057,-0.646073,-7.454768,0.3886743,-0.0443244,0.8082619
1.470136,-0.144195,-0.349687,-7.659100,0.3888087,-0.0441224,0.8082617
1.483553,-0.090283,-0.544410,-7.541692,0.3755062,-0.0485806,0.8082607
1.490555,-0.108273,-0.458786,-7.595499,0.3611024,-0.0540788,0.8082601
1.497525,-0.102689,-0.467942,-7.601307,0.3483376,-0.0590947,0.8082595
1.504409,-0.090943,-0.501224,-7.599858,0.3388012,-0.0628833,0.8082590
1.518309,-0.086562,-0.492532,-7.652560,0.3301662,-0.0662811,0.8082580
1.525333,-0.101670,-0.423748,-7.716262,0.3298914,-0.0663585,0.8082578
1.532160,-0.074921,-0.511768,-7.693336,0.3311533,-0.0658402,0.8082577
1.539146,-0.093988,-0.429523,-7.761467,0.3331304,-0.0650708,0.8082576
1.546111,-0.090034,-0.432935,-7.782095,0.3352070,-0.0642991,0.8082576
1.559999,-0.082326,-0.438548,-7.819378,0.3382820,-0.0632727,0.8082581
1.566949,-0.083589,-0.423183,-7.844293,0.3390566,-0.0630803,0.8082581
1.573894,-0.080971,-0.422916,-7.569012,0.2949418,-0.0754236,0.8082584
1.580850,-0.080405,-0.415171,-7.397752,0.2454133,-0.0892570,0.8082587
1.594748,-0.077199,-0.407398,-7.215093,0.1635952,-0.1107193,0.8082588
1.601651,-0.067616,-0.430426,-7.159913,0.1397315,-0.1161004,0.8082588
1.608640,-0.078556,-0.391061,-6.991764,0.0279083,-0.1138078,0.8082588
1.615566,-0.068098,-0.424511,-6.921964,-0.1014590,-0.1045291,0.8082588
1.622468,-0.064623,-0.434611,-6.889929,-0.2142109,-0.0920755,0.8082587
1.636378,-0.066992,-0.422584,-6.898176,-0.3551911,-0.0670484,0.8082587
1.643360,-0.074250,-0.396766,-6.936195,-0.3830085,-0.0576231,0.8082585
1.650246,-0.059084,-0.437074,-6.929835,-0.3896756,-0.0511785,0.8082586
1.657272,-0.079031,-0.373316,-7.013183,-0.3825076,-0.0476689,0.8082586
1.664190,-0.061920,-0.416287,-7.013949,-0.3682372,-0.0466518,0.8082586
1.678101,-0.050436,-0.434282,-7.072574,-0.3377593,-0.0494046,0.8082585
1.685013,-0.057645,-0.408547,-7.128365,-0.3269660,-0.0518079,0.8082584
1.692016,-0.070589,-0.369141,-7.193086,-0.3203289,-0.0541664,0.8082586
1.698877,-0.047082,-0.423742,-7.180832,-0.3175163,-0.0561390,0.8082585
1.712884,-0.080296,-0.331938,-7.395461,-0.3059970,-0.0576117,0.7692722
1.719745,-0.043931,-0.415356,-7.382217,-0.3030900,-0.0578943,0.7460408
1.727202,-0.135909,-0.194948,-7.585402,-0.3019683,-0.0580493,0.7236992
1.733599,0.042375,-0.605125,-7.309006,-0.3023022,-0.0581730,0.7040569
1.747509,-0.044060,-0.397716,-7.502754,-0.3055398,-0.0585014,0.6769549
1.754421,-0.049269,-0.382290,-7.520182,-0.3076183,-0.0587040,0.6701121
1.761381,-0.055495,-0.365343,-7.535998,-0.3096105,-0.0588956,0.6673943
1.768333,-0.054908,-0.363396,-7.540071,-0.3113517,-0.0590421,0.6681477
1.782243,-0.042938,-0.381650,-7.529131,-0.3139085,-0.0591155,0.6767085
1.782243,-0.042938,-0.381650,-7.529131,-0.3139085,-0.0591155,0.6767085
1.798447,-0.429176,0.388009,-8.155849,-0.3155803,-0.0588582,0.6907965
1.805378,-0.048503,-0.360086,-7.546874,-0.3161421,-0.0586500,0.6963168
1.812308,-0.047804,-0.358512,-7.547456,-0.3166662,-0.0584315,0.7009198
1.819252,-0.049917,-0.351835,-7.552227,-0.3171931,-0.0582216,0.7043928
1.833148,-0.036172,-0.369656,-7.622754,-0.2602215,-0.0522998,0.5964239
1.840070,-0.045453,-0.349355,-7.676586,-0.2333425,-0.0505371,0.5280269
1.847077,-0.060763,-0.319157,-7.730533,-0.2125570,-0.0495774,0.4605686
1.854025,-0.050466,-0.334600,-7.739390,-0.1990460,-0.0492566,0.3998894
1.868112,-0.065941,-0.303532,-7.794370,-0.1910321,-0.0500843,0.3128844
1.874992,-0.037724,-0.346959,-7.898076,-0.1680363,-0.0651269,0.3350618
1.881764,-0.016683,-0.377066,-7.984679,-0.1431374,-0.0814322,0.3815985
1.888702,-0.046474,-0.321703,-8.117314,-0.1203979,-0.0962811,0.4430197
1.895698,-0.056314,-0.300522,-8.205124,-0.1025358,-0.1079818,0.5105779
1.909673,-0.014832,-0.360702,-8.298627,-0.0698636,-0.1120341,0.6116721
1.916569,-0.037448,-0.321350,-8.383512,-0.0584939,-0.0982888,0.6412115
1.923548,-0.053078,-0.294348,-8.447809,-0.0516094,-0.0812961,0.6575032
1.930495,-0.047833,-0.301457,-8.485703,-0.0488666,-0.0650094,0.6619742
1.944515,-0.073990,-0.257306,-8.575566,-0.0515125,-0.0429766,0.6445425
1.951317,-0.021347,-0.337924,-8.562344,-0.0545102,-0.0381183,0.6278450
1.958374,-0.068493,-0.262681,-8.622642,-0.0574104,-0.0365883,0.6091713
1.965198,-0.025046,-0.327185,-8.611380,-0.0597228,-0.0373599,0.5906239
1.972077,-0.035520,-0.308638,-8.637306,-0.0612557,-0.0394074,0.5738379
1.985986,-0.033157,-0.307057,-8.665046,-0.0621886,-0.0441761,0.5495275
1.993007,-0.061261,-0.263129,-8.696124,-0.0619254,-0.0459636,0.5427917
1.999911,-0.039274,-0.293274,-8.691392,-0.0614294,-0.0471242,0.5395294
2.006827,-0.040461,-0.287354,-8.722172,-0.0524812,-0.0634263,0.5511653
2.020719,0.007318,-0.346999,-8.729234,-0.0313692,-0.0974213,0.5880061
2.027707,-0.050810,-0.259963,-8.777747,-0.0229697,-0.1098293,0.6081368
2.034631,-0.037122,-0.274367,-9.690118,-0.0064627,-0.1185759,0.6319165
2.041656,-0.054847,-0.244708,-10.314980,0.0100895,-0.1234832,0.6541614
2.048545,-0.026613,-0.280171,-10.880718,0.0238582,-0.1251586,0.6732373
2.062410,-0.038393,-0.256732,-11.727725,0.0379976,-0.1227063,0.6983030
2.069335,-0.033723,-0.260466,-12.070409,0.0390133,-0.1204279,0.7039972
2.076254,-0.031951,-0.260459,-12.356987,0.0375341,-0.1183210,0.7056390
2.083243,-0.044940,-0.240185,-12.565981,0.0348753,-0.1167143,0.7039639
2.097170,-0.046475,-0.233706,-12.926971,0.0298630,-0.1152616,0.6941829
2.104163,-0.044422,-0.234206,-13.071587,0.0284680,-0.1152210,0.6878216
2.111030,-0.019762,-0.265475,-13.255992,0.0279023,-0.1154259,0.6814826
2.117965,-0.032714,-0.245431,-13.318382,0.0279812,-0.1157295,0.6757300
2.124965,-0.044540,-0.227026,-13.365858,0.0284555,-0.1160264,0.6709514
2.138771,-0.027691,-0.245068,-13.539512,0.0297153,-0.1164048,0.6650257
2.145779,-0.046765,-0.219081,-13.541944,0.0330717,-0.1001156,0.6642061
2.152690,-0.029873,-0.241589,-13.643398,0.0365985,-0.0815006,0.6645035
2.159682,-0.046532,-0.219046,-13.633610,0.0393812,-0.0653939,0.6656479
2.173495,-0.026475,-0.243359,-13.755816,0.0416595,-0.0486019,0.6693417
2.180472,-0.045146,-0.217121,-13.718038,0.0415452,-0.0472600,0.6713760
2.187393,-0.034052,-0.229512,-13.768502,0.0410744,-0.0487351,0.6732630
2.194404,-0.051018,-0.205413,-13.727554,0.0405565,-0.0514976,0.6748659
2.201358,-0.039682,-0.217808,-13.772364,0.0401834,-0.0543734,0.6761029
2.215327,-0.018771,-0.240101,-13.850706,0.0400782,-0.0580849,0.6773980
2.222248,-0.035094,-0.222232,-9.731295,0.0336203,-0.0453396,0.6945425
2.229259,-0.054006,-0.199727,-6.644051,0.0263630,-0.0301040,0.7157816
2.236125,-0.026144,-0.234329,-4.430974,0.0199944,-0.0165383,0.7383205
2.250112,-0.036510,-0.218813,-2.241716,0.0123018,-0.0004197,0.7786766
2.257058,-0.034196,-0.220011,-4.406256,0.0068337,0.0008622,0.7694797
2.264060,-0.053077,-0.195987,-6.047618,0.0018600,-0.0006838,0.7498731
2.270946,-0.029638,-0.222386,-7.235993,-0.0018772,-0.0036409,0.7238375
2.284858,-0.028998,-0.215174,-9.392955,0.0714893,-0.0044367,0.6950195
2.291809,-0.043103,-0.191692,-10.254172,0.1495193,-0.0001879,0.7051513
2.298735,-0.038605,-0.190012,-8.180027,0.2872785,0.0112514,0.7223151
2.305620,-0.030353,-0.195312,-6.808008,0.3958108,0.0210449,0.7434401
2.312759,-0.081940,-0.132781,-6.017860,0.4719115,0.0269554,0.7657712
2.326548,-0.039909,-0.176677,-4.991006,0.5311585,0.0272145,0.8055836
2.333560,-0.056665,-0.154531,-4.891768,0.5286960,0.0241159,0.8203242
2.340895,-0.094717,-0.106424,-4.990970,0.5153937,0.0206480,0.8309028
2.347963,-0.020355,-0.191928,-4.828392,0.4980736,0.0178222,0.8370621
2.354838,0.014800,-0.231438,-4.863636,0.4821082,0.0161547,0.8390948
2.368645,-0.027975,-0.174597,-5.365152,0.4628670,0.0158909,0.8342696
2.375817,-0.090700,-0.095526,-5.732118,0.4594928,0.0166892,0.8291184
2.382623,-0.010378,-0.189533,-5.736880,0.4593300,0.0177119,0.8232182
2.389505,-0.028355,-0.164399,-5.982318,0.4613020,0.0187315,0.8172644
2.403376,-0.025998,-0.160601,-6.352160,0.4677875,0.0202617,0.8072097
2.410400,-0.060772,-0.114659,-6.585315,0.4709404,0.0206938,0.8037130
2.417245,-0.019950,-0.161482,-6.665088,0.4735535,0.0209297,0.8013852
2.424286,-0.065386,-0.102210,-6.992290,0.4725203,0.0217505,0.8001804
2.438236,-0.056848,-0.106388,-7.340774,0.4698026,0.0235502,0.8005388
2.445225,-0.031909,-0.133973,-7.444672,0.4687027,0.0242719,0.8017041
2.452103,-0.028584,-0.135527,-7.550714,0.4681063,0.0247771,0.8031896
2.459108,-0.059155,-0.094738,-7.673484,0.4680125,0.0250828,0.8048057
2.466249,-0.091391,-0.051860,-7.778027,0.4683488,0.0252179,0.8063793
2.479877,-0.028632,-0.124456,-7.822642,0.4698281,0.0251578,0.8089154
2.486846,-0.052141,-0.092525,-7.883741,0.4707310,0.0250515,0.8097461
2.493832,-0.056818,-0.084030,-7.919764,0.4716222,0.0249423,0.8102626
2.500737,-0.036853,-0.106471,-7.928905,0.4724495,0.0248535,0.8104869
2.514705,-0.063900,-0.067683,-7.990396,0.4738369,0.0247779,0.8102461
2.521596,-0.032345,-0.104759,-7.980035,0.4744047,0.0247932,0.8098986
2.528653,-0.077321,-0.046166,-8.026976,0.4749091,0.0248364,0.8094798
2.535456,-0.011344,-0.126451,-7.987079,0.4753691,0.0248985,0.8090428
2.549427,-0.055612,-0.076379,-8.722157,0.2861691,0.0253004,0.7526947
2.556335,-0.041531,-0.098229,-8.956026,0.1889517,0.0276168,0.7192952
2.563350,-0.070594,-0.065885,-9.159014,0.1120914,0.0304541,0.6872495
2.570159,-0.015634,-0.136038,-9.322606,0.0614552,0.0331548,0.6591348
2.584008,-0.037899,-0.109221,-9.585451,0.0307119,0.0370977,0.6204852
2.590958,-0.057558,-0.084544,-9.684913,0.0385688,0.0382807,0.6108021
2.597963,-0.073425,-0.064268,-9.767759,0.0529673,0.0389740,0.6070275
2.604863,-0.045290,-0.095886,-9.847083,0.0686123,0.0392082,0.6082129
2.611906,-0.085800,-0.058074,-10.301005,-0.0776372,0.0353633,0.5729926
2.625825,-0.095542,-0.067770,-10.906188,-0.3392503,0.0308182,0.4811981
2.632688,-0.035748,-0.143117,-11.184066,-0.4248224,0.0288733,0.4354623
2.639571,-0.044973,-0.137331,-11.363448,-0.4719574,0.0267442,0.3952832
2.646642,-0.099092,-0.080959,-11.463124,-0.4867440,0.0247699,0.3630037
2.660498,-0.092031,-0.090221,-11.715053,-0.4601415,0.0227533,0.3257627
2.667668,-0.130021,-0.051520,-11.764964,-0.4381481,0.0227902,0.3201631
2.674423,-55.189537,-12.560396,-102.355087,-12.9854479,-9.4057903,5.2879438
2.681861,0.713416,-1.152186,-14.919296,-10.8593149,-7.7448168,4.9060946
2.695321,-4.522340,-129.305893,-214.401306,9.9904499,1.8129320,-0.7667748
2.702194,-6.875905,-15.039845,-46.984497,4.0918236,-1.4894642,-0.3243188
2.709179,-3.584247,-3.633562,-30.934500,2.2093463,-1.1895665,-0.1973204
2.716120,0.271801,-1.216383,-24.330944,1.3893611,-0.2066801,-0.1794664
2.723035,-0.092971,0.102489,-20.388838,0.8408523,0.6492120,-0.1355317
2.736942,-0.111923,-0.018559,-17.690815,0.0371794,0.9435967,0.0528714
2.743939,-0.085697,-0.021272,-14.971183,-0.1456958,0.7436352,0.1662700
2.750812,-0.041473,-0.039254,-13.046468,-0.2010747,0.5038990,0.2757854
2.757720,-0.023621,-0.030076,-11.630026,-0.1708232,0.2994741,0.3724541
2.771806,0.009366,-0.031954,-10.068196,-0.0210115,0.0840218,0.5071191
2.778670,0.001535,-0.017796,-9.711799,0.0386035,0.0602594,0.5413158
2.785607,-0.007457,-0.007075,-9.555375,0.0719165,0.0688663,0.5552815
2.792587,-0.014336,-0.001272,-9.539299,0.0800417,0.0929938,0.5521718
2.799483,-0.006230,-0.011489,-9.616632,0.0697656,0.1198675,0.5359854
2.813405,-0.023840,0.000110,-9.939631,0.0263051,0.1546673,0.4814283
2.820329,-0.036999,-0.029001,-10.709030,-0.2240601,0.4736248,0.4231873
2.827345,-0.069457,-0.034641,-10.817871,-0.4389552,0.7427931,0.3537826
2.834268,-0.072489,-0.057806,-10.937430,-0.5989907,0.9408027,0.2818122
2.848151,-0.095190,-0.060465,-11.106228,-0.7225984,1.0845674,0.1564930
2.855026,-0.076293,-0.070674,-11.241654,-0.7149837,1.0663605,0.1112628
2.862001,-0.091032,-0.059978,-11.341176,-0.6879461,1.0218840,0.0799837
2.868936,-0.080879,-0.061162,-11.477052,-0.6574062,0.9716760,0.0624193
2.875944,-0.092469,-0.054478,-11.582130,-0.6330552,0.9286924,0.0571551
2.889754,-0.080793,-0.057310,-11.827650,-0.6151729,0.8824661,0.0742727
2.896769,-0.093691,-0.055178,-11.911595,-0.6195680,0.8772556,0.0913025
2.903621,-0.046318,-0.049503,-12.569878,-0.4395412,0.7068049,0.1355073
2.910812,-0.111898,-0.020250,-12.869563,-0.2516166,0.5435023,0.1877786
2.924525,-0.035002,-0.005776,-13.166566,0.0136563,0.3193549,0.2920671
2.931491,-0.037942,0.000012,-13.191067,0.0665728,0.2733109,0.3351016
2.938434,-0.031775,0.000104,-13.234887,0.0754353,0.2624364,0.3685735
2.945452,-0.052173,0.000745,-13.224885,0.0552598,0.2744685,0.3915653
2.959293,-0.058115,-0.005682,-13.265862,-0.0146251,0.3213699,0.4078730
2.966208,-0.029432,-0.012354,-13.342165,-0.0446382,0.3406282,0.4039336
2.973183,-0.050962,-0.011812,-13.311548,-0.0652932,0.3523528,0.3945038
2.980227,-0.070098,-0.010870,-13.282515,-0.0767062,0.3566856,0.3816175
2.987084,-0.019699,-0.016721,-13.387524,-0.0808816,0.3552988,0.3671815
3.001032,-0.012503,-0.016908,-13.406120,-0.0783095,0.3441267,0.3396565
3.008063,-0.068262,-0.011582,-13.298897,-0.0761237,0.3381398,0.3289027
3.014919,-0.018547,-0.015574,-13.392367,-0.0750465,0.3332072,0.3208580
3.021829,-0.018394,-0.002869,-13.483503,0.0472562,0.1587903,0.2910224
3.035775,-0.006413,0.019486,-13.598901,0.2712355,-0.1532808,0.2052793
3.042821,-0.022417,0.027365,-13.584168,0.3339853,-0.2424088,0.1604085
3.049659,0.041281,0.024609,-13.728085,0.3598493,-0.2822163,0.1198418
3.056572,0.018227,0.026323,-13.701502,0.3580261,-0.2848777,0.0862748
3.070504,0.015251,0.021755,-13.739676,0.3173222,-0.2394629,0.0449877
3.077432,0.004247,0.020654,-13.735448,0.2960858,-0.2149834,0.0371844
3.084353,0.003639,0.018782,-13.749424,0.2803061,-0.1976276,0.0366498
3.091242,0.010402,0.011291,-13.648505,0.2197902,-0.1886475,0.0421474
3.105160,-0.001281,0.001759,-13.281962,0.1062900,-0.1904079,0.0639027
3.112131,-0.015043,0.001058,-13.096972,0.0731639,-0.1960671,0.0767782
3.119071,-0.005945,-0.002204,-13.002730,0.0573075,-0.2021162,0.0891325
3.126013,-0.008780,-0.002027,-12.923011,0.0546521,-0.2073979,0.0999554
3.133009,-0.023686,0.001224,-12.849216,0.0599052,-0.2114665,0.1086178
3.146887,-0.025548,0.002838,-12.806095,0.0762967,-0.2162364,0.1185276
3.153799,-0.004743,-0.001046,-12.841113,0.0820511,-0.2175109,0.1199653
3.160785,-0.024592,0.003141,-12.810267,0.0849245,-0.2184561,0.1194945
3.167670,-0.000238,-0.002173,-12.864350,0.0852012,-0.2193014,0.1175733
3.181649,-0.044955,-0.004310,-11.115715,-0.0184237,-0.1079845,0.0975150
3.188494,-0.009273,-0.016658,-10.681358,-0.0647519,-0.0573149,0.0837630
3.195550,-0.064450,-0.007396,-10.354757,-0.0969330,-0.0226049,0.0697919
3.202389,-0.014103,-0.019831,-10.195511,-0.1143334,-0.0047529,0.0569015
3.216352,-0.043225,-0.013920,-10.074559,-0.1173657,-0.0056178,0.0376421
3.223252,-0.029263,-0.016268,-10.100560,-0.1112245,-0.0149522,0.0320287
3.230284,-0.064050,-0.008903,-10.143838,-0.1044748,-0.0250230,0.0290653
3.237153,-0.024869,-0.016165,-10.229167,-0.0990213,-0.0335988,0.0284334
3.251012,-0.020933,-0.016643,-10.407845,-0.0945421,-0.0431773,0.0322888
3.257990,-0.054332,-0.010706,-10.484266,-0.0951187,-0.0445871,0.0357250
3.264967,-0.055086,-0.010906,-10.573453,-0.0968127,-0.0446104,0.0395021
3.271855,-0.035023,-0.014762,-10.671473,-0.0990278,-0.0439412,0.0432072
3.278874,-0.067498,-0.009553,-10.732095,-0.1013012,-0.0431254,0.0465239
3.293557,0.136547,-0.041914,-9.479115,-0.0846003,-0.0026242,0.0714301
3.300446,-0.043468,-0.011946,-9.210446,-0.0776155,0.0139232,0.0857363
3.307427,-0.068184,-0.007973,-9.049809,-0.0729402,0.0253576,0.0995186
3.314575,-0.108608,-0.002001,-8.984103,-0.0707865,0.0313449,0.1116636
3.321283,-0.004113,-0.017436,-8.918310,-0.0707116,0.0328626,0.1214399
3.335202,-0.043355,-0.012057,-9.009067,-0.0740252,0.0283433,0.1327694
3.342158,-0.068509,-0.008901,-9.088784,-0.0761741,0.0249265,0.1345044
3.349132,-0.073897,-0.007082,-8.778176,-0.0587275,0.0259050,0.0842526
3.356092,-0.072071,-0.006083,-8.613010,-0.0372982,0.0277927,0.0136983
3.369925,-0.050699,-0.006868,-8.490108,-0.0026979,0.0322575,-0.1468259
3.377009,-0.105420,0.000534,-8.535662,0.0064135,0.0342833,-0.2202633
3.383850,-0.048345,-0.006618,-8.529028,0.0103288,0.0358355,-0.2816930
3.390773,-0.067963,-0.004151,-8.591793,0.0103494,0.0367361,-0.3282273
3.404673,-0.069121,-0.004510,-8.727203,0.0045496,0.0365886,-0.3743728
3.411641,-0.085696,-0.002485,-8.813137,0.0010582,0.0358571,-0.3766425
3.418510,-0.063258,-0.005956,-8.881904,-0.0018948,0.0349763,-0.3683713
3.425466,-0.085702,-0.002955,-8.970436,-0.0040459,0.0341274,-0.3525962
3.439830,-0.188858,0.012159,-9.149249,-0.0060586,0.0329007,-0.3104631
3.446440,-0.003157,-0.015959,-9.158475,-0.0062775,0.0325526,-0.2892147
3.453265,-0.060003,-0.007520,-9.235007,-0.0062527,0.0323363,-0.2703818
3.460254,-0.101217,-0.001330,-9.298744,-0.0061540,0.0322033,-0.2551259
3.474082,-0.085880,-0.004031,-9.388776,-0.0061305,0.0320231,-0.2371944
3.481103,-0.113572,0.000196,-9.432076,-0.0062749,0.0319236,-0.2342920
3.487980,-0.076645,-0.005896,-9.463007,-0.0065130,0.0318023,-0.2347379
3.495005,-0.117674,0.000543,-9.498336,-0.0068128,0.0316595,-0.2377536
3.502087,-0.132729,0.002837,-9.526607,-0.0071433,0.0314988,-0.2425101
3.515955,-0.112228,-0.000590,-9.892871,-0.0119892,-0.0124264,-0.3825541
3.522853,-0.089670,-0.004469,-9.947484,-0.0145323,-0.0336366,-0.4635908
3.529879,-0.120912,0.000833,-9.973234,-0.0171638,-0.0496834,-0.5407902
3.536729,-0.079865,-0.006634,-9.997610,-0.0197203,-0.0597016,-0.6080706
3.550664,-0.101785,-0.003247,-9.998626,-0.0235404,-0.0648682,-0.6994814
3.557531,-0.089974,-0.005850,-9.999949,-0.0244680,-0.0629629,-0.7218181
3.565020,-0.228087,0.021319,-9.970262,-0.0247739,-0.0599836,-0.7299674
3.571887,0.006475,-0.026415,-10.021847,-0.0246043,-0.0567123,-0.7253214
3.578930,-0.137115,0.002870,-9.994184,-0.0242321,-0.0543568,-0.7122772
3.592799,-0.118561,-0.001605,-10.006600,-0.0235015,-0.0521905,-0.6721856
3.599887,-0.154209,0.005181,-10.116529,-0.0298928,-0.0278243,-0.6032820
3.606793,-0.117380,-0.004482,-10.222206,-0.0369921,0.0003654,-0.5179872
3.613756,-0.133822,-0.002046,-10.292979,-0.0435600,0.0258894,-0.4275128
3.627528,-0.127581,-0.005552,-10.394212,-0.0529597,0.0566558,-0.2655932
3.634449,-0.132213,-0.005167,-10.421637,-0.0554521,0.0616496,-0.2053940
3.641383,-0.137292,-0.004230,-10.416638,-0.0513389,0.0691749,-0.1572820
3.648368,-0.151049,-0.001152,-10.410847,-0.0453918,0.0747350,-0.1243638
3.662307,-0.163126,0.001457,-10.410457,-0.0348042,0.0795371,-0.1014147
3.669171,-0.128632,-0.006391,-10.431956,-0.0317442,0.0795117,-0.1073281
3.676090,-0.143183,-0.003379,-10.429924,-0.0302597,0.0786569,-0.1211413
3.683078,-0.160164,-0.000407,-10.438880,-0.0376955,0.0728819,-0.1588815
3.689962,-0.137472,-0.006327,-10.461907,-0.0470033,0.0664400,-0.2048233
3.703865,-0.140716,-0.007267,-10.469522,-0.0626910,0.0562813,-0.2987822
3.710733,-0.138151,-0.008449,-10.468797,-0.0671094,0.0534823,-0.3384289
3.717816,-0.189279,0.002319,-10.438453,-0.0692281,0.0521233,-0.3697751
3.724734,-0.153604,-0.005908,-10.451200,-0.0695699,0.0518764,-0.3918204
3.738577,-0.161536,-0.004753,-10.438490,-0.0675001,0.0531737,-0.4090298
3.745590,-0.179938,-0.003653,-10.390468,-0.1074063,0.0368909,-0.4172792
3.752426,-0.139077,-0.015592,-10.316431,-0.1491086,0.0167619,-0.4232668
3.759424,-0.177458,-0.009788,-10.235037,-0.1856399,-0.0022162,-0.4269485
3.773290,-0.158698,-0.016948,-10.164065,-0.2275346,-0.0265303,-0.4282380
3.780268,-0.177163,-0.013807,-10.139103,-0.2334929,-0.0311010,-0.4265887
3.787162,-0.159585,-0.017494,-10.134522,-0.2327112,-0.0318336,-0.4239997
3.794276,-0.211414,-0.007552,-10.115529,-0.2281203,-0.0301226,-0.4209075
3.807983,-0.175365,-0.014139,-10.132720,-0.2166955,-0.0242830,-0.4146868
3.815010,-0.198857,-0.010032,-10.132204,-0.2125583,-0.0217884,-0.4120982
3.821851,-0.158849,-0.016839,-10.152865,-0.2100988,-0.0200759,-0.4100729
3.828930,-0.214849,-0.011564,-10.030677,-0.2651158,-0.0128655,-0.4353538
3.842697,-0.190799,-0.022154,-9.913482,-0.3618510,-0.0008613,-0.5037346
3.849798,-0.226333,-0.019438,-9.874453,-0.3925910,0.0012317,-0.5384498
3.856617,-0.165594,-0.028163,-9.861455,-0.4094727,0.0007436,-0.5693312
3.863668,-0.219167,-0.022222,-9.842873,-0.4149823,-0.0014136,-0.5944478
3.870512,-0.175214,-0.024396,-9.646643,-0.3932272,-0.0018008,-0.6270300
3.884411,-0.195516,-0.018088,-9.427073,-0.3446460,-0.0003162,-0.6804374
3.891373,-0.207289,-0.015711,-9.376992,-0.3269179,0.0011247,-0.6983260
3.898327,-0.207813,-0.014591,-9.351056,-0.3160208,0.0025771,-0.7097427
3.905220,-0.196035,-0.014418,-9.341694,-0.3113495,0.0037465,-0.7150772
3.919143,-0.209915,-0.013224,-9.367678,-0.3142631,0.0047497,-0.7111723
3.926052,-0.205265,-0.013151,-9.389539,-0.3184121,0.0046678,-0.7043173
3.933015,-0.218831,-0.012779,-9.418210,-0.3226002,0.0043748,-0.6958464
3.939948,-0.214170,-0.013412,-9.397408,-0.3407734,0.0019937,-0.6962065
3.953803,-0.193124,-0.013623,-9.392281,-0.3702814,-0.0042285,-0.7044466
3.960853,-0.244323,-0.014835,-9.411988,-0.3791121,-0.0068813,-0.7105609
3.967778,-0.216302,-0.013570,-9.423280,-0.3837885,-0.0088549,-0.7169530
3.974717,-0.223136,-0.011993,-9.506877,-0.3641555,-0.0176240,-0.7249213
3.981976,-0.290942,-0.014329,-9.574147,-0.3426358,-0.0268318,-0.7325661
3.995747,-0.232686,-0.006921,-9.661950,-0.3080796,-0.0398747,-0.7448003
4.002809,-0.254982,-0.007647,-9.692369,-0.2996420,-0.0424280,-0.7486025
4.009623,-0.202789,-0.003294,-9.814083,-0.3191513,-0.0428156,-0.7469556
4.016576,-0.235470,-0.006102,-9.818820,-0.3259105,-0.0387164,-0.7405118
4.030573,-0.266635,-0.008750,-9.834069,-0.3351865,-0.0281998,-0.7224563
4.037370,-0.207477,0.000126,-9.849426,-0.3364536,-0.0241381,-0.7131234
4.044466,-0.273533,-0.008323,-9.847917,-0.3362319,-0.0214741,-0.7047403
4.051364,-0.231016,-0.000781,-9.860127,-0.3351831,-0.0201279,-0.6978418
4.058288,-0.240830,-0.001113,-9.864655,-0.3338742,-0.0198091,-0.6927406
4.072129,-0.227098,0.003954,-9.876818,-0.3318527,-0.0208152,-0.6879874
4.079164,-0.269094,-0.003058,-9.874716,-0.3314175,-0.0215479,-0.6879780
4.086037,-0.236165,0.004863,-9.883434,-0.3313482,-0.0221902,-0.6891404
4.092982,-0.253508,0.002376,-9.883816,-0.3315507,-0.0226704,-0.6911147
4.106997,-0.283713,-0.002437,-9.883615,-0.3323403,-0.0231495,-0.6961206
4.113866,-0.242061,0.009026,-9.892105,-0.3327553,-0.0232224,-0.6985730
4.120810,-0.259099,0.006022,-9.890659,-0.3331157,-0.0232424,-0.7007122
4.127712,-0.252234,0.009243,-9.892937,-0.3334047,-0.0232441,-0.7024132
4.134699,-0.271610,0.005185,-9.890660,-0.3336245,-0.0232482,-0.7036198
4.148628,-0.269677,0.010470,-9.542721,-0.3149119,-0.0221466,-0.6747280
4.155503,-0.252209,0.019071,-9.294026,-0.2956672,-0.0200220,-0.6370647
4.162477,-0.275546,0.014390,-9.133918,-0.2789722,-0.0175703,-0.5965075
4.169384,-0.263421,0.020660,-9.020851,-0.2669645,-0.0153029,-0.5573068
4.183282,-0.238184,0.032891,-8.909645,-0.2574086,-0.0121735,-0.4946780
4.190217,-0.274614,0.021394,-8.918092,-0.2578904,-0.0113173,-0.4744748
4.197229,-0.291065,0.018888,-9.255851,-0.2051286,-0.0316945,-0.4624631
4.204129,-0.267603,0.032455,-9.606355,-0.1312524,-0.0585800,-0.4469852
4.217998,-0.259451,0.045187,-9.776739,-0.0036098,-0.1035207,-0.4265316
4.224922,-0.274984,0.042558,-9.816063,0.0332576,-0.1158387,-0.4218383
4.232010,-0.309689,0.031666,-9.845418,0.0514094,-0.1213189,-0.4204343
4.238969,-0.285848,0.041911,-9.877878,0.0549092,-0.1215832,-0.4217288
4.252765,-0.275699,0.043301,-9.933657,-0.0141290,-0.1047871,-0.4275801
4.259892,-0.326828,0.021517,-9.947330,-0.0817566,-0.0898625,-0.4302047
4.266716,-0.253896,0.045251,-9.982359,-0.1417540,-0.0771690,-0.4326697
4.273645,-0.293618,0.029363,-9.986476,-0.1841810,-0.0688289,-0.4347398
4.287546,-0.295771,0.028929,-10.004654,-0.2174160,-0.0640303,-0.4374242
4.294598,-0.323169,0.019561,-10.004999,-0.2152628,-0.0655131,-0.4380124
4.301404,-0.273346,0.041228,-10.024840,-0.2068890,-0.0679952,-0.4381578
4.308400,-0.315887,0.026010,-10.019339,-0.1964445,-0.0705415,-0.4379441
4.322226,-0.292405,0.035363,-10.073976,-0.2441625,-0.0644818,-0.4381508
4.329237,-0.324702,0.021246,-10.079671,-0.2673619,-0.0608754,-0.4382313
4.336123,-0.302773,0.027957,-10.131092,-0.3317132,-0.0560822,-0.4398191
4.343101,-0.322485,0.016731,-10.150961,-0.3857164,-0.0525248,-0.4417774
4.357029,-0.326476,0.011512,-10.209682,-0.4739884,-0.0487624,-0.4461699
4.364012,-0.328909,0.009563,-10.234357,-0.5052146,-0.0480172,-0.4483252
4.370886,-0.309738,0.020356,-10.263807,-0.5221677,-0.0481687,-0.4501592
4.377877,-0.333890,0.008323,-10.269644,-0.5273494,-0.0488777,-0.4515772
4.384835,-0.329059,0.012935,-10.286627,-0.5245927,-0.0497767,-0.4525427
4.398697,-0.334789,0.013928,-10.307805,-0.5098422,-0.0511263,-0.4532019
4.405634,-0.330155,0.019291,-10.320086,-0.5029778,-0.0513734,-0.4530175
4.412641,-0.344855,0.011423,-10.320971,-0.4981545,-0.0513646,-0.4526010
4.419479,-0.314611,0.034865,-10.344805,-0.4955826,-0.0511870,-0.4520400
4.433433,-0.338515,0.021638,-10.344211,-0.4956817,-0.0506903,-0.4507993
4.440334,-0.331673,0.028922,-10.352982,-0.4971781,-0.0504996,-0.4502431
4.447298,-0.345143,0.020101,-10.349627,-0.4989217,-0.0503862,-0.4497842
4.454202,-0.335700,0.029850,-10.358709,-0.5005566,-0.0503477,-0.4494423
4.468156,-0.353775,0.017941,-10.351476,-0.5089896,-0.0500309,-0.4493998
4.475149,-0.357185,0.016445,-10.349511,-0.5151012,-0.0497116,-0.4497488
4.482101,-0.351170,0.023596,-10.352904,-0.5199301,-0.0494864,-0.4502005
4.488976,-0.338295,0.037755,-10.360441,-0.5231175,-0.0493842,-0.4506923
4.502800,-0.331324,0.049659,-10.364885,-0.5252855,-0.0494621,-0.4515982
4.509749,-0.357084,0.026147,-10.350005,-0.5250723,-0.0495646,-0.4519448
4.516759,-0.369908,0.014971,-10.342813,-0.5245416,-0.0496635,-0.4521984
4.523640,-0.347438,0.041059,-10.356936,-0.5239923,-0.0497393,-0.4523562
4.530642,-0.371652,0.013102,-10.364325,-0.5802746,-0.0477328,-0.4501078
4.544524,-0.371919,0.010745,-10.378646,-0.6719588,-0.0446019,-0.4439918
4.551441,-0.360990,0.023922,-10.387781,-0.6995653,-0.0440316,-0.4408775
4.558374,-0.365824,0.019849,-10.385629,-0.7138119,-0.0440397,-0.4381029
4.565392,-0.382787,-0.001423,-10.376635,-0.7515895,-0.0440797,-0.4340342
4.579226,-0.375030,0.010180,-10.371010,-0.7967892,-0.0448483,-0.4265974
4.586121,-0.364669,0.031036,-10.357582,-0.7347522,-0.0496737,-0.4238771
4.593093,-0.380304,0.016300,-10.344460,-0.6733913,-0.0545458,-0.4219595
4.600208,-0.407375,-0.016093,-10.326705,-0.6196012,-0.0583352,-0.4208412
4.607089,-0.355312,0.063355,-10.362982,-0.5806957,-0.0605494,-0.4204504
4.620922,-0.370072,0.055285,-10.342525,-0.4739816,-0.0664680,-0.4204679
4.627954,-0.398610,0.016424,-10.322896,-0.4463526,-0.0677504,-0.4209083
4.634877,-0.377763,0.051741,-10.337846,-0.4341727,-0.0680092,-0.4215120
4.641801,-0.382340,0.047474,-10.336764,-0.4336135,-0.0676022,-0.4221866
4.655793,-0.383020,0.050859,-10.340755,-0.4494622,-0.0662502,-0.4234647
4.662730,-0.390193,0.041367,-10.337674,-0.4587692,-0.0657871,-0.4239684
4.669586,-0.376705,0.065764,-10.348704,-0.4662117,-0.0655831,-0.4243456
4.676613,-0.409937,0.013335,-10.326886,-0.4710894,-0.0656079,-0.4245904
4.683532,-0.391950,0.045822,-10.340967,-0.4734826,-0.0657847,-0.4247093
4.697538,-0.419975,-0.002675,-10.277942,-0.5704027,-0.0618149,-0.4242981
4.704433,-0.392694,0.045126,-10.281055,-0.6062468,-0.0604703,-0.4239540
4.711456,-0.409557,0.016687,-10.258207,-0.6296711,-0.0598612,-0.4235791
4.718443,-0.410694,0.017074,-10.250012,-0.6409224,-0.0598815,-0.4232183
4.732315,-0.415374,0.014798,-10.242214,-0.6389633,-0.0608276,-0.4226404
4.739197,-0.399645,0.047752,-10.254502,-0.6324013,-0.0613089,-0.4224544
4.746268,-0.435823,-0.017269,-10.232564,-0.6255757,-0.0616298,-0.4223404
4.753137,-0.400581,0.053886,-10.261521,-0.6199694,-0.0617649,-0.4222931
4.767173,-0.441141,-0.018604,-10.242571,-0.6143790,-0.0616233,-0.4223544
4.774060,-0.397839,0.070474,-10.279378,-0.6140720,-0.0614660,-0.4224367
4.781007,-0.421894,0.030783,-9.734537,-0.5585991,-0.0746703,-0.4364914
4.787953,-0.422526,0.035904,-9.386940,-0.5083264,-0.0892439,-0.4541313
4.795310,-0.492926,-0.104533,-9.157688,-0.4672818,-0.1019508,-0.4730522
4.808714,-0.391864,0.114768,-8.898878,-0.4261577,-0.1157096,-0.5071036
4.815727,-0.440927,0.015405,-9.264884,-0.3990699,-0.1126223,-0.5317997
4.822632,-0.422772,0.058335,-9.519072,-0.3800992,-0.1064925,-0.5559462
4.836481,-0.414873,0.082882,-10.103081,-0.3707982,-0.0885912,-0.6024114
4.843457,-0.442559,0.027198,-10.132648,-0.3734950,-0.0820706,-0.6196933
4.850421,-0.441993,0.031466,-10.171498,-0.3781135,-0.0782215,-0.6319944
4.857387,-0.444015,0.029983,-10.201468,-0.3829509,-0.0768347,-0.6392983
4.864331,-0.441171,0.038627,-10.229475,-0.3869565,-0.0772688,-0.6420393
4.878157,-0.453641,0.016798,-10.259610,-0.3910375,-0.0805677,-0.6370043
4.885089,-0.443129,0.042408,-10.283512,-0.3913107,-0.0822259,-0.6311396
4.891966,-0.434061,0.065045,-10.304296,-0.3908299,-0.0834387,-0.6243114
4.899048,-0.475059,-0.020917,-10.282459,-0.3899453,-0.0841184,-0.6173418
4.905886,-0.428834,0.082378,-10.343761,-0.3849107,-0.0896315,-0.6130741
4.919778,-0.429986,0.085713,-10.369893,-0.3528094,-0.1115094,-0.5997931
4.926689,-0.446694,0.052428,-10.367382,-0.3403668,-0.1199673,-0.5942364
4.933665,-0.461086,0.024340,-10.365324,-0.3321611,-0.1253620,-0.5898706
4.940589,-0.452547,0.046718,-10.382158,-0.3280431,-0.1278476,-0.5868277
4.954550,-0.448231,0.064461,-10.401001,-0.3232911,-0.1283615,-0.5789849
4.961770,-0.515833,-0.081172,-10.347054,-0.3204519,-0.1280838,-0.5724249
4.968482,-0.397452,0.185634,-10.460823,-0.3184102,-0.1275466,-0.5660119
4.975405,-0.462873,0.044944,-10.407202,-0.3172358,-0.1269640,-0.5604458
4.989847,-0.557043,-0.157410,-10.312711,-0.3118849,-0.1278328,-0.5491011
4.996334,-0.375009,0.255863,-10.470484,-0.3072743,-0.1294691,-0.5425653
5.003197,-0.459236,0.071040,-10.388277,-0.3034117,-0.1309636,-0.5368760
5.010239,-0.497392,-0.010637,-10.349488,-0.3007011,-0.1320651,-0.5323583
5.024074,-0.476320,0.046460,-10.338723,-0.2985460,-0.1329571,-0.5272858
5.031051,-0.491574,0.016398,-10.317549,-0.2985723,-0.1329287,-0.5266096
5.038146,-0.517311,-0.037880,-10.290476,-0.2989229,-0.1327558,-0.5269331
5.045035,-0.478639,0.055708,-10.322397,-0.2993535,-0.1325494,-0.5280095
5.058863,-0.504445,0.006038,-10.300061,-0.2999023,-0.1322962,-0.5313977
5.065767,-0.489094,0.046597,-10.315258,-0.2999285,-0.1322921,-0.5332392
5.072652,-0.487640,0.054916,-10.318674,-0.2998113,-0.1323569,-0.5349380
5.079731,-0.529093,-0.036379,-10.284389,-0.2995956,-0.1324676,-0.5363728
5.086609,-0.491077,0.057250,-10.320928,-0.2993290,-0.1325982,-0.5374722
5.100479,-0.513080,0.016350,-10.307042,-0.2987827,-0.1328457,-0.5386022
5.107425,-0.512597,0.022775,-10.310362,-0.2985427,-0.1329419,-0.5386856
5.114422,-0.525624,-0.002445,-10.301483,-0.2983320,-0.1330165,-0.5385212
5.121336,-0.511775,0.039778,-9.798519,-0.2718019,-0.1306210,-0.5269290
5.135158,-0.500128,0.085051,-9.226757,-0.2190710,-0.1245655,-0.4967149
5.142127,-0.532254,0.016244,-9.073501,-0.2011521,-0.1220708,-0.4816812
5.149119,-0.538817,0.004285,-9.369750,-0.1993866,-0.1298124,-0.4717836
5.156033,-0.525091,0.040052,-9.588706,-0.2043785,-0.1391396,-0.4653397
5.169907,-0.526692,0.043187,-9.757246,-0.2320707,-0.1564645,-0.4582855
5.176824,-0.532768,0.032835,-9.767579,-0.2499972,-0.1626658,-0.4557366
5.183901,-0.567660,-0.046456,-9.763711,-0.2641628,-0.1664403,-0.4544639
5.190711,-0.516210,0.083514,-9.808980,-0.2733373,-0.1681089,-0.4543037
5.204625,-0.540215,0.038660,-9.829206,-0.2784381,-0.1674791,-0.4563783
5.211691,-0.577548,-0.045954,-9.822886,-0.2767405,-0.1663286,-0.4580984
5.218540,-0.534276,0.068469,-9.891684,-0.2703030,-0.1624264,-0.4594800
5.225499,-0.563131,0.005132,-9.905358,-0.2636334,-0.1584986,-0.4606752
5.232443,-0.563218,0.012702,-9.931211,-0.2578812,-0.1551906,-0.4616201
5.246343,-0.563215,0.029047,-9.719441,-0.2505632,-0.1513333,-0.4638675
5.253256,-0.567041,0.026825,-9.662183,-0.2492649,-0.1507938,-0.4647139
5.260168,-0.570044,0.026696,-9.626584,-0.2491000,-0.1508974,-0.4653234
5.267217,-0.600152,-0.042352,-9.593940,-0.2496275,-0.1513821,-0.4656931
5.281106,-0.582962,0.015663,-9.596389,-0.2512864,-0.1526426,-0.4658047
5.288014,-0.581794,0.026100,-9.603913,-0.2519485,-0.1531532,-0.4656255
5.294977,-0.596078,-0.003055,-9.607730,-0.2523662,-0.1535113,-0.4653510
5.301882,-0.586088,0.030154,-9.625945,-0.2525407,-0.1537200,-0.4650263
5.308792,-0.591842,0.022757,-9.636794,-0.2553707,-0.1546837,-0.4652564
5.322701,-0.592276,0.038147,-9.360168,-0.2643515,-0.1564043,-0.4671972
5.329705,-0.620423,-0.027480,-9.282858,-0.2676383,-0.1570103,-0.4683464
5.336567,-0.595714,0.045549,-9.248835,-0.2697135,-0.1574155,-0.4694482
5.343550,-0.623083,-0.018178,-9.222690,-0.2706695,-0.1576452,-0.4704145
5.357493,-0.617619,0.012931,-9.226138,-0.2703372,-0.1577488,-0.4717417
5.364685,-0.672763,-0.125149,-9.209550,-0.2692709,-0.1576091,-0.4727627
5.371320,-0.565320,0.169945,-9.243544,-0.2681727,-0.1574491,-0.4737572
5.378437,-0.665902,-0.090217,-9.231239,-0.2672396,-0.1573110,-0.4746419
5.385300,-0.619843,0.042017,-9.261485,-0.2665774,-0.1572191,-0.4753616
5.399140,-0.642993,-0.002609,-9.296423,-0.2660556,-0.1571914,-0.4762151
5.406047,-0.638972,0.017054,-9.319471,-0.2660789,-0.1572382,-0.4763579
5.413042,-0.659782,-0.030421,-9.333611,-0.2661942,-0.1573067,-0.4763435
5.419889,-0.633990,0.048938,-9.363678,-0.2663386,-0.1573846,-0.4762074
5.433854,-0.669593,-0.030055,-9.387916,-0.2665649,-0.1575291,-0.4757240
5.440772,-0.659045,0.008385,-9.409323,-0.2666162,-0.1575864,-0.4754480
5.447758,-0.675786,-0.028420,-9.417925,-0.2666270,-0.1576326,-0.4751876
5.454680,-0.666928,0.005758,-9.436367,-0.2666082,-0.1576691,-0.4749625
5.461687,-0.687258,-0.041010,-9.415633,-0.2665553,-0.1579792,-0.4751486
5.475648,-0.690331,-0.029842,-9.409214,-0.2664329,-0.1586150,-0.4759043
5.482576,-0.683021,0.000649,-9.415105,-0.2663884,-0.1588468,-0.4763508
5.489533,-0.692495,-0.015783,-9.415472,-0.2663594,-0.1590020,-0.4767795
5.496551,-0.708046,-0.049419,-9.414357,-0.2663437,-0.1590895,-0.4771560
5.510374,-0.714202,-0.046195,-9.425514,-0.2663357,-0.1591338,-0.4776741
5.517350,-0.711286,-0.027464,-9.434393,-0.2663349,-0.1591272,-0.4778041
5.524225,-0.695567,0.028227,-9.449682,-0.2663329,-0.1591194,-0.4778548
5.531205,-0.719598,-0.030447,-9.528161,-0.2673339,-0.1601638,-0.4775398
5.545217,-0.750909,-0.099500,-9.550319,-0.2692830,-0.1623721,-0.4765952
5.552017,-0.695914,0.070287,-9.599797,-0.2699497,-0.1631705,-0.4760911
5.558940,-0.724144,-0.000266,-9.591328,-0.2694294,-0.1645780,-0.4756246
5.565966,-0.747972,-0.058321,-9.585031,-0.2686510,-0.1657865,-0.4752322
5.579793,-0.744871,-0.026359,-9.601523,-0.2671197,-0.1672177,-0.4747330
5.586736,-0.744004,-0.011893,-9.598460,-0.2655394,-0.1676101,-0.4745773
5.593607,-0.734352,0.028639,-9.603817,-0.2641448,-0.1677808,-0.4744927
5.600644,-0.770330,-0.065465,-9.580271,-0.2630705,-0.1677913,-0.4744712
5.614570,-0.768779,-0.036261,-9.579711,-0.2609324,-0.1676156,-0.4745733
5.621373,-0.737664,0.069203,-9.600328,-0.2603822,-0.1675068,-0.4746667
5.628396,-0.784549,-0.058365,-9.563597,-0.2601393,-0.1674222,-0.4747701
5.635289,-0.764092,0.015766,-9.573462,-0.2601225,-0.1673733,-0.4748721
5.642263,-0.783966,-0.031088,-9.559051,-0.2602414,-0.1673613,-0.4749639
5.656140,-0.770645,0.035200,-9.569100,-0.2605888,-0.1674197,-0.4750953
5.663097,-0.793702,-0.021365,-9.555991,-0.2607240,-0.1674706,-0.4751310
5.670035,-0.794585,-0.010788,-9.558113,-0.2608086,-0.1675239,-0.4751478
5.677218,-0.844391,-0.149502,-9.527946,-0.2608440,-0.1675734,-0.4751481
5.691090,-0.800301,0.013313,-9.552197,-0.2603646,-0.1679816,-0.4752333
5.698103,-0.826616,-0.053944,-9.530021,-0.2598670,-0.1683629,-0.4753579
5.704992,-0.807782,0.018273,-9.540789,-0.2594274,-0.1686971,-0.4754916
5.712050,-0.844091,-0.080344,-9.516646,-0.2591037,-0.1689428,-0.4756204
5.718965,-0.821849,0.003268,-9.533356,-0.2589087,-0.1690930,-0.4757340
5.732763,-0.844132,-0.037677,-9.524648,-0.2588213,-0.1691721,-0.4758913
5.739706,-0.841176,-0.013722,-9.530825,-0.2588633,-0.1691503,-0.4759313
5.746699,-0.855235,-0.043411,-9.525602,-0.2589222,-0.1691175,-0.4759474
5.753597,-0.841843,0.013523,-9.539668,-0.2589772,-0.1690880,-0.4759436
5.767538,-0.879873,-0.076983,-9.522639,-0.2590367,-0.1690656,-0.4758948
5.774407,-0.850894,0.030322,-9.548241,-0.2590387,-0.1690738,-0.4758599
5.781407,-0.880819,-0.047713,-9.297199,-0.2560943,-0.1663811,-0.4560192
5.788309,-0.867757,0.010705,-9.153700,-0.2529290,-0.1632663,-0.4298324
5.802323,-0.840940,0.129842,-8.993882,-0.2477182,-0.1578448,-0.3722369
5.809268,-0.890843,-0.014937,-8.941830,-0.2462348,-0.1561683,-0.3469737
5.816350,-0.921007,-0.097998,-8.882199,-0.2420110,-0.1566863,-0.3281820
5.823215,-0.885541,0.033770,-8.865041,-0.2381628,-0.1578950,-0.3154260
5.830352,-0.939928,-0.130529,-8.844895,-0.2350726,-0.1593199,-0.3085330
5.844321,-0.901206,0.028978,-8.873163,-0.2318796,-0.1615612,-0.3096000
5.851320,-0.918898,-0.014319,-8.888590,-0.2316148,-0.1621179,-0.3153602
5.858240,-0.920294,-0.002383,-8.911160,-0.2318842,-0.1623617,-0.3229151
5.865204,-0.933325,-0.030795,-8.931631,-0.2324335,-0.1624009,-0.3312376
5.879458,-1.011925,-0.269441,-8.952505,-0.2336250,-0.1622488,-0.3467460
5.886301,-0.885450,0.183334,-9.004071,-0.2337339,-0.1634034,-0.3506156
5.893129,-0.928528,0.052644,-8.999500,-0.2336682,-0.1646162,-0.3520943
5.900186,-0.974471,-0.091104,-8.994999,-0.2334989,-0.1657183,-0.3516704
5.914001,-0.974169,-0.058151,-9.316054,-0.2336910,-0.1660418,-0.3505632
5.921072,-0.991375,-0.102263,-9.391597,-0.2342241,-0.1652101,-0.3519314
5.927800,-0.935602,0.114388,-9.510429,-0.2347466,-0.1642995,-0.3536475
5.934819,-0.992763,-0.072982,-9.527214,-0.2351531,-0.1635147,-0.3554819
5.941729,-0.978795,-0.003482,-9.548722,-0.2079100,-0.1645264,-0.3624938
5.955603,-0.978808,0.036606,-9.579486,-0.1494930,-0.1671334,-0.3793282
5.962655,-1.018865,-0.090173,-9.555656,-0.1286713,-0.1679152,-0.3873081
5.969564,-0.999640,-0.000495,-9.584043,-0.1158899,-0.1682009,-0.3941310
5.976452,-1.001458,0.012252,-9.592292,-0.1103098,-0.1681077,-0.3994376
5.990332,-1.008068,0.025971,-9.603560,-0.1130635,-0.1674832,-0.4051017
5.997324,-1.035778,-0.057447,-9.585308,-0.1173944,-0.1672226,-0.4056678
6.004236,-1.027619,-0.008026,-9.600273,-0.1216820,-0.1670786,-0.4050469
6.011180,-1.038707,-0.029805,-9.596709,-0.1250995,-0.1670479,-0.4035532
6.018120,-1.043482,-0.028144,-9.598830,-0.1273116,-0.1670992,-0.4015107
6.032054,-1.060376,-0.052288,-9.595411,-0.1284300,-0.1672903,-0.3969456
6.038978,-1.057678,-0.021873,-9.604379,-0.1278934,-0.1673682,-0.3948829
6.045996,-1.079030,-0.082560,-9.589807,-0.1270444,-0.1674137,-0.3931722
6.052843,-1.055913,0.025191,-9.618613,-0.1261306,-0.1674256,-0.3918900
6.066797,-1.098061,-0.093828,-9.589495,-0.1246776,-0.1673787,-0.3906525
6.073654,-1.074985,0.014560,-9.618389,-0.1242374,-0.1673405,-0.3906171
6.080721,-1.115206,-0.118449,-9.584454,-0.1239685,-0.1673047,-0.3908741
6.087563,-1.085153,0.023769,-8.658051,-0.0962155,-0.1695709,-0.4014019
6.094594,-1.122478,-0.093952,-8.004715,-0.0630424,-0.1720353,-0.4146317
6.108375,-1.054897,0.216663,-7.193693,-0.0091913,-0.1752118,-0.4424049
6.115453,-1.149046,-0.122797,-6.772369,0.0095893,-0.1776409,-0.4885495
6.122290,-1.116713,0.027557,-6.380395,0.0211175,-0.1792473,-0.5411029
6.129255,-1.144312,-0.054079,-6.230962,0.0262426,-0.1799732,-0.5939620
6.143161,-1.153874,-0.039786,-6.116858,0.0239228,-0.1796692,-0.6828326
6.150064,-1.154875,-0.017489,-6.137962,0.0199310,-0.1792670,-0.7135726
6.157384,-1.227066,-0.263338,-6.505974,0.0296103,-0.1823356,-0.7473915
6.164042,-1.125842,0.141457,-6.519941,0.0419495,-0.1857338,-0.7747129
6.177877,-1.195212,-0.062096,-6.949504,0.0639081,-0.1906221,-0.8066434
6.184867,-1.204857,-0.069402,-7.093481,0.0707204,-0.1916114,-0.8116861
6.191759,-1.195944,-0.010189,-7.200695,0.0745688,-0.1918198,-0.8107400
6.198708,-1.213081,-0.044208,-7.323419,0.0760226,-0.1915356,-0.8051945
6.212610,-1.232252,-0.057651,-7.514501,0.0747966,-0.1905217,-0.7862525
6.219598,-1.242878,-0.068411,-7.594878,0.0734785,-0.1901255,-0.7755879
6.226466,-1.229743,0.003593,-7.671966,0.0803237,-0.1928952,-0.7737162
6.233486,-1.263515,-0.086565,-7.765392,0.0885284,-0.1960381,-0.7753472
6.240380,-1.249701,-0.012479,-7.814776,0.0964086,-0.1989337,-0.7795719
6.254235,-1.264800,-0.010604,-7.912899,0.1071028,-0.2024669,-0.7920853
6.261168,-1.280033,-0.039072,-8.202975,0.0358547,-0.1981282,-0.7987272
6.268163,-1.298743,-0.078598,-8.288397,-0.0363099,-0.1980273,-0.8047760
6.275112,-1.298939,-0.056010,-8.349148,-0.1017692,-0.1994260,-0.8098190
6.289009,-1.309552,-0.042673,-8.439012,-0.1828627,-0.2057824,-0.8161190
6.296105,-1.348110,-0.142935,-8.475320,-0.1976562,-0.2093015,-0.8173663
6.303443,-1.395581,-0.270914,-8.505549,-0.1997565,-0.2122223,-0.8175260
6.309850,-1.236137,0.276453,-8.522806,-0.1937894,-0.2142147,-0.8168204
6.316825,-1.352259,-0.073675,-8.547825,-0.1839971,-0.2152063,-0.8155015
6.330760,-1.383241,-0.117303,-8.581854,-0.1647987,-0.2148201,-0.8120083
6.337600,-1.353523,0.006598,-8.596495,-0.1584758,-0.2139735,-0.8102544
6.344531,-1.378395,-0.045263,-8.608243,-0.1548316,-0.2130427,-0.8087038
6.351523,-1.397550,-0.079395,-8.618497,-0.1534911,-0.2122198,-0.8074510
6.365444,-1.421072,-0.099414,-8.635596,-0.1551280,-0.2112760,-0.8059874
6.372340,-1.406073,-0.024272,-8.644322,-0.1568364,-0.2111775,-0.8057560
6.379445,-1.443729,-0.116924,-8.648758,-0.1585280,-0.2112707,-0.8058010
6.386482,-1.440968,-0.080651,-8.655265,-0.1599289,-0.2114871,-0.8060588
6.393255,-1.408845,0.051289,-8.674192,-0.1196209,-0.2125830,-0.8064564
6.407138,-1.456874,-0.040717,-8.696115,-0.0244975,-0.2142286,-0.8074175
6.414454,-1.528625,-0.236127,-8.698428,0.0116730,-0.2139221,-0.8078750
6.421002,-1.393983,0.213718,-8.721326,0.0354787,-0.2129372,-0.8082688
6.427998,-1.492310,-0.064705,-8.718188,0.0473948,-0.2116054,-0.8085746
6.441852,-1.473301,0.048131,-8.733897,0.0467545,-0.2091973,-0.8089030
6.448886,-1.524973,-0.083856,-8.734396,0.0403820,-0.2085414,-0.8089374
6.455725,-1.498638,0.023008,-8.743051,0.0333437,-0.2083254,-0.8089033
6.462769,-1.543817,-0.087927,-8.743471,0.0271908,-0.2084785,-0.8088190
6.476559,-1.538679,-0.019977,-8.753875,0.0200651,-0.2093851,-0.8085721
6.483527,-1.554945,-0.043586,-8.759626,0.0747133,-0.2355726,-0.8084417
6.490514,-1.565316,-0.049080,-8.765148,0.1325054,-0.2615429,-0.8083234
6.497440,-1.561786,-0.012746,-8.769566,0.1842753,-0.2835540,-0.8082250
6.511278,-1.568933,0.019465,-8.771600,0.2468996,-0.3071147,-0.8081030
6.518293,-1.602746,-0.053091,-8.770219,0.2575945,-0.3095678,-0.8080793
6.525200,-1.591118,0.008520,-8.773062,0.2584566,-0.3080575,-0.8080769
6.532181,-1.615075,-0.034786,-8.774321,0.2533337,-0.3044974,-0.8080912
6.539305,-1.647927,-0.104091,-8.775921,0.2456261,-0.3004298,-0.8081173
6.553023,-1.639418,-0.026091,-8.781940,0.2315535,-0.2943919,-0.8081861
6.559910,-1.633754,0.014371,-8.759212,0.2463901,-0.3089761,-0.8082204
6.566898,-1.658922,-0.033930,-8.744469,0.2631842,-0.3240459,-0.8082508
6.580826,-1.664369,-0.000186,-8.730054,0.2917351,-0.3475145,-0.8082928
6.587705,-1.665223,0.022647,-8.727857,0.3000364,-0.3535588,-0.8083034
6.594644,-1.683537,-0.004614,-8.729463,0.3043362,-0.3561357,-0.8083078
6.601614,-1.697130,-0.018641,-8.733022,0.3055318,-0.3561784,-0.8083068
6.608591,-1.708395,-0.028010,-8.665246,0.1862685,-0.3316340,-0.8083017
6.622415,-1.716441,-0.010648,-8.838573,-0.1522023,-0.2588755,-0.8082846
6.629411,-1.741186,-0.061959,-8.850132,-0.2797861,-0.2338960,-0.8082750
6.636354,-1.736958,-0.028392,-8.848993,-0.3634865,-0.2198502,-0.8082660
6.643352,-1.758037,-0.068498,-8.846213,-0.4049413,-0.2154967,-0.8082584
6.657189,-1.747590,0.008742,-8.848394,-0.4014857,-0.2238024,-0.8082483
6.664231,-1.786417,-0.083656,-8.851621,-0.3787159,-0.2306375,-0.8082460
6.671064,-1.761617,0.015069,-8.857022,-0.3538924,-0.2365595,-0.8082454
6.678776,-1.890505,-0.352212,-8.857066,-0.3324603,-0.2406564,-0.8082460
6.684992,-1.671016,0.341507,-8.871254,-0.3170931,-0.2427556,-0.8082477
6.698880,-1.813185,-0.045474,-8.874230,-0.3052028,-0.2424517,-0.8082525
6.706021,-1.842959,-0.113705,-8.876120,-0.2470328,-0.2557132,-0.8082552
6.712920,-1.814389,-0.000001,-8.884289,-0.1822389,-0.2690465,-0.8082574
6.719760,-1.812030,0.032640,-8.889791,-0.1239557,-0.2801235,-0.8082594
6.734081,-1.903801,-0.207665,-8.890952,-0.0533117,-0.2908177,-0.8082617
6.740495,-1.765820,0.253195,-8.903955,-0.0414176,-0.2911542,-0.8082622
6.747640,-1.883529,-0.096768,-8.900058,-0.0407938,-0.2895593,-0.8082622
6.754415,-1.838149,0.070734,-8.907285,-0.0471096,-0.2871433,-0.8082619
6.761340,-1.867122,0.000913,-8.909479,-0.0564844,-0.2847609,-0.8082613
6.775273,-1.878765,0.008006,-8.916604,-0.0739273,-0.2818482,-0.8082600
6.782257,-1.895644,-0.024426,-8.919189,-0.0794306,-0.2814828,-0.8082593
6.789114,-1.884733,0.032570,-8.923494,-0.0824924,-0.2816599,-0.8082587
6.796141,-1.914301,-0.041839,-8.925145,-0.0835344,-0.2821567,-0.8082582
6.809931,-1.907975,0.021698,-8.932512,-0.0820542,-0.2833352,-0.8082576
6.816946,-1.931411,-0.034087,-8.934494,-0.0806791,-0.2837741,-0.8082575
6.823880,-1.927379,-0.000940,-8.998499,-0.1186852,-0.2757977,-0.8082576
6.830889,-1.943112,-0.033196,-9.040264,-0.1588308,-0.2676792,-0.8082576
6.844750,-1.955945,-0.037002,-9.104182,-0.2212853,-0.2565335,-0.8082582
6.851690,-1.953073,-0.008433,-9.130411,-0.2375667,-0.2544962,-0.8082583
6.858643,-1.960731,-0.014769,-9.150122,-0.2446441,-0.2543426,-0.8082585
6.865629,-1.970247,-0.027609,-9.166197,-0.2449156,-0.2553658,-0.8082587
6.879464,-1.983905,-0.035862,-9.192986,-0.2355360,-0.2583618,-0.8082588
6.886466,-1.987588,-0.033454,-9.360657,-0.3361869,-0.2423105,-0.8082590
6.893369,-1.983111,-0.002210,-9.475496,-0.4278878,-0.2261912,-0.8082588
6.900376,-2.002275,-0.052805,-9.550587,-0.5049292,-0.2130289,-0.8082588
6.907287,-1.995913,-0.014052,-9.626567,-0.5585633,-0.2046400,-0.8082588
6.921228,-2.019464,-0.063178,-9.711098,-0.5977160,-0.2009866,-0.8082587
6.928109,-2.007057,-0.002005,-9.766571,-0.5936231,-0.2031346,-0.8082584
6.935111,-2.026977,-0.055507,-9.782685,-0.5822151,-0.2060520,-0.8082588
6.941982,-2.015038,0.004978,-9.829407,-0.5687277,-0.2087308,-0.8082586
6.955986,-2.035671,-0.032306,-9.913595,-0.4852053,-0.2216986,-0.8082586
6.962849,-2.026535,0.019766,-9.988582,-0.4196333,-0.2317455,-0.8082587
6.969803,-2.042240,-0.018738,-10.021497,-0.3666943,-0.2390984,-0.8082585
6.976743,-2.044851,-0.009953,-10.064824,-0.3316732,-0.2430340,-0.8082587
6.990560,-2.039170,0.047850,-10.170355,-0.2055563,-0.2650851,-0.8082586
6.997546,-2.061061,-0.013835,-10.183003,-0.0909794,-0.2849896,-0.8082586
7.004660,-2.079962,-0.064433,-10.188532,0.0072829,-0.3002974,-0.8082585
7.011493,-2.033916,0.124836,-10.293223,0.0779808,-0.3092815,-0.8082585
7.018476,-2.072139,0.002677,-10.253971,0.1162868,-0.3120512,-0.8082585
7.032393,-2.081016,0.003866,-10.282679,0.1240628,-0.3068546,-0.8082585
7.039378,-2.085434,0.003386,-10.308630,0.1304138,-0.3063243,-0.8082585
7.046339,-2.077476,0.047656,-10.349676,0.1357375,-0.3063867,-0.8082585
7.053319,-2.093052,0.006484,-10.346245,0.1400800,-0.3069058,-0.8082585
7.067285,-2.112456,-0.036107,-10.350464,0.1449478,-0.3081946,-0.8082584
7.074083,-2.082782,0.087448,-10.422360,0.1457670,-0.3086684,-0.8082584
7.081139,-2.116486,-0.022754,-10.375154,0.1459429,-0.3089713,-0.8082585
7.087988,-2.096445,0.064076,-10.426621,0.1458068,-0.3091251,-0.8082584
7.094915,-2.109068,0.031424,-10.416085,0.1456150,-0.3091721,-0.8082585
7.108953,-2.110553,0.051310,-10.436351,0.1456238,-0.3091168,-0.8082586
7.115920,-2.116950,0.039907,-10.434464,0.1459079,-0.3090772,-0.8082587
7.122796,-2.116693,0.053518,-10.445128,0.1463368,-0.3090509,-0.8082585
7.129760,-2.129573,0.018218,-10.429483,0.1468613,-0.3090415,-0.8082585
7.143834,-2.149830,-0.032111,-10.709861,0.1215773,-0.2890391,-0.8082584
7.150582,-2.116806,0.102535,-11.019038,0.0913574,-0.2685089,-0.8082585
7.157490,-2.137974,0.036555,-11.153424,0.0642553,-0.2511329,-0.8082585
7.164459,-2.147672,0.012392,-11.285405,0.0446416,-0.2393424,-0.8082584
7.178320,-2.143863,0.044239,-11.425997,0.0606012,-0.2436505,-0.8082586
7.185378,-2.161326,-0.014006,-11.662126,0.0959555,-0.2626076,-0.8082587
7.192245,-2.141995,0.060938,-11.943558,0.1297335,-0.2808635,-0.8082585
7.199170,-2.148959,0.042093,-12.090737,0.1554748,-0.2948531,-0.8082586
7.206107,-2.151356,0.039859,-12.228105,0.1710130,-0.3031712,-0.8082585
7.220153,-2.167291,-0.002349,-12.385891,0.1766808,-0.3055923,-0.8082585
7.226953,-2.143090,0.092581,-12.598973,0.1723277,-0.3028550,-0.8082585
7.233993,-2.168819,0.007966,-12.546851,0.1667559,-0.2995249,-0.8082584
7.240867,-2.156757,0.063696,-12.607424,0.1295682,-0.2740297,-0.8082584
7.254929,-2.179201,0.003889,-12.512842,0.0555181,-0.2292272,-0.8082584
7.261699,-2.156083,0.094740,-12.640909,0.0330108,-0.2169030,-0.8082584
7.268700,-2.179882,0.015484,-12.518269,0.0219625,-0.2116917,-0.8082584
7.275548,-2.166759,0.067707,-12.588672,0.0199990,-0.2117528,-0.8082584
7.289507,-2.174498,0.048581,-12.545976,0.0300296,-0.2188980,-0.8082585
7.296440,-2.176718,0.045055,-12.533417,0.0364091,-0.2225981,-0.8082585
7.303402,-2.180087,0.037508,-12.514941,0.0414731,-0.2252022,-0.8082584
7.310278,-2.172845,0.067212,-12.553014,0.0446815,-0.2265443,-0.8082584
7.324265,-2.186828,0.026686,-12.478406,0.0462476,-0.2263709,-0.8082585
7.331179,-2.178821,0.057612,-12.737225,0.0218529,-0.2181009,-0.8082585
7.338077,-2.178322,0.062300,-12.892046,-0.0064890,-0.2096408,-0.8082586
7.344984,-2.179971,0.058954,-13.008080,-0.0313363,-0.2028702,-0.8082586
7.352037,-2.193586,0.014756,-13.026584,-0.0486967,-0.1987220,-0.8082585
7.365917,-2.187302,0.040021,-13.217008,-0.0602653,-0.1972703,-0.8082587
7.372850,-2.182987,0.056338,-13.300071,-0.0581897,-0.1984285,-0.8082587
7.379773,-2.183416,0.062281,-13.386056,-0.0523809,-0.1820496,-0.8011595
7.386828,-2.196667,0.025419,-13.368824,-0.0457441,-0.1640082,-0.7922388
7.400692,-2.196656,0.037259,-13.475661,-0.0358060,-0.1375989,-0.7735078
7.407553,-2.181098,0.091167,-13.619920,-0.0335280,-0.1319155,-0.7654371
7.414560,-2.194279,0.049512,-13.554470,-0.0328139,-0.1304068,-0.7589573
7.421466,-2.184467,0.081731,-13.642369,-0.0331746,-0.1316068,-0.7543021
7.435364,-2.193527,0.052678,-13.601476,-0.0351770,-0.1366699,-0.7503750
7.442216,-2.177372,0.103798,-13.720794,-0.0361306,-0.1387373,-0.7506838
7.449263,-2.194587,0.050293,-13.603670,-0.0368254,-0.1399951,-0.7520799
7.456119,-2.176343,0.107654,-13.732234,-0.0372341,-0.1404646,-0.7542012
7.463096,-2.186892,0.075422,-13.656698,-0.0373987,-0.1403330,-0.7566997
7.476954,-2.177578,0.105011,-13.712671,-0.0372981,-0.1392141,-0.7616644
7.483979,-2.190251,0.071197,-13.683645,-0.0291666,-0.1273825,-0.7509724
7.490919,-2.182814,0.097926,-13.780020,-0.0193714,-0.1143790,-0.7365544
7.497925,-2.189019,0.083466,-13.772026,-0.0106535,-0.1032594,-0.7205141
7.511731,-2.141989,0.223661,-14.149578,-0.0010651,-0.0917006,-0.6902519
7.518704,-2.184604,0.100576,-13.860967,-0.0000645,-0.0907390,-0.6784444
7.525614,-2.177567,0.120172,-13.917583,-0.0006440,-0.0916560,-0.6696520
7.532575,-2.181623,0.108403,-13.893291,-0.0020029,-0.0934121,-0.6640062
7.546462,-2.181990,0.107056,-13.890581,-0.0047709,-0.0966237,-0.6612090
7.553468,-2.183193,0.103940,-13.879273,-0.0056105,-0.0974392,-0.6631039
7.560815,-2.213617,0.022401,-13.664092,-0.0060215,-0.0976980,-0.6664038
7.567397,-2.135227,0.233709,-14.198956,-0.0060933,-0.0975377,-0.6705267
7.581266,-2.179708,0.115616,-13.873429,-0.0057144,-0.0966469,-0.6790662
7.588168,-2.169098,0.146547,-13.975275,0.0066223,-0.0888473,-0.6704889
7.595058,-2.167683,0.153502,-14.006516,0.0207884,-0.0800771,-0.6580375
7.602054,-2.177878,0.130305,-13.952669,0.0330484,-0.0724853,-0.6436718
7.609025,-2.174886,0.139879,-13.983126,0.0414815,-0.0672189,-0.6290962
7.622886,-2.161408,0.174750,-14.081680,0.0468737,-0.0636713,-0.6043250
7.629821,-2.168722,0.156526,-14.030138,0.0457872,-0.0642153,-0.5956431
7.636836,-2.175759,0.139351,-13.978695,0.0437357,-0.0653631,-0.5898161
7.643683,-2.157742,0.182706,-14.095056,0.0416034,-0.0665758,-0.5867444
7.657572,-2.161791,0.175352,-14.016039,0.0392256,-0.0575775,-0.5576580
7.664567,-2.172958,0.152515,-13.919151,0.0393977,-0.0456029,-0.5225254
7.671527,-2.169834,0.162718,-13.919285,0.0400628,-0.0350256,-0.4853094
7.678439,-2.165294,0.175398,-13.929589,0.0408610,-0.0276168,-0.4497977
7.692356,-2.165726,0.177729,-13.851070,0.0420799,-0.0226073,-0.3941132
7.699307,-2.170260,0.169126,-13.797414,0.0424029,-0.0233980,-0.3765718
7.706203,-2.164810,0.182684,-13.812536,0.0425688,-0.0250531,-0.3661920
7.713143,-2.169916,0.173156,-13.767347,0.0426237,-0.0267993,-0.3623435
7.720204,-2.182716,0.147973,-13.503010,0.0493034,-0.0287521,-0.3559070
7.734082,-2.176891,0.166148,-13.323233,0.0630991,-0.0310643,-0.3480929
7.740899,-2.159201,0.206213,-13.361238,0.0674118,-0.0312888,-0.3466737
7.747943,-2.184175,0.156494,-13.188784,0.0696034,-0.0310692,-0.3466520
7.754797,-2.164304,0.200330,-13.274115,0.0701001,-0.0306057,-0.3477267
7.768915,-2.180203,0.172248,-13.177542,0.0684786,-0.0296005,-0.3518243
7.775691,-2.158718,0.218536,-13.295442,0.0674092,-0.0292388,-0.3542217
7.782642,-2.178425,0.180723,-13.197063,0.0665815,-0.0289999,-0.3565088
7.789560,-2.175752,0.188352,-13.219786,0.0660936,-0.0288613,-0.3585045
7.796491,-2.177692,0.188158,-12.842900,0.0886873,-0.0309156,-0.3316329
7.810871,-2.010615,0.522321,-13.152523,0.1347706,-0.0347707,-0.2313620
7.817836,-2.185330,0.183783,-12.317173,0.1478639,-0.0361091,-0.1764108
7.824732,-2.180292,0.196871,-12.285186,0.1543227,-0.0371470,-0.1249059
7.831735,-2.194171,0.173438,-12.205938,0.1555491,-0.0378593,-0.0807151
7.845725,-2.181990,0.204636,-12.271647,0.1500325,-0.0383083,-0.0221091
7.852657,-2.196980,0.180250,-12.239841,0.1466133,-0.0381711,-0.0088832
7.859553,-2.197047,0.184845,-12.277037,0.1439662,-0.0379291,-0.0050261
7.866587,-2.214634,0.155856,-12.244451,0.1423775,-0.0376686,-0.0088426
7.880406,-2.209536,0.171644,-11.263464,0.1228519,-0.0492088,-0.0053277
7.887388,-2.219296,0.156517,-10.976462,0.1148940,-0.0545940,-0.0002341
7.894327,-2.218686,0.161951,-10.818130,0.1097453,-0.0583685,0.0059085
7.901297,-2.225506,0.153786,-10.718067,0.1073512,-0.0604028,0.0123211
7.915170,-2.237634,0.141083,-10.669243,0.1081612,-0.0606255,0.0235936
7.922134,-2.236786,0.148822,-10.705719,0.1097997,-0.0597774,0.0277024
7.929059,-2.237356,0.152437,-10.716502,0.0927983,-0.0577627,0.0355462
7.936056,-2.247799,0.135885,-10.729806,0.0725110,-0.0557463,0.0450366
7.942972,-2.244714,0.146795,-10.788729,0.0542729,-0.0540911,0.0549645
7.956787,-2.248364,0.150247,-10.906960,0.0334795,-0.0523159,0.0724562
7.963883,-2.272068,0.107216,-10.910789,0.0308271,-0.0521082,0.0788491
7.970709,-2.253301,0.152594,-11.030297,0.0316049,-0.0521987,0.0833244
7.977691,-2.270597,0.122724,-11.045741,0.0342362,-0.0524548,0.0858992
7.991532,-2.275208,0.126057,-11.153491,0.0402392,-0.0530368,0.0861941
7.998587,-2.287991,0.104659,-11.166645,0.0422752,-0.0532344,0.0845715
8.005489,-2.279856,0.129450,-11.246655,0.0434155,-0.0533415,0.0822648
8.012393,-2.283848,0.127119,-11.281203,0.0437847,-0.0533684,0.0796294
8.026283,-2.292623,0.118856,-10.691480,0.0404598,-0.0632928,0.0797411
8.033309,-2.303270,0.099131,-10.273499,0.0367507,-0.0743837,0.0855832
8.040284,-2.299794,0.112840,-10.013421,0.0334334,-0.0841717,0.0933689
8.047313,-2.310569,0.093959,-9.835341,0.0310889,-0.0910808,0.1018752
8.061041,-2.305065,0.123816,-9.705957,0.0293730,-0.0963141,0.1176995
8.068142,-2.327328,0.075355,-9.686676,0.0295621,-0.0958999,0.1238237
8.074942,-2.312110,0.124891,-9.723257,0.0300642,-0.0945468,0.1283421
8.081965,-2.330058,0.085317,-8.755758,0.0598093,-0.1145492,0.1544801
8.088884,-2.327549,0.101923,-8.126263,0.0915918,-0.1356967,0.1872815
8.102742,-2.341541,0.083431,-7.512950,0.1398308,-0.1684324,0.2560287
8.109600,-2.339272,0.104411,-7.356665,0.1521315,-0.1772296,0.2856286
8.116629,-2.353772,0.072263,-7.376167,0.1574381,-0.1814132,0.3093773
8.123504,-2.352149,0.094482,-7.362264,0.1576607,-0.1821261,0.3264225
8.137590,-2.374600,0.046097,-7.604293,0.1507789,-0.1781651,0.3407550
8.144382,-2.365581,0.100912,-7.190442,0.1739013,-0.1962179,0.3635494
8.151335,-2.377695,0.068685,-7.083226,0.1983131,-0.2149962,0.3884232
8.158252,-2.381782,0.071693,-7.001591,0.2205921,-0.2321084,0.4127399
8.165237,-2.389432,0.057715,-7.022704,0.2377448,-0.2453706,0.4344417
8.179045,-2.398483,0.068322,-7.106229,0.2546269,-0.2588011,0.4651584
8.186086,-2.407500,0.039649,-7.255768,0.2561144,-0.2602200,0.4733159
8.193645,-2.419171,-0.034699,-7.504923,0.2548578,-0.2594915,0.4769514
8.199965,-2.410826,0.150246,-7.252010,0.2522236,-0.2576377,0.4767241
8.213825,-2.427806,0.051970,-7.658719,0.2467040,-0.2535397,0.4682099
8.220838,-2.432675,0.029204,-7.801372,0.2448635,-0.2521294,0.4617876
8.227720,-2.437736,0.045567,-7.873168,0.2438315,-0.2513222,0.4550525
8.234793,-2.440692,0.016131,-8.010152,0.2435115,-0.2510591,0.4486760
8.241635,-2.446969,0.046648,-8.050126,0.2437184,-0.2512084,0.4431511
8.255469,-2.454304,0.035427,-8.215747,0.2449182,-0.2521538,0.4357231
8.262395,-2.457211,0.027259,-8.198396,0.2249055,-0.2545726,0.4330847
8.269464,-2.456989,0.005378,-8.225317,0.2030057,-0.2569546,0.4313909
8.276451,-2.463367,0.020479,-8.214559,0.1829820,-0.2589436,0.4305875
8.290280,-2.471298,0.023562,-8.255520,0.1587583,-0.2609751,0.4311309
8.297171,-2.473624,0.019601,-8.290428,0.1545571,-0.2611870,0.4321238
8.304182,-2.471171,0.002672,-8.344454,0.1542166,-0.2611016,0.4333563
8.311084,-2.478051,0.015492,-8.359520,0.1562962,-0.2609026,0.4346657
8.318061,-2.475030,0.002728,-8.853332,0.1343070,-0.2746268,0.4948595
8.332112,-2.467479,-0.027624,-9.053292,0.0859972,-0.3019644,0.6501557
8.338891,-2.490266,0.017233,-9.085342,0.0693113,-0.3110294,0.7269991
8.345796,-2.484579,-0.002191,-9.132099,0.0598352,-0.3159849,0.7943814
8.352886,-2.474395,-0.027756,-9.166594,0.0567016,-0.3175696,0.8483303
8.366703,-2.485421,-0.012944,-8.784925,0.1063049,-0.3105923,0.9100808
8.373598,-2.496332,-0.001649,-7.076374,0.1557311,-0.3041878,0.9190615
8.380488,-2.499799,-0.000405,-5.929626,0.1987967,-0.2996316,0.9161581
8.387698,-2.474221,-0.041470,-5.358631,0.2305201,-0.2973094,0.9042194
8.394456,-2.514191,0.016916,-4.581177,0.2500640,-0.2968051,0.8862809
8.408326,-2.498417,-0.005217,-4.294426,0.2600761,-0.2986532,0.8437136
8.415598,-2.461384,-0.050939,-4.548400,0.2561972,-0.2999492,0.8236827
8.422242,-2.523379,0.027278,-4.137585,0.2499545,-0.3010728,0.8066336
8.429179,-2.488491,-0.013115,-4.484608,0.2433039,-0.3018968,0.7934444
8.443035,-2.487360,-0.010802,-4.765563,0.2332121,-0.3026316,0.7795577
8.450063,-2.467191,-0.030055,-5.035612,0.2305708,-0.3026771,0.7782982
8.456901,-2.485534,-0.009312,-5.086631,0.2294223,-0.3026358,0.7799976
8.463886,-2.463079,-0.029597,-5.352658,0.2294334,-0.3025972,0.7838588
8.477748,-2.462707,-0.024245,-5.946309,0.2522370,-0.2973157,0.7948571
8.484788,-2.439050,-0.042142,-6.370296,0.2745487,-0.2921633,0.8005879
8.491626,-2.459720,-0.021407,-6.552386,0.2946897,-0.2878976,0.8057576
8.498612,-2.433396,-0.041000,-6.827949,0.3102219,-0.2850788,0.8100253
8.512519,-2.426892,-0.042353,-7.090455,0.3257500,-0.2836559,0.8152487
8.519487,-2.414435,-0.050430,-7.196033,0.3272457,-0.2843776,0.8162209
8.526356,-2.421414,-0.044947,-7.226823,0.3262045,-0.2855051,0.8162680
8.533376,-2.391497,-0.064984,-7.295336,0.3238348,-0.2867014,0.8155871
8.540308,-2.397447,-0.064120,-6.932660,0.2883343,-0.2754433,0.8143979
8.554284,-2.359962,-0.092128,-6.596963,0.2149543,-0.2512155,0.8113424
8.561046,-2.401273,-0.070423,-6.346744,0.1875017,-0.2413588,0.8098341
8.568066,-2.351556,-0.100084,-6.413355,0.1691448,-0.2341978,0.8085131
8.575012,-2.353618,-0.100099,-6.354184,0.1593220,-0.2297745,0.8074571
8.588972,-2.334576,-0.111887,-6.366060,0.1580292,-0.2274857,0.8062522
8.595876,-2.330569,-0.114867,-6.373992,0.1623462,-0.2284317,0.8060799
8.602921,-2.297354,-0.132129,-6.472678,0.1675949,-0.2300016,0.8061406
8.609779,-2.316955,-0.123865,-6.422749,0.1725828,-0.2317462,0.8063776
8.623681,-2.292058,-0.138746,-6.509864,0.1794287,-0.2346497,0.8071457
8.630597,-2.273947,-0.148787,-6.567094,0.1810311,-0.2355581,0.8075692
8.637547,-2.256358,-0.158515,-6.620312,0.1816362,-0.2360919,0.8079620
8.644503,-2.243871,-0.167442,-6.580420,0.1550197,-0.2345852,0.8082958
8.658368,-2.240783,-0.177542,-6.505138,0.0914667,-0.2306465,0.8087288
8.665427,-2.190048,-0.200782,-6.613030,0.0659813,-0.2285013,0.8088236
8.672319,-2.218128,-0.194502,-6.519996,0.0478841,-0.2265030,0.8088468
8.679260,-2.184931,-0.210466,-6.591250,0.0375388,-0.2248650,0.8088120
8.686249,-2.163817,-0.221694,-6.632883,0.0334296,-0.2236567,0.8087352
8.700193,-2.126201,-0.241707,-6.704959,0.0368157,-0.2225820,0.8085185
8.707040,-2.149460,-0.237588,-6.636343,0.0409551,-0.2226026,0.8084062
8.713975,-2.119811,-0.251346,-6.697526,0.0450790,-0.2228654,0.8083051
8.721077,-2.076278,-0.270713,-7.015292,0.0178506,-0.2233460,0.8082219
8.735014,-2.032053,-0.296428,-7.144174,-0.0471119,-0.2240545,0.8081206
8.741763,-2.098517,-0.281638,-7.011254,-0.0734966,-0.2237414,0.8081021
8.748747,-2.040401,-0.305345,-7.138738,-0.0921402,-0.2229831,0.8081015
8.755660,-2.038800,-0.311222,-7.143140,-0.1030491,-0.2219664,0.8081153
8.769533,-1.993548,-0.334880,-7.372570,-0.0946241,-0.2115948,0.8081680
8.776445,-1.995484,-0.338976,-7.411641,-0.0852247,-0.2069855,0.8081989
8.783461,-1.961552,-0.354178,-7.505054,-0.0760034,-0.2036037,0.8082284
8.790369,-1.966483,-0.357625,-7.521017,-0.0685002,-0.2015861,0.8082542
8.797247,-1.956898,-0.365597,-7.555164,-0.0633730,-0.2007736,0.8082749
8.811188,-1.957252,-0.376503,-7.574878,-0.0598628,-0.2014528,0.8082982
8.818228,-1.880414,-0.404633,-7.742310,-0.0488793,-0.1995515,0.8083014
8.825317,-1.856171,-0.416926,-7.806112,-0.0361748,-0.1973981,0.8083000
8.832167,-1.896298,-0.410450,-7.765925,-0.0243273,-0.1954113,0.8082952
8.845962,-1.856643,-0.433461,-7.848562,-0.0093768,-0.1931013,0.8082801
8.852949,-1.811472,-0.452149,-7.917988,-0.0064747,-0.1927588,0.8082718
8.859889,-1.804172,-0.460510,-7.929692,-0.0059251,-0.1927802,0.8082642
8.866975,-1.761164,-0.478418,-7.987483,-0.0069411,-0.1929963,0.8082578
8.880698,-1.755607,-0.493602,-7.984981,-0.0108232,-0.1934814,0.8082494
8.887707,-1.726479,-0.507818,-8.016338,-0.0126861,-0.1936000,0.8082476
8.894600,-1.732023,-0.513762,-7.999861,-0.0141456,-0.1936084,0.8082471
8.901633,-1.689149,-0.531163,-8.046193,-0.0151362,-0.1935227,0.8082479
8.908489,-1.706208,-0.534529,-8.321419,-0.0121776,-0.1934026,0.8082493
8.922385,-1.674330,-0.556580,-8.716096,-0.0037867,-0.1934191,0.8082536
8.929361,-1.632662,-0.572999,-8.885758,-0.0002769,-0.1934939,0.8082557
8.936340,-1.615278,-0.584304,-9.012543,0.0021611,-0.1935740,0.8082577
8.943245,-1.612626,-0.593020,-9.111860,0.0034917,-0.1936308,0.8082594
8.957101,-1.590400,-0.614138,-9.273716,0.0036291,-0.1936001,0.8082614
8.964091,-1.545689,-0.630433,-9.346749,0.0029966,-0.1935024,0.8082617
8.971025,-1.539621,-0.640290,-9.396480,0.0022354,-0.1933596,0.8082617
8.977954,-1.523642,-0.651716,-9.440878,0.0015184,-0.1931867,0.8082615
8.991807,-1.497105,-0.673794,-9.622140,0.0044439,-0.1923946,0.8082604
8.998817,-1.457226,-0.688192,-9.688328,0.0062180,-0.1920673,0.8082598
9.005791,-1.447123,-0.698861,-9.741477,0.0076724,-0.1918306,0.8082592
9.012659,-1.450911,-0.708172,-9.786521,0.0086542,-0.1916810,0.8082587
9.026666,-1.386632,-0.734253,-9.854689,0.0092708,-0.1915482,0.8082579
9.033577,-1.391521,-0.744066,-9.882545,0.0091162,-0.1915103,0.8082578
9.040556,-1.361494,-0.755845,-9.872025,0.0149241,-0.1907157,0.7771493
9.047406,-1.370725,-0.764616,-9.880770,0.0215723,-0.1898989,0.7380597
9.061287,-1.380306,-0.782131,-9.897969,0.0317690,-0.1885953,0.6560014
9.068292,-1.295193,-0.794087,-9.897312,0.0341897,-0.1881727,0.6206346
9.075235,-1.293098,-0.802155,-9.903644,0.0349658,-0.1878952,0.5922367
9.082140,-1.287032,-0.810207,-9.909731,0.0345490,-0.1877385,0.5718346
9.089083,-1.266165,-0.818394,-9.914566,0.0334498,-0.1876672,0.5595145
9.103038,-1.239438,-0.834095,-9.925996,0.0308921,-0.1876287,0.5559702
9.109969,-1.228882,-0.842117,-9.931484,0.0299588,-0.1876041,0.5620855
9.116929,-1.210214,-0.849259,-9.887414,0.0353022,-0.1853483,0.5416657
9.123930,-1.189503,-0.855868,-9.861157,0.0417339,-0.1829295,0.5149421
9.137800,-1.172087,-0.868413,-9.736334,0.0521722,-0.1791117,0.4570208
9.144724,-1.169456,-0.874579,-9.701278,0.0549119,-0.1780394,0.4314705
9.151666,-1.154853,-0.879899,-9.679502,0.0560499,-0.1774831,0.4106081
9.158566,-1.152406,-0.885650,-9.666675,0.0559772,-0.1773197,0.3952821
9.172476,-1.124911,-0.893786,-9.404127,0.0619190,-0.1695881,0.3095486
9.179411,-1.117065,-0.897301,-9.337903,0.0645150,-0.1659970,0.2605156
9.186496,-1.078941,-0.897391,-9.307541,0.0662993,-0.1632316,0.2142186
9.193322,-1.123833,-0.904043,-9.267322,0.0672113,-0.1614087,0.1742062
9.200331,-1.078794,-0.902197,-9.272680,0.0673743,-0.1604433,0.1426975
9.214171,-1.075310,-0.904515,-9.223759,0.0802596,-0.1694019,0.0951217
9.221192,-1.055448,-0.902627,-9.205505,0.0951010,-0.1794917,0.0701281
9.228056,-1.081054,-0.905384,-9.183910,0.1085178,-0.1884961,0.0476775
9.235200,-1.017944,-0.897932,-9.209068,0.1185760,-0.1951215,0.0292279
9.248918,-1.042129,-0.900090,-9.219494,0.1274853,-0.2006617,0.0068584
9.255832,-1.047833,-0.900722,-9.234031,0.1276456,-0.2005527,0.0028196
9.262812,-1.028420,-0.897993,-9.259821,0.1262527,-0.1994414,0.0027898
9.269725,-1.037460,-0.899126,-9.276536,0.1242022,-0.1979325,0.0058987
9.283707,-1.002431,-0.894127,-9.326735,0.1205161,-0.1952853,0.0176973
9.290561,-1.033790,-0.899002,-9.335871,0.1194529,-0.1945054,0.0245882
9.297538,-1.001288,-0.894285,-9.362177,0.1189667,-0.1941146,0.0311571
9.304517,-1.000395,-0.894351,-9.378182,0.1189543,-0.1940390,0.0369056
9.318354,-0.982618,-0.891748,-9.396672,0.1258692,-0.1986889,0.0337815
9.325348,-0.973038,-0.889826,-9.403127,0.1331984,-0.2035542,0.0184398
9.332421,-0.949650,-0.885101,-9.414573,0.1398183,-0.2078969,-0.0015214
9.339607,-0.922716,-0.879419,-9.427254,0.1447808,-0.2110888,-0.0233486
9.346232,-1.042456,-0.900254,-9.406781,0.1477891,-0.2129462,-0.0446091
9.360139,-0.979344,-0.886233,-9.343243,0.1440983,-0.2049272,-0.0881142
9.367103,-0.949996,-0.879019,-9.297478,0.1377819,-0.1950080,-0.1128684
9.374183,-0.920402,-0.871406,-9.271380,0.1316480,-0.1858118,-0.1355991
9.381078,-0.984057,-0.881479,-9.228401,0.1266608,-0.1785830,-0.1549692
9.394908,-0.958063,-0.871054,-9.220675,0.1217325,-0.1718216,-0.1791138
9.401914,-0.923535,-0.861021,-9.228024,0.1212851,-0.1713844,-0.1840883
9.408753,-0.960042,-0.865388,-9.215576,0.1216647,-0.1720912,-0.1849671
9.415777,-0.912515,-0.852564,-9.233591,0.1224837,-0.1733556,-0.1825634
9.429673,-0.909051,-0.845787,-9.243175,0.1243270,-0.1759275,-0.1716392
9.436615,-0.920949,-0.845535,-9.232352,0.1237920,-0.1764240,-0.1671497
9.443523,-0.927272,-0.845117,-9.888907,0.0975584,-0.1405150,-0.1486626
9.450508,-0.907553,-0.840339,-10.244653,0.0653102,-0.0956062,-0.1208828
9.457413,-0.925711,-0.844029,-10.557866,0.0348950,-0.0528536,-0.0883232
9.471339,-0.899264,-0.838798,-11.019424,-0.0044992,0.0027143,-0.0238903
9.478267,-0.911402,-0.841735,-11.213926,-0.0120441,0.0132965,0.0025206
9.485251,-0.893142,-0.838255,-11.354613,-0.0132802,0.0149928,0.0229517
9.492114,-0.916510,-0.843586,-11.512495,-0.0104143,0.0109855,0.0368754
9.506009,-0.883781,-0.837538,-11.690346,-0.0005680,-0.0025437,0.0464119
9.512905,-0.890872,-0.839420,-11.782758,0.0035788,-0.0081439,0.0437786
9.520082,-0.820388,-0.824828,-11.766430,0.0063276,-0.0117916,0.0377965
9.526875,-0.904990,-0.843387,-11.934690,0.0076495,-0.0134751,0.0297309
9.534009,-0.819623,-0.825313,-11.875077,0.0078178,-0.0135854,0.0207586
9.547625,-0.863861,-0.835367,-12.014812,0.0062954,-0.0112989,0.0038727
9.554694,-0.820461,-0.826056,-11.983210,0.0053103,-0.0098651,-0.0027380
9.561625,-0.847391,-0.831847,-12.044634,0.0044736,-0.0086410,-0.0076633
9.568586,-0.836220,-0.829354,-12.049380,0.0038706,-0.0077415,-0.0108290
9.582396,-0.826653,-0.826953,-12.068116,0.0033292,-0.0068620,-0.0124073
9.589343,-0.825971,-0.826627,-12.080173,0.0032799,-0.0067280,-0.0113524
9.596275,-0.825000,-0.826297,-12.090092,0.0032930,-0.0066807,-0.0095101
9.603324,-0.793875,-0.819390,-12.054784,0.0033191,-0.0066521,-0.0072171
9.610200,-0.829142,-0.826922,-12.114862,0.0033266,-0.0065991,-0.0047770
9.624079,-0.825743,-0.826163,-12.124715,0.0032432,-0.0063617,-0.0003942
9.631047,-0.794577,-0.819401,-12.085294,0.0031580,-0.0061856,0.0012415
9.638018,-0.789541,-0.818267,-12.083503,0.0030558,-0.0059884,0.0024097
9.644893,-0.807083,-0.822138,-12.114635,0.0029464,-0.0057835,0.0031075
9.658806,-0.787649,-0.817961,-12.095306,0.0027355,-0.0053901,0.0032816
9.665762,-0.777449,-0.815752,-12.084365,0.0026409,-0.0052106,0.0029138
9.672707,-0.773523,-0.814998,-12.082525,0.0025548,-0.0050445,0.0023654
9.679639,-0.771931,-0.814575,-12.083927,0.0024756,-0.0048897,0.0017245
9.693493,-0.776533,-0.815526,-12.097890,0.0023318,-0.0046041,0.0004601
9.700482,-0.746862,-0.809150,-12.056923,0.0022643,-0.0044695,-0.0000572
9.707479,-0.740803,-0.807777,-12.051068,0.0021987,-0.0043381,-0.0004566
9.714356,-0.763311,-0.812621,-12.087911,0.0021342,-0.0042100,-0.0007282
9.728271,-0.757767,-0.811309,-12.085821,0.0020083,-0.0039615,-0.0009119
9.735198,-0.739983,-0.807420,-12.062076,0.0019476,-0.0038417,-0.0008589
9.742111,-0.738964,-0.807128,-12.063589,0.0018883,-0.0037251,-0.0007404
9.749064,-0.726039,-0.804297,-12.047031,0.0018308,-0.0036120,-0.0005814
9.762956,-0.729383,-0.804885,-12.057899,0.0017215,-0.0033963,-0.0002306
9.769939,-0.707562,-0.800094,-12.027900,0.0016694,-0.0032933,-0.0000736
9.776848,-0.719733,-0.802761,-12.049094,0.0016190,-0.0031940,0.0000558
9.783852,-0.695286,-0.797329,-12.015018,0.0015702,-0.0030974,0.0001520
9.790892,-0.683895,-0.794831,-12.000529,0.0015229,-0.0030040,0.0002136
9.804783,-0.788409,-0.817411,-12.165204,0.0014317,-0.0028241,0.0002433
9.811682,-0.702104,-0.798649,-12.036845,0.0013885,-0.0027390,0.0002220
9.818714,-0.670290,-0.791658,-11.991254,0.0013466,-0.0026566,0.0001855
9.825534,-0.717069,-0.801777,-12.065473,0.0013060,-0.0025760,0.0001400
9.832576,-0.660554,-0.789416,-11.982092,0.0012664,-0.0024982,0.0000921
9.846443,-0.694921,-0.796744,-12.040401,0.0011906,-0.0023491,0.0000062
9.853420,-0.662891,-0.789762,-11.994215,0.0011546,-0.0022782,-0.0000255
9.860797,-0.580704,-0.771790,-11.870921,0.0011199,-0.0022096,-0.0000481
9.867431,-0.739522,-0.806215,-12.117771,0.0010859,-0.0021423,-0.0000615
9.881230,-0.654948,-0.787731,-11.993578,0.0010212,-0.0020148,-0.0000641
9.888269,-0.631829,-0.782687,-11.960723,0.0009904,-0.0019539,-0.0000567
9.895159,-0.659080,-0.788465,-12.005776,0.0009604,-0.0018950,-0.0000458
9.902092,-0.646322,-0.785642,-11.988914,0.0009314,-0.0018377,-0.0000332
9.908994,-0.649285,-0.786170,-11.996440,0.0009035,-0.0017819,-0.0000203
9.922937,-0.624288,-0.780653,-11.963497,0.0008497,-0.0016760,0.0000015
9.929844,-0.637649,-0.783420,-11.987174,0.0008239,-0.0016254,0.0000092
9.936903,-0.603308,-0.775882,-11.936753,0.0007988,-0.0015763,0.0000144
9.943733,-0.646504,-0.785154,-12.006947,0.0007749,-0.0015288,0.0000172
9.957698,-0.612162,-0.777556,-11.959289,0.0007289,-0.0014380,0.0000168
9.964552,-0.630903,-0.781484,-11.991579,0.0007067,-0.0013946,0.0000144
9.971551,-0.598061,-0.774332,-11.943151,0.0006854,-0.0013526,0.0000112
9.978475,-0.609888,-0.776779,-11.964614,0.0006648,-0.0013117,0.0000077
9.985506,-0.585040,-0.771263,-11.928638,0.0006450,-0.0012720,0.0000042
9.999281,-0.596553,-0.773620,-11.952619,0.0006063,-0.0011962,-0.0000013
10.006285,-0.580595,-0.770046,-11.930473,0.0005877,-0.0011601,-0.0000032
10.013458,-0.544714,-0.762174,-11.876853,0.0005701,-0.0011250,-0.0000043
10.020438,-0.633667,-0.781271,-12.020325,0.0005521,-0.0010888,-0.0000049
10.027342,-0.590060,-0.771818,-11.954581,0.0005357,-0.0010562,-0.0000048
10.041484,-0.623407,-0.778790,-12.013572,0.0005034,-0.0009923,-0.0000036
10.048387,-0.580518,-0.769395,-11.948644,0.0004881,-0.0009627,-0.0000027
10.055407,-0.554466,-0.763615,-11.910322,0.0004734,-0.0009338,-0.0000017
10.062252,-0.585637,-0.770270,-11.962968,0.0004591,-0.0009058,-0.0000008
10.076140,-0.575173,-0.767764,-11.952460,0.0004317,-0.0008520,0.0000005
10.083140,-0.545849,-0.761393,-11.908661,0.0004188,-0.0008262,0.0000008
10.090045,-0.560874,-0.764434,-11.935850,0.0004060,-0.0008011,0.0000010
10.096994,-0.549434,-0.761890,-11.920525,0.0003936,-0.0007770,0.0000012
10.103992,-0.536720,-0.759006,-10.639357,0.0003811,-0.0007521,0.0000011
10.117874,-0.536373,-0.758613,-9.210997,0.0003568,-0.0007040,0.0000007
10.124810,-0.539445,-0.759079,-8.826523,0.0003454,-0.0006816,0.0000005
10.131699,-0.545341,-0.760238,-8.587915,0.0003347,-0.0006603,0.0000003
10.138686,-0.523524,-0.755409,-8.485803,0.0003245,-0.0006403,0.0000001
10.152543,-0.516114,-0.753528,-8.464668,0.0003057,-0.0006029,-0.0000002
10.159480,-0.524077,-0.755139,-8.509653,0.0002965,-0.0005850,-0.0000004
10.166450,-0.514887,-0.753016,-8.596455,0.0002877,-0.0005677,-0.0000004
10.173412,-0.513372,-0.752532,-8.691421,0.0002792,-0.0005509,-0.0000003
10.187286,-0.506539,-0.750811,-8.902914,0.0002628,-0.0005188,-0.0000002
10.194212,-0.511330,-0.751706,-9.003834,0.0002551,-0.0005032,-0.0000002
10.201186,-0.499495,-0.748993,-9.110593,0.0002475,-0.0004879,-0.0000001
10.208165,-0.495773,-0.748145,-9.206999,0.0002400,-0.0004735,-0.0000001
10.222089,-0.494408,-0.747539,-9.377697,0.0002256,-0.0004453,0.0000001
10.229011,-0.497722,-0.748108,-9.451755,0.0002187,-0.0004320,0.0000001
10.236001,-0.483250,-0.744870,-9.522769,0.0002121,-0.0004191,0.0000001
10.242946,-0.491440,-0.746401,-9.582666,0.0002059,-0.0004063,0.0000001
10.256946,-0.461325,-0.739762,-9.688914,0.0001940,-0.0003821,0.0000001
10.263796,-0.497217,-0.747227,-9.730583,0.0001883,-0.0003706,0.0000001
10.270743,-0.476468,-0.742704,-9.769421,0.0001824,-0.0003597,0.0000002
10.277705,-0.470890,-0.741402,-9.803044,0.0001768,-0.0003489,0.0000002
10.284704,-0.461670,-0.739211,-9.832187,0.0001715,-0.0003386,0.0000002
10.298436,-0.477388,-0.742363,-9.882122,0.0001611,-0.0003186,0.0000002
10.305416,-0.457019,-0.737858,-9.899953,0.0001565,-0.0003090,0.0000001
10.312347,-0.463195,-0.738959,-9.917869,0.0001519,-0.0002997,0.0000001
10.319379,-0.442488,-0.734471,-9.930146,0.0001473,-0.0002905,0.0000001
10.333328,-0.423786,-0.730187,-9.951283,0.0001383,-0.0002732,-0.0000000
10.340172,-0.468858,-0.739636,-9.967977,0.0001342,-0.0002651,-0.0000001
10.347134,-0.444391,-0.734239,-9.972433,0.0001302,-0.0002571,-0.0000001
10.354126,-0.436609,-0.732494,-9.978307,0.0001263,-0.0002493,-0.0000001
10.360939,-0.466253,-0.738530,-9.989754,0.0001226,-0.0002421,-0.0000001
10.374907,-0.433391,-0.731360,-9.993828,0.0001156,-0.0002279,-0.0000002
10.381828,-0.438927,-0.732343,-9.998801,0.0001121,-0.0002211,-0.0000002
10.388818,-0.424289,-0.729031,-9.999407,0.0001089,-0.0002142,-0.0000001
10.396558,-0.304970,-0.703840,-9.979182,0.0001056,-0.0002077,-0.0000001
10.409650,-0.421776,-0.728096,-10.006366,0.0000994,-0.0001955,-0.0000000
10.416566,-0.427319,-0.729111,-10.009268,0.0000964,-0.0001897,-0.0000000
10.423529,-0.416955,-0.726726,-10.008742,0.0000934,-0.0001842,-0.0000001
10.430416,-0.427482,-0.728793,-10.012162,0.0000905,-0.0001786,-0.0000000
10.437502,-0.390745,-0.720928,-10.005857,0.0000877,-0.0001731,0.0000001
10.451378,-0.397385,-0.721971,-10.008932,0.0000824,-0.0001629,0.0000001
10.458225,-0.424743,-0.727545,-10.015187,0.0000801,-0.0001580,0.0000001
10.465155,-0.407698,-0.723832,-10.012278,0.0000777,-0.0001532,0.0000001
10.472138,-0.396254,-0.721231,-10.010424,0.0000753,-0.0001485,0.0000001
10.486048,-0.397212,-0.721090,-10.011370,0.0000707,-0.0001397,0.0000000
10.492976,-0.398514,-0.721222,-10.011924,0.0000686,-0.0001356,-0.0000000
10.499918,-0.394124,-0.720114,-10.011262,0.0000667,-0.0001318,-0.0000000
10.506924,-0.380596,-0.717142,-10.008672,0.0000647,-0.0001280,-0.0000000
10.520757,-0.383648,-0.717473,-10.009600,0.0000609,-0.0001204,-0.0000001
10.527764,-0.373816,-0.715191,-10.007684,0.0000591,-0.0001166,-0.0000001
10.534678,-0.387179,-0.717832,-10.010544,0.0000573,-0.0001131,-0.0000001
10.541586,-0.385933,-0.717363,-10.010362,0.0000557,-0.0001096,-0.0000001
10.548542,-0.375616,-0.715031,-10.008296,0.0000539,-0.0001063,-0.0000002
10.562402,-0.392972,-0.718317,-10.011971,0.0000507,-0.0000998,-0.0000001
10.569382,-0.364898,-0.712342,-10.006194,0.0000492,-0.0000969,-0.0000001
10.576329,-0.368281,-0.712805,-10.006927,0.0000477,-0.0000940,-0.0000000
10.583274,-0.366338,-0.712300,-10.006533,0.0000461,-0.0000914,0.0000000
10.597110,-0.366683,-0.712003,-10.006632,0.0000432,-0.0000857,0.0000001
10.604136,-0.346505,-0.707668,-10.002460,0.0000420,-0.0000833,0.0000001
10.611008,-0.369887,-0.712244,-10.007300,0.0000408,-0.0000809,0.0000002
10.617942,-0.357406,-0.709523,-10.004717,0.0000395,-0.0000786,0.0000002
10.631835,-0.369315,-0.711621,-10.007180,0.0000372,-0.0000739,0.0000001
10.638940,-0.323427,-0.701972,-9.997681,0.0000361,-0.0000717,0.0000001
10.645786,-0.363537,-0.710014,-10.005972,0.0000350,-0.0000694,0.0000001
10.652723,-0.346239,-0.706298,-10.002394,0.0000342,-0.0000674,0.0000001
10.666654,-0.329015,-0.702431,-9.998816,0.0000321,-0.0000632,0.0000000
10.673652,-0.334415,-0.703340,-9.999924,0.0000312,-0.0000615,-0.0000000
10.680490,-0.354391,-0.707264,-10.004046,0.0000302,-0.0000595,-0.0000001
10.687526,-0.319899,-0.699960,-9.996782,0.0000293,-0.0000579,-0.0000001
10.694447,-0.336597,-0.703241,-10.000074,0.0000284,-0.0000560,-0.0000000
10.708307,-0.326137,-0.700667,-9.997602,0.0000269,-0.0000528,0.0000001
10.715176,-0.338887,-0.703106,-10.000066,0.0000259,-0.0000512,0.0000001
10.722217,-0.309296,-0.696921,-9.993812,0.0000252,-0.0000497,0.0000000
10.729112,-0.330628,-0.701060,-9.998044,0.0000244,-0.0000483,-0.0000000
10.743048,-0.334098,-0.701406,-9.998430,0.0000231,-0.0000455,-0.0000000
10.750008,-0.314171,-0.697096,-9.994177,0.0000222,-0.0000441,-0.0000000
10.756983,-0.309845,-0.696052,-9.993124,0.0000217,-0.0000426,-0.0000000
10.763910,-0.315592,-0.697033,-9.994142,0.0000211,-0.0000413,-0.0000000
10.777749,-0.318320,-0.697201,-9.994370,0.0000199,-0.0000389,-0.0000000
10.784783,-0.292912,-0.691883,-9.989000,0.0000192,-0.0000377,-0.0000000
10.791776,-0.299572,-0.693036,-9.990201,0.0000185,-0.0000367,-0.0000000
10.798625,-0.318543,-0.696592,-9.993921,0.0000180,-0.0000357,-0.0000000
10.812481,-0.313252,-0.695166,-9.992505,0.0000170,-0.0000335,0.0000001
10.819487,-0.288088,-0.689951,-9.987197,0.0000165,-0.0000324,0.0000001
10.826423,-0.297179,-0.691555,-9.988887,0.0000160,-0.0000313,0.0000002
10.833294,-0.305509,-0.693010,-9.990417,0.0000155,-0.0000303,0.0000001
10.840293,-0.283598,-0.688443,-9.985783,0.0000151,-0.0000294,0.0000001
10.854177,-0.280066,-0.687341,-9.984732,0.0000141,-0.0000278,0.0000001
10.861096,-0.290684,-0.689316,-9.986710,0.0000137,-0.0000271,0.0000001
10.868094,-0.276521,-0.686192,-9.983676,0.0000133,-0.0000263,0.0000000
10.875052,-0.281305,-0.687017,-9.984470,0.0000129,-0.0000256,-0.0000001
10.888956,-0.267942,-0.683905,-9.981432,0.0000120,-0.0000240,-0.0000001
10.895821,-0.290068,-0.688168,-9.985726,0.0000117,-0.0000233,-0.0000001
10.902843,-0.264136,-0.682816,-9.980313,0.0000113,-0.0000226,-0.0000000
10.909722,-0.284473,-0.686577,-9.984254,0.0000110,-0.0000220,-0.0000000
10.923648,-0.265367,-0.682474,-9.980045,0.0000102,-0.0000206,-0.0000000
10.930592,-0.269015,-0.682908,-9.980617,0.0000100,-0.0000200,-0.0000000
10.937570,-0.262233,-0.681405,-9.979072,0.0000098,-0.0000194,-0.0000000
10.944432,-0.278380,-0.684424,-9.982143,0.0000095,-0.0000187,-0.0000000
10.951416,-0.257829,-0.680077,-9.977845,0.0000093,-0.0000181,-0.0000000
10.965258,-0.266731,-0.681512,-9.979277,0.0000089,-0.0000170,-0.0000000
10.972258,-0.250576,-0.678094,-9.975863,0.0000086,-0.0000165,-0.0000000
10.979158,-0.263796,-0.680442,-9.978340,0.0000083,-0.0000160,-0.0000000
10.986077,-0.259469,-0.679462,-9.977290,0.0000080,-0.0000156,-0.0000000
11.000011,-0.255120,-0.678206,-9.976064,0.0000074,-0.0000147,-0.0000000
11.006987,-0.245816,-0.676127,-9.974035,0.0000071,-0.0000143,-0.0000000
11.013926,-0.249764,-0.676676,-9.974644,0.0000069,-0.0000140,0.0000000
11.020913,-0.240978,-0.674750,-9.972717,0.0000067,-0.0000135,-0.0000000
11.034848,-0.228065,-0.671849,-9.969791,0.0000063,-0.0000128,-0.0000000
11.041697,-0.257160,-0.677319,-9.975395,0.0000061,-0.0000125,-0.0000000
11.048649,-0.239796,-0.673682,-9.971771,0.0000061,-0.0000121,-0.0000000
11.055606,-0.237366,-0.673047,-9.971103,0.0000059,-0.0000117,-0.0000000
11.069593,-0.213440,-0.667991,-9.966005,0.0000056,-0.0000109,-0.0000001
11.076440,-0.249243,-0.674692,-9.972915,0.0000053,-0.0000105,-0.0000002
11.083309,-0.244329,-0.673548,-9.971758,0.0000051,-0.0000101,-0.0000002
11.090522,-0.193362,-0.663534,-9.961503,0.0000049,-0.0000098,-0.0000002
11.097318,-0.271017,-0.678272,-9.976656,0.0000048,-0.0000095,-0.0000003
11.111339,-0.216295,-0.667292,-9.965498,0.0000045,-0.0000090,-0.0000002
11.118339,-0.217231,-0.667216,-9.965510,0.0000045,-0.0000086,-0.0000001
11.125252,-0.240068,-0.671410,-9.969811,0.0000044,-0.0000083,0.0000000
11.132147,-0.229755,-0.669269,-9.967596,0.0000044,-0.0000080,0.0000001
11.146020,-0.244077,-0.671566,-9.970037,0.0000040,-0.0000078,0.0000001
11.153206,-0.183782,-0.659789,-9.958038,0.0000038,-0.0000077,0.0000001
11.159978,-0.242144,-0.670736,-9.969282,0.0000037,-0.0000076,0.0000000
11.166904,-0.217986,-0.665919,-9.964369,0.0000036,-0.0000072,-0.0000000
11.180747,-0.221632,-0.666221,-9.964705,0.0000034,-0.0000067,-0.0000001
11.189213,-0.029920,-0.629450,-9.927145,0.0000033,-0.0000066,-0.0000001
11.195930,-0.432685,-0.705876,-10.005444,0.0000032,-0.0000064,-0.0000001
11.202919,-0.200942,-0.661560,-9.960090,0.0000032,-0.0000060,-0.0000001
11.209798,-0.215604,-0.664212,-9.962746,0.0000032,-0.0000058,-0.0000000
11.223735,-0.210561,-0.662739,-9.961400,0.0000030,-0.0000053,-0.0000000
11.230719,-0.201726,-0.619501,-13.067738,0.4504141,0.0643609,0.1057240
11.237741,-0.200958,-0.589397,-11.940262,0.8443739,0.1453037,0.2404825
11.244564,-0.228087,-0.578035,-11.179174,1.1561377,0.1939492,0.3910396
11.258437,-0.208696,-0.602875,-6.906305,1.4598815,0.1796234,0.6808512
11.265383,-0.186742,-0.611968,-5.496308,1.4863648,0.1404592,0.7966315
11.272352,-0.176137,-0.622645,-4.539063,1.4669397,0.0989935,0.8844042
11.279276,-0.174669,-0.636871,-3.898692,1.4260120,0.0647203,0.9424034
11.286289,-0.157042,-0.631391,-3.648489,1.3807952,0.0417199,0.9719185
11.300247,-0.145225,-0.633428,-3.559043,1.3127348,0.0273013,0.9611961
11.307141,-0.154363,-0.680823,-0.529077,1.2942921,0.0298997,0.9384750
11.314014,-0.151174,-0.700613,1.296327,1.2822027,0.0351256,0.9090371
11.321064,-0.124996,-0.672819,2.081341,1.2764966,0.0413315,0.8769818
11.335264,-0.093419,-0.625143,2.470940,1.2788990,0.0532839,0.8179095
11.342010,-0.149107,-0.747862,3.393414,1.2843820,0.0582503,0.7952678
11.349460,-0.067284,-0.562198,1.920776,1.2910835,0.0623264,0.7787716
11.356097,-0.183052,-0.846720,3.493760,1.2985688,0.0656374,0.7683168
11.363037,-0.113082,-0.669145,2.022365,1.3053132,0.0678847,0.7640554
11.376824,-0.119045,-0.665091,-0.927935,0.9865506,0.0231450,0.7652677
11.383782,-0.101710,-0.614125,-2.035747,0.8410133,0.0022149,0.7713379
11.390775,-0.094512,-0.595041,-2.811781,0.7230512,-0.0139499,0.7793936
11.397661,-0.101417,-0.622459,-3.292703,0.6389767,-0.0242507,0.7882805
11.411598,-0.086208,-0.582806,-4.178493,0.5656659,-0.0294124,0.8048654
11.418660,-0.073135,-0.545052,-5.367207,0.4808223,-0.0562330,0.8113043
11.425468,-0.092643,-0.628623,-5.427357,0.4061407,-0.0853333,0.8160679
11.432368,-0.079297,-0.593263,-5.668215,0.3434728,-0.1125217,0.8190938
11.446257,-0.071309,-0.587233,-5.952907,0.2695259,-0.1492234,0.8204857
11.453316,-0.053368,-0.527147,-6.145006,0.2566019,-0.1576058,0.8193870
11.460148,-0.070292,-0.601694,-6.125668,0.2552702,-0.1605994,0.8175306
11.467052,-0.060721,-0.570868,-6.241516,0.2614177,-0.1598064,0.8152478
11.481006,-0.058754,-0.574824,-6.347013,0.2819482,-0.1530318,0.8105396
11.488012,-0.043510,-0.517235,-6.460945,0.2913997,-0.1493748,0.8085391
11.494895,-0.051721,-0.556416,-6.445315,0.2985824,-0.1464422,0.8069491
11.501843,-0.043453,-0.526502,-6.509191,0.3031746,-0.1444735,0.8058228
11.508792,-0.040887,-0.520440,-6.538507,0.3053764,-0.1434574,0.8051602
11.522705,-0.032369,-0.492531,-6.603158,0.3047083,-0.1435534,0.8050305
11.529609,-0.037460,-0.519970,-6.583454,0.3030263,-0.1441951,0.8054065
11.536864,-0.007196,-0.386419,-6.742111,0.3011143,-0.1449547,0.8059561
11.550419,-0.025470,-0.477666,-6.652246,0.2977968,-0.1463130,0.8072391
11.557446,-0.018866,-0.449781,-6.686165,0.2966613,-0.1467936,0.8078363
11.564307,-0.030165,-0.507602,-6.626955,0.2958892,-0.1471335,0.8083414
11.571305,-0.017351,-0.448292,-6.691563,0.2954201,-0.1473563,0.8087289
11.578227,-0.021459,-0.471459,-6.668064,0.2951690,-0.1474967,0.8089899
11.592127,-0.016046,-0.456024,-6.882173,0.2200164,-0.1583403,0.8091590
11.599031,-0.016195,-0.467319,-7.007601,0.1322215,-0.1702248,0.8091021
11.606077,-0.003210,-0.410034,-7.170706,0.0478458,-0.1806815,0.8089820
11.613001,-0.010360,-0.456611,-7.223190,-0.0212185,-0.1880372,0.8088233
11.626843,-0.009977,-0.467345,-7.350950,-0.0983005,-0.1927101,0.8084769
11.633741,-0.007510,-0.458192,-7.409097,-0.1096394,-0.1914175,0.8083231
11.640797,0.005426,-0.392273,-7.500809,-0.1087202,-0.1890342,0.8081971
11.647690,-0.005553,-0.451964,-7.491883,-0.1005002,-0.1864394,0.8081040
11.654686,0.003249,-0.406578,-7.554400,-0.0892417,-0.1842452,0.8080450
11.668556,-0.000350,-0.427460,-7.583829,-0.0689416,-0.1820812,0.8080184
11.675496,0.004517,-0.423004,-8.044308,-0.2184425,-0.2112779,0.8080403
11.682447,0.008496,-0.424018,-8.347329,-0.3610651,-0.2411188,0.8080771
11.689459,0.015797,-0.406639,-8.597863,-0.4878153,-0.2666352,0.8081219
11.703324,0.013898,-0.445016,-8.934778,-0.6417496,-0.2930704,0.8082144
11.710317,0.019836,-0.423111,-9.067978,-0.6682445,-0.2948313,0.8082535
11.717156,0.008680,-0.479763,-9.167368,-0.6703254,-0.2918367,0.8082847
11.724182,0.023719,-0.410981,-9.270239,-0.6573149,-0.2865770,0.8083065
11.738077,0.023700,-0.412556,-9.415728,-0.6178460,-0.2766213,0.8083241
11.744930,0.011213,-0.465590,-9.469675,-0.6017596,-0.2738077,0.8083218
11.751900,0.021123,-0.424388,-9.519980,-0.5911615,-0.2726386,0.8083146
11.758883,0.022780,-0.418619,-9.560502,-0.5861002,-0.2727704,0.8083037
11.766955,0.100435,-0.115100,-9.711388,-0.5468284,-0.2587477,0.8082910
11.779625,0.014683,-0.435526,-9.950993,-0.4898402,-0.2331436,0.8082667
11.786682,0.027473,-0.386044,-10.028673,-0.4747901,-0.2251577,0.8082566
11.794217,0.065223,-0.252365,-10.070662,-0.4686067,-0.2209805,0.8082491
11.800631,-0.048952,-0.648131,-10.226377,-0.4693086,-0.2199279,0.8082440
11.814496,0.012388,-0.434679,-10.264882,-0.4804787,-0.2228778,0.8082408
11.821550,0.028652,-0.382662,-10.282486,-0.4868786,-0.2249901,0.8082420
11.828367,0.007381,-0.450000,-10.331767,-0.4921805,-0.2267445,0.8082444
11.835413,0.028922,-0.383880,-10.331815,-0.4959548,-0.2279122,0.8082475
11.849381,0.032204,-0.376063,-10.361478,-0.4993196,-0.2285725,0.8082543
11.856284,0.017132,-0.419380,-10.389808,-0.4996217,-0.2283544,0.8082574
11.863123,0.011385,-0.434864,-10.405878,-0.4995326,-0.2279945,0.8082597
11.870121,0.024451,-0.384245,-10.396964,-0.3982830,-0.1857768,0.8082615
11.877040,0.013911,-0.394609,-10.421738,-0.2848527,-0.1377820,0.8082626
11.890951,0.019094,-0.353422,-10.430538,-0.1094258,-0.0659356,0.8082632
11.897858,0.008463,-0.373041,-10.446120,-0.0657614,-0.0496620,0.8082629
11.904900,0.021736,-0.335117,-10.435711,-0.0488030,-0.0447412,0.8082621
11.911764,0.005639,-0.375943,-10.459560,-0.0510675,-0.0475225,0.8082612
11.925651,0.011109,-0.364147,-10.463740,-0.0815887,-0.0617850,0.8082594
11.932570,0.015162,-0.354886,-10.462755,-0.0978227,-0.0682022,0.8082587
11.939566,0.023481,-0.333765,-10.455564,-0.1102751,-0.0725332,0.8082581
11.946435,0.010826,-0.356298,-10.433759,-0.0414502,-0.0450914,0.8082576
11.960369,0.011061,-0.330589,-10.318563,0.1078301,0.0185695,0.8082573
11.967358,0.018458,-0.300741,-10.254584,0.1611333,0.0408274,0.8082572
11.975374,0.095812,-0.075660,-10.147321,0.1935412,0.0537423,0.8082574
11.981179,-0.102140,-0.639808,-10.291191,0.2073222,0.0585167,0.8082576
11.995081,0.016481,-0.293884,-10.168553,0.1994661,0.0534818,0.8082582
12.002059,0.021776,-0.277773,-10.162790,0.1883502,0.0484916,0.8082584
12.009012,0.021106,-0.280245,-10.166039,0.1776068,0.0440746,0.8082587
12.015914,0.018505,-0.289260,-10.173643,0.1692663,0.0409909,0.8082588
12.022932,0.028366,-0.255417,-10.171086,0.1640724,0.0394121,0.8082590
12.036802,0.027395,-0.256934,-10.187686,0.1619397,0.0397239,0.8082590
12.043730,0.025137,-0.264644,-10.198353,0.1634687,0.0407892,0.8082590
12.050659,0.023787,-0.269318,-10.208222,0.1656719,0.0419750,0.8082589
12.057696,0.034397,-0.226672,-10.203663,0.1679082,0.0430256,0.8082588
12.071626,0.038357,-0.211774,-10.197868,0.1436467,0.0391310,0.8082587
12.078479,0.026868,-0.264447,-10.215380,0.1316615,0.0371127,0.8082587
12.085684,0.048219,-0.168435,-10.190470,0.1226837,0.0357433,0.8082587
12.092461,0.021487,-0.296445,-10.231772,0.1172375,0.0351223,0.8082587
12.099343,0.032717,-0.244760,-10.220769,0.1150890,0.0351446,0.8082586
12.113253,0.036715,-0.228559,-10.224576,0.1170033,0.0362169,0.8082584
12.120269,0.043088,-0.195108,-10.218778,0.1192644,0.0368619,0.8082585
12.127155,0.038020,-0.226370,-10.232073,0.1214899,0.0374071,0.8082585
12.134064,0.040385,-0.215326,-10.232459,0.1233146,0.0378074,0.8082585
12.147958,0.043592,-0.202081,-10.235131,0.1253447,0.0382172,0.8082585
12.155448,0.065406,-0.051866,-10.192536,0.1256773,0.0383040,0.8082585
12.162329,0.026540,-0.338808,-10.282721,0.1257294,0.0383740,0.8082585
12.169317,0.047768,-0.157879,-10.268444,0.3201360,0.0625372,0.8082585
12.176205,0.043754,-0.168790,-10.287412,0.4945042,0.0864956,0.8082585
12.190201,0.047020,-0.109844,-10.250907,0.7334079,0.1158828,0.8082585
12.197030,0.043417,-0.149871,-10.246327,0.7837340,0.1195164,0.8082587
12.204164,0.051474,-0.051935,-10.204696,0.7972375,0.1180178,0.8082585
12.211515,0.056017,0.017087,-10.178045,0.7863827,0.1138483,0.8082586
12.218486,0.040097,-0.275458,-10.260405,0.7596841,0.1085318,0.8082585
12.232348,0.052164,-0.133974,-10.546298,0.6149960,0.0837614,0.8082585
12.239384,0.056425,-0.066185,-10.719007,0.5082967,0.0623851,0.8082586
12.246288,0.057664,-0.111288,-10.913711,0.4240698,0.0455254,0.8082585
12.253231,0.059526,-0.096585,-11.049480,0.3703250,0.0353060,0.8082585
12.267262,0.061218,-0.038359,-11.236922,0.3435725,0.0321568,0.8082585
12.274114,0.062512,-0.116319,-11.384078,0.3554218,0.0354548,0.8082585
12.281003,0.062962,-0.096611,-11.445881,0.3733025,0.0394600,0.8082586
12.288074,0.062611,-0.029598,-11.564734,0.3534798,0.0344773,0.8082586
12.301850,0.066000,-0.058110,-11.828223,0.3081984,0.0203144,0.8082587
12.308825,0.067113,-0.054995,-11.917676,0.2912985,0.0151263,0.8082587
12.315699,0.069882,-0.088704,-12.028910,0.2810239,0.0121695,0.8082586
12.322694,0.068306,-0.040757,-12.047612,0.2768216,0.0112013,0.8082587
12.336672,0.072291,-0.076955,-12.187739,0.2799497,0.0127451,0.8082587
12.343484,0.074805,-0.098187,-12.249824,0.2837330,0.0140219,0.8082588
12.350417,0.071918,-0.048063,-12.230790,0.2872685,0.0150869,0.8082587
12.357399,0.070879,-0.025628,-12.234973,0.2899150,0.0157780,0.8082588
12.371354,0.067736,0.017970,-12.372203,0.4661587,0.0375119,0.8082587
12.378267,0.072148,-0.021005,-12.472836,0.5300339,0.0453004,0.8082587
12.385201,0.071259,-0.005136,-12.498569,0.5695222,0.0493001,0.8082585
12.392115,0.072479,-0.008434,-12.536344,0.5864065,0.0500324,0.8082587
12.399141,0.067652,0.039634,-12.509868,0.5865250,0.0486767,0.8082586
12.413024,0.072104,0.013443,-12.582047,0.5636398,0.0443939,0.8082584
12.419955,0.073342,0.008339,-12.604740,0.5512152,0.0429591,0.8082585
12.426916,0.071871,0.022627,-12.603469,0.5420002,0.0423201,0.8082584
12.433812,0.075896,-0.002512,-12.644308,0.5367146,0.0423538,0.8082585
12.447732,0.075602,0.005790,-12.655647,0.5356764,0.0434155,0.8082586
12.454729,0.069139,0.048910,-12.616449,0.5378052,0.0439742,0.8082584
12.461592,0.078714,-0.007920,-12.685137,0.5403697,0.0443671,0.8082585
12.468621,0.066236,0.068234,-12.607853,0.5427168,0.0445634,0.8082584
12.482416,0.083234,-0.036064,-12.704362,0.4330965,0.0449494,0.8082585
12.489386,0.069745,0.034759,-12.625975,0.3900761,0.0463545,0.8082585
12.496301,0.074074,0.008487,-12.652320,0.3622468,0.0482459,0.8082585
12.503282,0.067646,0.039729,-12.619436,0.3492201,0.0501833,0.8082585
12.510160,0.076757,-0.007525,-12.670150,0.3476227,0.0517739,0.8082585
12.524128,0.061082,0.067274,-12.594541,0.3614180,0.0531644,0.8082587
12.530978,0.086286,-0.040996,-12.518103,0.0939377,-0.0298440,0.8082584
12.538052,0.069494,0.045739,-12.254856,-0.1483686,-0.1121792,0.8082584
12.544941,0.094313,-0.057689,-12.200618,-0.3401196,-0.1775481,0.8082585
12.558825,0.087802,-0.024571,-11.972615,-0.5149819,-0.2342677,0.8082584
12.565738,0.096107,-0.061049,-11.957245,-0.5186821,-0.2333140,0.8082584
12.572739,0.084615,-0.015359,-11.899584,-0.4925762,-0.2226765,0.8082585
12.579590,0.099886,-0.080487,-11.951779,-0.4549414,-0.2090580,0.8082586
12.593489,10.840330,6.949742,-24.100441,-1.7694256,-2.5230393,-0.4897106
12.600467,14.587030,6.908079,-30.790840,-3.2682669,-5.0457420,-1.5797201
12.607444,24.944437,8.713223,-46.019753,-5.9987001,-1.1876698,-2.0237708
12.614405,11.287395,1.228691,-33.601753,-6.2037349,0.1544051,-2.0179403
12.628222,4.134403,-2.117824,-30.364971,-4.1628237,0.1671281,-1.2592521
12.635188,7.762401,2.709986,-32.548203,-2.8525927,0.0845084,-0.8069408
12.642179,7.006698,2.306292,-32.973690,-1.5506389,0.0348543,-0.3253288
12.649165,4.561567,0.731888,-28.889412,-0.5061316,0.0065988,0.1144881
12.656157,1.542074,-0.637259,-24.288418,0.3170726,-0.0492503,0.4923678
12.670337,0.015172,0.139838,-14.511329,0.9190514,0.0223114,1.1331520
12.676962,0.026770,-0.003995,-12.000525,0.6768574,-0.0638708,1.3336687
12.683834,0.009806,0.021994,-9.303199,0.6270087,0.1591222,1.4491746
12.690767,0.002064,0.018878,-7.154616,0.5347856,0.3592628,1.4820932
12.704644,0.405221,-0.091139,-5.744301,0.2841700,0.5007570,1.3386886
12.711584,1.052903,-0.251776,-6.458766,0.0398951,0.3032210,1.1622353
12.718591,1.147813,-0.245523,-6.981446,0.0323332,0.1196543,0.9744176
12.725558,1.375105,-0.281704,-7.741538,0.0734938,-0.0295269,0.7857293
12.732379,1.672518,-0.334896,-9.262648,0.2211528,-0.1918405,0.6078463
12.746714,2.109833,-0.885075,-11.903455,0.4949380,-0.3075623,0.3472009
12.753696,1.695049,-1.246363,-12.524538,0.5728654,-0.2466566,0.3177242
12.760625,1.739770,-1.359850,-13.218988,0.6480228,-0.1550052,0.3266061
12.767531,1.768131,-1.240331,-13.632565,0.7296685,-0.0525801,0.3588824
12.781421,1.661537,-0.829935,-13.820986,0.8990162,0.1869466,0.3172467
12.788406,1.302252,-1.263155,-13.600696,0.9600748,0.3104974,0.3498014
12.795298,1.165097,-1.044841,-13.375577,1.0331579,0.4035485,0.4127831
12.802244,0.950386,-0.716871,-12.961145,1.1140256,0.4722776,0.4979647
12.816110,0.452522,-0.210852,-12.067312,1.2563726,0.5477904,0.7114879
12.823518,0.149132,0.108888,-11.485249,1.3069987,0.5641286,0.8269241
12.830279,-0.009581,-0.010723,-11.343328,1.3299656,0.5601636,0.9365830
12.837223,-0.028703,0.100192,-11.234314,1.2865527,0.5011626,1.0082004
12.844193,-0.024991,0.103304,-11.234904,1.2185144,0.4257822,1.0463018
12.858072,-0.015114,0.089899,-11.290205,1.0999660,0.3081645,1.0392888
12.865084,-0.018632,0.107810,-11.311532,1.0675879,0.2796376,1.0064849
12.871976,-0.012209,0.063632,-11.386143,1.0364431,0.3427242,0.9630653
12.878888,-0.019646,0.069258,-11.420703,1.0198503,0.4112616,0.9152341
12.892772,-0.037179,0.097901,-11.453501,1.0163560,0.5189689,0.8261058
12.899699,-0.032559,0.076317,-11.488836,1.0228176,0.5453378,0.7915537
12.906719,-0.045588,0.113964,-11.475040,1.0304536,0.5549390,0.7660249
12.913557,-0.020784,0.040841,-11.545639,1.0371188,0.5525136,0.7498416
12.920646,-0.047951,0.126108,-11.427694,0.8001344,0.4408513,0.7424169
12.934397,-0.013185,0.040512,-11.501787,0.2971580,0.2003553,0.7484730
12.941382,-0.009015,0.032210,-11.489383,0.1297511,0.1222399,0.7584941
12.948272,0.013400,-0.019076,-11.544146,-0.0087101,0.0332683,0.7707911
12.955260,0.001258,0.019009,-11.530532,-0.0668416,-0.0227682,0.7837663
12.962194,0.012031,-0.003057,-11.562556,-0.0710323,-0.0508897,0.7961094
12.976090,0.014582,-0.003614,-11.572543,-0.0010073,-0.0507501,0.8153808
12.982964,0.020684,-0.017141,-11.584445,0.0391045,-0.0387430,0.8214130
12.990114,-0.028924,0.101218,-11.492106,0.0696409,-0.0268393,0.8249528
12.996893,0.036718,-0.053532,-11.609870,0.0877946,-0.0180728,0.8262256
13.010780,0.020577,-0.014817,-11.573799,0.0927824,-0.0125415,0.8235762
13.017675,0.013885,0.000934,-11.558488,0.0861083,-0.0143579,0.8206120
13.024739,-0.017891,0.072208,-11.500296,0.0776162,-0.0176812,0.8171865
13.031548,0.031092,-0.035279,-11.580909,0.0695332,-0.0214893,0.8137074
13.038584,-0.013064,0.061854,-11.503090,0.0630973,-0.0250858,0.8104981
13.052439,0.003334,0.029069,-11.489870,-0.0440843,-0.0833153,0.8057091
13.059399,0.007111,0.022389,-11.474321,-0.0896611,-0.1077995,0.8043121
13.066327,0.014736,0.007786,-11.469357,-0.1208320,-0.1243252,0.8035729
13.073312,0.003444,0.032057,-11.439309,-0.1373211,-0.1329068,0.8034148
13.087317,-0.010293,0.063120,-11.253242,-0.0998184,-0.1263801,0.8043739
13.094187,0.033523,-0.020029,-11.207813,-0.0460319,-0.1153232,0.8052359
13.101083,0.018737,0.012802,-11.115736,0.0028319,-0.1060325,0.8061767
13.108890,-0.152515,0.347093,-10.857327,0.0388509,-0.1002835,0.8070991
13.122771,-0.000620,0.058330,-10.994256,0.0675780,-0.0996009,0.8086713
13.129624,0.027278,0.007471,-11.020958,0.0646423,-0.1024919,0.8091500
13.136620,-0.003058,0.065870,-10.986693,0.0567417,-0.1059437,0.8094447
13.143531,0.015344,0.033105,-11.013438,0.0473687,-0.1091649,0.8095688
13.150430,0.018251,0.029317,-11.025198,0.0388808,-0.1117342,0.8095486
13.164407,0.005305,0.055966,-11.031596,0.0284869,-0.1147183,0.8092107
13.171374,0.003278,0.061103,-11.040625,0.0265600,-0.1154519,0.8089638
13.178258,0.021831,0.029761,-11.073161,0.0261055,-0.1159722,0.8087074
13.185180,0.012912,0.047322,-11.073465,0.0264746,-0.1164572,0.8084667
13.199066,0.012602,0.053218,-10.850517,0.0945942,-0.0972265,0.8080978
13.206098,-0.015707,0.105296,-10.671983,0.1628065,-0.0755739,0.8079857
13.213027,0.005660,0.071648,-10.586109,0.2202317,-0.0575294,0.8079223
13.220030,-0.012233,0.104484,-10.502702,0.2594924,-0.0458142,0.8079028
13.233844,-0.000972,0.088676,-10.448860,0.2853725,-0.0403863,0.8079630
13.240887,-0.016254,0.115331,-10.432369,0.2805284,-0.0433813,0.8080239
13.247721,0.025669,0.046330,-10.468527,0.2707334,-0.0476426,0.8080922
13.254735,-0.017117,0.117940,-10.450171,0.2599454,-0.0518313,0.8081606
13.261648,0.006268,0.080096,-10.484976,0.2507253,-0.0551621,0.8082228
13.275672,-0.027911,0.137344,-10.500921,0.2407162,-0.0585289,0.8083141
13.282474,0.032802,0.039734,-10.569095,0.2395871,-0.0589328,0.8083397
13.289516,-0.029404,0.140338,-9.393157,0.3124017,-0.0340947,0.8083525
13.296393,0.008461,0.079409,-8.629189,0.3781071,-0.0060633,0.8083541
13.310279,-0.008582,0.106651,-7.783829,0.4666108,0.0348251,0.8083331
13.317189,-0.004756,0.100596,-7.584748,0.4846517,0.0437722,0.8083159
13.324186,-0.028074,0.137606,-7.513075,0.4890928,0.0462892,0.8082972
13.331118,-0.012432,0.112974,-7.479204,0.4847123,0.0444917,0.8082790
13.344975,0.030587,0.039083,-6.725902,0.3643600,0.0384285,0.8082502
13.351900,-0.013029,0.104937,-6.657019,0.3118173,0.0367450,0.8082408
13.358933,-0.043112,0.149840,-6.661613,0.2738751,0.0364123,0.8082350
13.365821,-0.004338,0.088648,-6.862990,0.2135325,0.0273983,0.8082327
13.379693,0.014458,0.058902,-7.723734,0.1040148,-0.0018752,0.8082357
13.386692,-0.037353,0.135929,-8.058865,0.0714833,-0.0131317,0.8082398
13.393658,-0.029555,0.124144,-8.293202,0.0546593,-0.0203141,0.8082446
13.400514,0.001216,0.079638,-8.473258,0.0503900,-0.0237150,0.8082498
13.407536,-0.048175,0.151422,-8.638750,0.0544502,-0.0242828,0.8082545
13.421508,-0.055890,0.162439,-8.851706,0.0720039,-0.0213317,0.8082618
13.428367,0.002446,0.080970,-8.919577,0.0801207,-0.0195412,0.8082640
13.435287,-0.026523,0.121394,-8.980446,0.0859146,-0.0182150,0.8082651
13.442397,-0.083699,0.199481,-9.028221,0.0892091,-0.0174827,0.8082656
13.456206,-0.069828,0.178712,-9.088704,0.0898697,-0.0175185,0.8082644
13.463036,-0.006709,0.093862,-9.109179,0.0884913,-0.0179699,0.8082632
13.470029,-0.058993,0.162341,-9.124980,0.0867602,-0.0185017,0.8082619
13.477048,-0.069003,0.174405,-9.136798,0.0850855,-0.0190054,0.8082606
13.490962,-0.076855,0.182063,-9.152096,0.0827111,-0.0197376,0.8082582
13.497836,-0.031822,0.123763,-9.196270,0.0857710,-0.0194556,0.8082575
13.504844,-0.076283,0.179045,-9.222914,0.0896664,-0.0190391,0.8082569
13.511797,-0.061884,0.159867,-9.247716,0.0933934,-0.0186782,0.8082566
13.518695,-0.047428,0.140837,-9.268866,0.0962907,-0.0184773,0.8082566
13.532601,-0.033345,0.121370,-9.301093,0.0989204,-0.0185898,0.8082570
13.539541,-0.069399,0.163577,-9.309495,0.0989275,-0.0188170,0.8082573
13.546503,-0.079521,0.173993,-9.318267,0.0984192,-0.0190838,0.8082577
13.553403,-0.062513,0.152011,-9.328244,0.0976626,-0.0193435,0.8082581
13.567569,-0.161854,0.264011,-9.330109,0.0961636,-0.0197513,0.8082587
13.574279,-0.006932,0.082409,-9.352217,0.0956185,-0.0198912,0.8082588
13.581137,-0.061840,0.143863,-9.350242,0.0952410,-0.0199994,0.8082590
13.588295,-0.163658,0.257435,-9.342057,0.0950079,-0.0200888,0.8082590
13.602065,-0.063586,0.137659,-9.434016,0.0553002,-0.0264072,0.8082590
13.609053,-0.119800,0.196574,-9.452387,0.0355069,-0.0292325,0.8082589
13.616010,-0.113602,0.186214,-9.475807,0.0203384,-0.0310996,0.8082589
13.622930,-0.104889,0.173482,-9.496205,0.0107522,-0.0319618,0.8082588
13.636838,-0.134866,0.199711,-9.520184,0.0056571,-0.0316146,0.8082587
13.643888,-0.160098,0.222084,-9.556308,-0.0400073,-0.0580970,0.8082586
13.650693,-0.077646,0.131511,-9.603691,-0.0881677,-0.0871282,0.8082586
13.657683,-0.145468,0.197979,-9.613440,-0.1303453,-0.1126921,0.8082585
13.671578,-0.122836,0.167281,-9.653157,-0.1786811,-0.1416024,0.8082584
13.678469,-0.123326,0.164448,-9.666531,-0.1855172,-0.1453475,0.8082584
13.685398,-0.142221,0.179876,-9.674078,-0.1845722,-0.1443683,0.8082584
13.692380,-0.165672,0.199505,-9.679177,-0.1792480,-0.1408223,0.8082584
13.699296,-0.148263,0.179180,-9.692593,-0.1724245,-0.1365110,0.8082584
13.713219,-0.140495,0.165050,-9.710028,-0.1614160,-0.1298987,0.8082585
13.720123,-0.161350,0.180969,-9.711642,-0.1586785,-0.1283902,0.8082585
13.727128,-0.200496,0.213244,-9.708242,-0.1577263,-0.1279730,0.8082585
13.734058,-0.181486,0.191680,-9.717917,-0.1581081,-0.1283298,0.8082586
13.747898,-0.185622,0.188046,-9.745773,-0.1435312,-0.1264320,0.8082587
13.754953,-0.242175,0.234549,-9.749563,-0.1255442,-0.1233890,0.8082588
13.761883,-0.205754,0.199022,-9.773675,-0.1092626,-0.1208066,0.8082588
13.768712,-0.176093,0.169734,-9.794188,-0.0971556,-0.1191460,0.8082588
13.782590,-37.590706,49.819813,6.866649,0.1737613,0.1552965,0.1502012
13.789642,-145.263214,193.361069,55.716259,0.6693329,0.9146566,-0.6711600
13.796549,-47.315491,60.600761,8.733397,0.5083894,0.3725577,-0.5350971
13.803483,-8.500662,9.934242,-8.816667,0.0711112,0.0815331,-0.2797203
13.810486,-3.545319,4.715766,-8.980410,-0.0032848,0.0180058,-0.0857010
13.824405,-3.115084,4.671427,-7.926501,0.1550462,-0.0351968,0.2061715
13.831304,-2.504370,3.998217,-8.837697,0.1979581,-0.0608531,0.2845740
13.838303,-1.946117,3.352045,-9.497063,0.2118940,-0.0774272,0.3258924
13.845192,-1.420701,2.803628,-10.089279,0.2021971,-0.0835896,0.3339813
13.859029,-0.811998,2.100610,-11.017575,0.1393515,-0.0726761,0.2768276
13.865968,-0.724705,1.988256,-11.380122,0.1000636,-0.0593387,0.2275105
13.872970,-0.776783,1.999354,-11.656468,0.0626451,-0.0439994,0.1748743
13.879849,-0.893693,2.126494,-11.935143,0.0312757,-0.0284340,0.1248483
13.893783,-1.379191,2.564896,-12.220650,-0.0073970,-0.0021087,0.0489406
13.900721,-1.608788,2.792953,-12.341836,-0.0146166,0.0075376,0.0267252
13.907720,-1.845434,3.015755,-12.383471,-0.0144229,0.0145411,0.0143669
13.914573,-2.011274,3.220811,-12.502420,-0.0088122,0.0188614,0.0103022
13.928488,-2.207226,3.429021,-12.534656,0.0102834,0.0215445,0.0183413
13.935418,-2.274585,3.513146,-12.677376,0.0231930,0.0212050,0.0266156
13.942414,-2.285443,3.532408,-12.753251,0.0345066,0.0200816,0.0350207
13.949283,-2.264844,3.573866,-12.900710,0.0437153,0.0185323,0.0416587
13.956284,-2.216300,3.520553,-12.906338,0.0489203,0.0166454,0.0459505
13.970102,-2.073223,3.463835,-13.082249,0.0496201,0.0139690,0.0462909
13.977143,-2.031493,3.405632,-13.037876,0.0462783,0.0134789,0.0431978
13.984086,-1.994845,3.415840,-13.116330,0.0424409,0.0137298,0.0386957
13.990990,-1.968497,3.415583,-13.160168,0.0380930,0.0141703,0.0337129
14.005043,-1.993791,3.401290,-13.037865,0.0310704,0.0155719,0.0242952
14.011813,-2.160446,3.546717,-13.081439,0.0564655,0.0203807,0.0285072
14.018800,-2.353805,3.599127,-12.812758,0.0862026,0.0238462,0.0386823
14.025813,-2.425214,3.612474,-12.519666,0.1131985,0.0234201,0.0507607
14.039700,-2.303264,3.458922,-12.064260,0.1434974,0.0135171,0.0686090
14.046501,-2.049714,3.299351,-12.040546,0.1334373,0.0021126,0.0673826
14.053507,-1.814176,3.086905,-11.714282,0.1055431,-0.0115346,0.0565489
14.060421,-1.573964,2.913594,-11.626678,0.0725959,-0.0218963,0.0410866
14.067414,-1.528023,2.866033,-11.481920,0.0461816,-0.0254946,0.0249627
14.081277,-1.589561,2.927045,-11.379263,0.0181886,-0.0220567,0.0027187
14.088278,-1.701223,3.001948,-11.312585,0.0169156,-0.0185131,-0.0018522
14.095181,-1.752989,3.066990,-11.332477,0.0195837,-0.0165078,-0.0027970
14.102130,-1.837174,3.137573,-11.299301,0.0256540,-0.0153957,-0.0016137
14.115974,-1.844491,3.178351,-11.361359,0.0344976,-0.0185966,0.0029080
14.122978,-1.858202,3.171644,-11.340297,0.0370067,-0.0210146,0.0044597
14.129867,-1.811095,3.165740,-11.414983,0.0370398,-0.0238399,0.0051876
14.136816,-1.794524,3.146863,-11.426837,0.0357807,-0.0262401,0.0049821
14.150729,-1.782815,3.169376,-11.490942,0.0329994,-0.0286982,0.0028111
14.157665,-1.769573,3.145163,-11.504049,0.0302924,-0.0301073,0.0014983
14.164582,-1.693639,3.097501,-11.469104,0.0191454,-0.0332527,-0.0030144
14.171780,-1.705897,3.055726,-11.342545,0.0080074,-0.0353357,-0.0088895
14.185404,-1.632778,3.060501,-11.413049,-0.0095942,-0.0367749,-0.0193710
14.192431,-1.666976,3.067501,-11.369545,-0.0138108,-0.0362285,-0.0227191
14.199337,-1.503587,3.005229,-11.207104,-0.0384430,-0.0463950,-0.0328193
14.206374,-1.369677,2.882188,-11.078621,-0.0658671,-0.0566168,-0.0450501
14.220178,-1.277688,2.844731,-10.951720,-0.1032646,-0.0642927,-0.0664991
14.227149,-1.297452,2.871295,-10.919469,-0.1108301,-0.0637510,-0.0724137
14.234053,-1.317773,2.911669,-10.912736,-0.1128788,-0.0625769,-0.0750236
14.241102,-1.397782,2.954683,-10.851061,-0.1105453,-0.0613472,-0.0751644
14.247927,-1.354756,2.981931,-10.919472,-0.1079855,-0.0618081,-0.0736436
14.261860,-1.365875,3.007700,-10.924180,-0.1023749,-0.0643064,-0.0698095
14.268797,-1.356128,2.984701,-10.940627,-0.1032126,-0.0671984,-0.0676437
14.275791,-1.368429,2.972570,-10.966328,-0.1073238,-0.0711806,-0.0641261
14.282638,-1.337666,2.990714,-11.023207,-0.1101945,-0.0742332,-0.0613273
14.296623,-1.361828,2.966783,-11.027419,-0.1167876,-0.0796907,-0.0558116
14.303501,-1.324381,2.950823,-11.118063,-0.1214908,-0.0825830,-0.0526771
14.310478,-1.323971,2.899867,-11.071797,-0.1356154,-0.0886290,-0.0541097
14.317405,-1.298409,2.880121,-11.066078,-0.1477785,-0.0936331,-0.0586434
14.331300,-1.279247,2.836923,-11.105504,-0.1671221,-0.0996854,-0.0688020
14.338290,-1.311070,2.818977,-11.086796,-0.1723276,-0.0991936,-0.0725165
14.345207,-1.322282,2.832345,-11.119953,-0.1747375,-0.0962846,-0.0746573
14.352120,-1.317290,2.823417,-11.137879,-0.1747133,-0.0949780,-0.0765536
14.359157,-1.370582,2.833064,-11.112752,-0.1736459,-0.0922547,-0.0770494
14.372937,-1.343641,2.844636,-11.187108,-0.1708251,-0.0924290,-0.0774663
14.379941,-1.387671,2.849986,-11.162707,-0.1703640,-0.0927079,-0.0768392
14.386868,-1.361492,2.845915,-11.203045,-0.1705474,-0.0953288,-0.0765800
14.393807,-1.368983,2.847241,-11.214158,-0.1714547,-0.0975631,-0.0760160
14.407671,-1.283346,2.789364,-11.062004,-0.1930102,-0.1170738,-0.0776691
14.414612,-1.208168,2.733953,-10.975667,-0.2138849,-0.1359581,-0.0807614
14.421599,-1.164151,2.685236,-10.905664,-0.2315969,-0.1512164,-0.0837596
14.428507,-1.090836,2.638495,-10.897895,-0.2440261,-0.1620148,-0.0863836
14.442406,-0.751903,2.412917,-10.871445,-0.2477829,-0.0370965,-0.0791662
14.449353,-0.801780,2.470779,-10.830392,-0.2421207,-0.0288929,-0.0832736
14.456440,-0.896607,2.523163,-10.791969,-0.2393936,-0.0279902,-0.0849057
14.463258,-0.884672,2.587266,-10.859726,-0.2395868,-0.0321672,-0.0841711
14.470184,-0.948552,2.611590,-10.852435,-0.2422688,-0.0406109,-0.0814923
14.484095,-0.031952,-0.091870,-13.368783,-0.6864899,-0.5036895,0.2109547
14.491101,-0.076770,-0.054281,-13.123568,-0.6947626,-0.5200825,0.3180862
14.498037,-0.060510,-0.068825,-13.054035,-0.6309966,-0.4620116,0.3932827
14.505002,-0.082399,-0.050817,-12.973895,-0.5422758,-0.3765491,0.4367071
14.518789,-0.081760,-0.052691,-12.957462,-0.3990061,-0.2348466,0.4423601
14.525809,-0.125690,-0.018392,-12.900637,-0.3630427,-0.1986978,0.4155156
14.532690,-0.083560,-0.053645,-12.984732,-0.3482317,-0.1838578,0.3771678
14.539632,-0.106598,-0.037087,-12.968410,-0.3479378,-0.1839903,0.3332580
14.553548,-0.132365,-0.028731,-12.976170,-0.4330664,-0.1793995,0.1737186
14.560499,-0.120067,-0.047213,-13.013527,-0.5012915,-0.1644406,0.0399039
14.567441,-0.121414,-0.053238,-13.014606,-0.5524350,-0.1531763,-0.0964640
14.574403,-0.130977,-0.050679,-12.982854,-0.5817582,-0.1482101,-0.2226138
14.588348,-0.166682,-0.028119,-12.862088,-0.5879536,-0.1521930,-0.4116476
14.595229,-0.113126,-0.067456,-12.919846,-0.5768164,-0.1561734,-0.4671908
14.602164,-0.134110,-0.052701,-12.868192,-0.5634180,-0.1589919,-0.4968822
14.609218,-0.173020,-0.025978,-12.799208,-0.5511066,-0.1599934,-0.5037163
14.616131,-0.132730,-0.055465,-12.867046,-0.5415362,-0.1592444,-0.4920444
14.630054,-0.112172,-0.072958,-12.922286,-0.5312263,-0.1542530,-0.4331157
14.637174,-0.204048,-0.012768,-12.782731,-0.5292839,-0.1510177,-0.3963121
14.644001,-0.121768,-0.069994,-12.929991,-0.5283296,-0.1477389,-0.3601470
14.650929,-0.155343,-0.049724,-12.883097,-0.5276771,-0.1446240,-0.3277216
14.664734,-0.119343,-0.076063,-12.959058,-0.5257311,-0.1392924,-0.2814730
14.671799,-0.203745,-0.024649,-12.821895,-0.5242015,-0.1371387,-0.2690119
14.678611,-0.130355,-0.054046,-12.642399,-0.3695423,-0.1896065,-0.3418437
14.685601,-0.179849,-0.007440,-12.382509,-0.1984948,-0.2460588,-0.4405877
14.699439,-0.153846,-0.002379,-12.185379,0.0449777,-0.3154401,-0.6600068
14.706470,-0.195083,0.026033,-12.047124,0.0941502,-0.3203443,-0.7587355
14.713543,-0.209904,0.034715,-11.966187,0.1047622,-0.3122642,-0.8403949
14.720250,-0.117468,-0.030902,-12.049127,0.0913723,-0.2989175,-0.9013844
14.734276,-0.199410,0.016557,-11.904692,0.0432935,-0.2771866,-0.9596598
14.741196,-0.183604,0.001504,-11.931314,0.0243414,-0.2724811,-0.9608555
14.748133,-0.194643,0.007093,-11.931282,0.0130121,-0.2712556,-0.9481156
14.755139,-0.213714,0.020199,-11.926098,0.0089204,-0.2721158,-0.9256209
14.762089,-0.200783,0.008738,-11.971614,0.0103801,-0.2737912,-0.8974476
14.775984,-0.212262,0.016279,-12.011405,0.0214691,-0.2764161,-0.8386229
14.783006,-0.225665,0.027054,-12.018007,0.0276357,-0.2767578,-0.8133830
14.789923,-0.207783,0.010101,-12.074819,0.0328478,-0.2764807,-0.7932093
14.796848,-0.212586,0.013072,-12.093278,0.0367892,-0.2757626,-0.7787790
14.810768,-0.244950,0.034645,-11.275518,0.0429744,-0.2071784,-0.7667878
14.817588,-0.204160,-0.013642,-10.785210,0.0460228,-0.1275828,-0.7679217
14.824645,-0.267794,0.044341,-10.379168,0.0491497,-0.0580947,-0.7724168
14.831514,-0.231964,0.003397,-10.163219,0.0525609,-0.0081566,-0.7791715
14.845435,-0.263556,0.033998,-9.940536,0.0594100,0.0298434,-0.7951030
14.852368,-0.257836,0.023395,-9.405704,0.0333917,0.0701534,-0.8025847
14.859630,-0.321141,0.088846,-9.097949,0.0019948,0.1061745,-0.8089449
14.866512,-0.207443,-0.039225,-8.842506,-0.0270995,0.1346741,-0.8139897
14.873558,-0.286089,0.046907,-8.788464,-0.0464671,0.1510179,-0.8172820
14.887478,-0.291333,0.054258,-8.788162,-0.0598197,0.1580472,-0.8194636
14.894289,-2.806263,3.565445,-8.167460,-0.0981598,0.0772828,-0.3138714
14.901210,-11.839861,36.330421,16.705700,2.2452397,-2.5425863,3.5120888
14.908228,0.395139,10.408424,-0.147855,3.1977992,-1.7993505,4.0478683
14.922082,0.178139,4.147042,-11.340275,2.0614295,-0.4290740,3.6579990
14.928992,0.141079,5.149851,-11.827324,1.5641201,0.1242477,3.4675744
14.935936,0.077888,5.845976,-12.582664,1.2338607,0.4953960,3.2749660
14.942931,-28.426403,41.064228,5.634690,2.2109013,0.8727044,1.0421361
14.956847,-3.397686,6.090641,-18.034967,0.4928607,0.7463426,0.1936235
14.963691,-2.073642,4.019385,-17.801432,-0.1550775,0.4366062,0.0982457
14.970674,-0.934598,4.098352,-14.602608,-0.2367155,0.1577974,0.0083015
14.977613,-1.038556,3.805736,-11.316884,-0.2314954,0.0228254,-0.0732457
14.984524,-1.419569,3.386505,-8.985898,-0.2431415,0.0122161,-0.1378182
14.998844,-2.250297,1.984247,-7.075709,-0.0771296,-0.0595923,-0.1915154
15.005545,-1.937625,1.622361,-5.851392,0.0838430,-0.0826087,-0.2313068
15.012379,-1.701013,1.415682,-5.293110,0.2584119,-0.0662923,-0.2704546
15.019289,-1.599727,1.336085,-5.031330,0.4066751,-0.0245470,-0.2907621
15.033222,-1.728953,1.456820,-4.317468,0.3505683,0.0657377,-0.3281552
15.040186,-1.715747,1.459023,-4.387654,0.2817165,0.0943429,-0.3449589
15.047058,-1.697647,1.432624,-4.469120,0.2179257,0.1046708,-0.3583283
15.054017,-1.652778,1.406059,-4.780692,0.1696414,0.1007216,-0.3728568
15.067903,-1.623797,1.374092,-5.340558,0.1259213,0.0677583,-0.3855468
15.074931,-1.640965,1.425861,-5.782070,0.1234357,0.0498177,-0.3837181
15.081777,-1.640549,1.406945,-6.037459,0.1275795,0.0359366,-0.3773681
15.088926,-1.648695,1.465461,-6.505837,0.1345548,0.0272957,-0.3675869
15.102689,-1.690671,1.490486,-7.042999,0.1481530,0.0218120,-0.3335038
15.109610,-1.748271,1.552346,-7.312977,0.1528665,0.0217503,-0.3083274
15.116519,-1.787557,1.595500,-7.573603,0.1558289,0.0226033,-0.2810484
15.123549,-1.976916,1.805571,-8.315302,0.0736161,0.0486613,-0.2313703
15.130422,-2.180703,1.987001,-8.829499,-0.0169847,0.0722180,-0.1610247
15.144413,-1.870083,2.269419,-8.918047,-0.0240550,0.0436577,-0.0600763
15.151286,-1.812509,2.303513,-9.112745,-0.0114283,0.0386757,-0.0412963
15.158221,-1.810257,2.383120,-9.261539,-0.0055224,0.0375561,-0.0318508
15.165157,-1.832842,2.497489,-9.301605,-0.0008111,0.0370066,-0.0238913
15.179126,-1.218186,2.932476,-9.091492,-0.1495889,0.0935135,-0.0370299
15.186022,-0.915677,3.059937,-8.588715,-0.2733645,0.1921208,-0.0583640
15.193022,-0.506604,3.231725,-8.489220,-0.4379618,0.3312675,-0.0788755
15.199891,-0.184005,3.216109,-8.282979,-0.5753233,0.4484138,-0.1139887
15.206855,0.025024,3.131927,-8.254015,-0.6890516,0.5223555,-0.1629965
15.220708,0.193804,2.839899,-8.606077,-0.9114650,0.5187376,-0.2923056
15.227724,0.123674,2.688177,-8.787079,-1.0258608,0.4555836,-0.3617589
15.234753,0.028428,2.005518,-8.772577,-0.8999301,0.2722838,-0.4109684
15.241609,0.010263,1.505690,-8.048860,-0.7024788,0.0805461,-0.4283149
15.255460,-0.576271,0.717146,-8.069514,-0.4778325,-0.0618651,-0.3445704
15.262447,-0.512071,0.577699,-7.769974,-0.3481887,-0.0703864,-0.2734033
15.269383,-0.469449,0.496450,-7.576113,-0.2216773,-0.0555797,-0.1904576
15.276305,-0.434091,0.419584,-7.512292,-0.1213423,-0.0300752,-0.1075963
15.283204,-0.388684,0.406772,-7.421426,-0.0430904,-0.0066842,-0.0277656
15.297084,-0.260741,0.517789,-7.154728,0.0725326,-0.0148546,0.1017698
15.304039,-0.234617,0.601891,-7.100739,0.1061698,-0.0117477,0.1558422
15.311069,-0.230212,0.740209,-7.013362,0.1329241,-0.0078930,0.2050481
15.317921,-0.188440,0.792654,-6.933235,0.1430989,-0.0040340,0.2456469
15.331843,-0.209897,1.006474,-6.879269,0.1452252,0.0004380,0.3057452
15.339046,-0.299900,1.135470,-7.001703,0.1432002,0.0019485,0.3261052
15.345824,-0.191704,1.177320,-6.772606,0.1468714,0.0021544,0.3438045
15.352850,-0.289926,1.290543,-6.913295,0.1472152,0.0031835,0.3554102
15.359820,-0.294918,1.366471,-6.880238,0.1497196,0.0038397,0.3644091
15.373643,-0.329092,1.465237,-6.920062,0.1459126,0.0067536,0.3709045
15.380505,-0.330652,1.519861,-6.879725,0.1463835,0.0071093,0.3732475
15.387494,-0.380096,1.545829,-6.981409,0.1402943,0.0084669,0.3719700
15.394470,-0.399266,1.584254,-6.984472,0.1361960,0.0087530,0.3712520
15.408399,-0.440251,1.623645,-7.031750,0.1233018,0.0086939,0.3671544
15.415325,-0.450078,1.617397,-7.066927,0.1158485,0.0083494,0.3650526
15.422230,-0.465922,1.622007,-7.089202,0.1087666,0.0077098,0.3632398
15.429181,-0.495431,1.625766,-7.137040,0.1015442,0.0070172,0.3615081
15.436109,-0.510396,1.627989,-7.151471,0.0957360,0.0060240,0.3606944
15.449970,-0.538113,1.629990,-7.168728,0.0864262,0.0039267,0.3609433
15.456963,-0.581597,1.632049,-7.237546,0.0825596,0.0031272,0.3623457
15.463922,-0.591593,1.618503,-7.260400,0.0772916,0.0029507,0.3632410
15.470826,-0.600592,1.620775,-7.248063,0.0745959,0.0023355,0.3657435
15.484693,-0.629297,1.612006,-7.270265,0.0689418,0.0073059,0.3723707
15.491736,-4.127101,5.901512,-5.685463,0.1154198,-0.0078359,0.1344563
15.498615,-2.427234,3.395333,-7.253194,0.0124310,0.0160721,0.0124988
15.505693,-1.337063,2.094101,-7.608688,-0.0408194,0.0154246,-0.0059159
15.519415,-1.075832,1.745193,-7.658296,-0.0728606,-0.0125928,-0.0090644
15.527169,-1.248847,1.828797,-7.878901,-0.0754382,-0.0281397,-0.0001810
15.533386,-0.923427,1.495222,-7.721286,-0.0846721,-0.0640777,0.0300242
15.540395,-0.893409,1.304240,-8.119149,-0.0965346,-0.1041615,0.0628814
15.547302,-0.721098,1.043440,-8.273645,-0.1063805,-0.1355822,0.0896993
15.561190,-0.552001,0.777951,-8.454391,-0.1031746,-0.1640367,0.1303268
15.568120,-0.319711,-0.026109,-9.628533,-0.2264752,0.0017512,0.0710734
15.575103,-0.341736,-0.013004,-9.595569,-0.2793495,0.1005013,0.0183600
15.582007,-0.328562,-0.036272,-9.572971,-0.2828762,0.1450293,-0.0245157
15.595901,-0.330231,-0.033058,-9.551538,-0.2141286,0.1276942,-0.0753615
15.602838,-0.341201,-0.016998,-9.547669,-0.1720889,0.0958728,-0.0838666
15.609856,-0.361318,0.009239,-9.544734,-0.1369908,0.0635314,-0.0830044
15.616724,-0.326021,-0.032546,-9.548251,-0.1120275,0.0367695,-0.0748933
15.623767,-0.370342,0.019806,-9.544437,-0.0971384,0.0181636,-0.0618391
15.637569,-0.353929,-0.005096,-9.547711,-0.0891836,0.0041060,-0.0296388
15.644527,-0.358269,-0.003591,-9.547888,-0.0909143,0.0050930,-0.0141171
15.652075,-0.492869,0.152917,-9.535105,-0.0935388,0.0086054,-0.0007119
15.658485,-0.209192,-0.189016,-9.562544,-0.0956887,0.0129387,0.0098950
15.665398,-0.357646,-0.016196,-9.548169,-0.0965968,0.0167910,0.0172444
15.679334,-0.361154,-0.019218,-9.547804,-0.0943058,0.0210491,0.0228139
15.686421,-0.408481,0.033208,-9.543489,-0.0915994,0.0213826,0.0218382
15.693312,-0.364858,-0.021520,-9.547770,-0.0883583,0.0208518,0.0191184
15.700168,-0.359502,-0.031034,-9.548515,-0.0849345,0.0197980,0.0152782
15.714109,-0.393001,0.001610,-9.545922,-0.0784790,0.0172710,0.0065086
15.720996,-0.376348,-0.021239,-9.547677,-0.0756679,0.0161647,0.0024862
15.728009,-0.409606,0.014078,-9.544885,-0.0731514,0.0152675,-0.0008827
15.735081,-0.426347,0.030076,-9.543610,-0.0708835,0.0145785,-0.0034386
15.742112,-0.374666,-0.033700,-9.548519,-0.0687179,0.0140433,-0.0051564
15.755947,-0.395984,-0.015877,-9.547115,-0.0648903,0.0133245,-0.0061188
15.762871,-0.404471,-0.009505,-9.546630,-0.0630652,0.0130296,-0.0056637
15.769761,-0.399683,-0.018552,-9.547348,-0.0612663,0.0127359,-0.0048003
15.776806,-0.439423,0.024046,-9.544108,-0.0594873,0.0124294,-0.0036949
15.790717,-0.454854,0.034957,-9.543352,-0.0560048,0.0117671,-0.0013402
15.797618,-0.414976,-0.014638,-9.547181,-0.0543155,0.0114203,-0.0003133
15.804518,-0.418319,-0.014249,-9.547193,-0.0526712,0.0110722,0.0005178
15.811521,-0.443408,0.017445,-8.241441,-0.0085678,-0.0305428,-0.0959362
15.825419,-0.463607,0.037361,-2.565561,0.0838660,-0.1066240,-0.3559899
15.832285,-0.422652,-0.016726,-0.815605,0.1151145,-0.1301096,-0.4877920
15.839259,-0.447795,0.021399,-3.748112,0.3098571,-0.1504774,-0.5473859
15.846253,-0.453455,0.038698,-5.726868,0.4830181,-0.1502138,-0.5535274
15.853203,-0.446495,0.039410,-7.191726,0.6286403,-0.1352728,-0.5173111
15.867017,-0.445037,0.043860,-8.618666,0.7923498,-0.0984791,-0.3676553
15.874067,-0.478452,0.088776,-8.776706,0.8146889,-0.0889684,-0.2779375
15.880901,-0.435796,0.021775,-8.878636,0.8101740,-0.0870419,-0.1914344
15.887915,-0.477214,0.079444,-8.984624,0.7904868,-0.0906803,-0.1151991
15.902017,-0.506248,0.123547,-9.597359,0.8359265,-0.0830235,0.0176603
15.909008,-0.430552,0.001100,-10.005506,0.9092826,-0.0656081,0.0875564
15.915899,-0.464887,0.051330,-10.732451,0.8387243,-0.0830059,0.2004380
15.922896,-0.488016,0.086421,-11.259212,0.7634652,-0.1090751,0.3148977
15.929800,-0.470243,0.048982,-11.744588,0.6918581,-0.1352616,0.4203324
15.943693,-0.499174,0.074935,-12.353091,0.4265777,-0.1806237,0.6235799
15.950589,-0.475947,0.018516,-12.638321,0.3456807,-0.1845449,0.6967756
15.957669,-0.517685,0.084367,-12.728210,0.3045253,-0.1794910,0.7472867
15.964501,-0.472152,-0.011045,-13.010307,0.2957787,-0.1707861,0.7755274
15.978497,-0.524912,0.073301,-13.136827,0.3302955,-0.1575170,0.7757644
15.985371,-0.493391,0.007277,-13.334567,0.3535776,-0.1554994,0.7556007
15.992352,-0.521708,0.054822,-13.345120,0.3724351,-0.1558821,0.7278414
15.999242,-0.507251,0.020295,-13.466934,0.3846760,-0.1575222,0.6966044
16.006456,-0.576632,0.137334,-13.237024,0.3125407,-0.1483345,0.6758863
16.020151,-0.524107,0.000377,-13.393737,0.1547807,-0.1290276,0.6511499
16.027091,-0.538439,0.013960,-13.352448,0.1037269,-0.1223780,0.6469898
16.034049,-0.546984,0.019030,-13.328767,0.0768007,-0.1182893,0.6473438
16.041044,-0.558683,0.032439,-13.296844,0.0698180,-0.1164480,0.6511965
16.054836,-0.548875,-0.001849,-13.330853,0.0884109,-0.1173453,0.6649958
16.061876,-0.580959,0.053138,-13.240158,0.1018089,-0.1189689,0.6728992
16.068763,-0.554593,-0.005284,-13.318380,0.1128546,-0.1207420,0.6803670
16.075769,-0.582988,0.041634,-13.238500,0.1201461,-0.1223305,0.6868253
16.089600,-0.593002,0.043836,-13.214179,0.1243149,-0.1242944,0.6954783
16.096598,-0.595105,0.038803,-13.210980,0.1231304,-0.1246405,0.6975285
16.103459,-0.571969,-0.015118,-13.280258,0.1211781,-0.1246783,0.6982115
16.110445,-0.602282,0.033888,-13.197588,0.1192271,-0.1245341,0.6977638
16.117328,-0.586008,-0.006708,-13.247678,0.1177216,-0.1243242,0.6964721
16.131220,-0.586096,-0.043023,-12.598283,-0.0809668,-0.1280544,0.6780785
16.138179,-0.616372,-0.001489,-12.318896,-0.1634189,-0.1283176,0.6673477
16.145174,-0.628722,0.008101,-12.151830,-0.2177643,-0.1275309,0.6571238
16.152143,-0.628714,-0.003332,-12.063808,-0.2441454,-0.1261781,0.6482127
16.165994,-0.631418,-0.025507,-10.756850,-0.3565205,-0.1158507,0.5926979
16.173022,-0.658322,0.009412,-9.912136,-0.4424322,-0.1062333,0.5326711
16.179939,-0.641794,-0.029615,-9.078776,-0.4647892,-0.0961839,0.4566756
16.186842,-0.644384,-0.031613,-8.537766,-0.4645089,-0.0897609,0.3787585
16.200923,-0.693252,0.043822,-8.068649,-0.4284852,-0.0870960,0.2446262
16.207768,-0.646385,-0.043070,-7.960530,-0.4092053,-0.0886934,0.1969325
16.214781,-0.683821,0.016484,-8.012600,-0.3948343,-0.0909331,0.1644280
16.221523,-0.633604,-0.075311,-8.040792,-0.3864219,-0.0932275,0.1467161
16.235403,-0.660612,-0.040758,-8.317690,-0.3842042,-0.0967530,0.1483046
16.242429,-0.702237,0.023076,-8.495260,-0.3873158,-0.0976997,0.1622658
16.249339,-0.684231,-0.013741,-8.636858,-0.3912744,-0.0980648,0.1810914
16.256253,-0.689352,-0.011867,-8.790009,-0.3950697,-0.0979184,0.2020337
16.270118,-0.695640,-0.011824,-9.027164,-0.3577575,-0.0969151,0.2281056
16.277092,-0.713543,0.013734,-9.131878,-0.3161206,-0.0970794,0.2234445
16.284102,-0.724467,0.029599,-9.251554,-0.2479576,-0.0981991,0.2006811
16.291076,-0.713205,0.009706,-9.363911,-0.1866790,-0.0999273,0.1657142
16.297961,-0.709611,0.001286,-9.467113,-0.1414108,-0.1014000,0.1248490
16.311880,-0.736542,0.037332,-9.598621,-0.0950989,-0.1056219,0.0422374
16.318794,-0.726791,0.017247,-9.646108,-0.0869060,-0.1090214,0.0063828
16.325745,-0.737168,0.029484,-9.688957,-0.0866745,-0.1118676,-0.0225462
16.332651,-0.733012,0.017560,-9.734130,-0.0912950,-0.1139457,-0.0434666
16.339770,-0.773066,0.078566,-9.764445,-0.0979443,-0.1152725,-0.0562482
16.353711,-0.762944,0.051793,-9.846489,-0.1098653,-0.1161765,-0.0603637
16.360562,-0.738660,0.006147,-9.892316,-0.1132877,-0.1160600,-0.0543787
16.367506,-0.758273,0.034124,-9.917746,-0.1149464,-0.1157649,-0.0451385
16.374470,-0.765203,0.041086,-9.945156,-0.1152131,-0.1154108,-0.0341798
16.388330,-0.770522,0.040485,-9.995066,-0.1135085,-0.1148350,-0.0122707
16.395298,-0.776950,0.046724,-10.014036,-0.1123699,-0.1146813,-0.0032021
16.402210,-0.771882,0.032993,-10.036863,-0.1113953,-0.1146163,0.0038646
16.409193,-0.786599,0.053796,-10.046626,-0.1106955,-0.1146205,0.0087323
16.423089,-0.797535,0.063391,-10.006834,-0.1110689,-0.1174086,0.0068263
16.430038,-0.791899,0.048738,-9.980162,-0.1121152,-0.1204246,-0.0026084
16.436908,-0.783422,0.028936,-9.966995,-0.1131596,-0.1231258,-0.0149587
16.443902,-0.805725,0.064520,-9.947467,-0.1140255,-0.1251492,-0.0284849
16.450829,-0.799098,0.048023,-9.948593,-0.1146430,-0.1264111,-0.0417190
16.464735,-0.802613,0.045401,-9.954750,-0.1151820,-0.1271143,-0.0631938
16.471644,-0.806662,0.050281,-9.727431,-0.0967365,-0.1331919,-0.0681086
16.478681,-0.827622,0.087399,-9.577950,-0.0748886,-0.1395903,-0.0690041
16.485573,-0.810500,0.052387,-9.483213,-0.0549437,-0.1451212,-0.0666760
16.499414,-0.820844,0.065867,-9.186040,-0.0163815,-0.1541557,-0.0563736
16.506378,-0.830299,0.080173,-9.071055,-0.0060642,-0.1556928,-0.0493239
16.513367,-0.836862,0.088597,-9.006340,-0.0014933,-0.1558619,-0.0419675
16.520245,-0.825849,0.061031,-8.967113,-0.0011844,-0.1551877,-0.0350299
16.534162,-0.834712,0.068047,-8.973765,-0.0067883,-0.1531100,-0.0243245
16.541173,-0.852666,0.100530,-9.005846,-0.0101017,-0.1522756,-0.0210407
16.548063,-0.841176,0.070568,-9.029318,-0.0127473,-0.1517372,-0.0191638
16.555001,-0.850329,0.084521,-9.061167,-0.0178458,-0.1497905,-0.0168451
16.561991,-0.859604,0.099333,-9.097486,-0.0227045,-0.1479221,-0.0144184
16.575932,-0.866683,0.104561,-9.168853,-0.0289738,-0.1454074,-0.0101410
16.582764,-0.851144,0.063155,-9.181961,-0.0288928,-0.1444456,-0.0075256
16.589765,-0.872898,0.108777,-9.213279,-0.0275448,-0.1438464,-0.0046535
16.596723,-0.871311,0.099889,-9.236955,-0.0256487,-0.1435747,-0.0018382
16.610861,-0.903381,0.168261,-9.295268,-0.0221904,-0.1437219,0.0027415
16.617602,-0.847612,0.024810,-9.303684,-0.0210820,-0.1439698,0.0042739
16.624610,-0.887855,0.119899,-9.336090,-0.0204613,-0.1442270,0.0052254
16.631535,-0.882535,0.100979,-9.355545,-0.0202179,-0.1444550,0.0056534
16.645600,-0.914496,0.174757,-9.397971,-0.0203780,-0.1447554,0.0052646
16.652310,-0.869646,0.048525,-9.407023,-0.0205648,-0.1448324,0.0046561
16.659314,-0.900903,0.127938,-9.399552,-0.0196089,-0.1451448,0.0047503
16.666276,-0.899788,0.119515,-9.394681,-0.0183625,-0.1454621,0.0053696
16.673190,-0.897544,0.107597,-9.393927,-0.0171438,-0.1457409,0.0063455
16.687046,-0.899007,0.099591,-9.401789,-0.0154696,-0.1460930,0.0087200
16.694121,-0.919242,0.154863,-9.411885,-0.0150780,-0.1461730,0.0098560
16.700944,-0.901340,0.093907,-9.415627,-0.0149203,-0.1462094,0.0108325
16.707888,-0.913729,0.126289,-9.425355,-0.0149170,-0.1462206,0.0115969
16.721807,-0.919609,0.133097,-9.441495,-0.0150876,-0.1462240,0.0124261
16.728763,-0.922005,0.135048,-9.449218,-0.0151633,-0.1462333,0.0125180
16.735670,-0.920982,0.124811,-9.391875,-0.0161079,-0.1470001,0.0290421
16.742657,-0.929070,0.146242,-9.359639,-0.0171505,-0.1478447,0.0533408
16.756604,-0.938006,0.163066,-9.233598,-0.0188277,-0.1507764,0.1111864
16.763527,-0.932730,0.134782,-9.158038,-0.0193310,-0.1528668,0.1390922
16.770546,-0.941670,0.159091,-9.118262,-0.0194812,-0.1545729,0.1631398
16.777477,-0.939034,0.138684,-9.086195,-0.0193328,-0.1557366,0.1820172
16.791402,-0.953883,0.175801,-9.081120,-0.0185641,-0.1565707,0.2026291
16.798243,-0.942414,0.116163,-9.069825,-0.0181509,-0.1564886,0.2049981
16.805193,-0.952831,0.147678,-9.088979,-0.0178162,-0.1562602,0.2031630
16.812251,-0.961661,0.174423,-9.109979,-0.0175881,-0.1559947,0.1982078
16.819052,-0.950893,0.113173,-9.110135,-0.0174699,-0.1557653,0.1912564
16.832956,-0.958037,0.119705,-9.099615,-0.0173527,-0.1557363,0.1818219
16.839909,-0.967821,0.153845,-9.113163,-0.0173508,-0.1558267,0.1789344
16.846870,-0.970960,0.156674,-9.100599,-0.0173670,-0.1553569,0.1769103
16.853716,-0.968537,0.130198,-9.089596,-0.0173885,-0.1548338,0.1758356
16.867688,-0.977885,0.152410,-9.088056,-0.0172915,-0.1536293,0.1729864
16.874615,-0.980506,0.153169,-9.086530,-0.0171494,-0.1530039,0.1694084
16.881534,-0.982914,0.152649,-9.089981,-0.0170162,-0.1525535,0.1653970
16.888473,-0.986247,0.158507,-9.098819,-0.0169145,-0.1522986,0.1614058
16.902356,-0.986929,0.132336,-9.112191,-0.0168246,-0.1522554,0.1547865
16.909379,-0.996292,0.181790,-9.137363,-0.0168237,-0.1523699,0.1525360
16.916289,-0.994967,0.156457,-9.142612,-0.0168369,-0.1525131,0.1510745
16.923196,-0.997223,0.157298,-9.141912,-0.0167950,-0.1524795,0.1479979
16.930224,-1.002961,0.186494,-9.152682,-0.0167421,-0.1524054,0.1443894
16.944123,-1.006996,0.188344,-9.164937,-0.0166596,-0.1522488,0.1372456
16.950986,-1.005048,0.152031,-9.163131,-0.0166414,-0.1522041,0.1343143
16.958001,-1.010716,0.188686,-9.180375,-0.0166368,-0.1521882,0.1320454
16.964868,-1.009544,0.156018,-9.180331,-0.0166407,-0.1521967,0.1304979
16.973064,-1.033500,0.418219,-9.252335,-0.0166474,-0.1522225,0.1296532
16.986942,-1.016299,0.164123,-9.207150,-0.0166482,-0.1523048,0.1298788
16.993957,-1.020098,0.195428,-9.221488,-0.0166374,-0.1523392,0.1305843
17.000860,-1.020401,0.171459,-9.222607,-0.0166189,-0.1523686,0.1314940
17.007857,-1.023337,0.194063,-9.233931,-0.0165941,-0.1523928,0.1324820
17.021622,-1.025087,0.153764,-9.236086,-0.0165336,-0.1524279,0.1342963
17.028681,-1.028862,0.211734,-9.253913,-0.0165022,-0.1524415,0.1349890
17.035598,-1.029598,0.181330,-9.233710,-0.0165419,-0.1524144,0.1328402
17.042553,-1.031434,0.191233,-9.228401,-0.0166043,-0.1523819,0.1290946
17.049415,-1.032796,0.171783,-9.219647,-0.0166745,-0.1523545,0.1244356
17.063704,-1.035893,0.275874,-9.243808,-0.0168029,-0.1523364,0.1147354
17.070284,-1.038249,0.109210,-9.152366,-0.0176238,-0.1516492,0.1059498
17.077911,-1.036872,0.334096,-9.186652,-0.0185943,-0.1508954,0.0952595
17.084408,-1.043270,0.046043,-9.056496,-0.0199053,-0.1500462,0.0815757
17.098280,-1.042451,0.200648,-9.068512,-0.0219151,-0.1489726,0.0545667
17.105168,-1.043763,0.190659,-9.058472,-0.0224981,-0.1487660,0.0432287
17.112145,-1.043672,0.212136,-9.065145,-0.0228149,-0.1487348,0.0342987
17.119078,-1.044788,0.204625,-9.065372,-0.0229270,-0.1488185,0.0280521
17.126030,-1.045061,0.211067,-9.073316,-0.0229051,-0.1489586,0.0244641
17.139928,-1.047088,0.201375,-9.083631,-0.0217670,-0.1488043,0.0181748
17.147000,-1.044263,0.242749,-9.106357,-0.0211882,-0.1486937,0.0159549
17.153873,-1.049476,0.187638,-9.096169,-0.0208690,-0.1489463,0.0135698
17.160870,-1.046073,0.231179,-9.119586,-0.0207439,-0.1492547,0.0113271
17.174769,-1.045882,0.239040,-9.138991,-0.0208659,-0.1497986,0.0078330
17.181684,-1.048607,0.218608,-9.140331,-0.0210058,-0.1499636,0.0067417
17.188639,-1.047495,0.230877,-9.151759,-0.0211427,-0.1500528,0.0061049
17.195604,-1.047262,0.235489,-9.160252,-0.0212536,-0.1500815,0.0058796
17.202476,-1.050021,0.217597,-9.161264,-0.0213286,-0.1500692,0.0059964
17.216348,-1.052066,0.210273,-9.170894,-0.0213769,-0.1499969,0.0069118
17.223306,-1.047297,0.242823,-9.186003,-0.0213656,-0.1499625,0.0075358
17.230329,-1.044946,0.258347,-9.192486,-0.0216372,-0.1493797,0.0078276
17.237199,-1.050410,0.228539,-9.185930,-0.0219641,-0.1487514,0.0078368
17.251144,-1.056517,0.200261,-9.183103,-0.0225043,-0.1477819,0.0072565
17.258188,-1.043108,0.271619,-9.204994,-0.0235476,-0.1459225,-0.0176470
17.265056,-1.050167,0.236928,-9.198676,-0.0247865,-0.1440250,-0.0532205
17.271975,-1.047118,0.251254,-9.207150,-0.0259807,-0.1424219,-0.0939054
17.278944,-1.043737,0.265089,-9.213775,-0.0269855,-0.1413123,-0.1349607
17.292818,-1.040900,0.270193,-9.214684,-0.0282906,-0.1405777,-0.2042667
17.299751,-1.040023,0.269053,-9.212611,-0.0286487,-0.1407336,-0.2283598
17.306684,-1.037774,0.272992,-9.212268,-0.0288734,-0.1410504,-0.2443908
17.313697,-1.031160,0.293455,-9.217649,-0.0290045,-0.1414078,-0.2526796
17.327555,-1.026157,0.300665,-9.220794,-0.0290840,-0.1419525,-0.2502100
17.334441,-1.030242,0.280826,-9.216179,-0.0290593,-0.1420830,-0.2423411
17.341433,-1.021637,0.306110,-9.225602,-0.0290027,-0.1421245,-0.2321201
17.348373,-1.022097,0.299948,-9.225591,-0.0289213,-0.1420993,-0.2209750
17.362316,-1.012511,0.322754,-9.236183,-0.0287194,-0.1419491,-0.2004270
17.369185,-1.019405,0.295857,-9.227568,-0.0611010,-0.1403266,-0.1920805
17.376237,-1.005435,0.333197,-9.239938,-0.0964127,-0.1385158,-0.1856427
17.383153,-1.011906,0.308839,-9.233500,-0.1281390,-0.1368742,-0.1812748
17.390025,-1.012624,0.302929,-9.232504,-0.1518793,-0.1356552,-0.1789171
17.403918,-1.046490,0.206135,-9.203407,-0.1729189,-0.1347000,-0.1792153
17.410884,-0.998684,0.332184,-9.245012,-0.1732937,-0.1347956,-0.1811409
17.417792,-1.000305,0.325596,-9.244360,-0.1699839,-0.1350817,-0.1837175
17.424776,-0.992077,0.344090,-9.252016,-0.1651040,-0.1354231,-0.1865727
17.438604,-0.990405,0.343731,-9.255173,-0.1562803,-0.1359371,-0.1919252
17.445645,-0.979829,0.365811,-9.264240,-0.1536759,-0.1360506,-0.1940142
17.452473,-0.993064,0.333967,-9.254970,-0.1524045,-0.1360802,-0.1955636
17.459552,-0.970484,0.380601,-9.528605,-0.1599673,-0.1316336,-0.2164944
17.473332,-0.975415,0.364277,-9.845583,-0.1776545,-0.1223382,-0.2724045
17.480624,-0.943498,0.425145,-9.952469,-0.1844253,-0.1192969,-0.3006009
17.487311,-0.991828,0.327113,-10.081969,-0.1888537,-0.1177171,-0.3256813
17.494224,-0.965555,0.376263,-10.313366,-0.1733162,-0.1142591,-0.3363751
17.501195,-0.956334,0.392239,-10.489847,-0.1538385,-0.1109067,-0.3379388
17.515036,-0.983359,0.342349,-10.836541,-0.1208073,-0.1058618,-0.3213206
17.522001,-0.943996,0.409395,-10.883290,-0.1117377,-0.1045698,-0.3073433
17.529014,-0.935437,0.421883,-10.965620,-0.1076812,-0.1040240,-0.2922113
17.535906,-0.942178,0.408091,-11.311821,-0.1078838,-0.1031646,-0.2851415
17.549834,-0.939431,0.408376,-11.761580,-0.1141781,-0.1020633,-0.2830110
17.556725,-0.929663,0.421762,-11.909286,-0.1176311,-0.1018181,-0.2864453
17.563669,-0.920630,0.433761,-12.030070,-0.1202690,-0.1017377,-0.2916993
17.570885,-0.891504,0.475368,-12.051930,-0.1218760,-0.1017658,-0.2979056
17.577554,-0.938967,0.403861,-12.342877,-0.1225405,-0.1018425,-0.3043009
17.591481,-0.895734,0.463374,-12.353552,-0.1220908,-0.1019599,-0.3153736
17.598400,-0.900699,0.455318,-12.444668,-0.1215289,-0.1019545,-0.3193406
17.605353,-0.892701,0.463789,-12.720455,-0.1336510,-0.1005258,-0.3270486
17.612350,-0.883749,0.473323,-12.906240,-0.1468176,-0.0990072,-0.3350950
17.626272,-0.868112,0.489218,-13.188378,-0.1659348,-0.0970607,-0.3492393
17.633157,-0.884023,0.468390,-13.414597,-0.1699428,-0.0967851,-0.3544164
17.640056,-0.873819,0.480257,-13.485806,-0.1708341,-0.0968264,-0.3580090
17.647073,-0.856725,0.499783,-13.502192,-0.1697366,-0.0970156,-0.3600627
17.660952,-0.849534,0.507416,-13.638135,-0.1656531,-0.0973461,-0.3602498
17.667847,-0.853907,0.502888,-13.734048,-0.1640038,-0.0973756,-0.3589182
17.674900,-0.832456,0.525441,-13.679931,-0.1629791,-0.0973123,-0.3570390
17.681759,-0.848407,0.509490,-13.824383,-0.1625516,-0.0971849,-0.3548974
17.688711,-0.832973,0.526790,-13.973154,-0.1481050,-0.0928552,-0.3350949
17.702619,-0.824652,0.538877,-14.249378,-0.1194956,-0.0834610,-0.2774926
17.709763,-0.801410,0.566896,-14.062673,-0.0665405,-0.0696852,-0.2546259
17.716495,-0.843295,0.536349,-14.292559,-0.0122869,-0.0560390,-0.2373910
17.723594,-0.799831,0.579911,-14.026179,0.0310433,-0.0454898,-0.2261045
17.737437,-0.800843,0.583435,-14.022321,0.0701885,-0.0363251,-0.2197929
17.744306,-0.813400,0.572486,-14.095411,0.0706146,-0.0362481,-0.2230249
17.751180,-0.808744,0.575629,-14.073425,0.0643985,-0.0376586,-0.2290339
17.758263,-0.781680,0.598149,-13.927254,0.0558129,-0.0395897,-0.2366766
17.772027,-0.797938,0.582214,-14.036077,0.0420744,-0.0426988,-0.2528893
17.779043,-0.775544,0.601569,-13.920616,0.0389341,-0.0434213,-0.2599214
17.785941,-0.784297,0.593402,-13.957053,0.0310186,-0.0417021,-0.2702718
17.792952,-0.767663,0.607470,-13.830637,0.0235405,-0.0393466,-0.2806877
17.806775,-0.767162,0.607805,-13.767709,0.0148207,-0.0355157,-0.2982106
17.813847,-0.747542,0.624827,-13.654351,0.0137999,-0.0345680,-0.3042763
17.820906,-0.744390,0.624168,-13.110408,-0.0289594,-0.0315822,-0.3160358
17.827737,-0.765014,0.604995,-12.311767,-0.0627250,-0.0276445,-0.3251223
17.834863,-0.729564,0.633797,-11.614657,-0.0877060,-0.0243673,-0.3324578
17.848606,-0.723536,0.639319,-10.964648,-0.1067020,-0.0212854,-0.3409657
17.855496,-0.738501,0.628890,-10.844439,-0.1051999,-0.0211317,-0.3422832
17.862481,-0.722777,0.642557,-10.758205,-0.1003528,-0.0214340,-0.3419936
17.869363,-0.728872,0.639602,-10.759525,-0.0946220,-0.0218836,-0.3404728
17.883297,-0.717999,0.650128,-10.791792,-0.0916012,-0.0298763,-0.3452782
17.890267,-0.702813,0.661736,-10.816624,-0.0957430,-0.0383552,-0.3551228
17.897309,-0.689410,0.671817,-10.863106,-0.1004676,-0.0457050,-0.3662131
17.904120,-0.708559,0.659773,-10.971890,-0.1045851,-0.0508610,-0.3772708
17.911212,-0.672556,0.685227,-10.998322,-0.1075304,-0.0536801,-0.3873251
17.925112,-0.681731,0.682915,-11.190171,-0.1097747,-0.0540914,-0.4020332
17.932403,-0.634951,0.713570,-11.183752,-0.1095970,-0.0529619,-0.4061147
17.938880,-0.721251,0.664784,-11.440742,-0.1090256,-0.0516675,-0.4081224
17.945878,-0.654366,0.706148,-11.379481,-0.1083503,-0.0505380,-0.4083283
17.959824,-0.634541,0.721707,-11.474487,-0.1073618,-0.0492758,-0.4048773
17.966682,-0.653291,0.714373,-11.580645,-0.1071626,-0.0491110,-0.4020602
17.973610,-0.639957,0.723742,-11.607134,-0.1071346,-0.0491428,-0.3990354
17.980661,-0.620932,0.735671,-11.613770,-0.1072234,-0.0492746,-0.3961194
17.987543,-0.634219,0.732013,-11.695312,-0.1073723,-0.0494303,-0.3935495
18.001373,-0.626679,0.741206,-11.761880,-0.1076820,-0.0496408,-0.3899893
18.008360,-0.606060,0.752926,-11.491873,-0.1081677,-0.0535381,-0.3813024
18.015481,-0.586044,0.763579,-11.312284,-0.1086545,-0.0578999,-0.3706692
18.022197,-0.626358,0.751004,-11.303135,-0.1090645,-0.0616806,-0.3594657
18.036150,-0.585961,0.771700,-11.149912,-0.1095133,-0.0657372,-0.3395652
18.043075,-0.587338,0.774166,-11.147659,-0.1095737,-0.0661297,-0.3322266
18.050032,-0.579092,0.779771,-11.142530,-0.1095682,-0.0658332,-0.3270448
18.056931,-0.581043,0.782143,-11.165368,-0.1095311,-0.0651886,-0.3240140
18.070810,-0.582699,0.787542,-10.908610,-0.1206239,-0.0661169,-0.3762650
18.077806,-0.555022,0.797531,-10.691389,-0.1325758,-0.0684210,-0.4443573
18.084656,-0.565605,0.798741,-10.588096,-0.1430145,-0.0709913,-0.5178968
18.091642,-0.544036,0.803364,-10.137314,-0.2228853,-0.0594153,-0.6039090
18.098719,-0.526971,0.808205,-9.838460,-0.2945367,-0.0483020,-0.6855187
18.112525,-0.521218,0.818821,-9.511934,-0.3868558,-0.0395745,-0.8124614
18.119403,-0.523270,0.827308,-9.439427,-0.4038972,-0.0416372,-0.8519813
18.126481,-0.490671,0.837725,-9.427504,-0.4066064,-0.0455615,-0.8749982
18.133345,-0.504899,0.849214,-9.430625,-0.4005016,-0.0495795,-0.8830460
18.140214,-0.494542,0.860369,-9.470400,-0.3905241,-0.0526039,-0.8786637
18.154173,-0.466837,0.879919,-9.596734,-0.3720593,-0.0545887,-0.8451726
18.161132,-0.455983,0.893058,-8.873995,-0.3297476,-0.0637216,-0.8044943
18.168045,-0.452313,0.906266,-8.414680,-0.2897501,-0.0729618,-0.7589291
18.175115,-0.426517,0.910544,-8.164835,-0.2573035,-0.0805944,-0.7136235
18.188884,-0.425792,0.934139,-7.922356,-0.1589544,-0.0953070,-0.6002576
18.195893,-0.411543,0.940453,-7.946104,-0.0789510,-0.1033061,-0.5257277
18.202747,-0.423994,0.956863,-8.097350,0.0153395,-0.1047931,-0.4279542
18.209774,-0.399550,0.955156,-8.296134,0.0922808,-0.1046149,-0.3267415
18.223555,-0.409394,0.967870,-8.521788,0.1743337,-0.1060648,-0.1505664
18.230633,-0.384948,0.959255,-8.657748,0.1836260,-0.1078663,-0.0870590
18.237465,-0.411815,0.968379,-8.714582,0.1795427,-0.1094618,-0.0431924
18.244569,-0.378236,0.955018,-8.842764,0.1683237,-0.1103423,-0.0186180
18.258352,-0.386646,0.954589,-8.992762,0.1430028,-0.1099329,-0.0182305
18.265287,-0.393565,0.955255,-9.058216,0.1340865,-0.1092003,-0.0355963
18.272264,-0.386699,0.952433,-9.128011,0.1287543,-0.1084940,-0.0595967
18.279170,-0.393602,0.953998,-9.179428,0.1266271,-0.1079534,-0.0866367
18.286109,-0.387116,0.952281,-9.232300,0.1268729,-0.1075997,-0.1136298
18.300015,-0.387121,0.953300,-9.308621,0.1308085,-0.1072587,-0.1585882
18.308534,-0.215737,0.916095,-9.421273,0.1330518,-0.1071636,-0.1739573
18.314214,-0.621176,1.004826,-9.260948,0.1350170,-0.1070787,-0.1842437
18.321099,-0.380623,0.950823,-9.492452,0.0801778,-0.1016665,-0.1886539
18.335074,-0.368266,0.942832,-9.621841,-0.0407506,-0.0911508,-0.1848345
18.341985,-0.369461,0.941965,-9.633841,-0.0843177,-0.0879175,-0.1787099
18.349113,-0.338909,0.935739,-9.647746,-0.1112116,-0.0861938,-0.1712238
18.355894,-0.381562,0.946000,-9.650743,-0.1230346,-0.0856648,-0.1633434
18.369763,-0.349659,0.943197,-9.668962,-0.1172407,-0.0866103,-0.1493595
18.376787,-0.341017,0.943462,-9.675818,-0.1079674,-0.0874092,-0.1442084
18.383688,-0.354559,0.949117,-9.679731,-0.0986861,-0.0881232,-0.1405748
18.390594,-0.351403,0.950414,-9.684651,-0.0911622,-0.0886429,-0.1384539
18.397541,-0.343992,0.950293,-9.508231,-0.0840438,-0.0848662,-0.0882831
18.411452,-0.337513,0.949589,-9.221142,-0.0757683,-0.0759341,0.0571348
18.418320,-0.352291,0.949417,-9.052733,-0.1311861,-0.0748318,0.1169739
18.425403,-0.322801,0.936445,-8.973934,-0.1880221,-0.0734718,0.1601405
18.432309,-0.351483,0.940499,-8.884150,-0.2383083,-0.0713343,0.1864525
18.446204,-0.330589,0.924205,-8.293130,-0.3854552,-0.0619837,0.1807538
18.453121,-0.346106,0.926997,-8.116673,-0.4301345,-0.0573751,0.1576914
18.460190,-0.326795,0.918413,-8.064887,-0.4549074,-0.0543991,0.1272739
18.467022,-0.357329,0.930846,-7.971901,-0.4632635,-0.0533573,0.0939623
18.473924,-0.346002,0.927224,-7.988574,-0.4604259,-0.0539090,0.0613190
18.487799,-0.346003,0.937350,-8.135593,-0.3132650,-0.0623226,0.0350747
18.494856,-0.319641,0.928003,-8.252222,-0.2446260,-0.0653732,0.0365377
18.503055,-0.182813,0.857106,-8.526512,-0.1933122,-0.0672527,0.0450392
18.508686,-0.563933,1.066691,-8.125013,-0.1317341,-0.0666538,0.0664612
18.515680,-0.324975,0.937806,-8.555270,-0.0826970,-0.0651953,0.0940326
18.529561,-0.316486,0.932213,-8.719743,-0.0320651,-0.0628295,0.1530080
18.536578,-0.320157,0.931827,-8.771289,-0.0271722,-0.0624157,0.1788018
18.543607,-0.328013,0.933089,-8.808942,-0.0308828,-0.0623365,0.1999003
18.550436,-0.351112,0.941859,-8.824327,-0.0390034,-0.0623674,0.2151327
18.557387,-0.329372,0.926435,-8.874439,-0.0482562,-0.0623600,0.2244979
18.571280,-0.335966,0.922565,-8.914217,-0.0626757,-0.0621092,0.2278959
18.578269,-0.324129,0.912959,-8.941254,-0.0664182,-0.0619348,0.2237917
18.585166,-0.337585,0.916892,-8.944847,-0.0680099,-0.0617872,0.2173021
18.592135,-0.326808,0.908267,-8.965580,-0.0680000,-0.0616895,0.2095284
18.606228,-0.301626,0.890358,-9.043678,-0.0479200,-0.0587600,0.2252053
18.612979,-0.360839,0.918517,-9.007984,-0.0374562,-0.0572954,0.2388264
18.619897,-0.334851,0.902139,-9.032292,-0.0292476,-0.0562148,0.2536963
18.626903,-0.322029,0.892268,-9.045726,-0.0238636,-0.0555933,0.2682128
18.640688,-0.339209,0.893627,-9.039870,-0.0204816,-0.0554334,0.2916977
18.647732,-0.317391,0.878778,-9.057081,-0.0211684,-0.0556347,0.2994270
18.654745,-0.322419,0.877202,-9.055561,-0.0225143,-0.0558675,0.3042609
18.661590,-0.349015,0.886165,-9.039302,-0.0239885,-0.0560608,0.3063971
18.668661,-0.314736,0.865542,-9.064384,-0.0252491,-0.0561831,0.3062314
18.682362,-0.341039,0.870220,-9.050425,-0.0266034,-0.0562228,0.3011079
18.689327,-0.331991,0.862177,-9.058339,-0.0267256,-0.0561755,0.2972643
18.696312,-0.329183,0.857103,-9.062093,-0.0265964,-0.0561116,0.2932400
18.703345,-0.322120,0.845627,-9.077022,-0.1005967,-0.0541014,0.2634946
18.717114,-0.340511,0.840178,-9.092155,-0.2395249,-0.0469135,0.1599706
18.724132,-0.323129,0.827693,-9.108469,-0.2866994,-0.0448538,0.1012833
18.731044,-0.338253,0.832715,-9.099238,-0.3147595,-0.0447590,0.0460912
18.737903,-0.346603,0.828591,-8.879336,-0.4524999,-0.0154376,-0.0595759
18.751791,-0.343431,0.825055,-7.596966,-0.6710889,0.0325006,-0.3109938
18.758756,-0.320676,0.816512,-7.000112,-0.7383081,0.0452476,-0.4436011
18.765813,-0.300495,0.810651,-6.600248,-0.7740275,0.0464482,-0.5599596
18.772797,-0.320091,0.835100,-6.218910,-0.7850315,0.0391948,-0.6542957
18.779923,-0.276160,0.811519,-6.171038,-0.7798986,0.0282495,-0.7207234
18.793658,-0.288157,0.845432,-5.985564,-0.7511926,0.0079898,-0.7758394
18.800685,-0.268116,0.836991,-6.075156,-0.7373032,0.0019340,-0.7707163
18.807520,-0.297627,0.880066,-6.022725,-0.7268411,-0.0010570,-0.7497538
18.814577,-0.250352,0.837653,-6.268661,-0.7205777,-0.0014282,-0.7187007
18.821426,-0.274066,0.876724,-6.354966,-0.6939899,-0.0008058,-0.7179216
18.835289,-0.269610,0.899069,-5.514881,-0.6724668,0.0057385,-0.7386840
18.842307,-0.230664,0.857002,-5.490704,-0.6684987,0.0089278,-0.7553033
18.849206,-0.240855,0.883171,-5.345720,-0.6682594,0.0113284,-0.7730467
18.856118,-0.232415,0.882028,-5.349424,-0.6705025,0.0127268,-0.7900799
18.870009,-0.220084,0.884174,-5.603810,-0.6914737,0.0123936,-0.8170146
18.877070,-0.193138,0.847416,-5.876451,-0.7076234,0.0107133,-0.8256027
18.883918,-0.214980,0.898099,-5.922462,-0.7215776,0.0085532,-0.8307661
18.890854,-0.196869,0.875400,-6.118161,-0.7320595,0.0063363,-0.8327881
18.897833,-0.185146,0.863242,-6.270677,-0.7388782,0.0044008,-0.8321717
18.911712,-0.179007,0.872945,-6.467835,-0.7437386,0.0021057,-0.8255868
18.918644,-0.173289,0.871716,-6.559700,-0.7434156,0.0018073,-0.8209368
18.925601,-0.164842,0.863129,-6.652675,-0.7422020,0.0019727,-0.8161637
18.932594,-0.155088,0.850160,-6.741321,-0.7407711,0.0024628,-0.8117222
18.946488,-0.141598,0.843208,-6.215711,-0.6758518,-0.0093587,-0.7950916
18.953426,-0.145074,0.868832,-5.799850,-0.6178462,-0.0232047,-0.7806312
18.960553,-0.119107,0.808921,-5.667202,-0.5680613,-0.0355347,-0.7662035
18.967386,-0.154078,0.924532,-5.308609,-0.5311545,-0.0448005,-0.7529745
18.981315,-0.121315,0.847618,-5.358526,-0.4984739,-0.0527166,-0.7339149
18.988273,-0.119280,0.850458,-5.368413,-0.4973649,-0.0526540,-0.7285882
18.995244,-0.113809,0.841040,-5.424232,-0.5020956,-0.0510859,-0.7259675
19.002162,-0.115409,0.854703,-5.455629,-0.5097106,-0.0488542,-0.7256984
19.009270,-0.092122,0.782566,-5.638575,-0.5179368,-0.0466114,-0.7272925
19.023089,-0.103816,0.839112,-5.683743,-0.5310201,-0.0435318,-0.7339301
19.030138,-0.086935,0.784412,-5.833046,-0.5347790,-0.0429318,-0.7378775
19.037079,-0.093988,0.819013,-5.846181,-0.5368131,-0.0428571,-0.7416794
19.044385,-0.061759,0.699719,-6.072867,-0.5374928,-0.0431579,-0.7450511
19.058346,-0.101172,0.876638,-5.943979,-0.5364416,-0.0442740,-0.7497630
19.065311,-0.077540,0.785075,-6.100355,-0.5355647,-0.0447906,-0.7508855
19.072236,-0.081826,0.812373,-6.095474,-0.5347755,-0.0452072,-0.7513095
19.079247,-0.066531,0.751125,-6.194833,-0.5342017,-0.0454933,-0.7511485
19.093208,-0.057779,0.726656,-6.264600,-0.4815156,-0.0529165,-0.7402855
19.100091,-0.070891,0.802107,-6.202840,-0.4282656,-0.0607127,-0.7273940
19.107087,-0.055430,0.734754,-6.298244,-0.3800024,-0.0674288,-0.7137320
19.114100,-0.051942,0.727477,-6.688138,-0.2396850,-0.0654448,-0.6471910
19.120913,-0.066085,0.811364,-6.737640,-0.0967518,-0.0629976,-0.5603890
19.134897,-0.049066,0.733969,-6.997419,0.1259313,-0.0594748,-0.3727826
19.141666,-0.065385,0.830196,-7.711494,0.2676045,-0.0627952,-0.2676033
19.148709,-0.041967,0.714329,-8.289750,0.3754786,-0.0704733,-0.1626673
19.157710,0.079036,0.095612,-8.895082,0.4498543,-0.0823072,-0.0673240
19.163729,-0.230289,1.689929,-8.955899,0.4940123,-0.0991171,0.0221384
19.170595,-0.054272,0.789933,-9.391270,0.5028334,-0.1114273,0.0792148
19.185207,-0.092906,0.966949,-9.899580,0.4718456,-0.1250575,0.1316451
19.192207,-0.042304,0.721700,-10.056288,0.4514408,-0.1253713,0.1299529
19.199277,-0.040398,0.708336,-10.212717,0.4339418,-0.1230983,0.1153326
19.207334,0.036539,0.378327,-10.254876,0.4220429,-0.1196303,0.0920656
19.214374,-0.136198,1.102919,-10.613591,0.4156263,-0.1152557,0.0587734
19.224486,-20.799957,81.425102,-50.193401,0.4100186,-0.1094828,0.0283776
19.231440,0.139041,-0.016198,-10.636728,0.4059699,-0.1066131,0.0362270
19.245438,-0.057221,0.728297,-11.557622,0.4483003,-0.0454097,0.2545201
19.252380,-0.050247,0.688324,-11.704562,0.4659047,-0.0205970,0.3840865
19.259471,-0.037985,0.633645,-11.781327,0.4776931,-0.0054240,0.5092361
19.266730,-0.038915,0.623097,-11.026052,0.4483329,-0.0044994,0.6481602
19.274457,-0.009933,0.514148,-9.529772,0.4165198,-0.0102158,0.7732573
19.282717,-0.005174,0.487108,-7.936261,0.3874105,-0.0184914,0.8783530
19.295646,-0.047836,0.587976,-6.093869,0.3614638,-0.0295862,0.9876537
19.302518,-0.070207,0.636639,-5.365427,0.3394077,-0.0359852,1.0024278
19.309477,-0.062544,0.602020,-5.062117,0.3223587,-0.0409030,0.9965855
19.316400,-0.068339,0.604799,-4.866283,0.3103469,-0.0439893,0.9751409
19.330427,-0.054682,0.549729,-4.981580,0.3012550,-0.0454063,0.9063881
19.337255,-0.087686,0.618161,-4.916629,0.3020967,-0.0445167,0.8685778
19.344380,-0.053614,0.530707,-5.267052,0.3048156,-0.0430870,0.8335921
19.351232,-0.093682,0.611479,-5.244016,0.3083479,-0.0414245,0.8037946
19.365163,-0.076333,0.557072,-5.725497,0.3147816,-0.0384199,0.7658210
19.372032,-0.088019,0.573056,-5.868689,0.3170562,-0.0373301,0.7576600
19.379159,-0.056749,0.503912,-6.185431,0.3186363,-0.0365886,0.7558166
19.386014,-0.093336,0.567578,-6.219843,0.3196339,-0.0361807,0.7590846
19.399922,-0.094019,0.553403,-6.541002,0.3205468,-0.0361472,0.7754063
19.406894,-0.081355,0.523554,-6.720876,0.3207774,-0.0363778,0.7855941
19.413931,-0.075352,0.506676,-6.862458,0.3210143,-0.0366834,0.7956100
19.420799,-0.097440,0.537063,-7.245460,0.3133459,-0.0380268,0.8045581
19.428077,-0.044088,0.445040,-7.686584,0.3057394,-0.0394377,0.8118905
19.442091,-0.135288,0.573034,-7.883086,0.2938748,-0.0414414,0.8208367
19.449095,-0.083627,0.488214,-8.004317,0.2911500,-0.0417914,0.8222904
19.455977,-0.102805,0.508929,-7.996115,0.2901710,-0.0418209,0.8221700
19.463010,-0.082021,0.473739,-8.052268,0.2904999,-0.0416388,0.8208293
19.476748,-0.095961,0.480479,-8.062503,0.2931333,-0.0410426,0.8160182
19.483697,-0.098262,0.477520,-8.072140,0.2946515,-0.0407670,0.8132637
19.490646,-0.099571,0.473366,-8.081625,0.2959802,-0.0405503,0.8106607
19.497655,-0.091944,0.457261,-8.248704,0.2657163,-0.0386631,0.8084096
19.504625,-0.099121,0.458273,-8.345314,0.2320202,-0.0361662,0.8066353
19.518542,-0.103837,0.447627,-8.474710,0.1517718,-0.0322155,0.8046778
19.525497,-0.106772,0.442501,-8.514759,0.1065744,-0.0315208,0.8044400
19.532455,-0.111511,0.439564,-8.545776,0.0709697,-0.0309252,0.8045990
19.539527,-0.089640,0.410102,-8.591620,0.0454572,-0.0312522,0.8050506
19.546401,-0.121930,0.436020,-8.578108,0.0308956,-0.0316993,0.8056912
19.560402,-0.078053,0.381952,-8.653930,0.0266005,-0.0323484,0.8071587
19.567154,-0.151013,0.446007,-8.594600,0.0314781,-0.0325289,0.8078360
19.574143,-0.108119,0.400500,-8.646902,0.0377088,-0.0326716,0.8084013
19.581083,-0.117082,0.403726,-8.647177,0.0436555,-0.0328133,0.8088306
19.594978,-0.124873,0.405269,-8.680579,0.1656220,0.0082485,0.8092610
19.601909,-0.127242,0.404505,-8.690649,0.2186369,0.0280080,0.8092850
19.608895,-0.119602,0.394959,-8.705393,0.2571902,0.0425761,0.8092117
19.615827,-0.129502,0.399540,-8.701887,0.2801197,0.0512304,0.8090689
19.623080,-0.079852,0.356870,-8.750141,0.2895347,0.0547065,0.8088846
19.637453,-0.074106,0.346408,-8.762639,0.2821782,0.0518026,0.8084784
19.644437,-0.203507,0.435151,-8.652041,0.2725886,0.0483052,0.8082960
19.651342,-0.139930,0.384765,-8.711241,0.2643135,0.0454430,0.8081595
19.658279,-0.135568,0.377464,-8.718106,0.2577670,0.0433456,0.8080618
19.672185,-0.150830,0.388669,-8.935079,0.4114030,0.0574966,0.8079797
19.679157,-0.134554,0.379618,-9.015569,0.4757472,0.0637554,0.8079866
19.686075,-0.145248,0.385586,-9.062910,0.5224013,0.0677262,0.8080164
19.693037,-0.138990,0.381335,-9.109287,0.5500297,0.0693406,0.8080614
19.706939,-0.135754,0.376270,-9.175411,0.5605302,0.0678776,0.8081684
19.713947,-0.135068,0.373683,-9.200848,0.5528591,0.0663015,0.8082190
19.720839,-0.158613,0.379784,-9.211410,0.5424193,0.0649338,0.8082621
19.727868,-0.135146,0.369174,-9.240912,0.5323630,0.0640710,0.8082955
19.734750,-0.167330,0.376401,-9.242595,0.5244106,0.0637730,0.8083182
19.748722,-0.140148,0.365130,-9.279585,0.5170978,0.0644377,0.8083338
19.755635,-0.158940,0.367054,-9.281303,0.5169950,0.0650484,0.8083296
19.762563,-0.156084,0.362557,-9.314395,0.4788529,0.0535816,0.8083200
19.769466,-0.160397,0.359168,-9.338617,0.4434782,0.0401724,0.8083070
19.776580,-0.127168,0.353295,-9.372647,0.4138979,0.0281554,0.8082924
19.790423,-0.157772,0.339049,-9.303346,0.2184277,-0.0423111,0.8082647
19.797505,-0.129307,0.331905,-9.296772,0.1364993,-0.0700980,0.8082541
19.804345,-0.167893,0.325427,-9.263112,0.0789268,-0.0881749,0.8082461
19.811500,-0.118709,0.322651,-9.249489,0.0465165,-0.0968017,0.8082408
19.825479,-0.185358,0.314648,-9.144434,0.0391210,-0.0943236,0.8082386
19.832452,-0.151106,0.314925,-9.144292,0.0507727,-0.0888426,0.8082404
19.839464,-0.144715,0.314162,-9.137033,0.0649516,-0.0833303,0.8082433
19.846456,-0.164405,0.311443,-9.120680,0.0782132,-0.0788764,0.8082471
19.853338,-0.168711,0.309516,-9.116484,0.0880425,-0.0761174,0.8082511
19.867287,-0.154504,0.309046,-8.901506,0.1225815,-0.0697371,0.8082581
19.874201,-0.166551,0.307280,-8.744927,0.1503370,-0.0647150,0.8082607
19.881193,-0.155581,0.308467,-8.656244,0.1735783,-0.0608325,0.8082626
19.888101,-0.171307,0.312110,-8.543677,0.3009699,-0.0349139,0.8082637
19.902031,-0.159725,0.324160,-8.443847,0.4978115,0.0147991,0.8082638
19.909189,-0.137836,0.331695,-8.468494,0.5307814,0.0294618,0.8082633
19.916444,-0.156007,0.328809,-8.462203,0.5372427,0.0370991,0.8082623
19.923050,-0.235098,0.301696,-8.397216,0.5250938,0.0388858,0.8082612
19.930125,-0.155291,0.327381,-8.511250,0.5041298,0.0372041,0.8082601
19.944075,-0.169406,0.320126,-8.556257,0.4621162,0.0304213,0.8082584
19.951006,-0.180429,0.314360,-8.575162,0.4484566,0.0276415,0.8082577
19.958705,-0.069439,0.370249,-8.713847,0.4406501,0.0258473,0.8082573
19.965146,-0.323760,0.237398,-8.494846,0.4379140,0.0250047,0.8082572
19.979061,-0.169582,0.321504,-8.691882,0.4419333,0.0253316,0.8082572
19.986009,-0.183432,0.313730,-8.700153,0.4457521,0.0258966,0.8082576
19.992943,-0.186571,0.312495,-8.716222,0.4494321,0.0264501,0.8082577
20.000063,-0.158871,0.333243,-8.757773,0.4524400,0.0268828,0.8082581
20.006793,-0.221972,0.287401,-8.717296,0.4545700,0.0271562,0.8082583
20.021044,-0.143582,0.352228,-8.810878,0.4564520,0.0273057,0.8082588
20.029930,0.007145,0.488162,-8.950458,0.4565865,0.0272646,0.8082589
20.035310,-0.576542,-0.036337,-8.464747,0.4564609,0.0272053,0.8082590
20.042256,-0.201860,0.306372,-8.790926,0.4562848,0.0271637,0.8082590
20.049252,-0.186922,0.322086,-8.811070,0.4561612,0.0271487,0.8082590
20.063210,-0.177310,0.336552,-8.831971,0.4562444,0.0272020,0.8082589
20.070104,-0.216764,0.290880,-8.842694,0.4012006,0.0142671,0.8082588
20.077189,-0.178562,0.331732,-8.883736,0.3454682,-0.0003048,0.8082587
20.084130,-0.210363,0.292073,-8.868538,0.2955458,-0.0133138,0.8082585
20.098069,-0.193582,0.296818,-8.977204,0.0622745,-0.0655653,0.8082585
20.104963,-0.206534,0.274024,-8.996933,-0.0323659,-0.0845605,0.8082584
20.113286,-0.038611,0.483497,-9.125410,-0.0978234,-0.0958004,0.8082584
20.119392,-0.340603,0.098080,-8.950526,-0.1201763,-0.0949134,0.8082585
20.133156,-0.200615,0.280283,-9.072333,-0.0947876,-0.0786010,0.8082585
20.140073,-0.208365,0.273247,-9.082040,-0.0696956,-0.0702262,0.8082585
20.147088,-0.195875,0.291811,-9.101294,-0.0461283,-0.0639590,0.8082585
20.154040,-0.210475,0.275294,-9.102969,-0.0277693,-0.0602773,0.8082586
20.160966,-0.211215,0.276024,-9.110995,-0.0161629,-0.0589927,0.8082586
20.174997,-0.216909,0.270386,-9.121280,-0.0102735,-0.0609694,0.8082587
20.181994,-0.209250,0.281049,-9.130893,-0.0129097,-0.0627925,0.8082586
20.188842,-0.226374,0.258821,-9.126219,-0.0170087,-0.0644572,0.8082586
20.195892,-0.199726,0.294878,-9.144895,-0.0213574,-0.0657110,0.8082585
20.209952,-0.247408,0.232336,-9.093795,-0.0229875,-0.0635253,0.7531557
20.216950,-0.210273,0.283171,-9.112154,-0.0296009,-0.0628514,0.7041676
20.223880,-0.220123,0.270120,-9.104478,-0.0362888,-0.0623906,0.6537621
20.230868,-0.216969,0.274814,-9.104491,-0.0419619,-0.0621959,0.6065666
20.237776,-0.224533,0.264824,-9.098227,-0.0460729,-0.0622490,0.5664625
20.251696,-0.223233,0.267371,-9.094983,-0.0498977,-0.0627770,0.5140392
20.258552,-0.232172,0.255644,-9.087035,-0.0502412,-0.0630802,0.5023396
20.265608,-0.205470,0.292675,-9.103168,-0.0500483,-0.0633342,0.4991829
20.272458,-0.233371,0.254909,-9.087960,-0.0496386,-0.0635182,0.5029910
20.286574,-0.200275,0.301358,-9.112688,-0.0489776,-0.0636918,0.5240436
20.293446,-0.239616,0.247952,-9.091105,-0.0489092,-0.0637092,0.5377114
20.300391,-0.222168,0.272453,-9.103004,-0.0490262,-0.0636994,0.5511358
20.307295,-0.228781,0.263920,-9.099842,-0.0492899,-0.0636747,0.5632666
20.321368,-0.211529,0.288867,-9.110727,-0.0500572,-0.0636157,0.5807409
20.328317,-0.243020,0.245792,-9.091776,-0.0504893,-0.0635927,0.5856068
20.335233,-0.227423,0.267559,-9.091808,-0.0532897,-0.0684628,0.5887249
20.342195,-0.222605,0.274035,-9.088465,-0.0564200,-0.0740736,0.5899058
20.349169,-0.221580,0.275438,-9.085019,-0.0592473,-0.0792196,0.5894616
20.363018,-0.582141,-0.222761,-8.853353,-0.0628190,-0.0856482,0.5853055
20.370035,-0.215284,0.284710,-9.086091,-0.0635694,-0.0868390,0.5824139
20.376994,-0.223232,0.274156,-9.082075,-0.0638387,-0.0870387,0.5794606
20.383975,-0.220710,0.278151,-9.085290,-0.0638224,-0.0866159,0.5767234
20.397848,-0.216174,0.284217,-9.060145,-0.0778452,-0.0874570,0.5405599
20.404714,-0.237123,0.254610,-9.033104,-0.0937387,-0.0893275,0.4973834
20.411791,-0.209043,0.291726,-9.039380,-0.1145729,-0.0908989,0.4376260
20.418711,-0.237093,0.252114,-9.011236,-0.1329231,-0.0922981,0.3737039
20.425607,-0.233238,0.256542,-9.006919,-0.1465380,-0.0935992,0.3132188
20.439440,-0.239388,0.247026,-8.992781,-0.1607946,-0.0963888,0.2071732
20.446484,-0.209590,0.285103,-9.009794,-0.1633198,-0.0978651,0.1604677
20.453326,-0.235471,0.251272,-8.987853,-0.1636592,-0.0991342,0.1231614
20.460312,-0.214526,0.277357,-9.001088,-0.1627208,-0.1001009,0.0965482
20.474212,-0.221868,0.270210,-9.574449,-0.1247187,-0.0800781,0.0610464
20.481192,-0.213582,0.284768,-9.926954,-0.0797787,-0.0539706,0.0402174
20.488162,-0.215384,0.287330,-10.225708,-0.0374803,-0.0289041,0.0203224
20.495191,-0.213585,0.293564,-10.477232,-0.0044215,-0.0088503,0.0028310
20.502299,-0.196953,0.316310,-10.670634,0.0162502,0.0041330,-0.0110127
20.516190,-0.211920,0.300627,-11.018787,0.0260228,0.0114012,-0.0267429
20.523181,-0.208006,0.305177,-11.139892,0.0210683,0.0089197,-0.0288350
20.530111,-0.214587,0.296755,-11.258020,0.0138457,0.0048837,-0.0278876
20.537365,-0.174984,0.343722,-11.280107,0.0066418,0.0006990,-0.0246189
20.551163,-0.192957,0.321575,-11.450085,-0.0026898,-0.0048692,-0.0143246
20.558002,-0.234453,0.271936,-11.584901,-0.0043757,-0.0058868,-0.0086532
20.564897,-0.211507,0.299793,-11.584919,-0.0045331,-0.0059653,-0.0035090
20.571879,-0.198202,0.316070,-11.595541,-0.0037689,-0.0054623,0.0008289
20.578955,-0.184632,0.332860,-11.598666,-0.0026100,-0.0046964,0.0041477
20.592741,-0.212491,0.300711,-11.706073,-0.0005137,-0.0032495,0.0075447
20.599729,-0.192737,0.324739,-11.682782,0.0000812,-0.0027904,0.0077750
20.607847,-0.061048,0.481839,-11.414019,0.0003631,-0.0025214,0.0072584
20.614898,-0.333429,0.158305,-12.020947,0.0003787,-0.0023930,0.0059220
20.621775,-0.213205,0.301820,-11.770742,0.0002576,-0.0023798,0.0044852
20.635698,-0.215880,0.299558,-11.795218,-0.0000821,-0.0024311,0.0015054
20.642673,-0.186370,0.335065,-11.737250,-0.0002089,-0.0024382,0.0002369
20.649671,-0.181987,0.340706,-11.733811,-0.0002854,-0.0024178,-0.0007765
20.656550,-0.196856,0.323559,-11.772448,-0.0003151,-0.0023709,-0.0014996
20.670383,-0.201326,0.319268,-11.791793,-0.0002838,-0.0022255,-0.0020949
20.677434,-0.170143,0.356774,-11.725800,-0.0002494,-0.0021432,-0.0020354
20.684395,-0.180716,0.344771,-11.753017,-0.0002161,-0.0020628,-0.0018065
20.691914,-0.110911,0.427719,-11.599338,-0.0001890,-0.0019878,-0.0014656
20.705778,-0.222082,0.297656,-11.855386,-0.0001576,-0.0018495,-0.0006202
20.712857,-0.162597,0.368453,-11.723771,-0.0001526,-0.0017934,-0.0002456
20.719814,-0.181926,0.346214,-11.769819,-0.0001506,-0.0017411,0.0000707
20.726737,-0.180265,0.348800,-11.768303,-0.0001502,-0.0016917,0.0003102
20.733677,-0.174862,0.355742,-11.758265,-0.0001499,-0.0016435,0.0004693
20.747703,-0.154248,0.381260,-11.715540,-0.0001460,-0.0015493,0.0005667
20.754529,-0.195472,0.333405,-11.811093,-0.0001425,-0.0015025,0.0005268
20.761470,-0.169883,0.364128,-11.754881,-0.0001382,-0.0014572,0.0004487
20.768425,-0.167009,0.368183,-11.750217,-0.0001334,-0.0014130,0.0003474
20.782369,-0.161128,0.376357,-11.740451,-0.0001244,-0.0013283,0.0001295
20.789295,-0.167265,0.369813,-11.756236,-0.0001202,-0.0012878,0.0000338
20.796552,-0.124492,0.420498,-11.660513,-0.0001162,-0.0012486,-0.0000441
20.803472,-0.205757,0.326294,-11.847551,-0.0001124,-0.0012083,-0.0001029
20.810429,-0.161809,0.378296,-11.749154,-0.0001090,-0.0011721,-0.0001375
20.824369,-0.164438,0.376666,-11.758613,-0.0001026,-0.0011028,-0.0001501
20.831356,-0.154123,0.389436,-11.736755,-0.0000996,-0.0010695,-0.0001349
20.838276,-0.161449,0.381652,-11.757655,-0.0000969,-0.0010371,-0.0001110
20.845344,-0.143351,0.403426,-11.721478,-0.0000940,-0.0010059,-0.0000821
20.852259,-0.166437,0.377419,-11.779885,-0.0000910,-0.0009753,-0.0000520
20.866260,-0.148033,0.400282,-11.748172,-0.0000858,-0.0009172,0.0000002
20.873160,-0.157169,0.390521,-11.774755,-0.0000831,-0.0008895,0.0000190
20.880186,-0.145933,0.404265,-11.754041,-0.0000803,-0.0008625,0.0000320
20.887386,-0.117878,0.437585,-11.693901,-0.0000777,-0.0008364,0.0000393
20.901012,-0.156115,0.394964,-11.794023,-0.0000731,-0.0007866,0.0000394
20.907954,-0.148417,0.404678,-11.781344,-0.0000710,-0.0007630,0.0000342
20.914982,-0.134243,0.421917,-11.753294,-0.0000689,-0.0007398,0.0000271
20.921911,-0.149583,0.404990,-11.794963,-0.0000669,-0.0007174,0.0000191
20.928913,-0.136153,0.421349,-11.768608,-0.0000647,-0.0006954,0.0000111
20.942709,-0.151253,0.405702,-11.815317,-0.0000609,-0.0006540,-0.0000022
20.949669,-0.137601,0.422209,-11.788320,-0.0000592,-0.0006344,-0.0000067
20.956629,-0.136607,0.424245,-11.791342,-0.0000574,-0.0006152,-0.0000097
20.970553,-0.129494,0.434168,-11.785156,-0.0000541,-0.0005789,-0.0000113
20.977472,-0.138649,0.424537,-11.812692,-0.0000526,-0.0005614,-0.0000103
20.984457,-0.129402,0.436065,-11.795795,-0.0000508,-0.0005446,-0.0000086
20.991386,-0.136538,0.428861,-11.818497,-0.0000492,-0.0005280,-0.0000066
20.998381,-0.127133,0.440506,-11.801167,-0.0000477,-0.0005119,-0.0000044
21.012428,-0.106619,0.465662,-11.762117,-0.0000450,-0.0004811,-0.0000004
21.019260,-0.149407,0.418000,-11.872168,-0.0000436,-0.0004667,0.0000012
21.026322,-0.115331,0.457719,-11.794180,-0.0000424,-0.0004526,0.0000022
21.033422,-0.117320,0.456313,-11.804644,-0.0000412,-0.0004388,0.0000028
21.047116,-0.121431,0.453586,-11.825893,-0.0000385,-0.0004127,0.0000029
21.054089,-0.121001,0.455064,-11.830350,-0.0000374,-0.0004004,0.0000025
21.061189,-0.104613,0.474562,-11.793896,-0.0000362,-0.0003882,0.0000020
21.067929,-0.149171,0.425226,-11.907121,-0.0000350,-0.0003765,0.0000015
21.074893,-0.120773,0.458324,-11.838903,-0.0000340,-0.0003647,0.0000010
21.088822,-0.124708,0.455875,-11.853632,-0.0000321,-0.0003435,0.0000001
21.095748,-0.121184,0.460885,-11.847254,-0.0000311,-0.0003334,-0.0000003
21.102739,-0.116180,0.467543,-11.837148,-0.0000303,-0.0003235,-0.0000005
21.109705,-0.118377,0.466115,-11.845056,-0.0000293,-0.0003135,-0.0000006
21.116723,-0.107512,0.479374,-11.820208,-0.0000282,-0.0003040,-0.0000006
21.130754,-0.091797,0.498962,-11.785512,-0.0000266,-0.0002854,-0.0000005
21.137626,-0.140155,0.446033,-11.909346,-0.0000260,-0.0002765,-0.0000003
21.144608,-0.107869,0.483130,-11.830587,-0.0000253,-0.0002682,-0.0000002
21.151536,-0.113580,0.477837,-11.847312,-0.0000248,-0.0002603,-0.0000000
21.158475,-0.111529,0.481293,-11.844342,-0.0000240,-0.0002525,0.0000001
21.172340,-0.126058,0.467265,-11.885825,-0.0000222,-0.0002373,0.0000002
21.179317,-0.104025,0.492800,-11.832420,-0.0000213,-0.0002299,0.0000002
21.186290,-0.103777,0.494228,-11.834037,-0.0000205,-0.0002230,0.0000002
21.193278,-0.100936,0.498450,-11.829114,-0.0000198,-0.0002163,0.0000002
21.207286,-0.083928,0.519435,-11.790422,-0.0000186,-0.0002038,0.0000001
21.214554,-0.078752,0.526222,-11.779510,-0.0000181,-0.0001977,0.0000001
21.221428,-0.147335,0.451864,-11.956280,-0.0000175,-0.0001914,0.0000001
21.228645,-0.069972,0.538142,-11.761592,-0.0000172,-0.0001855,0.0000001
21.242468,-0.097926,0.509712,-11.837344,-0.0000166,-0.0001742,0.0000000
21.249450,-0.094893,0.514199,-11.831780,-0.0000163,-0.0001688,0.0000000
21.256388,-0.100027,0.509751,-11.847095,-0.0000157,-0.0001638,0.0000000
21.263620,-0.066256,0.547809,-11.762771,-0.0000150,-0.0001587,0.0000000
21.270536,-0.136224,0.472610,-11.944311,-0.0000144,-0.0001536,0.0000000
21.284524,-0.086744,0.528965,-11.821840,-0.0000132,-0.0001445,0.0000000
21.291423,-0.106019,0.509165,-11.873585,-0.0000127,-0.0001402,0.0000000
21.298523,-0.075189,0.543907,-11.796358,-0.0000122,-0.0001359,0.0000000
21.305355,-0.112105,0.505038,-11.893591,-0.0000120,-0.0001318,0.0000000
21.319382,-0.107164,0.505240,-11.767345,-0.2379420,0.1375710,-0.0715261
21.326204,-0.126274,0.480009,-11.711997,-0.4467024,0.2657073,-0.1610529
21.333939,-0.033767,0.573921,-11.399705,-0.6085051,0.3650956,-0.2568103
21.340821,-0.212788,0.383161,-11.705546,-0.7150921,0.4277568,-0.3584504
21.347889,-0.105870,0.494284,-11.402882,-0.7488050,0.4436141,-0.4381843
21.354763,-0.115490,0.485505,-8.504942,-0.8423361,0.4316303,-0.5456148
21.368631,-0.099451,0.509190,-4.439980,-0.9481274,0.3447628,-0.7394809
21.375577,-0.080274,0.528396,-3.484422,-0.9698358,0.3005656,-0.8120493
21.382635,-0.065225,0.541141,-2.958586,-0.9773059,0.2656683,-0.8640880
21.389508,-0.078151,0.536484,-2.445059,-0.9757500,0.2422645,-0.8954146
21.403319,-0.072935,0.542153,-2.403442,-0.9616500,0.2261401,-0.9040361
21.410325,-0.057863,0.545476,-2.739436,-0.9544243,0.2285823,-0.8881984
21.417288,-0.059381,0.544237,-2.947124,-0.9490238,0.2345719,-0.8642662
21.424221,-0.060155,0.543046,-3.210653,-0.9459490,0.2420459,-0.8361472
21.438131,-0.056059,0.555802,-1.406023,-0.9666834,0.2366996,-0.7881175
21.445147,-0.045203,0.555246,-1.100582,-0.8945317,0.1977527,-0.7749576
21.452121,-0.045586,0.557402,-0.852234,-0.8292546,0.1561983,-0.7676761
21.459070,-0.045825,0.558537,-0.795758,-0.7714776,0.1193151,-0.7656460
21.466006,-0.042572,0.556077,-0.935516,-0.7281101,0.0915003,-0.7678841
21.479867,-0.037389,0.549699,-1.433332,-0.6864330,0.0644354,-0.7805869
21.486817,-0.036143,0.547118,-1.720255,-0.6836165,0.0621938,-0.7888035
21.493769,-0.034307,0.543333,-2.031481,-0.6882065,0.0644716,-0.7969730
21.500678,-0.036251,0.544595,-2.278114,-0.6969036,0.0691322,-0.8043858
21.507609,-0.032645,0.537491,-2.611796,-0.7069888,0.0744582,-0.8105208
21.521622,-0.030660,0.530329,-3.146764,-0.7247844,0.0831557,-0.8181062
21.528624,-0.024268,0.515602,-3.471078,-0.7308937,0.0856858,-0.8195477
21.535490,-0.032645,0.531792,-3.545090,-0.7350599,0.0870448,-0.8196586
21.542526,-0.020025,0.500809,-3.924133,-0.7375368,0.0874688,-0.8187229
21.556441,-0.027146,0.512704,-4.836718,-0.7028719,0.0776911,-0.8149273
21.563587,-0.012018,0.466799,-5.615218,-0.6697056,0.0666565,-0.8126822
21.570859,-0.010814,0.461415,-5.851720,-0.6392151,0.0560230,-0.8104891
21.577745,-0.028726,0.518100,-6.324592,-0.6835531,0.0235334,-0.8085678
21.584531,-0.022620,0.499615,-6.819243,-0.7322381,-0.0104324,-0.8070754
21.598661,-0.000352,0.417188,-7.658635,-0.8276427,-0.0675653,-0.8053864
21.605535,-0.015527,0.476535,-7.828947,-0.8615900,-0.0856867,-0.8051543
21.612561,-0.001439,0.417268,-8.126823,-0.8823212,-0.0958296,-0.8052539
21.619491,-0.008394,0.444635,-8.283241,-0.8918672,-0.0996577,-0.8056082
21.626434,-0.002874,0.417205,-8.466760,-0.8926489,-0.0988972,-0.8061193
21.640313,-0.005344,0.421656,-8.711287,-0.8805057,-0.0908582,-0.8073181
21.647368,0.004364,0.368733,-8.837306,-0.8728597,-0.0864253,-0.8078727
21.654333,0.000563,0.383614,-8.909161,-0.8663532,-0.0828076,-0.8083414
21.661253,-0.002324,0.403419,-9.154076,-0.8092332,-0.0954721,-0.8087026
21.675484,0.002238,0.388543,-9.512508,-0.7183130,-0.1241468,-0.8090700
21.682396,0.005031,0.390174,-9.559671,-0.5752823,-0.1538764,-0.8090938
21.689348,0.010461,0.373934,-9.620883,-0.4424728,-0.1796929,-0.8090375
21.696431,0.016466,0.350505,-9.668297,-0.3334950,-0.1983453,-0.8089227
21.710157,0.012535,0.380911,-9.603933,-0.2121875,-0.2049569,-0.8086104
21.717062,0.011239,0.384028,-9.542489,-0.1913714,-0.1960843,-0.8084517
21.723972,0.011095,0.377982,-9.493132,-0.1899126,-0.1853421,-0.8083103
21.731045,0.018538,0.325963,-9.457603,-0.2001039,-0.1755832,-0.8081951
21.737914,0.007754,0.378743,-9.419514,-0.2283639,-0.1585282,-0.8081105
21.751930,0.013498,0.323032,-9.374492,-0.2808174,-0.1326202,-0.8080344
21.758806,0.006202,0.359473,-9.339404,-0.2973123,-0.1262656,-0.8080364
21.765794,0.011870,0.318206,-9.275569,-0.3061958,-0.1239712,-0.8080577
21.772667,0.005931,0.350311,-9.219603,-0.3087519,-0.1246144,-0.8080925
21.786787,-0.003123,0.401965,-9.151527,-0.3024764,-0.1299524,-0.8081796
21.793671,0.006890,0.333019,-9.153478,-0.2974110,-0.1326845,-0.8082210
21.800642,0.011765,0.297174,-9.154856,-0.2927067,-0.1347921,-0.8082569
21.807544,0.008646,0.314098,-9.149467,-0.2889633,-0.1361393,-0.8082851
21.821432,0.007034,0.317503,-9.154213,-0.2848421,-0.1369100,-0.8083159
21.829240,0.046871,0.036826,-9.214724,-0.2841244,-0.1367117,-0.8083196
21.835300,-0.035703,0.611949,-9.109618,-0.2839255,-0.1363790,-0.8083169
21.842288,0.013701,0.259747,-9.182924,-0.2839763,-0.1360530,-0.8083096
21.856325,0.014692,0.245888,-9.197931,-0.2840860,-0.1356997,-0.8082876
21.863395,0.015321,0.238720,-9.205034,-0.2839540,-0.1357032,-0.8082758
21.870425,0.009583,0.280663,-9.204042,-0.2836617,-0.1358040,-0.8082649
21.877377,0.011083,0.266600,-9.211693,-0.2832534,-0.1359603,-0.8082558
21.891205,0.006993,0.296771,-9.216788,-0.2822451,-0.1363173,-0.8082446
21.898228,0.018295,0.204068,-9.233871,-0.2817200,-0.1364781,-0.8082424
21.905203,0.016832,0.214937,-9.235813,-0.2812141,-0.1366156,-0.8082421
21.912190,0.017397,0.206857,-9.250648,-0.2555751,-0.1288774,-0.8082433
21.926067,0.017862,0.195453,-9.270826,-0.2017928,-0.1110431,-0.8082487
21.933017,0.015726,0.213350,-9.310642,-0.1207935,-0.0988630,-0.8082519
21.940193,0.023917,0.136494,-9.346511,-0.0385452,-0.0874561,-0.8082551
21.947241,0.012342,0.247952,-9.360437,0.0339057,-0.0774658,-0.8082579
21.954204,0.012556,0.247108,-9.376757,0.0841475,-0.0700515,-0.8082601
21.961109,0.014707,0.228099,-9.395701,0.1134980,-0.0671606,-0.8082616
21.976800,0.022972,0.155240,-9.426714,0.1233716,-0.0684129,-0.8082629
21.982830,-0.016206,0.599989,-9.414450,0.1148769,-0.0705240,-0.8082628
21.989957,0.024260,0.139600,-9.445207,0.1041384,-0.0727594,-0.8082623
21.996923,0.016222,0.244585,-9.447482,0.0937777,-0.0748230,-0.8082616
22.010818,0.023576,0.162428,-9.461286,0.0815649,-0.0774386,-0.8082598
22.017887,0.024057,0.162827,-9.465039,0.0797470,-0.0780129,-0.8082591
22.024858,0.022253,0.196228,-9.466843,0.0801330,-0.0781778,-0.8082585
22.031890,0.025972,0.147347,-9.471239,0.0818839,-0.0780494,-0.8082580
22.038774,0.022145,0.217234,-9.470505,0.0843245,-0.0777359,-0.8082576
22.052782,0.023817,0.213645,-9.470636,0.0588289,-0.0794170,-0.8082572
22.059746,0.030005,0.165025,-9.669229,0.2018137,-0.1138831,-0.7546051
22.066709,0.033163,0.171802,-9.812737,0.3333289,-0.1479354,-0.6871864
22.073764,0.036978,0.162616,-9.921556,0.4462928,-0.1780750,-0.6145238
22.087764,0.041902,0.159651,-10.059073,0.5720244,-0.2171833,-0.4834496
22.095084,0.047430,0.098972,-10.091949,0.5887256,-0.2259208,-0.4343160
22.101947,0.034698,0.318508,-10.188477,0.5842067,-0.2286552,-0.3984337
22.108916,0.043464,0.184492,-10.191971,0.5692565,-0.2271551,-0.3781475
22.116108,0.048370,0.128560,-10.210268,0.5507109,-0.2233859,-0.3706252
22.130095,0.050146,0.122437,-10.266254,0.5214067,-0.2151078,-0.3853008
22.136950,0.039879,0.238994,-10.328558,0.5143680,-0.2123446,-0.4021133
22.143900,0.046272,0.176989,-10.326628,0.5121467,-0.2108029,-0.4211622
22.150943,0.049812,0.151284,-10.331894,0.5133237,-0.2101734,-0.4404828
22.165058,0.057186,0.107160,-10.332822,0.5204336,-0.2102875,-0.4733061
22.171881,0.037233,0.264401,-10.158984,0.4855164,-0.2018143,-0.4522419
22.178934,0.052031,0.140474,-9.672885,0.4549311,-0.1941059,-0.4156128
22.185851,0.046014,0.179721,-9.345570,0.4294589,-0.1879478,-0.3692359
22.199843,0.046979,0.171774,-8.982212,0.4035898,-0.1822225,-0.2719602
22.206783,0.049254,0.158950,-8.902308,0.4017177,-0.1822592,-0.2303090
22.213769,0.051763,0.147909,-8.864426,0.4045065,-0.1836075,-0.1968960
22.220608,0.046310,0.180743,-8.833968,0.4097903,-0.1857128,-0.1729426
22.227511,0.049859,0.165389,-8.851531,0.4157839,-0.1880485,-0.1585231
22.241496,0.046253,0.155670,-8.749133,0.2173273,-0.1314644,0.0511098
22.248549,0.052731,0.111494,-8.826268,0.1010288,-0.0993158,0.1881647
22.255410,0.037132,0.164011,-8.828602,0.0051331,-0.0696844,0.3234354
22.262390,0.045996,0.114690,-8.871967,-0.0592580,-0.0451221,0.4420642
22.269359,0.044123,0.113403,-8.877997,-0.0946197,-0.0265337,0.5384404
22.284106,-0.002954,0.289107,-8.970084,-0.0558404,-0.0148048,0.7029974
22.291014,0.039085,0.126997,-9.088235,-0.0227014,-0.0189893,0.7459958
22.298019,0.044628,0.107573,-9.134930,0.0084909,-0.0267439,0.7671192
22.304928,0.039223,0.128484,-9.162509,0.0329141,-0.0356192,0.7692389
22.311908,0.043659,0.113886,-9.250691,0.0505292,-0.0450440,0.7617415
22.325841,0.029068,0.162726,-9.349571,0.0639689,-0.0579808,0.7220767
22.332864,0.046637,0.104031,-9.400768,0.0628227,-0.0605414,0.6971615
22.339770,0.038837,0.127168,-9.424934,0.0590873,-0.0610283,0.6726062
22.346807,0.047358,0.099280,-9.452312,0.0544268,-0.0601227,0.6505330
22.360627,0.042172,0.111449,-9.472783,0.0465433,-0.0567028,0.6188955
22.367600,0.041644,0.111373,-9.476709,0.0442406,-0.0550954,0.6103131
22.374470,0.034614,0.129265,-9.477670,0.0430445,-0.0538679,0.6063243
22.381560,0.050255,0.085529,-9.488358,0.0427118,-0.0530683,0.6062784
22.388665,0.046161,0.095797,-9.489862,0.0429537,-0.0526555,0.6093847
22.402662,0.016802,0.168375,-9.482960,0.0440981,-0.0526432,0.6213317
22.409770,0.051182,0.079964,-9.495214,0.0365793,-0.0484799,0.6119614
22.416783,0.032251,0.123966,-9.491248,0.0267720,-0.0432106,0.5977169
22.423675,0.033244,0.118792,-9.495199,0.0177236,-0.0383553,0.5815561
22.437761,0.040150,0.098736,-9.504466,0.0057685,-0.0318874,0.5497588
22.444756,0.030675,0.118954,-9.504364,0.0033280,-0.0305250,0.5367472
22.451710,0.038233,0.100670,-9.509937,0.0027365,-0.0301478,0.5269887
22.458612,0.033732,0.109720,-9.511406,0.0033045,-0.0303923,0.5204490
22.472886,0.054418,0.063561,-9.523069,0.0057190,-0.0315912,0.5163183
22.479518,0.002809,0.172778,-9.509648,0.0068156,-0.0321509,0.5178539
22.486543,0.044631,0.083487,-9.524019,0.0075781,-0.0325438,0.5209584
22.493458,0.034825,0.103149,-9.522593,0.0079906,-0.0327564,0.5250188
22.500374,0.032562,0.106878,-9.522997,0.0080999,-0.0328084,0.5294818
22.514563,0.044269,0.081073,-9.524564,0.0038481,-0.0293385,0.5051389
22.521449,0.027716,0.112115,-9.526279,-0.0011804,-0.0252052,0.4650324
22.528305,0.028145,0.109114,-9.559171,-0.0072854,-0.0185210,0.3958195
22.535251,0.036533,0.090971,-9.589702,-0.0127010,-0.0120580,0.3124914
22.549279,0.056057,0.050915,-9.622547,-0.0189894,-0.0036875,0.1437799
22.556182,0.031944,0.096356,-9.620869,-0.0198813,-0.0021237,0.0731059
22.563420,0.062565,0.037216,-9.621614,-0.0197720,-0.0018710,0.0174903
22.570162,-0.004644,0.165661,-9.608399,-0.0190896,-0.0024653,-0.0218942
22.577171,0.044397,0.071450,-9.612770,-0.0182908,-0.0033708,-0.0434494
22.590976,0.033713,0.091498,-9.614089,-0.0170814,-0.0050331,-0.0445425
22.598027,0.049879,0.060100,-9.619920,-0.0168152,-0.0055125,-0.0298926
22.604940,0.037074,0.084597,-9.623206,-0.0157683,-0.0063653,-0.0199253
22.611895,0.041368,0.076145,-9.627412,-0.0146653,-0.0071414,-0.0138327
22.625931,0.031164,0.095653,-9.643941,-0.0115680,-0.0088226,-0.0398197
22.632984,0.052554,0.054295,-9.653071,-0.0105000,-0.0093143,-0.0619569
22.640052,0.048060,0.062851,-9.658397,-0.0098705,-0.0095469,-0.0863130
22.646841,0.026625,0.103979,-9.663540,-0.0098927,-0.0091247,-0.1092292
22.660709,0.042333,0.073134,-9.671567,-0.0107809,-0.0077786,-0.1451389
22.667597,0.039280,0.078863,-9.673506,-0.0113079,-0.0071910,-0.1564467
22.674606,0.051551,0.054853,-9.675658,-0.0117530,-0.0067638,-0.1631420
22.681603,0.050854,0.056012,-9.677062,-0.0120784,-0.0065020,-0.1656297
22.688587,0.044814,0.067756,-9.678156,-0.0122851,-0.0063764,-0.1645668
22.702455,0.049448,0.058546,-9.680758,-0.0124275,-0.0063657,-0.1554263
22.711789,0.218063,-0.274213,-9.687492,-0.0124264,-0.0064008,-0.1491140
22.717413,-0.228552,0.608591,-9.673821,-0.0124092,-0.0064301,-0.1416385
22.724304,0.044403,0.068525,-9.683370,-0.0124015,-0.0064321,-0.1357780
22.731266,0.051678,0.054064,-9.684232,-0.0124075,-0.0064104,-0.1308969
22.745437,0.030125,0.097154,-9.684674,-0.0124694,-0.0063087,-0.1247617
22.752407,0.053862,0.049779,-9.685821,-0.0125165,-0.0062459,-0.1236046
22.759435,0.059887,0.037757,-9.686341,-0.0125694,-0.0061821,-0.1234936
22.766328,0.048019,0.061643,-9.686410,-0.0126240,-0.0061213,-0.1242101
22.780254,0.056858,0.044017,-9.687108,-0.0127291,-0.0060157,-0.1271678
22.787215,0.056059,0.045771,-9.687257,-0.0127763,-0.0059718,-0.1289258
22.794257,0.064137,0.029498,-9.687585,-0.0128198,-0.0059322,-0.1306175
22.801186,0.041694,0.075247,-9.692557,-0.0131617,-0.0061621,-0.1444079
22.815156,0.062407,0.033447,-9.703348,-0.0129968,-0.0060735,-0.1744402
22.822028,0.050447,0.058214,-9.708585,-0.0121712,-0.0054919,-0.1824778
22.828988,0.059509,0.039811,-9.712629,-0.0113283,-0.0048759,-0.1866601
22.835898,0.054831,0.049725,-9.716297,-0.0106326,-0.0043427,-0.1874527
22.849825,0.063815,0.031603,-9.724592,-0.0094433,-0.0033934,-0.1799954
22.856761,0.057417,0.045262,-9.728151,-0.0091419,-0.0031178,-0.1737600
22.863729,0.063165,0.033543,-9.730673,-0.0090251,-0.0029724,-0.1670590
22.870583,0.053243,0.054673,-9.734839,-0.0091026,-0.0025442,-0.1578321
22.877548,0.064091,0.032109,-9.737144,-0.0092741,-0.0020931,-0.1479652
22.891454,0.051931,0.058437,-9.742332,-0.0096597,-0.0014118,-0.1301478
22.898522,2.431168,-0.246665,-13.866643,0.5947329,0.4492907,0.0505574
22.905436,101.095512,10.056863,-109.302910,15.2322083,6.8145862,-0.2016647
22.912376,37.227100,175.380005,-312.163330,-7.1304083,-1.4896147,-0.5599761
22.919360,9.209700,-7.713813,-27.845844,-4.4838400,0.2948558,-0.1653198
22.933265,0.011454,-0.220865,-16.536802,-1.8473454,-0.0900488,-0.1151976
22.940192,0.037330,-0.092266,-15.248437,-0.8932841,-0.3624088,-0.1116230
22.947161,0.045854,-0.027159,-14.045000,-0.2646016,-0.4719102,-0.1103245
22.954058,0.039975,0.010542,-13.077642,0.0438367,-0.4642714,-0.1077983
22.968009,0.022423,-0.006977,-8.941246,0.1214679,-0.3143233,-0.0981594
22.974917,0.010312,0.006886,-7.338145,0.0649529,-0.2434437,-0.0891500
22.981834,0.006676,0.001189,-6.285001,-0.0097676,-0.1913355,-0.0792512
22.988842,0.009977,-0.019509,-5.675542,-0.0776042,-0.1594076,-0.0695426
22.995755,0.003370,-0.005249,-5.460472,-0.1875216,-0.1412362,-0.0590864
23.009764,-0.105375,0.330736,-4.504738,-0.3580076,-0.1344852,-0.0403449
23.016757,0.003670,-0.015419,-5.669256,-0.3982952,-0.1378963,-0.0333229
23.023641,0.001540,-0.008939,-5.845552,-0.4098735,-0.1417806,-0.0283909
23.030722,0.014770,-0.050081,-6.168911,-0.4007770,-0.1446068,-0.0254714
23.044550,0.008217,-0.027692,-6.591304,-0.3525065,-0.1448164,-0.0248586
23.051518,0.007904,-0.026008,-6.822205,-0.3262631,-0.1424173,-0.0264787
23.058453,0.006090,-0.019992,-7.035970,-0.3035236,-0.1389331,-0.0288544
23.065563,0.018837,-0.059305,-7.306265,-0.2855384,-0.1348587,-0.0316095
23.079259,0.008715,-0.028666,-7.632838,-0.2628280,-0.1265304,-0.0370075
23.086251,0.010393,-0.034316,-7.801447,-0.2560744,-0.1227602,-0.0392022
23.093164,0.003962,-0.015379,-7.928064,-0.2508366,-0.1193745,-0.0408889
23.100345,0.023541,-0.075210,-8.117115,-0.2461643,-0.1163462,-0.0420284
23.107250,-0.010580,0.027293,-8.146182,-0.2412722,-0.1135361,-0.0426372
23.121129,-0.020675,0.058838,-8.784218,-0.1981578,-0.1120736,-0.0530795
23.128113,0.010625,-0.031982,-9.198659,-0.1557848,-0.1140205,-0.0684095
23.135068,0.008028,-0.021755,-9.313226,-0.1164140,-0.1157290,-0.0863055
23.141964,0.003034,-0.005329,-9.363699,-0.0850928,-0.1164375,-0.1045901
23.155873,-0.004840,0.018198,-9.441306,-0.0504001,-0.1142981,-0.1359475
23.162784,0.004626,-0.010031,-9.473892,-0.0441515,-0.1119713,-0.1470193
23.169811,0.014730,-0.039975,-9.500670,-0.0420757,-0.1093050,-0.1545236
23.176746,0.004808,-0.012728,-9.634625,-0.0215739,-0.0981888,-0.1573144
23.190689,-0.005650,0.004221,-9.860676,-0.0115696,-0.0350266,-0.0502649
23.197732,0.009728,-0.044731,-9.941638,-0.0100978,-0.0072902,0.0233240
23.204654,-0.008217,0.000747,-10.020092,-0.0096686,0.0130648,0.0989433
23.211656,0.001375,-0.028941,-10.063362,-0.0093548,0.0251893,0.1683889
23.225541,-0.008013,-0.001746,-11.602167,-0.1602858,-0.0444140,0.3610969
23.232524,0.009200,-0.047199,-12.058764,-0.2291505,-0.0806378,0.4445845
23.239437,0.006126,-0.037707,-12.491135,-0.2751501,-0.1050218,0.5116423
23.246394,0.012535,-0.054721,-12.807865,-0.2964965,-0.1162256,0.5599086
23.253402,0.017970,-0.069473,-13.066829,-0.2977036,-0.1169333,0.5892212
23.267236,0.014178,-0.061053,-13.527355,-0.2686208,-0.1032285,0.5982287
23.274247,0.017505,-0.070194,-13.679471,-0.2510885,-0.0954304,0.5841241
23.281196,0.010775,-0.053841,-13.861601,-0.2367110,-0.0893663,0.5624830
23.288136,0.008823,-0.049604,-13.994523,-0.2267264,-0.0854529,0.5368685
23.302051,0.013213,-0.060644,-14.563042,-0.1785676,-0.0695112,0.5262552
23.308957,0.000632,-0.030098,-15.003295,-0.1307092,-0.0531716,0.5561714
23.315869,-0.002405,-0.024295,-15.124556,0.0099714,0.0083104,0.6081587
23.322879,0.002261,-0.037282,-15.178168,0.1325981,0.0661061,0.6668377
23.329798,-0.014243,-0.000503,-15.352014,0.2200194,0.1074789,0.7255176
23.343657,-0.130459,0.258490,-16.250080,0.2786641,0.1326113,0.8229255
23.350596,-0.010732,-0.009637,-15.458900,0.2696464,0.1268422,0.8562123
23.357568,-0.005321,-0.021595,-15.453954,0.2513756,0.1174556,0.8779508
23.364484,-0.010964,-0.009822,-15.519176,0.2329681,0.1088825,0.8887098
23.378378,-0.003427,-0.026715,-15.500849,0.2128533,0.1010517,0.8835433
23.385368,0.000073,-0.034239,-15.486616,0.2121313,0.1015089,0.8718132
23.392298,-0.007227,-0.019822,-15.543294,0.2155655,0.1036106,0.8569437
23.399282,-0.001373,-0.031678,-15.507230,0.2211141,0.1063685,0.8409309
23.413191,-0.001573,-0.031377,-15.512459,0.2323839,0.1112790,0.8118591
23.420190,0.000536,-0.035376,-15.498540,0.2365744,0.1129246,0.8008693
23.427159,-0.003803,-0.027275,-15.527608,0.2396250,0.1140541,0.7929364
23.434167,0.000884,-0.035290,-15.057828,0.2407934,0.1104646,0.7881145
23.448112,0.000849,-0.037822,-12.147446,0.1051816,0.0452894,0.7866645
23.455069,0.012406,-0.060444,-10.611061,-0.0328575,-0.0178111,0.7889856
23.461894,-0.000695,-0.039331,-9.571915,-0.1440957,-0.0676783,0.7925289
23.468928,0.028768,-0.090815,-8.906252,-0.2147604,-0.0980019,0.7967079
23.482807,0.024388,-0.083288,-8.300405,-0.2493967,-0.1090035,0.8050270
23.489709,0.013000,-0.063969,-8.228453,-0.2346952,-0.1006163,0.8084573
23.496686,0.022809,-0.079627,-8.289285,-0.2129921,-0.0899471,0.8111234
23.503719,0.031203,-0.092565,-8.414764,-0.1917613,-0.0803693,0.8129510
23.510727,0.013898,-0.064009,-8.555976,-0.1748590,-0.0734238,0.8139644
23.524718,0.016624,-0.066071,-11.490810,-0.1006432,-0.0493722,0.8138934
23.531729,0.020543,-0.069055,-12.869144,-0.0327017,-0.0274930,0.8131171
23.538641,0.006304,-0.043874,-13.382858,0.0460869,0.0028052,0.8120718
23.545650,0.024085,-0.068431,-13.692204,0.1070296,0.0279182,0.8109158
23.559508,0.010693,-0.045811,-14.330320,0.1602923,0.0518241,0.8087454
23.566481,0.021239,-0.062180,-14.393665,0.1354275,0.0444388,0.8078979
23.573481,0.026181,-0.070609,-14.483109,0.0985568,0.0320625,0.8072666
23.580365,0.011829,-0.051753,-14.642817,0.0632813,0.0200632,0.8068624
23.589991,-22.112957,30.461201,-118.842125,0.0269581,0.0080985,0.8066287
23.596672,0.350925,-0.513996,-13.204650,0.0207682,0.0062759,0.8066589
23.610648,0.034961,-0.082782,-14.555266,0.0221045,0.0040331,0.8071065
23.617690,0.035828,-0.082577,-14.506679,0.0282381,0.0046567,0.8074218
23.624590,0.022316,-0.063848,-14.527442,0.0344937,0.0056744,0.8077414
23.631668,0.042824,-0.089015,-14.405568,0.0396270,0.0067138,0.8080401
23.638657,0.019489,-0.058426,-14.476274,0.0430576,0.0075525,0.8082952
23.652701,0.052397,-0.097574,-14.292814,0.0453857,0.0084406,0.8086194
23.659608,0.019827,-0.057051,-14.408319,0.0452925,0.0086262,0.8086883
23.666613,0.046327,-0.088169,-14.284106,0.0449889,0.0087470,0.8087032
23.673440,0.017765,-0.053482,-14.384727,0.0447694,0.0088634,0.8086751
23.687346,0.052195,-0.091837,-14.205538,0.0450478,0.0091807,0.8085374
23.694383,0.057479,-0.096654,-14.165347,0.0455248,0.0093815,0.8084511
23.701384,0.053034,-0.090422,-14.167474,0.0461321,0.0095951,0.8083664
23.708308,0.025657,-0.058891,-14.260073,0.0468048,0.0098134,0.8082894
23.722258,0.040663,-0.073418,-14.185926,0.0480545,0.0102094,0.8081816
23.729233,0.050218,-0.082501,-14.144383,0.0485998,0.0103890,0.8081526
23.736353,0.066140,-0.097974,-14.080647,0.0490951,0.0105602,0.8081396
23.743282,0.023262,-0.052065,-14.234434,0.0495495,0.0107252,0.8081404
23.750447,0.092103,-0.121712,-13.978902,0.0499567,0.0108788,0.8081517
23.764210,0.065135,-0.091273,-14.071536,0.0507305,0.0111787,0.8081927
23.771134,0.051174,-0.076101,-13.706104,0.0529869,0.0118144,0.8082162
23.778124,0.065881,-0.089049,-13.380567,0.0554335,0.0125022,0.8082383
23.785087,0.066907,-0.089347,-11.822460,0.0492848,0.0093030,0.8082573
23.798966,0.075169,-0.095228,-10.066584,0.0344861,0.0020164,0.8082830
23.805940,0.075193,-0.093967,-9.611343,0.0295499,-0.0002425,0.8082891
23.812840,0.063413,-0.081955,-9.185154,0.0251431,-0.0020558,0.8082910
23.819819,0.080436,-0.095948,-8.957424,0.0224185,-0.0030454,0.8082896
23.833843,0.103565,-0.113010,-8.857987,0.0213458,-0.0031008,0.8082803
23.840689,0.059995,-0.073362,-8.887068,0.0221530,-0.0026258,0.8082742
23.847638,0.083056,-0.091570,-8.998874,0.0232659,-0.0020924,0.8082681
23.854600,0.084425,-0.090959,-9.125865,0.0243773,-0.0016255,0.8082622
23.861811,0.134736,-0.131223,-9.281871,0.0252967,-0.0012869,0.8082573
23.875673,0.070194,-0.073950,-9.572504,0.0264055,-0.0009794,0.8082513
23.882652,0.099585,-0.096003,-9.718102,0.0266311,-0.0009541,0.8082500
23.889687,0.112608,-0.104446,-9.853552,0.0267437,-0.0009590,0.8082498
23.896627,0.087937,-0.083068,-10.079194,0.0272438,0.0009784,0.8082504
23.910673,0.129395,-0.111585,-10.431511,0.0264824,0.0066179,0.8058732
23.917683,0.094044,-0.082911,-10.612452,0.0246704,0.0097214,0.8028216
23.924666,0.109747,-0.093036,-10.727181,0.0229915,0.0120085,0.7996115
23.931810,0.127721,-0.104470,-10.814866,0.0217145,0.0134313,0.7964972
23.945904,0.053023,-0.046226,-11.041036,0.0207600,0.0140808,0.7915541
23.952945,0.135369,-0.103449,-11.012329,0.0209088,0.0137958,0.7900527
23.959815,0.097801,-0.074669,-11.095166,0.0212746,0.0133919,0.7891663
23.966802,0.130479,-0.095524,-11.095535,0.0217213,0.0130159,0.7888458
23.980666,0.126362,-0.088336,-11.150925,0.0225233,0.0125931,0.7894924
23.987645,0.137132,-0.093461,-11.157178,0.0228010,0.0125606,0.7902231
23.994544,0.124248,-0.082648,-11.186182,0.0229931,0.0126143,0.7910689
24.001585,0.152560,-0.099208,-11.165990,0.0231182,0.0127198,0.7919305
24.008613,0.136487,-0.086465,-11.132215,0.0224049,0.0126028,0.7818773
24.022535,0.151614,-0.091949,-11.067178,0.0208075,0.0123530,0.7553698
24.029506,0.140911,-0.083075,-11.066743,0.0202852,0.0123010,0.7418715
24.036425,0.139331,-0.080017,-11.062810,0.0200320,0.0123099,0.7299743
24.043462,0.171393,-0.097727,-11.028833,0.0200062,0.0123654,0.7203874
24.057340,0.128624,-0.067531,-11.078170,0.0203567,0.0125426,0.7091182
24.064368,0.178325,-0.095207,-11.032724,0.0205950,0.0126310,0.7073296
24.071204,0.142888,-0.072216,-10.851023,0.0194051,0.0116299,0.6748283
24.078152,0.168686,-0.085611,-10.506347,0.0168471,0.0099930,0.6064898
24.085181,0.185228,-0.093550,-10.287106,0.0142269,0.0084350,0.5263516
24.099228,0.217106,-0.108958,-10.045718,0.0106776,0.0064579,0.3681775
24.106021,0.133642,-0.060181,-10.012236,0.0099725,0.0061013,0.3028864
24.113114,0.209699,-0.102417,-9.950606,0.0100645,0.0069900,0.2396294
24.119974,0.157984,-0.072260,-9.941511,0.0105978,0.0082865,0.1863165
24.126956,0.192460,-0.090969,-9.932835,0.0113139,0.0095814,0.1460854
24.140946,0.189300,-0.087845,-9.970908,0.0126094,0.0113814,0.1057712
24.147875,0.176143,-0.079840,-10.006405,0.0130071,0.0117754,0.1036723
24.154855,0.196034,-0.090345,-10.037408,0.0132172,0.0118913,0.1107100
24.161797,0.195075,-0.089134,-10.075484,0.0132811,0.0118244,0.1241820
24.175577,0.184211,-0.081580,-10.152367,0.0131778,0.0114827,0.1602868
24.182608,0.218921,-0.100034,-10.172055,0.0130994,0.0113275,0.1785116
24.189543,0.202544,-0.090056,-10.208376,0.0130395,0.0112214,0.1946759
24.196490,0.207232,-0.091763,-10.227633,0.0134595,0.0125993,0.1950944
24.203439,0.209614,-0.092179,-10.249729,0.0139756,0.0142943,0.1846512
24.217399,0.222057,-0.097338,-10.287805,0.0148351,0.0170692,0.1442993
24.224360,0.213753,-0.092049,-10.310842,0.0150955,0.0178261,0.1205322
24.231234,0.204120,-0.086107,-10.332346,0.0152474,0.0181766,0.0979254
24.238590,0.294426,-0.134701,-10.300372,0.0153173,0.0182287,0.0781775
24.252110,0.225749,-0.096127,-10.359189,0.0153226,0.0178991,0.0512134
24.259063,0.227193,-0.096386,-10.368299,0.0153048,0.0176999,0.0445859
24.266037,0.234147,-0.099659,-10.373304,0.0152925,0.0175474,0.0421204
24.273065,0.246359,-0.105753,-10.374419,0.0152923,0.0174581,0.0431274
24.280008,0.205547,-0.083077,-10.404379,0.0153052,0.0174285,0.0468910
24.293971,0.228216,-0.094322,-10.364859,0.0154273,0.0190352,0.0695273
24.300889,0.234385,-0.097083,-10.341030,0.0155450,0.0209237,0.0919658
24.307822,0.236712,-0.097650,-10.326540,0.0156415,0.0226433,0.1165029
24.314792,0.248512,-0.103340,-10.235168,0.0169364,0.0234074,0.0390933
24.329618,0.156761,-0.053128,-10.226497,0.0204870,0.0233797,-0.2005565
24.336575,0.215020,-0.085137,-10.182225,0.0217915,0.0231307,-0.3219860
24.343623,0.268938,-0.115522,-10.133777,0.0226311,0.0229696,-0.4273160
24.351105,0.317497,-0.143749,-10.085015,0.0230962,0.0229312,-0.5149177
24.357732,0.153265,-0.054160,-10.111382,0.0232605,0.0230057,-0.5790039
24.371928,0.316469,-0.149537,-10.026113,0.0231425,0.0232877,-0.6345991
24.378525,0.188644,-0.078786,-10.063537,0.0230195,0.0234206,-0.6329135
24.385569,0.272615,-0.128906,-10.042876,0.0229105,0.0235177,-0.6168502
24.392376,0.230821,-0.106665,-10.066042,0.0228302,0.0235728,-0.5909808
24.406319,0.254706,-0.132705,-9.678154,-0.0548533,0.1037481,-0.5675175
24.413306,0.254822,-0.142500,-9.423132,-0.1342483,0.1835836,-0.5874720
24.420310,0.254854,-0.150626,-9.250386,-0.2020620,0.2511000,-0.6151763
24.427312,0.251708,-0.166178,-8.696510,-0.4519314,0.3162115,-0.6601219
24.441258,0.275649,-0.204504,-8.033927,-0.8100817,0.3705031,-0.7556410
24.448177,0.234522,-0.170282,-6.798535,-0.9904472,0.3374746,-0.7973520
24.455126,0.255665,-0.183593,-6.074990,-1.1054573,0.2894223,-0.8305913
24.462064,0.257472,-0.180500,-5.569592,-1.1703715,0.2387749,-0.8545892
24.469414,0.309896,-0.238810,-5.491498,-1.1948595,0.1951137,-0.8692517
24.482977,0.271167,-0.190227,-5.155529,-1.1732376,0.1465448,-0.8738121
24.489868,0.251909,-0.161780,-5.121891,-1.1491532,0.1403886,-0.8668227
24.496810,0.262243,-0.178777,-5.283535,-1.1264491,0.1426550,-0.8561320
24.503738,0.259749,-0.176664,-5.420489,-1.1087610,0.1499358,-0.8434803
24.510667,0.259222,-0.178504,-5.586614,-1.0975174,0.1592911,-0.8304291
24.524692,0.263255,-0.194631,-5.958838,-1.0924343,0.1763887,-0.8077838
24.531779,0.268801,-0.212773,-6.155825,-1.0958543,0.1822082,-0.7996150
24.538651,0.239640,-0.145353,-6.202071,-1.1011754,0.1858816,-0.7940108
24.545815,0.281659,-0.258533,-6.524137,-1.1069394,0.1876522,-0.7909658
24.559558,0.223008,-0.094688,-6.566766,-1.1170936,0.1875077,-0.7911239
24.566476,0.254380,-0.195016,-6.804844,-1.1207898,0.1865078,-0.7934289
24.573452,0.259214,-0.216122,-6.929252,-1.1235828,0.1853662,-0.7965624
24.580448,0.260127,-0.225219,-7.028079,-1.1256464,0.1843069,-0.8000631
24.587443,0.259734,-0.229964,-7.111901,-1.1271994,0.1834552,-0.8035342
24.601322,0.236324,-0.133174,-7.168651,-1.1295929,0.1824969,-0.8092893
24.608190,0.248696,-0.182747,-6.857368,-1.0454731,0.1633810,-0.8112239
24.615147,0.255807,-0.216331,-6.688423,-0.9686407,0.1432215,-0.8124715
24.629072,0.251307,-0.192394,-6.478896,-0.8559513,0.1136042,-0.8131065
24.636202,0.263692,-0.255059,-7.045584,-0.6177792,0.0284598,-0.8126923
24.643114,0.249489,-0.125968,-7.358617,-0.3606828,-0.0593401,-0.8119538
24.650216,0.270455,-0.261467,-7.692492,-0.1395260,-0.1318311,-0.8110569
24.657116,0.256163,-0.145339,-7.665202,0.0281810,-0.1832462,-0.8100957
24.670993,0.258741,-0.189053,-7.062374,0.2862624,-0.2495234,-0.8083910
24.677982,0.258520,-0.214013,-6.853844,0.3405099,-0.2581204,-0.8077571
24.685043,0.259311,-0.251647,-6.734728,0.3570128,-0.2559479,-0.8073064
24.692505,0.272233,-0.380103,-6.757242,0.3476692,-0.2475269,-0.8070380
24.705836,0.234236,-0.199838,-5.588271,0.2075844,-0.1759841,-0.7769091
24.712828,0.238215,-0.268769,-5.432884,0.1390100,-0.1445425,-0.7592488
24.720035,0.246424,-0.364011,-5.423921,0.0854182,-0.1214747,-0.7423593
24.726821,0.216814,-0.174756,-5.090448,0.0496040,-0.1073584,-0.7274645
24.733774,0.227224,-0.279306,-5.226694,0.0312451,-0.1013800,-0.7156943
24.747614,0.212493,-0.212132,-5.213273,0.0310932,-0.1051903,-0.7023203
24.754722,0.228313,-0.359172,-5.485372,0.0408305,-0.1107251,-0.7004698
24.761675,0.218700,-0.306041,-5.490342,0.0523164,-0.1164573,-0.7012159
24.769025,0.229431,-0.416860,-5.718751,0.0634381,-0.1214953,-0.7040114
24.783071,0.217502,-0.374316,-5.826165,0.0817440,-0.1261746,-0.6958804
24.790098,0.208444,-0.325193,-5.845723,0.0888781,-0.1257539,-0.6787237
24.796984,0.200473,-0.285290,-5.872283,0.0938801,-0.1246147,-0.6597314
24.803979,0.208080,-0.367034,-6.335852,0.1495800,-0.1378112,-0.6481217
24.817853,0.204576,-0.372398,-6.766771,0.2524611,-0.1660758,-0.6357062
24.824738,0.197957,-0.338279,-6.811713,0.2949739,-0.1738642,-0.6313365
24.831733,0.201208,-0.390301,-6.911750,0.3246088,-0.1777473,-0.6287684
24.838928,0.207860,-0.471656,-7.027370,0.3420420,-0.1783894,-0.6278362
24.845858,0.181651,-0.281451,-6.895196,0.3493102,-0.1767490,-0.6283341
24.859806,0.189834,-0.410094,-7.061335,0.3445191,-0.1714294,-0.6319708
24.866849,0.191265,-0.449678,-7.115984,0.3383212,-0.1690990,-0.6344394
24.874262,0.199956,-0.543772,-7.216548,0.3321367,-0.1674529,-0.6369815
24.881240,0.162161,-0.277405,-6.992919,0.3270119,-0.1665863,-0.6394270
24.888218,0.179507,-0.443599,-7.150962,0.3240946,-0.1664599,-0.6413398
24.902541,0.140560,-0.205337,-6.948616,0.3231932,-0.1674769,-0.6437590
24.909547,0.174702,-0.488951,-7.211801,0.3244132,-0.1681710,-0.6442101
24.916669,0.175463,-0.519641,-7.244031,0.3261824,-0.1688300,-0.6442534
24.923435,0.157958,-0.421482,-7.154061,0.3281155,-0.1693706,-0.6439753
24.937265,0.160713,-0.497717,-7.175507,0.3118998,-0.1571864,-0.6087089
24.944217,0.159104,-0.515285,-7.167254,0.2932683,-0.1434451,-0.5647637
24.951262,0.160896,-0.553400,-7.140398,0.2764944,-0.1310248,-0.5175710
24.958140,0.148704,-0.496204,-7.015304,0.2636719,-0.1214848,-0.4717919
24.965106,0.153073,-0.545120,-7.023560,0.2556423,-0.1154791,-0.4317215
24.978974,0.151690,-0.568943,-7.001595,0.2516584,-0.1124638,-0.3762574
24.985964,0.150276,-0.574103,-6.997468,0.2536656,-0.1139517,-0.3621626
24.992897,0.145977,-0.561367,-6.978558,0.2568784,-0.1163239,-0.3564745
24.999980,0.150337,-0.600284,-7.025692,0.2604229,-0.1188956,-0.3579330
25.013832,0.139803,-0.567766,-7.092685,0.2383090,-0.1214415,-0.3882985
25.020808,0.143728,-0.606951,-7.200386,0.2093187,-0.1206852,-0.4166769
25.027758,0.140848,-0.608135,-7.209793,0.1816705,-0.1195399,-0.4465066
25.034668,0.137266,-0.606077,-7.352263,0.1325360,-0.1201013,-0.4679006
25.041609,0.137318,-0.624304,-7.466837,0.0841980,-0.1214523,-0.4837867
25.055516,0.134975,-0.645912,-7.630735,0.0154425,-0.1259110,-0.4987038
25.062408,0.129836,-0.637586,-7.774836,-0.0312026,-0.1227001,-0.5065168
25.069510,0.138563,-0.703272,-7.936374,-0.0718615,-0.1185110,-0.5126612
25.076363,0.123893,-0.644309,-7.977481,-0.1028483,-0.1145088,-0.5169499
25.090325,0.120561,-0.664006,-8.339869,-0.1498308,-0.1033855,-0.5247409
25.097436,0.128836,-0.727908,-8.563474,-0.1706620,-0.0955685,-0.5298744
25.104324,0.116328,-0.679838,-8.702301,-0.1844774,-0.0892757,-0.5343639
25.111165,0.112603,-0.677609,-8.837387,-0.1915732,-0.0850833,-0.5379516
25.125079,0.113212,-0.714913,-9.055190,-0.1916368,-0.0823832,-0.5420571
25.132299,0.125273,-0.799631,-9.147253,-0.1881683,-0.0828845,-0.5426559
25.138909,0.093643,-0.636342,-9.192425,-0.1843694,-0.0838872,-0.5424643
25.145851,0.108853,-0.739894,-9.259209,-0.1811451,-0.0849754,-0.5416717
25.159872,0.110248,-0.782703,-9.345667,-0.1778682,-0.0864860,-0.5390874
25.166778,0.102120,-0.751958,-9.376841,-0.1777328,-0.0867773,-0.5376578
25.173769,0.101743,-0.764539,-9.406232,-0.1399346,-0.0879315,-0.5400916
25.180901,0.108521,-0.821197,-9.430338,-0.0953864,-0.0890125,-0.5436579
25.188109,0.106282,-0.823432,-9.450570,-0.0537848,-0.0895733,-0.5478618
25.202613,0.111408,-0.892483,-9.478083,-0.0025775,-0.0886869,-0.5562131
25.209118,0.065625,-0.623654,-9.501591,0.0054183,-0.0876717,-0.5595248
25.216083,0.091473,-0.807839,-9.502460,0.0054284,-0.0866878,-0.5619984
25.222985,0.086910,-0.799007,-9.511044,0.0007327,-0.0859145,-0.5636415
25.229998,0.089786,-0.837902,-9.515584,-0.0059367,-0.0854515,-0.5644890
25.243844,0.081061,-0.821559,-9.527124,-0.0179772,-0.0853905,-0.5642206
25.250874,0.084785,-0.866238,-9.528214,-0.0215773,-0.0856255,-0.5634073
25.257833,0.079488,-0.850758,-9.532752,-0.0234596,-0.0859066,-0.5623520
25.271904,0.085493,-0.937860,-9.493915,0.0084726,-0.0613101,-0.5060571
25.278760,0.062306,-0.800395,-9.493024,0.0260103,-0.0482710,-0.4714461
25.285803,0.074211,-0.902770,-9.482058,0.0392419,-0.0386148,-0.4389471
25.292745,0.066769,-0.890630,-9.490646,-0.1578872,-0.0164719,-0.4366261
25.299777,0.064765,-0.916192,-9.466039,-0.3412409,0.0065676,-0.4469256
25.313653,0.059093,-0.936445,-9.739651,-0.5883200,0.0305878,-0.4848923
25.320705,0.061735,-0.981633,-9.788518,-0.6418622,0.0313800,-0.5077211
25.327619,0.054573,-0.938470,-9.845789,-0.6571894,0.0270625,-0.5299001
25.334666,0.058816,-0.994596,-9.870502,-0.6468150,0.0205031,-0.5493439
25.348447,0.049939,-0.938228,-9.947992,-0.5964123,0.0090621,-0.5763587
25.355425,0.052368,-0.988493,-9.956569,-0.5730444,0.0062352,-0.5832514
25.362328,0.048853,-0.970354,-9.982352,-0.5563563,0.0053652,-0.5860717
25.369286,0.048365,-0.993376,-9.991961,-0.5470385,0.0059217,-0.5854542
25.376219,0.046070,-0.991880,-10.006750,-0.5440931,0.0072742,-0.5822033
25.390671,0.038927,-0.921247,-10.009973,-0.4645098,0.0035032,-0.5645174
25.397505,0.039343,-0.944002,-9.989943,-0.3903626,-0.0021512,-0.5506231
25.404752,0.044925,-1.104368,-9.929862,-0.3290671,-0.0067642,-0.5368341
25.411519,0.035210,-0.886584,-9.991784,-0.2857900,-0.0097843,-0.5239525
25.418557,0.039388,-1.042632,-9.943522,-0.2459355,-0.0150318,-0.5319371
25.432426,0.036250,-1.047978,-9.940857,-0.2105242,-0.0223822,-0.5668466
25.439345,0.034007,-1.024793,-9.947332,-0.2095888,-0.0237750,-0.5880920
25.446292,0.032354,-1.052313,-10.079036,-0.2644410,-0.0210022,-0.6078007
25.453333,0.030661,-1.096999,-10.152985,-0.3193471,-0.0180694,-0.6249502
25.460209,0.028467,-1.050587,-10.245770,-0.3668114,-0.0161742,-0.6385614
25.474125,0.024205,-1.137667,-10.759861,-0.4967522,-0.0084442,-0.6651139
25.481024,0.022948,-1.095023,-10.977647,-0.5331867,-0.0071714,-0.6738628
25.488186,0.019718,-1.187826,-11.061365,-0.5506607,-0.0074771,-0.6793523
25.495232,0.019733,-1.118443,-11.249155,-0.5530507,-0.0086961,-0.6817660
25.509242,0.016771,-1.136517,-11.433479,-0.5347538,-0.0111068,-0.6791744
25.516236,0.014389,-1.166372,-11.480191,-0.5238835,-0.0115764,-0.6755494
25.523146,0.014729,-1.134956,-11.572520,-0.5152993,-0.0115221,-0.6711861
25.530007,0.014126,-1.128974,-11.630803,-0.5099583,-0.0110875,-0.6666576
25.543837,0.014617,-1.099620,-11.739977,-0.5077879,-0.0098071,-0.6587244
25.550891,0.005504,-1.225593,-11.646108,-0.5093299,-0.0092540,-0.6558474
25.557787,0.008787,-1.169899,-11.725028,-0.5114782,-0.0088599,-0.6538468
25.564757,0.005294,-1.207877,-11.706898,-0.5136070,-0.0086360,-0.6527119
25.571680,0.005781,-1.195785,-11.733987,-0.5153515,-0.0085552,-0.6523551
25.585864,0.005206,-1.195349,-11.756058,-0.5173169,-0.0086464,-0.6534264
25.592810,0.003737,-1.208777,-11.748397,-0.5176584,-0.0087297,-0.6545039
25.599725,0.004514,-1.200659,-11.760496,-0.5177664,-0.0087987,-0.6557212
25.606860,-0.008268,-1.316369,-11.650066,-0.5177746,-0.0088409,-0.6569287
25.613658,0.007655,-1.176000,-11.787088,-0.5177810,-0.0088543,-0.6580281
25.627690,0.000814,-1.238177,-11.725428,-0.5179743,-0.0088170,-0.6596326
25.634670,-0.001786,-1.260787,-11.701268,-0.5181759,-0.0087815,-0.6600806
25.641619,0.001159,-1.242258,-11.715755,-0.5184276,-0.0087421,-0.6602993
25.648501,0.000306,-1.252570,-11.701644,-0.5186988,-0.0087043,-0.6603196
25.662430,-0.001398,-1.268227,-11.663118,-0.4032768,-0.0126921,-0.6401995
25.669360,-0.003026,-1.282216,-11.645768,-0.3568129,-0.0134099,-0.6281284
25.676265,-0.001324,-1.276568,-11.648773,-0.3259586,-0.0131990,-0.6164867
25.683269,-0.008793,-1.327863,-11.601369,-0.3106457,-0.0123579,-0.6062233
25.697165,0.003475,-1.287931,-11.429517,-0.1109558,-0.0819272,-0.6221125
25.704235,-0.007273,-1.361814,-11.275249,-0.0235656,-0.1128383,-0.6364256
25.711221,0.002208,-1.325975,-11.534607,0.0446841,-0.1400215,-0.6510473
25.718175,0.011632,-1.290143,-11.627498,0.0856212,-0.1570139,-0.6652278
25.725087,0.010180,-1.308731,-11.645993,0.1014525,-0.1641551,-0.6775547
25.738986,0.003774,-1.357260,-11.660428,0.0879517,-0.1601945,-0.6944748
25.745895,0.006279,-1.352251,-11.689805,0.0730956,-0.1548856,-0.6987016
25.752948,-0.008433,-1.426712,-11.638821,0.0596090,-0.1500747,-0.7003446
25.759755,0.012847,-1.335669,-11.740680,-0.0191168,-0.1312675,-0.7024761
25.766763,-0.008877,-1.437590,-11.652745,-0.0973576,-0.1130656,-0.7036399
25.780740,-0.010047,-1.449438,-11.646134,-0.2028042,-0.0914671,-0.7035411
25.787646,-0.005529,-1.433304,-11.658911,-0.2229127,-0.0889139,-0.7026301
25.794578,-0.009751,-1.452768,-11.635953,-0.2261168,-0.0900520,-0.7014005
25.801587,-0.015529,-1.477202,-11.608185,-0.2186002,-0.0931091,-0.7000241
25.815636,0.004686,-1.400548,-11.675808,-0.1935311,-0.0994842,-0.6974118
25.822606,-0.019644,-1.492906,-11.583530,-0.1836778,-0.1012813,-0.6964096
25.829521,-0.015758,-1.477031,-11.705615,-0.1522582,-0.1053798,-0.6983466
25.836661,-0.043802,-1.577601,-11.675076,-0.1208853,-0.1089298,-0.7012402
25.843592,-0.004408,-1.437340,-11.919692,-0.1298673,-0.1132644,-0.7019898
25.857655,-0.035151,-1.548506,-11.941784,-0.1708809,-0.1190960,-0.7017916
25.864665,-0.022217,-1.504074,-12.044520,-0.1905484,-0.1206934,-0.7010934
25.871523,-0.022557,-1.503394,-12.086775,-0.2038976,-0.1215475,-0.7002065
25.878487,-0.039368,-1.556808,-12.059067,-0.2110535,-0.1218885,-0.6992406
25.892539,-0.051362,-1.586866,-12.071429,-0.2114917,-0.1216852,-0.6974562
25.899604,-0.049207,-1.574406,-12.102677,-0.2081550,-0.1213885,-0.6967672
25.906504,-0.036702,-1.528507,-12.168937,-0.2045300,-0.1210851,-0.6962695
25.913498,-0.061141,-1.599139,-12.096193,-0.2015107,-0.1208271,-0.6959643
25.920519,-0.068598,-1.615491,-12.084545,-0.1994466,-0.1206405,-0.6958333
25.934479,-0.080007,-1.635463,-12.070312,-0.1980913,-0.1205100,-0.6959867
25.941404,-0.060436,-1.568747,-12.150566,-0.1983399,-0.1205498,-0.6961992
25.948433,-0.087488,-1.641284,-12.066128,-0.1988226,-0.1206327,-0.6964512
25.955438,-0.076789,-1.601278,-12.112652,-0.1993426,-0.1207411,-0.6967158
25.969357,-0.107420,-1.669688,-12.020166,-0.1786363,-0.1203766,-0.6894967
25.976342,-0.091782,-1.613362,-12.079567,-0.1549644,-0.1195678,-0.6798985
25.983244,-0.092807,-1.605248,-12.084097,-0.1347299,-0.1185770,-0.6696668
25.990730,-0.183535,-1.850225,-11.796500,-0.1206127,-0.1175934,-0.6598127
25.997481,-0.017702,-1.377769,-12.342804,-0.1127028,-0.1167141,-0.6506674
26.011424,-0.121664,-1.646753,-12.027714,-0.1122464,-0.1158455,-0.6388131
26.018437,-0.141030,-1.689924,-11.976499,-0.1154243,-0.1157770,-0.6358649
26.025363,-0.133209,-1.658941,-12.010819,-0.1188810,-0.1158838,-0.6347258
26.032296,-0.139629,-1.664505,-11.947797,-0.0754238,-0.1301760,-0.6524070
26.046195,-0.149778,-1.665538,-11.802846,0.0203517,-0.1579909,-0.7012425
26.053316,-0.189036,-1.756823,-11.358802,-0.0103883,-0.1604893,-0.7224297
26.060149,-0.139233,-1.617668,-11.254652,-0.0597893,-0.1587747,-0.7401353
26.067089,-0.176072,-1.698976,-11.021914,-0.1104576,-0.1557308,-0.7532455
26.074141,-0.201257,-1.747837,-10.874849,-0.1517292,-0.1531297,-0.7617278
26.087981,-0.210310,-1.735454,-10.406168,-0.2402250,-0.1432697,-0.7687962
26.094955,-0.219818,-1.739270,-10.132505,-0.2889590,-0.1356463,-0.7694873
26.101829,-0.212112,-1.698943,-9.974365,-0.3226205,-0.1301982,-0.7683195
26.108902,-0.255518,-1.783459,-9.826692,-0.3405272,-0.1273154,-0.7658026
26.122723,-0.258990,-1.743952,-9.772799,-0.3421390,-0.1271888,-0.7587502
26.129722,-0.267437,-1.740030,-9.784868,-0.3343942,-0.1284296,-0.7550992
26.136709,-0.265963,-1.711468,-9.826810,-0.3256876,-0.1297154,-0.7518013
26.143829,-0.312476,-1.799366,-9.826601,-0.3184254,-0.1306736,-0.7491282
26.150789,-0.286768,-1.711180,-9.915692,-0.3134123,-0.1312165,-0.7471439
26.164777,-0.151452,-1.330772,-10.217270,-0.3103160,-0.1312580,-0.7453278
26.171782,-0.333311,-1.744274,-10.050434,-0.3111219,-0.1310304,-0.7453576
26.178700,-0.327088,-1.701889,-10.119651,-0.3125968,-0.1307993,-0.7458371
26.185653,-0.347858,-1.720217,-9.860538,-0.2600502,-0.1371059,-0.7492071
26.199562,-0.373972,-1.720799,-9.614004,-0.1495804,-0.1488918,-0.7578879
26.206481,-0.368938,-1.678715,-9.578576,-0.1118409,-0.1517643,-0.7622049
26.213418,-0.391860,-1.704201,-9.549100,-0.0903266,-0.1524524,-0.7659636
26.220431,-0.419005,-1.740097,-9.538290,-0.0824516,-0.1516481,-0.7689689
26.227365,-0.417172,-1.706922,-9.568624,-0.0841975,-0.1501444,-0.7711161
26.241438,-0.455366,-1.738531,-9.617119,-0.1002368,-0.1474502,-0.7728902
26.248350,-0.434609,-1.659832,-9.686067,-0.1084691,-0.1468552,-0.7727034
26.255318,-0.477881,-1.729575,-9.693391,-0.1144588,-0.1467897,-0.7720214
26.262281,-0.490899,-1.728248,-9.729729,-0.1180286,-0.1470904,-0.7710109
26.276123,-0.516112,-1.721600,-9.799403,-0.1192567,-0.1480887,-0.7686292
26.283038,-0.524365,-1.705018,-9.761625,-0.0794478,-0.1504809,-0.7564430
26.290036,-0.554450,-1.738806,-9.728775,-0.0329359,-0.1525616,-0.7415840
26.296925,-0.548264,-1.690556,-9.745994,0.0092213,-0.1538178,-0.7259671
26.303955,-0.588015,-1.746109,-9.867306,0.1183594,-0.1737090,-0.7288313
26.317947,-0.631181,-1.776808,-10.024537,0.2858456,-0.2086902,-0.7517843
26.324849,-0.603428,-1.682625,-10.134915,0.3302788,-0.2178742,-0.7675458
26.331751,-0.618337,-1.684095,-10.179193,0.3492189,-0.2210809,-0.7835601
26.338912,-0.690263,-1.809700,-10.138453,0.3493901,-0.2200145,-0.7982324
26.352826,-0.687996,-1.736729,-10.207700,0.3227421,-0.2128119,-0.8203500
26.359899,-0.729757,-1.791161,-10.183434,0.3083687,-0.2097621,-0.8266038
26.366695,-0.696426,-1.685063,-10.259234,0.2973807,-0.2078628,-0.8298492
26.373686,-0.753632,-1.769085,-10.214168,0.2907232,-0.2071178,-0.8304499
26.380585,-0.754741,-1.734361,-10.244205,0.2880749,-0.2072559,-0.8289276
26.394475,-0.791267,-1.738435,-10.048623,0.1953808,-0.1988305,-0.8219283
26.401455,-0.831214,-1.782708,-9.961580,0.1545268,-0.1959662,-0.8176078
26.408427,-0.846661,-1.780254,-9.252257,-0.0169834,-0.1748075,-0.8133729
26.415318,-0.858888,-1.766435,-8.772843,-0.1687698,-0.1550507,-0.8096164
26.429291,-0.903586,-1.768728,-8.209552,-0.3645273,-0.1322747,-0.8043134
26.437387,-1.102981,-2.136955,-8.140208,-0.4014580,-0.1300459,-0.8029155
26.443281,-0.729704,-1.295634,-7.684178,-0.4265274,-0.1314932,-0.8023008
26.450508,-1.002293,-1.822031,-7.682529,-0.4310825,-0.1351765,-0.8023628
26.457772,-0.992250,-1.745118,-7.585584,-0.4231863,-0.1396034,-0.8029869
26.471554,-0.993968,-1.629125,-7.282120,-0.3675957,-0.1583194,-0.8050928
26.478443,-1.040986,-1.675622,-7.285739,-0.3450156,-0.1648335,-0.8062581
26.485519,-1.093665,-1.736959,-7.336676,-0.3294724,-0.1687025,-0.8073487
26.492483,-1.096010,-1.683350,-7.367151,-0.3211425,-0.1701982,-0.8082833
26.506276,-1.138406,-1.662197,-7.511247,-0.3205579,-0.1687914,-0.8095148
26.513206,-1.155117,-1.640217,-7.590047,-0.3245871,-0.1672889,-0.8097950
26.520183,-1.184718,-1.649077,-7.679029,-0.3293375,-0.1659254,-0.8098767
26.527094,-1.195767,-1.612373,-7.754270,-0.3337533,-0.1649456,-0.8097956
26.541044,-1.253106,-1.624348,-7.912904,-0.3396688,-0.1642977,-0.8093174
26.547985,-1.266769,-1.592150,-7.977628,-0.3410728,-0.1644646,-0.8090057
26.555083,-1.307853,-1.629578,-8.046588,-0.3417047,-0.1647949,-0.8086931
26.561858,-1.284849,-1.500462,-8.091143,-0.3418371,-0.1651695,-0.8084114
26.568900,-1.350831,-1.603058,-8.152817,-0.3417313,-0.1655129,-0.8081772
26.582757,-1.378497,-1.533503,-8.236820,-0.3415099,-0.1659655,-0.8078865
26.589755,-1.412400,-1.551730,-8.273943,-0.3415754,-0.1660706,-0.8078305
26.596667,-1.421859,-1.503327,-8.305269,-0.3417841,-0.1661200,-0.8078251
26.604887,-1.615963,-1.971129,-8.333525,-0.3421128,-0.1661376,-0.8078600
26.618152,-1.505614,-1.501868,-8.380596,-0.3430315,-0.1661566,-0.8080114
26.625197,-1.537182,-1.514217,-8.397833,-0.3434863,-0.1661811,-0.8080963
26.632023,-1.516203,-1.370069,-8.565378,-0.3163202,-0.1542196,-0.7702871
26.638998,-1.574803,-1.462962,-8.584575,-0.2883054,-0.1399835,-0.7235159
26.652903,-1.608349,-1.418564,-8.633270,-0.2443199,-0.1153116,-0.6255649
26.659912,-1.639484,-1.448852,-8.646165,-0.2326861,-0.1078850,-0.5833508
26.667115,-1.684111,-1.526563,-8.650121,-0.2275296,-0.1038455,-0.5495067
26.673780,-1.622484,-1.275741,-8.834846,-0.0577176,-0.1621090,-0.5322884
26.680766,-1.683819,-1.413185,-8.920162,0.1057652,-0.2235697,-0.5265102
26.694635,-1.712528,-1.395411,-8.972458,0.2632526,-0.3345625,-0.5164877
26.701638,-1.731058,-1.395617,-8.999041,0.2825474,-0.3652864,-0.5172693
26.708540,-1.742321,-1.366672,-9.032738,0.2750098,-0.3793816,-0.5208237
26.715493,-1.776256,-1.410909,-9.049334,0.2530186,-0.3810826,-0.5261850
26.729469,-1.825440,-1.430923,-9.091783,0.2021078,-0.3661619,-0.5389816
26.736411,-1.844488,-1.419147,-9.114635,0.1838692,-0.3570059,-0.5450250
26.743355,-1.866731,-1.417897,-9.132784,0.1728354,-0.3496392,-0.5501867
26.750312,-1.889681,-1.419466,-9.148642,0.1683772,-0.3448184,-0.5541943
26.757254,-1.913311,-1.423267,-9.162553,0.1688532,-0.3424987,-0.5569251
26.771484,-1.989709,-1.558095,-9.154065,0.1770820,-0.3430378,-0.5588230
26.778043,-1.944266,-1.259893,-9.245106,0.1818336,-0.3445634,-0.5583280
26.785073,-2.013849,-1.462414,-8.506757,0.1316720,-0.3272555,-0.5584757
26.791993,-2.026517,-1.409968,-7.911312,0.0705016,-0.3095068,-0.5585470
26.805864,-2.078361,-1.431034,-6.732196,-0.0387866,-0.2802355,-0.5717947
26.812802,-2.101080,-1.426434,-6.227782,-0.0773476,-0.2709008,-0.5884105
26.819823,-2.129162,-1.452490,-5.943297,-0.1007436,-0.2663882,-0.6061856
26.826780,-2.147348,-1.422506,-5.822401,-0.0926635,-0.2671011,-0.6133723
26.840668,-2.195653,-1.436064,-5.874235,-0.0445559,-0.2739695,-0.6146755
26.847595,-2.210066,-1.379413,-5.906314,-0.0199494,-0.2773376,-0.6104968
26.854890,-2.252559,-1.521594,-6.146924,-0.0007692,-0.2797706,-0.6044558
26.861707,-2.238191,-1.251172,-6.034286,0.0122919,-0.2812328,-0.5972396
26.868961,-2.290215,-1.478197,-6.359677,0.0187690,-0.2817832,-0.5901197
26.882862,-2.318099,-1.339875,-6.515924,0.0188714,-0.2813643,-0.5779471
26.890259,-2.358924,-1.531878,-6.775437,0.0157883,-0.2809227,-0.5738471
26.896812,-2.347137,-1.191722,-6.662761,0.0122941,-0.2805482,-0.5711326
26.903884,-2.387815,-1.406673,-6.912588,0.0092087,-0.2803256,-0.5697595
26.910813,-2.399537,-1.293437,-6.947812,0.0068637,-0.2802740,-0.5695682
26.924822,-2.447559,-1.376472,-7.174023,0.0049086,-0.2805729,-0.5716959
26.931724,-2.463412,-1.292605,-7.209398,0.0049421,-0.2808315,-0.5735012
26.938739,-2.487760,-1.361334,-7.314064,0.0053496,-0.2810952,-0.5754253
26.945652,-2.506044,-1.304974,-7.509534,0.0172846,-0.2747464,-0.5643214
26.959648,-2.546863,-1.342208,-7.809358,0.0446918,-0.2620672,-0.5337738
26.966549,-2.564469,-1.272671,-7.851849,0.0555454,-0.2573374,-0.5179258
26.973605,-2.583993,-1.350880,-7.897851,0.0628847,-0.2543264,-0.5038938
26.980515,-2.601359,-1.291717,-7.903764,0.0669880,-0.2528481,-0.4924127
26.987538,-2.618514,-1.327102,-7.933510,0.0684656,-0.2525704,-0.4839590
27.001354,-2.652751,-1.309229,-8.002047,0.0883602,-0.2414705,-0.4497058
27.008411,-2.667794,-1.339971,-8.057590,0.1178819,-0.2294613,-0.4009979
27.015291,-2.684479,-1.268293,-8.084316,0.1464425,-0.2184712,-0.3444123
27.022324,-2.694440,-1.328372,-8.132309,0.1697564,-0.2104132,-0.2869394
27.036346,-2.716306,-1.289706,-8.173903,0.1953702,-0.2043882,-0.1882056
27.043712,-2.713884,-1.448335,-8.223330,0.1994643,-0.2082587,-0.1445352
27.050311,-2.738526,-1.192191,-8.187416,0.1997105,-0.2135327,-0.1072697
27.057381,-2.732236,-1.353289,-8.231297,0.1977876,-0.2189874,-0.0781127
27.064183,-2.743329,-1.290388,-8.230000,0.1951015,-0.2235060,-0.0582985
27.078104,-2.752566,-1.305298,-8.244806,0.1915400,-0.2310360,-0.0359972
27.085128,-2.746958,-1.400988,-8.267870,0.1913534,-0.2342218,-0.0257416
27.092142,-2.752237,-1.391163,-8.270148,0.1918381,-0.2363372,-0.0171531
27.099083,-2.759021,-1.373240,-8.270908,0.1927366,-0.2374209,-0.0106970
27.112958,-2.763606,-1.403283,-8.287338,0.1948283,-0.2374494,-0.0044770
27.120004,-2.759132,-1.458791,-8.304953,0.1957348,-0.2369255,-0.0042646
27.126822,-2.774056,-1.392563,-8.296113,0.1964595,-0.2363198,-0.0055137
27.133947,-2.759101,-1.502564,-8.326592,0.1969938,-0.2357668,-0.0077874
27.140762,-2.778660,-1.417254,-8.313449,0.1973656,-0.2353335,-0.0106600
27.154830,-2.762403,-1.542266,-8.325177,0.2028819,-0.2348279,-0.0152786
27.161811,-2.782568,-1.462826,-8.286254,0.2084957,-0.2346867,-0.0154566
27.168702,-2.784582,-1.474677,-8.278277,0.2134181,-0.2346140,-0.0145667
27.176106,-2.752249,-1.630919,-8.317049,0.2171681,-0.2345957,-0.0129288
27.190047,-2.781371,-1.539825,-8.294275,0.2209339,-0.2346715,-0.0084784
27.196861,-2.795757,-1.500266,-8.287880,0.2212858,-0.2347341,-0.0063366
27.204074,-2.767570,-1.616777,-8.329570,0.2211033,-0.2347974,-0.0044553
27.210899,-2.808405,-1.485525,-8.298313,0.2206656,-0.2348540,-0.0029277
27.217857,-2.787303,-1.572258,-8.333179,0.2202223,-0.2348969,-0.0018606
27.231775,-2.791180,-1.583380,-8.355052,0.2197308,-0.2349416,-0.0009816
27.238739,-2.789731,-1.598703,-8.369158,0.2197460,-0.2349457,-0.0010702
27.245666,-2.792187,-1.602065,-8.379519,0.2199043,-0.2349405,-0.0014088
27.252738,-2.779474,-1.646922,-8.402802,0.2201602,-0.2349285,-0.0019130
27.266610,-2.788232,-1.641969,-8.418900,0.2207894,-0.2348929,-0.0031072
27.273608,-2.785190,-1.658270,-8.432644,0.2210929,-0.2348735,-0.0036631
27.280529,-2.798865,-1.632827,-8.385062,0.2285928,-0.2385628,-0.0071252
27.287696,-2.767765,-1.713607,-8.391716,0.2361973,-0.2423554,-0.0122979
27.294777,-2.793969,-1.661007,-8.358063,0.2431568,-0.2458275,-0.0185562
27.308676,-2.791522,-1.682977,-8.119472,0.2924458,-0.2564248,-0.0341327
27.315599,-2.793355,-1.688414,-8.060440,0.3112391,-0.2598373,-0.0415253
27.322663,-2.778433,-1.725627,-8.048302,0.3241577,-0.2618024,-0.0478998
27.329615,-2.792119,-1.709253,-8.003963,0.3306934,-0.2610126,-0.0539562
27.343520,-2.790468,-1.730439,-8.004428,0.3311244,-0.2571597,-0.0631761
27.350431,-2.799485,-1.724620,-8.008555,0.3281446,-0.2552512,-0.0658933
27.357476,-2.783375,-1.758340,-8.049787,0.3247612,-0.2537838,-0.0673763
27.364635,-2.772197,-1.782456,-8.088193,0.3217711,-0.2528478,-0.0677599
27.371350,-2.835802,-1.695382,-8.042611,0.3196008,-0.2524121,-0.0672380
27.385673,-2.833074,-1.715441,-8.106924,0.3180394,-0.2526072,-0.0644055
27.392521,-2.813233,-1.750802,-8.157493,0.3183327,-0.2529560,-0.0626500
27.399457,-2.798310,-1.776231,-8.200229,0.3190090,-0.2533325,-0.0609293
27.406467,-2.787642,-1.794520,-8.236538,0.3198565,-0.2536725,-0.0593860
27.420387,-2.789717,-1.808506,-8.280945,0.2618725,-0.2009595,-0.0910667
27.427339,-2.807056,-1.800877,-8.296015,0.1907682,-0.1345523,-0.1361539
27.434577,-2.766200,-1.854476,-8.356590,0.1247034,-0.0721905,-0.1862855
27.441386,-2.866385,-1.766344,-8.939058,-0.0727987,0.0211592,-0.3080832
27.448284,-2.832801,-1.813719,-8.900627,-0.2391791,0.0827642,-0.4411921
27.462184,-2.867336,-1.781331,-8.827383,-0.4483367,0.1192302,-0.6948179
27.469163,-2.860222,-1.786475,-8.769263,-0.4869836,0.1041422,-0.7952273
27.476240,-2.867451,-1.779634,-8.825802,-0.5792894,0.0733001,-0.8783809
27.483091,-2.916291,-1.717458,-8.811149,-0.6439428,0.0346513,-0.9369380
27.490106,-2.913298,-1.722247,-8.806839,-0.6880470,-0.0028945,-0.9711704
27.504001,-2.990018,-1.623251,-8.924331,-0.8022034,-0.0716454,-0.9769648
27.510922,-2.994645,-1.623588,-9.001685,-0.8730176,-0.1039521,-0.9569015
27.518035,-2.990210,-1.639927,-9.058401,-0.9264182,-0.1274593,-0.9278636
27.531943,-3.049321,-1.564481,-9.135118,-0.9745552,-0.1451782,-0.8603984
27.538959,-3.093900,-1.498566,-9.167399,-0.9758582,-0.1425093,-0.8285141
27.545914,-3.101201,-1.494702,-9.188881,-0.9691132,-0.1359855,-0.8023337
27.552888,-3.126245,-1.460134,-9.210791,-0.9589356,-0.1278825,-0.7822864
27.559952,-3.120980,-1.480930,-9.221875,-0.9490598,-0.1202371,-0.7690939
27.573887,-3.162476,-1.425463,-9.249929,-0.9366343,-0.1096112,-0.7611086
27.580827,-3.201730,-1.357657,-9.267194,-0.9349178,-0.1071250,-0.7644823
27.587988,-3.183526,-1.410831,-9.259645,-0.9356175,-0.1062520,-0.7710847
27.594916,-3.239872,-1.304403,-9.278626,-0.9379523,-0.1065714,-0.7796441
27.602014,-3.237551,-1.325666,-9.270741,-0.9411733,-0.1076550,-0.7890013
27.616033,-3.284000,-1.255037,-9.268845,-0.9478512,-0.1105828,-0.8061118
27.623395,-3.236749,-1.388731,-9.231421,-0.9505816,-0.1118731,-0.8124714
27.630081,-3.382736,-1.053953,-9.287626,-0.9528751,-0.1129056,-0.8171232
27.637171,-3.312612,-1.249255,-9.235149,-0.9546489,-0.1135889,-0.8198899
27.651392,-3.782094,-0.064473,-9.453823,-0.9573493,-0.1140707,-0.8206190
27.658359,-3.383076,-1.140210,-9.217396,-0.9583564,-0.1139719,-0.8192289
27.665267,-3.409512,-1.094006,-9.213751,-0.9593031,-0.1137394,-0.8171587
27.672214,-3.419644,-1.091403,-9.201249,-0.9602380,-0.1134299,-0.8147427
27.679118,-3.443258,-1.051085,-9.196663,-0.9611896,-0.1130892,-0.8122718
27.693020,-3.474743,-1.006976,-9.164145,-0.8761821,-0.1212192,-0.8080324
27.699950,-3.486790,-0.994174,-9.158627,-0.7986944,-0.1294810,-0.8065299
27.707004,-3.482724,-1.033451,-9.144932,-0.7345175,-0.1357493,-0.8055096
27.713970,-3.519020,-0.950343,-9.159299,-0.6902134,-0.1392193,-0.8049566
27.727931,-3.628713,-0.569343,-10.071002,-0.0152133,-0.4541356,-0.8129040
27.734893,-3.544025,-0.854910,-9.894218,0.2434089,-0.5737494,-0.8151541
27.741857,-3.568002,-0.814424,-9.796252,0.4507664,-0.6636913,-0.8026065
27.748978,-3.552508,-0.912829,-9.656194,0.5676707,-0.7109479,-0.7857982
27.762932,-3.627080,-0.829014,-9.516062,0.6083382,-0.7192809,-0.7478617
27.769828,-3.674233,-0.798561,-8.703968,0.4986207,-0.6287946,-0.7140932
27.776793,-3.687049,-0.838927,-8.183463,0.3778490,-0.5423015,-0.6789066
27.783751,-3.710845,-0.838785,-7.833547,0.2700353,-0.4697362,-0.6457531
27.790844,-3.710752,-0.880866,-7.620685,0.1896720,-0.4187264,-0.6169878
27.804682,-3.774274,-0.796744,-7.411674,0.1221688,-0.3816506,-0.5788556
27.811655,-3.768641,-0.829159,-7.424057,0.1236875,-0.3859901,-0.5700023
27.818600,-3.780460,-0.820673,-7.458449,0.1378355,-0.3977124,-0.5672233
27.825547,-3.791193,-0.814164,-7.517448,0.1573199,-0.4118930,-0.5694286
27.839643,-3.775113,-0.876758,-7.696491,0.1926695,-0.4351008,-0.5836548
27.846570,-3.863697,-0.714837,-7.735868,0.2040004,-0.4415818,-0.5932923
27.853581,-3.817007,-0.824867,-7.853858,0.2101759,-0.4444745,-0.6026815
27.860448,-3.860374,-0.752860,-7.889463,0.2346042,-0.4792002,-0.6082871
27.874334,-3.853448,-0.791337,-8.019468,0.2729903,-0.5331492,-0.6131216
27.881289,-3.869639,-0.775342,-8.077471,0.2842944,-0.5493482,-0.6128313
27.888244,-3.879850,-0.767720,-8.197003,0.3397440,-0.5612491,-0.6204619
27.895211,-3.887929,-0.764387,-8.290202,0.3868036,-0.5665998,-0.6295823
27.902137,-3.909827,-0.739137,-8.365381,0.4240325,-0.5668541,-0.6390508
27.916205,-3.895787,-0.783830,-8.497036,0.4617556,-0.5590885,-0.6556144
27.923189,-3.963223,-0.688375,-8.537758,0.4654330,-0.5542367,-0.6616833
27.930042,-3.975778,-0.682358,-8.582640,0.4630665,-0.5504337,-0.6657956
27.936992,-3.958618,-0.717387,-8.627098,0.4577403,-0.5479968,-0.6681017
27.951045,-3.982805,-0.697608,-8.695472,0.4466943,-0.5471287,-0.6681289
27.957911,-4.010997,-0.665843,-8.722803,0.4433399,-0.5480897,-0.6665000
27.964855,-3.996509,-0.690169,-8.752656,0.4418104,-0.5494750,-0.6642531
27.971758,-4.017046,-0.667343,-8.776121,0.4418736,-0.5509641,-0.6617241
27.985621,-4.031599,-0.657706,-8.804577,0.4269790,-0.5308700,-0.6460893
27.992635,-4.006421,-0.691783,-8.822530,0.4124410,-0.5113184,-0.6305875
27.999535,-4.048963,-0.643435,-8.833680,0.4006645,-0.4950321,-0.6146042
28.006812,-3.938273,-0.771774,-8.861797,0.3929926,-0.4838409,-0.5996779
28.013729,-4.125578,-0.554981,-8.858305,0.3893921,-0.4777423,-0.5865395
28.027660,-4.061397,-0.625371,-8.896114,0.3914348,-0.4776950,-0.5699410
28.034611,-4.051533,-0.632360,-8.911656,0.3946951,-0.4807347,-0.5662694
28.041686,-4.012788,-0.668554,-8.929340,0.3981837,-0.4842193,-0.5653068
28.048551,-4.105392,-0.567843,-8.932923,0.4013249,-0.4873957,-0.5665804
28.062483,-4.056820,-0.611778,-8.775434,0.3697584,-0.4715680,-0.6041147
28.069377,-4.089072,-0.577551,-8.652814,0.3341826,-0.4532362,-0.6473114
28.076301,-4.072433,-0.589984,-8.580412,0.3026373,-0.4373556,-0.6929565
28.083252,-4.069147,-0.589123,-8.365131,0.3308688,-0.3831154,-0.6756724
28.090278,-4.047735,-0.603735,-8.268520,0.3648422,-0.3307809,-0.6346459
28.104421,-4.050773,-0.587407,-8.180969,0.4308402,-0.2555509,-0.5150434
28.111245,-4.140976,-0.501442,-7.818524,0.4812418,-0.2401915,-0.4333606
28.118183,-4.075583,-0.552464,-7.654072,0.5189300,-0.2370282,-0.3506293
28.125437,-3.962041,-0.642176,-7.603029,0.5451133,-0.2427357,-0.2739357
28.132362,-4.121146,-0.500690,-7.404437,0.5603935,-0.2538309,-0.2076026
28.146305,-4.036006,-0.558914,-7.420638,0.5664123,-0.2770953,-0.1240134
28.153285,-4.007252,-0.574551,-7.497620,0.5637795,-0.2986758,-0.0836479
28.160373,-3.960346,-0.603619,-7.586691,0.5595205,-0.3167527,-0.0422462
28.167438,-4.013379,-0.556818,-7.604501,0.5554811,-0.3308835,-0.0029256
28.174582,-3.958830,-0.591194,-7.696182,0.5528228,-0.3397830,0.0301018
28.188529,-3.997931,-0.554460,-7.768421,0.5520164,-0.3451862,0.0715423
28.195653,-3.901459,-0.613974,-7.874794,0.5532192,-0.3441302,0.0803672
28.202430,-3.969751,-0.564990,-7.874413,0.5548623,-0.3420696,0.0821582
28.209395,-3.891026,-0.610318,-7.960119,0.5566221,-0.3397182,0.0783773
28.223314,-3.820202,-0.642608,-8.066159,0.5595426,-0.3358638,0.0604589
28.230191,-3.861614,-0.613120,-8.080871,0.5604142,-0.3345627,0.0493084
28.237158,-3.813452,-0.635081,-8.145212,0.5608795,-0.3336273,0.0383792
28.244221,-3.761943,-0.658852,-8.014560,0.5709296,-0.3269738,0.0516278
28.258320,-3.710840,-0.676170,-7.894548,0.5873966,-0.3147536,0.1085860
28.265464,-3.717197,-0.668841,-7.860586,0.5929505,-0.3111524,0.1430559
28.272507,-3.804532,-0.623831,-7.791444,0.5965687,-0.3096216,0.1771604
28.279783,-3.604357,-0.714401,-7.927542,0.5983986,-0.3098602,0.2058744
28.286862,-3.770531,-0.637623,-7.831162,0.5991699,-0.3113835,0.2296773
28.300669,-3.653073,-0.686697,-7.951913,0.5992012,-0.3153901,0.2551952
28.307727,-3.582032,-0.712680,-8.023326,0.5991008,-0.3171383,0.2586126
28.314556,-3.641973,-0.689774,-8.015584,0.5991025,-0.3184127,0.2570585
28.321634,-3.526572,-0.729230,-8.114329,0.5992302,-0.3191481,0.2517565
28.335540,-3.569795,-0.713121,-8.148363,0.5997669,-0.3191630,0.2348037
28.342496,-3.503917,-0.732752,-8.213457,0.6000808,-0.3186592,0.2256756
28.349445,-3.484715,-0.737448,-8.250726,0.6003882,-0.3179810,0.2172640
28.356406,-3.458291,-0.743797,-8.290153,0.6006740,-0.3172408,0.2101667
28.370276,-3.436403,-0.755333,-8.499290,0.4790688,-0.2941346,0.2018817
28.377300,-3.372592,-0.772402,-8.550611,0.4264314,-0.2836909,0.2004931
28.384255,-3.384364,-0.772686,-8.565559,0.3870457,-0.2756255,0.2006347
28.391266,-3.358741,-0.779813,-8.594347,0.3623959,-0.2702783,0.2019782
28.398368,-3.280553,-0.795437,-8.642651,0.3511814,-0.2674952,0.2041085
28.412170,-3.308797,-0.812572,-9.768779,-0.0631584,-0.2106276,-0.0222816
28.419145,-3.276275,-0.824750,-9.701429,-0.2340449,-0.1967522,-0.1607843
28.426317,-3.213665,-0.837096,-9.610857,-0.3573355,-0.1963828,-0.2969128
28.433209,-3.366235,-0.805858,-9.491198,-0.4308462,-0.2082446,-0.4204372
28.440185,-3.250154,-0.817844,-9.392746,-0.4599710,-0.2257433,-0.5175024
28.454276,-3.285994,-0.785208,-9.207514,-0.4435545,-0.2581023,-0.6320125
28.461180,-3.265843,-0.775243,-9.049732,-0.4205251,-0.2667328,-0.6502805
28.468074,-3.264352,-0.761821,-8.917702,-0.3977357,-0.2699865,-0.6473856
28.475085,-3.217550,-0.761460,-8.845737,-0.3791469,-0.2691243,-0.6282129
28.488976,-3.220189,-0.737162,-8.797778,-0.3235472,-0.2634427,-0.5521044
28.495902,-3.237468,-0.720833,-8.804087,-0.2847705,-0.2609495,-0.5021268
28.502791,-3.245331,-0.707967,-8.815959,-0.2533399,-0.2588521,-0.4533919
28.509819,-3.197354,-0.713608,-8.845943,-0.2318089,-0.2573337,-0.4097923
28.523882,-3.928103,-0.442353,-8.734710,0.1291285,-0.2519747,-0.3168357
28.530797,-3.198949,-0.660207,-8.956310,0.2725116,-0.2522730,-0.2812561
28.537765,-3.169767,-0.657202,-8.972913,0.3465430,-0.2583423,-0.2552801
28.544699,-3.167894,-0.648184,-8.986261,0.3769280,-0.2650118,-0.2390772
28.551650,-3.148292,-0.646617,-9.007276,0.3742606,-0.2707059,-0.2319439
28.565561,-3.164188,-0.630015,-9.039902,0.3209810,-0.2763298,-0.2392294
28.573970,-2.639064,-0.767390,-9.179781,0.2905918,-0.2766144,-0.2499443
28.579750,-3.765737,-0.457954,-8.935850,0.2644202,-0.2759087,-0.2634582
28.586702,-3.085830,-0.632673,-9.103785,0.2471267,-0.2748592,-0.2769962
28.600738,-3.000841,-0.638855,-9.143257,0.2337840,-0.2728062,-0.3006860
28.607577,-49.231819,-58.234249,-101.021828,8.8696184,-9.8734379,-0.7964643
28.614466,-12.402830,-25.874027,-41.130234,8.4765368,-3.3045988,-0.8940094
28.621504,-83.428017,-39.032814,-137.849686,-2.1022220,7.9305882,-0.2674850
28.635462,-6.458676,-8.199674,-26.992926,1.4463123,0.8414971,-0.0728776
28.644251,-3.408307,-2.904993,-18.307957,0.6224722,0.2308376,-0.0781708
28.649616,-4.885789,-1.194906,-19.395153,0.0366331,-0.0244508,-0.0007342
28.656521,-3.472072,0.177010,-14.891441,-0.2966187,-0.0920340,-0.0405493
28.663495,-2.935298,-0.058303,-12.502501,-0.4464546,-0.0930661,-0.0908720
28.677490,-2.550645,-0.393525,-7.826839,-0.3306823,-0.0829519,-0.1482306
28.684402,-2.561115,-0.383461,-6.651995,-0.1699284,-0.0879736,-0.1814546
28.691286,-2.407403,-0.330274,-8.479833,-0.0869282,-0.0732395,-0.2102560
28.698202,-2.248917,-0.277409,-9.698094,-0.0571203,-0.0471048,-0.2392379
28.712234,-2.061130,-0.218225,-11.297194,-0.0822887,-0.0115488,-0.2850694
28.719234,-2.043869,-0.216038,-11.527682,-0.0897578,-0.0238644,-0.2884651
28.726162,-2.055689,-0.214040,-11.662645,-0.0920439,-0.0458902,-0.2812841
28.732975,-2.076784,-0.228384,-12.475226,-0.2571955,-0.0961675,-0.1591994
28.746895,-2.063459,-0.257064,-13.398837,-0.5232947,-0.1799544,0.1809710
28.753886,-1.992552,-0.268626,-13.552287,-0.5886326,-0.2000869,0.3637068
28.760802,-2.002092,-0.276251,-13.771799,-0.6099129,-0.2024377,0.5291256
28.767970,-1.922299,-0.285946,-13.735163,-0.6002881,-0.1944973,0.6659802
28.774886,-1.975227,-0.287164,-13.948434,-0.5745841,-0.1842192,0.7683283
28.788678,-1.918881,-0.300734,-13.986551,-0.5187559,-0.1746168,0.8665033
28.795557,-1.941140,-0.298656,-13.953520,-0.4588476,-0.1513733,0.8793787
28.802507,-1.907371,-0.304382,-13.839399,-0.4090615,-0.1328246,0.8716308
28.809485,-1.885140,-0.310166,-13.769068,-0.3740546,-0.1213401,0.8484457
28.816497,-1.860229,-0.317805,-13.706884,-0.3549337,-0.1174183,0.8152641
28.830386,-1.916094,-0.317670,-13.829157,-0.3509611,-0.1257459,0.7382765
28.837356,-1.824005,-0.338641,-13.643957,-0.3570098,-0.1335764,0.7030484
28.844476,-1.770862,-0.353708,-13.543633,-0.3635289,-0.1415872,0.6734582
28.851405,-1.843449,-0.344091,-13.707812,-0.3685534,-0.1489485,0.6505981
28.865267,-1.806794,-0.357947,-13.661755,-0.3710149,-0.1592291,0.6282126
28.872294,-1.734768,-0.377962,-13.530551,-0.3692688,-0.1625903,0.6270076
28.879209,-1.759407,-0.368224,-10.879693,-0.3536602,-0.1626552,0.6298191
28.886167,-1.730018,-0.374051,-9.020634,-0.3378420,-0.1622548,0.6359517
28.893049,-1.737499,-0.372213,-7.735443,-0.3244477,-0.1622779,0.6441402
28.906998,-1.679965,-0.389542,-5.674669,-0.2939416,-0.1502610,0.6034777
28.913901,-1.693964,-0.385951,-4.858183,-0.2759191,-0.1378335,0.5259271
28.921040,-1.620058,-0.408574,-4.620307,-0.2623063,-0.1281399,0.4335577
28.929090,-1.422809,-0.472529,-6.930180,-0.2435161,-0.1243093,0.3180910
28.936720,-1.750824,-0.374234,-8.122547,-0.2259452,-0.1255985,0.1767661
28.950031,-1.625515,-0.409823,-10.036902,-0.2127112,-0.1343648,-0.0314117
28.957143,-1.598700,-0.416886,-10.604371,-0.2121595,-0.1401116,-0.1057095
28.964034,-1.642770,-0.399599,-11.052751,-0.2138730,-0.1456593,-0.1557631
28.971104,-1.574561,-0.420523,-11.144327,-0.2163962,-0.1505159,-0.1825378
28.978039,-1.638443,-0.395387,-11.254072,-0.2187339,-0.1545749,-0.1888184
28.991967,-1.596101,-0.405138,-11.321776,-0.2204239,-0.1596438,-0.1565705
28.998877,-1.593729,-0.403607,-11.361801,-0.2197124,-0.1610498,-0.1272655
29.005870,-1.565511,-0.412282,-11.372869,-0.2182590,-0.1620192,-0.0948921
29.012703,-1.603315,-0.395400,-11.435800,-0.2163830,-0.1627870,-0.0630190
29.026699,-1.557768,-0.409785,-11.439799,-0.2124328,-0.1643746,-0.0108352
29.033582,-1.569108,-0.403435,-11.467245,-0.2106979,-0.1653550,0.0065729
29.040664,-1.508406,-0.427070,-11.427072,-0.2092088,-0.1664797,0.0176487
29.047600,-1.556437,-0.405381,-11.484604,-0.2079447,-0.1677415,0.0227779
29.054802,-1.461657,-0.443715,-11.525774,-0.2014849,-0.1721438,0.0090756
29.068648,-1.532125,-0.408163,-11.777415,-0.1887266,-0.1812252,-0.0474324
29.075683,-1.491715,-0.423492,-11.801823,-0.1846995,-0.1845924,-0.0802330
29.082658,-1.494461,-0.419608,-11.859766,-0.1824282,-0.1870351,-0.1114499
29.089691,-1.486573,-0.420668,-11.896004,-0.1815471,-0.1887475,-0.1389298
29.103457,-1.484893,-0.415996,-11.960026,-0.1819800,-0.1908622,-0.1761314
29.110369,-1.490243,-0.410663,-11.991372,-0.1824100,-0.1916887,-0.1853071
29.117325,-1.473628,-0.412982,-11.825871,-0.1492721,-0.1891406,-0.1917166
29.124409,-1.433745,-0.426363,-11.633215,-0.1099918,-0.1863428,-0.1947022
29.138222,-1.447011,-0.409960,-11.149204,-0.0489505,-0.1823164,-0.1924753
29.145250,-1.438727,-0.410613,-10.615057,-0.0168408,-0.1406779,-0.1964436
29.152157,-1.497269,-0.379178,-10.277013,0.0090366,-0.0925659,-0.2027704
29.159164,-1.441185,-0.404158,-10.029280,0.0259247,-0.0513414,-0.2101997
29.166125,-1.455994,-0.394500,-9.885993,0.0347541,-0.0219314,-0.2179100
29.180065,-1.450831,-0.392112,-11.207235,0.0356930,0.0051763,-0.2021587
29.187083,-1.433186,-0.398423,-11.460397,0.0319412,0.0050245,-0.1863373
29.194073,-1.453657,-0.385870,-11.563015,0.0277781,-0.0002443,-0.1682894
29.200997,-1.438316,-0.391091,-11.618101,0.0245024,-0.0073429,-0.1505680
29.214871,-1.431161,-0.389819,-11.718919,0.0219296,-0.0196362,-0.1211428
29.221835,-1.406346,-0.399801,-11.734423,0.0223928,-0.0231626,-0.1111081
29.228742,-1.415809,-0.392814,-11.779605,0.0235367,-0.0249275,-0.1045696
29.235698,-1.396439,-0.400252,-11.788397,0.0249789,-0.0253685,-0.1013514
29.242729,-1.374959,-0.408758,-11.790123,0.0264323,-0.0250112,-0.1010245
29.256721,-1.351195,-0.416292,-11.803164,0.0287492,-0.0236745,-0.1065714
29.263670,-1.404844,-0.386839,-12.127005,0.0269314,-0.0420800,-0.1016284
29.270602,-1.370574,-0.401452,-12.265592,0.0244306,-0.0623453,-0.0911699
29.277612,-1.341942,-0.413292,-12.379353,0.0221078,-0.0802618,-0.0772675
29.291612,-1.340073,-0.410303,-12.615321,0.0199209,-0.1002381,-0.0465555
29.298459,-1.367764,-0.395142,-12.750107,0.0201282,-0.1024763,-0.0330105
29.305447,-1.322019,-0.416266,-12.753433,0.0208767,-0.1015073,-0.0219126
29.312409,-1.324080,-0.413983,-12.821129,0.0218780,-0.0989417,-0.0137112
29.319338,-1.325969,-0.411852,-12.878879,0.0229009,-0.0960774,-0.0085189
29.333291,-1.339056,-0.402991,-12.988616,0.0245469,-0.0922581,-0.0062006
29.340378,-1.277019,-0.431762,-12.916619,0.0251067,-0.0917096,-0.0081631
29.347279,-1.312545,-0.413378,-13.007108,0.0255229,-0.0918779,-0.0114121
29.354792,-1.149128,-0.490420,-12.748159,0.0258458,-0.0924893,-0.0153768
29.368258,-1.300029,-0.415588,-13.051743,0.0263854,-0.0941087,-0.0236163
29.375282,-1.250366,-0.437931,-12.980751,0.0266460,-0.0947771,-0.0270334
29.382262,-1.262304,-0.430921,-13.015915,0.0269221,-0.0952890,-0.0297374
29.389317,-1.259862,-0.430274,-13.119877,0.0269791,-0.1082066,-0.0247389
29.403136,-1.252699,-0.430738,-13.250604,0.0270001,-0.1325738,-0.0020970
29.410113,-1.232670,-0.438806,-13.268892,0.0271754,-0.1400988,0.0119194
29.417012,-1.243580,-0.432958,-13.336189,0.0274942,-0.1438996,0.0255666
29.424092,-1.191356,-0.456174,-13.275953,0.0279125,-0.1447715,0.0377469
29.431000,-1.249568,-0.429049,-13.421445,0.0283716,-0.1437794,0.0477453
29.444901,-1.198173,-0.446236,-13.036298,0.1106240,-0.1535303,0.3017454
29.451829,-1.198066,-0.445636,-12.749297,0.1458990,-0.1588490,0.4479349
29.458851,-1.161065,-0.462680,-12.472629,0.1702242,-0.1647611,0.5864125
29.465695,-1.198410,-0.450430,-12.350639,0.1835227,-0.1706751,0.7064524
29.479640,-1.134054,-0.486512,-12.041829,0.1868459,-0.1791824,0.8679849
29.486625,-1.117777,-0.498853,-11.967989,0.1827608,-0.1809160,0.9066455
29.493635,-1.093534,-0.514107,-11.918967,0.1779807,-0.1811689,0.9198803
29.500469,-1.128117,-0.509441,-11.964160,0.1738542,-0.1804622,0.9120816
29.507466,-1.067444,-0.536036,-11.920695,0.1710075,-0.1793398,0.8885127
29.522194,-1.596306,-0.396957,-12.624247,0.1692403,-0.1772196,0.8101999
29.529128,-1.040523,-0.560398,-11.715386,0.2253332,-0.1636973,0.7856004
29.536029,-1.037392,-0.564434,-11.547894,0.2783872,-0.1496468,0.7683920
29.543044,-0.992331,-0.579540,-11.408002,0.3213452,-0.1381097,0.7585043
29.556984,-0.969522,-0.595805,-11.321951,0.3626437,-0.1276253,0.7574552
29.564021,-0.948201,-0.616370,-10.889176,0.2654255,-0.0962905,0.7389276
29.570968,-1.010993,-0.623334,-10.665886,0.1415801,-0.0578066,0.7159860
29.577988,-0.931151,-0.651382,-10.475905,0.0336863,-0.0245830,0.6927705
29.585010,-0.920041,-0.665070,-10.384060,-0.0454203,-0.0002037,0.6709516
29.598915,-0.915474,-0.683406,-10.296503,-0.1458870,0.0211116,0.5473050
29.605863,-0.904370,-0.689852,-10.305777,-0.1584904,0.0190790,0.4830134
29.612825,-0.898605,-0.693742,-10.336892,-0.1548500,0.0128552,0.4245772
29.619764,-0.888514,-0.697077,-10.379879,-0.1425800,0.0055922,0.3764133
29.633709,-0.888462,-0.699940,-10.496742,-0.1147631,-0.0049742,0.3173271
29.640689,-0.846938,-0.707543,-10.543619,-0.1052831,-0.0072520,0.3061858
29.647640,-0.851810,-0.708750,-10.611179,-0.0998888,-0.0078905,0.3054997
29.654898,-0.755411,-0.725243,-10.626050,-0.0980486,-0.0074602,0.3130068
29.661695,-0.924670,-0.702785,-10.778002,-0.0987724,-0.0064384,0.3268152
29.675642,-0.782836,-0.729443,-10.806135,-0.1032452,-0.0043012,0.3610601
29.682548,-0.811662,-0.728067,-10.869566,-0.1054811,-0.0034894,0.3779151
29.689610,-0.761137,-0.738807,-10.878319,-0.1071746,-0.0029166,0.3926524
29.696575,-0.795081,-0.736874,-10.937399,-0.1082448,-0.0025586,0.4045034
29.710422,-0.743434,-0.750997,-10.964238,-0.1088323,-0.0023098,0.4178050
29.717395,-0.747062,-0.753584,-10.992912,-0.1086914,-0.0023104,0.4196509
29.724589,-0.685613,-0.766114,-10.972298,-0.1084659,-0.0023387,0.4189014
29.731227,-0.825205,-0.747881,-11.095506,-0.1082610,-0.0023679,0.4161839
29.738191,-0.720837,-0.765134,-11.097146,-0.0873246,-0.0155340,0.3964189
29.752111,-0.690536,-0.771590,-11.178289,-0.0402285,-0.0449131,0.3414444
29.759078,-0.692253,-0.772599,-11.191274,-0.0239687,-0.0550731,0.3131317
29.765957,-0.706987,-0.772173,-11.213094,-0.0146116,-0.0609198,0.2877486
29.772825,-0.702807,-0.774959,-11.217598,-0.0112495,-0.0630356,0.2669323
29.786861,-0.667720,-0.784854,-11.201388,-0.0152957,-0.0606346,0.2418024
29.794126,-0.595206,-0.791083,-11.072033,0.0613384,-0.0727792,0.2675535
29.800930,-0.745479,-0.766912,-11.104850,0.1410463,-0.0866118,0.3067897
29.807956,-0.625378,-0.782014,-10.960189,0.2053182,-0.0990425,0.3507386
29.814855,-0.648117,-0.780318,-10.937054,0.2498134,-0.1093963,0.3953131
29.828753,-0.647085,-0.789443,-10.891694,0.2813540,-0.1219135,0.4711612
29.835625,-0.628571,-0.797532,-10.870820,0.2775670,-0.1240949,0.4977484
29.842664,-0.575741,-0.805405,-11.674166,0.2761624,-0.1229379,0.5259882
29.849559,-0.603766,-0.810130,-12.149469,0.2735978,-0.1205702,0.5484650
29.863575,-0.579494,-0.823782,-12.817077,0.2695147,-0.1156534,0.5738695
29.870382,-0.599433,-0.831234,-13.129601,0.2686298,-0.1141450,0.5773080
29.877461,-0.518500,-0.836150,-13.208497,0.2684881,-0.1134092,0.5757877
29.884338,-0.564750,-0.844720,-13.501011,0.2688862,-0.1132948,0.5705091
29.898370,-0.507613,-0.854911,-13.693895,0.2703475,-0.1139950,0.5538256
29.905345,-0.536261,-0.864038,-13.884566,0.2710667,-0.1144147,0.5445681
29.912370,-0.495851,-0.867127,-13.897943,0.2716321,-0.1147098,0.5361252
29.919223,-0.525792,-0.877853,-14.058867,0.2720424,-0.1148597,0.5290288
29.926206,-0.478779,-0.877266,-14.140576,0.2851293,-0.1237445,0.5454795
29.940568,-0.345895,-0.866513,-14.071259,0.3076211,-0.1417227,0.5968408
29.947090,-0.578331,-0.917384,-14.776327,0.3141590,-0.1476126,0.6247272
29.954070,-0.467553,-0.903760,-14.577892,0.3173648,-0.1509275,0.6507897
29.961027,-0.438285,-0.906629,-14.573603,0.3179624,-0.1520136,0.6724174
29.975087,-0.427420,-0.908815,-14.254315,0.4552244,-0.1014810,0.7403434
29.982271,-0.377558,-0.900375,-14.030623,0.5012663,-0.0814708,0.7703328
29.989111,-0.454422,-0.934339,-13.969724,0.5265080,-0.0702184,0.7945536
29.996234,-0.361365,-0.915631,-13.524295,0.5343286,-0.0667084,0.8120614
30.010075,-0.391911,-0.955037,-13.317185,0.5213253,-0.0725318,0.8273659
30.016972,-0.383957,-0.966277,-13.240081,0.5113793,-0.0769101,0.8265591
30.024026,-0.327396,-0.954013,-13.103429,0.5034001,-0.0803553,0.8217560
30.030942,-0.352885,-0.979388,-13.146698,0.4984519,-0.0824258,0.8142555
30.037877,-0.340032,-0.985551,-13.133938,0.4964800,-0.0831828,0.8053038
30.051668,-0.324381,-1.001437,-13.158913,0.4984163,-0.0822062,0.7873510
30.058774,-0.266666,-0.977978,-13.084113,0.5005597,-0.0812697,0.7798980
30.065636,-0.321038,-1.023611,-13.228513,0.5026128,-0.0804187,0.7740720
30.072618,-0.280843,-1.013031,-12.741081,0.4696808,-0.0734744,0.7609321
30.086662,-0.274989,-1.035923,-12.299299,0.4158770,-0.0578241,0.7342048
30.093917,-0.202439,-0.993146,-12.094865,0.4012351,-0.0523403,0.7229844
30.100859,-0.358864,-1.122794,-12.259046,0.3950675,-0.0489744,0.7138453
30.107851,-0.244630,-1.045522,-12.090159,0.3955015,-0.0477809,0.7078731
30.121879,-0.251475,-1.070152,-12.145545,0.4045931,-0.0488496,0.7035544
30.128775,-0.246828,-1.076100,-12.182475,0.4093841,-0.0500329,0.7045095
30.135647,-0.238401,-1.078482,-12.220447,0.4129606,-0.0511373,0.7068734
30.142671,-0.193537,-1.055514,-11.528455,0.3258519,-0.0544681,0.6680964
30.156554,-0.181982,-1.073143,-10.873284,0.1419622,-0.0556293,0.5660154
30.163490,-0.197353,-1.097249,-10.725144,0.0821429,-0.0550977,0.5149828
30.170819,-0.101034,-1.008450,-10.585589,0.0498020,-0.0546536,0.4699334
30.177611,-0.223381,-1.132237,-10.623873,0.0402373,-0.0543123,0.4336511
30.191476,-0.185936,-1.105506,-10.444488,-0.0166541,-0.0757781,0.4471087
30.198428,-0.168489,-1.096897,-10.364322,-0.0818040,-0.1004723,0.5109401
30.205452,-0.140978,-1.077337,-10.333479,-0.1366382,-0.1210971,0.5874223
30.213023,-0.023569,-0.966936,-10.295347,-0.1739439,-0.1339032,0.6676506
30.219321,-0.324379,-1.271235,-10.442323,-0.1925990,-0.1384626,0.7426541
30.233458,-0.241874,-1.186887,-6.814171,-0.1616006,-0.1279810,0.8592992
30.240533,-0.104113,-1.049471,-4.949765,-0.1228157,-0.1194074,0.8938217
30.247595,-0.105674,-1.052496,-3.547150,-0.0879429,-0.1131654,0.9131222
30.254507,-0.145002,-1.094469,-2.500140,-0.0620294,-0.1098795,0.9186897
30.268271,-0.142466,-1.100642,-1.796452,-0.0394592,-0.1098137,0.8992926
30.275298,-0.083485,-1.046255,-2.055044,-0.0389021,-0.1113043,0.8803603
30.282239,-0.098668,-1.065490,-2.114374,-0.0423058,-0.1129519,0.8590928
30.289209,-0.085917,-1.056465,-2.391167,-0.0475772,-0.1144060,0.8379039
30.296237,-0.068281,-1.042041,-2.742908,-0.0531677,-0.1155092,0.8186613
30.310395,-0.011152,-0.989978,-3.591660,-0.0619012,-0.1166179,0.7905726
30.317265,-0.151031,-1.133734,-3.451999,-0.0417571,-0.1069971,0.7826631
30.324295,-0.047396,-1.029435,-4.149968,-0.0175729,-0.0963454,0.7789968
30.331294,-0.050385,-1.033390,-4.452665,0.0059737,-0.0864527,0.7787509
30.345179,-0.054222,-1.039503,-4.997449,0.0384986,-0.0739653,0.7855887
30.352036,-0.072789,-1.060052,-5.189506,0.0458824,-0.0717463,0.7910253
30.359062,-0.027991,-1.014546,-5.520918,0.0484526,-0.0715354,0.7968216
30.366062,-0.030347,-1.018307,-5.706724,0.0476368,-0.0726042,0.8023798
30.379833,-0.040467,-1.031327,-6.007761,0.0413698,-0.0760147,0.8111623
30.386856,-0.015549,-1.005286,-6.195542,0.0379914,-0.0774884,0.8139551
30.393779,-0.035489,-1.027369,-6.272771,0.0352448,-0.0785362,0.8156273
30.401229,0.085971,-0.894796,-6.616453,0.0333322,-0.0791392,0.8162738
30.407867,-0.140763,-1.143635,-6.271234,0.0322166,-0.0793647,0.8160357
30.421737,-0.016826,-1.006834,-9.206421,0.0261300,-0.0675208,0.8138524
30.428763,0.003685,-0.983022,-9.949120,0.0232651,-0.0609359,0.8123291
30.435592,-0.041446,-1.032571,-10.617105,0.0210322,-0.0555343,0.8107722
30.442813,0.049893,-0.927881,-11.101358,0.0195686,-0.0518831,0.8093280
30.456559,-0.008427,-0.990508,-12.043035,0.0186760,-0.0496357,0.8071543
30.463770,0.049412,-0.921888,-12.291105,0.0188827,-0.0502043,0.8065157
30.470702,-0.020753,-1.000597,-12.705564,0.0192554,-0.0512182,0.8061740
30.477725,-0.026608,-1.005264,-12.970749,0.0196419,-0.0522799,0.8061011
30.484664,-0.008843,-0.981853,-13.438232,0.0172066,-0.0528523,0.8062411
30.498849,-0.041437,-1.015156,-14.244085,0.0111633,-0.0528845,0.8069302
30.505796,0.006357,-0.954833,-14.372799,0.0091365,-0.0525302,0.8073499
30.512867,0.018667,-0.936566,-14.557279,0.0079848,-0.0520929,0.8077641
30.512867,0.018667,-0.936566,-14.557279,0.0079848,-0.0520929,0.8077641
30.533845,-0.172649,-1.154042,-15.666712,0.0081181,-0.0511719,0.8086510
30.540927,0.039303,-0.893205,-15.041622,0.0085013,-0.0510706,0.8087829
30.547852,0.002338,-0.932834,-15.250565,0.0087863,-0.0510310,0.8088390
30.554855,0.018505,-0.906742,-15.108042,0.0156296,-0.0477443,0.8088306
30.561884,0.017571,-0.901072,-15.056568,0.0232740,-0.0440659,0.8087719
30.575751,0.026822,-0.876714,-14.935599,0.0334850,-0.0392114,0.8085705
30.582637,-0.005290,-0.910679,-15.008645,0.0352073,-0.0384141,0.8084569
30.589677,0.031159,-0.859949,-14.853576,0.0352373,-0.0384004,0.8083503
30.596551,-0.005749,-0.901020,-14.950392,0.0342884,-0.0388109,0.8082587
30.610475,0.024111,-0.853263,-14.353592,0.0290952,-0.0375678,0.7944038
30.617383,0.003448,-0.874250,-13.732346,0.0250663,-0.0352661,0.7771183
30.624442,0.037124,-0.826046,-13.168389,0.0218379,-0.0331300,0.7586394
30.631321,-0.005102,-0.874930,-12.930407,0.0197754,-0.0315442,0.7408523
30.645222,0.032487,-0.816312,-12.503242,0.0187250,-0.0302485,0.7127302
30.652226,0.025944,-0.808448,-11.910748,0.1132864,0.0008043,0.6840503
30.659202,0.017098,-0.805129,-11.539926,0.2033060,0.0342441,0.6538513
30.666233,0.017187,-0.792948,-11.295505,0.2755211,0.0624464,0.6249868
30.680132,0.017005,-0.779955,-11.100099,0.3406049,0.0904089,0.5802300
30.687070,0.011068,-0.785468,-11.105925,0.3415974,0.0921237,0.5664842
30.694046,0.018251,-0.773827,-11.138323,0.3316590,0.0892102,0.5585216
30.700900,-0.003013,-0.804008,-11.227749,0.3176941,0.0843391,0.5558123
30.714799,0.007531,-0.786894,-11.390605,0.2947456,0.0758111,0.5623230
30.721802,0.034140,-0.744370,-11.450352,0.2891777,0.0736924,0.5693063
30.728683,0.011278,-0.777664,-11.574326,0.2873417,0.0729862,0.5773093
30.735653,0.031530,-0.743201,-11.635241,0.2881497,0.0732708,0.5853926
30.742617,0.031997,-0.739662,-11.718979,0.2903903,0.0740669,0.5928147
30.756609,0.012071,-0.768360,-11.904329,0.2954365,0.0757596,0.6038109
30.763498,0.016219,-0.759517,-11.965546,0.2972302,0.0763012,0.6069908
30.770403,0.029130,-0.735737,-12.004151,0.2983342,0.0765965,0.6086279
30.777375,0.043472,-0.708647,-12.032832,0.2988714,0.0767101,0.6089251
30.791299,0.048027,-0.698615,-11.862255,0.2909167,0.0750894,0.5850790
30.798183,0.035951,-0.721144,-11.756024,0.2829330,0.0736251,0.5560545
30.805845,0.166513,-0.468738,-11.459234,0.2764376,0.0726570,0.5249431
30.812186,-0.081354,-0.950727,-11.824299,0.2722356,0.0722885,0.4946763
30.826145,0.074694,-0.640023,-11.549576,0.2703906,0.0729945,0.4472735
30.832976,0.034558,-0.720731,-11.630053,0.2714941,0.0737254,0.4320816
30.839973,0.074208,-0.655563,-11.135438,0.1653820,0.0210467,0.4633989
30.846926,0.073199,-0.674675,-7.420084,0.0433933,-0.0420528,0.5153775
30.860963,0.087425,-0.646468,-3.340240,-0.1348966,-0.1325691,0.6406661
30.867803,0.059798,-0.700198,-2.117927,-0.1757300,-0.1507116,0.6998078
30.874900,0.107773,-0.593521,-1.819829,-0.1904225,-0.1546679,0.7501907
30.881893,0.083849,-0.639988,-1.367021,-0.1874090,-0.1497131,0.7895659
30.888713,0.067497,-0.670943,-1.197033,-0.1750182,-0.1409246,0.8162757
30.902716,0.074327,-0.652528,-1.577562,-0.1445884,-0.1240005,0.8348053
30.909727,0.110084,-0.575617,-2.107429,-0.1333245,-0.1189173,0.8298886
30.916642,0.096562,-0.602394,-2.923011,-0.1167711,-0.0738642,0.7982432
30.923625,0.111434,-0.567577,-3.743831,-0.1033666,-0.0237779,0.7574655
30.930584,0.109666,-0.567456,-4.352904,-0.0940399,0.0219979,0.7131695
30.944594,0.118042,-0.542549,-5.342840,-0.0867151,0.0811097,0.6311094
30.951491,0.104242,-0.570879,-5.650168,-0.0871323,0.0926884,0.6001011
30.958523,0.129831,-0.513161,-6.038515,-0.0890197,0.0952721,0.5776049
30.965463,0.117589,-0.540413,-6.246841,-0.0916069,0.0918905,0.5637203
30.979272,0.119263,-0.537938,-6.635815,-0.0965687,0.0782120,0.5587486
30.986293,0.142085,-0.485694,-6.845583,-0.0982955,0.0717629,0.5648564
30.993233,0.134936,-0.505497,-8.427739,-0.0854902,0.0418125,0.5852182
31.000078,0.127070,-0.529124,-9.006277,-0.0687632,0.0081188,0.6102278
31.014048,0.149151,-0.485300,-9.946641,-0.0374696,-0.0462789,0.6617832
31.020988,0.155678,-0.472911,-10.307743,-0.0272276,-0.0609698,0.6836602
31.027971,0.165642,-0.450793,-10.605952,-0.0214149,-0.0674143,0.7010345
31.035057,0.179838,-0.413337,-10.323133,-0.0093780,-0.0566008,0.6794456
31.042152,0.166312,-0.444286,-10.203466,0.0016090,-0.0394164,0.6431266
31.056051,0.178753,-0.408453,-10.007704,0.0139767,-0.0085611,0.5543504
31.063135,0.189193,-0.380951,-9.933483,0.0157699,0.0006380,0.5119702
31.070010,0.142846,-0.500892,-9.890074,0.0155906,0.0055034,0.4745308
31.077021,0.185436,-0.391301,-9.827476,0.0143138,0.0066638,0.4459682
31.090962,0.198681,-0.358902,-9.753457,0.0109220,0.0031494,0.4148565
31.097941,0.180734,-0.408555,-9.712297,0.0095673,0.0005000,0.4113664
31.104809,0.179440,-0.414017,-9.622269,0.0086967,-0.0017574,0.4142580
31.111816,0.198806,-0.362850,-9.559622,0.0082776,-0.0033792,0.4218492
31.125938,0.173696,-0.436327,-9.486980,0.0084090,-0.0046610,0.4448618
31.132844,0.194484,-0.380155,-9.473134,0.0086956,-0.0045872,0.4568667
31.139919,0.217050,-0.318341,-9.467896,0.0089904,-0.0042894,0.4677576
31.146829,0.195993,-0.376152,-10.590390,0.0461650,0.0051866,0.4744175
31.153785,0.206696,-0.342398,-11.228582,0.0875378,0.0161473,0.4781675
31.167630,0.203332,-0.348664,-12.283895,0.1511383,0.0322677,0.4783773
31.174707,0.227795,-0.275407,-12.597120,0.1658580,0.0355580,0.4758495
31.181648,0.214502,-0.318596,-13.004510,0.1702125,0.0361579,0.4723061
31.189825,0.323111,0.022404,-12.740041,0.1673632,0.0350322,0.4682761
31.196128,0.107710,-0.673464,-14.182351,0.1603068,0.0330246,0.4640268
31.210018,0.232831,-0.278116,-13.868793,0.1474837,0.0299272,0.4572845
31.216926,0.227416,-0.297934,-14.115875,0.1524590,0.0367544,0.4224674
31.223919,0.237197,-0.264097,-14.221875,0.1597038,0.0450151,0.3738886
31.230905,0.237990,-0.260997,-14.361158,0.1669714,0.0524557,0.3188975
31.237786,0.229021,-0.294291,-14.551800,0.1727138,0.0578785,0.2637343
31.251790,0.230694,-0.292320,-14.723994,0.1780047,0.0622225,0.1712109
31.258741,0.241535,-0.254699,-14.703268,0.1781655,0.0620890,0.1396810
31.265730,0.247048,-0.237893,-14.542801,0.1794078,0.0581007,0.1966553
31.272677,0.239276,-0.274209,-14.564104,0.1800136,0.0528478,0.2852404
31.286609,0.251513,-0.240188,-14.396311,0.1802971,0.0443511,0.4947844
31.293579,0.256591,-0.227256,-14.310857,0.1803645,0.0419967,0.5938745
31.300409,0.249213,-0.269840,-14.329003,0.1804740,0.0407884,0.6784444
31.307421,0.266670,-0.201238,-14.111070,0.1806021,0.0403846,0.7441058
31.321384,0.271874,-0.200908,-13.105125,0.2273959,0.0313448,0.7958245
31.328406,0.273549,-0.206295,-12.827486,0.2464272,0.0260751,0.7915541
31.335315,0.275768,-0.210357,-12.646626,0.2583895,0.0220433,0.7731136
31.342397,0.287374,-0.159185,-12.469656,0.2639019,0.0196539,0.7449565
31.349292,0.279316,-0.221552,-12.482051,0.2644401,0.0189069,0.7118566
31.363246,0.288236,-0.195932,-12.429557,0.2586207,0.0205509,0.6466773
31.370146,0.289620,-0.202019,-12.456866,0.2553528,0.0219374,0.6199082
31.377144,0.299242,-0.148398,-12.427444,0.2529975,0.0231953,0.5993307
31.384102,0.299747,-0.158348,-12.479241,0.2517243,0.0241610,0.5853251
31.397949,0.301567,-0.175469,-12.591048,0.2517526,0.0250827,0.5758112
31.404913,0.307458,-0.142266,-12.597690,0.2524478,0.0251297,0.5785315
31.411907,0.311253,-0.128330,-12.176374,0.2442988,0.0238807,0.6044472
31.418863,0.312421,-0.139039,-11.921981,0.2359577,0.0222099,0.6375372
31.432798,0.317337,-0.136534,-11.637153,0.2245136,0.0195673,0.7079243
31.439754,0.318930,-0.146321,-11.585199,0.2223886,0.0189076,0.7387468
31.446899,0.328188,-0.056218,-11.491377,0.2221705,0.0185959,0.7634983
31.453752,0.319980,-0.204331,-11.608027,0.2231591,0.0184758,0.7815951
31.460726,0.329144,-0.104603,-11.550954,0.2246097,0.0184284,0.7924410
31.474662,0.335112,-0.077569,-11.602309,0.2272299,0.0183371,0.7959613
31.481620,0.336360,-0.100513,-11.665721,0.2280093,0.0182887,0.7908723
31.488521,0.337952,-0.120444,-11.729308,0.2284195,0.0182618,0.7829917
31.495479,0.341268,-0.087972,-11.749693,0.2285506,0.0182717,0.7736607
31.509327,0.346121,-0.047480,-11.804558,0.2284154,0.0184083,0.7550030
31.516260,0.348113,-0.088882,-11.371474,0.1859646,0.0134442,0.7008932
31.523231,0.350427,-0.082206,-11.074154,0.1378998,0.0085649,0.6363524
31.530285,0.352270,-0.040106,-10.859842,0.0962557,0.0046103,0.5698075
31.537142,0.354191,-0.119069,-10.778670,0.0669463,0.0017459,0.5075358
31.551143,0.356055,-0.060504,-10.656548,0.0459522,-0.0007213,0.4124832
31.558109,0.357263,-0.081864,-10.668221,0.0485626,-0.0005302,0.3836922
31.565367,0.354659,0.036851,-10.445739,-0.0879135,0.0151587,0.2806110
31.572214,0.357514,-0.172986,-10.432076,-0.2162703,0.0339296,0.1518020
31.586482,0.357898,-0.236467,-10.357175,-0.3861149,0.0513951,-0.1183008
31.593551,0.354461,-0.054629,-10.275765,-0.4143829,0.0473950,-0.2275963
31.601019,0.351955,0.083631,-10.222921,-0.4174310,0.0394013,-0.3136033
31.607732,0.358876,-0.272677,-10.337268,-0.4046117,0.0308572,-0.3742499
31.621676,0.354205,-0.041171,-10.323952,-0.3687625,0.0215115,-0.4174182
31.628517,0.354573,-0.120559,-10.397320,-0.3550321,0.0207188,-0.4085619
31.635402,0.353551,-0.098022,-10.441639,-0.3465099,0.0215700,-0.3858069
31.642477,0.352219,-0.025513,-10.466494,-0.3429047,0.0232519,-0.3542096
31.649511,0.351760,-0.047051,-10.524778,-0.3431006,0.0251737,-0.3183967
31.663614,0.350222,-0.097655,-10.644813,-0.4426366,0.0364108,-0.3348733
31.670445,0.349551,-0.117444,-10.694842,-0.4794548,0.0403771,-0.3578004
31.677557,0.349032,-0.022898,-10.683476,-0.5036128,0.0422527,-0.3853394
31.684454,0.348545,-0.097458,-10.749091,-0.5154938,0.0421295,-0.4140053
31.698292,0.347032,-0.076249,-10.818821,-0.4699779,0.0511363,-0.4857782
31.705184,0.345525,-0.084711,-10.861359,-0.4219263,0.0636050,-0.5312380
31.712190,0.344681,-0.040957,-10.862686,-0.3809581,0.0755300,-0.5730122
31.719148,0.343454,-0.053302,-10.887110,-0.3523733,0.0851501,-0.6082026
31.726115,0.342579,-0.055556,-10.899120,-0.3368183,0.0916363,-0.6351566
31.739989,0.341799,-0.092198,-10.940701,-0.2936137,0.0822635,-0.6929022
31.747044,0.343794,-0.014950,-10.873220,-0.2589635,0.0726588,-0.7153065
31.753781,0.341357,-0.115959,-10.920086,-0.2300180,0.0641453,-0.7316019
31.760798,0.343871,-0.021656,-10.850801,-0.2095999,0.0582501,-0.7415961
31.774784,0.343116,-0.024518,-10.837956,-0.1948255,0.0544020,-0.7450954
31.781817,0.343017,-0.015145,-10.828302,-0.1966015,0.0551164,-0.7406197
31.788711,0.339153,-0.088849,-10.870919,-0.2013036,0.0565754,-0.7334371
31.795755,0.342242,-0.012313,-10.822943,-0.2066053,0.0581005,-0.7250353
31.802620,0.338673,-0.073299,-10.860232,-0.2113169,0.0593862,-0.7162942
31.816559,0.303281,-0.654218,-11.225479,-0.2166696,0.0607478,-0.7011612
31.823577,0.339478,-0.036990,-10.839488,-0.2174187,0.0609173,-0.6956721
31.830534,0.339327,-0.035895,-10.839834,-0.2173121,0.0608860,-0.6919240
31.837420,0.337743,-0.055584,-10.853219,-0.2167466,0.0607644,-0.6898330
31.851302,0.336611,-0.063448,-10.859505,-0.2154158,0.0605331,-0.6898336
31.858272,0.338831,-0.031262,-10.838520,-0.2149790,0.0604873,-0.6913367
31.865215,0.338127,-0.037993,-10.842427,-0.2147579,0.0604892,-0.6934057
31.872082,0.336205,-0.057896,-10.854669,-0.2147240,0.0605232,-0.6957316
31.886015,0.337811,-0.035962,-10.837164,-0.2149931,0.0606213,-0.7001555
31.893050,0.339837,-0.013651,-10.820252,-0.2151859,0.0606625,-0.7019052
31.899906,0.335351,-0.058326,-10.822395,-0.2101589,0.0598671,-0.6976414
31.906984,0.341032,-0.001904,-10.767680,-0.2048609,0.0590508,-0.6914884
31.920895,0.335011,-0.057210,-10.782648,-0.1970680,0.0580888,-0.6771960
31.927956,0.338143,-0.027941,-10.757481,-0.1953203,0.0580245,-0.6705159
31.934826,0.337253,-0.045970,-10.729234,-0.1240160,0.0340926,-0.6875457
31.941807,0.340921,-0.025357,-10.690067,-0.0432019,0.0056630,-0.7119188
31.955636,0.339830,-0.040860,-10.663728,0.0769232,-0.0349055,-0.7671764
31.962618,0.344093,-0.004652,-10.616748,0.0765052,-0.0349887,-0.7925313
31.970012,0.356537,0.085727,-10.548311,0.0526042,-0.0271814,-0.8137709
31.976539,0.323705,-0.125498,-10.656931,0.0193689,-0.0167707,-0.8298949
31.983447,0.337649,-0.029757,-10.594196,-0.0125500,-0.0074363,-0.8405628
31.997328,0.335103,-0.037676,-10.589937,-0.0525797,0.0023372,-0.8468892
32.004355,0.340509,-0.005372,-10.571032,-0.0593171,0.0030301,-0.8441138
32.011314,0.337319,-0.021598,-10.581411,-0.0595724,0.0020494,-0.8387305
32.018172,0.332478,-0.045384,-10.597445,-0.0559079,0.0003106,-0.8317897
32.032111,0.331952,-0.043994,-10.603828,-0.0453938,-0.0029283,-0.8169076
32.039048,0.334101,-0.031459,-10.600203,-0.1025423,0.0107911,-0.8103973
32.046069,0.335314,-0.024028,-10.598764,-0.1624793,0.0268490,-0.8050936
32.052959,0.329346,-0.049331,-10.614794,-0.2139929,0.0407027,-0.8012521
32.066863,0.328826,-0.048642,-10.606493,-0.2792807,0.0639288,-0.7797695
32.073918,0.335879,-0.018134,-10.587364,-0.2944693,0.0753824,-0.7571781
32.080787,0.325076,-0.060406,-10.613632,-0.2989913,0.0835676,-0.7338536
32.087754,0.330662,-0.038164,-10.601039,-0.2963136,0.0882868,-0.7120771
32.101548,0.325008,-0.061378,-10.619964,-0.2827610,0.0899541,-0.6790100
32.108561,0.334961,-0.025554,-10.599093,-0.2765355,0.0887270,-0.6690733
32.115475,0.330278,-0.044787,-10.614052,-0.2721906,0.0871810,-0.6635700
32.122437,0.333525,-0.034872,-10.609477,-0.2698862,0.0858062,-0.6620271
32.129435,0.336169,-0.027575,-10.606047,-0.2693083,0.0848379,-0.6637204
32.143351,0.336084,-0.031837,-10.609974,-0.2711642,0.0841545,-0.6733634
32.150282,0.332585,-0.045424,-10.618881,-0.2725807,0.0842296,-0.6796334
32.157272,0.336693,-0.033383,-10.608945,-0.2738463,0.0844128,-0.6858596
32.164225,0.333784,-0.044630,-10.615142,-0.2748087,0.0846107,-0.6915154
32.178171,0.341697,-0.025009,-10.612614,-0.2640950,0.0702442,-0.7253905
32.185034,0.334534,-0.049888,-10.630919,-0.2592885,0.0632161,-0.7429743
32.192088,0.345619,-0.018077,-10.603683,-0.2559763,0.0580321,-0.7588071
32.199023,0.337356,-0.044442,-10.620483,-0.2542677,0.0549438,-0.7719233
32.212839,0.335717,-0.050488,-10.616100,-0.2544221,0.0538078,-0.7877909
32.219825,0.343498,-0.029439,-10.594141,-0.2553677,0.0546272,-0.7906886
32.226829,0.344669,-0.026992,-10.587445,-0.2563910,0.0557049,-0.7907594
32.233731,0.339190,-0.042263,-10.596066,-0.2572690,0.0567187,-0.7886127
32.240722,0.344500,-0.029308,-10.581474,-0.2579035,0.0574967,-0.7849239
32.254835,0.346949,-0.025269,-10.571589,-0.2584679,0.0582323,-0.7754736
32.261814,0.332978,-0.059689,-10.599485,-0.2585129,0.0582870,-0.7707146
32.268698,0.339802,-0.038154,-10.574115,-0.1787262,0.0578247,-0.7205663
32.275719,0.347101,-0.015203,-10.568137,-0.0868223,0.0590453,-0.6592840
32.289634,0.349654,-0.001062,-10.569891,0.0552069,0.0618479,-0.5340269
32.296525,0.339765,-0.022324,-10.589167,0.0904175,0.0619432,-0.4808629
32.303435,0.343647,-0.014395,-10.578766,0.1036322,0.0613830,-0.4390568
32.310419,0.349707,-0.002327,-10.582250,0.1438869,0.0431235,-0.4233189
32.317415,0.352582,0.001671,-10.592031,0.1772928,0.0213265,-0.4234200
32.331286,0.351421,-0.006529,-10.622320,0.2160314,-0.0123646,-0.4569612
32.338256,0.354955,0.000184,-10.622539,0.2213376,-0.0202077,-0.4828209
32.345257,0.353734,-0.003888,-10.629792,0.2202701,-0.0226623,-0.5103767
32.352131,0.349633,-0.014444,-10.639606,0.2157987,-0.0214020,-0.5363517
32.366155,0.350222,-0.020524,-10.629161,0.0676812,0.0038315,-0.5639006
32.373163,0.351867,-0.020510,-10.621846,-0.0024933,0.0143978,-0.5687901
32.380231,0.351252,-0.025325,-10.618174,-0.0533648,0.0208296,-0.5686274
32.387134,0.346164,-0.039452,-10.624400,-0.0815672,0.0232562,-0.5645986
32.394273,0.362617,-0.002935,-10.586777,-0.0912126,0.0229158,-0.5579634
32.407894,0.352682,-0.026929,-10.604605,-0.0778117,0.0187771,-0.5413517
32.414891,0.355357,-0.021149,-10.598417,-0.0654484,0.0167307,-0.5332665
32.421796,0.350333,-0.032232,-10.607897,-0.0542748,0.0152952,-0.5262536
32.428826,0.358388,-0.014917,-10.590781,-0.0460095,0.0145468,-0.5207025
32.442744,0.358185,-0.016544,-10.589846,-0.0391591,0.0146125,-0.5145153
32.449637,0.349705,-0.036072,-10.431408,-0.0755461,0.0251091,-0.5091457
32.456626,0.354863,-0.027162,-10.291170,-0.1154061,0.0369975,-0.5038283
32.463566,0.351525,-0.035887,-10.203116,-0.1505709,0.0473326,-0.4990349
32.477890,0.380747,0.019101,-10.079033,-0.1904741,0.0584756,-0.4921438
32.485247,0.352019,-0.039775,-10.080516,-0.1957534,0.0595592,-0.4901974
32.491941,0.328535,-0.086071,-10.091101,-0.1941255,0.0586950,-0.4893574
32.498903,0.354282,-0.037123,-10.073431,-0.1891761,0.0569885,-0.4893800
32.512715,0.354251,-0.038762,-10.092957,-0.1779864,0.0536349,-0.4911862
32.519634,0.355433,-0.037544,-10.105972,-0.1741415,0.0526347,-0.4925671
32.526664,0.362675,-0.025372,-10.114712,-0.1719438,0.0521607,-0.4940213
32.533550,0.353999,-0.041727,-10.137733,-0.1711870,0.0521038,-0.4954045
32.540657,0.368228,-0.017761,-10.139537,-0.1714645,0.0523103,-0.4966048
32.554567,0.359249,-0.035351,-10.176270,-0.1734090,0.0529621,-0.4982331
32.561511,0.359042,-0.036709,-10.189171,-0.1744096,0.0532239,-0.4986228
32.568439,0.361720,-0.033441,-9.466703,-0.1438293,0.0286887,-0.5432053
32.575444,0.367531,-0.025163,-8.988838,-0.1077061,-0.0004599,-0.5991404
32.589253,0.363108,-0.032912,-8.427283,-0.0522181,-0.0449698,-0.7158101
32.596308,0.374027,-0.016633,-8.330797,-0.0389664,-0.0553550,-0.7659365
32.603122,0.357741,-0.040140,-8.204921,-0.0342828,-0.0588465,-0.8061661
32.610167,2.576215,-4.724572,2.020717,-1.2135289,1.6589125,-0.2639345
32.624008,-0.553437,-0.596434,-15.736239,-5.5506539,5.1872482,-0.0373475
32.630986,-0.408676,-0.469334,-17.979136,-3.8193927,3.3590202,-0.1512722
32.637856,-0.204343,-0.274288,-20.001717,-2.0779417,1.5826693,-0.2702351
32.645023,-0.028683,-0.094097,-17.542809,-0.6529484,0.1852055,-0.4100374
32.651805,0.093594,0.048533,-15.894755,0.2153234,-0.6331283,-0.5536153
32.665810,0.093643,0.055275,-14.403268,0.5272993,-0.8537043,-0.8038663
32.672740,0.066470,0.040626,-11.810930,0.3047223,-0.6037853,-0.8999290
32.679803,0.025192,-0.001952,-9.166927,0.0305463,-0.3160837,-0.9644933
32.686755,0.016383,-0.001616,-7.299716,-0.2045922,-0.0780444,-0.9995466
32.700570,0.006376,-0.008744,-5.239755,-0.4456102,0.1513867,-0.9955673
32.707699,-0.004722,-0.028173,-5.021234,-0.4419455,0.1681565,-0.9700369
32.714683,0.012201,0.003514,-4.682518,-0.3982620,0.1479805,-0.9345411
32.721666,0.008405,-0.004077,-4.790849,-0.3412977,0.1120582,-0.8956899
32.735504,0.012007,0.000796,-5.145383,-0.2467466,0.0429341,-0.8236388
32.742509,0.006153,-0.011024,-5.472806,-0.2202874,0.0209567,-0.7955827
32.749402,0.013048,0.000972,-5.689658,-0.2076412,0.0088937,-0.7747950
32.756371,0.008347,-0.008464,-6.021258,-0.2055762,0.0050351,-0.7615343
32.763370,0.006300,-0.012821,-6.320423,-0.2102063,0.0068031,-0.7553489
32.777324,0.014334,-0.003205,-7.314137,-0.0221896,-0.1338558,-0.7600136
32.784201,0.029619,0.020721,-7.831383,0.1599500,-0.2671781,-0.7680426
32.791278,0.024245,0.005835,-8.294395,0.3123718,-0.3769500,-0.7779364
32.798189,0.039617,0.032282,-8.568744,0.4173138,-0.4505560,-0.7884001
32.812117,0.044528,0.039130,-8.988719,0.4904141,-0.4964977,-0.8070979
32.819251,0.032706,0.013885,-9.157845,0.4803973,-0.4863372,-0.8139760
32.826292,0.047879,0.039204,-9.418048,0.3978050,-0.4865607,-0.8189361
32.833131,0.046823,0.032314,-9.619389,0.3134978,-0.4839928,-0.8217373
32.847068,0.042391,0.011665,-9.696944,0.1858820,-0.4831363,-0.8221937
32.854000,0.043861,0.012938,-9.718841,0.1547836,-0.4850873,-0.8205319
32.861061,0.041333,0.001078,-9.739108,0.1432804,-0.4879062,-0.8181331
32.867884,0.047095,0.023673,-9.754127,0.1459561,-0.4909322,-0.8153574
32.881872,0.046269,0.019924,-9.781165,0.1708415,-0.4956750,-0.8099531
32.888805,0.045527,0.015685,-9.791141,0.1840062,-0.4970295,-0.8077860
32.895836,0.045615,0.007419,-9.799206,0.1943845,-0.4978106,-0.8061382
32.902732,0.045614,0.017873,-9.805991,0.2013015,-0.4982200,-0.8050393
32.909780,0.046975,0.008007,-9.811331,0.2049748,-0.4984707,-0.8044681
32.923788,0.044507,0.026161,-9.820848,0.2056337,-0.4991516,-0.8046443
32.930759,0.047182,0.013933,-9.823586,0.2044164,-0.4997281,-0.8051854
32.937637,0.045448,0.018461,-9.826655,0.2031016,-0.5004685,-0.8058829
32.944748,0.052746,0.003931,-9.827892,0.2020800,-0.5013310,-0.8066413
32.958632,0.037820,-0.000387,-7.990706,0.0787323,-0.3703047,-0.8080451
32.965632,0.032904,-0.001993,-7.457433,0.0203993,-0.3158344,-0.8085765
32.972574,0.025955,0.001810,-7.072257,-0.0229266,-0.2776232,-0.8089653
32.979606,0.029078,-0.004763,-6.899864,-0.0488017,-0.2567239,-0.8092048
32.986521,0.023883,0.000598,-6.753489,-0.0594651,-0.2501083,-0.8093060
33.000463,0.021132,0.004965,-6.716223,-0.0523755,-0.2617049,-0.8091847
33.007544,0.029878,-0.004777,-5.804400,0.0181657,-0.2273040,-0.8090180
33.014516,0.022285,0.003535,-5.128574,0.0901339,-0.1855448,-0.8088194
33.021407,0.016286,0.009841,-4.695783,0.1535169,-0.1451829,-0.8086137
33.035323,0.015920,0.010476,-4.428054,0.2316807,-0.0889131,-0.8082560
33.042742,0.047307,-0.016971,-4.820123,0.2630655,-0.0797925,-0.8081274
33.049648,0.012815,0.014832,-4.475399,0.2832016,-0.0791900,-0.8080380
33.056353,-0.001439,0.027071,-4.427333,0.2938584,-0.0839382,-0.8079884
33.063322,0.021043,0.009570,-4.824674,0.2970024,-0.0909600,-0.8079745
33.077269,0.029607,0.005040,-5.222777,0.2907368,-0.1045265,-0.8080246
33.084212,0.021809,0.010772,-5.302122,0.2854388,-0.1092020,-0.8080734
33.091120,0.018349,0.013248,-5.425113,0.2805536,-0.1121704,-0.8081285
33.098005,0.019269,0.012890,-5.582335,0.2768460,-0.1136121,-0.8081829
33.111984,0.028204,0.009093,-5.923345,0.2735781,-0.1134372,-0.8082733
33.118864,0.019299,0.013509,-5.970800,0.2737006,-0.1125692,-0.8083041
33.125864,0.028702,0.009936,-6.148408,0.2745743,-0.1115801,-0.8083241
33.132835,0.026968,0.011066,-6.231141,0.2758705,-0.1106558,-0.8083338
33.146860,0.034376,0.008684,-6.706026,0.2427967,-0.1130295,-0.8083285
33.153693,0.018144,0.012818,-6.750849,0.2270192,-0.1147939,-0.8083175
33.160700,0.029799,0.009498,-6.923416,0.2145632,-0.1165673,-0.8083034
33.167562,0.020310,0.011423,-6.953653,0.2062943,-0.1181161,-0.8082885
33.181556,0.023336,0.010633,-7.068036,0.2008018,-0.1201179,-0.8082615
33.188510,0.030257,0.009303,-8.082442,0.1722092,-0.1166388,-0.8082514
33.195469,0.031326,0.008009,-8.760460,0.1386326,-0.1123377,-0.8082441
33.202351,0.025512,0.007343,-9.343736,0.1067535,-0.1083581,-0.8082397
33.209398,0.039251,0.004318,-9.855632,0.0816402,-0.1054978,-0.8082379
33.223252,0.026694,0.004645,-10.675467,0.0579816,-0.1037017,-0.8082407
33.230286,0.040683,0.003148,-10.966606,0.0573569,-0.1041679,-0.8082440
33.237185,0.028443,0.004993,-11.261775,0.0610111,-0.1049452,-0.8082480
33.244216,0.039258,0.004367,-11.461090,0.0665239,-0.1056674,-0.8082520
33.258083,0.035734,0.005936,-12.842063,0.0718904,-0.1008155,-0.8082590
33.265192,0.049579,0.004705,-13.628682,0.0694150,-0.0943890,-0.8082614
33.271927,0.016851,0.008075,-14.608027,0.0659103,-0.0885320,-0.8082632
33.278919,0.041137,0.005537,-15.069132,0.0625523,-0.0843120,-0.8082641
33.292750,0.030804,0.006578,-16.186867,0.0585657,-0.0813882,-0.8082640
33.299700,0.039018,0.005888,-16.505337,0.0580178,-0.0818279,-0.8082632
33.306636,0.038373,0.006112,-16.850574,0.0580848,-0.0827373,-0.8082622
33.313835,0.063187,0.003891,-16.860733,0.0584396,-0.0836438,-0.8082612
33.320582,0.021001,0.008086,-17.575630,0.0588235,-0.0842746,-0.8082601
33.334567,0.045955,0.005910,-17.662485,0.0591773,-0.0844962,-0.8082583
33.341539,0.044645,0.006048,-17.819609,0.0591130,-0.0842419,-0.8082577
33.348450,0.037911,0.006695,-18.020214,0.0589457,-0.0838964,-0.8082573
33.355335,0.035685,0.006885,-18.148106,0.0587321,-0.0835522,-0.8082571
33.369182,0.024265,0.006751,-18.430103,0.0519012,-0.0557638,-0.8082570
33.376230,0.049319,0.003985,-18.179632,0.0492403,-0.0439806,-0.8082573
33.383206,0.037556,0.004806,-18.371456,0.0477737,-0.0367221,-0.8082575
33.390094,0.032088,0.005171,-18.484009,0.0473686,-0.0339001,-0.8082578
33.404040,0.041790,0.004314,-18.448864,0.0481306,-0.0361210,-0.8082586
33.411064,0.033472,0.004165,-17.580143,0.0473853,0.0134442,-0.7388821
33.417950,0.022334,0.004084,-16.024343,0.0472511,0.0634908,-0.6481541
33.424957,0.029361,0.002686,-14.794477,0.0469823,0.1030420,-0.5478554
33.438870,-0.335333,0.035205,-15.402902,0.0446193,0.1361264,-0.3614707
33.446561,0.079508,-0.002846,-12.085590,0.0449205,0.1320599,-0.2696666
33.452915,-0.035841,0.007310,-11.685241,0.0456901,0.1227125,-0.1905572
33.459991,0.037637,0.000944,-11.023470,0.0466782,0.1124696,-0.1267854
33.466900,0.015331,0.002902,-10.788953,0.0476260,0.1041183,-0.0807173
33.481014,0.008086,0.003461,-10.690151,0.0485892,0.0969169,-0.0429541
33.488003,0.032564,0.001643,-10.739413,0.0485455,0.0970735,-0.0465433
33.495089,0.042027,0.001045,-10.856548,0.0482857,0.0985236,-0.0606769
33.501934,0.021502,0.002374,-11.059361,0.0479589,0.1004458,-0.0817306
33.508958,0.035577,0.001551,-11.210567,0.0476831,0.1022816,-0.1064169
33.522799,0.032762,0.001784,-11.586118,0.0474946,0.1046539,-0.1548961
33.529886,0.043591,0.001067,-11.360227,0.0451009,0.0924195,-0.1696862
33.536650,0.019014,0.001960,-11.343299,0.0422636,0.0783912,-0.1773849
33.543710,0.045815,0.000643,-11.259752,0.0396888,0.0662431,-0.1788805
33.557857,0.029242,0.001149,-11.401764,0.0366999,0.0535045,-0.1679840
33.564878,0.036141,0.000852,-11.468437,0.0363476,0.0526374,-0.1585211
33.571810,0.032616,0.000951,-11.576220,0.0364772,0.0539202,-0.1483023
33.578735,0.036715,0.000847,-11.664283,0.0368358,0.0561532,-0.1384600
33.592811,0.027717,0.001124,-11.901909,0.0375594,0.0604248,-0.1225634
33.600050,0.062163,0.001124,-11.762981,0.0437298,0.0179844,-0.0593193
33.606761,0.026180,0.002102,-11.933414,0.0498609,-0.0292801,0.0220375
33.614008,0.067611,0.002444,-11.823558,0.0555049,-0.0705958,0.1110902
33.627829,0.056617,0.003217,-11.771077,0.0638064,-0.1136207,0.3242921
33.634827,0.059910,0.003568,-11.637197,0.0666701,-0.1171303,0.4479273
33.641911,0.063530,0.004023,-11.537298,0.0687956,-0.1139308,0.5598151
33.648827,0.040126,0.003190,-11.545180,0.0699082,-0.1074965,0.6530471
33.655761,0.054733,0.003916,-11.465790,0.0699982,-0.1009980,0.7203752
33.669636,0.053113,0.003830,-11.469279,0.0684959,-0.0923481,0.7828847
33.676718,0.067209,0.005258,-11.458504,0.0676237,-0.0907748,0.7828115
33.683703,0.058041,0.004450,-11.447323,0.0667766,-0.0745533,0.7987914
33.690533,0.043988,0.002468,-11.320159,0.0618501,-0.0537914,0.8121206
33.704411,0.049691,0.002647,-11.161003,0.0512092,-0.0214011,0.8288358
33.711472,0.057293,0.003707,-11.127996,0.0474132,-0.0134701,0.8321794
33.718407,0.051626,0.002608,-11.148580,0.0451792,-0.0106445,0.8326244
33.725513,0.067034,0.005405,-11.138741,0.0443121,-0.0113324,0.8307856
33.739449,0.036885,-0.000400,-11.084879,0.0492554,-0.0196798,0.8226947
33.746480,0.060044,0.004751,-10.952870,0.0547013,-0.0252799,0.8178956
33.753422,0.056720,0.004220,-10.916658,0.0595102,-0.0297782,0.8133018
33.760330,0.054456,0.003813,-10.908082,0.0630044,-0.0327563,0.8092572
33.774155,0.053674,0.003070,-10.557610,0.0605398,-0.0322394,0.8036620
33.781210,0.068580,0.006984,-10.467257,0.0578878,-0.0306474,0.8022418
33.788129,0.057013,0.003422,-10.448929,0.0554142,-0.0289780,0.8016700
33.795140,0.065581,0.005829,-10.438397,0.0535370,-0.0275859,0.8018132
33.802557,0.099497,0.016581,-10.420379,0.0523827,-0.0266284,0.8025025
33.816573,0.034683,-0.004980,-10.574438,0.0518940,-0.0259737,0.8049546
33.823517,0.061521,0.004087,-10.589111,0.0521844,-0.0260951,0.8062354
33.830493,0.064959,0.005239,-10.633057,0.0525785,-0.0263378,0.8074185
33.837338,0.053692,0.000865,-10.696653,0.0529560,-0.0266072,0.8084191
33.851229,0.054520,0.000668,-10.786350,0.0534341,-0.0270109,0.8097050
33.858345,0.079016,0.010582,-10.787047,0.0535183,-0.0271088,0.8099803
33.865471,0.070696,0.007097,-10.838900,0.0535253,-0.0271449,0.8100391
33.872360,0.049278,-0.002426,-10.911815,0.0534833,-0.0271361,0.8099198
33.879406,0.073924,0.008316,-10.898582,0.0534220,-0.0271027,0.8096792
33.893194,0.069036,0.005849,-10.960485,0.0533093,-0.0270225,0.8090171
33.900144,0.067143,0.004801,-10.986382,0.0532744,-0.0269930,0.8086786
33.907106,0.067481,0.004544,-10.843274,0.0488772,-0.0243990,0.7888885
33.914098,0.071523,0.006158,-10.751615,0.0436986,-0.0212317,0.7642204
33.928143,0.079136,0.009123,-9.970870,0.0284625,-0.0109301,0.6612087
33.935026,0.052011,-0.006195,-9.491445,0.0177503,-0.0032369,0.5694723
33.942052,0.073337,0.004852,-9.191357,0.0094012,0.0028340,0.4766523
33.949076,0.073703,0.004654,-8.991693,0.0040228,0.0067569,0.3903114
33.963031,0.050764,-0.008652,-8.686545,0.0042324,0.0070578,0.2155435
33.969892,0.061632,-0.002731,-8.663567,0.0066932,0.0055183,0.1478802
33.976911,0.076003,0.005283,-8.688759,0.0093128,0.0038602,0.0974345
33.983930,0.074986,0.004559,-8.716457,0.0114973,0.0024933,0.0649293
33.997794,0.077444,0.005599,-8.839469,0.0137485,0.0011363,0.0487113
34.004680,0.065614,-0.001436,-8.897892,0.0139461,0.0010359,0.0595058
34.011737,0.081766,0.007697,-8.999464,0.0137567,0.0011642,0.0783298
34.018547,0.060923,-0.004682,-9.052036,0.0133632,0.0014067,0.1017624
34.025527,0.076177,0.003986,-9.142715,0.0130961,0.0009598,0.1129849
34.039420,0.069342,-0.000661,-9.242620,0.0113622,-0.0000116,0.1054419
34.046456,0.081548,0.006231,-9.295082,0.0095525,-0.0001453,0.0892716
34.053475,0.081273,0.005730,-9.337480,0.0079152,-0.0001219,0.0689140
34.060792,0.102372,0.018068,-9.393729,0.0066725,-0.0000056,0.0469512
34.067384,0.038519,-0.020584,-9.393151,0.0059011,0.0001465,0.0257681
34.081346,0.076430,0.001653,-9.488312,0.0055173,0.0004202,-0.0076795
34.088254,0.074672,0.000325,-9.518975,0.0056617,0.0005136,-0.0182282
34.095314,0.087928,0.008097,-9.552665,0.0058785,0.0005782,-0.0245620
34.102088,0.063949,-0.006685,-9.569630,0.0060894,0.0006193,-0.0270316
34.116065,0.084680,0.005363,-9.620672,0.0063390,0.0006566,-0.0230161
34.122929,0.073418,-0.001754,-9.636586,0.0063629,0.0006647,-0.0181347
34.129957,0.087931,0.006814,-9.656501,0.0063349,0.0006722,-0.0124083
34.136920,0.082976,0.003482,-9.620382,0.0055334,0.0011597,-0.0187993
34.151008,0.083659,0.003249,-9.590966,0.0036302,0.0023267,-0.0497021
34.158450,0.120343,0.025415,-9.598854,0.0029224,0.0027618,-0.0689663
34.165283,0.032592,-0.028702,-9.569819,0.0024435,0.0030550,-0.0891069
34.172176,0.076697,-0.001997,-9.587058,0.0022396,0.0031784,-0.1058311
34.179173,0.088659,0.005014,-9.595304,0.0022050,0.0031983,-0.1193270
34.193047,0.090049,0.005228,-9.607571,0.0023807,0.0030922,-0.1352101
34.200081,0.093709,0.007153,-9.615398,0.0024874,0.0030295,-0.1377990
34.207001,0.078800,-0.002270,-9.618348,0.0025672,0.0029835,-0.1374041
34.213927,0.084756,0.001054,-9.627011,0.0026079,0.0029607,-0.1347368
34.227875,0.090062,-0.018120,-10.121615,-0.3586024,0.0937765,-0.3143980
34.234771,0.076547,-0.035035,-10.072163,-0.5023544,0.1241227,-0.4245759
34.241704,0.079480,-0.039650,-9.951226,-0.5993477,0.1370862,-0.5318209
34.248872,0.098894,-0.034251,-9.691440,-0.6500868,0.1346093,-0.6271670
34.255816,0.074799,-0.040533,-8.307320,-0.6706569,0.1225157,-0.7005565
34.269700,0.067745,-0.032106,-6.709857,-0.6487889,0.0939280,-0.7786926
34.276734,0.095703,-0.026238,-6.477528,-0.6279223,0.0843887,-0.7868751
34.284684,0.156842,-0.021135,-5.815437,-0.5485366,0.0662159,-0.7972293
34.290707,0.001593,-0.003104,-3.525832,-0.4762547,0.0502817,-0.8003494
34.297731,0.099546,-0.011810,-4.083633,-0.4206173,0.0395574,-0.7975509
34.304592,0.088571,-0.007666,-3.707662,-0.3833347,0.0337548,-0.7904290
34.318422,-0.201998,0.100965,-0.090831,-0.3576909,0.0330667,-0.7694257
34.325598,0.112220,-0.015919,-4.014699,-0.3613713,0.0356477,-0.7583090
34.332517,0.087306,-0.005476,-3.860300,-0.3705846,0.0388186,-0.7480447
34.346491,0.100482,-0.013572,-4.377110,-0.3916885,0.0440470,-0.7333208
34.353448,0.098055,-0.012718,-4.543189,-0.4000561,0.0456212,-0.7292086
34.360393,0.098315,-0.013437,-4.742061,-0.4060309,0.0464808,-0.7271881
34.367502,0.108146,-0.018709,-4.294312,-0.3767335,0.0441068,-0.7364041
34.381478,0.097363,-0.005602,-3.671035,-0.3140314,0.0377122,-0.7648659
34.388570,0.109090,-0.016360,-3.774984,-0.2904383,0.0355070,-0.7798194
34.395648,0.096825,-0.002804,-3.626666,-0.2739218,0.0342748,-0.7938133
34.402551,0.094240,0.001183,-3.664128,-0.2651294,0.0339650,-0.8052168
34.409657,0.111887,-0.019579,-4.013349,-0.2622072,0.0342436,-0.8136922
34.423487,0.099138,-0.003346,-4.104111,-0.2669084,0.0354441,-0.8219661
34.430564,0.110881,-0.019878,-4.400712,-0.2713855,0.0359623,-0.8222371
34.437626,0.103593,-0.009775,-4.445316,-0.2759237,0.0363214,-0.8205274
34.444587,0.099302,-0.003000,-4.524769,-0.2797551,0.0365077,-0.8174433
34.458634,0.109117,-0.019380,-4.896823,-0.2844526,0.0365403,-0.8095192
34.465460,0.097787,0.002943,-4.605082,-0.2594478,0.0295627,-0.7949651
34.472589,0.114912,-0.027503,-4.773738,-0.2311208,0.0213638,-0.7781818
34.479446,0.100881,0.001403,-4.559765,-0.2039621,0.0137205,-0.7611406
34.486328,0.100526,0.006272,-4.959437,-0.1289098,-0.0099040,-0.7571653
34.500384,0.101912,0.013424,-5.477483,0.0151756,-0.0563699,-0.7643579
34.507356,0.105685,0.009546,-5.680267,0.0675823,-0.0727909,-0.7728978
34.514389,0.115497,-0.008423,-5.901848,0.1011730,-0.0826224,-0.7826294
34.521317,0.106430,0.012148,-5.876785,0.1188822,-0.0869296,-0.7926614
34.528446,0.120373,-0.016019,-6.033988,0.1237307,-0.0869968,-0.8018311
34.542269,0.102365,0.019935,-5.863575,0.1115549,-0.0807530,-0.8155954
34.549330,0.117593,-0.010915,-6.028605,0.1017424,-0.0770744,-0.8195536
34.556412,0.119510,-0.015151,-6.054492,0.0926249,-0.0740442,-0.8216305
34.563366,0.103318,0.016489,-5.891835,0.0851855,-0.0718987,-0.8220264
34.577375,0.118995,-0.017984,-6.047008,0.0119391,-0.0632414,-0.8191995
34.584678,0.130201,-0.041728,-6.161437,-0.0232448,-0.0601190,-0.8167399
34.591337,0.091136,0.033688,-5.386978,-0.0472834,-0.0621505,-0.8140128
34.598639,0.131076,-0.045596,-5.595333,-0.0612264,-0.0659583,-0.8113983
34.605570,0.091066,0.033950,-4.925706,-0.0671500,-0.0708679,-0.8089440
34.619507,0.112035,-0.007829,-5.020336,-0.0630500,-0.0786051,-0.8057168
34.626503,0.116357,-0.016511,-5.048532,-0.0575929,-0.0810525,-0.8048857
34.633391,0.110091,-0.003672,-4.965536,-0.0518970,-0.0824850,-0.8045390
34.640371,0.116378,-0.017510,-5.278073,-0.0646806,-0.0777463,-0.8046021
34.647419,0.120006,-0.026404,-5.490640,-0.0810862,-0.0714299,-0.8049790
34.661330,0.111713,-0.012176,-5.629474,-0.1126854,-0.0596772,-0.8062801
34.668747,0.138061,-0.070165,-5.990185,-0.1235930,-0.0559112,-0.8070071
34.675150,0.082896,0.048460,-5.453220,-0.1306309,-0.0537265,-0.8076878
34.689238,0.110506,-0.013494,-5.777186,-0.1350741,-0.0530752,-0.8087323
34.696229,0.116196,-0.027171,-5.845899,-0.1341400,-0.0538456,-0.8090449
34.703169,0.113483,-0.021723,-5.824180,-0.1322449,-0.0548712,-0.8092185
34.710249,0.116537,-0.029709,-5.862978,-0.1300123,-0.0559132,-0.8092671
34.717305,0.116944,-0.031678,-5.873829,-0.1279629,-0.0567827,-0.8092128
34.731275,0.117755,-0.036065,-5.895461,-0.1252410,-0.0578040,-0.8089046
34.738268,0.116233,-0.033516,-5.884833,-0.1246616,-0.0579795,-0.8087096
34.745353,0.114413,-0.030295,-5.871049,-0.1244927,-0.0580043,-0.8085128
34.752281,0.112740,-0.027376,-5.859390,-0.1246156,-0.0579396,-0.8083391
34.759229,0.110916,-0.023991,-5.845338,-0.1249139,-0.0578359,-0.8081949
34.773014,0.110092,-0.024620,-5.952803,-0.1178868,-0.0556934,-0.8042253
34.780164,0.123839,-0.063852,-6.170390,-0.1090975,-0.0532279,-0.7994230
34.787020,0.108851,-0.024147,-6.076615,-0.1004959,-0.0507586,-0.7943147
34.793972,0.109498,-0.027549,-6.137732,-0.0931874,-0.0485776,-0.7893695
34.807910,0.111444,-0.036742,-6.244067,-0.0846631,-0.0457779,-0.7816765
34.814918,0.115329,-0.049096,-6.564910,-0.0353378,-0.0361964,-0.7387128
34.821768,0.106801,-0.023600,-6.762827,0.0469897,-0.0218293,-0.6705043
34.828815,0.115485,-0.049097,-7.057870,0.1279554,-0.0069473,-0.5954412
34.835678,0.105918,-0.020106,-7.164311,0.1968774,0.0052117,-0.5217421
34.849619,0.110609,-0.033190,-7.466043,0.2779409,0.0161935,-0.4015076
34.856519,0.106912,-0.022176,-7.539168,0.2914171,0.0160029,-0.3615934
34.863560,0.113441,-0.041224,-7.666870,0.2921437,0.0138136,-0.3363394
34.870468,0.108076,-0.025915,-7.748958,0.2550642,0.0006568,-0.3186773
34.884421,0.115772,-0.048413,-7.965199,0.1676766,-0.0279217,-0.3118731
34.891334,0.110620,-0.035219,-8.031512,0.1243365,-0.0364290,-0.3215510
34.898473,0.119301,-0.060533,-8.153916,0.0902463,-0.0410107,-0.3364443
34.905295,0.106532,-0.027119,-8.152268,0.0677430,-0.0425154,-0.3539379
34.919223,0.113588,-0.048605,-8.286069,0.0532036,-0.0403788,-0.3887217
34.926183,0.112929,-0.047741,-8.320374,0.0562107,-0.0383018,-0.4030418
34.933115,0.111958,-0.045911,-8.347034,0.0623778,-0.0362354,-0.4141414
34.940016,0.109551,-0.040206,-8.362310,0.0695133,-0.0344446,-0.4217557
34.947019,0.114192,-0.053286,-8.404503,0.0760374,-0.0330768,-0.4259330
34.960922,0.119372,-0.068476,-8.460306,0.0844304,-0.0316672,-0.4256937
34.967796,0.108922,-0.042053,-8.429345,0.0861762,-0.0314998,-0.4225133
34.974753,0.112661,-0.052664,-8.456526,0.0866798,-0.0315626,-0.4181946
34.981765,0.113876,-0.056761,-8.471732,0.0863641,-0.0317591,-0.4133506
34.995695,0.116390,-0.066052,-8.518084,0.0898757,-0.0228285,-0.3923360
35.002608,0.107025,-0.044598,-8.502969,0.0950433,-0.0114201,-0.3726896
35.009671,0.114514,-0.065727,-8.552539,0.1000045,-0.0006791,-0.3523715
35.016568,0.106573,-0.047719,-8.537780,0.1040268,0.0078359,-0.3332805
35.023598,0.112782,-0.064919,-8.576181,0.1067973,0.0134937,-0.3169049
35.037605,0.012798,0.183526,-8.247311,0.1303886,0.0248424,-0.2692104
35.044690,0.105075,-0.048095,-8.638554,0.1540812,0.0337056,-0.2214238
35.051617,0.104921,-0.048221,-8.666734,0.1742196,0.0407740,-0.1701608
35.058620,0.109322,-0.059281,-8.704414,0.1890534,0.0454298,-0.1201709
35.072637,0.098037,-0.031093,-8.688332,0.2022418,0.0478197,-0.0377360
35.079613,0.108321,-0.056030,-8.734019,0.2024432,0.0467363,-0.0110640
35.086571,0.107902,-0.054566,-8.738952,0.2004258,0.0450938,0.0056542
35.093676,0.113734,-0.068091,-8.767183,0.1974622,0.0434278,0.0130884
35.100631,0.101967,-0.039628,-8.729087,0.1944004,0.0420357,0.0124073
35.114683,0.103431,-0.042739,-8.746554,0.1904136,0.0407358,-0.0056636
35.121584,0.106656,-0.050084,-8.763819,0.1896860,0.0407353,-0.0189175
35.128559,0.109549,-0.056546,-8.779691,0.1896372,0.0410281,-0.0327209
35.135470,0.107329,-0.051595,-8.784196,0.1821226,0.0396683,-0.0398679
35.149498,0.111037,-0.060021,-8.817226,0.1669509,0.0363513,-0.0379468
35.156403,0.106511,-0.050101,-8.807419,0.1615811,0.0350572,-0.0312852
35.163596,0.117274,-0.073276,-8.856484,0.1583059,0.0342121,-0.0226326
35.170446,0.100397,-0.036810,-8.796268,0.1568841,0.0337873,-0.0129564
35.177459,0.111590,-0.060472,-8.845389,0.1568983,0.0337058,-0.0037520
35.191337,0.110644,-0.057773,-8.849720,0.1590506,0.0340683,0.0110607
35.198207,0.107554,-0.051057,-8.840413,0.1603606,0.0343216,0.0159026
35.205166,0.110646,-0.056955,-8.855801,0.1614849,0.0345460,0.0189090
35.212168,0.112146,-0.060517,-8.895460,0.1469810,0.0358672,0.0558527
35.226070,0.112708,-0.062664,-8.942901,0.1138070,0.0378876,0.1576458
35.232956,0.108436,-0.054494,-8.939457,0.1010971,0.0386141,0.2099604
35.239954,0.112351,-0.061650,-8.961009,0.0926910,0.0392031,0.2567073
35.247079,0.117339,-0.069520,-9.036824,0.0844073,0.0306369,0.3350900
35.261126,0.108299,-0.046986,-10.343026,0.0751587,0.0112374,0.5027789
35.268014,0.114151,-0.054784,-10.764545,0.0746061,0.0043138,0.5705068
35.275021,0.118416,-0.059333,-11.108688,0.0758110,-0.0000886,0.6232924
35.283238,0.151974,-0.115300,-11.164234,0.0778547,-0.0021416,0.6593838
35.288911,0.070628,0.028828,-12.088736,0.0799625,-0.0024337,0.6793389
35.302800,0.121040,-0.052752,-12.068016,0.0826092,-0.0003284,0.6786451
35.309730,0.121937,-0.051864,-12.222976,0.0829535,0.0010187,0.6637688
35.316718,0.124315,-0.053434,-12.336761,0.0828083,0.0021379,0.6434172
35.323668,0.125786,-0.053587,-12.591112,0.0565791,-0.0131090,0.6098513
35.337953,0.129167,-0.054930,-12.968462,-0.0032362,-0.0476625,0.5373887
35.344916,0.128693,-0.052641,-13.139387,-0.0231239,-0.0591881,0.5059460
35.352090,0.140196,-0.067617,-13.104346,-0.0336643,-0.0653080,0.4811041
35.359032,0.128202,-0.048737,-13.393448,-0.0366457,-0.0670156,0.4630421
35.372868,0.134285,-0.054119,-13.464892,-0.0301979,-0.0631093,0.4485773
35.379909,0.141812,-0.062830,-13.314415,-0.0258339,-0.0593362,0.4383041
35.386955,0.142722,-0.062535,-13.285281,-0.0224426,-0.0559716,0.4290210
35.393745,0.133884,-0.049533,-13.393008,-0.0204161,-0.0535896,0.4213443
35.400716,0.141009,-0.057423,-13.289148,-0.0196763,-0.0523182,0.4156012
35.414695,0.140015,-0.053445,-13.295324,-0.0206715,-0.0523069,0.4101351
35.421528,0.139149,-0.050985,-13.306522,-0.0216369,-0.0529340,0.4100273
35.428576,0.148710,-0.061420,-13.189104,-0.0225402,-0.0536203,0.4112288
35.435430,0.141942,-0.051744,-13.275269,-0.0232446,-0.0542031,0.4133468
35.442567,0.154409,-0.065340,-13.128942,-0.0237125,-0.0546106,0.4159918
35.456485,0.088354,0.015163,-13.908500,-0.0240896,-0.0549283,0.4216007
35.463589,0.155322,-0.061831,-13.136642,-0.0241238,-0.0549249,0.4239705
35.470409,0.144529,-0.048206,-12.660654,-0.0164617,-0.0481869,0.3919092
35.477550,0.156967,-0.061222,-12.094603,-0.0074990,-0.0404979,0.3407540
35.491837,0.172846,-0.076876,-11.489947,0.0056442,-0.0292367,0.2163291
35.498252,0.125517,-0.023745,-11.624774,0.0085721,-0.0266438,0.1568789
35.505183,0.149373,-0.049501,-11.418449,0.0094196,-0.0257791,0.1054890
35.512386,0.163719,-0.064651,-11.312503,0.0088317,-0.0261220,0.0655053
35.526028,0.150570,-0.050422,-9.847718,0.0091275,-0.0223773,-0.0099474
35.532999,0.154254,-0.054380,-9.458390,0.0093483,-0.0205694,-0.0390801
35.539983,0.155074,-0.055279,-9.225305,0.0095302,-0.0192503,-0.0605362
35.546923,0.153419,-0.053509,-9.101492,0.0096398,-0.0184807,-0.0740651
35.553857,0.153383,-0.053479,-9.063693,0.0096691,-0.0181864,-0.0801816
35.567844,0.147718,-0.047456,-9.136126,0.0095443,-0.0184712,-0.0746254
35.574968,0.162802,-0.063073,-9.251923,0.0094410,-0.0187719,-0.0659960
35.581891,0.149611,-0.049286,-9.336061,0.0093367,-0.0190572,-0.0553223
35.588781,0.152932,-0.052612,-9.452836,0.0092496,-0.0192691,-0.0443073
35.602892,0.143297,-0.042772,-9.311200,0.0050558,-0.0202963,-0.0566024
35.609838,0.157094,-0.056943,-9.344474,0.0030574,-0.0206805,-0.0714779
35.616807,0.158600,-0.058499,-9.386786,0.0015583,-0.0209349,-0.0889170
35.623720,0.156344,-0.056291,-9.441832,0.0006343,-0.0210695,-0.1067988
35.637597,0.153630,-0.053791,-9.581461,0.0001685,-0.0210892,-0.1375781
35.644708,0.166548,-0.066891,-9.662015,0.0003374,-0.0210334,-0.1485301
35.651672,0.153502,-0.054442,-9.825809,0.0014243,-0.0145026,-0.2210952
35.658657,0.160104,-0.062010,-9.947050,0.0025190,-0.0069314,-0.3048240
35.665648,0.157641,-0.060729,-10.046560,0.0035663,0.0000557,-0.3915142
35.679560,0.162895,-0.068837,-10.166040,0.0052980,0.0085018,-0.5399407
35.686569,0.157448,-0.064820,-10.211260,0.0058712,0.0099433,-0.5930092
35.693888,0.169589,-0.078943,-10.224809,0.0061822,0.0100390,-0.6292052
35.700430,0.134622,-0.044345,-10.302010,0.0062397,0.0093299,-0.6487457
35.714418,0.156063,-0.070414,-10.314384,0.0089169,0.0143236,-0.6712337
35.721331,0.151449,-0.067487,-10.339346,0.0102716,0.0170578,-0.6702870
35.728280,0.152362,-0.070436,-10.353965,0.0113219,0.0192325,-0.6634281
35.735228,0.149900,-0.069717,-10.373590,0.0119928,0.0206747,-0.6524797
35.742108,0.147091,-0.068556,-10.393054,0.0122967,0.0213977,-0.6394044
35.756087,0.147764,-0.072947,-10.416097,0.0121559,0.0213733,-0.6130607
35.763040,0.148918,-0.076044,-10.424016,0.0119111,0.0210150,-0.6020967
35.769991,0.148624,-0.077513,-10.433785,0.0116574,0.0206337,-0.5935236
35.776989,0.148247,-0.078913,-10.442663,0.0114385,0.0203173,-0.5875540
35.790903,0.138048,-0.070790,-10.478979,0.0111839,0.0200210,-0.5832022
35.797960,0.150621,-0.087228,-10.454880,0.0111413,0.0200246,-0.5841106
35.804850,0.143115,-0.080366,-10.476352,0.0111361,0.0200924,-0.5864238
35.811846,0.146004,-0.085691,-10.472336,0.0111538,0.0201951,-0.5896412
35.825681,0.143308,-0.086428,-10.482060,0.0112074,0.0204126,-0.5968683
35.832690,0.145152,-0.090671,-10.477931,0.0112286,0.0205023,-0.6001550
35.839569,0.139320,-0.085619,-10.492454,0.0112412,0.0205733,-0.6028904
35.846595,0.144552,-0.094142,-10.478518,0.0112455,0.0206273,-0.6049485
35.853696,0.146386,-0.098551,-10.411888,0.0115733,0.0200076,-0.6391193
35.867649,0.135190,-0.089201,-10.349371,0.0124118,0.0185797,-0.7270607
35.874621,0.138301,-0.095782,-10.315148,0.0127101,0.0181263,-0.7690569
35.881565,0.137224,-0.097244,-10.295401,0.0128944,0.0178955,-0.8052885
35.888471,0.134784,-0.097070,-10.282981,0.0129812,0.0178531,-0.8338886
35.902389,0.131287,-0.098783,-10.268250,0.0129786,0.0180964,-0.8655669
35.909343,0.133058,-0.104460,-10.260176,0.0129426,0.0182679,-0.8695092
35.916475,0.138100,-0.114453,-9.929923,0.0129271,0.0162871,-0.8568723
35.923255,0.124843,-0.099401,-9.720685,0.0128767,0.0138284,-0.8368606
35.930311,0.133524,-0.114353,-9.585078,0.0127926,0.0115320,-0.8128744
35.944036,0.127923,-0.112586,-9.445065,0.0125979,0.0086482,-0.7644384
35.951058,0.129384,-0.117622,-9.428548,0.0125177,0.0081285,-0.7442434
35.958029,0.125331,-0.128349,-10.532468,-0.1471723,0.0256332,-0.7211778
35.965726,0.144075,-0.180027,-10.533845,-0.4028810,0.0404395,-0.6853206
35.979285,0.130232,-0.202963,-10.656576,-0.7808757,0.0601818,-0.6172805
35.985782,0.102252,-0.160637,-10.776665,-0.8758424,0.0647125,-0.5904270
35.992863,0.120404,-0.208896,-10.697127,-0.9135164,0.0662707,-0.5703107
35.999954,0.117885,-0.210289,-10.711679,-0.9096467,0.0655904,-0.5571677
36.006833,0.106787,-0.182016,-10.773823,-0.8806654,0.0635366,-0.5508059
36.020862,0.111194,-0.201161,-10.774671,-0.8115083,0.0594344,-0.5545521
36.027763,0.111071,-0.205681,-10.784383,-0.7866163,0.0583784,-0.5618541
36.034736,0.111857,-0.217196,-10.785635,-0.7717928,0.0580997,-0.5709758
36.041733,0.110978,-0.222694,-10.793936,-0.7661461,0.0583596,-0.5807255
36.055614,0.103143,-0.195405,-10.847389,-0.7726517,0.0592207,-0.5982589
36.062638,0.108025,-0.242845,-10.804979,-0.7795881,0.0593692,-0.6048108
36.069513,0.104141,-0.226224,-10.829242,-0.7863692,0.0592382,-0.6094925
36.076421,0.104449,-0.228676,-10.725106,-0.6966489,0.0484172,-0.5990402
36.083594,0.108452,-0.270739,-10.525911,-0.6157463,0.0376167,-0.5834723
36.097418,0.104476,-0.242535,-10.317555,-0.5045925,0.0237724,-0.5463786
36.104283,0.102416,-0.209160,-10.428137,-0.3177577,0.0130614,-0.4953829
36.111234,0.103396,-0.215538,-10.499930,-0.1303343,0.0045099,-0.4341520
36.118269,0.103693,-0.215442,-10.751281,0.0602291,0.0009554,-0.3566289
36.132203,0.092186,-0.025274,-11.001090,0.2883095,-0.0060948,-0.2011359
36.139052,0.101451,-0.169260,-10.894339,0.3252472,-0.0109979,-0.1364374
36.146085,0.103905,-0.205444,-10.879783,0.3254922,-0.0153678,-0.0859133
36.153328,0.106465,-0.243050,-10.862150,0.3039815,-0.0180599,-0.0509278
36.167443,0.104230,-0.213318,-10.931225,0.2428774,-0.0176833,-0.0255353
36.174221,0.100918,-0.171193,-10.995163,0.2206241,-0.0159091,-0.0312646
36.181183,0.103003,-0.203660,-10.977555,0.2068698,-0.0140857,-0.0452271
36.188085,0.102338,-0.197877,-10.998788,0.2011032,-0.0126697,-0.0643082
36.195067,0.103092,-0.211020,-10.995933,0.2013725,-0.0117864,-0.0857282
36.208980,0.101913,-0.201029,-11.023753,0.2108703,-0.0112055,-0.1263589
36.216149,0.104957,-0.243104,-10.978395,0.2163566,-0.0111780,-0.1423418
36.222849,0.098722,-0.167614,-11.073849,0.2208948,-0.0111703,-0.1543498
36.229837,0.102359,-0.217723,-11.015888,0.2240678,-0.0111399,-0.1621065
36.243717,0.100602,-0.210068,-6.600965,0.2453687,-0.0193349,-0.1403850
36.250700,0.101665,-0.227748,-5.417546,0.2528960,-0.0231781,-0.1185525
36.257592,0.100313,-0.216120,-4.551242,0.2578695,-0.0261321,-0.0938438
36.264568,0.101357,-0.230233,-4.148648,0.2605965,-0.0281282,-0.0691366
36.278497,0.101743,-0.235018,-3.874527,0.2616974,-0.0298444,-0.0278291
36.285563,0.102550,-0.241943,-3.976437,0.2612349,-0.0299826,-0.0136522
36.292456,0.098877,-0.205412,-3.879885,0.2606671,-0.0298923,-0.0042779
36.299513,0.102690,-0.244482,-3.075990,0.2372517,-0.0281376,0.0033470
36.306390,0.099380,-0.217482,-2.233474,0.2121370,-0.0259614,0.0090886
36.320322,0.099889,-0.221819,-2.625303,0.1387238,-0.0192406,0.0286175
36.327512,0.105179,-0.263479,-3.219922,0.1107815,-0.0164639,0.0391426
36.334288,0.099363,-0.216912,-3.100887,0.0916636,-0.0144044,0.0488129
36.341239,0.102218,-0.238008,-3.548596,0.0810025,-0.0130922,0.0569520
36.355099,0.102165,-0.234734,-4.070001,0.0783901,-0.0123492,0.0672991
36.362173,0.104983,-0.252526,-4.812361,0.0842753,-0.0129902,0.0703461
36.369028,0.101877,-0.227845,-5.141960,0.0916681,-0.0139272,0.0721717
36.375930,0.103253,-0.234448,-5.830966,0.1001224,-0.0153279,0.0731619
36.389946,0.101472,-0.216787,-6.609588,0.1134346,-0.0179124,0.0729685
36.396891,0.105174,-0.239175,-6.969198,0.1172207,-0.0187715,0.0721122
36.404208,0.111385,-0.276502,-7.289719,0.1192279,-0.0193019,0.0709824
36.411147,0.099623,-0.199877,-7.051230,0.1198170,-0.0195480,0.0696623
36.418154,0.107253,-0.246232,-7.241757,0.1194529,-0.0195636,0.0684451
36.432020,0.105683,-0.233826,-7.239164,0.1176073,-0.0192612,0.0664721
36.438985,0.107595,-0.243468,-7.290272,0.1167198,-0.0190701,0.0658294
36.445975,0.107901,-0.243629,-7.305240,0.1160560,-0.0189044,0.0654288
36.452953,0.108487,-0.245470,-7.324274,0.1156656,-0.0187839,0.0652555
36.466796,0.108346,-0.242623,-7.359936,0.1110186,-0.0146929,0.0995540
36.473715,0.108201,-0.241236,-7.381995,0.1060059,-0.0099414,0.1454506
36.480703,0.107127,-0.240797,-7.946142,0.2230523,0.0462143,0.2577091
36.487643,0.104040,-0.229379,-7.924395,0.3368892,0.1001169,0.3868701
36.494842,0.106915,-0.243673,-8.022103,0.4364677,0.1434633,0.5176777
36.508582,0.104268,-0.217709,-7.953224,0.5533570,0.1788476,0.7397618
36.515609,0.104434,-0.206417,-7.896078,0.5724709,0.1749423,0.8178493
36.522734,0.108566,-0.213191,-7.906224,0.5735294,0.1638223,0.8694655
36.529829,0.107164,-0.190146,-7.799870,0.5632010,0.1497253,0.8964970
36.543857,0.112750,-0.189339,-7.798136,0.5343269,0.1287092,0.8869910
36.550794,0.114946,-0.187951,-7.806432,0.5227256,0.1237631,0.8615056
36.557785,0.116827,-0.186329,-7.822331,0.5146713,0.1221214,0.8287711
36.564847,0.118372,-0.183989,-7.839674,0.5102931,0.1230431,0.7931888
36.571752,0.118337,-0.172661,-7.784588,0.5091149,0.1256812,0.7584198
36.585728,0.120566,-0.166242,-7.798901,0.5128837,0.1327574,0.7033938
36.592663,0.121769,-0.165328,-7.839610,0.5160672,0.1360599,0.6856956
36.599685,0.122569,-0.162599,-7.870903,0.5192469,0.1387743,0.6748676
36.606669,0.123536,-0.151381,-7.929180,0.6193104,0.1360310,0.6847432
36.620790,0.125343,-0.132484,-8.055508,0.7870575,0.1244366,0.7275935
36.627772,0.128312,-0.124891,-7.980402,0.8459575,0.1165173,0.7546764
36.634837,0.128391,-0.115056,-8.061815,0.8803357,0.1087784,0.7800571
36.641732,0.132374,-0.116925,-8.081548,0.8107772,0.0816930,0.8024960
36.648885,0.132496,-0.106071,-8.220185,0.7354915,0.0543910,0.8203872
36.663667,0.135808,-0.092888,-8.350907,0.5998415,0.0157605,0.8413299
36.669884,0.150212,-0.149109,-8.138587,0.5607811,0.0084279,0.8443020
36.676863,0.142466,-0.102129,-8.359053,0.5399816,0.0070538,0.8433848
36.683907,0.143549,-0.096426,-8.394877,0.5340203,0.0096420,0.8394703
36.697992,0.143804,-0.076229,-8.474853,0.5480933,0.0190120,0.8267222
36.704856,0.148721,-0.091852,-8.437827,0.5596657,0.0232015,0.8196995
36.711840,0.149876,-0.088889,-8.469643,0.5028811,0.0198085,0.8036532
36.718831,0.149642,-0.079119,-8.521212,0.4459431,0.0150167,0.7865318
36.732951,0.154437,-0.090795,-8.586280,0.3045998,0.0079822,0.7212545
36.739817,0.155831,-0.094219,-8.633579,0.2273369,0.0077618,0.6684815
36.746831,0.153836,-0.079986,-8.699805,0.1672214,0.0086587,0.6164247
36.753743,0.156758,-0.091654,-8.713118,0.1276598,0.0099138,0.5693727
36.767778,0.153761,-0.067609,-8.797127,0.1027561,0.0123311,0.5019095
36.775950,0.138600,0.011937,-8.930887,0.1082073,0.0134544,0.4833064
36.781726,0.188769,-0.229387,-8.602320,0.1188349,0.0144562,0.4747177
36.788748,0.157655,-0.072791,-8.838005,0.1305288,0.0152399,0.4746196
36.795718,0.158756,-0.073098,-8.855000,0.1431521,0.0150196,0.4609690
36.809535,0.167723,-0.105358,-8.867641,0.1463674,0.0096599,0.3926316
36.816559,237.661331,-36.491928,-373.789001,-20.6514874,-0.7316856,0.1011826
36.823405,12.083778,-173.629700,-239.592972,5.4161153,-0.1839006,0.1835891
36.830459,0.006574,0.398113,-13.629930,4.3033524,-0.0482471,0.1819819
36.837406,-0.003404,0.299000,-15.549790,2.8122251,0.0317583,0.1848784
36.851399,-0.004379,0.054538,-12.998404,0.6414776,0.0722120,0.2150151
36.858271,-0.007774,0.001881,-12.007333,0.1528563,0.0652616,0.2365271
36.865284,-0.002693,-0.003986,-11.163976,-0.0077211,0.0566871,0.2583017
36.872181,-0.003614,-0.004893,-9.580045,0.0394952,0.0493127,0.2785331
36.886136,-0.000839,0.014720,-7.425210,0.3715574,0.0359764,0.3090680
36.893033,-0.001727,0.017021,-6.806985,0.5284194,0.0289800,0.3181033
36.900028,0.000188,0.025229,-6.482541,0.6391752,0.0222730,0.3229961
36.907023,0.000577,0.027631,-6.282498,0.6990854,0.0166356,0.3242147
36.920922,0.000538,0.026532,-6.204890,0.6992304,0.0103823,0.3184682
36.927930,0.000847,0.027265,-6.293466,0.6648808,0.0097477,0.3131675
36.934779,-0.001141,0.014348,-6.342844,0.6234462,0.0102505,0.3073081
36.941688,-0.000360,0.017993,-6.519540,0.5828440,0.0113888,0.3015269
36.955584,-0.000856,0.012985,-6.832042,0.5202410,0.0139478,0.2920425
36.962567,0.000426,0.023432,-7.038808,0.4999899,0.0148702,0.2888623
36.969773,0.002949,0.047055,-7.275869,0.4857228,0.0154202,0.2868294
36.976414,-0.005308,-0.012718,-7.216533,0.5533836,0.0464537,0.2653921
36.990378,-0.006045,0.018468,-7.554539,0.6764056,0.1094411,0.1969725
36.997338,-0.006213,0.035892,-7.698899,0.7153414,0.1325451,0.1595306
37.004267,-0.007455,0.031956,-7.782914,0.7351517,0.1480496,0.1248468
37.011427,-0.006628,0.067152,-7.933855,0.7382840,0.1564908,0.0955313
37.018219,-0.014799,0.038747,-10.315392,0.9443310,0.2074403,0.1794203
37.032162,-0.016767,0.097165,-9.771389,1.2616088,0.2559649,0.4423390
37.039076,-0.015935,0.079982,-9.630049,1.3467929,0.2503762,0.5854104
37.045983,-0.014149,0.080590,-9.477529,1.3835527,0.2292095,0.7171275
37.052974,-0.010229,0.083499,-9.002660,1.2873931,0.1687137,0.8286303
37.066889,-0.004058,0.073023,-8.435574,1.0810091,0.0660597,0.9708290
37.073789,-0.000686,0.044623,-8.257590,1.0028914,0.0393772,1.0009284
37.080798,-0.002315,0.068802,-8.183537,0.9507236,0.0285212,1.0072080
37.087767,-0.001481,0.056894,-8.127221,0.9221886,0.0289601,0.9942930
37.101728,-0.000243,0.034432,-8.102373,0.9129733,0.0456810,0.9316416
37.108610,-0.000283,0.030984,-8.120179,0.9199654,0.0553222,0.8929360
37.115667,-0.006366,0.083639,-8.184346,0.9282419,0.0635837,0.8550789
37.122496,0.001568,0.011104,-8.179388,0.8493392,0.0590893,0.8212823
37.129471,-0.003297,0.053451,-8.263701,0.7750592,0.0506475,0.7936931
37.143235,0.006753,-0.024642,-8.330761,0.6609854,0.0336891,0.7606769
37.150254,-0.004237,0.061469,-8.421260,0.6300414,0.0285335,0.7549827
37.157218,-0.000189,0.041226,-9.694931,0.5161294,-0.0004081,0.7553023
37.164225,0.001027,0.047658,-10.435196,0.3622345,-0.0459925,0.7602973
37.178038,0.008864,0.019330,-11.615945,0.1056203,-0.1207521,0.7785024
37.185120,0.005302,0.050610,-12.034202,0.0364475,-0.1382007,0.7889756
37.192062,0.014721,-0.010193,-12.492525,0.0066557,-0.1428510,0.7989366
37.199006,0.012955,0.001056,-12.815805,0.0061031,-0.1388089,0.8075284
37.212975,0.007342,0.034262,-13.285757,0.0429868,-0.1223922,0.8190860
37.220067,0.007436,0.032862,-13.484083,0.0614330,-0.1160171,0.8218498
37.226945,0.020887,-0.051313,-13.792582,0.0729286,-0.1125388,0.8227587
37.233956,0.008616,0.024915,-13.793496,0.0765993,-0.1116975,0.8221529
37.240807,0.017180,-0.026388,-13.995929,0.0740093,-0.1126000,0.8204327
37.254855,0.007803,0.031728,-14.051581,0.0589803,-0.1161436,0.8152142
37.261717,0.016868,-0.020737,-14.211162,0.0505421,-0.1175873,0.8124182
37.268656,0.012588,0.004472,-14.211783,0.0430933,-0.1184936,0.8098571
37.275580,0.014677,-0.008234,-14.221223,0.0638430,-0.1121548,0.8077027
37.289695,0.002164,0.059273,-14.083791,0.1128871,-0.0993263,0.8049976
37.297576,-0.041603,0.295454,-13.627011,0.1277873,-0.0958796,0.8044487
37.303545,0.087295,-0.395201,-14.935746,0.1338394,-0.0947137,0.8043653
37.311022,-0.017942,0.164808,-13.862683,0.1326545,-0.0951990,0.8046581
37.318022,0.025461,-0.059685,-14.278789,0.1265328,-0.0966005,0.8052409
37.327955,12.762108,-66.792130,-138.914154,0.1139709,-0.0988545,0.8064923
37.334740,-0.129793,0.707296,-12.812739,0.1095228,-0.0994585,0.8070074
37.348667,0.006942,0.034754,-14.059445,0.0987318,-0.1002577,0.8082975
37.355873,-0.009512,0.108342,-13.172441,0.0643588,-0.1000906,0.8087577
37.362678,0.033288,-0.100852,-12.712290,0.0268373,-0.0994724,0.8090780
37.369605,0.009901,0.005602,-12.073157,-0.0031322,-0.0984709,0.8092483
37.383639,0.001176,0.042061,-11.485735,-0.0345074,-0.0961808,0.8092348
37.390473,0.017560,-0.039991,-10.484043,-0.2381992,-0.1223524,0.7704325
37.397391,0.011932,-0.019150,-9.794256,-0.4090253,-0.1470870,0.7216623
37.404367,0.008107,-0.004703,-9.349440,-0.5377784,-0.1672868,0.6694647
37.411296,0.012388,-0.023616,-9.077543,-0.6155192,-0.1815156,0.6192632
37.425226,0.024744,-0.072887,-8.734748,-0.6729362,-0.1973677,0.5410163
37.432315,0.001170,0.026886,-8.700652,-0.6762674,-0.2014611,0.5173575
37.439738,-0.021890,0.120030,-6.644462,-0.5926588,-0.1838022,0.4854126
37.446741,0.042716,-0.143485,-4.662423,-0.5073745,-0.1613741,0.4563915
37.460571,0.004022,0.013048,-3.672636,-0.4076833,-0.1314458,0.4216879
37.467665,-0.008856,0.064450,-3.614676,-0.3883739,-0.1243839,0.4140631
37.474605,0.002569,0.020104,-3.461821,-0.3849190,-0.1220312,0.4121482
37.481580,0.011631,-0.014070,-3.473556,-0.3923123,-0.1230968,0.4150415
37.495434,0.005449,0.011939,-4.011906,-0.4182899,-0.1292266,0.4294564
37.502429,-0.001054,0.037384,-4.369440,-0.4306033,-0.1321837,0.4385641
37.509351,0.004604,0.017061,-4.610855,-0.4403068,-0.1343238,0.4475433
37.516353,-0.001122,0.038963,-4.965337,-0.4470616,-0.1355350,0.4556109
37.530236,-0.000985,0.039516,-5.527936,-0.4533304,-0.1357714,0.4671646
37.537210,0.001267,0.034974,-4.958814,-0.4000802,-0.1460073,0.4698533
37.544196,0.003929,0.029042,-4.640353,-0.3454072,-0.1573110,0.4707438
37.551166,0.003619,0.033203,-4.507521,-0.2972426,-0.1679657,0.4701398
37.558224,-0.004491,0.064304,-4.571428,-0.2615225,-0.1766161,0.4684392
37.572005,0.013515,0.004304,-4.529877,-0.2290792,-0.1866098,0.4632317
37.579017,-0.001033,0.057094,-4.822890,-0.2283180,-0.1882740,0.4604697
37.585964,0.003241,0.042647,-4.923317,-0.2334591,-0.1884243,0.4579454
37.592901,0.003886,0.040894,-5.072532,-0.2415461,-0.1876432,0.4558332
37.606735,0.004940,0.037920,-5.374435,-0.2581818,-0.1851663,0.4531752
37.613789,-0.002994,0.067387,-5.602678,-0.2644323,-0.1840862,0.4526377
37.620685,0.006926,0.033571,-6.322851,-0.2504706,-0.1792065,0.4371732
37.627623,0.004727,0.043682,-6.919649,-0.2336514,-0.1745814,0.4172789
37.634745,-0.005204,0.082312,-7.377152,-0.2171117,-0.1708356,0.3957016
37.648705,-0.006167,0.089768,-7.725630,-0.1796513,-0.1681519,0.4146065
37.655603,0.011035,0.027024,-7.842159,-0.1576177,-0.1688539,0.4738170
37.662708,-0.000546,0.073266,-8.067890,-0.1402731,-0.1702261,0.5421819
37.669672,0.014355,0.018042,-8.143549,-0.1284915,-0.1720490,0.6131154
37.683602,0.001478,0.068754,-8.379480,-0.1208910,-0.1753137,0.7297363
37.690451,0.009217,0.038579,-8.411361,-0.1220874,-0.1762335,0.7702765
37.697549,-0.003134,0.087064,-8.504180,-0.1248198,-0.1765369,0.7973168
37.704487,0.006402,0.049139,-8.509080,-0.1280685,-0.1763129,0.8113915
37.711453,0.009012,0.040106,-9.136281,-0.1284497,-0.1719232,0.8041430
37.725453,0.002598,0.047734,-10.585230,-0.1829034,-0.1101512,0.7786246
37.732545,-0.007025,0.074820,-11.105988,-0.2084813,-0.0791157,0.7605658
37.739434,0.002296,0.029260,-11.637322,-0.2274615,-0.0556663,0.7419415
37.746399,-0.005440,0.053371,-12.000584,-0.2383468,-0.0419543,0.7248045
37.753338,-0.006187,0.052119,-12.271412,-0.2202377,-0.0265591,0.6907937
37.767257,-0.008498,0.058364,-12.714307,-0.1707721,-0.0101869,0.6212013
37.774359,-0.013292,0.075557,-12.848797,-0.1517967,-0.0087324,0.5916471
37.781210,-0.004359,0.046211,-13.081283,-0.1405486,-0.0100833,0.5685515
37.788125,-0.007653,0.058255,-13.175866,-0.1361844,-0.0127989,0.5523474
37.802026,-0.004374,0.074907,-13.175454,-0.0757096,-0.0880438,0.5347181
37.808934,0.001624,0.067339,-13.226329,-0.0499475,-0.1201918,0.5336598
37.815936,-0.001456,0.084722,-13.194932,-0.0327344,-0.1417091,0.5365475
37.822815,0.005362,0.066538,-13.269753,-0.0241390,-0.1524102,0.5422628
37.836967,-0.002926,0.092802,-13.212809,-0.0250190,-0.1510494,0.5578313
37.843921,0.009107,0.050486,-13.357269,-0.0298080,-0.1449149,0.5659249
37.850942,-0.004019,0.090930,-13.236667,-0.0345268,-0.1389118,0.5729038
37.857829,0.001273,0.070314,-13.310582,-0.0383150,-0.1341133,0.5785600
37.871771,0.003258,0.060468,-13.354763,-0.0418450,-0.1296477,0.5852331
37.878679,-0.001439,0.075794,-13.302934,-0.0419113,-0.1295313,0.5863033
37.888744,8.235233,-30.758087,-114.739014,-0.0408892,-0.1307269,0.5855487
37.895495,-0.086352,0.376502,-12.309542,-0.0403634,-0.1313459,0.5845832
37.902446,-0.004443,0.084952,-13.265597,-0.0395858,-0.1322573,0.5826479
37.909370,-0.003737,0.081666,-13.274106,-0.0390287,-0.1328984,0.5804603
37.916345,-0.006189,0.090118,-13.243617,-0.0387107,-0.1332504,0.5782713
37.930339,-0.009044,0.099329,-13.207465,-0.0386302,-0.1332907,0.5746140
37.937266,-0.004026,0.078755,-13.273505,-0.0387373,-0.1331384,0.5733537
37.944254,-0.004516,0.079700,-13.267555,-0.0388639,-0.1329640,0.5725264
37.951340,-0.012347,0.109578,-13.164249,-0.0389680,-0.1328173,0.5721220
37.965206,-0.012542,0.101324,-12.881245,-0.0720022,-0.1243151,0.5399444
37.972085,-0.005432,0.062704,-12.741926,-0.1075826,-0.1145999,0.4973211
37.979240,-0.018822,0.113156,-12.427999,-0.1369284,-0.1064487,0.4513746
37.986027,-0.007562,0.059114,-12.455410,-0.1566841,-0.1010793,0.4065246
37.992992,-0.013666,0.083256,-12.316741,-0.1666408,-0.0986360,0.3664733
38.006798,0.019980,-0.077589,-11.021256,-0.1589083,-0.0827914,0.3577731
38.013851,-0.021768,0.103639,-9.899037,-0.1459614,-0.0646713,0.4026482
38.020776,-0.019673,0.088518,-9.274525,-0.1339755,-0.0487746,0.4600044
38.027743,-0.022187,0.095630,-8.879848,-0.1253109,-0.0375701,0.5219855
38.041649,-0.021817,0.088810,-8.519315,-0.1191053,-0.0294425,0.6355061
38.048693,-0.026850,0.108655,-8.240956,-0.1047699,-0.0280560,0.6799339
38.055992,-0.033834,0.136313,-8.211933,-0.0833856,-0.0282724,0.7301798
38.069939,-0.019018,0.074154,-8.133052,-0.0469845,-0.0317930,0.8071355
38.076881,-0.025412,0.098010,-8.263288,-0.0378314,-0.0339158,0.8286974
38.083939,-0.030399,0.115218,-8.403732,-0.0338547,-0.0356600,0.8399959
38.090840,-0.025111,0.092844,-8.498582,-0.0336888,-0.0367816,0.8422832
38.097848,-0.029428,0.106428,-8.654191,-0.0358152,-0.0372302,0.8372921
38.111691,-0.029546,0.101255,-8.921379,-0.0418908,-0.0366793,0.8137732
38.118632,-0.030455,0.101747,-9.051656,-0.0443057,-0.0360807,0.7991869
38.125529,-0.029707,0.096484,-9.170365,-0.0458982,-0.0354894,0.7849171
38.132558,-0.035057,0.112493,-9.293921,-0.0466953,-0.0350031,0.7721726
38.146714,-0.025149,0.074053,-9.638724,-0.0480550,-0.0342176,0.7608191
38.153664,-0.034666,0.103300,-9.822923,-0.0491806,-0.0338559,0.7643678
38.160572,-0.033861,0.098101,-9.965804,-0.0501132,-0.0335672,0.7710808
38.167540,-0.036975,0.105638,-10.074101,-0.0507428,-0.0333514,0.7796601
38.174521,-0.038318,0.107099,-10.191948,-0.0476738,-0.0311916,0.7889374
38.188420,-0.040203,0.107154,-10.344611,-0.0400696,-0.0265519,0.8058815
38.195464,-0.043723,0.115031,-10.385719,-0.0372492,-0.0249980,0.8123174
38.202283,-0.036312,0.089810,-10.423922,-0.0354995,-0.0241195,0.8169844
38.209220,-0.041843,0.103662,-10.417624,-0.0347257,-0.0238064,0.8198529
38.223069,-0.041046,0.095977,-10.431019,-0.0350613,-0.0241415,0.8208532
38.230081,-0.047599,0.111968,-10.419782,-0.0356201,-0.0244518,0.8195648
38.237025,-0.045229,0.102482,-10.429845,-0.0361675,-0.0247109,0.8175372
38.243976,-0.046995,0.104609,-10.429630,-0.0365916,-0.0248706,0.8151217
38.251049,-0.052943,0.118012,-10.419286,-0.0368547,-0.0249252,0.8126184
38.266063,-0.089996,0.210299,-10.339458,-0.0369600,-0.0248055,0.8082360
38.272599,0.002315,-0.035068,-10.541004,-0.0342754,-0.0232639,0.8065212
38.279585,-0.054041,0.108743,-10.389585,-0.0317387,-0.0218377,0.8054842
38.286583,-0.054809,0.107801,-10.367045,-0.0294840,-0.0205939,0.8049214
38.300422,-0.055547,0.103952,-10.342919,-0.0269301,-0.0192326,0.8049846
38.307376,-0.057332,0.105534,-10.334639,-0.0265823,-0.0190629,0.8054364
38.314322,-0.058102,0.104578,-10.331227,-0.0266443,-0.0191049,0.8060427
38.321298,-0.060468,0.107425,-10.326929,-0.0269318,-0.0192516,0.8067155
38.328203,-0.058520,0.099984,-10.332113,-0.0272889,-0.0194176,0.8073800
38.342094,-0.061385,0.101249,-10.039355,-0.0238643,-0.0194194,0.8084723
38.349168,-0.068287,0.114236,-9.957020,-0.0220124,-0.0193641,0.8088397
38.356084,-0.061396,0.095835,-9.911042,-0.0205616,-0.0193105,0.8090748
38.363027,-0.066114,0.103675,-9.754702,-0.0189476,-0.0196659,0.8091841
38.376902,-0.058855,0.082387,-9.591885,-0.0168168,-0.0205367,0.8091056
38.383875,-0.071025,0.106008,-9.565785,-0.0163732,-0.0208604,0.8089662
38.390850,-0.072341,0.105939,-9.553912,-0.0162485,-0.0210576,0.8087938
38.397817,-0.075666,0.109956,-9.536726,0.0597912,0.0151001,0.8086110
38.404680,-0.074596,0.104368,-9.533215,0.1369516,0.0546709,0.8084365
38.418694,-0.077364,0.108668,-5.024696,0.4080699,0.1162764,0.8081610
38.425609,-0.080472,0.112199,-3.873335,0.4926176,0.1293144,0.8080751
38.432637,-0.086958,0.122602,-3.224958,0.5424634,0.1328014,0.8080240
38.439552,-0.081075,0.106732,-2.678747,0.5634487,0.1298945,0.8080055
38.446831,-0.102934,0.150643,-2.865739,0.5640147,0.1237589,0.8080137
38.460678,-0.085038,0.105496,-2.584052,0.5352726,0.1105643,0.8080859
38.467742,-0.092812,0.119658,-2.868048,0.5188723,0.1063538,0.8081345
38.474656,-0.084978,0.099173,-2.955190,0.5055355,0.1040808,0.8081838
38.481616,-0.092190,0.112187,-3.294494,0.4965016,0.1034779,0.8082290
38.495558,-0.091087,0.103622,-3.765499,0.4902322,0.1053344,0.8082958
38.502626,-0.105669,0.133291,-4.170689,0.4913788,0.1068466,0.8083150
38.509580,-0.091851,0.099233,-4.246096,0.4941203,0.1083186,0.8083251
38.516690,-0.109113,0.138023,-4.573553,0.5746734,0.0987615,0.8083267
38.530526,-0.101930,0.121981,-4.796386,0.7130961,0.0717380,0.8083125
38.537496,-0.105341,0.129535,-4.963100,0.7612498,0.0593441,0.8083003
38.544391,-0.100049,0.115718,-5.047679,0.7924095,0.0495117,0.8082867
38.551415,-0.113694,0.146581,-5.273942,0.8084038,0.0427133,0.8082739
38.558318,-0.105339,0.123406,-5.319694,0.8128657,0.0387976,0.8082624
38.572214,-0.108782,0.124629,-5.537885,0.8026334,0.0376053,0.8082461
38.579187,-0.115705,0.138355,-5.666443,0.7943671,0.0390453,0.8082423
38.586213,-0.123274,0.153915,-5.787132,0.7869078,0.0410269,0.8082403
38.593105,-0.108450,0.110559,-5.763710,0.7812546,0.0431110,0.8082405
38.607134,-0.112650,0.119839,-6.722942,0.8061302,0.0314907,0.7578987
38.614143,-0.129035,0.161835,-6.907345,0.8197603,0.0252258,0.7281493
38.621178,-0.131734,0.167170,-7.012874,0.8316471,0.0203561,0.6995348
38.627934,-0.106737,0.091450,-7.159639,0.6948808,-0.0076305,0.6966051
38.634996,-0.137847,0.172761,-7.457564,0.5463040,-0.0395998,0.7043177
38.648887,-8.142512,8.968017,-23.037975,-2.4970579,-2.8815067,0.4186102
38.655842,-4.730637,5.266341,-21.161060,-2.3772173,-2.6996288,0.3780812
38.662838,-4.512143,5.095759,-23.744900,-1.9927838,-2.2840850,0.3465554
38.669790,-4.874877,5.553854,-27.122099,-1.4847482,-1.7785904,0.3215581
38.683745,-3.683671,9.312173,-28.558426,-0.6555196,-0.1946466,0.3707878
38.690741,-3.880620,4.209646,-23.323559,-0.0375830,-0.0359122,0.3912571
38.697653,-3.553728,2.865238,-20.412815,0.3861384,0.1309269,0.4592133
38.704536,-3.087410,1.458995,-17.522228,0.6420865,0.2862386,0.5640851
38.718538,-1.647746,0.252914,-10.237228,0.7606529,0.3573315,0.7920822
38.725487,-0.913703,0.166258,-8.025866,0.7209764,0.2829783,0.8853028
38.732552,-0.284219,0.330889,-6.659319,0.6534370,0.1624199,0.9536154
38.739567,-0.661090,0.723335,-4.355593,0.4767243,0.0307834,0.9855555
38.746693,-1.041946,1.157219,-3.274820,0.2549773,-0.1143433,0.9839807
38.760652,-1.993734,2.116541,-3.105335,-0.1837977,-0.3953764,0.9068033
38.767680,-2.079005,2.263127,-6.112322,-0.3018015,-0.4609832,0.8518721
38.774559,-2.293644,2.457391,-8.250166,-0.3472202,-0.4754578,0.7943125
38.781516,-2.403737,2.588288,-10.024335,-0.3346309,-0.4504861,0.7399735
38.795454,-2.533544,2.718360,-12.358671,-0.1950440,-0.3116980,0.6254736
38.802371,-2.495386,2.679619,-12.969481,-0.0927239,-0.2170253,0.5758818
38.809526,-2.320140,2.542661,-13.151475,0.0171358,-0.1182824,0.5478883
38.816523,-2.265225,2.424913,-13.340485,0.1283207,-0.0188842,0.5424159
38.823480,-2.016827,2.189619,-13.069296,0.2277615,0.0709662,0.5574786
38.837435,-1.590439,1.689491,-12.159279,0.3794306,0.2024992,0.6697652
38.844420,-1.299320,1.417649,-11.564538,0.4272004,0.2485420,0.7278571
38.851382,-1.059874,1.155219,-11.065421,0.4592698,0.2823599,0.7813795
38.858251,-0.852428,0.902330,-10.634872,0.4770707,0.3038862,0.8269238
38.865265,-0.642444,0.700917,-10.227251,0.4840109,0.3152130,0.8624435
38.879100,-0.342648,0.359105,-9.661230,0.4733819,0.3119600,0.9005351
38.886172,-0.237221,0.265133,-9.475714,0.4601150,0.3009257,0.9041836
38.892949,-0.153681,0.110844,-9.332432,0.4438428,0.2859139,0.8994883
38.900172,-0.114308,0.160052,-9.268332,0.4259177,0.2685178,0.8884248
38.914063,-0.588720,0.610545,-8.035890,0.3648597,0.1947856,0.8447120
38.921041,-0.947592,1.002455,-7.168256,0.2986418,0.1223935,0.8115038
38.927994,-1.329090,1.392075,-6.755612,0.2219130,0.0431666,0.7754554
38.935324,-1.630465,1.787271,-6.894934,0.1457342,-0.0322368,0.7397465
38.941846,-2.154368,2.165959,-6.828496,0.0777657,-0.0970967,0.7065541
38.955825,-2.075678,2.142152,-6.912621,-0.0869546,-0.1785380,0.6677278
38.962730,-2.072271,2.131469,-7.003240,-0.1926072,-0.2109775,0.6655291
38.969745,-1.893763,1.963201,-9.646274,-0.2118074,-0.1870752,0.6734050
38.976655,-1.788447,1.827456,-10.984597,-0.1851293,-0.1371225,0.6885797
38.990677,-1.643595,1.668302,-11.368901,-0.0928128,-0.0433491,0.7282322
38.997565,-1.722002,1.747268,-11.043174,-0.0273738,-0.0287402,0.7460309
39.004524,-1.721489,1.757934,-10.570170,0.0272699,-0.0286291,0.7609028
39.011473,-1.789445,1.825699,-9.755657,0.0574824,-0.0476015,0.7710827
39.018826,-1.779475,1.886819,-9.238674,0.0675626,-0.0755065,0.7765239
39.032886,-1.947729,2.020360,-8.769729,0.0471160,-0.1343746,0.7744004
39.039764,-2.140018,2.108479,-8.684389,0.0270446,-0.1573499,0.7681702
39.046725,-2.151090,2.170646,-8.803900,0.0069561,-0.1738065,0.7601051
39.053740,-2.211896,2.236579,-8.949422,-0.0105966,-0.1842555,0.7510176
39.067602,-2.352524,2.355357,-9.307889,-0.0299494,-0.1876694,0.7334125
39.074491,-2.418661,2.402938,-9.494263,-0.0306605,-0.1821870,0.7263497
39.081452,-2.429313,2.424495,-9.667573,-0.0253564,-0.1726111,0.7211186
39.088433,-2.444271,2.439851,-9.820116,-0.0154129,-0.1602682,0.7178955
39.095426,-2.406443,2.398371,-9.750235,-0.0033177,-0.1534998,0.7174820
39.109251,-2.380797,2.351289,-9.736085,0.0214822,-0.1453383,0.7223703
39.116265,-2.493677,2.489026,-10.002892,0.0713706,-0.1599931,0.7237414
39.123206,-2.553330,2.533632,-10.101251,0.1213252,-0.1706686,0.7248934
39.130382,-2.495063,2.528027,-10.154917,0.1700650,-0.1754274,0.7258140
39.144294,-2.565632,2.548927,-10.240813,0.2519533,-0.1638784,0.7273411
39.151293,-2.483685,2.505874,-10.214739,0.2816719,-0.1493929,0.7281591
39.158154,-2.479268,2.480031,-10.192269,0.3056319,-0.1311652,0.7291806
39.165201,-2.376200,2.422256,-10.129747,0.3244700,-0.1115033,0.7304292
39.172043,-2.377853,2.387980,-10.082670,0.3396138,-0.0918019,0.7319449
39.186006,-2.214380,2.278981,-9.933231,0.3615652,-0.0579662,0.7355523
39.192855,-2.211480,2.239607,-9.870476,0.3699380,-0.0448775,0.7375139
39.199902,-2.111286,2.189635,-9.794675,0.3769411,-0.0347500,0.7394252
39.206851,-2.035604,2.094009,-9.559095,0.3684016,-0.0243614,0.7422264
39.220958,-1.988995,1.997104,-9.309833,0.3426358,-0.0170305,0.7474011
39.227895,-1.909692,1.975706,-9.258399,0.3291445,-0.0192448,0.7491239
39.234964,-1.868899,1.966603,-9.232286,0.3168386,-0.0243493,0.7500443
39.241869,-1.909097,1.959937,-9.211696,0.3062074,-0.0314574,0.7500951
39.255775,-1.910731,1.984860,-9.249149,0.2909368,-0.0474201,0.7477726
39.262674,-1.913239,2.005599,-9.283004,0.2860028,-0.0547822,0.7456735
39.269654,-1.913765,2.031994,-9.324903,0.2823894,-0.0612365,0.7431696
39.276541,-1.949528,2.053782,-9.360915,0.2802626,-0.0661590,0.7404919
39.290514,-1.677377,1.752848,-8.694145,0.2086262,-0.0820104,0.7450609
39.297477,-1.598718,1.711996,-8.583209,0.1622195,-0.0938770,0.7487901
39.304647,-1.552476,1.711565,-8.556672,0.1160969,-0.1095769,0.7522012
39.311398,-1.688224,1.752934,-8.623920,0.1041255,-0.1483823,0.7534741
39.318402,-1.695190,1.839907,-8.778015,0.1018280,-0.1894801,0.7528886
39.332276,-1.884698,2.052722,-9.211473,0.1346649,-0.2708158,0.7454607
39.339186,-1.961939,2.143328,-9.417434,0.1659811,-0.3032715,0.7390602
39.346196,-1.999228,2.223711,-9.584518,0.1967011,-0.3247344,0.7320155
39.353343,-2.013924,2.288865,-9.706441,0.2234667,-0.3354243,0.7249627
39.367033,-2.100203,2.374888,-9.833561,0.2621174,-0.3306429,0.7130398
39.374018,-2.088816,2.395407,-9.852443,0.2752016,-0.3195743,0.7089317
39.380903,-2.107153,2.407763,-9.861603,0.2853307,-0.3058781,0.7062908
39.387897,-2.063000,2.408607,-9.841121,0.2935461,-0.2914183,0.7051321
39.401794,-2.018120,2.395342,-9.780426,0.3064023,-0.2659293,0.7065511
39.408759,-1.995228,2.383144,-9.739913,0.3115230,-0.2547818,0.7053753
39.415782,-2.060458,2.492239,-9.885822,0.3330125,-0.2491629,0.7058882
39.422796,-2.061282,2.521934,-9.910746,0.3542149,-0.2413805,0.7028299
39.429694,-2.090843,2.540398,-9.922734,0.3764948,-0.2347359,0.7034376
39.443596,-2.027790,2.543292,-9.861731,0.4145113,-0.2185952,0.7022723
39.450576,-1.993439,2.538556,-9.817240,0.4285716,-0.2100547,0.7007760
39.457502,-1.969116,2.521044,-9.760683,0.4406638,-0.2031021,0.7029915
39.464497,-1.924606,2.511154,-9.704503,0.4490260,-0.1958417,0.7023845
39.478316,-1.887599,2.481955,-9.596017,0.4596536,-0.1862709,0.7047327
39.485423,-1.809457,2.475899,-9.536390,0.4627070,-0.1841938,0.7072166
39.492314,-1.841921,2.461684,-9.497194,0.4638934,-0.1821454,0.7065765
39.499496,-1.750078,2.473828,-9.453730,0.4646555,-0.1828496,0.7083182
39.513360,-1.638762,2.278308,-9.060901,0.4225921,-0.1708224,0.7116985
39.520410,-1.548594,2.225019,-8.887110,0.3712247,-0.1593980,0.7148691
39.527324,-1.530438,2.172693,-8.756454,0.3181900,-0.1541739,0.7201867
39.534358,-1.498458,2.184179,-8.713964,0.2687966,-0.1545071,0.7219613
39.541384,-0.994063,1.440123,-7.810221,0.1509854,-0.1611563,0.7413856
39.555708,-0.724525,1.249770,-7.487023,-0.0684106,-0.2210768,0.7762522
39.562493,-0.758749,1.139772,-7.394621,-0.1638703,-0.2675054,0.7868369
39.569432,-0.515321,1.476423,-7.451736,-0.2188170,-0.3428765,0.7894974
39.576419,-0.848050,1.381183,-7.655639,-0.2922051,-0.3900811,0.7869617
39.590340,-1.109778,1.635591,-8.027474,-0.3863335,-0.4888915,0.7643825
39.597299,-1.006650,1.976647,-8.192161,-0.4089693,-0.5381994,0.7475923
39.604229,-1.321424,1.980576,-8.465300,-0.4444524,-0.5599793,0.7288790
39.611521,-1.233133,2.260745,-8.677369,-0.4553900,-0.5895781,0.7111486
39.618520,-1.539723,2.274107,-8.873274,-0.4740826,-0.5999632,0.6924483
39.632337,-1.700052,2.646155,-9.483087,-0.4299098,-0.6348450,0.6622848
39.639322,-1.739048,2.748622,-9.656467,-0.3978841,-0.6440688,0.6534551
39.646326,-1.771546,2.834043,-9.802423,-0.3669800,-0.6455666,0.6447223
39.653435,-2.098001,3.443334,-11.396765,-0.2420965,-0.6336524,0.6317394
39.660175,-2.308697,3.738435,-11.787096,-0.1167047,-0.6072266,0.6158707
39.674178,-2.253037,3.878617,-11.824755,0.1114183,-0.5199292,0.5967104
39.681059,-2.220907,3.859953,-11.737730,0.2014378,-0.4643269,0.5966889
39.688042,-2.106109,3.755538,-11.509384,0.2726512,-0.4041325,0.5988569
39.701890,-1.994770,3.689699,-10.999262,0.3778148,-0.3008963,0.6169595
39.708836,-1.913510,3.598402,-10.381146,0.3989489,-0.2598350,0.6290463
39.715821,-1.846809,3.541085,-9.953755,0.4053941,-0.2291673,0.6381984
39.722742,-1.801218,3.482449,-9.622063,0.4032156,-0.2086914,0.6497667
39.736745,-1.700842,3.387038,-9.212958,0.3862926,-0.1906098,0.6656085
39.743819,-1.647370,3.362558,-9.121562,0.3763250,-0.1908071,0.6689246
39.750816,-1.630748,3.347084,-9.052320,0.3692716,-0.1945931,0.6724342
39.757829,-1.593544,3.352162,-9.050606,0.3629973,-0.2010048,0.6708544
39.764783,-1.591001,3.352231,-9.033975,0.3613035,-0.2067862,0.6699303
39.778794,-1.441147,3.410676,-9.093254,0.3657661,-0.2232285,0.6586543
39.785814,-1.532563,3.424477,-9.162986,0.3660619,-0.2257410,0.6516718
39.793053,-1.443568,3.429500,-9.223838,0.3676113,-0.2267847,0.6427055
39.799963,-1.347631,3.564853,-9.181520,0.3849740,-0.2358549,0.6333645
39.813893,-1.408766,3.516707,-9.315444,0.3899224,-0.2260406,0.6215264
39.820887,-1.070528,3.646948,-9.252535,0.4110992,-0.2369283,0.6116301
39.827822,-1.195177,3.607258,-9.310853,0.4173071,-0.2328844,0.6066568
39.834874,-1.177026,3.595299,-9.330336,0.4201127,-0.2250259,0.6030112
39.841865,-0.895081,3.713966,-9.251128,0.4389150,-0.2323394,0.5947605
39.855808,-1.011615,3.674984,-9.291223,0.4435364,-0.2186215,0.5897872
39.862707,-0.704426,3.748401,-9.206682,0.4579704,-0.2242905,0.5828659
39.870212,-0.737974,3.667197,-9.235330,0.4593549,-0.2187926,0.5808876
39.876902,-0.852539,3.729450,-9.220089,0.4579570,-0.2105522,0.5801514
39.890761,-0.478026,3.609766,-8.921733,0.4443204,-0.2073720,0.5733315
39.897717,-0.385988,3.554008,-8.807980,0.4150400,-0.2002153,0.5732111
39.905011,-0.121948,3.583591,-8.695762,0.3943180,-0.2065901,0.5672292
39.911779,-0.218436,3.561263,-8.645675,0.3645032,-0.2058233,0.5662768
39.925599,-0.099013,3.649146,-8.637575,0.3183594,-0.2164484,0.5625997
39.932758,-0.247625,3.640572,-8.724252,0.2967586,-0.2188570,0.5628768
39.939475,-0.358425,3.683786,-8.757788,0.2765652,-0.2193201,0.5644924
39.946376,-0.223654,3.782918,-8.775010,0.2713459,-0.2302964,0.5606771
39.960388,0.470103,2.190071,-7.631941,-0.0095553,-0.1978966,0.6107621
39.967380,0.402558,1.945074,-7.460133,-0.1768849,-0.1871749,0.6493207
39.974422,0.374232,1.855757,-7.374348,-0.3280979,-0.1964840,0.6857534
39.981341,0.383463,1.861225,-7.312069,-0.4492044,-0.2281607,0.7129416
39.988330,0.404478,2.002635,-7.344686,-0.5366711,-0.2791567,0.7251765
40.002164,0.543863,2.860904,-7.632965,-0.6298323,-0.3912040,0.7082261
40.009102,0.930436,5.271564,-8.888168,-0.7110193,-0.2788006,0.6856121
40.016135,0.750741,5.179821,-8.880586,-0.7415539,-0.2324021,0.6713300
40.022991,0.599248,5.079023,-8.817230,-0.7374691,-0.2216107,0.6687060
40.036912,0.323970,5.159250,-8.956000,-0.7047149,-0.2272228,0.6896182
40.043815,0.178175,5.193921,-8.972650,-0.6860443,-0.2286316,0.7171915
40.050829,0.023736,4.849712,-8.842322,-0.6679337,-0.2431088,0.7469380
40.057737,-0.112237,4.992258,-8.916306,-0.6597265,-0.2476351,0.7832229
40.071671,-0.721982,3.905977,-8.759834,-0.6887272,-0.2480223,0.8429660
40.078796,-0.608241,3.798783,-8.638478,-0.6886768,-0.2665350,0.8588068
40.085771,-0.907027,3.749137,-8.802003,-0.7198298,-0.2553215,0.8681684
40.092596,-1.010829,3.440022,-8.737016,-0.7420837,-0.2539563,0.8672615
40.099582,-1.332636,3.455970,-9.179490,-0.7427536,-0.2461489,0.8542924
40.113489,-1.344828,3.622145,-9.390802,-0.6987317,-0.2400905,0.8199530
40.121324,-1.445049,3.430164,-9.661883,-0.6878901,-0.2301642,0.8033506
40.127342,-1.843771,3.320952,-9.559362,-0.6620358,-0.2170649,0.7866885
40.134821,-1.576246,3.132171,-9.670998,-0.6447992,-0.2143850,0.7701429
40.141186,-1.765761,3.115179,-9.598690,-0.6206501,-0.2035147,0.7587758
40.155138,-1.894842,3.177869,-10.058454,-0.5568011,-0.1912150,0.7378753
40.162126,-2.063809,3.198877,-10.304643,-0.5009385,-0.1903859,0.7233351
40.169350,-1.774262,3.501049,-10.324724,-0.4231027,-0.1893480,0.7196144
40.176225,-2.068781,3.497723,-10.512050,-0.3604588,-0.1823428,0.7165735
40.190418,-1.090020,2.973936,-10.193308,-0.2478183,-0.1564784,0.6326931
40.197387,-1.013410,2.989552,-10.155413,-0.2060491,-0.1396494,0.5760363
40.204428,-0.809045,2.734597,-9.904439,-0.1742945,-0.1305012,0.5333287
40.211678,-0.631418,2.693595,-9.844159,-0.1532487,-0.1198403,0.4972966
40.219127,-0.490401,2.558970,-9.744277,-0.1382234,-0.1123998,0.4690821
40.232591,-0.230870,2.345854,-9.576132,-0.1291206,-0.1048212,0.4391944
40.239458,-0.135242,2.254443,-9.535037,-0.1310071,-0.1026463,0.4327441
40.246361,-0.054456,2.170928,-9.508923,-0.1351714,-0.1017508,0.4307910
40.253427,0.036640,2.082033,-9.448852,-0.1419069,-0.1007181,0.4336977
40.260345,0.039657,2.094828,-9.400460,-0.1536321,-0.1008856,0.4370709
40.274477,0.038299,2.075786,-9.386043,-0.1785221,-0.1020851,0.4435813
40.281396,0.049448,2.028930,-9.356550,-0.1893771,-0.1019042,0.4473720
40.288312,0.024048,2.049855,-9.427045,-0.2000626,-0.1021020,0.4499449
40.295198,-0.000884,2.032309,-9.480171,-0.2069664,-0.1026946,0.4511613
40.309211,-0.000791,1.987813,-9.539630,-0.2116675,-0.1004282,0.4514132
40.316165,-0.035514,1.987671,-9.612532,-0.2122488,-0.1004583,0.4510239
40.323049,-0.046991,1.969383,-9.661159,-0.2095570,-0.1003738,0.4496804
40.329995,-0.054229,1.953137,-9.703296,-0.2045490,-0.1000550,0.4477998
40.343884,-0.040072,1.903100,-9.726403,-0.1936494,-0.0976418,0.4467491
40.350967,-0.033457,1.884258,-9.748682,-0.1869207,-0.0974834,0.4461489
40.357813,-0.027495,1.864611,-9.776146,-0.1792936,-0.0969516,0.4457050
40.364782,0.006862,1.811864,-9.721881,-0.1719389,-0.0959149,0.4471979
40.378755,0.010263,1.794401,-9.752295,-0.1609264,-0.0962082,0.4510256
40.385736,0.407089,1.584592,-8.900890,-0.2036802,-0.1047579,0.4774301
40.392641,0.552839,1.626079,-8.684253,-0.2612854,-0.1037223,0.5071272
40.399564,0.547022,1.603367,-8.551744,-0.3289489,-0.1082198,0.5392397
40.413467,0.478936,1.605737,-8.481105,-0.4627286,-0.1129821,0.5959924
40.420484,0.337095,1.661864,-8.607637,-0.5262632,-0.1166176,0.6168746
40.427383,0.220061,1.696181,-8.711645,-0.5813106,-0.1193779,0.6303113
40.434525,0.146912,1.679903,-8.806329,-0.6214826,-0.1109944,0.6372798
40.441275,-0.029947,1.764373,-8.996690,-0.6623400,-0.1135641,0.6374230
40.455257,-0.569687,2.032721,-9.487094,-0.6709051,-0.0927505,0.5773028
40.462088,-0.784757,2.164983,-9.714474,-0.6686034,-0.0898544,0.5356095
40.469044,-0.839598,2.146857,-9.810259,-0.6565163,-0.0835606,0.4892552
40.476106,-0.792411,2.067260,-9.798356,-0.6362402,-0.0679002,0.4424772
40.490189,-0.763647,1.954137,-9.909891,-0.6074153,-0.0572718,0.3534018
40.497064,-0.695256,1.863142,-9.861856,-0.5891622,-0.0448323,0.3139076
40.504214,-0.595529,1.721946,-9.874802,-0.5793995,-0.0423931,0.2815117
40.511092,-0.709824,1.567939,-10.892251,-0.5141224,-0.0332741,0.2396230
40.518180,-0.686126,1.342488,-11.315273,-0.4211793,-0.0264093,0.1991769
40.532123,-0.629910,1.062556,-11.858983,-0.1951626,-0.0165662,0.1274659
40.539066,-0.506283,0.907102,-11.794172,-0.0825730,-0.0168876,0.1045740
40.546016,-0.251054,0.769503,-11.653276,0.0218926,-0.0159634,0.0956728
40.553116,0.051988,0.596185,-11.377885,0.1127737,-0.0182619,0.1020752
40.566821,0.537585,0.441361,-10.830715,0.2459913,-0.0284410,0.1643766
40.574198,0.692548,0.554925,-10.546905,0.2862096,-0.0324236,0.2206662
40.580961,0.621075,0.411606,-10.336880,0.3088001,-0.0375964,0.3049098
40.587936,0.390664,0.316195,-10.026776,0.3141928,-0.0504383,0.4049282
40.601878,0.003105,0.016639,-10.241195,0.2583415,-0.0449469,0.5686766
40.608871,0.002945,0.016047,-10.558464,0.1791938,-0.0415724,0.5917445
40.615782,0.002954,-0.009502,-10.864680,0.0960084,-0.0382131,0.5804946
40.622863,0.002376,0.026109,-11.077926,0.0264137,-0.0349139,0.5439035
40.629751,0.002758,-0.022751,-11.351479,-0.0234104,-0.0326297,0.4901682
40.643748,0.002835,-0.019515,-11.689679,-0.0633754,-0.0329540,0.3656218
40.650738,0.002661,0.002304,-11.782014,-0.0636581,-0.0346345,0.3082999
40.657682,0.002922,-0.004139,-11.895841,-0.0586714,-0.0363483,0.2600912
40.664692,0.003031,-0.000735,-11.975668,-0.0528482,-0.0376378,0.2230659
40.678621,0.003258,-0.009181,-12.122511,-0.0486164,-0.0385800,0.1856920
40.685650,0.003032,0.008776,-12.138065,-0.0513395,-0.0385317,0.1834072
40.692599,0.003205,-0.006481,-12.209564,-0.0565311,-0.0383704,0.1894292
40.699816,0.002727,0.037324,-12.156385,-0.0632157,-0.0381944,0.2014353
40.706626,0.003592,-0.044350,-12.349483,-0.0705151,-0.0380396,0.2171587
40.720758,0.002910,0.018458,-12.259523,-0.0841086,-0.0377899,0.2508107
40.727622,0.003355,-0.028304,-12.369987,-0.0898567,-0.0376786,0.2654576
40.735223,0.002183,0.096851,-12.113988,-0.0948917,-0.0375757,0.2772658
40.741679,0.003992,-0.102134,-12.544444,-0.0993957,-0.0374858,0.2858407
40.755589,0.002113,-0.019898,-13.444085,-0.3515118,-0.0245786,0.2436061
40.762522,0.001813,-0.066305,-13.962598,-0.4473071,-0.0170963,0.2061017
40.769502,0.001118,-0.041973,-14.178043,-0.5045419,-0.0126648,0.1661171
40.776426,0.001101,-0.055305,-14.487456,-0.5286416,-0.0114697,0.1271705
40.790397,0.001485,-0.054835,-14.900699,-0.5154562,-0.0149447,0.0645406
40.797347,0.001010,-0.053680,-15.591023,-0.4852894,-0.0100154,0.0168838
40.804272,0.000266,-0.049850,-16.087498,-0.4603372,-0.0034086,-0.0354912
40.811259,-0.000474,-0.045478,-16.487986,-0.4441143,0.0027937,-0.0873631
40.818304,-0.001054,-0.036548,-16.770954,-0.4378888,0.0071665,-0.1338455
40.832262,-0.001347,-0.037185,-17.278278,-0.4465140,0.0093615,-0.2001279
40.839213,-0.001097,-0.063824,-17.698709,-0.4554299,0.0080949,-0.2181089
40.846118,-0.000925,-0.054680,-17.773367,-0.4637125,0.0063571,-0.2261714
40.853163,-0.000790,-0.040071,-17.744501,-0.4704370,0.0047544,-0.2260144
40.866996,0.001073,-0.035622,-17.782736,-0.3276731,-0.0097321,-0.2299992
40.873962,0.001701,-0.025091,-17.701290,-0.2776474,-0.0149000,-0.2308479
40.880926,0.002028,-0.021118,-17.663809,-0.2512116,-0.0175253,-0.2310300
40.887893,0.002097,-0.021140,-17.645817,-0.2451992,-0.0180398,-0.2306736
40.894812,0.001972,-0.024117,-17.649004,-0.2526550,-0.0172577,-0.2299311
40.908774,0.001746,-0.026324,-15.976184,-0.2787878,-0.0174878,-0.2737113
40.915710,0.001745,-0.022262,-15.114886,-0.2892933,-0.0180439,-0.3009253
40.922696,0.001873,-0.016407,-14.493200,-0.2962219,-0.0187322,-0.3275095
40.929632,0.001779,-0.019583,-14.137655,-0.2999567,-0.0194216,-0.3512644
40.943458,0.001736,-0.020099,-13.759137,-0.3017736,-0.0204142,-0.3849565
40.950451,0.002054,-0.014012,-13.644019,-0.3017687,-0.0206507,-0.3939392
40.957516,0.002092,-0.007734,-12.818483,-0.3018062,-0.0187930,-0.3964750
40.964453,0.001066,-0.017942,-12.386699,-0.3021900,-0.0165070,-0.3942567
40.978547,0.000941,-0.013938,-11.881124,-0.3043447,-0.0131430,-0.3805095
40.985667,0.001479,-0.007631,-11.778704,-0.3059297,-0.0124193,-0.3714863
40.992431,-0.000268,-0.022349,-11.872592,-0.3076344,-0.0122042,-0.3625629
40.999394,0.001063,-0.011125,-11.857645,-0.3093409,-0.0122946,-0.3545080
41.006298,0.000755,-0.013517,-11.960176,-0.3109787,-0.0125135,-0.3478253
41.020254,0.001522,-0.009467,-12.143853,-0.3139264,-0.0128914,-0.3395521
41.028311,0.007481,0.018564,-11.944652,-0.3152422,-0.0129650,-0.3379574
41.034057,-0.008838,-0.053752,-12.947577,-0.3164793,-0.0129684,-0.3378073
41.041019,0.001229,-0.011713,-12.513290,-0.3176592,-0.0129294,-0.3388007
41.054983,0.001282,-0.011833,-12.719301,-0.3199121,-0.0128324,-0.3428670
41.061918,0.001065,-0.012409,-12.823811,-0.3210016,-0.0128085,-0.3452978
41.068874,0.001065,-0.012484,-12.907996,-0.3220745,-0.0128083,-0.3476462
41.075872,0.001570,-0.011724,-12.953651,-0.3231181,-0.0128272,-0.3497061
41.089808,0.002210,-0.011780,-13.042509,-0.3251284,-0.0128936,-0.3525555
41.096739,0.000500,-0.012414,-13.195184,-0.3261018,-0.0129254,-0.3532793
41.103664,0.001142,-0.008038,-12.736279,-0.2948748,-0.0160381,-0.3508027
41.110604,0.001647,-0.004609,-12.443645,-0.2641597,-0.0193477,-0.3470778
41.117875,0.004340,-0.004669,-12.156041,-0.2392354,-0.0219910,-0.3426803
41.131497,0.001839,0.000867,-12.083684,-0.2167852,-0.0241802,-0.3340133
41.138462,0.002240,0.000383,-12.043001,-0.2167344,-0.0240704,-0.3304623
41.145547,0.003217,-0.001845,-12.008780,-0.2207429,-0.0235715,-0.3277116
41.152449,0.001260,0.001572,-12.092221,-0.2263803,-0.0229643,-0.3258347
41.166365,0.002245,-0.001369,-12.125128,-0.2361079,-0.0221018,-0.3245628
41.173360,0.001935,-0.000838,-12.177237,-0.2388781,-0.0219514,-0.3249305
41.180252,0.002220,0.007310,-11.226322,-0.1797749,-0.0349217,-0.3732661
41.187273,0.004603,0.009208,-10.574825,-0.1098482,-0.0504534,-0.4340426
41.201059,0.003776,0.022969,-9.888515,-0.0049734,-0.0709972,-0.5619327
41.208081,0.006012,0.018194,-9.728835,0.0184630,-0.0733187,-0.6169803
41.214995,0.004594,0.022153,-9.650843,0.0254966,-0.0719616,-0.6611841
41.221970,0.005178,0.019702,-9.636824,0.0215272,-0.0689197,-0.6929474
41.235983,0.007750,0.010934,-9.360940,-0.0502330,-0.0846834,-0.7683495
41.242970,0.005560,0.015318,-9.316740,-0.0839749,-0.0942418,-0.7954560
41.249855,0.005903,0.014043,-9.333950,-0.1077048,-0.1023755,-0.8136351
41.256884,0.008334,0.008693,-9.392447,-0.1213657,-0.1083748,-0.8235205
41.270700,0.006518,0.013197,-9.546426,-0.1252858,-0.1132625,-0.8224772
41.277636,0.007653,0.011113,-9.643405,-0.1209018,-0.1129894,-0.8145927
41.284645,0.009116,0.008348,-9.741545,-0.1154500,-0.1117646,-0.8039993
41.291555,0.006112,0.011535,-9.955769,-0.1296708,-0.0963359,-0.7934602
41.305473,0.005919,0.005076,-10.264978,-0.1615628,-0.0639636,-0.7745675
41.312320,0.001962,0.010944,-10.393343,-0.1729589,-0.0533240,-0.7675322
41.319289,0.004360,0.004474,-10.479338,-0.1797725,-0.0474939,-0.7625161
41.326202,0.003023,0.006941,-10.564939,-0.1825337,-0.0457163,-0.7595286
41.340228,0.004196,0.005046,-10.681699,-0.1806037,-0.0491741,-0.7588289
41.347176,0.002963,0.000951,-10.884920,-0.2316373,-0.0316467,-0.7660387
41.354168,0.002453,-0.005603,-11.016867,-0.2806673,-0.0107958,-0.7754605
41.361218,0.002326,-0.012206,-11.033381,-0.3214198,0.0075953,-0.7857709
41.368025,-0.005169,0.003675,-11.102843,-0.3490486,0.0205021,-0.7959110
41.382357,-0.002296,-0.007647,-11.098381,-0.3662247,0.0287976,-0.8124104
41.389229,-0.005259,0.004911,-11.134654,-0.3623641,0.0270447,-0.8177967
41.396206,-0.000382,-0.010789,-11.099086,-0.3555450,0.0238869,-0.8210839
41.403359,0.003223,-0.024541,-11.070856,-0.3484200,0.0205993,-0.8225059
41.417169,0.002360,-0.019974,-11.087289,-0.3389906,0.0163299,-0.8209209
41.424021,-0.002163,0.004161,-11.139091,-0.3374441,0.0156642,-0.8186798
41.430933,-0.000677,-0.003212,-11.124879,-0.3375345,0.0157275,-0.8159976
41.437875,-0.000072,-0.006661,-11.118936,-0.3386537,0.0162249,-0.8132075
41.444816,-0.000199,-0.005007,-11.109760,-0.3188878,0.0185932,-0.7959914
41.458767,-0.000498,-0.002678,-11.107398,-0.2827084,0.0250120,-0.7539999
41.465759,-0.000041,-0.007162,-11.098735,-0.2714128,0.0277322,-0.7338964
41.472822,-0.000036,-0.008589,-11.096917,-0.2655224,0.0297225,-0.7164729
41.479883,-0.000302,-0.006810,-11.100993,-0.2641600,0.0309402,-0.7028471
41.493805,-0.001148,0.004450,-11.121387,-0.2689198,0.0316156,-0.6882182
41.501048,0.001771,-0.038430,-11.056945,-0.2722360,0.0314395,-0.6867226
41.507684,-0.002909,0.039869,-11.176054,-0.2750819,0.0311299,-0.6882195
41.514655,-0.000246,-0.005963,-11.107629,-0.2771100,0.0307928,-0.6919205
41.528527,0.000930,0.011664,-10.939024,-0.1583455,0.0134927,-0.6019490
41.535459,0.001690,0.011415,-10.877869,-0.1007566,0.0064643,-0.5473797
41.542402,0.002153,0.012778,-10.836495,-0.0585253,0.0015542,-0.4945076
41.549330,0.002366,0.016282,-10.810980,-0.0338110,-0.0012985,-0.4477001
41.563219,0.002363,0.024640,-10.792815,-0.0259181,-0.0020179,-0.3823335
41.570247,0.003105,0.012100,-10.726314,0.1134979,-0.0069355,-0.3077899
41.577165,0.003255,0.038316,-10.725527,0.2398370,-0.0118655,-0.2121080
41.584236,0.004015,0.022832,-10.687364,0.3415980,-0.0181179,-0.1087933
41.591135,0.004212,0.056775,-10.694147,0.4091254,-0.0264169,-0.0079580
41.604997,0.005661,0.044153,-10.631173,0.4498651,-0.0440889,0.1523079
41.612058,0.005001,0.020533,-7.436118,0.4230508,-0.0445094,0.2495103
41.618965,0.003556,0.032096,-5.197733,0.3896872,-0.0419490,0.3394164
41.627903,0.011197,-0.151079,-5.119743,0.3585536,-0.0377146,0.4151222
41.639867,0.003455,0.001499,-2.439095,0.3186582,-0.0287757,0.5125558
41.646751,0.002059,0.019622,-1.984769,0.3109963,-0.0258028,0.5330582
41.653891,0.003909,-0.005285,-2.222123,0.3094537,-0.0242302,0.5373696
41.660672,0.000891,0.029957,-1.912095,0.3120113,-0.0238997,0.5285872
41.667633,0.002485,0.012474,-2.320758,0.3167664,-0.0244238,0.5103701
41.681740,0.003328,0.006980,-2.954591,0.3273474,-0.0262813,0.4600350
41.688778,0.001393,0.023727,-3.086481,0.3316951,-0.0269805,0.4335079
41.695577,0.000608,0.025484,-3.338125,0.2952297,-0.0122762,0.4589791
41.702713,0.003895,-0.000910,-3.925718,0.2545469,0.0044032,0.5011036
41.716689,0.002597,0.001061,-4.433919,0.1852482,0.0330294,0.6066380
41.723518,-0.001747,0.024957,-4.417181,0.1635937,0.0426513,0.6584516
41.730514,0.000828,0.007296,-4.831083,0.1514337,0.0486761,0.7028149
41.737442,-0.000112,0.011766,-4.988686,0.1468292,0.0516280,0.7378691
41.751393,0.000610,0.007064,-5.396050,0.1518229,0.0508801,0.7767716
41.758397,-0.000264,0.012490,-5.499837,0.1575374,0.0486339,0.7816206
41.765340,-0.000162,0.012415,-5.641826,0.1632500,0.0461190,0.7786399
41.772270,-0.000258,0.013390,-5.759704,0.1681700,0.0438067,0.7698447
41.779290,0.000242,0.010893,-5.899901,0.1718976,0.0419967,0.7571909
41.793358,-0.001777,0.021762,-5.985019,0.1755878,0.0403196,0.7280661
41.800375,0.000435,0.009185,-7.917799,0.1518330,0.0370240,0.7309841
41.807457,-0.000476,0.012914,-8.765146,0.1204449,0.0328756,0.7405467
41.814398,-0.000375,0.011342,-9.511036,0.0903899,0.0292916,0.7539591
41.828251,0.000311,0.005556,-10.702530,0.0499666,0.0260718,0.7847712
41.835135,-0.001186,0.011629,-11.200628,0.0421383,0.0264245,0.7990363
41.842114,-0.000666,0.004020,-11.853648,0.0171186,0.0331669,0.7439819
41.849050,-0.001938,0.003821,-12.439506,-0.0083013,0.0415522,0.6647708
41.862943,-0.003813,0.002883,-13.368578,-0.0420191,0.0540719,0.4816232
41.870067,-0.002184,-0.007990,-13.589361,-0.0476925,0.0563099,0.3967945
41.876989,-0.005027,0.006141,-14.049893,-0.0475935,0.0563496,0.3244452
41.883976,-0.003337,-0.002415,-14.165277,-0.0442434,0.0551904,0.2703306
41.890943,-0.003673,0.000374,-14.390438,-0.0397672,0.0536620,0.2342010
41.904809,-0.003628,0.001725,-14.699966,-0.0329579,0.0514170,0.2122906
41.911726,-0.003608,0.001966,-14.816723,-0.0315790,0.0509593,0.2212045
41.918843,-0.002535,-0.007282,-14.775184,-0.0313797,0.0508645,0.2389058
41.926217,-0.001660,-0.016829,-14.710960,-0.0319741,0.0510132,0.2620946
41.940153,-0.003180,-0.004142,-15.016707,-0.0340184,0.0516138,0.3132822
41.947029,-0.004122,0.004581,-15.158097,-0.0355151,0.0530527,0.3255945
41.955002,-0.000488,-0.045870,-14.412694,-0.0368566,0.0545553,0.3303614
41.960994,-0.008039,0.060129,-16.003872,-0.0378689,0.0557937,0.3287602
41.967968,-0.003985,-0.002076,-15.080487,-0.0384745,0.0565730,0.3224103
41.981817,-0.004202,0.001885,-15.138453,-0.0387989,0.0569521,0.3017590
41.988777,-0.004085,-0.000583,-15.099142,-0.0387392,0.0567934,0.2903325
41.995801,-0.002896,-0.007771,-14.481095,-0.0680229,0.0482595,0.2307798
42.002783,-0.001743,-0.007386,-13.510067,-0.0983856,0.0389182,0.1493613
42.016800,-0.000197,-0.005061,-12.323215,-0.1396386,0.0245485,-0.0341749
42.023771,0.000185,-0.010541,-11.955181,-0.1471884,0.0206630,-0.1157783
42.030640,0.000938,-0.007603,-11.321336,-0.1945132,0.0132912,-0.2065950
42.037795,0.001335,-0.027034,-10.836365,-0.2361679,0.0047560,-0.2880194
42.044631,0.002460,-0.004476,-10.608960,-0.2681702,-0.0036824,-0.3554924
42.058571,0.003095,-0.016070,-10.368821,-0.2948508,-0.0153348,-0.4358778
42.066305,0.002031,-0.068530,-10.311231,-0.2945673,-0.0177147,-0.4499406
42.072441,0.004967,0.054598,-10.509472,-0.2897164,-0.0181017,-0.4494177
42.079433,0.003127,-0.021052,-10.500220,-0.2834311,-0.0171488,-0.4376499
42.093312,0.003182,-0.009649,-10.733240,-0.2735780,-0.0138777,-0.3943147
42.100260,0.002913,-0.017467,-10.836682,-0.2713802,-0.0124616,-0.3692560
42.107333,0.002607,-0.027794,-10.932022,-0.2708576,-0.0114433,-0.3454496
42.114220,0.002967,-0.012038,-11.073378,-0.2715113,-0.0108199,-0.3247935
42.128194,0.003210,-0.003470,-11.297166,-0.2742807,-0.0104096,-0.2968365
42.135172,0.002790,-0.020435,-11.348559,-0.2756078,-0.0104351,-0.2901767
42.142156,0.002749,-0.022748,-11.424517,-0.2766478,-0.0105214,-0.2878835
42.149097,0.003061,-0.012196,-11.524364,-0.2773833,-0.0106331,-0.2892455
42.162941,0.003071,-0.013165,-11.645505,-0.2781234,-0.0108677,-0.2990797
42.169943,0.002747,-0.025803,-11.665501,-0.2783063,-0.0109860,-0.3057150
42.176783,0.003391,-0.005696,-11.619472,-0.2584515,-0.0125560,-0.3350520
42.183801,0.002947,-0.024625,-11.519694,-0.2381317,-0.0145450,-0.3696496
42.190751,0.003323,-0.015306,-11.505885,-0.2211311,-0.0162530,-0.4052618
42.204811,0.002663,-0.037920,-11.437484,-0.2040558,-0.0178305,-0.4668572
42.211859,0.003184,-0.022280,-11.471711,-0.2029823,-0.0179184,-0.4889648
42.218793,0.004588,0.014888,-11.554344,-0.2050146,-0.0178381,-0.5043210
42.225756,0.003401,-0.016112,-11.505761,-0.2082638,-0.0177731,-0.5124299
42.239631,0.003491,-0.007780,-10.956708,-0.1403181,-0.0183382,-0.5850232
42.246583,0.003410,-0.006886,-10.805609,-0.1080621,-0.0182787,-0.6222739
42.253604,0.002959,-0.013521,-10.702229,-0.0848330,-0.0175958,-0.6556526
42.260688,0.002400,-0.021404,-10.639692,-0.0716999,-0.0164915,-0.6829645
42.267896,0.003245,-0.014121,-10.553084,-0.0887069,-0.0219702,-0.7265357
42.281475,0.006924,0.028052,-10.501361,-0.1355671,-0.0356175,-0.8023902
42.288594,0.003589,-0.033453,-10.450602,-0.1544292,-0.0415936,-0.8305252
42.295461,0.006385,0.003352,-10.486958,-0.1668922,-0.0461211,-0.8505757
42.302375,0.005957,-0.006669,-10.500374,-0.1730379,-0.0489662,-0.8624189
42.316289,0.006142,-0.006080,-10.563373,-0.1723293,-0.0503493,-0.8650198
42.323387,0.004041,-0.033529,-10.577722,-0.1689225,-0.0496508,-0.8585209
42.330349,0.006823,0.003605,-10.647223,-0.1652415,-0.0485594,-0.8487127
42.337312,0.005549,-0.011092,-10.672410,-0.1622694,-0.0474646,-0.8375182
42.351171,0.005241,-0.013285,-10.741685,-0.1592504,-0.0459217,-0.8156521
42.358207,0.003931,-0.027844,-10.764474,-0.2136284,-0.0403900,-0.8067805
42.365063,0.005900,-0.003852,-10.820024,-0.2663539,-0.0348637,-0.7999777
42.371970,0.004782,-0.016471,-10.835740,-0.3102679,-0.0307265,-0.7954050
42.378844,0.005111,-0.013356,-10.862259,-0.3401039,-0.0285280,-0.7929806
42.392833,0.004369,-0.019631,-10.875180,-0.3071281,-0.0291871,-0.7934568
42.399746,0.004901,-0.010883,-10.874675,-0.2241899,-0.0328210,-0.7955680
42.406747,0.003628,-0.019912,-10.862598,-0.1411925,-0.0359557,-0.7983565
42.413656,0.005340,0.000974,-10.879964,-0.0745951,-0.0374647,-0.8014245
42.427634,0.005415,0.007397,-10.887897,-0.0099444,-0.0356697,-0.8071485
42.434751,0.001058,-0.029613,-10.857670,-0.0063988,-0.0336574,-0.8093579
42.441720,0.007121,0.023572,-10.913687,-0.0142916,-0.0317836,-0.8110147
42.448634,0.005189,0.007176,-10.904282,-0.0267791,-0.0306007,-0.8120333
42.462497,0.005234,0.005776,-10.913483,-0.0499019,-0.0303885,-0.8124661
42.469526,0.002088,-0.019010,-10.893987,-0.0567147,-0.0310225,-0.8120711
42.476407,0.005630,0.007044,-10.922126,-0.0600451,-0.0318167,-0.8114204
42.483236,0.007003,0.016371,-10.933663,-0.0606203,-0.0325574,-0.8106283
42.497243,0.004329,-0.002741,-10.918995,-0.0573987,-0.0334243,-0.8090079
42.504169,0.004735,-0.001107,-10.907136,-0.0588552,-0.0357605,-0.8083240
42.511137,0.003733,-0.008951,-10.890879,-0.0612043,-0.0383372,-0.8077832
42.518139,0.003243,-0.013110,-10.880864,-0.0636854,-0.0406070,-0.8074025
42.525086,0.004496,-0.005752,-10.883380,-0.0657351,-0.0422566,-0.8071819
42.538951,0.003870,-0.009920,-10.874745,-0.0678126,-0.0436261,-0.8071499
42.547210,-0.028983,-0.205534,-10.695682,-0.0679462,-0.0436031,-0.8072839
42.552906,0.054271,0.285916,-11.140470,-0.0676981,-0.0433378,-0.8074781
42.559866,0.004124,-0.007400,-10.873995,-0.0672618,-0.0429891,-0.8076988
42.573750,0.004959,-0.000412,-10.813865,-0.0651751,-0.0391428,-0.8060253
42.580675,0.004331,-0.001968,-10.769023,-0.0634592,-0.0351194,-0.8035564
42.587644,0.002533,-0.009990,-10.732693,-0.0619515,-0.0315462,-0.8008616
42.594684,-0.000230,-0.023279,-10.702713,-0.0608285,-0.0289436,-0.7982314
42.601618,0.003598,-0.002395,-10.673649,-0.0417345,-0.0311522,-0.7979887
42.615514,0.002364,-0.008068,-10.621438,0.0002208,-0.0384933,-0.8001485
42.622430,0.004925,0.004719,-10.619686,0.0145849,-0.0412575,-0.8019912
42.629418,0.002955,-0.004815,-10.608313,0.0229295,-0.0428494,-0.8040003
42.636301,0.006951,0.014215,-10.620865,0.0260273,-0.0433820,-0.8059530
42.650149,0.004211,0.006614,-6.050431,0.0314722,-0.0451169,-0.8090884
42.657184,-0.001787,-0.018387,-4.370798,0.0256674,-0.0435814,-0.8101130
42.664070,0.003838,0.008147,-3.107791,0.0178670,-0.0415234,-0.8107482
42.671000,0.001758,-0.000335,-2.457845,0.0103237,-0.0395906,-0.8110220
42.677993,-0.001098,-0.012278,-2.165429,0.0043025,-0.0381371,-0.8109885
42.692009,-0.000584,-0.009978,-2.068595,-0.0019230,-0.0369110,-0.8102802
42.698897,0.003407,0.006132,-2.130002,-0.0025621,-0.0369476,-0.8097600
42.705928,-0.002998,-0.020120,-2.516872,-0.0021689,-0.0372140,-0.8092186
42.712782,0.006668,0.017824,-2.581398,-0.0011920,-0.0375782,-0.8087068
42.726701,0.001439,-0.003816,-3.315638,0.0011074,-0.0382283,-0.8079243
42.733620,0.003570,0.003677,-3.587910,0.0020355,-0.0384343,-0.8076848
42.740717,-0.004532,-0.026992,-4.030519,0.0027062,-0.0385531,-0.8075494
42.747603,0.004362,0.005331,-4.164397,0.0031220,-0.0386010,-0.8075075
42.761488,0.035607,0.114751,-4.235219,0.0033959,-0.0385785,-0.8076344
42.768577,-0.005734,-0.032363,-5.619515,0.0042204,-0.0386285,-0.8077620
42.775638,0.000511,-0.011355,-6.143135,0.0052286,-0.0387093,-0.8079087
42.782542,0.003887,-0.000455,-6.555530,0.0061806,-0.0387891,-0.8080530
42.789477,0.003434,-0.002664,-6.892524,0.0069736,-0.0388533,-0.8081847
42.803385,0.008092,0.011467,-7.121877,0.0079074,-0.0389159,-0.8083767
42.810288,0.006023,0.004179,-7.172637,0.0080883,-0.0389222,-0.8084306
42.817295,-0.001567,-0.020327,-7.252882,0.0081411,-0.0389210,-0.8084570
42.824300,-0.000794,-0.018130,-7.273748,0.0081190,-0.0389185,-0.8084599
42.838133,-0.001619,-0.021121,-7.320148,0.0080167,-0.0389255,-0.8084151
42.845036,0.004428,-0.003195,-7.300438,0.0079864,-0.0389370,-0.8083784
42.852037,-0.001494,-0.021137,-7.350361,0.0079859,-0.0389528,-0.8083391
42.858962,0.003374,-0.007447,-8.507010,0.0127155,-0.0374333,-0.8083010
42.872894,-0.001632,-0.021807,-10.048974,0.0246377,-0.0335434,-0.8082404
42.879804,0.004176,-0.005316,-10.678424,0.0293840,-0.0318453,-0.8082208
42.886823,-0.002685,-0.023905,-11.386167,0.0346371,-0.0290000,-0.7748137
42.894062,-0.011296,-0.046752,-11.950570,0.0387815,-0.0263879,-0.7322755
42.901152,0.011269,0.014476,-12.625453,0.0414247,-0.0244413,-0.6851653
42.915235,-0.006105,-0.031977,-13.313196,0.0423653,-0.0232354,-0.6040091
42.922244,0.013723,0.019027,-13.805408,0.0416323,-0.0235154,-0.5732307
42.929198,0.003151,-0.008870,-13.971919,0.0407647,-0.0239978,-0.5522144
42.936168,0.000921,-0.015091,-14.167195,0.0400136,-0.0244909,-0.5399538
42.943123,0.003874,-0.008173,-14.378446,0.0395131,-0.0248743,-0.5356071
42.957090,-0.000538,-0.019825,-14.606478,0.0392869,-0.0251606,-0.5449505
42.964207,-0.008866,-0.040331,-14.617985,0.0394248,-0.0251087,-0.5553091
42.971184,0.017054,0.021774,-14.935129,0.0348466,-0.0242211,-0.5494118
42.978138,0.001701,-0.015725,-14.808071,0.0299698,-0.0233401,-0.5395429
42.985111,-0.001054,-0.022769,-14.808533,0.0258875,-0.0226494,-0.5273274
42.999074,-0.003205,-0.028784,-14.355494,0.0206728,-0.0231061,-0.4327016
43.006012,0.001100,-0.019179,-14.251987,0.0199603,-0.0235484,-0.3769470
43.012868,0.007312,-0.005198,-14.184546,0.0201293,-0.0239244,-0.3235140
43.019940,-0.005996,-0.036079,-13.856135,0.0207889,-0.0241855,-0.2766091
43.033736,0.009555,-0.000497,-12.929338,0.0266026,-0.0250892,-0.1856005
43.040979,-0.018778,-0.065424,-12.459403,0.0290853,-0.0254477,-0.1514027
43.047871,0.013853,0.008893,-12.447670,0.0307657,-0.0256995,-0.1264498
43.054894,-0.005179,-0.034812,-12.223651,0.0315621,-0.0258255,-0.1117102
43.061840,0.000281,-0.022698,-12.187603,0.0317151,-0.0258493,-0.1058595
43.075962,-0.011967,-0.051357,-12.102715,0.0310458,-0.0257110,-0.1150262
43.082845,0.013642,0.006517,-12.257956,0.0306211,-0.0256119,-0.1265083
43.089862,-0.005354,-0.037006,-12.193361,0.0303085,-0.0255265,-0.1396400
43.096833,-0.002597,-0.031083,-12.248878,0.0301249,-0.0254599,-0.1530712
43.111120,0.049152,0.085050,-12.629553,0.0300920,-0.0253760,-0.1767973
43.118096,-0.003114,-0.033260,-12.382315,0.0301658,-0.0253525,-0.1848229
43.125010,0.000789,-0.024780,-12.446738,0.0302550,-0.0253334,-0.1902147
43.131938,-0.000251,-0.027448,-12.480239,0.0303386,-0.0253164,-0.1930654
43.139139,-0.018123,-0.067809,-12.410361,0.0304065,-0.0253006,-0.1936730
43.153132,-0.000168,-0.028272,-12.580552,0.0304910,-0.0252722,-0.1898048
43.160095,-0.002477,-0.033712,-12.592516,0.0305140,-0.0252610,-0.1864740
43.168359,-0.075171,-0.195426,-12.165019,0.0305323,-0.0252520,-0.1828302
43.174066,0.101031,0.194983,-13.280866,0.0305498,-0.0252447,-0.1792659
43.187900,-0.008558,-0.048401,-12.627006,0.0305902,-0.0252333,-0.1735304
43.194825,-0.001189,-0.032475,-12.685171,0.0306134,-0.0252277,-0.1716455
43.201735,0.001701,-0.026369,-12.494749,0.0308496,-0.0250857,-0.1596917
43.208757,-0.006998,-0.045743,-12.308217,0.0311181,-0.0249202,-0.1421844
43.222695,-0.006879,-0.045880,-11.275763,0.0317992,-0.0245166,-0.0928146
43.229512,0.004838,-0.020409,-10.674513,0.0322053,-0.0242718,-0.0597407
43.236616,-0.013565,-0.061073,-10.220841,0.0325222,-0.0241000,-0.0264668
43.243608,-0.000788,-0.033426,-9.956325,0.0327360,-0.0240186,0.0043059
43.257521,-0.019238,-0.061535,-9.732578,-0.1281932,0.1377083,-0.0240128
43.264451,-0.018962,-0.055799,-9.723543,-0.1972564,0.2066385,-0.0599411
43.271409,-0.023661,-0.062489,-9.750669,-0.2440540,0.2531981,-0.1024378
43.278465,-0.032387,-0.078969,-9.801144,-0.2675964,0.2764989,-0.1462207
43.285452,-0.023442,-0.060048,-9.871229,-0.2723866,0.2811002,-0.1874705
43.299350,-0.030602,-0.075567,-10.027885,-0.2527246,0.2612985,-0.2495234
43.306308,-0.018712,-0.053391,-10.119502,-0.2396938,0.2482966,-0.2681462
43.313156,-0.014326,-0.046204,-10.206115,-0.2294150,0.2380828,-0.2782523
43.320169,-0.028522,-0.072871,-10.274105,-0.2228090,0.2315565,-0.2809497
43.334058,-0.019570,-0.064219,-10.540770,-0.3155263,0.2251997,-0.3095242
43.341104,-0.032237,-0.093002,-10.651545,-0.4017917,0.2227921,-0.3488560
43.347977,-0.015112,-0.068371,-10.773516,-0.4715084,0.2201859,-0.3904982
43.354988,-0.028856,-0.095678,-10.822411,-0.5171221,0.2170286,-0.4301821
43.368882,-0.007067,-0.083995,-11.211250,-0.8384955,0.2009415,-0.6151547
43.375904,-0.029871,-0.132247,-11.214550,-0.9389591,0.1842105,-0.7068653
43.383018,-0.038302,-0.153252,-11.209372,-0.9960119,0.1645504,-0.7877343
43.390253,-0.028056,-0.139354,-11.221928,-1.0164659,0.1451911,-0.8544238
43.397228,0.007474,-0.073568,-11.272760,-1.0103583,0.1305019,-0.9019341
43.411251,-0.025803,-0.128463,-11.167195,-0.9693015,0.1199916,-0.9398680
43.418077,-0.002938,-0.080221,-11.190824,-0.9498066,0.1217542,-0.9361787
43.425072,-0.025567,-0.121043,-11.139963,-0.9359504,0.1258702,-0.9218322
43.431923,-0.007024,-0.081199,-11.164746,-0.9284601,0.1307540,-0.9004346
43.439075,-0.047876,-0.160576,-11.091341,-0.9265124,0.1353206,-0.8754392
43.448322,26.535667,55.107040,-54.269726,-0.9368775,0.1359199,-0.8345000
43.461829,0.002090,-0.059861,-11.160047,-0.9627604,0.1197001,-0.8017438
43.468787,-0.009338,-0.084183,-11.135514,-0.9765016,0.1097199,-0.7876000
43.475717,-0.017671,-0.100872,-11.116361,-0.9857765,0.1027177,-0.7785325
43.482626,-0.014435,-0.093297,-11.115956,-0.9909579,0.0988189,-0.7741037
43.496603,-0.019082,-0.099845,-11.099429,-0.9927983,0.0980906,-0.7764819
43.503531,-0.016285,-0.091771,-11.099055,-0.9916753,0.0995626,-0.7815206
43.510513,-0.025112,-0.108787,-11.080898,-0.9903768,0.1012489,-0.7878698
43.517484,-0.023394,-0.102993,-11.077614,-0.9894223,0.1026669,-0.7946732
43.531337,0.015301,-0.003032,-11.035652,-0.7900010,0.0739078,-0.8069260
43.538396,-0.039485,-0.113715,-10.923428,-0.6044149,0.0420882,-0.8115296
43.545256,-0.001245,-0.020683,-10.941179,-0.4530971,0.0167240,-0.8148395
43.552199,-0.012690,-0.039763,-10.899833,-0.3531562,0.0014574,-0.8168387
43.559388,-0.058288,-0.131343,-10.893249,-0.1729593,-0.0395902,-0.8176276
43.573413,-0.048246,-0.096526,-10.941672,0.0948842,-0.1038309,-0.8163627
43.580335,0.012929,0.036846,-11.018465,0.1566449,-0.1181244,-0.8148133
43.587492,-0.052058,-0.098809,-10.935895,0.1656776,-0.1235642,-0.8130338
43.594399,0.024478,0.059203,-11.035049,0.1442457,-0.1224576,-0.8111683
43.608453,-0.047528,-0.090009,-10.945481,0.0534669,-0.1053001,-0.8080488
43.615393,0.015497,0.034905,-11.020213,-0.0025574,-0.0919397,-0.8069308
43.622603,-0.071929,-0.138642,-10.909871,-0.0435957,-0.0821316,-0.8061984
43.629610,0.001902,0.006655,-10.994083,-0.0691737,-0.0762662,-0.8058078
43.636893,-0.088969,-0.168933,-10.881125,-0.0789858,-0.0743886,-0.8057307
43.650359,-0.009450,-0.011895,-10.964059,-0.0705311,-0.0773285,-0.8062437
43.657405,-0.048900,-0.085001,-10.912846,-0.0608282,-0.0798037,-0.8066926
43.664261,-0.010486,-0.010471,-10.952270,-0.0515757,-0.0819171,-0.8071845
43.671225,-0.035298,-0.055124,-10.920047,-0.0443689,-0.0833448,-0.8076651
43.685278,-0.061103,-0.098675,-10.885066,-0.0373863,-0.0842261,-0.8084446
43.692116,-0.010165,-0.002311,-10.908777,-0.0055783,-0.0909251,-0.8087022
43.699136,-0.051748,-0.074388,-10.842326,0.0287700,-0.0979866,-0.8088638
43.706165,-0.041608,-0.052873,-10.837098,0.0588654,-0.1037904,-0.8089355
43.713216,-0.034295,-0.037043,-10.833128,0.0802654,-0.1074295,-0.8089291
43.727168,-0.025207,-0.016832,-10.830217,0.0957692,-0.1087846,-0.8087552
43.734172,-0.057082,-0.070068,-10.796169,0.0943909,-0.1078380,-0.8086278
43.741110,-0.037784,-0.035357,-10.814538,0.0903461,-0.1066464,-0.8084944
43.747993,-0.036075,-0.030903,-10.816420,0.0857298,-0.1056444,-0.8083695
43.761830,-0.027254,-0.013186,-10.826956,0.0792057,-0.1048092,-0.8081773
43.768800,-0.060183,-0.065005,-10.761500,0.1109982,-0.1213970,-0.8081185
43.775828,-0.073862,-0.084510,-10.726676,0.1450607,-0.1390238,-0.8080850
43.782762,-0.054760,-0.050982,-10.728651,0.1748744,-0.1539799,-0.8080744
43.796713,-0.048605,-0.034858,-10.644648,0.2431081,-0.1793394,-0.8081049
43.803662,-0.060909,-0.051139,-10.611208,0.2619800,-0.1846268,-0.8081360
43.811009,-0.133426,-0.159847,-10.539590,0.2709543,-0.1858507,-0.8081719
43.817890,0.004708,0.053853,-10.642610,0.2721703,-0.1843067,-0.8082088
43.824975,-0.100778,-0.103389,-10.559622,0.2689216,-0.1817192,-0.8082410
43.839044,-0.106978,-0.106852,-10.564140,0.2587944,-0.1769582,-0.8082883
43.846014,-0.046851,-0.016693,-10.618494,0.2550006,-0.1757453,-0.8083014
43.853113,-0.110910,-0.106624,-10.577109,0.2529488,-0.1753829,-0.8083075
43.859968,-0.062377,-0.034743,-10.623906,0.2523917,-0.1756201,-0.8083079
43.873861,-0.114147,-0.101875,-10.600958,0.2541636,-0.1768897,-0.8082966
43.880714,-0.077609,-0.048098,-10.619284,0.2619482,-0.1773900,-0.8082874
43.887697,-0.109291,-0.087962,-10.590165,0.2696181,-0.1776748,-0.8082778
43.894647,-0.105766,-0.079745,-10.591854,0.2761091,-0.1777341,-0.8082684
43.908592,-0.102172,-0.068616,-10.599379,0.2833788,-0.1774558,-0.8082538
43.915487,-0.104903,-0.069201,-10.601931,0.2844757,-0.1772897,-0.8082491
43.922606,-0.164932,-0.144113,-10.553136,0.0999617,-0.0467195,-0.8082464
43.929450,-0.119567,-0.091955,-10.073325,-0.2108682,0.1029119,-0.8082454
43.936455,-0.155740,-0.140911,-9.669379,-0.4773045,0.2291546,-0.8082455
43.950789,-0.042455,-0.001703,-9.096006,-0.7863618,0.3587136,-0.8082495
43.957822,-0.183547,-0.172631,-8.984221,-0.8236220,0.3664136,-0.8082521
43.964740,-0.152201,-0.129343,-8.901110,-0.8136947,0.3534473,-0.8082547
43.971749,-0.180539,-0.159656,-8.884953,-0.7782279,0.3313032,-0.8082567
43.978685,-0.150116,-0.116414,-8.884246,-0.7343909,0.3082479,-0.8082591
43.992499,-0.137824,-0.090367,-8.955264,-0.6667475,0.2785540,-0.8082614
43.999435,-0.168754,-0.124246,-9.012538,-0.6501333,0.2735186,-0.8082622
44.006565,-0.220115,-0.183816,-9.073638,-0.6441299,0.2735227,-0.8082624
44.013449,-0.142087,-0.082357,-9.119464,-0.6459058,0.2767138,-0.8082621
44.027401,-0.191090,-0.134989,-9.225292,-0.6598925,0.2855872,-0.8082608
44.034351,-0.184776,-0.123147,-9.270785,-0.6673701,0.2891754,-0.8082603
44.041481,-20.685684,1.949348,91.104698,14.3448009,-16.0406132,1.0149975
44.048369,0.961621,0.922703,-12.650635,11.8330460,-13.3354034,0.8533014
44.055335,0.833155,0.789361,-14.972492,9.3874264,-10.7183380,0.6657928
44.069148,-54.731579,-21.859962,53.630550,9.0423241,-0.7769327,-0.4309769
44.076197,-5.280085,-8.317238,-6.521707,5.3498931,-2.2624021,-0.3172011
44.083051,4.809181,-20.797913,-1.391438,1.4413455,-2.5595398,-0.3456713
44.090055,0.342735,-14.983443,-7.227528,-1.4477100,-0.5440590,-0.3041495
44.103901,1.370131,-7.321797,-12.974779,-2.7240267,0.1598711,-0.6243228
44.110857,1.201078,-7.382118,-11.729299,-2.7754388,0.1159291,-0.7405345
44.117863,-7.291178,-22.263424,10.721022,-1.3586287,-0.1978385,-0.5804579
44.124784,-13.948597,-20.689945,13.010405,-0.2585281,-0.0719722,-0.5601536
44.131634,-7.526817,-10.698620,-5.107684,-0.0251090,-0.0662275,-0.5589182
44.145633,-6.900939,-8.745716,-9.508954,-0.0056803,-0.0109007,-0.6085138
44.152679,-7.134938,-8.700180,-9.873373,-0.0052481,-0.0122730,-0.6494380
44.159656,-7.758399,-9.023902,-9.712372,-0.0060563,-0.0069705,-0.6963266
44.166515,-8.254736,-9.239028,-9.941773,-0.0056292,-0.0125301,-0.7462547
44.180727,-10.152458,-10.219530,-8.394597,-0.0112775,0.0354301,-0.8357907
44.187674,-8.666085,-8.694777,-11.085402,-0.0683305,0.0066738,-0.8703181
44.194681,-9.961549,-9.414832,-8.444564,0.0065760,0.0263690,-0.8441937
44.201609,-7.071354,-7.000724,-10.014377,-0.0005985,-0.0084221,-0.4672435
44.208668,-6.820440,-6.744405,-9.671247,0.0019930,-0.0056920,-0.0956378
44.222675,-0.249951,-0.188060,-9.599911,-0.0157694,0.0062933,0.0021390
44.229611,0.056782,0.109269,-9.653181,-0.0044027,0.0042264,0.0009453
44.236525,0.062966,0.050632,-9.870711,-0.0002748,-0.0017051,0.0001134
44.243554,0.002932,0.002156,-9.823590,-0.0000061,-0.0021718,0.0001190
44.250428,-0.006122,-0.002022,-9.806763,0.0000868,-0.0016838,0.0001794
44.264756,0.002881,0.005545,-9.798970,-0.0001589,-0.0014904,0.0001808
44.271328,0.005790,0.005147,-9.806702,-0.0000636,-0.0016342,0.0000719
44.278319,0.000569,0.000798,-9.821955,0.0002146,-0.0019518,0.0000829
44.285275,-0.000678,-0.003143,-9.810509,-0.0000871,-0.0021707,0.0001113
44.299188,-0.002187,-0.002496,-9.807672,0.0000195,-0.0017975,0.0001619
44.306400,0.002891,-0.009771,-9.816395,-0.0010166,-0.0027427,0.0001203
44.313160,-0.009623,0.025127,-9.789406,0.0016488,-0.0004230,0.0000907
44.320440,0.007586,-0.011715,-9.826405,0.0002336,-0.0021059,0.0000737
44.333922,0.010175,-0.004378,-9.811027,-0.0009433,-0.0029594,-0.0001108
44.340899,-0.026431,0.009482,-9.807831,0.0015519,-0.0004163,0.0002238
44.347889,0.006521,-0.012565,-9.806455,-0.0002601,-0.0014324,0.0001968
44.354898,0.014120,0.001646,-9.815388,-0.0007358,-0.0026438,-0.0000860
44.368807,0.009074,-0.018264,-9.816996,-0.0008477,-0.0025613,0.0000139
44.375834,-0.013644,0.018310,-9.799795,0.0016675,-0.0004684,0.0000974
44.382867,0.003516,-0.014198,-9.760326,-0.0008785,0.0000451,-0.0001679
44.390033,-0.028517,0.015048,-9.770308,0.0016775,0.0041937,0.0000246
44.396900,-0.021635,-0.013783,-9.752760,0.0005700,0.0068370,0.0000497
44.410907,-0.028718,-0.008990,-9.759841,0.0002731,0.0126130,0.0000812
44.417811,-0.010802,0.005808,-9.754369,0.0003693,0.0148663,-0.0001262
44.424794,-0.026795,-0.006346,-9.771374,0.0003109,0.0175504,0.0000688
44.431693,-0.019814,-0.001658,-9.773820,0.0004012,0.0194577,0.0000442
44.445584,-0.220388,0.010378,-9.081005,0.0011571,0.0589695,-0.0002096
44.452516,-0.400958,-0.002271,-8.569085,0.0014030,0.1244466,-0.0001608
44.459496,-0.426225,0.002066,-8.303689,0.0004528,0.2012974,-0.0010649
44.467018,-0.550382,0.011395,-8.412939,0.0053033,0.2874390,-0.0002495
44.473836,-0.503360,-0.017721,-8.395688,0.0048205,0.3622081,-0.0001580
44.488069,-0.375080,-0.012553,-9.001648,0.0065405,0.4663830,-0.0011591
44.494882,-0.358639,0.014918,-9.195064,0.0071833,0.4981424,-0.0019371
44.501558,-0.860270,-0.704196,-10.254642,-0.1110176,0.5977963,-0.0022626
44.508673,0.222696,0.487408,-9.443391,-0.0222790,0.5198990,-0.0020891
44.515481,-0.095440,0.121886,-10.038706,0.0022281,0.4889392,-0.0035317
44.529411,-0.166914,-0.021993,-10.460327,0.0044693,0.4294196,-0.0046882
44.536355,-0.156485,-0.041615,-10.467725,-0.0038091,0.3844654,-0.0047264
44.543348,-0.151723,-0.081556,-10.446077,-0.0156595,0.3385459,-0.0043162
44.550266,-0.182874,-0.071077,-10.413487,-0.0266444,0.2947835,-0.0038379
44.564178,-0.297028,-0.058609,-10.222296,-0.0419834,0.2291914,-0.0021277
44.571177,-0.602998,0.002982,-10.244884,-0.0248471,0.2234715,0.0010047
44.578118,-0.485217,0.103011,-10.109993,-0.0073752,0.2235252,-0.0001582
44.585006,-0.506579,0.094587,-10.114141,0.0094591,0.2232097,-0.0011716
44.592062,-0.499372,0.094994,-10.176043,0.0261323,0.2193872,-0.0020851
44.607405,-0.601606,-0.325366,-8.619408,-0.0650904,0.2495046,0.0018816
44.614451,-0.737707,-0.397000,-8.155869,-0.1506041,0.3023574,0.0057724
44.621410,-0.890987,-0.663458,-6.644853,-0.2458940,0.3767805,0.0092490
44.628329,-0.993548,-0.735007,-6.159497,-0.3497816,0.4681547,0.0137496
44.635179,-1.065847,-0.760797,-5.989511,-0.4536113,0.5669301,0.0180469
44.649076,-1.121810,-0.715824,-6.376696,-0.6409016,0.7603058,0.0253174
44.656087,-1.135951,-0.682042,-6.822015,-0.7194344,0.8465430,0.0281634
44.662966,-1.135919,-0.639959,-7.230343,-0.7838010,0.9193287,0.0301318
44.670017,-1.374303,-0.792094,-7.969198,-0.8405772,0.9668866,-0.0055816
44.683939,-0.943524,-0.340379,-8.921279,-0.9031470,1.0328181,-0.0480832
44.690951,-0.878321,-0.218559,-11.538304,-0.8643756,0.9790282,-0.0645377
44.697912,-0.913330,-0.158009,-12.978558,-0.7891092,0.8872789,-0.0740333
44.704987,-0.964948,-0.181928,-13.216189,-0.7016879,0.7837939,-0.0782762
44.718979,-0.954551,-0.308312,-14.734029,-0.4624267,0.5038265,-0.0778515
44.725916,-1.099943,-0.439673,-15.131689,-0.3293828,0.3454191,-0.0615676
44.732829,-1.340995,-0.700565,-15.041473,-0.1840167,0.1886810,-0.0214996
44.739825,-0.915840,-0.242787,-14.652320,-0.0675786,0.0438247,-0.0114615
44.746766,-0.812759,-0.045313,-14.248828,0.0386102,-0.0960593,-0.0140783
44.760801,-1.004190,-0.209644,-13.203910,0.2310522,-0.3217471,-0.0135758
44.767674,-0.998599,-0.209229,-12.818195,0.3083094,-0.4046612,-0.0152523
44.774772,-1.052649,-0.288120,-12.193621,0.3689128,-0.4674782,-0.0181008
44.781671,-0.981011,-0.240453,-11.785177,0.4220476,-0.5210472,-0.0217324
44.795719,-0.971679,-0.333299,-11.046247,0.4966161,-0.5989637,-0.0268571
44.802625,-0.935839,-0.347809,-10.870342,0.5210467,-0.6312118,-0.0282692
44.809617,-0.887435,-0.344468,-10.740394,0.5410254,-0.6618240,-0.0294739
44.816687,-0.830715,-0.317148,-10.667466,0.5592346,-0.6928623,-0.0302903
44.823703,-0.294805,0.273272,-10.492490,0.6101388,-0.7461960,-0.0381815
44.837450,-1.895634,-1.131448,-12.029207,0.5644835,-0.6909401,-0.0293947
44.844417,-0.215920,0.466948,-10.448156,0.6666225,-0.7815669,-0.0337240
44.851369,-0.348657,0.402409,-10.786239,0.7358683,-0.8315225,-0.0404415
44.858346,-0.521029,0.214612,-11.062359,0.7831483,-0.8625659,-0.0442629
44.865201,-0.493890,0.214033,-11.195218,0.8237356,-0.8910978,-0.0469848
44.879129,1.758981,-3.074634,-8.525353,0.4650570,-1.2530752,-0.0199993
44.886087,1.574779,-2.741145,-7.821087,0.0816553,-1.5300528,-0.0012031
44.893030,0.099957,-0.400956,-8.754188,0.0086141,-1.5645359,-0.0073439
44.899931,-0.608132,0.000280,-8.983062,0.0055375,-1.5150552,-0.0116301
44.914196,-4.276759,0.090543,3.262682,0.0054696,-0.7578770,-0.0041818
44.921219,-3.740333,-0.128619,1.487635,-0.0054299,-0.1316018,-0.0013296
44.929298,-0.721562,-0.121134,-7.692271,-0.0125463,0.0033533,0.0019314
44.936190,-0.697861,0.096312,-7.620234,0.0018010,0.1074402,0.0014391
44.943199,-0.536407,-0.008855,-7.703230,-0.0036536,0.2102529,0.0002195
44.957105,-0.493373,-0.313388,-7.725085,-0.0451070,0.3889914,0.0022422
44.963994,-0.266869,-0.501423,-7.705747,-0.1279519,0.4156721,0.0024556
44.970928,-0.168692,-0.632752,-7.877463,-0.2250523,0.4230658,0.0040110
44.977888,-0.112794,-0.618533,-8.101150,-0.3192371,0.4213525,0.0053314
44.991789,-0.191148,-0.467828,-8.682415,-0.4608986,0.4168537,0.0079081
44.998744,-0.321752,-0.379110,-8.789176,-0.5004805,0.4323731,0.0089841
45.005736,-0.388716,-0.308767,-9.027799,-0.5230038,0.4531547,0.0095695
45.012963,-0.436662,-0.266052,-9.266064,-0.5310336,0.4759852,0.0098741
45.019891,-0.492810,0.022946,-10.415556,-0.4812291,0.4951534,0.0081485
45.033934,-0.447373,0.168859,-11.540417,-0.3197197,0.4973390,0.0006771
45.040843,-0.407133,0.158517,-11.921853,-0.2297512,0.4739230,-0.0036697
45.047789,-0.353619,0.095099,-12.091928,-0.1463571,0.4366325,-0.0071863
45.054866,-0.659921,-0.134460,-12.267159,-0.0813438,0.3661691,-0.0085483
45.068610,-0.193052,0.025586,-12.137548,0.0400894,0.2336063,-0.0106580
45.075666,-0.175398,-0.035672,-11.945308,0.0893052,0.1643686,-0.0110016
45.082501,-0.213658,-0.074986,-11.833647,0.1333783,0.1015150,-0.0112817
45.089558,-0.271699,-0.100232,-11.561450,0.1732251,0.0451618,-0.0112533
45.096581,-0.296601,-0.073102,-11.349677,0.2075873,-0.0041930,-0.0115202
45.111066,-0.377085,-0.094341,-10.930377,0.2661676,-0.0808652,-0.0114202
45.118244,-0.406150,-0.105810,-10.687802,0.2890135,-0.1083254,-0.0112809
45.125183,-0.427139,-0.103698,-10.525175,0.3065813,-0.1293705,-0.0111974
45.132095,-0.447921,-0.115308,-10.338614,0.3198887,-0.1448525,-0.0108721
45.139040,-0.393825,-0.240018,-9.979255,0.3109277,-0.1629574,-0.0097281
45.152966,-0.415719,-0.293734,-9.543200,0.2716765,-0.1843280,-0.0063521
45.159960,-0.252672,-0.228773,-10.204359,0.2587561,-0.2181911,-0.0045627
45.167395,-0.215819,-0.144038,-10.366195,0.2533259,-0.2561715,-0.0035511
45.174196,-0.186578,-0.072185,-10.601119,0.2566410,-0.2942667,-0.0033971
45.187889,-0.186273,0.099307,-10.853344,0.2909985,-0.3661741,-0.0034643
45.194714,-0.165849,0.179185,-10.985598,0.3193029,-0.3997112,-0.0039574
45.201600,0.775785,-1.107319,-9.958590,0.1757948,-0.5487813,0.0002306
45.208656,0.701410,-1.024280,-9.659290,0.0329414,-0.6837479,0.0028613
45.222539,-0.145212,-0.034986,-10.060123,0.0018972,-0.7374716,0.0026388
45.229519,-0.919566,0.018279,-10.085657,0.0024607,-0.7516943,0.0003581
45.236797,-0.135068,-0.034587,-9.813967,0.0012852,-0.7481244,0.0002679
45.243552,-0.087120,0.028150,-9.708068,0.0027776,-0.7421871,-0.0013929
45.250473,-3.076527,0.092026,-0.115086,0.0074108,-0.2317468,-0.0032635
45.264411,-0.255829,-0.022736,-9.161331,0.0016728,0.0056059,0.0015912
45.271726,0.047991,-0.002789,-9.764941,-0.0009755,0.0006244,0.0007034
45.278312,0.024069,0.016258,-9.832278,0.0000620,-0.0013058,0.0002100
45.285288,-0.000486,-0.003561,-9.822663,0.0004325,-0.0022269,0.0000512
45.299211,-0.009724,-0.011207,-9.809365,0.0002622,-0.0022451,0.0000805
45.306170,-0.013378,-0.009931,-9.808370,0.0005117,-0.0020994,0.0000410
45.313089,-0.008308,-0.010894,-9.818957,0.0004711,-0.0026027,0.0000435
45.320217,-0.006093,-0.006504,-9.808544,0.0005115,-0.0027181,-0.0000188
45.334009,0.000791,-0.002562,-9.810012,0.0002327,-0.0025468,0.0000962
45.341099,-0.012273,-0.009487,-9.809422,0.0004832,-0.0025104,0.0000419
45.347972,-0.010490,-0.011079,-9.814013,0.0004543,-0.0027018,0.0000543
45.354993,-0.011135,-0.009793,-9.808184,0.0004945,-0.0026224,0.0000413
45.368880,-0.013052,-0.011968,-9.814737,0.0004633,-0.0026517,0.0000577
45.376038,-0.010906,-0.010919,-9.812063,0.0004393,-0.0027515,0.0000671
45.382863,-0.010361,-0.010763,-9.809689,0.0002734,-0.0027023,0.0001167
45.389821,-0.012236,-0.010677,-9.810663,0.0004141,-0.0027570,0.0000771
45.396751,0.009007,-0.064877,-9.697276,-0.0088167,-0.0062040,0.0001941
45.403770,-0.019554,-0.081036,-9.549137,-0.0208560,-0.0042025,0.0002975
45.417629,-0.020444,-0.160696,-9.378443,-0.0612472,-0.0012397,0.0010793
45.424561,-0.010094,-0.178092,-9.311486,-0.0874912,-0.0012721,0.0013934
45.431494,0.008619,-0.207855,-9.252798,-0.1146220,-0.0034842,0.0008927
45.438535,-0.021746,-0.213250,-9.264565,-0.1485359,-0.0028523,0.0011643
45.452365,-0.019142,-0.266975,-9.174763,-0.2162322,-0.0037475,0.0019585
45.459341,0.002953,-0.300862,-9.154659,-0.2514516,-0.0048933,0.0021769
45.466273,-0.032946,-0.302141,-9.132617,-0.2878332,-0.0037888,0.0028820
45.473366,-0.021064,-0.600690,-8.222919,-0.3709704,-0.0017618,0.0036199
45.487145,-0.689545,-0.637353,-6.170262,-0.5312754,0.1646996,0.0067812
45.494101,-1.017698,-0.793508,-4.604997,-0.6470858,0.3282496,0.0084702
45.500997,-1.249191,-0.905012,-3.384691,-0.7858577,0.5319147,0.0109026
45.508057,-1.164667,-1.150457,-3.079582,-0.9299128,0.7560501,0.0207703
45.514956,-1.794751,-1.734596,-2.984694,-1.1135643,0.9293152,-0.0204781
45.529052,-0.913742,-1.008714,-4.042790,-1.4407361,1.2707667,-0.0933494
45.535969,-0.477934,-0.559948,-5.070421,-1.5682120,1.4051609,-0.1641363
45.542940,-0.091033,-0.450509,-9.014717,-1.6010159,1.4282527,-0.2264218
45.549957,0.141285,-0.314092,-11.937772,-1.5558524,1.3709161,-0.2790693
45.563784,0.735317,-0.497976,-15.386722,-1.3083949,1.1145048,-0.3628269
45.570673,-0.091833,-0.113350,-15.631325,-1.1870816,0.9238657,-0.3820592
45.577694,-0.170405,-0.228772,-15.508533,-1.0594404,0.7532714,-0.3959328
45.584689,-0.337316,-0.494142,-15.274811,-0.9161068,0.5907305,-0.3986149
45.598563,-0.617580,-0.848549,-14.234584,-0.6528516,0.3408355,-0.3893387
45.605526,-0.910457,-1.243037,-14.024106,-0.5139395,0.2192762,-0.3557835
45.612529,-1.141916,-1.548492,-13.458379,-0.3863086,0.1231593,-0.3124054
45.619368,-0.373521,-2.183565,-12.838136,-0.2143543,0.0919563,-0.2512207
45.626435,-0.898803,-2.077838,-12.348364,-0.1456967,0.0110423,-0.2387886
45.640631,-0.848502,-1.833851,-12.705583,0.0000963,-0.1920171,-0.1696364
45.647576,-0.911063,-1.921855,-12.928407,0.0751296,-0.3003402,-0.1225841
45.654616,-1.049572,-1.968119,-12.592106,0.1458577,-0.3973139,-0.0727917
45.661492,-1.251016,-1.629283,-12.717092,0.2426329,-0.4703707,-0.0327178
45.669337,-1.289183,-1.479838,-12.154086,0.3424484,-0.5280756,0.0024895
45.682778,-0.954896,-0.826828,-11.440769,0.5308015,-0.5870379,0.0321849
45.689745,-0.780413,-0.894677,-11.544748,0.6051581,-0.6146833,0.0308288
45.696898,-0.677991,-0.907955,-11.224861,0.6636657,-0.6390212,0.0293135
45.703590,-0.599733,-0.945753,-11.059866,0.7070225,-0.6623157,0.0290437
45.717494,-0.462550,-1.028733,-10.529780,0.7552381,-0.7082049,0.0315800
45.724460,0.044377,-0.456982,-9.857095,0.7930437,-0.7495322,0.0309151
45.731362,-1.457048,-2.100564,-10.283598,0.7968125,-0.7616472,0.0312173
45.738592,-1.568979,-2.200830,-10.949172,0.6804372,-0.6552023,0.0294507
45.752419,-0.129721,-0.644090,-9.110155,0.7315588,-0.7246690,0.0351212
45.759546,-0.246842,-0.836827,-9.631836,0.7274425,-0.7338485,0.0358210
45.766405,-0.227256,-0.840912,-9.827836,0.7199801,-0.7412691,0.0368068
45.773451,-0.192856,-0.727106,-10.027826,0.7222065,-0.7476486,0.0372144
45.780325,-0.955226,-1.505734,-10.280840,0.7368888,-0.7735657,0.0366626
45.794218,0.057785,-0.443961,-10.295995,0.7565105,-0.7939076,0.0397909
45.801238,-0.056965,-0.285210,-10.259390,0.7904059,-0.7892121,0.0389148
45.808228,-4.654636,3.098789,-6.337770,1.2364419,-0.1630751,0.0047213
45.815137,-1.225132,0.113044,-8.382292,1.2923926,-0.0124460,0.0019553
45.829072,-0.120151,-0.634211,-8.531350,1.1886735,0.0028571,0.0027055
45.836029,0.003413,-0.565677,-8.292974,1.1091239,-0.0012623,0.0053846
45.842982,-0.036487,-0.605884,-8.070400,1.0159827,0.0009036,0.0074109
45.849888,0.405299,-5.151377,4.990156,0.2149509,-0.0310674,-0.0013940
45.857387,-0.479631,-1.311631,-6.151579,0.0124406,0.0209700,0.0018851
45.870941,0.058139,-2.137376,-3.757879,-0.5658792,0.0038310,-0.0040074
45.877916,-0.880553,-1.516998,-2.857260,-0.8155867,0.1421590,-0.0097836
45.884798,-1.396921,-1.169963,-2.413176,-0.9911606,0.3561347,-0.0139459
45.891851,-1.618257,-0.871647,-2.810837,-1.1212754,0.6082863,-0.0196687
45.906211,-1.154822,-0.194947,-4.443168,-1.2894919,1.0967108,-0.0584780
45.912967,-0.556948,0.270388,-5.261642,-1.3468325,1.2895248,-0.1388706
45.919753,-0.205729,0.344939,-6.641596,-1.3853974,1.4261632,-0.3011094
45.926763,-0.031640,0.002532,-8.144879,-1.4016647,1.5099931,-0.5454975
45.933709,-0.095519,-0.085662,-9.453407,-1.4140683,1.5271977,-0.8504772
45.947829,-0.083716,-0.080312,-9.743005,-1.0738982,1.1355270,-1.2564855
45.954805,-0.048249,-0.042824,-9.939073,-0.9013913,0.9278234,-1.3443744
45.961735,-0.051425,-0.050483,-10.183309,-0.7899125,0.7876499,-1.3630569
45.968631,-0.045124,-0.045579,-10.483275,-0.7303453,0.7088982,-1.3279088
45.982596,-0.030581,-0.031300,-11.156906,-0.7079261,0.6771260,-1.1550149
45.989848,-0.099017,-0.114871,-11.475143,-0.8210468,0.6436254,-1.0472748
45.996854,-0.021321,-0.047005,-11.966633,-0.9259228,0.6102123,-0.9376062
46.003667,-0.021694,-0.055541,-12.236001,-0.9983768,0.5848929,-0.8430561
46.010655,-0.057172,-0.097651,-12.379471,-1.0361904,0.5676082,-0.7663103
46.024584,-0.053906,-0.096623,-12.736202,-1.0288166,0.5486884,-0.6748242
46.031375,0.004202,-0.040597,-12.465142,-0.8577166,0.3091601,-0.6592454
46.038450,-0.033323,-0.080437,-12.069771,-0.6015488,0.0723428,-0.6604109
46.047125,-0.279159,-0.350254,-11.456388,-0.3688304,-0.1145133,-0.6745702
46.059365,0.002064,-0.032472,-11.698382,-0.1006721,-0.2865276,-0.7257956
46.066279,0.028708,0.000125,-11.720137,-0.0650917,-0.2919320,-0.7550581
46.073280,0.017593,-0.011247,-11.725223,-0.0705308,-0.2707007,-0.7828789
46.080285,0.005890,-0.023956,-11.752296,-0.0955353,-0.2419277,-0.8067747
46.087224,0.026357,-0.000745,-11.841543,-0.1241127,-0.2176245,-0.8256980
46.101022,0.022293,-0.005249,-11.895477,-0.2071945,-0.1467103,-0.8463681
46.108098,-0.017322,-0.051940,-11.848078,-0.2647885,-0.1025172,-0.8488425
46.115032,0.009537,-0.021405,-11.923229,-0.3060221,-0.0754120,-0.8471206
46.122045,-0.010405,-0.045627,-11.927680,-0.3268003,-0.0663573,-0.8422899
46.135903,0.017177,-0.014434,-12.063890,-0.3195242,-0.0857240,-0.8275756
46.143061,-0.037590,-0.080067,-12.007956,-0.3029170,-0.1033157,-0.8197574
46.150046,0.028301,-0.002395,-12.169225,-0.2839320,-0.1212512,-0.8124599
46.156987,0.009485,-0.024305,-12.176067,-0.2671593,-0.1361189,-0.8064986
46.170847,0.021660,-0.009476,-12.274962,-0.2432444,-0.1564718,-0.7990314
46.177885,-0.010540,-0.047195,-12.096482,-0.2464628,-0.1429242,-0.7975514
46.184799,0.013110,-0.016866,-12.068852,-0.2526472,-0.1287917,-0.7973569
46.191853,-0.012003,-0.046984,-11.982551,-0.2580222,-0.1178209,-0.7981909
46.198775,0.025912,0.000352,-12.026285,-0.2603914,-0.1124793,-0.7997737
46.212836,0.059352,0.036965,-13.511472,-0.2795026,-0.1166131,-0.8038967
46.219887,-0.009265,-0.053484,-13.979823,-0.3001967,-0.1237302,-0.8059692
46.226976,0.011859,-0.032320,-14.618330,-0.3162083,-0.1329364,-0.8078284
46.233880,0.038164,-0.002026,-15.196476,-0.3239257,-0.1422927,-0.8093024
46.247885,0.014611,-0.034220,-15.828991,-0.3185436,-0.1576310,-0.8109688
46.254808,0.016348,-0.032513,-16.112335,-0.3100956,-0.1632105,-0.8112130
46.262019,-0.042537,-0.108708,-16.062147,-0.3009203,-0.1676255,-0.8111377
46.268676,0.068805,0.036441,-16.788151,-0.2925381,-0.1712874,-0.8108206
46.282645,0.017906,-0.029533,-16.826197,-0.2802399,-0.1779222,-0.8097785
46.289693,-2.038132,-1.664124,-9.859696,0.9689552,-1.1408241,-0.3066967
46.296652,-2.344600,-2.273307,-10.113605,1.7706935,-1.8334513,0.0912805
46.303533,-1.559770,-2.782778,-12.345942,1.9533997,-2.0542397,0.1309215
46.310836,-1.852736,-3.340990,-12.267976,2.0351188,-2.1811149,0.1451658
46.324678,-2.845757,-4.520271,-12.085014,2.1029987,-2.4139977,-0.1130578
46.331630,-3.687437,-5.178469,-12.233439,2.1413934,-2.5162082,-0.2332205
46.338593,-4.250700,-5.415086,-12.221734,2.1813953,-2.6065784,-0.3297543
46.346580,-4.194068,-4.755734,-12.519822,2.1204340,-2.6041298,-0.4097430
46.359696,-18.262346,-2.901648,-6.362572,3.9476056,-0.0786066,-0.6635649
46.366610,-21.422558,-30.650278,25.257952,2.3411653,0.0117147,-0.2226337
46.373659,-8.979752,-28.380201,24.047213,0.5344602,-0.0380367,-0.0330810
46.380945,-1.654664,-4.692792,-3.736401,-0.0904832,0.0402935,0.0162866
46.389287,0.104081,0.309861,-6.894548,-0.0525679,0.0607503,0.0051793
46.401769,0.127187,-0.676849,-7.323527,-0.1661199,-0.0031754,-0.0017986
46.408813,0.003928,-0.988445,-6.772227,-0.3311741,-0.0031344,-0.0013037
46.415704,-0.022793,-1.131880,-6.464862,-0.5112403,-0.0029164,-0.0001674
46.422698,-0.016192,-1.050829,-6.650612,-0.6814070,-0.0022013,0.0006447
46.436540,-0.532556,-0.056742,-8.393070,-0.7955424,0.1211963,0.0017080
46.443581,-0.498132,0.021828,-10.308595,-0.8055791,0.3141472,-0.0463443
46.450633,-0.113694,0.061287,-10.989245,-0.5404329,0.3298474,-0.0808529
46.457543,-0.019950,0.038926,-12.458309,-0.3233408,0.3640035,-0.2056446
46.465080,-0.026357,0.012166,-13.011550,-0.1334272,0.3557265,-0.3592000
46.479044,0.004339,0.086444,-13.955260,0.1717437,0.2092035,-0.5974785
46.485813,0.027147,0.110651,-13.877981,0.2748133,0.0999740,-0.6193051
46.492785,0.040344,0.112357,-13.469539,0.3542556,-0.0143686,-0.5635585
46.499738,0.067371,0.138372,-13.143626,0.4270537,-0.1165363,-0.4300789
46.507765,0.046824,0.092529,-12.375850,0.4870647,-0.2124976,-0.2345230
46.521506,0.949081,1.182330,-11.714795,0.5635175,-0.3772631,-0.0327441
46.528407,0.129727,0.454104,-12.255957,0.5054023,-0.3337480,0.0027056
46.535363,0.728806,0.750901,-10.818825,0.6342010,-0.4522571,0.0032283
46.542648,-1.744017,-0.029695,-3.016105,0.6111512,-0.1404809,-0.0016567
46.556306,-0.488618,-0.914009,-6.987179,0.0088642,0.0130122,0.0016156
46.563206,0.043036,-0.077758,-9.418626,-0.0033926,0.0099909,0.0013591
46.570124,0.053577,0.040211,-9.870169,0.0000181,0.0034548,0.0002069
46.577180,-0.007253,0.015277,-9.850268,0.0025984,0.0019875,-0.0000909
46.591053,-0.009151,-0.015128,-9.806681,0.0021638,0.0018992,-0.0000276
46.598052,-0.014783,-0.004797,-9.810467,0.0029814,0.0017189,-0.0000568
46.605018,-0.011460,-0.013566,-9.809546,0.0027583,0.0017562,-0.0000095
46.612130,-0.000649,-0.011751,-9.809884,0.0022104,0.0016578,-0.0001188
46.626068,-0.011389,-0.010175,-9.803531,0.0029136,0.0020055,-0.0000411
46.632924,-0.000006,-0.014521,-9.811943,0.0021491,0.0017875,-0.0001068
46.639958,-0.009080,-0.016022,-9.811875,0.0021092,0.0013663,0.0000127
46.646892,-0.019141,-0.008337,-9.815814,0.0023070,0.0021254,0.0000406
46.653866,-0.018739,-0.007529,-9.798530,0.0028183,0.0023537,0.0000424
46.667689,-0.006054,-0.015356,-9.813730,0.0024247,0.0022325,0.0000942
46.674707,0.000189,-0.013718,-9.802177,0.0020372,0.0015457,0.0000298
46.681561,-0.015831,-0.007244,-9.807888,0.0020639,0.0021973,-0.0000286
46.688626,-0.017490,-0.005819,-9.806494,0.0028499,0.0022707,-0.0000285
46.702482,-0.009510,-0.015452,-9.810810,0.0021029,0.0015611,0.0000231
46.709538,-0.016541,-0.008579,-9.806973,0.0020371,0.0022741,-0.0000110
46.716435,-0.010595,-0.016718,-9.810723,0.0019756,0.0019773,0.0001281
46.723402,-0.011192,-0.004676,-9.813689,0.0022207,0.0023226,0.0000103
46.737242,-0.012172,-0.012352,-9.808050,0.0027690,0.0021894,0.0000037
46.744240,-0.000342,-0.011783,-9.816225,0.0023595,0.0020150,-0.0000777
46.751161,-0.014319,-0.020368,-9.806409,0.0019827,0.0018965,0.0001318
46.758148,-0.011353,-0.005129,-9.807703,0.0020620,0.0023055,-0.0000070
46.765080,-0.009285,-0.016381,-9.819390,0.0021497,0.0017861,0.0001528
46.779009,-0.011603,-0.014702,-9.818841,0.0021658,0.0019990,0.0001561
46.785902,-0.009265,-0.006446,-9.807536,0.0019878,0.0021369,0.0000079
46.793045,-0.016024,-0.003797,-9.813619,0.0030634,0.0020587,-0.0000061
46.799936,-0.011800,-0.013808,-9.808695,0.0028258,0.0021460,0.0000427
46.813906,-0.007024,-0.017344,-9.812618,0.0021890,0.0017452,0.0001468
46.820856,-0.011170,-0.006064,-9.802259,0.0020460,0.0021689,-0.0000072
46.827954,-0.011546,-0.016772,-9.808431,0.0019717,0.0019806,0.0001372
46.835343,-0.010147,-0.007652,-9.811322,0.0018410,0.0021734,0.0000332
46.842022,-0.011892,-0.016925,-9.812448,0.0018817,0.0020394,0.0001968
46.855990,-0.010218,-0.016538,-9.811743,0.0022376,0.0018593,0.0001366
46.862855,-0.010536,-0.007555,-9.805054,0.0019748,0.0021242,0.0000095
46.869813,-0.004823,-0.003756,-9.823436,0.0030506,0.0011423,-0.0000514
46.876790,-0.010847,-0.006436,-9.808757,0.0028462,0.0010548,-0.0001848
46.890749,-0.004778,-0.017707,-9.807008,0.0024565,0.0009907,-0.0001398
46.897704,-0.003541,-0.005490,-9.807435,0.0025841,0.0004843,-0.0003035
46.904599,-0.010978,-0.031986,-9.812715,0.0009930,0.0005383,0.0000582
46.911588,-0.011186,-0.011494,-9.800846,0.0007608,0.0006634,0.0000402
46.925686,-0.024159,-0.018326,-9.809857,0.0005018,0.0008130,0.0001730
46.932553,-0.004126,-0.008619,-9.808126,0.0003590,0.0006142,0.0000678
46.939598,-0.008901,-0.008256,-9.812000,0.0005280,0.0004674,0.0000288
46.946427,-0.005814,-0.007753,-9.809286,0.0006005,0.0002111,-0.0000564
46.960323,-0.000491,-0.007355,-9.800736,0.0003128,0.0005544,0.0000245
46.967255,-0.008450,-0.008473,-9.812577,0.0004420,0.0003885,-0.0000116
46.974229,-0.008626,0.003150,-9.808939,0.0011933,0.0002890,-0.0002761
46.981103,-0.016801,-0.022225,-9.815620,0.0008627,0.0003367,0.0000408
46.988047,-0.019888,-0.001916,-9.803961,0.0014675,0.0007178,-0.0000449
47.002023,-0.007746,-0.010114,-9.807457,-0.0001018,0.0000266,0.0000298
47.009088,-0.008886,-0.008376,-9.811825,0.0000341,-0.0001195,-0.0000041
47.016128,-0.003913,-0.008076,-9.808471,-0.0000825,-0.0003511,-0.0001133
47.023153,-0.019810,-0.013065,-9.813209,0.0000739,-0.0000271,0.0000555
47.036965,-0.011979,-0.011124,-9.800406,-0.0004053,0.0003111,0.0000453
47.043953,-0.007213,-0.008277,-9.809728,-0.0001636,0.0000026,0.0000324
47.050813,-0.011659,-0.010440,-9.812415,-0.0003027,0.0001614,0.0000186
47.057860,-0.000456,-0.000497,-9.810888,0.0001527,-0.0003460,-0.0002309
47.064823,-0.027636,-0.018856,-9.821140,-0.0005816,0.0008526,-0.0000392
47.078819,0.121418,0.136503,-9.807944,0.0261123,-0.0250647,0.0000503
47.085723,0.176873,0.161678,-9.816425,0.0536346,-0.0536586,0.0003489
47.093091,-0.002179,0.060182,-9.607271,0.0604687,-0.0497918,-0.0002301
47.099640,-0.274608,-0.063747,-9.230783,0.0501042,-0.0083895,-0.0004206
47.113662,0.012876,0.178965,-9.342689,0.0929106,-0.0000451,0.0005627
47.120581,0.004959,0.151867,-9.304932,0.1187709,-0.0017389,0.0007098
47.127629,-0.012805,0.215975,-9.349454,0.1452075,0.0002631,0.0005776
47.134603,0.002486,0.191846,-9.369703,0.1695796,0.0003373,0.0006215
47.141536,-0.007097,0.193637,-9.409142,0.1908797,0.0007849,0.0008018
47.155354,-0.009729,0.517487,-8.525860,0.3149474,0.0003831,0.0014939
47.162413,-0.011435,0.564616,-8.469530,0.3885472,0.0009436,0.0021337
47.169251,0.005494,0.575765,-8.417300,0.4616369,-0.0000090,0.0030179
47.176257,-0.015199,0.614219,-8.548944,0.5308656,0.0006640,0.0038863
47.190108,0.034032,0.601938,-8.932940,0.6659508,-0.0330197,0.0063921
47.197042,0.020254,0.479645,-9.056837,0.7007900,-0.0200148,0.0205771
47.203940,-0.202668,0.470946,-9.106396,0.7079099,0.0083512,0.0010866
47.210982,-0.188956,0.434233,-9.235353,0.7078721,0.0377049,0.0029200
47.217895,-0.185814,0.443957,-9.351920,0.7045866,0.0655794,0.0050065
47.232023,-0.138226,0.549085,-9.599037,0.6953952,0.1052728,0.0096157
47.239025,-0.522681,1.253356,-10.467956,0.7825623,0.2058623,0.0286202
47.246193,0.224111,0.396414,-9.465256,0.6941913,0.1390459,0.0069048
47.253132,0.060891,0.580910,-9.790207,0.6724182,0.1189550,0.0072827
47.266969,-0.003640,0.835243,-9.970220,0.6676813,0.1015773,0.0084237
47.274004,0.003028,0.861110,-9.972675,0.6680394,0.0893832,0.0089830
47.280871,-0.003354,0.928071,-10.001789,0.6690134,0.0777391,0.0093042
47.287868,-0.149490,0.770021,-9.810668,0.6543992,0.0938466,0.0303649
47.301674,-0.353101,0.965822,-9.506114,0.6070600,0.1618934,0.0156744
47.308739,-0.333622,1.020182,-9.484191,0.5934030,0.1909192,0.0181705
47.315834,-0.312721,1.096498,-9.507343,0.5846878,0.2139387,0.0201105
47.323192,-0.328278,1.113391,-9.570614,0.5839822,0.2262183,0.0257643
47.330373,-0.456306,1.012669,-9.648571,0.5954866,0.2197784,0.0427178
47.337270,-0.659766,0.887146,-9.769084,0.6176518,0.1987065,0.0725445
47.351311,0.048507,-0.412853,-9.584143,0.5585631,0.2623457,0.2007443
47.358343,0.030050,-0.226248,-9.716309,0.5033219,0.3136097,0.2572358
47.365253,0.027330,-0.262875,-9.910767,0.4579001,0.3423108,0.3809894
47.372076,0.728930,0.704322,-10.023282,0.3645329,0.4032443,0.5586799
47.385976,0.015241,-0.129704,-8.666557,0.4666511,0.3526788,0.8267525
47.392959,-0.003272,-0.018038,-8.094390,0.5691874,0.3314719,0.9734928
47.399902,-0.016176,0.034859,-7.676378,0.6578256,0.3028475,1.1090350
47.407085,-0.026234,0.084742,-7.264981,0.6780419,0.2392029,1.1881009
47.420805,-0.002770,0.020721,-6.801926,0.6180624,0.1128025,1.2007216
47.427979,-0.019632,0.080558,-6.936598,0.5735058,0.0740118,1.1537822
47.435037,0.004698,0.003109,-6.918890,0.5312259,0.0522520,1.0832653
47.442056,0.003368,0.007662,-7.089306,0.4987776,0.0446552,1.0032322
47.449026,-0.004426,0.031661,-7.303990,0.4772725,0.0452602,0.9245794
47.462897,-0.003806,0.028374,-7.674297,0.4588112,0.0540582,0.7919760
47.470252,-0.035336,0.126161,-7.952551,0.4571145,0.0570795,0.7463364
47.476792,0.033557,-0.086379,-7.936959,0.4571565,0.0576506,0.7162322
47.483691,0.000742,0.015676,-8.195109,0.4571719,0.0556201,0.7009304
47.497648,-0.002925,0.029571,-8.512959,0.4536467,0.0453120,0.7065730
47.504535,0.002690,0.014272,-8.640397,0.4498335,0.0382746,0.7219330
47.511556,-0.009487,0.052258,-8.777954,0.4450538,0.0308124,0.7416815
47.518442,0.004615,0.013709,-8.874995,0.4299690,0.0100741,0.7630937
47.525485,-0.008440,0.055771,-8.985736,0.4145790,-0.0109645,0.7839208
47.539315,0.013736,-0.003652,-9.128552,0.3901312,-0.0442844,0.8174365
47.546351,-0.006661,0.057844,-9.202440,0.3825873,-0.0545421,0.8282883
47.553251,0.011235,0.007263,-9.248678,0.3775849,-0.0612467,0.8349964
47.560264,-0.004708,0.049736,-7.436356,0.4205273,-0.0662275,0.8378214
47.574192,0.004683,0.017909,-5.373599,0.4928152,-0.0745194,0.8344291
47.581064,0.010050,0.001036,-4.819303,0.5150279,-0.0788181,0.8297691
47.588080,-0.004998,0.045055,-4.615786,0.5265905,-0.0832467,0.8241866
47.594999,0.004416,0.017274,-4.419243,0.5293015,-0.0876430,0.8183996
47.601896,0.008276,0.006341,-4.375365,0.5257893,-0.0918854,0.8129554
47.615846,0.003252,0.023270,-4.588958,0.5102781,-0.0995272,0.8046311
47.622721,0.009826,0.004829,-4.702623,0.5020099,-0.1029223,0.8020963
47.629824,-0.016511,0.085725,-5.025364,0.4948544,-0.1060848,0.8006673
47.636719,0.019672,-0.021558,-5.009719,0.4890900,-0.1091524,0.8002370
47.650707,0.015359,-0.017369,-3.448220,0.4355360,-0.1222166,0.8016192
47.657754,-0.007638,0.051350,-3.272725,0.4126707,-0.1280369,0.8029982
47.664691,0.002311,0.020401,-3.032662,0.3953765,-0.1328339,0.8045458
47.671658,0.005294,0.011701,-2.971518,0.3837569,-0.1366763,0.8061025
47.685607,0.023284,-0.041444,-3.004196,0.3746341,-0.1421311,0.8086730
47.692577,-0.003859,0.043372,-3.351755,0.3744499,-0.1442671,0.8095422
47.699491,0.004838,0.018409,-3.462976,0.3755400,-0.1463095,0.8101077
47.706413,0.002890,0.029898,-4.597589,0.3194011,-0.1499736,0.8103832
47.720346,0.011465,0.007717,-5.975500,0.1786066,-0.1578464,0.8102348
47.727281,0.002883,0.034129,-6.449231,0.1196735,-0.1605098,0.8099222
47.734205,0.004140,0.029520,-6.543118,0.0764155,-0.1621203,0.8095286
47.741202,-0.005411,0.057797,-6.625762,0.0493811,-0.1629280,0.8091071
47.748156,0.000688,0.039552,-6.650994,0.0363711,-0.1633190,0.8087009
47.762104,-0.009735,0.073451,-7.042084,-0.0733694,-0.2079920,0.8080570
47.768981,0.021620,-0.015760,-7.185828,-0.1749376,-0.2524081,0.8078494
47.776152,-0.021533,0.112383,-7.463048,-0.2627412,-0.2912111,0.8077253
47.783017,0.029021,-0.032562,-7.500141,-0.3290770,-0.3204992,0.8076759
47.797364,-0.039149,0.166227,-7.846028,-0.3890157,-0.3463901,0.8077525
47.803955,0.081274,-0.172365,-8.784581,-0.3329928,-0.3400747,0.8078496
47.811033,-0.004196,0.078386,-9.583155,-0.2613165,-0.3303695,0.8079603
47.819225,-0.118854,0.412616,-10.122638,-0.1888624,-0.3204018,0.8080737
47.824882,0.208276,-0.517029,-11.121903,-0.1300020,-0.3129723,0.8081788
47.838813,0.011052,0.055727,-11.707040,-0.0739334,-0.3089798,0.8083375
47.845800,0.015961,0.044962,-12.074446,-0.0731821,-0.3112267,0.8083845
47.852852,0.001987,0.086613,-12.323458,-0.0830395,-0.3146184,0.8084096
47.859760,0.025317,0.020882,-12.659452,-0.0976925,-0.3181360,0.8084157
47.873772,0.004780,0.081612,-12.964606,-0.1239275,-0.3230599,0.8083854
47.880661,0.025113,0.022714,-13.204258,-0.1316398,-0.3242820,0.8083578
47.887635,0.007475,0.066861,-12.229722,-0.0850254,-0.3003251,0.8083273
47.894595,0.005462,0.068292,-11.641897,-0.0290666,-0.2767241,0.8082974
47.908617,-0.019661,0.126574,-8.629405,0.0561574,-0.2464286,0.8082483
47.915539,0.010328,0.031568,-7.645172,0.0763595,-0.2417291,0.8082318
47.922364,0.008574,0.032956,-7.038949,0.0831776,-0.2422211,0.8082214
47.929423,-0.018813,0.114554,-6.768695,0.0810267,-0.2457366,0.8082166
47.943330,-0.013840,0.098311,-6.499232,0.0651118,-0.2551047,0.8082205
47.950238,-0.004247,0.068636,-6.485094,0.0568893,-0.2588846,0.8082268
47.957178,-0.008111,0.080923,-6.585637,0.0504183,-0.2615508,0.8082346
47.964162,-0.012962,0.096518,-6.728414,0.0460736,-0.2631673,0.8082427
47.971106,-0.011943,0.084409,-6.015042,0.0267872,-0.2360112,0.8082506
47.985041,-0.009508,0.064242,-5.362926,-0.0127123,-0.1790673,0.8082630
47.992009,-0.020426,0.094596,-5.336554,-0.0269575,-0.1586272,0.8082668
47.999142,-0.037910,0.146335,-5.444663,-0.0363748,-0.1456738,0.8082690
48.005882,0.002174,0.020663,-5.296031,-0.0414223,-0.1395434,0.8082699
48.019827,-0.006825,0.058433,-9.154643,-0.2494252,-0.2137129,0.8082681
48.026895,-0.023660,0.111711,-9.679298,-0.3370568,-0.2546656,0.8082663
48.033676,0.010338,0.012660,-10.142014,-0.3997511,-0.2866672,0.8082641
48.040716,-0.016904,0.095294,-10.488753,-0.4347351,-0.3065979,0.8082620
48.047766,-0.017183,0.096792,-10.801875,-0.4458698,-0.3151478,0.8082599
48.061908,-0.044381,0.175510,-11.229632,-0.4257950,-0.3100553,0.8082570
48.068809,0.035833,-0.057912,-11.650063,-0.4077620,-0.3026213,0.8082561
48.075857,-0.019101,0.098858,-11.660898,-0.3937486,-0.2964752,0.8082557
48.082943,-0.018923,0.097164,-11.799545,-0.3842810,-0.2921252,0.8082557
48.090015,-0.022708,0.106417,-11.902423,-0.3798575,-0.2899495,0.8082559
48.103649,-0.006635,0.057167,-12.142342,-0.3818305,-0.2904302,0.8082566
48.110638,-0.016494,0.084097,-12.172662,-0.3854307,-0.2918586,0.8082573
48.117835,-0.033617,0.131838,-12.158798,-0.3892154,-0.2933769,0.8082578
48.124848,0.002688,0.027129,-12.359457,-0.3926020,-0.2947179,0.8082584
48.138727,-0.017807,0.083869,-12.839654,-0.2410577,-0.2478280,0.8082590
48.145785,-0.030438,0.119892,-12.970900,-0.1746697,-0.2293762,0.8082591
48.152597,-0.011067,0.064193,-13.253336,-0.1295762,-0.2182855,0.8082593
48.159583,-0.027222,0.110066,-13.294639,-0.1069807,-0.2142456,0.8082593
48.173424,-0.022680,0.094806,-13.536832,-0.1099637,-0.2191571,0.8082590
48.180478,-0.034128,0.126168,-13.538575,-0.1225330,-0.2236386,0.8082588
48.187417,-0.021880,0.088859,-13.692818,-0.1354985,-0.2274323,0.8082588
48.194495,-0.040542,0.128828,-11.250077,-0.0906178,-0.1971489,0.8082587
48.201445,-0.033243,0.092696,-8.326295,-0.0360385,-0.1637357,0.8082585
48.215392,-0.045331,0.110983,-4.982070,0.0458726,-0.1174355,0.8082584
48.222260,-0.043610,0.100833,-4.107525,0.0655771,-0.1078000,0.8082584
48.229313,-0.059509,0.144128,-3.792646,0.0732765,-0.1052054,0.8082584
48.236152,-0.044934,0.096344,-2.687166,0.1360598,-0.0899752,0.8082584
48.250112,-0.055180,0.120076,-2.098705,0.2398915,-0.0636369,0.8082585
48.257092,-0.059253,0.129702,-2.139596,0.2720102,-0.0561785,0.8082585
48.264001,-0.056365,0.119199,-2.228423,0.2898423,-0.0526904,0.8082585
48.270926,-0.058908,0.124923,-2.483432,0.2962625,-0.0522091,0.8082585
48.277965,-0.068295,0.150982,-2.878082,0.2948453,-0.0536048,0.8082585
48.291962,-0.068624,0.148734,-3.519708,0.2816233,-0.0581675,0.8082587
48.298890,-0.062585,0.129190,-3.785306,0.2747302,-0.0600355,0.8082586
48.305785,-0.062024,0.125754,-4.100605,0.2693589,-0.0612788,0.8082587
48.312810,-0.073206,0.156665,-4.503693,0.2658881,-0.0618998,0.8082585
48.326698,-0.066537,0.133005,-4.993410,0.2640898,-0.0617835,0.8082587
48.333516,-0.060785,0.114110,-5.194139,0.2649370,-0.0613827,0.8082586
48.340511,-0.077957,0.161769,-5.529995,0.2663448,-0.0609453,0.8082585
48.347503,-0.079205,0.163199,-6.221109,0.2455402,-0.0582295,0.8082585
48.361419,-0.085716,0.174889,-7.123989,0.2012590,-0.0516234,0.8082585
48.368431,-0.086094,0.171834,-7.403850,0.1843527,-0.0486495,0.8082585
48.375357,-0.073560,0.132339,-7.572467,0.1729016,-0.0462416,0.8082585
48.382389,-0.089322,0.172906,-7.959246,0.0604478,-0.0794763,0.8082586
48.389258,-0.071288,0.118496,-8.146118,-0.0540151,-0.1165918,0.8082586
48.403393,-0.102255,0.196247,-8.538480,-0.2296571,-0.1747388,0.8082585
48.410186,-0.062436,0.082748,-8.599289,-0.2759220,-0.1894988,0.8082585
48.417112,-0.079369,0.126462,-8.760645,-0.2658536,-0.1932972,0.8082587
48.423999,-0.078516,0.121853,-8.873061,-0.2324779,-0.1905292,0.8082585
48.437829,-0.074972,0.107951,-9.049849,-0.1491516,-0.1780969,0.8082585
48.444845,-0.095943,0.161155,-9.134933,-0.1171229,-0.1728119,0.8082585
48.451749,-0.087588,0.135782,-9.185789,-0.0962005,-0.1694266,0.8082586
48.458798,-0.102368,0.171493,-9.242723,-0.0859070,-0.1679425,0.8082587
48.472609,-0.090747,0.132847,-9.310218,-0.0876473,-0.1688229,0.8082586
48.479847,-0.123114,0.213937,-9.353159,-0.0940253,-0.1700581,0.8082585
48.486694,-0.074745,0.084062,-9.365153,-0.0315487,-0.1521535,0.8082585
48.493767,-0.114826,0.185689,-9.407452,0.0351068,-0.1330241,0.8082585
48.500656,-0.098162,0.138973,-9.423191,0.0961878,-0.1161907,0.8082585
48.514621,-0.109261,0.161499,-9.454409,0.1702761,-0.0982115,0.8082586
48.521526,-0.111062,0.165360,-9.465924,0.2931423,-0.0711516,0.8082586
48.528713,-0.140288,0.240210,-9.469202,0.3934850,-0.0438803,0.8082587
48.535567,-0.098725,0.127967,-9.449491,0.4718069,-0.0211866,0.8082585
48.549610,-0.095386,0.110383,-9.423079,0.5396285,-0.0002118,0.8082586
48.556525,-0.128505,0.193998,-9.421764,0.5410616,0.0007374,0.8082585
48.563527,-0.138898,0.217326,-9.417520,0.5308591,-0.0018039,0.8082585
48.570409,-0.129629,0.187485,-9.410705,0.5156711,-0.0058241,0.8082585
48.577427,-0.144992,0.224095,-9.410978,0.5004339,-0.0098281,0.8082584
48.591330,-0.145248,0.214895,-9.407252,0.4800018,-0.0148342,0.8082585
48.600351,-0.306604,0.649113,-9.436551,0.4760505,-0.0155690,0.8082586
48.605125,0.180160,-0.682116,-9.347907,0.4754951,-0.0154268,0.8082585
48.612207,-0.164509,0.251899,-9.407872,0.4772153,-0.0147688,0.8082588
48.626346,-0.189188,0.307592,-9.335252,0.4795834,-0.0098647,0.8082584
48.632954,-0.121284,0.116425,-9.289240,0.4810043,-0.0075151,0.8082585
48.639982,-0.171264,0.246786,-9.283781,0.4822716,-0.0057335,0.8082584
48.646947,-0.162471,0.217103,-9.268973,0.4833284,-0.0045958,0.8082584
48.661324,-0.224784,0.374454,-9.275391,0.4848152,-0.0039335,0.8082584
48.668231,-0.115061,0.072454,-9.246189,0.4854060,-0.0041064,0.8082585
48.675273,-0.188936,0.264326,-9.266146,0.4858752,-0.0043648,0.8082587
48.682173,-0.174204,0.218322,-9.265419,0.4863250,-0.0046207,0.8082588
48.689135,-0.185007,0.241237,-9.271200,0.4867781,-0.0048088,0.8082588
48.703333,-0.198246,0.261577,-9.254326,0.3837913,-0.0294014,0.8082587
48.710293,-0.191391,0.232910,-9.250118,0.2630724,-0.0563878,0.8082586
48.716998,-0.157768,0.133051,-9.242298,0.1512720,-0.0797043,0.8082585
48.724122,-0.216952,0.280585,-9.250715,0.0662234,-0.0955294,0.8082585
48.737876,-0.194973,0.203668,-9.242834,-0.0131785,-0.1050587,0.8082585
48.744857,-0.207942,0.227844,-9.245773,-0.0868369,-0.1218376,0.8082584
48.751756,-0.199661,0.197073,-9.243058,-0.1496947,-0.1378601,0.8082584
48.758800,-0.220009,0.240360,-9.246094,-0.1977712,-0.1507116,0.8082584
48.772646,-0.213391,0.206105,-9.244188,-0.2424369,-0.1629439,0.8082585
48.779634,-0.221306,0.217410,-9.247685,-0.2445037,-0.1634983,0.8082585
48.786629,-0.226943,0.224604,-9.237724,-0.1875246,-0.1507743,0.8082585
48.795115,-0.386614,0.607476,-9.274730,-0.1160860,-0.1359661,0.8082586
48.800801,-0.022342,-0.281887,-9.185424,-0.0476953,-0.1228028,0.8082586
48.814678,-0.245032,0.243034,-9.239534,0.0396673,-0.1091783,0.8082585
48.821681,-0.241869,0.228541,-9.239847,0.0558162,-0.1083902,0.8082585
48.828709,-0.241580,0.220194,-9.241995,0.0581924,-0.1100837,0.8082585
48.835884,-0.277856,0.297289,-9.253416,0.0519811,-0.1128430,0.8082584
48.849642,-0.203006,0.105069,-9.243424,0.0304443,-0.1180640,0.8082584
48.856915,-0.298922,0.319811,-9.267729,0.0211105,-0.1195288,0.8082584
48.863815,-0.223270,0.135771,-9.254743,0.0141486,-0.1201797,0.8082583
48.870616,-0.248589,0.184918,-9.263054,0.0103132,-0.1201593,0.8082584
48.877646,-0.282611,0.254674,-9.272902,0.0087803,-0.1197537,0.8082584
48.891543,-0.285926,0.244638,-9.278540,0.0099100,-0.1186696,0.8082585
48.898510,-0.284486,0.235608,-9.251743,0.0991358,-0.1009683,0.8082587
48.905445,-0.288677,0.239088,-9.235451,0.1867087,-0.0817969,0.8082587
48.912505,-0.310128,0.281242,-9.225977,0.2624720,-0.0655184,0.8082585
48.926488,-0.295169,0.233270,-9.198496,0.3500802,-0.0487860,0.8082587
48.933334,-0.296102,0.226907,-9.192199,0.3624474,-0.0477530,0.8082585
48.940730,-0.371222,0.388349,-9.208229,0.3609892,-0.0495772,0.8082585
48.947594,-0.270742,0.152635,-9.182744,0.3507826,-0.0529166,0.8082586
48.961504,-0.334426,0.276580,-9.202366,0.3264026,-0.0586827,0.8082584
48.968387,-0.323070,0.241093,-9.203206,0.3171361,-0.0602691,0.8082584
48.975432,-0.342808,0.276400,-9.211075,0.3111497,-0.0609189,0.8082585
48.982241,-0.321902,0.218764,-9.210849,0.3083811,-0.0608378,0.8082585
48.989203,-0.348833,0.267337,-9.145349,0.2771384,-0.0558733,0.8082585
49.003119,-0.349568,0.242934,-9.070144,0.2179946,-0.0430890,0.8082585
49.010662,-0.441314,0.437488,-9.081939,0.1979581,-0.0375911,0.8082585
49.017691,-0.307650,0.125313,-9.026022,0.1853283,-0.0331838,0.8082585
49.024651,-0.375621,0.264652,-9.045212,0.1808855,-0.0307298,0.8082586
49.031577,-0.362806,0.224577,-9.024258,0.1162620,-0.0546611,0.8082586
49.045499,-0.394669,0.272784,-9.033751,-0.0207809,-0.1179719,0.8082587
49.052420,-0.383478,0.237428,-9.031487,-0.0692070,-0.1413670,0.8082587
49.059423,-0.398868,0.259929,-9.039507,-0.0991776,-0.1560508,0.8082586
49.066343,-0.389504,0.228697,-9.040812,-0.1125762,-0.1626900,0.8082587
49.080276,-0.402202,0.233991,-9.058318,-0.1068896,-0.1600641,0.8082585
49.087218,-0.410461,0.240300,-9.068602,-0.0970204,-0.1553598,0.8082585
49.094221,-0.424440,0.258769,-9.080668,-0.0870482,-0.1506665,0.8082586
49.101109,-0.413035,0.223493,-9.084523,-0.0789046,-0.1469193,0.8082586
49.115109,-0.456324,0.291695,-9.111525,-0.0706143,-0.1433501,0.8082586
49.122008,-0.421987,0.208701,-9.107412,-0.0700125,-0.1432278,0.8082586
49.129024,-0.450408,0.256916,-9.122206,-0.0472707,-0.1366720,0.8082586
49.135970,-0.445030,0.234994,-9.126721,-0.0205138,-0.1296230,0.8082585
49.142905,-0.448636,0.231804,-9.132876,0.0040525,-0.1236059,0.8082585
49.156798,-0.443504,0.199534,-9.139201,0.0345847,-0.1174102,0.8082585
49.163822,-0.482895,0.271731,-9.140937,0.1276355,-0.0976793,0.8082585
49.170684,-0.464505,0.225506,-9.127594,0.2144813,-0.0767457,0.8082586
49.177839,-0.514746,0.318843,-9.132926,0.2866759,-0.0592186,0.8082587
49.191585,-0.501908,0.272080,-9.112193,0.3653572,-0.0412539,0.8082586
49.198525,-0.503544,0.265398,-9.104486,0.4030513,-0.0351598,0.8082587
49.205457,-0.508447,0.264657,-9.097409,0.4260997,-0.0316654,0.8082589
49.212480,-0.528189,0.294140,-9.097239,0.4381353,-0.0303950,0.8082589
49.219346,-0.509868,0.244531,-9.088773,0.4414064,-0.0307242,0.8082588
49.233368,-0.505839,0.211672,-9.086936,0.4333076,-0.0334236,0.8082586
49.240347,-0.546577,0.283505,-9.098604,0.4272369,-0.0346833,0.8082585
49.247428,-0.568343,0.316385,-9.105625,0.4219792,-0.0355349,0.8082586
49.254448,-0.549397,0.264003,-9.103770,0.4182160,-0.0359343,0.8082587
49.268266,-0.561471,0.262504,-9.111810,0.4157755,-0.0356808,0.8082588
49.275372,-0.598521,0.327936,-9.121494,0.4164037,-0.0353020,0.8082586
49.284367,-0.826854,0.800698,-9.164082,0.4176820,-0.0349092,0.8082586
49.290100,-0.169786,-0.608001,-9.055369,0.4195614,-0.0345162,0.8082587
49.296972,-0.583522,0.253506,-9.125726,0.4210162,-0.0342976,0.8082587
49.310979,-0.618404,0.300412,-9.134356,0.4232546,-0.0341238,0.8082587
49.317902,-0.611403,0.269647,-9.124249,0.3882969,-0.0389865,0.8082587
49.324895,-0.629195,0.292029,-9.123446,0.3530117,-0.0442793,0.8082586
49.331889,-0.636136,0.290849,-9.122977,0.3219905,-0.0486805,0.8082586
49.345817,-0.639425,0.266352,-9.124066,0.2852437,-0.0527900,0.8082585
49.352855,-0.664866,0.305344,-9.128209,0.2796595,-0.0527564,0.8082587
49.359850,-0.659467,0.275511,-9.166736,0.1295942,-0.0991985,0.8082587
49.366783,-0.652538,0.242362,-9.188685,-0.0201191,-0.1469573,0.8082587
49.373820,-0.668684,0.258836,-9.199229,-0.1506119,-0.1878272,0.8082586
49.387585,-0.664983,0.216611,-9.192478,-0.2997747,-0.2306947,0.8082586
49.394683,-0.701843,0.278055,-9.191264,-0.3223716,-0.2348234,0.8082585
49.401484,-0.658158,0.169590,-10.126595,-0.3777847,-0.2438883,0.8082584
49.411207,-1.009094,0.880761,-10.315635,-0.3863067,-0.2358447,0.8082584
49.422362,-0.707747,0.222777,-11.705595,-0.3654765,-0.2110554,0.8082587
49.429379,-0.720191,0.232353,-12.080098,-0.3478287,-0.2007947,0.8082587
49.436256,-0.704488,0.185466,-12.471814,-0.3323891,-0.1942275,0.8082587
49.443356,-0.745612,0.252698,-12.648091,-0.3216594,-0.1913876,0.8082587
49.450273,-0.708811,0.165007,-13.025019,-0.3161277,-0.1914932,0.8082585
49.464315,-0.740940,0.198378,-13.325918,-0.3171678,-0.1958620,0.8082585
49.471164,-0.726598,0.155678,-13.544032,-0.3206372,-0.1981615,0.8082586
49.478303,-0.781166,0.245494,-13.470606,-0.3243181,-0.1998113,0.8082585
49.485149,-0.739056,0.150049,-13.760940,-0.3274866,-0.2007090,0.8082584
49.499103,-0.710593,0.067746,-14.086150,-0.3312150,-0.2007447,0.8082582
49.506035,-0.776223,0.176684,-13.812068,-0.3061636,-0.1935125,0.8082583
49.513030,-0.792614,0.193630,-13.762259,-0.2811100,-0.1862464,0.8082583
49.519971,-0.791617,0.178122,-13.788201,-0.2606516,-0.1805757,0.8082584
49.533791,-0.794530,0.155933,-13.820001,-0.2416686,-0.1760662,0.8082585
49.540732,-0.811269,0.171891,-13.770264,-0.2414038,-0.1764270,0.8082585
49.548121,-0.879329,0.278189,-13.264825,-0.2286476,-0.1602245,0.7479578
49.554940,-0.810539,0.140779,-12.768417,-0.2129801,-0.1395304,0.6454324
49.568857,-0.818931,0.132760,-11.568451,-0.1909395,-0.1081952,0.3982217
49.575875,-0.854326,0.187504,-11.178286,-0.1865562,-0.1015754,0.2855476
49.582830,-0.849745,0.173533,-10.976979,-0.1856800,-0.0999207,0.1905415
49.589777,-0.855164,0.178806,-10.844026,-0.1872560,-0.1017115,0.1181081
49.596770,-0.862857,0.189110,-10.775187,-0.1901843,-0.1053505,0.0695082
49.610654,-0.818768,0.106391,-10.866774,-0.1963941,-0.1130094,0.0387508
49.617567,-0.856404,0.170380,-10.872914,-0.1985420,-0.1155197,0.0499538
49.624602,-0.877446,0.204930,-10.916101,-0.1997804,-0.1168144,0.0728764
49.631515,-0.863990,0.177831,-11.022716,-0.2002317,-0.1170558,0.1029523
49.645723,-0.926119,0.279697,-11.075560,-0.1997267,-0.1156211,0.1681910
49.652308,-0.824281,0.094701,-11.359620,-0.1992471,-0.1145633,0.1971961
49.659302,-0.885644,0.197832,-11.311133,-0.1988453,-0.1135973,0.2207419
49.666514,-0.913598,0.242154,-11.050606,-0.1905024,-0.1099808,0.2001750
49.673247,-0.860510,0.144038,-11.044067,-0.1819012,-0.1065198,0.1542551
49.687232,-0.890952,0.191807,-10.925418,-0.1697764,-0.1021772,0.0230662
49.694295,-0.900509,0.207195,-10.913750,-0.1674052,-0.1015254,-0.0451527
49.701096,-0.878048,0.167051,-10.969657,-0.1670888,-0.1016872,-0.1059184
49.708104,-0.901651,0.209612,-10.951642,-0.1681469,-0.1024152,-0.1559451
49.722253,-0.919891,0.245866,-10.980230,-0.1717908,-0.1045249,-0.2165031
49.729164,-0.879338,0.177252,-10.686720,-0.1497450,-0.1078069,-0.2408426
49.736218,-0.909803,0.237470,-10.420378,-0.1252896,-0.1107430,-0.2590121
49.742940,-0.873869,0.176875,-10.316660,-0.1034467,-0.1128221,-0.2711193
49.756818,-0.899011,0.232483,-10.174956,-0.0782603,-0.1141112,-0.2785608
49.763807,-0.902107,0.243555,-9.975163,-0.0661046,-0.1163339,-0.2891891
49.770667,-0.888578,0.223259,-9.800660,-0.0568015,-0.1198702,-0.3006690
49.777788,-0.913360,0.276666,-9.693034,-0.0508661,-0.1231181,-0.3120066
49.791622,-0.895696,0.254322,-9.643808,-0.0477760,-0.1271250,-0.3306598
49.798710,-0.906287,0.281605,-9.663227,-0.0489552,-0.1278233,-0.3369123
49.805589,-0.879722,0.234201,-9.708344,-0.0508218,-0.1279095,-0.3409310
49.813690,-0.981259,0.450537,-9.729736,-0.0526771,-0.1276379,-0.3427906
49.819466,-0.764775,0.004583,-9.866921,-0.0541736,-0.1272188,-0.3428283
49.833479,-0.879998,0.260600,-9.919727,-0.0625252,-0.1336039,-0.3284651
49.840865,-0.916918,0.348766,-9.949055,-0.0659198,-0.1367145,-0.3187202
49.847622,-0.853771,0.216323,-10.049673,-0.0682030,-0.1390866,-0.3086991
49.854733,-0.895253,0.316083,-10.067215,-0.0692826,-0.1404735,-0.2997486
49.868596,-0.879785,0.294814,-10.176428,-0.0690333,-0.1410474,-0.2864569
49.875778,-0.896820,0.342192,-10.197636,-0.0683333,-0.1406930,-0.2827430
49.882742,-0.865417,0.274533,-10.275352,-0.0675570,-0.1401871,-0.2808590
49.889736,-0.879297,0.314852,-10.291545,-0.0669187,-0.1397242,-0.2806251
49.896655,-0.872148,0.304481,-10.332211,-0.0664601,-0.1393702,-0.2816662
49.910913,-0.845518,0.251867,-10.406698,-0.0669095,-0.1429812,-0.2803621
49.917803,-0.863269,0.305571,-10.386758,-0.0678159,-0.1470015,-0.2753175
49.924852,-0.874892,0.345043,-10.376094,-0.0686817,-0.1505623,-0.2692975
49.933234,-0.934743,0.519758,-10.275846,-0.0693657,-0.1532452,-0.2629001
49.945868,-0.869825,0.357645,-10.413545,-0.0699321,-0.1554395,-0.2518517
49.953075,-0.876773,0.386778,-10.407755,-0.0698992,-0.1553975,-0.2479144
49.960364,-0.873474,0.386764,-10.421515,-0.0697452,-0.1549639,-0.2451702
49.967065,-0.835809,0.280039,-10.511877,-0.0695383,-0.1543856,-0.2436536
49.973942,-0.850725,0.333973,-10.485928,-0.0693398,-0.1538608,-0.2432435
49.987956,-0.854541,0.364004,-10.486998,-0.0690657,-0.1532507,-0.2448077
49.995034,-0.855903,0.378898,-10.486154,-0.0690019,-0.1531789,-0.2463237
50.001867,-0.844368,0.348384,-10.519212,-0.0689800,-0.1532226,-0.2480076
50.008875,-0.852003,0.385891,-10.499311,-0.0689872,-0.1533360,-0.2496700
50.022672,-0.838806,0.359091,-10.302032,-0.0624267,-0.1563116,-0.2654473
50.029701,-0.846561,0.402351,-10.220772,-0.0592698,-0.1576651,-0.2747061
50.036550,-0.837270,0.378019,-10.197873,-0.0569403,-0.1586527,-0.2835548
50.043541,-0.840341,0.405378,-10.164403,-0.0555609,-0.1592416,-0.2912898
50.050519,-0.836853,0.405700,-10.156009,-0.0550207,-0.1594919,-0.2974690
50.064515,-0.833132,0.415791,-9.721960,-0.0495501,-0.1494493,-0.2701969
50.071895,-0.842802,0.478638,-9.614295,-0.0470241,-0.1446066,-0.2477464
50.078910,-0.814428,0.347834,-9.535645,-0.0449651,-0.1406601,-0.2214928
50.085812,-0.825442,0.416362,-9.510117,-0.0438245,-0.1385443,-0.1982701
50.099679,-0.821614,0.419615,-9.507692,-0.0431296,-0.1376598,-0.1617191
50.106647,-0.822439,0.437755,-9.527396,-0.0432309,-0.1382015,-0.1501592
50.113624,-0.821017,0.442259,-9.552942,-0.0434297,-0.1389592,-0.1432714
50.120533,-0.818008,0.435238,-9.582744,-0.0436318,-0.1397060,-0.1406547
50.134430,-0.814323,0.436541,-9.649162,-0.0438860,-0.1407200,-0.1452821
50.141369,-0.813959,0.449364,-9.631518,-0.0443797,-0.1394427,-0.1478846
50.148383,-0.813577,0.463566,-9.629557,-0.0449055,-0.1378532,-0.1500166
50.155289,-0.809876,0.446585,-9.635855,-0.0453553,-0.1363200,-0.1515947
50.162393,-0.811292,0.482681,-9.648869,-0.0456650,-0.1351223,-0.1525878
50.176481,-0.809398,0.517145,-9.682664,-0.0458689,-0.1339603,-0.1530275
50.183427,-0.802375,0.424310,-10.377411,-0.0356127,-0.1025577,-0.1380132
50.190387,-0.806745,0.476561,-10.598894,-0.0236667,-0.0672210,-0.1144561
50.197339,-0.807976,0.479017,-10.816017,-0.0124073,-0.0344700,-0.0857754
50.211160,-0.809622,0.475301,-11.162715,0.0012401,0.0056162,-0.0271133
50.218162,-0.811027,0.494598,-11.261847,0.0032456,0.0120800,-0.0023580
50.225026,-0.810316,0.477173,-11.403035,0.0030153,0.0120264,0.0172156
50.232087,-0.811859,0.506500,-11.444158,0.0015500,0.0081179,0.0309827
50.245973,-0.811538,0.499665,-11.604084,-0.0019840,-0.0024506,0.0417285
50.252888,-0.811066,0.490285,-11.681610,-0.0031879,-0.0063886,0.0401304
50.259885,-0.811968,0.503672,-11.703890,-0.0038559,-0.0087684,0.0352792
50.266952,-0.812863,0.515854,-11.720768,-0.0040586,-0.0097033,0.0283275
50.273981,-0.811737,0.490564,-11.814542,-0.0039207,-0.0095289,0.0201336
50.287763,-0.812516,0.497338,-11.861890,-0.0032261,-0.0076545,0.0046694
50.294791,-0.813625,0.518606,-11.838628,-0.0028710,-0.0066205,-0.0015239
50.301644,-0.812590,0.495690,-11.914425,-0.0025838,-0.0057766,-0.0062350
50.308511,-0.812807,0.501001,-11.922874,-0.0023805,-0.0051846,-0.0093572
50.322535,-0.813404,0.516699,-11.921202,-0.0021827,-0.0046541,-0.0112332
50.329564,-0.813980,0.529737,-11.905590,-0.0021465,-0.0045912,-0.0104396
50.336460,-0.812909,0.509596,-11.968489,-0.0021244,-0.0045779,-0.0088727
50.343483,-0.813975,0.533139,-11.924912,-0.0021021,-0.0045675,-0.0068581
50.357337,-0.813542,0.525533,-11.968141,-0.0020284,-0.0044630,-0.0025201
50.364314,-0.813888,0.533354,-11.960039,-0.0019759,-0.0043611,-0.0006275
50.371266,-0.813908,0.532407,-11.973350,-0.0019167,-0.0042349,0.0009088
50.378387,-0.814189,0.539269,-11.966761,-0.0018520,-0.0040911,0.0020440
50.385253,-0.813549,0.523459,-12.016526,-0.0017891,-0.0039480,0.0027316
50.399280,-0.815058,0.554899,-11.957170,-0.0016713,-0.0036781,0.0029814
50.406139,-0.814002,0.530311,-12.029033,-0.0016176,-0.0035565,0.0026811
50.413018,-0.814246,0.535184,-12.026072,-0.0015672,-0.0034442,0.0022060
50.419982,-0.816413,0.523262,-13.299610,-0.2828805,0.0154955,-0.0884928
50.433819,-0.809902,0.470632,-11.112135,-0.7331516,-0.0041705,-0.3377465
50.440788,-0.805852,0.501199,-9.626966,-0.8593675,-0.0312002,-0.4653457
50.447803,-0.799518,0.512287,-8.603803,-0.9210117,-0.0629286,-0.5793650
50.454802,-0.792182,0.518124,-7.893285,-0.9348643,-0.0925770,-0.6725730
50.468683,-0.775775,0.519826,-7.093580,-0.8898535,-0.1286296,-0.7846366
50.476014,-0.768676,0.563184,-7.160270,-0.8589684,-0.1332600,-0.8036527
50.482660,-0.759876,0.523228,-6.866453,-0.8326975,-0.1315828,-0.8023160
50.489614,-0.754233,0.568842,-4.407943,-0.7241359,-0.1316479,-0.8145661
50.496616,-0.747282,0.586283,-2.811001,-0.6334746,-0.1296112,-0.8235825
50.510433,-0.732186,0.602144,-1.063773,-0.5174204,-0.1221684,-0.8318217
50.517358,-0.723905,0.609649,-0.822546,-0.4936692,-0.1183234,-0.8317079
50.524283,-0.715540,0.615487,-0.798775,-0.4870442,-0.1152292,-0.8295177
50.531318,-0.706469,0.622357,-1.075709,-0.4919127,-0.1131628,-0.8259004
50.545212,-0.689538,0.629263,-1.584629,-0.5166313,-0.1120222,-0.8168551
50.552123,-0.681599,0.632186,-1.822562,-0.5296508,-0.1125468,-0.8124534
50.559061,-0.672798,0.634946,-2.234376,-0.5405215,-0.1134528,-0.8086397
50.566040,-0.664055,0.637280,-2.635404,-0.5486238,-0.1145100,-0.8056194
50.579986,-0.647900,0.648889,-1.642135,-0.4269086,-0.1197864,-0.8022619
50.586923,-0.640628,0.656022,-1.382204,-0.3681414,-0.1212866,-0.8018371
50.593843,-0.632339,0.660774,-1.395524,-0.3205804,-0.1216850,-0.8020811
50.600785,-0.623824,0.664782,-1.535782,-0.2866613,-0.1211353,-0.8028257
50.607707,-0.615802,0.670409,-1.679415,-0.2660410,-0.1199467,-0.8038983
50.621835,-0.597023,0.676931,-4.664880,-0.0838785,-0.1268990,-0.6813459
50.628847,-0.590699,0.690364,-5.411510,0.0070562,-0.1337110,-0.6041274
50.635938,-0.580973,0.688319,-6.166738,0.0776552,-0.1406453,-0.5313739
50.643114,-0.575930,0.700079,-6.347694,0.1292679,-0.1477316,-0.4650383
50.657052,-0.565938,0.712036,-6.445174,0.1714718,-0.1586167,-0.3747477
50.664109,-0.559405,0.712190,-6.550287,0.1715287,-0.1615941,-0.3522152
50.670924,-0.558339,0.722890,-6.485699,0.1640519,-0.1629171,-0.3431441
50.678201,-0.546623,0.713321,-6.722575,0.1529673,-0.1629069,-0.3454148
50.685084,-0.551554,0.733135,-6.502734,0.1409761,-0.1619840,-0.3568635
50.698970,-0.536654,0.732120,-7.937526,0.1252878,-0.1474434,-0.3146380
50.705868,-0.534679,0.738137,-8.370168,0.1220721,-0.1401571,-0.2810450
50.712894,-0.528279,0.738157,-8.782934,0.1215509,-0.1342669,-0.2452288
50.719812,-0.527607,0.744168,-9.101676,0.1229758,-0.1302588,-0.2108378
50.733718,-0.520791,0.748671,-9.627578,0.1284463,-0.1276810,-0.1566142
50.740658,-0.518446,0.751578,-9.830098,0.1312369,-0.1283004,-0.1393382
50.747664,-0.513631,0.752106,-9.998350,0.1335393,-0.1294934,-0.1290120
50.754581,-0.513621,0.756277,-10.145829,0.1352274,-0.1308122,-0.1250169
50.768460,-0.509367,0.761081,-10.372252,0.1368826,-0.1327049,-0.1317191
50.775367,-0.505811,0.762683,-10.454941,0.1371053,-0.1330727,-0.1397590
50.782372,-0.499911,0.763264,-10.514952,0.1371310,-0.1330934,-0.1491597
50.789280,-0.501313,0.769922,-10.988436,0.1724919,-0.1197049,-0.0784818
50.803220,-0.502360,0.779308,-11.625211,0.2419606,-0.0904437,0.1230919
50.810325,-0.495766,0.779956,-11.787420,0.2652945,-0.0818682,0.2283239
50.817063,-0.510541,0.784202,-12.075350,0.2784633,-0.0787668,0.3232924
50.824088,-0.501529,0.782146,-12.107163,0.2830782,-0.0799269,0.4015635
50.831107,-0.506124,0.781517,-12.231246,0.2818755,-0.0835181,0.4602475
50.845269,-0.507848,0.770375,-12.322659,0.2004835,-0.0849399,0.6746845
50.852041,-0.528581,0.760314,-12.478147,0.1644545,-0.0833552,0.7696163
50.859057,-0.522835,0.754810,-12.358631,0.1396506,-0.0802814,0.8468103
50.866201,-0.524872,0.748814,-12.300332,0.1263249,-0.0766597,0.9038178
50.880035,-0.555523,0.729574,-12.404552,0.1253698,-0.0715568,0.9560811
50.887039,-0.553349,0.722540,-9.695352,0.1082878,-0.0732365,0.9553676
50.894060,-0.562805,0.711730,-7.105896,0.0889400,-0.0754957,0.9413662
50.900798,-0.581738,0.697525,-5.202050,0.0721047,-0.0773897,0.9185193
50.907809,-0.574653,0.696006,-4.258708,0.0597846,-0.0786253,0.8908183
50.921738,-0.612249,0.668924,-2.733863,0.0488380,-0.0792932,0.8340510
50.928816,-0.589642,0.677124,-3.147946,0.0484393,-0.0790260,0.8102192
50.935703,-0.605127,0.665599,-3.003979,0.0498747,-0.0785701,0.7913910
50.942822,-0.600631,0.665060,-3.340970,0.0521815,-0.0780526,0.7781272
50.956575,-0.618827,0.649086,-3.718452,0.0566844,-0.0772060,0.7679731
50.963628,-0.617671,0.647137,-4.116804,0.0582476,-0.0769576,0.7696108
50.970487,-0.632114,0.635760,-4.293422,0.0592411,-0.0768298,0.7743499
50.977530,-0.628382,0.635550,-4.952074,0.0589419,-0.0759487,0.7811341
50.991371,-0.644753,0.620282,-5.719083,0.0571362,-0.0741178,0.7966545
50.998340,-137.326950,295.398163,-437.127472,-20.6732445,0.7638550,1.6015555
51.005257,-136.754486,-8.935287,-175.082626,6.3143854,-0.1662049,-0.4400242
51.012409,-0.141376,0.519744,-12.695175,5.2581167,-0.2377260,-0.3368544
51.019205,-0.111398,0.462919,-15.663493,3.8223419,-0.3526914,-0.1871277
51.033139,-0.099230,0.158213,-16.026836,1.0510597,-0.5061450,0.2135284
51.040108,-0.116949,0.089610,-14.137180,0.3442394,-0.4273224,0.4294839
51.047132,-0.135642,0.065982,-12.680145,0.0381245,-0.2812009,0.6323133
51.053991,-0.150459,0.040729,-10.649857,-0.0006982,-0.1244686,0.8067845
51.068015,-0.166532,0.073199,-5.909983,0.2576717,0.0635615,1.0381188
51.075150,-0.168496,0.076956,-5.627490,0.4087589,0.0796825,1.0917351
51.081918,-0.165541,0.043738,-5.313985,0.5242040,0.0582709,1.1075891
51.088978,-0.169576,0.086189,-5.483821,0.5977702,0.0181889,1.0931269
51.102907,-0.168389,0.077074,-5.670599,0.6310449,-0.0603901,1.0043082
51.109888,-0.167542,0.065067,-5.819313,0.6083120,-0.0836374,0.9459953
51.116889,-0.169247,0.073340,-6.063890,0.5737467,-0.0945469,0.8882480
51.123817,-0.169705,0.065688,-6.263578,0.5359817,-0.0959050,0.8361585
51.130765,-0.170955,0.064835,-6.484263,0.5004318,-0.0910855,0.7928168
51.144741,-0.175968,0.088433,-6.958089,0.4471434,-0.0748496,0.7393271
51.151613,-0.173518,0.045150,-7.060235,0.4295591,-0.0673758,0.7290201
51.158563,-0.176700,0.066387,-7.281887,0.4166787,-0.0617910,0.7281010
51.165755,-0.180912,0.100385,-9.522126,0.1520494,-0.0591098,0.6728244
51.179967,-0.172365,-0.045530,-10.523424,-0.3247825,-0.0599076,0.5245540
51.186996,-0.180139,0.025936,-10.797896,-0.4659863,-0.0651136,0.4551187
51.193943,-0.177383,-0.011255,-11.098060,-0.5440392,-0.0728627,0.3942451
51.200817,-0.177410,-0.013211,-11.328305,-0.5684960,-0.0805794,0.3466825
51.207822,-0.179312,0.007714,-11.497934,-0.5584907,-0.0863456,0.3132330
51.221658,-0.176708,-0.024750,-11.878965,-0.5033810,-0.0895164,0.2873840
51.228662,-0.181502,0.012760,-11.938208,-0.5384778,-0.0810676,0.2576320
51.235604,-0.181990,-0.000119,-12.070588,-0.5776261,-0.0700138,0.2143415
51.242572,-0.183561,0.000484,-12.155364,-0.6168067,-0.0599325,0.1643388
51.256576,-0.189552,0.018858,-12.489248,-0.5111505,-0.0062747,0.0714901
51.263551,-0.192560,0.008719,-12.781737,-0.3807814,0.0456182,0.0390460
51.270565,-0.198244,0.035647,-12.905382,-0.2779688,0.0898629,0.0177496
51.277652,-0.201252,0.038680,-13.066894,-0.2131753,0.1213418,0.0066898
51.291527,-0.194251,0.044151,-12.949484,-0.0223936,0.0626609,-0.0265160
51.298846,-0.197110,0.097916,-12.712851,0.0251951,0.0227956,-0.0429136
51.305396,-0.181205,0.002105,-13.031381,0.0418414,-0.0095065,-0.0573985
51.312383,-0.187823,0.064318,-12.763972,0.0354408,-0.0298845,-0.0689024
51.320719,-0.204398,0.196976,-12.252393,0.0158264,-0.0392166,-0.0771452
51.333526,-0.183978,0.031822,-12.781866,-0.0331115,-0.0355394,-0.0839956
51.340470,-0.187434,0.054645,-12.678547,-0.0509175,-0.0293162,-0.0832827
51.347509,-0.189287,0.065427,-12.622132,-0.0632361,-0.0232569,-0.0806803
51.354381,-0.187459,0.045768,-12.676151,-0.0707897,-0.0185449,-0.0768330
51.368372,-0.189909,0.064723,-12.587348,-0.0773646,-0.0142294,-0.0677896
51.375414,-0.189520,0.061447,-12.587371,-0.0791671,-0.0140700,-0.0635312
51.382392,-0.188187,0.049943,-12.607038,-0.0812364,-0.0146115,-0.0599084
51.389279,-0.188191,0.050645,-12.589489,-0.0838970,-0.0153823,-0.0571633
51.403253,-0.187502,0.045097,-12.588651,-0.0912319,-0.0165733,-0.0543226
51.410378,-0.190326,0.071928,-12.486105,-0.0955456,-0.0167816,-0.0541090
51.417288,-0.187902,0.048761,-12.564178,-0.0999578,-0.0167502,-0.0545205
51.424155,-0.187046,0.055767,-11.086366,-0.0531683,-0.0326197,-0.0561405
51.431161,-0.187592,0.075785,-10.096696,0.0020025,-0.0502552,-0.0584804
51.445059,-0.186442,0.083068,-9.004004,0.0838328,-0.0759692,-0.0639047
51.451935,-0.185030,0.069621,-8.721818,0.1014170,-0.0816129,-0.0664158
51.458886,-0.185719,0.078851,-8.596331,0.1055492,-0.0832486,-0.0685316
51.465952,-0.186531,0.090488,-8.569013,0.1004068,-0.0822060,-0.0701510
51.480035,-0.188587,0.107973,-7.286010,0.0786027,-0.0688935,-0.1302407
51.487813,-0.191175,0.162274,-6.688506,0.0676222,-0.0569409,-0.2039417
51.493748,-0.183878,-0.062513,-5.065586,0.0587786,-0.0466066,-0.2830392
51.500682,-0.188349,0.073104,-5.347108,0.0288033,-0.0322230,-0.3748107
51.507669,-0.188409,0.083294,-5.198056,-0.0008746,-0.0202767,-0.4608412
51.521636,-0.186975,0.080060,-5.140189,-0.0438091,-0.0089420,-0.5935137
51.528654,-0.185967,0.083910,-5.262390,-0.0547513,-0.0088075,-0.6343105
51.535551,-0.184746,0.077545,-5.374321,-0.0599010,-0.0106758,-0.6573373
51.542456,-0.183501,0.078239,-5.558721,-0.0611743,-0.0133255,-0.6646317
51.556370,-0.180854,0.081199,-5.929926,-0.0376721,-0.0216978,-0.6666302
51.563340,-0.179229,0.095453,-6.162139,-0.0109710,-0.0275088,-0.6740203
51.570272,-0.177835,0.094158,-6.322414,0.0133537,-0.0320602,-0.6805405
51.577330,-0.176022,0.110578,-6.557823,0.0316292,-0.0348439,-0.6857969
51.591285,-0.173652,0.103414,-6.841149,0.0473135,-0.0357299,-0.6919411
51.598234,-0.172315,0.105846,-6.991827,0.0466888,-0.0347736,-0.6928585
51.605120,-0.171433,0.100539,-7.105084,0.0428926,-0.0335452,-0.6926284
51.612215,-0.168702,0.124985,-7.306072,0.0375920,-0.0323904,-0.6915206
51.619129,-0.169142,0.099929,-7.335793,0.0320020,-0.0314993,-0.6898040
51.632941,-0.165506,0.115902,-7.569437,0.0232193,-0.0307366,-0.6857402
51.639884,-0.164096,0.116753,-7.888186,0.0274631,-0.0327257,-0.6843272
51.646922,-0.161498,0.129715,-8.143786,0.0341856,-0.0352235,-0.6833259
51.653818,-0.161471,0.116644,-8.285565,0.0411106,-0.0375597,-0.6827363
51.667774,-0.156776,0.135984,-8.445899,0.0504132,-0.0404062,-0.6826208
51.674716,-0.157649,0.118080,-8.505799,-0.1036414,-0.0229269,-0.7025254
51.681820,-0.155067,0.128982,-8.582417,-0.2455740,-0.0035297,-0.7276171
51.688689,-0.157991,0.097201,-8.837426,-0.4132122,0.0186528,-0.7544113
51.696684,-0.142673,0.191991,-9.121313,-0.5434058,0.0345401,-0.7802502
51.703637,-0.171252,-0.011877,-9.092587,-0.6420537,0.0428310,-0.8060617
51.717677,-0.149574,0.104418,-9.379600,-0.6862882,0.0374800,-0.8361555
51.724548,-0.151232,0.086798,-9.442914,-0.6718180,0.0311899,-0.8433083
51.731588,-0.145249,0.109372,-9.519938,-0.6485338,0.0256853,-0.8456929
51.738380,-0.146880,0.096763,-9.567919,-0.6244535,0.0219525,-0.8442035
51.752317,-0.140596,0.113425,-9.663235,-0.5917278,0.0202924,-0.8335605
51.759210,-0.139886,0.112799,-9.696852,-0.5854932,0.0214896,-0.8263991
51.767172,-0.124553,0.150686,-9.736845,-0.5848430,0.0232411,-0.8191724
51.773156,-0.152111,0.082169,-9.743995,-0.5880057,0.0250539,-0.8125247
51.787119,-0.133301,0.120137,-9.791247,-0.5987990,0.0276717,-0.8027136
51.794344,-0.126411,0.131428,-9.782706,-0.5325168,0.0170012,-0.7998980
51.801238,-0.131563,0.130028,-9.783650,-0.4666899,0.0040125,-0.7984365
51.808539,-0.120489,0.140214,-9.788967,-0.4149505,-0.0063844,-0.7982177
51.815558,-0.125385,0.142286,-9.790741,-0.3781115,-0.0136422,-0.7990167
51.829487,-0.117772,0.146979,-9.797799,-0.3559421,-0.0171788,-0.8022808
51.836304,-0.119035,0.150459,-9.800199,-0.3608443,-0.0157684,-0.8042387
51.843255,-0.115775,0.149623,-9.802406,-0.3704337,-0.0136619,-0.8061314
51.850240,-0.113702,0.149521,-9.803667,-0.3811393,-0.0116433,-0.8078015
51.864202,-0.110209,0.150072,-9.804220,-0.3977253,-0.0093321,-0.8101250
51.871150,-0.108075,0.160224,-9.689984,-0.2954175,-0.0267735,-0.8107188
51.878201,-0.104069,0.167031,-9.538013,-0.1718965,-0.0467195,-0.8109626
51.885249,-0.102164,0.178532,-9.423743,-0.0564223,-0.0637052,-0.8109060
51.892148,-0.101503,0.190540,-9.335350,0.0304394,-0.0745271,-0.8106193
51.905990,-0.097069,0.198523,-9.062798,0.1488917,-0.0866945,-0.8096747
51.912977,-0.093742,0.198881,-8.928731,0.1947531,-0.0921161,-0.8091461
51.920205,-0.088281,0.193469,-8.869942,0.2217367,-0.0950969,-0.8086538
51.927188,-0.093637,0.211173,-8.745336,0.2325457,-0.0959528,-0.8082204
51.941034,-0.088360,0.204959,-8.726376,0.1904658,-0.0872638,-0.8076757
51.948116,-0.084354,0.198956,-8.753506,0.1421026,-0.0782868,-0.8075562
51.954961,-0.087966,0.202488,-8.753885,0.0752778,-0.0656459,-0.8075258
51.961997,-0.083197,0.195022,-8.821916,0.0151930,-0.0549095,-0.8075677
51.975788,-0.082303,0.195098,-8.880616,-0.0581478,-0.0441066,-0.8077900
51.982791,-0.079703,0.194185,-8.921018,-0.0705814,-0.0436061,-0.8079318
51.989731,-0.079158,0.196802,-8.945508,-0.0713295,-0.0450552,-0.8080720
51.996719,-0.077224,0.198062,-8.976929,-0.0648395,-0.0473859,-0.8081990
52.003701,-0.075014,0.199129,-9.007570,-0.0552972,-0.0497066,-0.8083031
52.017606,-0.072357,0.203350,-9.052216,-0.0377273,-0.0526110,-0.8084302
52.024498,-0.071824,0.206215,-9.067440,-0.0323500,-0.0530147,-0.8084534
52.031628,-0.065320,0.200388,-9.110044,-0.0294752,-0.0529035,-0.8084542
52.038500,-0.071935,0.213207,-9.087812,-0.0286489,-0.0524792,-0.8084366
52.052407,-0.064757,0.209017,-9.134930,-0.0305037,-0.0515095,-0.8083708
52.059546,-0.058901,0.204203,-9.150569,-0.0239253,-0.0521575,-0.8083323
52.066533,-0.065560,0.217830,-9.115055,-0.0150144,-0.0531384,-0.8082945
52.073470,-0.060345,0.213865,-9.133515,-0.0069347,-0.0539967,-0.8082625
52.087513,-0.059564,0.219696,-9.131609,0.0036411,-0.0548894,-0.8082191
52.094482,-0.055260,0.216508,-9.147842,0.0056741,-0.0549182,-0.8082088
52.101465,-0.053402,0.216900,-9.153952,0.0060879,-0.0547832,-0.8082051
52.108377,-0.055391,0.222537,-9.145315,0.0054408,-0.0545777,-0.8082072
52.115375,-0.050107,0.217852,-9.164466,0.0043044,-0.0543847,-0.8082133
52.129314,-0.049878,0.222946,-9.162987,0.0020324,-0.0541785,-0.8082325
52.136571,-0.039588,0.211576,-9.198227,0.0013029,-0.0541758,-0.8082428
52.143152,-0.056124,0.236609,-9.138529,0.0008992,-0.0542187,-0.8082522
52.150179,-0.042861,0.220860,-9.151676,0.0020121,-0.0490019,-0.8009090
52.164091,-0.041341,0.222970,-9.122668,0.0053987,-0.0368867,-0.7817470
52.170952,-0.044608,0.229420,-9.100821,0.0069123,-0.0323758,-0.7722464
52.177984,-0.038960,0.223961,-9.115314,0.0080498,-0.0294674,-0.7638953
52.185011,-0.038304,0.224373,-9.010803,0.0017393,-0.0241967,-0.7117515
52.191992,-0.042112,0.230484,-8.931579,-0.0065230,-0.0193097,-0.6485528
52.205858,-0.039766,0.229102,-8.872844,-0.0203289,-0.0132305,-0.5246424
52.212842,-0.037712,0.227229,-8.864536,-0.0243729,-0.0119509,-0.4732965
52.219857,-0.035840,0.225646,-8.863404,-0.0264028,-0.0115656,-0.4334943
52.226729,-0.038578,0.230459,-8.846313,-0.0268436,-0.0117793,-0.4062656
52.240681,-0.034037,0.226230,-8.877441,-0.0251025,-0.0129565,-0.3870435
52.247822,-0.029314,0.220571,-8.909340,-0.0238580,-0.0135311,-0.3917541
52.254760,-0.038354,0.234525,-8.876400,-0.0227483,-0.0139621,-0.4033899
52.261633,-0.036380,0.232790,-8.896099,-0.0219765,-0.0141976,-0.4188957
52.268609,-0.031721,0.227155,-8.926557,-0.0215412,-0.0142685,-0.4360656
52.282512,-0.034066,0.219573,-8.972827,-0.1689965,0.0325943,-0.5586511
52.289429,-0.035167,0.216701,-8.976618,-0.2335086,0.0538404,-0.6250649
52.296400,-0.033714,0.211634,-8.979791,-0.2800871,0.0676774,-0.6861904
52.303397,-0.032482,0.208713,-8.973940,-0.3072769,0.0737135,-0.7377018
52.317430,-0.029517,0.194972,-9.364881,-0.4447459,0.0788234,-0.8120419
52.324294,-0.033293,0.203263,-9.529288,-0.5087416,0.0698863,-0.8369303
52.331299,-0.027783,0.189335,-9.682831,-0.5550153,0.0564218,-0.8515818
52.338214,-0.028085,0.193958,-9.804257,-0.5789618,0.0422098,-0.8569826
52.345206,-0.025843,0.190954,-9.908386,-0.5850848,0.0302604,-0.8545661
52.359588,-0.013969,0.146859,-10.050961,-0.5680346,0.0186653,-0.8343816
52.366062,-0.031088,0.237835,-10.159074,-0.5553349,0.0183689,-0.8204538
52.372928,-0.022759,0.197996,-10.193403,-0.5444865,0.0203929,-0.8063044
52.380104,-0.015832,0.172556,-10.209562,-0.4463228,0.0052856,-0.7971034
52.393842,-0.016927,0.217515,-10.298162,-0.2650084,-0.0276898,-0.7876139
52.400767,-0.014398,0.213589,-10.318298,-0.2073057,-0.0381632,-0.7868904
52.407801,-0.016026,0.218698,-10.355431,-0.1719393,-0.0396856,-0.7874624
52.414791,-1.427206,5.040573,-18.180494,1.2117610,0.9938726,-0.5144437
52.421668,-1.384207,5.275349,-21.503172,1.9565479,0.1744745,-0.2250130
52.435577,-1.216635,3.361769,-21.766672,1.0410852,-0.0025004,-0.0956842
52.442600,-0.723976,2.942523,-20.102940,0.4967832,-0.0068886,-0.0935155
52.449558,-0.608533,2.462410,-18.711411,0.0228094,-0.0079591,-0.1566423
52.456445,-0.449112,1.825572,-17.039978,-0.3579170,-0.0098261,-0.2777050
52.470421,-0.137824,0.616930,-12.930075,-0.8072588,-0.0162294,-0.6262156
52.477366,-0.030729,0.210751,-11.002995,-0.8632060,-0.0333927,-0.8056700
52.484391,-0.003830,0.128932,-9.977438,-0.7813420,-0.0926398,-0.9505786
52.491306,-0.000878,0.154945,-9.378784,-0.6206977,-0.1343686,-1.0516524
52.498279,0.000512,0.158339,-9.010068,-0.4513516,-0.1478045,-1.1082830
52.512414,-0.000281,0.169933,-8.695901,-0.2091040,-0.1121866,-1.1099958
52.519367,-0.001590,0.184307,-8.750441,-0.1002335,-0.0870601,-1.0706276
52.526372,-0.002554,0.195102,-8.841086,-0.0162891,-0.0652830,-1.0149733
52.533272,-0.002843,0.193716,-8.963264,0.0336356,-0.0510028,-0.9538693
52.547267,-0.001962,0.182132,-9.229087,0.0555745,-0.0424427,-0.8376691
52.554228,-0.002170,0.189040,-9.700954,0.0332488,-0.0385451,-0.7917348
52.561173,-0.002169,0.189822,-10.063155,0.0040249,-0.0348143,-0.7572661
52.568104,-0.001899,0.184169,-10.341288,-0.0231419,-0.0317191,-0.7350665
52.575076,-0.001574,0.172451,-10.603042,-0.1179225,-0.0291042,-0.7242605
52.588938,-0.001199,0.161893,-10.950786,-0.2716612,-0.0273575,-0.7302194
52.595894,-0.000760,0.156538,-11.054963,-0.3142709,-0.0285805,-0.7425967
52.602782,-0.000560,0.161609,-11.097798,-0.3336027,-0.0307588,-0.7581605
52.609801,0.000369,0.146578,-11.088805,-0.3352749,-0.0331757,-0.7748229
52.623631,0.000730,0.161944,-11.136519,-0.3125505,-0.0362381,-0.8049684
52.630733,0.001618,0.136700,-11.101234,-0.2990481,-0.0363505,-0.8162866
52.637650,0.001070,0.171241,-11.161688,-0.2881534,-0.0356356,-0.8245078
52.644649,0.001638,0.148728,-11.128571,-0.2813553,-0.0344558,-0.8293779
52.651612,0.001631,0.153807,-11.139524,-0.2782125,-0.0331255,-0.8312895
52.665554,0.001884,0.147326,-11.135067,-0.2793110,-0.0309418,-0.8282552
52.672408,0.001494,0.168678,-11.570003,-0.3011019,-0.0251214,-0.8244954
52.679475,0.001385,0.128628,-11.762880,-0.3222129,-0.0189014,-0.8201262
52.686351,0.001024,0.151833,-12.043964,-0.3396852,-0.0136978,-0.8156455
52.700219,0.001116,0.141962,-12.603718,-0.3003432,-0.0110531,-0.8079316
52.707239,0.001328,0.134429,-12.871688,-0.2396291,-0.0130839,-0.8051864
52.714167,0.001767,0.151735,-13.168024,-0.1844857,-0.0147985,-0.8033144
52.721086,0.001980,0.155148,-13.384427,-0.1446955,-0.0154554,-0.8022932
52.728127,0.001632,0.137332,-13.496673,-0.1226904,-0.0150178,-0.8020290
52.742042,0.001796,0.146416,-13.808728,-0.1198194,-0.0124807,-0.8032047
52.749090,0.001366,0.133374,-13.868326,-0.1287450,-0.0113349,-0.8042921
52.756525,-0.000607,0.081771,-13.761504,-0.1386793,-0.0106072,-0.8055092
52.763503,0.005332,0.221094,-14.387760,-0.1474481,-0.0103155,-0.8067943
52.770398,0.002205,0.148912,-14.162764,-0.1522662,-0.0103738,-0.8078544
52.784447,0.001438,0.129801,-14.177476,-0.1540995,-0.0107338,-0.8093551
52.791236,0.003430,0.162886,-14.339580,-0.1526921,-0.0107843,-0.8097539
52.798164,0.002088,0.138326,-14.269485,-0.1508429,-0.0106819,-0.8099319
52.805285,0.000038,0.105767,-14.163825,-0.1491183,-0.0104441,-0.8099211
52.819489,0.003099,0.134985,-14.139939,-0.1053593,-0.0218266,-0.8094898
52.826449,0.004317,0.144916,-14.129280,-0.0873133,-0.0264280,-0.8091713
52.833372,0.004643,0.144587,-14.089491,-0.0758236,-0.0290643,-0.8088415
52.840269,0.005138,0.147716,-14.069915,-0.0705912,-0.0298918,-0.8085312
52.854239,0.005015,0.142650,-13.998878,-0.0723409,-0.0283512,-0.8080556
52.861129,0.004915,0.140119,-13.936822,-0.0756031,-0.0271353,-0.8079107
52.868079,0.003919,0.127843,-13.856241,-0.0786551,-0.0261196,-0.8078285
52.875034,0.003844,0.125505,-13.821244,-0.0808424,-0.0254400,-0.8078029
52.882025,0.003605,0.120144,-12.617391,-0.0601049,-0.0312124,-0.8064772
52.896125,0.001594,0.095492,-11.241388,-0.0126808,-0.0433679,-0.8030982
52.902802,0.011022,0.178021,-10.970177,0.0029749,-0.0467981,-0.8014450
52.909770,0.005144,0.125225,-9.968737,0.0249617,-0.0502757,-0.7671978
52.916735,0.005236,0.125430,-9.373253,0.0428477,-0.0525846,-0.7248273
52.930830,0.000784,0.085806,-8.831955,0.0611832,-0.0542013,-0.6369976
52.937582,0.010355,0.162379,-8.587908,-0.0148450,-0.0477185,-0.6337961
52.944540,0.004617,0.112257,-8.582201,-0.0950658,-0.0392694,-0.6469411
52.951596,0.002375,0.091214,-8.627701,-0.1645642,-0.0318053,-0.6717123
52.965628,-0.000742,0.059369,-9.181952,-0.2880974,-0.0195373,-0.7374346
52.972373,0.011319,0.147859,-9.525356,-0.3429727,-0.0142417,-0.7709866
52.979385,0.002574,0.076650,-9.831520,-0.3758879,-0.0123291,-0.8001532
52.986392,0.002789,0.073835,-10.073150,-0.3899175,-0.0130616,-0.8236849
53.000221,0.005074,0.083138,-10.557775,-0.3092895,-0.0254175,-0.8511386
53.007152,0.006584,0.091461,-10.733486,-0.2671824,-0.0298044,-0.8554186
53.014193,0.003907,0.071079,-10.852062,-0.2352221,-0.0318148,-0.8545410
53.021763,-0.008995,-0.017688,-10.878516,-0.2157175,-0.0317997,-0.8496669
53.028270,0.025802,0.213521,-11.187016,-0.2076839,-0.0304663,-0.8419296
53.042343,0.009158,0.098166,-11.202975,-0.2137861,-0.0269869,-0.8235357
53.049345,0.007752,0.086569,-11.235914,-0.2209936,-0.0257509,-0.8148748
53.056231,0.009194,0.092901,-11.278002,-0.2276438,-0.0250596,-0.8075865
53.063495,-0.003018,0.015598,-11.221190,-0.2327064,-0.0248325,-0.8019457
53.077139,0.008488,0.079500,-11.330523,-0.2371810,-0.0252047,-0.7959945
53.084080,0.008111,0.074817,-11.338315,-0.2372338,-0.0255071,-0.7954648
53.091012,0.008687,0.075541,-11.349051,-0.2365426,-0.0257516,-0.7961968
53.098037,0.005332,0.054139,-11.332913,-0.2355775,-0.0258951,-0.7978501
53.111873,0.000880,0.056219,-11.291712,-0.1652330,0.0326189,-0.8025500
53.118797,0.003023,0.079565,-11.303224,-0.1325458,0.0606718,-0.8049964
53.125751,0.000319,0.073259,-11.287078,-0.1088119,0.0814734,-0.8072023
53.132759,-0.002900,0.061016,-11.268047,-0.0950318,0.0939612,-0.8090222
53.139591,0.005255,0.099302,-11.303531,-0.0898539,0.0991004,-0.8103774
53.153763,-0.007367,0.036876,-11.237864,-0.0951911,0.0955299,-0.8116601
53.160680,0.010856,0.109271,-11.312064,-0.1009228,0.0908507,-0.8116691
53.167679,0.002193,0.069090,-11.271988,-0.1060726,0.0865171,-0.8113644
53.174637,0.001365,0.062228,-11.265921,-0.1098610,0.0832604,-0.8108500
53.188660,-0.002197,0.044311,-11.249791,-0.1129971,0.0804949,-0.8095419
53.195503,0.009498,0.083662,-11.290230,-0.1128650,0.0806084,-0.8089013
53.202391,0.006597,0.071396,-11.278568,-0.1121396,0.0812735,-0.8083429
53.209345,0.002320,0.055259,-11.262992,-0.1111847,0.0821746,-0.8078986
53.216267,0.004567,0.060921,-11.269081,-0.1102624,0.0830752,-0.8075835
53.230181,0.002474,0.054164,-10.934197,0.0670560,0.0424775,-0.8073289
53.237127,0.007899,0.070275,-10.853026,0.1440593,0.0242153,-0.8073587
53.244052,0.010625,0.077576,-10.793451,0.1975629,0.0122204,-0.8074628
53.251098,0.004531,0.043996,-10.472627,0.1325057,-0.0334215,-0.8076154
53.265585,0.011809,0.030457,-10.160898,-0.0590090,-0.1173090,-0.8079816
53.272158,0.052325,0.130196,-10.113798,-0.1327997,-0.1429163,-0.8081475
53.279178,0.017526,0.028362,-10.045581,-0.1813039,-0.1575093,-0.8082878
53.286181,0.017706,0.025063,-10.029793,-0.2048370,-0.1628731,-0.8083945
53.300156,0.030888,0.059843,-10.061441,-0.2005127,-0.1570674,-0.8085029
53.307240,0.009974,0.002656,-10.074403,-0.1866999,-0.1511886,-0.8085094
53.314124,0.026973,0.051731,-10.120275,-0.1721926,-0.1456051,-0.8084919
53.321094,0.018445,0.027814,-10.148744,-0.1602029,-0.1412575,-0.8084572
53.327993,0.023644,0.042715,-10.189502,-0.1520303,-0.1384477,-0.8084124
53.341911,0.019100,0.024148,-10.375116,-0.2149163,-0.1281784,-0.8083158
53.348911,0.015996,0.010390,-10.482078,-0.2807675,-0.1200504,-0.8082733
53.355819,0.024420,0.030854,-10.577724,-0.3367432,-0.1143756,-0.8082386
53.362880,0.009817,-0.015859,-10.611361,-0.3752878,-0.1117689,-0.8082135
53.376740,0.020313,0.011915,-10.842428,-0.4907541,-0.0770941,-0.8081912
53.383805,0.005906,-0.030088,-10.903004,-0.5663520,-0.0375999,-0.8081922
53.390781,0.012079,-0.008524,-10.989926,-0.6211429,-0.0032154,-0.8081988
53.397763,0.006081,-0.024544,-11.031553,-0.6518164,0.0205597,-0.8082093
53.404646,0.016886,0.010027,-11.103461,-0.6622963,0.0333833,-0.8082222
53.418715,-0.003980,-0.056058,-11.567163,-0.6711111,0.0451527,-0.8082476
53.425489,0.023089,0.024412,-12.061702,-0.6579368,0.0363916,-0.8082584
53.432528,-0.000354,-0.052312,-12.269700,-0.6444297,0.0239958,-0.8082665
53.439373,0.018814,0.002867,-12.607542,-0.6331378,0.0120794,-0.8082723
53.453426,0.006259,-0.042268,-12.939403,-0.6225290,-0.0021785,-0.8082770
53.460390,0.011796,-0.027228,-13.117404,-0.6225383,-0.0040562,-0.8082759
53.467604,-0.012028,-0.102001,-13.117195,-0.6245753,-0.0035177,-0.8082739
53.475164,-0.024500,-0.142898,-13.156552,-0.6275706,-0.0015908,-0.8082703
53.482188,0.059338,0.111487,-13.698693,-0.6305976,0.0007828,-0.8082667
53.495912,0.004878,-0.052448,-13.528211,-0.6339486,0.0036858,-0.8082600
53.502778,0.018758,-0.010570,-13.647230,-0.6346141,0.0042449,-0.8082575
53.510960,-0.107929,-0.398324,-13.007789,-0.6348450,0.0043423,-0.8082557
53.517287,0.130136,0.323897,-14.300294,-0.6348587,0.0041406,-0.8082544
53.531198,0.013429,-0.029721,-13.721810,-0.6348814,0.0035777,-0.8082539
53.538097,0.015415,-0.024386,-13.743991,-0.6350389,0.0033959,-0.8082544
53.544989,0.015603,-0.024329,-13.753276,-0.6353014,0.0033118,-0.8082552
53.552092,-0.010581,-0.103384,-13.628501,-0.6356412,0.0033104,-0.8082559
53.559087,0.002440,-0.064631,-13.697173,-0.6360197,0.0033647,-0.8082568
53.572962,0.030040,0.015970,-13.830719,-0.6367882,0.0035325,-0.8082585
53.580084,-0.014303,-0.114835,-13.618924,-0.6371275,0.0036058,-0.8082592
53.587043,0.015562,-0.027440,-13.755634,-0.6374420,0.0036627,-0.8082598
53.593920,0.020353,-0.013255,-13.772744,-0.6377258,0.0037035,-0.8082600
53.607881,0.010329,-0.042914,-13.715877,-0.6382389,0.0037534,-0.8082601
53.614963,-0.008726,-0.098242,-13.626404,-0.6384820,0.0037718,-0.8082598
53.621817,0.041029,0.044162,-13.833817,-0.6387269,0.0037907,-0.8082594
53.628804,0.002069,-0.065855,-13.653955,-0.5886459,-0.0102506,-0.8082593
53.642667,0.019904,-0.015291,-13.709818,-0.5129939,-0.0375862,-0.8082586
53.649685,-0.000290,-0.072594,-13.620310,-0.4941700,-0.0451858,-0.8082584
53.656633,0.010605,-0.041968,-13.658411,-0.4874868,-0.0483331,-0.8082584
53.663455,0.031078,0.015223,-13.733860,-0.4893224,-0.0482149,-0.8082581
53.672887,27.722099,78.442940,-114.317474,-0.3910387,-0.0750516,-0.8082582
53.679700,-0.364835,-1.059585,-11.784950,-0.2679107,-0.1084891,-0.8082582
53.693623,0.040764,0.061058,-12.470426,0.1333148,-0.2116626,-0.8082584
53.700634,0.013913,-0.007224,-12.206261,0.2412793,-0.2349780,-0.8082583
53.707529,0.039660,0.064190,-11.822500,0.2582594,-0.2383475,-0.8082583
53.714561,0.008729,-0.018012,-11.483580,0.2270199,-0.2306343,-0.8082585
53.721442,0.029379,0.036576,-10.358516,0.0905364,-0.1992669,-0.8082584
53.735312,0.070563,0.141411,-9.087360,-0.1611010,-0.1449606,-0.8082585
53.742259,0.010687,-0.015266,-8.787643,-0.2352110,-0.1316920,-0.8082586
53.749285,-0.003558,-0.052304,-8.632966,-0.2714118,-0.1274855,-0.8082587
53.756274,0.002551,-0.036420,-8.575805,-0.2781019,-0.1295636,-0.8082587
53.770161,0.013171,-0.008342,-8.666706,-0.2454536,-0.1408480,-0.8082587
53.777178,0.000159,-0.040792,-8.778778,-0.2243482,-0.1457265,-0.8082588
53.784176,0.001327,-0.037172,-8.904398,-0.2071239,-0.1488653,-0.8082588
53.790987,0.038929,0.057656,-9.036060,-0.1955688,-0.1502666,-0.8082587
53.804943,0.007097,-0.022160,-9.317243,-0.1882999,-0.1495793,-0.8082586
53.811916,0.012115,-0.010166,-9.451342,-0.1898061,-0.1485513,-0.8082585
53.818885,0.006063,-0.025320,-9.574834,-0.1926597,-0.1476273,-0.8082584
53.825768,0.022614,0.013321,-9.732989,-0.2342303,-0.1389889,-0.8082585
53.832898,-0.024794,-0.104223,-9.838822,-0.2741860,-0.1304083,-0.8082585
53.846804,0.003623,-0.038034,-10.062089,-0.3298450,-0.1196321,-0.8082584
53.853806,-0.001633,-0.046479,-9.565687,-0.2504525,-0.1382623,-0.8082585
53.860819,0.009015,-0.016914,-9.261069,-0.1472889,-0.1596543,-0.8082585
53.867758,0.015795,0.003057,-9.065792,-0.0509873,-0.1777487,-0.8082586
53.874891,-0.023889,-0.088385,-8.955719,0.0227234,-0.1897028,-0.8082585
53.888693,0.058093,0.105753,-8.871225,0.0900759,-0.1957159,-0.8082585
53.895670,0.008065,-0.010873,-8.900770,0.0918759,-0.1930516,-0.8082585
53.902686,0.002379,-0.024841,-8.942436,0.0822199,-0.1891706,-0.8082585
53.909663,0.006632,-0.016228,-8.995770,0.0677923,-0.1855055,-0.8082586
53.923720,-0.006024,-0.047233,-9.123371,0.0417479,-0.1814287,-0.8082586
53.930558,0.048866,0.073235,-9.189178,0.0342440,-0.1811770,-0.8082586
53.937418,0.028346,0.026510,-9.253804,0.0307594,-0.1817206,-0.8082587
53.944402,0.002710,-0.030779,-9.313340,0.0303404,-0.1826717,-0.8082586
53.958286,0.022341,0.011906,-9.328558,0.0577686,-0.1843949,-0.8082586
53.965346,-0.013586,-0.063827,-9.309662,0.0859580,-0.1846658,-0.8082585
53.972182,0.032680,0.035518,-9.313360,0.1109939,-0.1843825,-0.8082585
53.979571,-0.078457,-0.197386,-9.315332,0.1294671,-0.1836569,-0.8082585
53.987321,-0.075979,-0.190965,-9.333999,0.1410785,-0.1826418,-0.8082584
54.001293,-0.004287,-0.041798,-9.392950,0.1451071,-0.1809193,-0.8082586
54.008293,0.026942,0.020269,-9.424836,0.1421344,-0.1805601,-0.8082585
54.015347,-0.016079,-0.066430,-9.446022,0.1384813,-0.1805226,-0.8082585
54.022283,0.021751,0.007824,-9.478447,0.1350970,-0.1807360,-0.8082585
54.029287,0.003022,-0.029840,-9.500520,0.1326438,-0.1811039,-0.8082585
54.043173,-0.012159,-0.059916,-9.542459,0.1309153,-0.1819221,-0.8082585
54.050185,0.007780,-0.020501,-9.710108,0.1739697,-0.1894684,-0.8082585
54.057026,0.027052,0.017405,-9.807891,0.2164784,-0.1967465,-0.8082585
54.064164,-0.037098,-0.101437,-9.804779,0.2532312,-0.2024739,-0.8082585
54.078025,-0.002631,-0.035371,-9.845799,0.2948949,-0.2072090,-0.8082585
54.085030,-0.010763,-0.049891,-9.853231,0.3004549,-0.2068768,-0.8082586
54.091932,0.013515,-0.006547,-9.871378,0.2993880,-0.2056749,-0.8082588
54.098910,-0.008224,-0.043545,-9.867445,0.2964579,-0.1886672,-0.8082587
54.105844,-0.003230,-0.032873,-9.820803,0.2604316,-0.1504596,-0.8082586
54.119920,0.021560,0.012026,-9.614565,0.1902252,-0.0795258,-0.8082587
54.126759,0.019671,0.008832,-9.550590,0.1676865,-0.0581411,-0.8082585
54.133708,-0.018041,-0.053856,-9.505298,0.1556209,-0.0473625,-0.8082585
54.140664,-0.021036,-0.058642,-9.481298,0.1520527,-0.0448523,-0.8082585
54.147576,-0.011087,-0.042298,-9.460589,0.1815848,-0.0593424,-0.7873684
54.161377,0.027454,0.017634,-9.462510,0.2438637,-0.0947660,-0.7330192
54.168479,-0.054455,-0.108864,-9.463124,0.2661891,-0.1081610,-0.7060075
54.175390,-0.012336,-0.044455,-9.475489,0.2800137,-0.1167876,-0.6822589
54.182622,-0.081126,-0.147375,-9.481804,0.2862231,-0.1209589,-0.6631572
54.196509,-0.023811,-0.061922,-9.514239,0.2836682,-0.1200785,-0.6410468
54.203417,-0.017255,-0.052605,-9.529562,0.2793524,-0.1175676,-0.6379200
54.210399,-0.036134,-0.079543,-9.542254,0.2751120,-0.1149527,-0.6389541
54.217395,-0.041260,-0.086473,-9.555429,0.2717984,-0.1127793,-0.6431501
54.224293,-0.015393,-0.050979,-9.588181,0.2581307,-0.1094197,-0.6364363
54.238139,-0.015631,-0.052629,-9.635444,0.2351475,-0.1050261,-0.6175881
54.245182,-0.056414,-0.107355,-9.645885,0.2284121,-0.1042482,-0.6078150
54.252203,-0.055771,-0.106159,-9.658683,0.2251244,-0.1042194,-0.5990446
54.259150,-0.034472,-0.077916,-9.670701,0.2245758,-0.1046681,-0.5918077
54.273039,-0.018920,-0.057533,-9.679852,0.2280107,-0.1059871,-0.5830187
54.280012,-0.052004,-0.098978,-9.677937,0.2303017,-0.1064967,-0.5814612
54.287195,-0.100403,-0.158569,-9.673541,0.2322937,-0.1068097,-0.5814644
54.293906,0.008193,-0.023752,-9.692297,0.2337650,-0.1069262,-0.5826908
54.300882,-0.056861,-0.103041,-9.684980,0.2346787,-0.1068836,-0.5847638
54.314758,-0.045792,-0.088571,-9.690447,0.2352187,-0.1065402,-0.5900057
54.321803,-0.081525,-0.130957,-9.679418,0.2041045,-0.0922587,-0.5559501
54.328766,-0.052908,-0.097971,-9.690535,0.1690469,-0.0761884,-0.5093808
54.335933,-0.109320,-0.163346,-9.689832,0.1379894,-0.0621260,-0.4578143
54.349903,-0.057929,-0.104491,-9.856396,0.0923020,-0.0338401,-0.2439446
54.356804,-0.061800,-0.108969,-9.942587,0.0771634,-0.0173037,-0.0622279
54.363951,-0.108478,-0.161867,-9.969267,0.0681745,-0.0036789,0.1223511
54.371258,-0.132386,-0.189729,-9.953795,0.0641824,0.0057192,0.2926201
54.378005,0.035584,-0.000863,-9.958277,0.0637925,0.0106759,0.4379816
54.391949,-0.080326,-0.137055,-9.811881,0.0682329,0.0100272,0.6121789
54.399056,-0.113211,-0.177621,-9.763978,0.0712255,0.0069957,0.6467439
54.405954,-0.042541,-0.099042,-9.750981,0.0739342,0.0035647,0.6508614
54.412914,-0.078821,-0.144055,-9.733616,0.0758869,0.0006832,0.6310599
54.426823,-0.074998,-0.144976,-9.748733,0.0858263,-0.0047298,0.5887980
54.433825,-0.093346,-0.169020,-9.755195,0.0951536,-0.0079975,0.5898969
54.440680,-0.061637,-0.134280,-9.769551,0.1032585,-0.0105948,0.5962648
54.447743,-0.104250,-0.187941,-9.808581,0.1068079,-0.0151334,0.6311744
54.454676,-0.074211,-0.155857,-9.842872,0.1076071,-0.0196473,0.6744690
54.468599,-0.080462,-0.171262,-9.871685,0.1048115,-0.0259147,0.7642512
54.475532,-0.074185,-0.168233,-9.890573,0.0975521,-0.0270407,0.8024392
54.482695,-0.121812,-0.231205,-9.885612,0.0898206,-0.0270268,0.8327816
54.489509,-0.037214,-0.131715,-9.913788,0.0830648,-0.0261969,0.8544308
54.496615,-0.112482,-0.229897,-9.894578,0.0782965,-0.0249879,0.8670273
54.510546,0.014420,-0.078465,-9.934981,0.0744484,-0.0226670,0.8693179
54.519392,-0.372843,-0.579103,-9.822235,0.0746061,-0.0219509,0.8620873
54.524530,0.401328,0.415623,-10.056456,0.0754325,-0.0215577,0.8515809
54.531648,-0.081529,-0.214475,-9.913896,0.0765191,-0.0214243,0.8391666
54.545621,-0.079928,-0.221995,-9.920314,0.0782075,-0.0215741,0.8154424
54.552606,-0.077928,-0.224189,-9.924028,0.0786134,-0.0216921,0.8059666
54.559591,-0.085531,-0.239381,-9.924633,0.0787455,-0.0217739,0.7988089
54.566548,-0.064265,-0.215386,-9.934545,0.0786743,-0.0218034,0.7940232
54.580411,-0.078394,-0.244815,-9.935163,0.0782515,-0.0217210,0.7912083
54.587415,-0.084258,-0.258090,-9.935298,0.0780228,-0.0216375,0.7924339
54.594349,-0.070678,-0.244298,-9.941557,0.0778313,-0.0215476,0.7948182
54.601344,-0.083015,-0.267018,-9.938478,0.0776895,-0.0214639,0.7978864
54.608344,-0.079243,-0.267042,-9.940526,0.0775943,-0.0213928,0.8012298
54.622237,-0.058617,-0.248187,-9.948173,0.0775051,-0.0212976,0.8073504
54.629157,-0.064765,-0.262664,-9.945725,0.0774863,-0.0212692,0.8096808
54.636124,-0.076566,-0.285794,-9.941081,0.0774709,-0.0212478,0.8113685
54.643044,-0.068009,-0.278810,-9.943681,0.0774528,-0.0212284,0.8124099
54.656950,-0.057198,-0.274037,-9.946621,0.0773977,-0.0211841,0.8127866
54.663916,-0.073584,-0.304966,-9.940124,0.0773614,-0.0211559,0.8123294
54.670853,-0.068302,-0.302860,-9.941683,0.0760046,-0.0199439,0.8116071
54.677783,-0.066549,-0.306199,-9.941994,0.0744370,-0.0184769,0.8107421
54.691683,-0.038392,-0.273677,-9.952301,0.0718820,-0.0160280,0.8089972
54.698744,-0.081990,-0.349484,-9.935376,0.0711653,-0.0153217,0.8082687
54.705666,-0.057749,-0.316768,-9.944560,0.0708113,-0.0149611,0.8076971
54.712599,-0.066550,-0.354766,-11.784150,-0.2196379,0.0266126,0.6868741
54.719616,-0.082000,-0.398989,-11.320923,-0.4816616,0.0669428,0.5116629
54.733480,-0.082183,-0.420620,-11.421407,-0.7815007,0.1021011,0.0647061
54.740455,-0.076838,-0.413686,-11.473074,-0.8068006,0.0876334,-0.1730932
54.747344,-0.066041,-0.392816,-11.460868,-0.7869787,0.0616711,-0.3839999
54.754325,-0.079771,-0.412899,-11.357796,-0.7465273,0.0354128,-0.5554717
54.768187,-0.074434,-0.389222,-11.197750,-0.6675936,0.0057479,-0.7586669
54.775199,-15.090870,-7.471298,-3.209676,0.4319630,0.6168313,0.9677124
54.782189,-37.299309,-17.183075,8.131239,3.1626894,2.2300546,5.3718858
54.789076,-0.202403,-0.065697,-17.782146,2.0741277,1.5588627,4.8325634
54.802954,-0.098273,-0.368113,-22.503702,0.0193292,0.5715226,3.5477123
54.809869,-0.041221,-0.462800,-23.486393,-0.6019236,0.2663099,2.7694969
54.816855,-0.016001,-0.541238,-23.914602,-0.9415948,0.0371481,1.9217983
54.823764,0.029681,-0.542650,-25.577557,-1.0029131,-0.1576838,1.0312233
54.830738,0.035301,-0.541182,-24.035549,-0.9592229,-0.2811835,0.1904055
54.844630,0.026207,-0.469402,-18.478622,-0.8633381,-0.2480488,-1.1463981
54.852678,-0.159502,-0.733716,-12.709937,-0.8701286,-0.1723002,-1.5761248
54.858557,0.209454,-0.020955,-9.336868,-0.8694416,-0.1094303,-1.8375524
54.865528,-0.020975,-0.409384,-6.699379,-0.8594702,-0.0708628,-1.9430481
54.872514,-0.023294,-0.393461,-5.078150,-0.8456538,-0.0548959,-1.9172645
54.886777,-0.047725,-0.416345,-4.018270,-0.8252367,-0.0641118,-1.5911634
54.893640,0.012576,-0.299748,-3.767461,-0.8212623,-0.0747902,-1.3581363
54.900712,-0.049395,-0.408984,-4.175301,-0.8202313,-0.0823740,-1.1232888
54.907845,-0.045457,-0.398926,-4.392844,-0.8210562,-0.0849071,-0.9024173
54.921861,-0.016175,-0.338100,-4.890108,-0.8258417,-0.0746561,-0.5714437
54.928804,-0.033920,-0.369596,-5.289052,-0.8288904,-0.0651760,-0.4762211
54.935716,-0.030414,-0.360772,-5.648558,-0.8318350,-0.0552971,-0.4254342
54.942652,-0.036431,-0.370943,-6.048093,-0.8342518,-0.0466974,-0.4139090
54.949734,-0.067070,-0.431476,-6.494128,-0.8358750,-0.0405329,-0.4341106
54.963597,-0.064832,-0.417916,-7.378465,-0.7501606,-0.0120490,-0.5468038
54.970545,-0.049836,-0.377558,-7.799029,-0.6734090,0.0162404,-0.6236933
54.977495,-0.052954,-0.374871,-8.163837,-0.6106073,0.0424345,-0.7004294
54.984398,-0.047934,-0.356180,-8.455838,-0.5679998,0.0631226,-0.7700634
54.998387,-0.081641,-0.414124,-8.896585,-0.5387075,0.0834058,-0.8714610
55.005351,-0.069370,-0.384683,-9.055008,-0.5431690,0.0840197,-0.8998381
55.012197,-0.046304,-0.334611,-9.190676,-0.5535401,0.0804564,-0.9138176
55.019220,-0.081234,-0.401852,-9.299340,-0.5657218,0.0747127,-0.9152471
55.033371,-0.148306,-0.518914,-10.437259,-0.3173074,0.0071095,-0.8913064
55.040301,-0.012254,-0.242807,-10.764570,-0.1867023,-0.0224897,-0.8708875
55.047148,-0.052485,-0.313534,-10.875066,-0.0948320,-0.0402053,-0.8498951
55.054131,-0.081415,-0.363960,-11.085519,0.1014900,-0.1256225,-0.8297449
55.061034,-0.060104,-0.320247,-11.277972,0.2574120,-0.2028560,-0.8120595
55.074989,-0.069428,-0.335138,-11.485597,0.4191987,-0.2968798,-0.7877278
55.081901,-0.062287,-0.321100,-11.585793,0.4328219,-0.3109623,-0.7816184
55.088883,-0.087216,-0.365178,-11.628560,0.4189857,-0.3094598,-0.7792377
55.102794,-0.094278,-0.373477,-11.754066,0.3631824,-0.2863235,-0.7830995
55.109758,-0.098648,-0.378247,-11.801995,0.3396910,-0.2748192,-0.7877972
55.116746,-0.115079,-0.403558,-11.789406,0.2510565,-0.2265210,-0.7933007
55.123706,-0.106695,-0.385611,-11.824387,0.1618193,-0.1789439,-0.7989859
55.130629,-0.115526,-0.396733,-11.824234,0.0911492,-0.1422137,-0.8042377
55.144519,-0.132514,-0.416105,-11.811151,0.0260227,-0.1110734,-0.8121527
55.151487,-0.143817,-0.429467,-11.797510,0.0247264,-0.1120140,-0.8145048
55.158340,-0.122750,-0.388975,-11.836248,0.0348618,-0.1184280,-0.8157830
55.165341,-0.162513,-0.448043,-11.775482,0.0496335,-0.1265831,-0.8161085
55.179205,-0.171981,-0.450060,-11.768649,0.0753853,-0.1391588,-0.8146459
55.186189,-0.174296,-0.446937,-11.769612,0.0825556,-0.1420060,-0.8132803
55.193118,-0.167336,-0.429070,-11.785891,0.0858982,-0.1428417,-0.8117623
55.200132,-0.193508,-0.463292,-11.749640,0.0864008,-0.1423349,-0.8102611
55.214069,-0.169188,-0.417217,-11.701247,-0.0217212,-0.1191685,-0.8077776
55.221038,-0.199861,-0.459025,-11.580276,-0.0710011,-0.1096936,-0.8069478
55.227975,-0.203810,-0.458673,-11.521704,-0.1053713,-0.1039966,-0.8064182
55.235341,-0.303829,-0.602750,-11.346291,-0.1239167,-0.1019023,-0.8061688
55.242153,-0.186139,-0.415932,-11.487360,-0.1292101,-0.1024519,-0.8061615
55.256056,-0.245184,-0.485361,-11.390683,-0.1171777,-0.1068635,-0.8066740
55.262960,-0.211812,-0.425448,-11.437111,-0.1081114,-0.1088315,-0.8070692
55.269917,-0.248595,-0.470009,-11.393690,-0.1005404,-0.1100709,-0.8074816
55.276881,-0.257276,-0.472654,-11.390607,-0.0953171,-0.1105946,-0.8078737
55.290835,-0.262313,-0.459641,-11.405734,-0.0917602,-0.1102048,-0.8084868
55.297890,-0.296792,-0.499857,-11.371832,-0.0922977,-0.1097417,-0.8086783
55.304874,-0.277214,-0.458597,-11.162242,-0.0764632,-0.1068257,-0.8087904
55.311724,-0.267315,-0.431296,-11.020040,-0.0580494,-0.1037015,-0.8088297
55.325699,-0.272660,-0.415297,-10.846502,-0.0293311,-0.0985786,-0.8087428
55.332799,-0.350218,-0.509453,-10.559940,0.0944697,-0.1231985,-0.8086480
55.339716,-0.276108,-0.387327,-10.478156,0.2113044,-0.1493221,-0.8085361
55.346654,-0.325105,-0.443139,-10.354033,0.3008044,-0.1696045,-0.8084257
55.353699,-0.358515,-0.477832,-10.282413,0.3582002,-0.1822520,-0.8083245
55.367676,-0.368348,-0.470831,-10.262970,0.3885722,-0.1873305,-0.8081738
55.374602,-0.336708,-0.419419,-10.305621,0.3774624,-0.1839934,-0.8081304
55.381491,-0.357798,-0.439371,-10.325841,0.3606667,-0.1798007,-0.8081086
55.388440,-0.381194,-0.461585,-10.350629,0.3439392,-0.1761020,-0.8081048
55.402385,-0.422874,-0.496254,-10.410830,0.3226499,-0.1724583,-0.8081369
55.409321,-0.407959,-0.467389,-10.467155,0.3191851,-0.1723930,-0.8081643
55.416300,-0.427536,-0.481493,-10.497280,0.3193443,-0.1730160,-0.8081942
55.423194,-0.421365,-0.466955,-7.777574,0.2788817,-0.1594096,-0.8082235
55.437128,-0.455717,-0.490178,-4.805585,0.2033363,-0.1327224,-0.8082707
55.444123,-0.479541,-0.507770,-4.093092,0.1791796,-0.1244275,-0.8082861
55.451236,-0.495215,-0.514857,-3.679984,0.1654727,-0.1200309,-0.8082957
55.458139,-0.462269,-0.464781,-3.333500,0.1607550,-0.1188893,-0.8082999
55.465286,-0.543371,-0.550629,-6.137331,0.0186497,-0.0840177,-0.7864947
55.479021,-0.525461,-0.517866,-9.283607,-0.2426033,-0.0087797,-0.7293698
55.486027,-0.544349,-0.529215,-9.807842,-0.2948380,0.0178426,-0.6895218
55.492901,-0.523187,-0.492372,-10.107277,-0.3073971,0.0351167,-0.6501114
55.499894,-0.559465,-0.521068,-10.335711,-0.2917624,0.0435320,-0.6145727
55.513872,-0.569129,-0.506323,-10.721263,-0.2293923,0.0417669,-0.5634121
55.520790,-0.564679,-0.489349,-10.880037,-0.2016663,0.0365787,-0.5493884
55.527680,-0.556478,-0.468782,-11.021638,-0.1823709,0.0313109,-0.5427313
55.534687,-0.598107,-0.506874,-11.087886,-0.1722883,0.0272685,-0.5424671
55.548587,-0.605496,-0.495390,-11.254170,-0.1723989,0.0239879,-0.5554988
55.555740,-0.656060,-0.544306,-11.257483,-0.1775638,0.0241928,-0.5656990
55.562621,-0.580815,-0.446017,-11.410777,-0.1833481,0.0249815,-0.5766780
55.569607,-0.620484,-0.481281,-11.406754,-0.1882467,0.0259010,-0.5871100
55.576527,-0.627125,-0.477662,-11.437075,-0.1916417,0.0266775,-0.5961298
55.590501,-0.664719,-0.498120,-11.446684,-0.1941940,0.0275077,-0.6084068
55.597482,-0.648037,-0.466590,-11.492942,-0.1940333,0.0276253,-0.6114300
55.604749,-0.727839,-0.547570,-11.404327,-0.1934740,0.0276435,-0.6125137
55.611712,-0.596027,-0.381100,-11.602681,-0.1928136,0.0276342,-0.6119038
55.625680,-0.680876,-0.454612,-11.515031,-0.1921103,0.0277043,-0.6076604
55.632680,-0.710627,-0.477008,-11.486237,-0.1921031,0.0278069,-0.6047878
55.639693,-0.719540,-0.474896,-11.484772,-0.1922787,0.0279463,-0.6018819
55.646628,-0.687797,-0.425180,-11.538013,-0.1925747,0.0281100,-0.5991834
55.653705,-0.760448,-0.495636,-11.467818,-0.1557723,0.0183703,-0.5783287
55.667582,-0.766323,-0.474847,-11.511166,-0.0755899,-0.0024646,-0.5270033
55.674433,-0.729656,-0.419442,-11.584141,-0.0486909,-0.0091967,-0.5023317
55.681441,-0.774253,-0.460456,-11.541164,-0.0336551,-0.0127921,-0.4810322
55.688398,-0.772871,-0.448622,-11.561148,-0.0287571,-0.0137415,-0.4643197
55.702302,-0.792495,-0.450195,-11.490453,0.0641008,-0.0797860,-0.4894817
55.709338,-0.807808,-0.455750,-11.254872,0.1574809,-0.1481875,-0.5419819
55.716341,-0.773920,-0.403306,-11.123086,0.2358453,-0.2058505,-0.6034213
55.723219,-0.783571,-0.400266,-10.993295,0.2849787,-0.2414591,-0.6640854
55.737085,-0.826104,-0.419239,-7.508750,0.2915371,-0.2551539,-0.7696127
55.744094,-0.867801,-0.450290,-5.336385,0.2635275,-0.2450107,-0.8095108
55.751046,-0.872182,-0.437839,-3.818311,0.2339915,-0.2328067,-0.8378307
55.757995,-0.887919,-0.437331,-2.876119,0.2094311,-0.2222108,-0.8545561
55.764984,-0.911862,-0.445393,-2.377886,0.1924105,-0.2147529,-0.8607146
55.778813,-0.933383,-0.431791,-2.071674,0.1796882,-0.2091335,-0.8486542
55.785829,-0.961183,-0.443816,-2.255189,0.1807904,-0.2096054,-0.8349516
55.792726,-0.949484,-0.412738,-2.351995,0.1843969,-0.2111944,-0.8190655
55.799718,-0.980317,-0.428423,-2.711532,0.1890227,-0.2132654,-0.8028616
55.813972,-0.921050,-0.328499,-2.822009,0.1718240,-0.2014619,-0.7799388
55.821001,-1.030290,-0.429007,-3.451082,0.1477473,-0.1869974,-0.7766398
55.827978,-1.034029,-0.415671,-3.660891,0.1248149,-0.1736543,-0.7769002
55.834903,-1.027188,-0.390897,-3.847240,0.1063799,-0.1633399,-0.7799594
55.841855,-1.055663,-0.403901,-4.171422,0.0940701,-0.1568726,-0.7848737
55.855843,-0.868672,-0.167250,-3.945907,0.0854865,-0.1535593,-0.7971314
55.862659,-1.069559,-0.364722,-4.828224,0.0866900,-0.1549675,-0.8029850
55.869692,-1.124151,-0.405022,-5.178988,0.0896294,-0.1572019,-0.8080361
55.876676,-1.128159,-0.390835,-5.346933,0.0931606,-0.1595787,-0.8120067
55.890659,-1.155660,-0.383851,-7.503395,0.0714525,-0.1364453,-0.8163589
55.897714,-1.165384,-0.375637,-7.701630,0.0586759,-0.1238327,-0.8168653
55.904633,-1.163149,-0.354585,-7.853827,0.0482275,-0.1138054,-0.8164796
55.911596,-1.177375,-0.351172,-8.001892,0.0409498,-0.1070462,-0.8154251
55.925587,-0.718994,0.174752,-7.791176,0.0358077,-0.1027777,-0.8122767
55.932727,-1.256361,-0.379791,-8.351920,0.0364861,-0.1037093,-0.8106181
55.939973,-1.282647,-0.389358,-8.434967,0.0381865,-0.1055392,-0.8091051
55.946586,-1.180114,-0.261660,-8.409292,0.0402015,-0.1075829,-0.8078432
55.960568,-1.275996,-0.327109,-8.559653,0.0433734,-0.1106405,-0.8062857
55.967475,-1.276045,-0.308797,-8.589496,0.0442113,-0.1113931,-0.8059827
55.974407,-1.294422,-0.309977,-8.625772,0.0445711,-0.1116766,-0.8059518
55.981371,-1.316691,-0.315381,-8.659444,0.0445763,-0.1116235,-0.8061344
55.988356,-1.329273,-0.310392,-8.898740,0.0451633,-0.1062195,-0.7966945
56.002230,-1.337717,-0.283057,-9.205694,0.0467266,-0.0941870,-0.7721832
56.009313,-1.384341,-0.315184,-9.328693,0.0474415,-0.0897616,-0.7600407
56.016167,-1.358993,-0.271044,-9.429740,0.0480021,-0.0869543,-0.7493649
56.023169,-1.394249,-0.291774,-9.513784,0.0483829,-0.0856499,-0.7408087
56.037025,-1.409898,-0.275484,-9.647911,0.0486630,-0.0860467,-0.7309797
56.044002,-1.425257,-0.275647,-9.697894,0.0486312,-0.0869136,-0.7295417
56.050987,-1.437478,-0.272344,-9.740376,0.0485365,-0.0877954,-0.7299821
56.057854,-1.430468,-0.248813,-9.783012,0.0484131,-0.0885083,-0.7318544
56.071766,-1.464857,-0.252732,-9.833862,0.0481755,-0.0891860,-0.7379904
56.078713,-1.476187,-0.248553,-9.854646,0.0480894,-0.0891971,-0.7413894
56.085737,-1.498190,-0.255517,-9.866824,0.0480311,-0.0890722,-0.7445515
56.092552,-1.478599,-0.219934,-9.978893,0.0474697,-0.0990524,-0.6994169
56.099628,-1.524975,-0.255095,-10.039051,0.0468540,-0.1102596,-0.6413985
56.113497,-1.488371,-0.190853,-10.209394,0.0463346,-0.1279871,-0.5169073
56.120623,-1.557884,-0.253431,-10.204881,0.0466183,-0.1325302,-0.4627673
56.127606,-1.526839,-0.208995,-10.278259,0.0471687,-0.1344550,-0.4180828
56.134606,-1.554577,-0.229750,-10.304064,0.0168273,-0.1255751,-0.3786971
56.148703,-1.603459,-0.266836,-10.331450,-0.0490036,-0.1030518,-0.3310252
56.155390,-1.544421,-0.192426,-10.428597,-0.0721316,-0.0942548,-0.3223242
56.162327,-1.583505,-0.227199,-10.413823,-0.0859322,-0.0886287,-0.3221269
56.169365,-1.602431,-0.239491,-10.417463,-0.0914449,-0.0861008,-0.3286097
56.176193,-1.585165,-0.209393,-10.461457,-0.0909529,-0.0859797,-0.3397109
56.190443,-1.590858,-0.198842,-12.210309,-0.0975495,-0.0991073,-0.3594418
56.197370,-1.592603,-0.191551,-12.860147,-0.1002751,-0.1060218,-0.3681876
56.204546,-1.650274,-0.251582,-13.138411,-0.1020390,-0.1108260,-0.3750262
56.211582,-1.619190,-0.203003,-13.768261,-0.1029648,-0.1135085,-0.3800566
56.225758,-1.608332,-0.165214,-14.618087,-0.1029205,-0.1134123,-0.3841547
56.232762,-1.657157,-0.215579,-14.600518,-0.1025174,-0.1120955,-0.3837645
56.239673,-1.658345,-0.204964,-14.849712,-0.1021331,-0.1107098,-0.3822602
56.246576,-1.666026,-0.203173,-15.017509,-0.1018716,-0.1095809,-0.3800227
56.260484,-1.679439,-0.197440,-15.253634,-0.0866601,-0.1192261,-0.3631931
56.267504,-1.697282,-0.211046,-15.235336,-0.0697898,-0.1303579,-0.3450298
56.274381,-1.688622,-0.186318,-15.428548,-0.0556661,-0.1395454,-0.3253839
56.281330,-1.702954,-0.195709,-15.412321,-0.0464878,-0.1454049,-0.3063786
56.288387,-1.718826,-0.208396,-15.367584,-0.0422901,-0.1479720,-0.2895409
56.302265,-1.734020,-0.209457,-15.405519,-0.0438730,-0.1466191,-0.2660680
56.309148,-1.723760,-0.181083,-15.591022,-0.0466439,-0.1447038,-0.2600157
56.316128,-1.739017,-0.194468,-15.517686,-0.0492322,-0.1429547,-0.2574897
56.323083,-1.742114,-0.187797,-15.560740,-0.0511044,-0.1417187,-0.2579561
56.337232,-1.638225,0.024763,-16.846209,-0.0524129,-0.1409407,-0.2652781
56.344193,-1.764628,-0.187622,-15.224751,-0.0384645,-0.1420924,-0.2809679
56.351194,-1.774508,-0.190136,-14.607743,-0.0222245,-0.1433913,-0.3000503
56.358209,-1.782464,-0.189123,-14.062609,-0.0084681,-0.1443921,-0.3200758
56.365085,-1.779581,-0.166848,-13.769587,0.0006307,-0.1449033,-0.3390448
56.378924,-1.797975,-0.171051,-13.304274,0.0055311,-0.1447839,-0.3684824
56.385935,-1.810383,-0.180702,-13.159002,0.0038455,-0.1445073,-0.3776151
56.392860,-1.814935,-0.162291,-11.566623,0.0790756,-0.1264429,-0.2857718
56.399868,-1.827537,-0.168256,-10.518466,0.1529406,-0.1054148,-0.1585245
56.413753,-1.832383,-0.158005,-9.403173,0.2495906,-0.0802083,0.1287514
56.420778,-1.839956,-0.175858,-9.142348,0.2664063,-0.0794747,0.2586535
56.428521,-1.875760,-0.265197,-9.051577,0.2682884,-0.0837168,0.3665642
56.435339,-1.794357,-0.082269,-8.898783,0.2602236,-0.0906330,0.4527237
56.442224,-1.827582,-0.171475,-8.991726,0.2504146,-0.0960336,0.5034795
56.456284,-1.825416,-0.188798,-9.234578,0.2347456,-0.1015106,0.5275316
56.463141,-1.825476,-0.199571,-9.399042,0.2310376,-0.1018499,0.5100892
56.470128,-1.830660,-0.222567,-9.287776,0.2221997,-0.0977512,0.4914497
56.477046,-1.826207,-0.221671,-9.265581,0.2148995,-0.0927602,0.4689144
56.490953,-1.823394,-0.233684,-9.375005,0.2070192,-0.0846830,0.4230949
56.497884,-1.823140,-0.242077,-9.472802,0.2062797,-0.0825258,0.4038545
56.505001,-1.829588,-0.267436,-9.582636,0.2069146,-0.0815332,0.3886980
56.511916,-1.817072,-0.244318,-10.005230,0.2697598,-0.0977409,0.4430002
56.525891,-1.808946,-0.250415,-10.588810,0.3743074,-0.1336310,0.6040515
56.532891,-1.810365,-0.272782,-10.756246,0.4053474,-0.1485568,0.6886452
56.539730,-1.799394,-0.267190,-10.928228,0.4216611,-0.1599390,0.7655725
56.546707,-1.799248,-0.292044,-11.001899,0.4263825,-0.1673572,0.8295302
56.553780,-1.796130,-0.308856,-11.166010,0.4698603,-0.1749327,0.8776485
56.567589,-1.780771,-0.327068,-11.394820,0.5298661,-0.1872690,0.9246205
56.574516,-1.770811,-0.333232,-11.488786,0.5447749,-0.1912702,0.9263131
56.581402,-1.762639,-0.345048,-11.526334,0.5505620,-0.1934524,0.9170589
56.588425,-1.759085,-0.368328,-11.495572,0.5498613,-0.1939491,0.9000728
56.602865,-1.736682,-0.380423,-11.607570,0.5395925,-0.1914705,0.8538952
56.609659,-1.732380,-0.402644,-11.597502,0.5347434,-0.1896668,0.8315561
56.616672,-1.730691,-0.427313,-11.536776,0.5313582,-0.1879807,0.8120763
56.623596,-1.722031,-0.438609,-11.573970,0.5296125,-0.1866105,0.7964814
56.637485,-1.708181,-0.467438,-11.595543,0.5299789,-0.1850778,0.7786938
56.644416,-1.701503,-0.482400,-11.597278,0.5312156,-0.1848592,0.7761553
56.651482,-1.696013,-0.497764,-11.567950,0.5326356,-0.1849092,0.7770461
56.658352,-1.685292,-0.511253,-11.648205,0.5340038,-0.1851510,0.7805930
56.672324,-1.672184,-0.543995,-11.572667,0.4889278,-0.1897638,0.7919273
56.679173,-1.661939,-0.565159,-11.622260,0.4461653,-0.1935396,0.7981614
56.686193,-1.654889,-0.579186,-11.553162,0.4116757,-0.1960027,0.8039423
56.693074,-1.645545,-0.598872,-11.577092,0.3893603,-0.1969392,0.8088504
56.700026,-1.637364,-0.612020,-11.548174,0.3788809,-0.1966856,0.8126366
56.714009,-1.619092,-0.645454,-11.576138,0.3821400,-0.1947687,0.8165976
56.721047,-1.609917,-0.663186,-11.200910,0.2376770,-0.2097864,0.8169230
56.727927,-1.604753,-0.697799,-7.699214,0.0806938,-0.2212600,0.8164011
56.734921,-1.598909,-0.710986,-5.413768,-0.0536052,-0.2281842,0.8152598
56.741874,-1.592188,-0.726724,-3.791811,-0.1491606,-0.2301765,0.8137305
56.755793,-1.576571,-0.747644,-2.159943,-0.2262020,-0.2247764,0.8103981
56.762757,-1.566971,-0.751633,-2.011460,-0.2254775,-0.2206059,0.8089133
56.769735,-1.557363,-0.760405,-1.976906,-0.2116127,-0.2170410,0.8076921
56.776731,-1.547355,-0.769239,-2.106052,-0.1925462,-0.2146651,0.8067878
56.790710,-1.528011,-0.794958,-2.751167,-0.1643457,-0.1822703,0.8055838
56.797611,-1.517172,-0.803304,-3.321231,-0.1606188,-0.1470670,0.8051363
56.804729,-1.504547,-0.807558,-3.950608,-0.1614537,-0.1143811,0.8048632
56.811553,-1.496498,-0.827801,-4.137234,-0.1652850,-0.0888493,0.8047519
56.818510,-1.483648,-0.833918,-4.625813,-0.1705784,-0.0718856,0.8047767
56.832436,-1.460472,-0.858287,-5.203725,-0.1810429,-0.0602302,0.8051060
56.839361,-1.447818,-0.867840,-5.496352,-0.1848468,-0.0618672,0.8053421
56.846573,-1.433344,-0.871288,-5.890790,-0.1874233,-0.0658116,0.8055854
56.853602,-1.423610,-0.892524,-5.882592,-0.1889264,-0.0707097,0.8058202
56.867669,-1.396372,-0.904799,-6.422829,-0.1895473,-0.0783318,0.8061634
56.874702,-1.383861,-0.918857,-7.128582,-0.1467410,-0.1037921,0.8063289
56.881328,-1.372546,-0.935211,-7.511032,-0.0942242,-0.1301846,0.8064632
56.888286,-1.357656,-0.936997,-7.714007,-0.0436831,-0.1542671,0.8065616
56.895244,-1.345219,-0.946701,-7.795107,-0.0026626,-0.1732548,0.8066233
56.909173,-1.321814,-0.969847,-7.909167,0.0413570,-0.1933168,0.8066489
56.916071,-1.310639,-0.982473,-7.955429,0.0465941,-0.1957503,0.8066243
56.923159,-1.297446,-0.984885,-8.282572,0.1429880,-0.1907919,0.8068809
56.930128,-1.288044,-0.997431,-8.444183,0.2345383,-0.1845169,0.8072093
56.944076,-1.264615,-1.016826,-8.749599,0.3662280,-0.1761510,0.8078943
56.950997,-1.253445,-1.031730,-8.855927,0.3977013,-0.1751953,0.8081908
56.958235,-1.236930,-1.031335,-8.989058,0.4091519,-0.1758979,0.8084272
56.965269,-1.230429,-1.067002,-9.025936,0.4059553,-0.1775936,0.8086015
56.972176,-1.217388,-1.080810,-9.104058,0.3950226,-0.1793566,0.8087019
56.986201,-1.191817,-1.107687,-9.223017,0.3691847,-0.1815524,0.8087257
56.993030,-1.181037,-1.128871,-9.261701,0.3598359,-0.1817689,0.8086730
57.000041,-1.165867,-1.129992,-9.311786,0.3541217,-0.1815413,0.8085945
57.006985,-1.154738,-1.148887,-9.340533,0.3517540,-0.1810678,0.8085032
57.020867,-1.129036,-1.168709,-9.470242,0.3349187,-0.1714411,0.8004755
57.027841,-1.118674,-1.188711,-9.540767,0.3185984,-0.1612754,0.7905405
57.034779,-1.107973,-1.206643,-9.602625,0.3046797,-0.1519050,0.7799156
57.041735,-1.096223,-1.218977,-9.657037,0.2948440,-0.1446642,0.7696987
57.055689,-1.071847,-1.237281,-9.743672,0.2875313,-0.1377380,0.7535979
57.062565,-1.062369,-1.261747,-9.778338,0.2882832,-0.1372855,0.7484683
57.069610,-1.047465,-1.253749,-9.807108,0.2904913,-0.1380079,0.7453868
57.076519,-1.039127,-1.286732,-9.834709,0.2932395,-0.1393200,0.7441875
57.090418,-1.015610,-1.308817,-9.876399,0.2978478,-0.1419502,0.7461662
57.097373,-1.002123,-1.307774,-9.891309,0.2992327,-0.1428343,0.7485435
57.104643,-0.984202,-1.281471,-9.950859,0.2519740,-0.1487319,0.7591751
57.111260,-0.984346,-1.384983,-10.019642,0.1982433,-0.1547322,0.7718883
57.125105,-0.953222,-1.365356,-10.078196,0.1136369,-0.1614743,0.7974932
57.132063,-0.940431,-1.373465,-10.101892,0.0919585,-0.1616551,0.8081582
57.139031,-0.927895,-1.382430,-10.121422,0.0830533,-0.1604485,0.8165087
57.145986,-0.915662,-1.394012,-10.138656,0.0834836,-0.1586597,0.8223010
57.152963,-0.903765,-1.392020,-10.185781,0.2010904,-0.1436196,0.8255732
57.166877,-0.883074,-1.424137,-10.250607,0.4026436,-0.1195710,0.8257235
57.173840,-0.868547,-1.413910,-10.257100,0.4654212,-0.1144347,0.8234710
57.180756,-0.855762,-1.423889,-11.067588,0.4943675,-0.1130752,0.8203543
57.189323,-0.819081,-1.201723,-11.279224,0.4999023,-0.1145793,0.8168336
57.201643,-0.815053,-1.450838,-12.816504,0.3950743,-0.1269892,0.8101039
57.208598,-0.802578,-1.469616,-13.290409,0.3441999,-0.1312563,0.8074276
57.215434,-0.791865,-1.504269,-13.745251,0.3078300,-0.1330033,0.8054108
57.222494,-0.776217,-1.471311,-13.943449,0.2881480,-0.1325915,0.8040886
57.229360,-0.767585,-1.524490,-14.361506,0.2827880,-0.1308610,0.8034275
57.243274,-0.743540,-1.535765,-14.775974,0.2960036,-0.1269612,0.8037254
57.250275,-0.729901,-1.513855,-14.833777,0.3054911,-0.1258369,0.8044270
57.257317,-0.717686,-1.514434,-14.941419,0.3131236,-0.1254121,0.8053207
57.264175,-0.708481,-1.564510,-15.199513,0.3178873,-0.1255196,0.8062852
57.271153,-0.695045,-1.541801,-15.179591,0.3198615,-0.1259036,0.8072141
57.285601,-0.671431,-1.593917,-15.269176,0.2116905,-0.1347041,0.8087213
57.292499,-0.660361,-1.609746,-15.280042,0.1678957,-0.1370350,0.8091937
57.299460,-0.649213,-1.631707,-15.320153,0.1398339,-0.1375075,0.8094799
57.306386,-0.637073,-1.611252,-15.222871,0.1283121,-0.1366426,0.8095888
57.320258,-0.615077,-1.615249,-15.189328,0.1348122,-0.1338096,0.8094121
57.327238,-0.603989,-1.613668,-15.161799,0.1434591,-0.1328424,0.8091969
57.335513,-0.582856,-1.355718,-14.316873,0.1512330,-0.1324072,0.8089447
57.341094,-0.598821,-2.050782,-16.495306,0.1566363,-0.1324195,0.8086856
57.355117,-0.564551,-1.624481,-11.336329,0.1346606,-0.1273903,0.8071034
57.362245,-0.556182,-1.615075,-8.499353,0.1062766,-0.1214032,0.8055152
57.368961,-0.551459,-1.727386,-6.370229,0.0817722,-0.1160071,0.8038769
57.375905,-0.540029,-1.671705,-5.191971,0.0646143,-0.1119110,0.8023484
57.389939,-0.520507,-1.679618,-3.993108,0.0516357,-0.1079409,0.8000209
57.396700,-0.512559,-1.731301,-3.019393,0.1011483,-0.1004476,0.8004601
57.403752,-0.500728,-1.658471,-2.924891,0.1530877,-0.0932923,0.8015023
57.410619,-0.491765,-1.721519,-3.427701,0.1974480,-0.0887398,0.8029356
57.417622,-0.480402,-1.675718,-4.217329,0.2289224,-0.0868074,0.8045255
57.431461,-0.460522,-1.719079,-5.222241,0.2538083,-0.0884663,0.8075322
57.438442,-0.449958,-1.691200,-5.773901,0.2525820,-0.0904507,0.8087135
57.445469,-0.439814,-1.682816,-6.225204,0.2468469,-0.0923105,0.8095970
57.452375,-0.430193,-1.721554,-6.547230,0.2395035,-0.0936786,0.8101683
57.459376,-0.420301,-1.701190,-6.930149,0.2325971,-0.0944225,0.8104435
57.473234,-0.401277,-1.684217,-7.529585,0.2239427,-0.0943546,0.8102796
57.480159,-0.391994,-1.726218,-7.722568,0.2224097,-0.0938889,0.8099556
57.487155,-0.382872,-1.708081,-7.952188,0.2222737,-0.0933659,0.8095501
57.494070,-0.373630,-1.738403,-8.111735,0.2230271,-0.0929050,0.8091162
57.508038,-0.355721,-1.724129,-9.095284,0.2426787,-0.0890890,0.8083343
57.515037,-0.346766,-1.730072,-9.401035,0.2514713,-0.0875917,0.8080404
57.522033,-0.338066,-1.731074,-10.719117,0.3318649,-0.0774105,0.8078305
57.528970,-0.330243,-1.719168,-11.509757,0.4044665,-0.0676373,0.8077068
57.542877,-0.313103,-1.748218,-12.832405,0.5010599,-0.0564671,0.8076768
57.549819,-0.305743,-1.715212,-13.261455,0.4921034,-0.0546650,0.8077425
57.556785,-0.297802,-1.709232,-13.656576,0.4685759,-0.0542191,0.8078402
57.563721,-0.289394,-1.722167,-14.020885,0.4400451,-0.0543373,0.8079539
57.570730,-0.282215,-1.702287,-14.267781,0.4149994,-0.0544526,0.8080701
57.584701,-0.266041,-1.721107,-14.749570,0.3888848,-0.0539204,0.8082704
57.591872,-0.261306,-1.656420,-14.776657,0.3871833,-0.0534187,0.8083407
57.598855,-0.246751,-1.803136,-15.252239,0.3902310,-0.0529432,0.8083896
57.605793,-0.243101,-1.730293,-15.202235,0.3949377,-0.0526545,0.8084145
57.612704,-0.234740,-1.749443,-15.343097,0.3996525,-0.0525440,0.8084201
57.626616,-0.220296,-1.752844,-15.493690,0.4053390,-0.0526757,0.8083882
57.633518,-0.214053,-1.740179,-15.516924,0.4061330,-0.0527762,0.8083597
57.640560,-0.209691,-1.698410,-15.464556,0.4059978,-0.0528265,0.8083283
57.647536,-0.202258,-1.712141,-15.529746,0.4053839,-0.0528052,0.8082975
57.661352,-0.185143,-1.772270,-15.714096,0.4040526,-0.0525813,0.8082473
57.668392,-0.184786,-1.685573,-15.537218,0.4036787,-0.0524250,0.8082306
57.675356,-0.174987,-1.733821,-15.659341,0.4035371,-0.0522685,0.8082203
57.682271,-0.169131,-1.729837,-15.659778,0.4035773,-0.0521308,0.8082155
57.696210,-0.154635,-1.762157,-15.558071,0.3089634,-0.0580551,0.8082195
57.703171,-0.151592,-1.727266,-15.426661,0.2726462,-0.0596764,0.8082261
57.710355,-0.153432,-1.638287,-15.198075,0.2508400,-0.0599691,0.8082343
57.717046,-0.131388,-1.831189,-15.553620,0.2423848,-0.0593195,0.8082429
57.724024,-0.136648,-1.706137,-15.230856,0.2434660,-0.0582737,0.8082508
57.737892,-0.134832,-1.733653,-12.796505,-0.2685531,-0.0158337,0.6082991
57.745006,-0.138450,-1.696391,-12.077886,-0.4404117,0.0040722,0.4544596
57.751952,-0.127573,-1.803541,-11.681785,-0.5384363,0.0107813,0.2889840
57.758909,-0.131157,-1.749703,-11.329914,-0.5700591,0.0048264,0.1340548
57.768673,-0.207311,-0.972226,-10.726628,-0.5590798,-0.0074173,0.0001465
57.780481,-0.138047,-1.602000,-5.266346,-0.3700441,-0.1199080,-0.2036883
57.787475,-0.135017,-1.640061,-3.726230,-0.3038139,-0.1541444,-0.2568776
57.794362,-0.135683,-1.651007,-2.789527,-0.2629611,-0.1727883,-0.2820637
57.801303,-0.140786,-1.611660,-2.420869,-0.2443303,-0.1794541,-0.2833177
57.808248,-0.143345,-1.597102,-2.285717,-0.2419099,-0.1785013,-0.2657818
57.822146,-0.148382,-1.551167,-2.635424,-0.2612266,-0.1674548,-0.1969335
57.829020,-0.146794,-1.583152,-2.802267,-0.2736759,-0.1615432,-0.1563000
57.835992,-0.149639,-1.540383,-3.251412,-0.2843406,-0.1566961,-0.1173861
57.842911,-0.149247,-1.546455,-3.582386,-0.2921574,-0.1532000,-0.0833029
57.849898,-0.150790,-1.514802,-4.026808,-0.2969984,-0.1510282,-0.0560522
57.863810,-0.126425,-2.026437,-6.860857,-0.2308561,-0.1594786,-0.0395136
57.870778,-0.145547,-1.491028,-9.569545,-0.1442015,-0.1719991,-0.0559058
57.877690,-0.144641,-1.496925,-9.955112,-0.0610111,-0.1845863,-0.0814314
57.891698,-0.144914,-1.524660,-10.578860,0.0454152,-0.1999468,-0.1435188
57.898640,-0.147546,-1.451126,-10.782834,0.0633626,-0.2015613,-0.1728350
57.905576,-0.150269,-1.440967,-11.399382,0.1742612,-0.1766644,-0.1727048
57.912852,-0.153336,-1.323083,-11.756311,0.2710961,-0.1450295,-0.1519594
57.919987,-0.157007,-1.433377,-12.295422,0.3496393,-0.1138395,-0.1147364
57.926804,-0.159825,-1.429571,-12.630383,0.3934333,-0.0933295,-0.0715081
57.940771,-0.160567,-1.397373,-13.109929,0.4067105,-0.0812578,0.0175398
57.947747,-0.159303,-1.367985,-13.258174,0.3923921,-0.0851001,0.0547425
57.954748,-0.157902,-1.356428,-13.400031,0.3749843,-0.0912109,0.0840627
57.961752,-0.156585,-1.351906,-13.526876,0.3597883,-0.0972076,0.1045824
57.976196,-0.159801,-1.553204,-14.113507,0.3439814,-0.1046802,0.1199316
57.983128,-0.154465,-1.362732,-13.848454,0.3434086,-0.1055616,0.1168281
57.990122,-0.153089,-1.335692,-13.869078,0.3454146,-0.1052798,0.1090532
57.997548,-0.147622,-1.194822,-13.670521,0.3485279,-0.1043411,0.0983446
58.004530,-0.158330,-1.489390,-14.269133,0.3519607,-0.1030425,0.0852583
58.018470,-0.155688,-1.333985,-13.047122,0.3059558,-0.0737368,0.0617720
58.025438,-0.156836,-1.330114,-12.194755,0.2871620,-0.0609430,0.0524069
58.032393,-0.157492,-1.324714,-11.596709,0.2750186,-0.0523889,0.0453406
58.039294,-0.158589,-1.337931,-11.201386,0.2693327,-0.0480528,0.0406893
58.053407,-0.154157,-1.246241,-10.744473,0.2709653,-0.0480925,0.0380037
58.060294,-0.158343,-1.329664,-10.702169,0.2746454,-0.0501238,0.0392755
58.067192,-0.158705,-1.338435,-10.684640,0.2783864,-0.0522822,0.0417208
58.074166,-0.155416,-1.278817,-10.681346,0.2813352,-0.0539986,0.0448073
58.081069,-0.156310,-1.294752,-10.733826,0.2832787,-0.0551067,0.0481347
58.095002,-0.155394,-1.280102,-10.865505,0.2845357,-0.0556649,0.0542048
58.101989,-0.153302,-1.244937,-10.927938,0.2843598,-0.0554174,0.0565077
58.109049,-0.152577,-1.233434,-11.002983,0.2839931,-0.0550321,0.0581869
58.116052,-0.150106,-1.271881,-11.512826,0.0708010,-0.0887073,0.1432059
58.129902,-0.145543,-1.298050,-10.232846,-0.2969481,-0.1179082,0.3682749
58.136868,-0.141162,-1.264853,-9.863222,-0.4052777,-0.1127512,0.4816859
58.143760,-0.140393,-1.287250,-9.609218,-0.4592300,-0.0979662,0.5822903
58.150736,-0.136162,-1.242963,-8.917521,-0.4129801,-0.0733838,0.6946393
58.157750,-0.132073,-1.217447,-8.458767,-0.3384588,-0.0508509,0.7926936
58.171665,-0.124303,-1.209420,-7.871986,-0.1394861,-0.0198708,0.9265870
58.178513,-0.121295,-1.240157,-7.690979,-0.0306831,-0.0108667,0.9592503
58.185587,-0.112635,-1.158162,-7.705876,0.0507790,-0.0096887,0.9712691
58.192452,-0.110078,-1.221877,-7.661608,0.1004318,-0.0137687,0.9660643
58.206336,-0.098540,-1.193286,-7.900854,0.1147344,-0.0344698,0.9210195
58.213354,-0.093052,-1.163826,-8.056919,0.0990331,-0.0428222,0.8899791
58.220311,-0.089327,-1.185040,-8.180372,0.0789966,-0.0481499,0.8583281
58.227235,-0.085567,-1.193805,-8.313334,0.0601630,-0.0505614,0.8290850
58.241117,-0.078151,-1.162981,-8.590807,0.0362812,-0.0494490,0.7853751
58.248085,-0.075093,-1.166965,-8.707343,0.0318520,-0.0475170,0.7725879
58.255259,-0.071475,-1.095007,-8.846126,0.0311375,-0.0455209,0.7657884
58.261959,-0.069425,-1.265260,-8.883984,0.0327698,-0.0438386,0.7642985
58.268955,-0.065864,-1.142990,-9.018488,0.0354251,-0.0426988,0.7670805
58.282780,-0.059632,-1.200409,-9.159000,0.0404316,-0.0420085,0.7807145
58.289842,-0.056950,-1.112625,-9.244445,0.0419491,-0.0422361,0.7892677
58.296786,-0.053807,-1.142580,-9.326051,0.0273202,-0.0419783,0.7976447
58.303692,-0.050766,-1.152747,-9.395145,0.0091566,-0.0415112,0.8051505
58.317768,-0.045808,-1.108685,-9.504004,-0.0213017,-0.0398965,0.8158495
58.324643,-0.042003,-1.161066,-9.536406,-0.0298610,-0.0389693,0.8187185
58.331539,-0.039631,-1.145687,-9.568218,-0.0339642,-0.0381594,0.8200136
58.338525,-0.038012,-1.103960,-9.595716,-0.0346819,-0.0375693,0.8199698
58.352366,-0.032882,-1.108166,-9.631626,-0.0309199,-0.0371505,0.8170868
58.359360,-0.031219,-1.085774,-9.646067,-0.0284571,-0.0372523,0.8148881
58.366250,-0.027598,-1.118331,-9.655715,-0.0264308,-0.0374705,0.8125690
58.373284,-0.027472,-1.062603,-9.666778,-0.0250924,-0.0377314,0.8103730
58.387164,-0.023103,-1.071562,-9.528923,-0.0143840,-0.0358130,0.7789464
58.394120,-0.021510,-1.069952,-9.441126,-0.0027398,-0.0332739,0.7426835
58.400973,-0.018641,-1.096885,-9.377727,0.0077188,-0.0309810,0.7043986
58.408022,-0.020708,-1.028787,-9.351981,0.0154755,-0.0292483,0.6679609
58.414920,-0.017281,-1.072788,-9.055264,0.0371660,-0.0271194,0.6004553
58.429124,-0.013390,-1.107047,-8.719413,0.0765906,-0.0236035,0.4597368
58.436062,-0.015703,-1.055451,-8.664081,0.0882997,-0.0222509,0.4011890
58.443218,-0.020336,-0.964968,-8.666764,0.0943999,-0.0212056,0.3554677
58.449933,-0.011598,-1.100746,-8.580975,0.0960729,-0.0205156,0.3234437
58.456888,-0.016003,-1.014557,-8.629199,0.0947707,-0.0201952,0.3050700
58.463797,-0.014701,-1.023136,-8.643384,0.0919197,-0.0201831,0.2989796
58.477774,0.032059,-1.744231,-8.367414,0.0857747,-0.0206429,0.3146820
58.484691,-0.013043,-1.004012,-8.750657,0.0836496,-0.0209105,0.3312059
58.491647,-0.013181,-0.985968,-8.794413,0.0823924,-0.0211256,0.3500713
58.505531,-0.010803,-0.995422,-8.669210,0.0851235,-0.0216791,0.3406858
58.512689,-0.015701,-0.909185,-8.693274,0.0870473,-0.0218683,0.3252586
58.519605,-0.010570,-0.975433,-8.657749,0.0887305,-0.0219646,0.3063741
58.526847,-0.015805,-0.888290,-8.707853,0.0899791,-0.0219625,0.2862810
58.533799,-0.002577,-1.069776,-8.635517,0.0907563,-0.0218664,0.2663259
58.547732,-0.008252,-0.974324,-8.597261,0.0772213,-0.0244484,0.1880444
58.554822,-0.013440,-0.893320,-8.628498,0.0702586,-0.0256738,0.1432129
58.561686,-0.007722,-0.972650,-8.558471,0.0663141,-0.0267375,0.0962808
58.568495,-0.007697,-0.969437,-8.547771,0.0645317,-0.0274721,0.0526353
58.582477,-0.009360,-0.940327,-8.566337,0.0652051,-0.0279126,-0.0140079
58.589473,-0.012331,-0.891648,-8.602763,0.0664923,-0.0277277,-0.0341771
58.596373,-0.010616,-0.915248,-8.605550,0.0678194,-0.0274025,-0.0454659
58.603515,-0.015381,-0.835416,-8.663966,0.0689320,-0.0270384,-0.0487970
58.617389,-0.012691,-0.869647,-8.686093,0.0701681,-0.0264770,-0.0373886
58.624374,-0.012696,-0.863994,-8.708290,0.0703283,-0.0263501,-0.0263035
58.631229,-0.009924,-0.905436,-8.707586,0.0702935,-0.0263208,-0.0138071
58.638235,-0.013065,-0.845590,-8.752333,0.0701531,-0.0263659,-0.0014034
58.645142,-0.010861,-0.877367,-8.753684,0.0699786,-0.0264579,0.0098848
58.659382,-0.016032,-0.772730,-8.826098,0.0697070,-0.0266785,0.0262400
58.667122,-0.023851,-0.623259,-8.900481,0.0696430,-0.0267718,0.0307935
58.674007,0.007387,-1.184695,-8.676186,0.0696258,-0.0268522,0.0329930
58.680949,-0.011836,-0.829355,-8.833566,0.0696418,-0.0268909,0.0329389
58.687960,-0.012979,-0.802310,-8.852459,0.0696742,-0.0269064,0.0313700
58.702326,-0.019442,-0.660071,-8.879539,0.0815285,-0.0307038,0.0284961
58.708826,-0.003454,-0.966553,-8.743114,0.0873670,-0.0326278,0.0273469
58.715968,-0.014316,-0.742688,-8.833975,0.0917908,-0.0340983,0.0264853
58.723063,-0.015857,-0.745752,-9.631102,0.1832905,0.0124753,0.1459810
58.729921,-0.012087,-0.847223,-9.476204,0.2777268,0.0569634,0.3025655
58.743963,-0.020918,-0.681273,-9.390315,0.4070193,0.1070558,0.6274559
58.750724,-0.010168,-0.832243,-9.180997,0.4768271,0.1272464,0.7697942
58.757689,-0.014931,-0.739580,-8.982686,0.5216000,0.1360377,0.8834887
58.764631,-0.012042,-0.750899,-8.802028,0.5467390,0.1357703,0.9658599
58.778528,-0.008529,-0.742526,-8.587811,0.5536416,0.1218717,1.0364590
58.785472,-0.007730,-0.733193,-8.541589,0.5457186,0.1145505,1.0320793
58.792452,-0.008029,-0.717906,-8.526427,0.5358420,0.1093671,1.0085996
58.799375,-0.004909,-0.734687,-8.515545,0.5267116,0.1067646,0.9722769
58.806406,-0.009288,-0.692509,-8.544379,0.5198337,0.1065046,0.9291754
58.820446,-0.004795,-0.715339,-8.571642,0.5142522,0.1107215,0.8418970
58.827320,-0.000800,-0.737972,-8.585885,0.5148615,0.1138130,0.8063080
58.834228,-0.002180,-0.719652,-8.972786,0.4708655,0.1016014,0.7786744
58.841245,-0.006003,-0.684590,-9.058901,0.4289980,0.0862665,0.7596720
58.855585,-0.028387,-0.530775,-9.218352,0.4522180,0.0756194,0.7463282
58.862502,0.022392,-0.827115,-9.233307,0.5189353,0.0858905,0.7501159
58.869444,-0.001129,-0.682448,-9.294716,0.5767407,0.0967736,0.7581819
58.876565,-0.014927,-0.599119,-9.334646,0.6211435,0.1059254,0.7689701
58.883448,0.011974,-0.741447,-9.347231,0.6498740,0.1120397,0.7812284
58.897320,-0.001432,-0.656105,-9.388410,0.6645539,0.1147387,0.8036112
58.904291,-0.005796,-0.627439,-9.403090,0.6593091,0.1132678,0.8123039
58.911232,-0.003216,-0.634838,-9.414220,0.6509781,0.1112193,0.8187404
58.918213,-0.006509,-0.612527,-9.425150,0.6424761,0.1092984,0.8228359
58.932112,-0.000988,-0.626111,-9.442444,0.6310436,0.1071366,0.8247245
58.939162,-0.012886,-0.565080,-9.450958,0.6289687,0.1069710,0.8232428
58.946149,0.000213,-0.617467,-9.457560,0.6288617,0.1072389,0.8207021
58.953177,-0.009469,-0.568225,-9.510252,0.6081911,0.1037042,0.8176144
58.960147,0.000413,-0.603649,-9.550805,0.5903257,0.1000373,0.8143404
58.974287,0.015175,-0.648498,-9.618512,0.5670241,0.0952121,0.8085134
58.981252,0.011666,-0.625120,-9.643786,0.5628089,0.0944763,0.8063669
58.988460,-0.027794,-0.460366,-9.653414,0.5624176,0.0945915,0.8048878
58.995265,0.035976,-0.701355,-9.692826,0.5644975,0.0952238,0.8040305
59.002225,-0.002603,-0.543781,-9.694967,0.5675839,0.0960033,0.8037550
59.016051,0.005640,-0.557951,-9.663232,0.4893969,0.0752653,0.8044768
59.022997,0.004052,-0.542244,-9.601788,0.3726082,0.0386315,0.8052332
59.029968,0.003142,-0.529459,-9.421303,0.2633559,0.0032122,0.8060958
59.036987,-0.001246,-0.504682,-9.291902,0.1783677,-0.0241617,0.8069643
59.050878,0.020524,-0.561785,-9.138692,0.0978701,-0.0482474,0.8084272
59.057897,0.001627,-0.489339,-9.048257,0.0961229,-0.0474965,0.8089338
59.064854,0.015448,-0.526658,-8.986709,0.1084934,-0.0423652,0.8092703
59.071766,0.020762,-0.534978,-8.953011,0.1268780,-0.0357839,0.8094413
59.085807,0.015683,-0.500253,-8.940930,0.1601455,-0.0253795,0.8093796
59.092727,0.021732,-0.509980,-8.947305,0.1700313,-0.0229047,0.8092088
59.100042,-0.041248,-0.307908,-8.983147,0.1749486,-0.0221257,0.8089904
59.107057,0.071395,-0.639621,-8.966493,0.1757979,-0.0226335,0.8087370
59.113984,0.015296,-0.462807,-9.004549,0.1740673,-0.0237013,0.8085087
59.127979,0.014945,-0.444520,-9.047974,0.1678132,-0.0260295,0.8081461
59.135137,-0.003581,-0.383358,-9.040026,0.1662842,-0.0247837,0.8080287
59.142265,0.013505,-0.423809,-9.033894,0.1655965,-0.0227813,0.8079581
59.148995,0.058189,-0.540170,-9.027710,0.1655045,-0.0207792,0.8079312
59.162959,0.033464,-0.454300,-9.051861,0.1659562,-0.0180153,0.8079755
59.169903,0.014792,-0.396113,-9.067248,0.1661438,-0.0174439,0.8080286
59.176880,0.010152,-0.376098,-9.080345,0.1661986,-0.0173163,0.8080907
59.183812,0.018435,-0.389821,-9.091400,0.1661116,-0.0174929,0.8081544
59.190819,0.004969,-0.347569,-9.105511,0.1659068,-0.0178312,0.8082135
59.204824,0.039711,-0.419252,-9.123914,0.1652872,-0.0185705,0.8083032
59.211763,0.020547,-0.364001,-9.136352,0.1649537,-0.0188395,0.8083295
59.218716,0.019101,-0.352948,-9.145879,0.1646327,-0.0190201,0.8083436
59.225642,0.020706,-0.349519,-9.154232,0.1643369,-0.0191207,0.8083470
59.239529,0.014693,-0.322685,-8.979474,0.0930587,-0.0389934,0.8083302
59.246485,0.017862,-0.324362,-8.889819,0.0383842,-0.0546439,0.8083149
59.253477,0.011330,-0.303582,-8.832254,-0.0085313,-0.0675395,0.8082978
59.260521,0.006985,-0.288063,-8.795941,-0.0423339,-0.0761378,0.8082807
59.274660,0.031841,-0.330484,-8.757447,-0.0694981,-0.0810338,0.8082525
59.281580,0.030165,-0.320193,-8.758932,-0.0683124,-0.0795308,0.8082433
59.288620,0.004062,-0.257753,-8.775188,-0.0624211,-0.0770817,0.8082375
59.295547,0.047425,-0.342831,-8.771895,-0.0547262,-0.0745561,0.8082348
59.302471,0.032996,-0.305765,-8.790702,-0.0476733,-0.0726051,0.8082349
59.316376,0.032343,-0.291433,-8.797978,-0.0396357,-0.0712932,0.8082407
59.323350,0.016245,-0.253015,-8.802865,-0.0389397,-0.0717827,0.8082452
59.330252,0.032315,-0.278998,-8.772134,-0.0406265,-0.0733866,0.8082500
59.337222,0.017520,-0.244214,-8.764597,-0.0432706,-0.0751546,0.8082544
59.351109,0.029764,-0.256712,-8.757559,-0.0485897,-0.0778609,0.8082613
59.358260,-0.021654,-0.154915,-8.756602,-0.0555868,-0.0802921,0.7961961
59.365044,0.061347,-0.304871,-8.722700,-0.0627368,-0.0825728,0.7810341
59.371983,0.029140,-0.240078,-8.735353,-0.0689005,-0.0843867,0.7647674
59.378938,0.021245,-0.220882,-8.743582,-0.0734038,-0.0855909,0.7491710
59.392818,0.047449,-0.258118,-8.753252,-0.0775138,-0.0864330,0.7244310
59.399769,0.021780,-0.208214,-8.752028,-0.0804450,-0.0874652,0.6987154
59.406740,0.017224,-0.196011,-8.753950,-0.0831962,-0.0885801,0.6715598
59.413683,0.023583,-0.202899,-8.755547,-0.0855036,-0.0896114,0.6457124
59.420652,0.017129,-0.187806,-8.763733,-0.0872164,-0.0904452,0.6232033
59.434565,0.017058,-0.180007,-8.779874,-0.0890010,-0.0914235,0.5926517
59.441693,0.002220,-0.151636,-8.793986,-0.0893210,-0.0916252,0.5851755
59.448647,0.046188,-0.220519,-8.789428,-0.0894418,-0.0916998,0.5825718
59.455627,0.024315,-0.180884,-8.805508,-0.0894818,-0.0917007,0.5839678
59.469604,0.004782,-0.142443,-8.827556,-0.0896037,-0.0916367,0.5945873
59.476500,0.036574,-0.189747,-8.824493,-0.0897442,-0.0916138,0.6017798
59.483633,-0.021485,-0.094747,-8.847420,-0.0899387,-0.0916079,0.6090465
59.490401,0.064788,-0.226763,-8.826339,-0.0901737,-0.0916181,0.6157148
59.497271,0.038739,-0.182574,-8.837879,-0.0904332,-0.0916414,0.6213259
59.511298,0.093657,-0.259196,-8.827621,-0.0909793,-0.0917141,0.6284998
59.518200,0.030128,-0.159488,-8.848459,-0.0912401,-0.0917581,0.6299629
59.525259,-0.008737,-0.098389,-8.861796,-0.0914910,-0.0918059,0.6302262
59.532144,0.033894,-0.158890,-8.851110,-0.0917326,-0.0918576,0.6295273
59.546061,0.038759,-0.160534,-8.827354,-0.0973510,-0.0898731,0.5891801
59.553170,-0.022027,-0.070635,-8.839716,-0.1034867,-0.0875541,0.5389178
59.560005,0.047537,-0.168672,-8.814842,-0.1092274,-0.0855141,0.4842271
59.566916,0.024362,-0.133487,-9.061445,-0.0884084,-0.0665738,0.3981294
59.580828,0.029092,-0.136118,-9.331249,-0.0328647,-0.0248052,0.1878821
59.587909,-0.022084,-0.062193,-9.418616,-0.0101787,-0.0090902,0.0873002
59.594730,0.046523,-0.156918,-9.484193,0.0056330,0.0015790,0.0005916
59.601664,0.011126,-0.105462,-9.526727,0.0143431,0.0073274,-0.0670523
59.608700,-0.013499,-0.069152,-9.559005,0.0171374,0.0090401,-0.1139694
59.622528,0.018701,-0.111436,-9.621835,0.0119637,0.0051143,-0.1485430
59.629516,-0.003907,-0.077891,-9.645563,0.0074224,0.0018329,-0.1415768
59.636325,0.040709,-0.139499,-9.678290,0.0032520,-0.0011435,-0.1234432
59.643381,-0.020920,-0.050547,-9.689173,0.0000971,-0.0033481,-0.0981997
59.657346,-0.021655,-0.046243,-9.721313,-0.0026617,-0.0051006,-0.0410913
59.664208,0.027182,-0.113886,-9.742669,-0.0026582,-0.0049591,-0.0150422
59.671175,-0.000335,-0.073225,-9.745135,-0.0021587,-0.0044666,0.0066627
59.678142,0.006334,-0.081022,-9.753080,-0.0014533,-0.0038407,0.0230945
59.692166,0.028241,-0.108917,-0.636071,0.1325990,0.1222358,0.1087349
59.699114,0.006735,-0.075975,1.708424,0.1870419,0.1737990,0.1550199
59.706016,0.006384,-0.074885,-3.497438,0.4048091,0.3019106,0.2774688
59.712998,-0.022616,-0.031563,-5.618749,0.5943966,0.4099789,0.4137647
59.720266,-0.102107,0.081907,-7.260571,0.7431484,0.4857862,0.5486715
59.734082,-0.026494,0.000502,-9.261475,1.0615134,0.5133249,0.8043190
59.741102,-0.050547,0.043064,-9.518123,1.1342443,0.4804618,0.8949713
59.748037,-0.024539,0.016530,-9.731557,1.1630526,0.4358020,0.9581068
59.755080,-0.053801,0.062075,-9.898925,1.1608038,0.3926831,0.9940621
59.762050,-0.027125,0.030575,-10.065303,1.1406162,0.3596694,1.0055170
59.776015,-0.063977,0.083313,-10.313932,1.0874963,0.3337185,0.9725056
59.782838,0.032884,-0.045314,-10.485873,1.0675354,0.3370240,0.9387751
59.789877,-0.053543,0.070274,-10.528940,1.0554751,0.3459898,0.9008899
59.796755,-0.003456,0.004046,-10.647296,1.0507768,0.3571568,0.8629693
59.810748,-0.030913,0.043311,-10.758821,1.0566106,0.3769851,0.7994393
59.817675,-0.022306,0.033344,-10.815269,1.0629363,0.3834406,0.7776954
59.824640,-0.035853,0.053283,-10.846531,1.0692768,0.3874353,0.7634273
59.831541,-0.009071,0.022857,-10.882722,1.0419147,0.3333131,0.7562843
59.838560,-0.033863,0.061777,-10.886685,1.0162954,0.2742383,0.7553802
59.852666,-0.067188,0.115742,-10.898971,0.9825559,0.1862304,0.7669814
59.859590,0.001473,0.027971,-10.972257,0.9771611,0.1657779,0.7766086
59.866392,0.070395,-0.060817,-11.044161,0.9777647,0.1589965,0.7870700
59.873398,-0.028307,0.071730,-10.971317,0.9819432,0.1616018,0.7970958
59.887297,-0.019852,0.062572,-10.990694,0.9927508,0.1776798,0.8130201
59.894263,-0.022018,0.066421,-10.991369,0.9969028,0.1852506,0.8181531
59.901194,0.006495,0.029728,-11.016771,0.9996581,0.1906206,0.8212885
59.908140,-0.015796,0.060141,-10.997367,1.0011259,0.1935215,0.8225579
59.922086,-0.036604,0.090066,-10.977434,1.0017762,0.1939368,0.8207844
59.929143,-0.063075,0.126166,-10.953248,1.0017102,0.1927910,0.8185031
59.935930,0.053602,-0.027664,-11.051873,1.0017302,0.1915131,0.8157998
59.942987,-0.057023,0.114306,-10.818991,0.8164436,0.1003248,0.8130103
59.950022,-0.019786,0.062164,-10.646021,0.6481762,0.0028363,0.8103841
59.963970,0.059021,-0.044448,-10.443082,0.4275792,-0.1354208,0.8063907
59.970838,0.047775,-0.029896,-10.366166,0.3878141,-0.1636728,0.8052082
59.978038,-0.100261,0.164254,-10.234328,0.3827072,-0.1704396,0.8045578
59.985021,0.022448,0.004695,-10.293118,0.3994179,-0.1631373,0.8043837
59.992082,0.043602,-0.021418,-10.301951,0.4262334,-0.1488528,0.8046132
60.005905,-0.018288,0.058044,-10.276889,0.4721735,-0.1229797,0.8057896
60.012809,0.024970,0.002075,-10.316021,0.4851916,-0.1155586,0.8065390
60.019982,-0.100976,0.163743,-10.250639,0.4911696,-0.1122308,0.8072786
60.026902,0.066841,-0.054327,-9.656347,0.4429712,-0.1575891,0.8079551
60.041018,-0.082604,0.132490,-8.877695,0.3510580,-0.2417409,0.8089121
60.048019,0.068419,-0.061335,-8.712184,0.3201330,-0.2693666,0.8091738
60.055178,-0.093215,0.141917,-8.590540,0.3035901,-0.2837859,0.8092907
60.062040,0.138626,-0.153518,-8.566060,0.2979501,-0.2883208,0.8092864
60.069029,-0.011341,0.034290,-8.550838,0.2999228,-0.2861300,0.8091907
60.083099,-0.029876,0.042177,-7.052179,0.2048255,-0.2782253,0.8088366
60.090091,0.040431,-0.051568,-6.646262,0.1588738,-0.2736887,0.8086287
60.097047,-0.009334,0.006489,-6.464229,0.1254715,-0.2698849,0.8084363
60.104142,-0.061580,0.068718,-6.402030,0.1045542,-0.2670297,0.8082692
60.117881,-0.002542,-0.009055,-6.406136,0.0935341,-0.2646033,0.8080469
60.124902,-0.052063,0.050555,-6.518609,0.0972301,-0.2648014,0.8079944
60.131833,0.001363,-0.016171,-6.600292,0.1032481,-0.2656547,0.8079770
60.138786,-0.024359,0.009618,-5.680032,0.0989076,-0.2490822,0.8079888
60.152696,0.032797,-0.067360,-4.703691,0.0828569,-0.2158618,0.8080701
60.159672,-0.044917,0.023056,-4.612368,0.0750756,-0.2041002,0.8081241
60.166553,-0.001053,-0.031828,-4.509138,0.0688353,-0.1966375,0.8081784
60.173610,-0.084987,0.065519,-4.632990,0.0644328,-0.1930596,0.8082281
60.180556,-0.033406,0.002599,-4.664300,0.0617751,-0.1924814,0.8082697
60.194413,-0.029224,-0.005680,-4.934848,0.0602682,-0.1962734,0.8083221
60.201485,-0.107582,0.082953,-5.169044,0.0605777,-0.1989602,0.8083327
60.208497,-0.001309,-0.040528,-5.237856,0.0611311,-0.2015099,0.8083341
60.215445,-0.052982,0.016447,-5.444406,0.0616378,-0.2034853,0.8083285
60.224156,103.465782,-117.220474,74.242249,0.0620763,-0.2054646,0.8083103
60.238128,-0.135795,0.102118,-5.969016,0.0618938,-0.2062568,0.8082871
60.245181,-0.042944,-0.002992,-6.029825,0.0614714,-0.2063635,0.8082729
60.252299,-0.096063,0.052935,-6.705927,0.0438558,-0.1989270,0.8082604
60.259172,-0.025857,-0.027189,-7.125802,0.0231535,-0.1909707,0.8082507
60.272977,-0.048309,-0.009847,-7.392673,-0.0129872,-0.1773168,0.8082397
60.279937,-0.088854,0.030103,-7.449819,-0.0243470,-0.1730192,0.8082384
60.286909,-0.096291,0.034674,-7.490376,-0.0309735,-0.1705056,0.8082389
60.293953,-0.136174,0.075806,-7.785076,-0.0124442,-0.1881870,0.8082412
60.300863,-0.040149,-0.024346,-7.971941,0.0135591,-0.2083723,0.8082446
60.315016,-0.023391,-0.041103,-8.286345,0.0627017,-0.2435039,0.8082526
60.321992,-0.091245,0.026795,-8.405170,0.0784220,-0.2542026,0.8082562
60.328912,-0.060577,-0.006317,-8.504503,0.0873933,-0.2601656,0.8082592
60.335860,-0.109529,0.040359,-8.584265,0.0905591,-0.2622063,0.8082617
60.349821,-0.129401,0.053402,-8.709003,0.0862215,-0.2593434,0.8082640
60.356864,-0.170636,0.090583,-8.753218,0.0819004,-0.2565970,0.8082641
60.364184,-0.286586,0.200550,-8.618400,0.0722317,-0.2503397,0.8082637
60.370893,-0.001599,-0.086072,-8.555482,0.0623535,-0.2444639,0.8082629
60.384615,-0.093065,-0.004549,-8.432628,0.0477002,-0.2362601,0.8082609
60.391702,-0.219744,0.114122,-8.298466,0.0439913,-0.2344033,0.8082598
60.398821,-0.213254,0.103202,-8.153103,0.0423309,-0.2337747,0.8082590
60.405773,-0.071079,-0.037407,-8.034742,0.0422033,-0.2340542,0.8082582
60.412634,-0.123794,0.008715,-7.973578,0.0429564,-0.2348269,0.8082575
60.426559,-0.176690,0.050745,-7.917784,0.0451967,-0.2367746,0.8082572
60.433439,-0.150766,0.017861,-7.999575,-0.0309814,-0.2333693,0.8069262
60.440490,-0.242671,0.094692,-8.076450,-0.1096661,-0.2289321,0.8052540
60.447403,-0.174184,0.022356,-8.119371,-0.1802960,-0.2237768,0.8034610
60.461331,-0.185871,0.018876,-8.186565,-0.2671338,-0.2141263,0.8002241
60.468182,-0.168002,-0.002624,-8.207247,-0.2830107,-0.2106345,0.7990108
60.475310,-0.312439,0.120534,-8.237422,-0.2855216,-0.2083449,0.7981396
60.482131,-0.164602,-0.013961,-8.239812,-0.2795840,-0.2072362,0.7976141
60.496012,-0.198341,0.005383,-8.347792,-0.3046421,-0.2153855,0.7987970
60.502956,-0.247884,0.041043,-8.387012,-0.3386487,-0.2240211,0.8007323
60.510180,-0.389352,0.152098,-8.422792,-0.3692487,-0.2314042,0.8029202
60.516876,-0.132475,-0.066015,-8.433458,-0.3924164,-0.2364879,0.8051100
60.523903,-0.308889,0.072059,-8.459677,-0.4071172,-0.2391282,0.8071045
60.537743,-0.309360,0.060683,-8.487082,-0.4156007,-0.2389926,0.8100235
60.544697,-0.283997,0.035597,-8.496667,-0.4134026,-0.2375677,0.8108488
60.551634,-0.294686,0.038716,-8.506347,-0.4096019,-0.2360367,0.8112600
60.558626,-0.328867,0.059190,-8.516081,-0.4056481,-0.2347541,0.8113128
60.572854,-0.428910,0.120683,-8.534657,-0.4004185,-0.2334656,0.8106421
60.579415,-0.125228,-0.102177,-8.523612,-0.3996114,-0.2334081,0.8100872
60.586431,-0.367508,0.064523,-8.541791,-0.3998181,-0.2335942,0.8094890
60.593411,-0.361716,0.054756,-8.545651,-0.4007307,-0.2339002,0.8089113
60.607250,-0.393406,0.064590,-8.554666,-0.4034700,-0.2345052,0.8079888
60.614161,-0.352621,0.032033,-8.554799,-0.4048439,-0.2347049,0.8076908
60.621090,-0.367966,0.036571,-8.558369,-0.4060539,-0.2348192,0.8075086
60.628082,-0.408127,0.056555,-8.563618,-0.4070591,-0.2348613,0.8074332
60.635315,-0.527926,0.126599,-8.583780,-0.3717578,-0.2150096,0.7558032
60.649192,-0.405366,0.043014,-8.625189,-0.3042558,-0.1759133,0.6183751
60.656179,-0.442802,0.061560,-8.645735,-0.2823250,-0.1632139,0.5519794
60.663064,-0.397736,0.031158,-8.656595,-0.2694707,-0.1557426,0.4937985
60.670114,-0.483420,0.077027,-8.672523,-0.2645921,-0.1529389,0.4473518
60.683959,-0.439426,0.043404,-8.689746,-0.2702252,-0.1566028,0.3944553
60.690951,-0.484530,0.064563,-8.702581,-0.2762012,-0.1603774,0.3871318
60.697858,-0.450804,0.041582,-8.710955,-0.2820330,-0.1640215,0.3900138
60.704850,-0.499780,0.064330,-8.723285,-0.2867433,-0.1668771,0.4006110
60.718769,-0.512742,0.062662,-8.739013,-0.2916095,-0.1693726,0.4345883
60.725770,-0.524197,0.064282,-8.752042,-0.2733180,-0.1301290,0.4281649
60.732808,-0.549059,0.072662,-8.770129,-0.2537849,-0.0825986,0.4116485
60.739720,-0.491112,0.038365,-8.782940,-0.2363779,-0.0379778,0.3886215
60.753603,-0.558631,0.064569,-8.810328,-0.2156150,0.0188919,0.3370176
60.760517,-0.538092,0.050578,-8.818977,-0.2120465,0.0299562,0.3135973
60.767475,-0.569224,0.062185,-8.828430,-0.2117619,0.0321811,0.2941321
60.774486,-0.593052,0.070075,-8.836783,-0.2135625,0.0286314,0.2794550
60.781354,-0.544019,0.043226,-8.841955,-0.2163254,0.0222597,0.2699001
60.795254,-0.587509,0.059734,-8.867238,-0.1899579,-0.0203269,0.2662697
60.802172,-0.587370,0.059438,-8.882030,-0.1550664,-0.0580353,0.2712443
60.809204,-0.643772,0.084578,-8.895382,-0.1221371,-0.0911206,0.2788077
60.816115,-0.597306,0.062345,-8.903911,-0.0961268,-0.1155573,0.2877179
60.830040,-0.616929,0.066334,-8.917907,-0.0697658,-0.1369460,0.3054469
60.836949,-0.620117,0.064314,-8.923292,-0.0673250,-0.1371494,0.3127370
60.844270,-0.788337,0.134706,-8.930692,-0.0693129,-0.1334500,0.3184140
60.851165,-0.522216,0.013449,-8.930630,-0.0738523,-0.1277462,0.3223644
60.858104,-0.655866,0.067937,-8.936507,-0.0787114,-0.1222768,0.3244331
60.872170,-0.761148,0.105381,-8.944634,-0.0861774,-0.1145301,0.3242201
60.878908,-0.598417,0.031575,-8.944736,-0.0880516,-0.1127221,0.3225721
60.885907,-0.721187,0.080344,-8.949564,-0.0887777,-0.1120713,0.3203568
60.892906,-0.728241,0.081527,-9.866951,-0.0613055,-0.1259596,0.3351908
60.906761,-0.774933,0.099315,-11.030705,0.0056213,-0.1572228,0.3760369
60.913662,-0.704156,0.068334,-11.562417,0.0313135,-0.1690742,0.3970000
60.921092,-0.924915,0.158024,-11.752042,0.0475797,-0.1766098,0.4157082
60.929150,-0.971645,0.174769,-12.046287,0.0550785,-0.1800970,0.4318830
60.942048,-0.799307,0.093738,-12.781509,0.0511771,-0.1780657,0.4497643
60.948988,-0.769416,0.076515,-13.034790,0.0457747,-0.1752564,0.4526851
60.955960,-0.785045,0.078334,-13.199620,0.0444312,-0.1635891,0.4399179
60.962853,-0.770935,0.067909,-13.384266,0.0448142,-0.1518957,0.4207054
60.970218,-0.960654,0.142275,-13.224184,0.0462164,-0.1424626,0.3981435
60.984124,-0.875910,0.099217,-13.580443,0.0496335,-0.1336062,0.3526403
60.990975,-0.775576,0.053913,-13.839279,0.0508250,-0.1334579,0.3343005
60.997930,-0.839620,0.076697,-13.806555,0.0515470,-0.1347647,0.3202414
61.004817,-0.824804,0.066901,-13.899920,0.0518842,-0.1366016,0.3107246
61.018662,-0.844404,0.067584,-13.977640,0.0519659,-0.1395654,0.3043750
61.025692,-0.905761,0.089376,-13.912544,0.0519632,-0.1402404,0.3063066
61.032757,-0.927784,0.094733,-13.912469,0.0520294,-0.1404181,0.3105330
61.039566,-0.834830,0.049942,-13.923305,0.0385039,-0.1283920,0.2971405
61.046541,-0.914532,0.077624,-13.680221,0.0226080,-0.1149607,0.2757293
61.060421,-0.915235,0.067712,-13.359617,-0.0006803,-0.0955984,0.2230007
61.067353,-0.924816,0.067700,-13.150958,-0.0055124,-0.0916515,0.1976253
61.074340,-0.951217,0.075424,-12.977736,-0.0065799,-0.0908069,0.1757150
61.081241,-0.932555,0.064487,-12.919609,-0.0052394,-0.0919049,0.1585327
61.088227,-0.971794,0.078148,-12.810152,-0.0028021,-0.0938471,0.1465544
61.102003,-0.934702,0.055706,-11.846756,-0.0044343,-0.0905568,0.1238838
61.108972,-0.992787,0.076624,-11.141484,-0.0103316,-0.0838525,0.1031780
61.115922,-0.994827,0.073941,-10.706067,-0.0159875,-0.0776439,0.0805037
61.122950,-1.029078,0.085485,-10.410705,-0.0202715,-0.0730556,0.0583060
61.136795,-0.923378,0.034500,-10.226322,-0.0238525,-0.0693724,0.0221887
61.143898,-1.079851,0.099521,-9.640544,-0.0220336,-0.0689334,0.0013169
61.150816,-1.021876,0.072412,-9.336306,-0.0192816,-0.0690235,-0.0205368
61.157806,-1.054851,0.084684,-9.156379,-0.0165529,-0.0693650,-0.0411745
61.164774,-1.056626,0.084259,-8.998466,-0.0020371,-0.0772645,-0.0303001
61.178762,-1.065521,0.085184,-8.963338,0.0272383,-0.0931456,0.0363537
61.185675,-1.055618,0.078515,-9.024379,0.0365573,-0.0982976,0.0794324
61.192682,-1.099381,0.095018,-9.113742,0.0417882,-0.1012902,0.1222623
61.199508,-1.043009,0.066564,-9.219571,0.0436691,-0.1024687,0.1611647
61.213351,-1.018309,0.047568,-9.456116,0.0416235,-0.1014569,0.2176738
61.220392,-1.143591,0.099845,-9.552499,0.0396264,-0.1002750,0.2334164
61.227337,-1.120964,0.085441,-9.669201,0.0378395,-0.0991367,0.2411298
61.234205,-1.104341,0.073885,-9.782228,0.0365582,-0.0982428,0.2418713
61.241248,-1.169439,0.099368,-9.864584,0.0358532,-0.0976672,0.2370939
61.255153,-1.152253,0.083479,-10.125772,0.0368860,-0.1157135,0.3058336
61.262460,-1.272299,0.133871,-10.166736,0.0380428,-0.1243016,0.3469783
61.269361,-1.050748,0.028057,-10.365725,0.0394503,-0.1309684,0.3885796
61.278238,53.064262,-24.960182,-41.643993,0.0413463,-0.1357753,0.4413959
61.284822,-1.977520,0.437436,-9.969175,0.0419037,-0.1363291,0.4565900
61.298626,-1.193158,0.069840,-10.519464,0.0431875,-0.1346939,0.4842832
61.305684,-1.254812,0.092355,-10.517899,0.0434060,-0.1332974,0.4872129
61.312584,-1.210920,0.066635,-10.580811,0.0434336,-0.1320609,0.4843881
61.319464,-1.215390,0.063060,-10.608978,0.0433491,-0.1311730,0.4773190
61.326413,-1.250797,0.073722,-10.612630,0.0432206,-0.1306702,0.4675950
61.340410,-1.264367,0.067104,-10.634713,0.0277106,-0.1507925,0.5812021
61.347306,-1.261804,0.058961,-10.649519,0.0207525,-0.1601266,0.6520099
61.354254,-1.286713,0.062957,-10.639347,0.0162554,-0.1667565,0.7213920
61.361230,-1.301949,0.061910,-10.400605,0.0101686,-0.1725831,0.7835302
61.375194,-1.344430,0.064570,-10.113189,0.0023847,-0.1773857,0.8716273
61.382098,-1.301491,0.038080,-10.059762,0.0010780,-0.1772570,0.8952594
61.389079,-1.348853,0.050836,-9.997839,0.0010515,-0.1763106,0.9057990
61.396028,-1.350614,0.044206,-9.978661,0.0017705,-0.1751043,0.9053029
61.402879,-1.334184,0.030334,-9.984236,0.0027706,-0.1740168,0.8962202
61.416941,-1.351619,0.024343,-10.009867,0.0044271,-0.1728200,0.8625777
61.423916,-1.398247,0.036780,-10.016471,0.0047992,-0.1727231,0.8433846
61.430889,-1.407107,0.034179,-10.041862,0.0048745,-0.1728483,0.8252202
61.437901,-1.421916,0.033926,-9.972473,0.0057767,-0.1701728,0.8094532
61.451725,-1.408566,0.017450,-9.933872,0.0075283,-0.1648324,0.7883462
61.458771,-1.464206,0.032966,-9.914256,0.0080325,-0.1630720,0.7833406
61.465746,-1.438271,0.018200,-9.839071,0.0098228,-0.1628132,0.7599208
61.472620,-1.439753,0.014000,-9.797044,0.0115239,-0.1632668,0.7340530
61.479583,-1.470936,0.020815,-9.768687,0.0128394,-0.1640920,0.7083940
61.493516,-1.489827,0.018809,-9.769527,0.0139200,-0.1657706,0.6659605
61.500417,-1.479600,0.011252,-9.752481,0.0139470,-0.1678918,0.6330742
61.507487,-1.519938,0.021413,-9.739662,0.0136099,-0.1698946,0.6003619
61.514528,-1.530437,0.021276,-9.745466,0.0130712,-0.1714798,0.5710325
61.521602,-1.541625,0.021503,-9.757774,0.0124601,-0.1725315,0.5467802
61.535302,-1.524422,0.008754,-9.807578,0.0114117,-0.1732035,0.5170627
61.542258,-1.540951,0.010840,-9.827568,0.0110877,-0.1730790,0.5116604
61.549185,-1.541618,0.007793,-9.853360,0.0109052,-0.1728351,0.5114887
61.556162,-1.560236,0.010511,-9.872222,0.0108459,-0.1725762,0.5154234
61.570016,-1.565642,0.005744,-9.917650,0.0109844,-0.1722447,0.5306393
61.577123,-1.608450,0.016189,-9.920880,0.0111241,-0.1722067,0.5395797
61.584171,-1.581158,0.004366,-9.951873,0.0112821,-0.1722416,0.5482556
61.591150,-1.570278,-0.002095,-9.974649,0.0114369,-0.1723273,0.5558283
61.598087,-1.592919,0.001895,-9.980587,0.0115733,-0.1724351,0.5617430
61.612058,-1.566269,-0.011669,-10.021481,0.0117777,-0.1726549,0.5684169
61.618952,-1.605328,-0.002646,-10.015265,0.0118388,-0.1727432,0.5692949
61.625971,-1.636691,0.003941,-10.011162,0.0118753,-0.1728141,0.5688714
61.632858,-1.617209,-0.003759,-10.000205,0.0121583,-0.1733551,0.5334949
61.646755,-1.630522,-0.003338,-9.993074,0.0121163,-0.1743430,0.4332804
61.653728,-1.652114,0.001199,-9.985745,0.0117661,-0.1746482,0.3811972
61.660696,-1.657057,0.001261,-9.865976,0.0100006,-0.1755654,0.3101214
61.667602,-1.651438,-0.001407,-9.791227,0.0078399,-0.1763884,0.2333635
61.681520,-1.651990,-0.003274,-9.697785,0.0037735,-0.1775496,0.0930332
61.688635,-1.704274,0.010532,-9.632344,0.0018041,-0.1774957,0.0300597
61.695537,-1.652921,-0.005055,-9.608224,0.0001293,-0.1772661,-0.0254037
61.702506,-1.687197,0.003814,-9.581094,-0.0011049,-0.1770005,-0.0685709
61.709555,-1.707992,0.008866,-9.568573,-0.0019391,-0.1767765,-0.0988252
61.723413,-1.709102,0.007000,-9.576886,-0.0026571,-0.1765521,-0.1223356
61.730517,-1.725290,0.010783,-9.587531,-0.0026883,-0.1765399,-0.1186939
61.737461,-1.671428,-0.007660,-9.615494,-0.0025815,-0.1765721,-0.1073189
61.744445,-1.720721,0.006518,-9.624512,-0.0024019,-0.1766259,-0.0918321
61.758518,-1.757354,0.015925,-9.653184,-0.0019421,-0.1767539,-0.0564869
61.765311,-1.703043,-0.004262,-9.684768,-0.0017085,-0.1768135,-0.0402611
61.772245,-1.729293,0.003297,-9.694595,-0.0014940,-0.1768658,-0.0266758
61.779269,-1.743764,0.006993,-9.698955,-0.0011563,-0.1766057,-0.0286022
61.786168,-1.734487,0.002349,-9.713574,-0.0008719,-0.1763153,-0.0399966
61.800131,-1.716072,-0.008055,-10.258033,-0.0008113,-0.1359077,-0.0665596
61.807164,-1.771032,0.010069,-10.486265,-0.0006739,-0.0881939,-0.0673127
61.814141,-1.770891,0.007425,-10.722318,-0.0002591,-0.0440863,-0.0618703
61.821166,-1.781257,0.009080,-10.907638,0.0002210,-0.0106858,-0.0520317
61.835661,-1.716145,-0.020831,-11.359481,0.0006638,0.0179317,-0.0250474
61.842671,-1.793845,0.008485,-11.325022,0.0005801,0.0168337,-0.0123979
61.850333,-1.860838,0.033947,-11.279393,0.0004166,0.0107875,-0.0012169
61.857361,-1.710986,-0.027663,-11.704601,0.0002515,0.0022060,0.0081697
61.864792,-1.852580,0.027903,-11.448150,0.0001711,-0.0042994,0.0140727
61.878905,-1.834447,0.017717,-11.600209,0.0001660,-0.0115034,0.0183692
61.886295,-1.840353,0.018741,-11.628365,0.0001954,-0.0119916,0.0173479
61.893881,-1.831334,0.013564,-11.690000,0.0002214,-0.0111352,0.0147495
61.900766,-1.732548,-0.028714,-11.982517,0.0002343,-0.0096225,0.0111778
61.907859,-1.837236,0.012785,-11.736625,0.0002355,-0.0082332,0.0076026
61.921906,-1.844723,0.013005,-11.761501,0.0002195,-0.0061976,0.0010001
61.928894,-1.828459,0.004707,-11.824601,0.0002082,-0.0056832,-0.0015196
61.937010,-1.961863,0.059518,-11.475348,0.0001970,-0.0054380,-0.0033324
61.944152,-1.706122,-0.050008,-12.196321,0.0001840,-0.0053593,-0.0045297
61.951158,-1.837618,0.003900,-11.847533,0.0001758,-0.0053639,-0.0048996
61.958369,-8.902225,4.778145,-17.680687,-0.7996802,-0.4862980,-0.1680740
61.972125,-30.931385,5.715366,-41.616703,-1.2560039,-3.8858309,-0.1194093
61.979708,-16.399746,1.174066,-31.648581,-0.2127972,-3.4906533,0.0484740
61.986253,-13.803234,0.656678,-34.231567,-0.0539179,-2.1876898,0.0370577
61.993269,-10.877060,0.531315,-28.760595,-0.0060874,-1.0239979,0.0293646
62.007192,-6.059250,0.492277,-20.897245,0.0011226,0.6176378,0.0091250
62.014216,-3.350543,0.438920,-16.774666,-0.0002375,1.0451815,0.0030539
62.022089,-2.067536,-0.046545,-13.124109,0.1403106,1.1317610,0.0185879
62.028179,-1.407617,0.024248,-11.945995,0.2806150,0.9486999,0.0170463
62.035104,-1.464326,0.024810,-10.757278,0.3109893,0.6296022,0.0143357
62.049075,-1.426622,0.016600,-9.853339,0.2141911,0.0428737,0.0072872
62.056072,-1.414832,0.011564,-9.638813,0.1462850,-0.1231058,0.0037627
62.062975,-1.406973,0.006896,-9.541092,0.0906087,-0.1976074,0.0006822
62.069894,-1.412748,0.004737,-9.536076,0.0532013,-0.2040500,-0.0017839
62.083973,-1.433180,0.004404,-9.694858,0.0287479,-0.1182015,-0.0046181
62.090847,-1.427703,0.002834,-9.820483,0.0326299,-0.0680046,-0.0050346
62.097763,-1.437246,0.004068,-9.952914,0.0405543,-0.0287225,-0.0049091
62.104767,-1.447086,0.005654,-10.086780,0.0488557,-0.0037935,-0.0043677
62.118573,-1.437883,0.003783,-10.373051,0.0587907,0.0086453,-0.0025965
62.125613,-1.459570,0.007615,-10.472497,0.0596308,0.0037005,-0.0016166
62.132701,-1.464119,0.008144,-10.583963,0.0583613,-0.0036991,-0.0007035
62.139475,-1.437342,0.002205,-10.743133,0.0557895,-0.0108950,0.0000744
62.153543,-1.447977,0.003067,-10.924988,0.0495312,-0.0195895,0.0010877
62.160573,-1.464107,0.005918,-10.975460,0.0468095,-0.0206651,0.0013071
62.167513,-1.462731,0.004879,-11.055890,0.0446055,-0.0201919,0.0013601
62.174534,-1.466606,0.005137,-11.116405,0.0428522,-0.0187884,0.0012774
62.181556,-1.475190,0.006577,-11.155800,0.0414963,-0.0170722,0.0010989
62.195461,-1.462938,0.002090,-11.295822,0.0393646,-0.0140331,0.0005925
62.203159,-1.531363,0.019507,-11.138878,0.0384069,-0.0130465,0.0003325
62.209491,-1.416507,-0.011973,-11.521420,0.0374228,-0.0123949,0.0000978
62.216645,-1.495244,0.008731,-11.316813,0.0364121,-0.0120038,-0.0000934
62.223967,-1.495007,0.008142,-11.348020,0.0353219,-0.0117585,-0.0002371
62.237576,-1.483283,0.003232,-11.436715,0.0331872,-0.0114104,-0.0003640
62.244593,-1.494739,0.005954,-11.420511,0.0321551,-0.0112041,-0.0003615
62.251468,-1.486292,0.002606,-11.467349,0.0311547,-0.0109522,-0.0003271
62.258482,-1.499676,0.006052,-11.439658,0.0301894,-0.0106593,-0.0002708
62.272309,-1.494978,0.003079,-11.484293,0.0283696,-0.0100071,-0.0001310
62.279286,-1.502997,0.004858,-11.468949,0.0275102,-0.0096759,-0.0000633
62.286204,-1.500824,0.003390,-11.487688,0.0266817,-0.0093555,-0.0000047
62.293200,-1.508530,0.005170,-11.470951,0.0258793,-0.0090507,0.0000416
62.307183,-1.515532,0.006073,-11.463771,0.0243432,-0.0084911,0.0000929
62.314092,-1.508770,0.003013,-11.495543,0.0236112,-0.0082349,0.0000991
62.321082,-1.516574,0.004925,-11.474976,0.0228992,-0.0079891,0.0000951
62.328317,-1.536882,0.011512,-11.408920,0.0222084,-0.0077525,0.0000835
62.335224,-1.487013,-0.007327,-11.594217,0.0214832,-0.0075042,0.0000658
62.349224,-1.520435,0.003123,-11.485762,0.0202129,-0.0070664,0.0000278
62.356308,-1.530445,0.006112,-11.454889,0.0195995,-0.0068529,0.0000102
62.363227,-1.520846,0.001700,-11.494770,0.0190056,-0.0066454,-0.0000044
62.370079,-1.519886,0.000477,-11.503050,0.0184326,-0.0064446,-0.0000155
62.384019,-1.533089,0.003963,-11.463969,0.0173393,-0.0060609,-0.0000263
62.391049,-1.535079,0.003934,-11.460906,0.0168080,-0.0058746,-0.0000267
62.397981,-1.535108,0.003070,-11.465098,0.0163008,-0.0056971,-0.0000247
62.404896,-1.536215,0.002742,-11.465219,0.0158089,-0.0055249,-0.0000209
62.418826,-1.540669,0.002786,-10.186141,0.0148407,-0.0051863,-0.0000108
62.425791,-1.545118,0.003739,-9.338024,0.0143569,-0.0050174,-0.0000057
62.432747,-1.544444,0.002601,-8.754747,0.0138885,-0.0048539,-0.0000012
62.439790,-1.554944,0.006147,-8.400656,0.0134475,-0.0046999,0.0000023
62.446703,-1.544357,0.000856,-8.141413,0.0130259,-0.0045527,0.0000050
62.461111,-1.585546,0.017166,-8.115868,0.0122539,-0.0042828,0.0000073
62.467458,-1.510196,-0.016878,-7.886714,0.0118928,-0.0041566,0.0000071
62.474458,-1.561339,0.004931,-8.106925,0.0115441,-0.0040348,0.0000064
62.481426,-1.561052,0.004007,-8.185493,0.0112053,-0.0039165,0.0000053
