t_s,xacc_mps2,yacc_mps2,zacc_mps2,xgyro_rads,ygyro_rads,zgyro_rads
0.000000,-2.631362,-0.156567,-9.449683,0.004673,-0.000571,0.005582
0.006930,-2.631694,-0.156294,-9.451495,0.004387,-0.000421,0.005488
0.013830,-2.631391,-0.156923,-9.452213,0.004206,-0.000394,0.005387
0.027848,-2.631894,-0.156840,-9.453501,0.003649,-0.000326,0.005181
0.034682,-2.631320,-0.157158,-9.453750,0.003415,-0.000317,0.005074
0.041689,-2.627450,-0.163683,-9.448135,0.004387,-0.000992,0.004954
0.048585,-2.630146,-0.158583,-9.451981,0.004066,-0.000879,0.004892
0.062499,-2.631841,-0.149171,-9.454936,0.002054,-0.000149,0.004617
0.069383,-2.628069,-0.161407,-9.448741,0.002795,-0.000134,0.004425
0.076368,-2.628605,-0.158366,-9.450310,0.002385,-0.000098,0.004358
0.083293,-2.626644,-0.159110,-9.446787,0.002239,-0.000355,0.004300
0.097213,-2.626605,-0.160439,-9.440626,0.002073,-0.000176,0.004221
0.104116,-2.626854,-0.160940,-9.440815,0.002029,0.000039,0.004189
0.111142,-2.626567,-0.160795,-9.441645,0.001938,0.000115,0.004153
0.118086,-2.626024,-0.160894,-9.441981,0.001855,0.000165,0.004114
0.124999,-2.623864,-0.168076,-9.440405,0.002932,0.000032,0.004142
0.138901,-2.621487,-0.159585,-9.391290,0.001184,-0.001636,0.000173
0.145797,-2.627223,-0.165615,-9.404700,0.001722,0.000283,0.000138
0.152746,-2.628278,-0.163641,-9.422935,0.001758,0.001594,0.000155
0.159711,-2.631549,-0.217344,-9.448994,0.005214,0.003891,0.003797
0.173634,-2.631943,-0.159873,-9.470743,0.002755,0.003858,0.004084
0.180579,-2.628860,-0.159525,-9.469026,0.002462,0.002399,0.004001
0.187431,-2.626256,-0.160578,-9.465791,0.002367,0.000938,0.003923
0.194452,-2.624894,-0.161159,-9.460594,0.002278,-0.000226,0.003852
0.201310,-2.616826,-0.167616,-9.447772,0.003349,-0.002031,0.003827
0.215200,-2.616348,-0.162808,-9.440967,0.003397,-0.002483,0.003772
0.222238,-2.616956,-0.162037,-9.435255,0.003222,-0.001975,0.003719
0.229137,-2.616127,-0.161494,-9.432413,0.002985,-0.001222,0.003660
0.236053,-2.615216,-0.161736,-9.433131,0.002817,-0.000602,0.003597
0.249955,-2.606794,-0.165236,-9.426228,0.003165,-0.001110,0.003471
0.256983,-2.610513,-0.162803,-9.429359,0.002950,-0.000958,0.003416
0.263864,-2.610528,-0.161782,-9.430014,0.002696,-0.000431,0.003349
0.270817,-2.611861,-0.161802,-9.432082,0.002466,0.000318,0.003281
0.284663,-2.611608,-0.161953,-9.435479,0.002056,0.001363,0.003137
0.291686,-2.603350,-0.161376,-9.424458,0.001959,-0.000332,0.003022
0.298620,-2.605946,-0.161212,-9.427320,0.001696,-0.000256,0.002940
0.305555,-2.608749,-0.161404,-9.428097,0.001422,0.000451,0.002858
0.319361,-2.609251,-0.161891,-9.430625,0.000946,0.001892,0.002701
0.326597,-2.612171,-0.162247,-9.433243,0.000707,0.002420,0.002621
0.333274,-2.599293,-0.161212,-9.420807,0.000613,0.000796,0.002500
0.340272,-2.606953,-0.161261,-9.425122,0.000291,0.001078,0.002412
0.347158,-2.607735,-0.161376,-9.426177,-0.000003,0.001775,0.002325
0.361112,-2.595575,-0.173922,-9.409599,0.001771,0.000267,0.002180
0.367985,-2.607050,-0.158936,-9.424461,0.000079,0.001477,0.002092
0.375088,-2.597664,-0.143738,-9.418214,-0.002745,0.000729,0.001862
0.381927,-2.608632,-0.160819,-9.404339,-0.002020,0.004052,0.001802
0.395824,-2.595270,-0.162276,-9.419000,-0.001908,0.003621,0.001593
0.402782,-2.601822,-0.161269,-9.423787,-0.002245,0.003736,0.001489
0.409741,-2.604503,-0.160890,-9.426630,-0.002593,0.004368,0.001385
0.416625,-2.595399,-0.160377,-9.414650,-0.002788,0.002952,0.001310
0.423664,-2.606377,-0.162466,-9.416350,-0.003044,0.004384,0.001298
0.437445,-2.609075,-0.165331,-9.433332,-0.003201,0.007104,0.001296
0.444449,-2.599706,-0.165202,-9.428235,-0.003110,0.005883,0.001298
0.451369,-2.609443,-0.166342,-9.435568,-0.003129,0.006849,0.001300
0.458463,-2.612814,-0.166653,-9.440674,-0.003173,0.007653,0.001303
0.472253,-2.610507,-0.166769,-9.439318,-0.003078,0.006774,0.001309
0.479183,-2.601752,-0.166417,-9.430208,-0.002955,0.005457,0.001311
0.486067,-2.606885,-0.166710,-9.435385,-0.002999,0.006124,0.001315
0.493073,-2.598456,-0.194145,-9.425131,0.001613,0.005208,0.001475
0.499987,-2.580719,-0.135834,-9.428333,-0.005469,0.001738,0.001276
0.513855,-2.587337,-0.167094,-9.427828,-0.003145,0.006205,0.001319
0.520797,-2.593316,-0.168032,-9.435048,-0.003051,0.007400,0.001330
0.527784,-2.586670,-0.167511,-9.428163,-0.002894,0.006589,0.001338
0.534691,-2.590914,-0.167214,-9.435255,-0.002952,0.007510,0.001344
0.548640,-2.590428,-0.167094,-9.435786,-0.002898,0.007758,0.001354
0.555565,-2.582347,-0.166427,-9.427736,-0.002832,0.006924,0.001357
0.562460,-2.587559,-0.166780,-9.434830,-0.002887,0.008013,0.001362
0.569429,-2.581547,-0.166546,-9.427733,-0.002803,0.007298,0.001365
0.576406,-2.570184,-0.185308,-9.412859,0.000524,0.005148,0.001472
0.590271,-2.572726,-0.162136,-9.421514,-0.003284,0.006662,0.001367
0.597227,-2.565190,-0.165727,-9.416379,-0.002846,0.006812,0.001380
0.604181,-2.571145,-0.167003,-9.425264,-0.002831,0.008795,0.001389
0.611102,-2.563156,-0.166584,-9.420375,-0.002764,0.008693,0.001395
0.625031,-2.562271,-0.164781,-9.428178,-0.003276,0.009806,0.001391
0.631918,-2.555974,-0.165458,-9.423676,-0.003154,0.009746,0.001394
0.638973,-2.550636,-0.180190,-9.413974,-0.000584,0.008335,0.001474
0.645837,-2.546184,-0.165048,-9.422999,-0.002312,0.008081,0.001444
0.652743,-2.545309,-0.164157,-9.417892,-0.002476,0.008285,0.001443
0.666670,-2.543461,-0.164836,-9.422482,-0.002619,0.010613,0.001449
0.673685,-2.538125,-0.160917,-9.418575,-0.003184,0.009730,0.001436
0.680572,-2.535089,-0.163055,-9.418434,-0.003014,0.010094,0.001442
0.687507,-2.528413,-0.175691,-9.410784,-0.000946,0.009473,0.001504
0.701395,-2.525395,-0.164347,-9.415059,-0.002364,0.010414,0.001488
0.708337,-2.523067,-0.164368,-9.413378,-0.002401,0.010934,0.001492
0.715275,-2.516768,-0.161517,-9.411653,-0.002834,0.010985,0.001485
0.722308,-2.519514,-0.163057,-9.412564,-0.002799,0.011857,0.001491
0.729169,-2.506804,-0.173796,-9.407755,-0.001012,0.011845,0.001544
0.743055,-2.508986,-0.164354,-9.416012,-0.002306,0.013262,0.001533
0.750027,-2.496140,-0.163764,-9.404668,-0.002207,0.011918,0.001538
0.756986,-2.493696,-0.160673,-9.406049,-0.002718,0.012046,0.001533
0.763873,-2.488323,-0.170564,-9.404469,-0.001237,0.012905,0.001578
0.770798,-2.489902,-0.167003,-9.411680,-0.001710,0.014287,0.001580
0.784722,-2.471256,-0.162221,-9.403759,-0.002282,0.014119,0.001579
0.791682,-2.474222,-0.160985,-9.406858,-0.002597,0.014691,0.001580
0.798611,-2.468981,-0.171913,-9.406103,-0.000903,0.015495,0.001631
0.805578,-2.460740,-0.164936,-9.403986,-0.001677,0.014709,0.001625
0.819432,-2.450483,-0.161368,-9.400383,-0.002177,0.015414,0.001634
0.826437,-2.454281,-0.170953,-9.405646,-0.000797,0.017047,0.001678
0.833288,-2.438480,-0.141871,-9.405292,-0.002039,0.016879,-0.000475
0.840356,-2.453706,-0.150490,-9.414557,-0.001548,0.019514,-0.000553
0.854115,-2.423062,-0.161793,-9.404400,0.000254,0.018014,-0.000563
0.861124,-2.272772,0.128824,-9.330027,-0.047305,-0.016151,0.000556
0.868075,-2.436856,-0.027680,-9.047863,-0.031927,0.020332,0.000830
0.875080,-2.398153,-0.105601,-9.215733,-0.020927,0.036720,0.001397
0.881940,-2.374846,-0.103182,-9.405144,-0.024084,0.033112,0.000715
0.895832,-2.370943,-0.139722,-9.458304,-0.017362,0.031849,0.001682
0.902712,-2.379296,-0.140900,-9.478130,-0.019641,0.024888,0.000952
0.909808,-2.389070,-0.162201,-9.459598,-0.016207,0.021837,0.001097
0.916606,-2.350829,-0.275086,-9.450271,0.002335,0.018275,0.001600
0.930520,-2.353904,-0.134916,-9.433382,-0.016994,0.010391,0.001225
0.937465,-2.300547,-0.429363,-9.301476,0.032743,-0.000830,0.002104
0.944469,-2.384960,-0.271098,-9.528384,0.010022,0.004044,0.001757
0.951360,-2.350391,-0.239261,-9.459058,0.006246,0.002394,0.002036
0.965336,-2.352668,-0.207399,-9.395440,0.002805,-0.001095,0.001834
0.972259,-2.332858,-0.214813,-9.373857,0.003999,-0.000184,0.002230
0.979172,-2.340331,-0.151208,-9.381734,-0.001264,-0.001863,0.002590
0.986106,-2.357964,-0.220689,-9.343998,0.004402,0.003929,0.002477
0.993124,-2.346420,-0.151002,-9.394146,-0.001138,0.000972,0.002928
1.006971,-2.343282,-0.149628,-9.390634,-0.000949,0.000769,0.003234
1.013851,-2.354349,-0.221228,-9.373941,0.004466,0.004881,0.002868
1.020798,-2.334942,-0.189137,-9.387794,0.001026,0.003043,0.002563
1.027854,-2.357486,-0.207266,-9.402201,0.002895,0.004251,0.003036
1.041713,-2.352465,-0.218884,-9.396377,0.004321,0.002607,0.003355
1.048607,-2.340035,-0.145173,-9.395082,-0.000655,-0.000112,0.004401
1.055633,-2.362160,-0.221232,-9.387132,0.004233,0.002993,0.003624
1.062481,-2.339076,-0.146081,-9.397098,-0.000553,0.000778,0.004880
1.069411,-2.343813,-0.222585,-9.376507,0.004138,0.001536,0.003923
1.083333,-2.347612,-0.213345,-9.397750,0.002882,0.001332,0.004166
1.090329,-2.340712,-0.203637,-9.380972,0.001726,0.001666,0.004399
1.097249,-2.346492,-0.213018,-9.396225,0.002600,0.002493,0.004558
1.104135,-2.327232,-0.207933,-9.375271,0.002064,0.000734,0.004930
1.118086,-2.337295,-0.214336,-9.382811,0.002398,0.001737,0.005521
1.125032,-2.344541,-0.216554,-9.393554,0.002607,-0.000209,0.005486
1.131953,-2.345298,-0.218942,-9.393210,0.002407,-0.000499,0.006181
1.139014,-2.356779,-0.220054,-9.394070,0.002617,-0.000207,0.006027
1.152853,-2.342784,-0.224401,-9.388204,0.002543,0.000797,0.006639
1.159880,-2.350166,-0.235202,-9.390331,0.003112,-0.000345,0.007727
1.166748,-2.342072,-0.230085,-9.392891,0.002668,-0.000551,0.007302
1.173772,-2.354428,-0.243157,-9.393950,0.003120,0.000096,0.008615
1.187541,-2.344865,-0.252458,-9.386178,0.003165,-0.001196,0.009590
1.194538,-2.348929,-0.241806,-9.385539,0.002604,-0.001154,0.008875
1.201496,-2.341244,-0.263780,-9.376901,0.003533,-0.001951,0.010642
1.208443,-2.342948,-0.249708,-9.378871,0.002594,-0.001979,0.009789
1.222356,-2.350437,-0.259131,-9.384492,0.002755,-0.000396,0.010779
1.229279,-2.326452,-0.288501,-9.358603,0.003882,0.000142,0.012975
1.236224,-2.344529,-0.269050,-9.386862,0.002651,-0.000374,0.011869
1.243267,-2.355589,-0.300835,-9.391026,0.003983,0.000736,0.014263
1.250096,-2.337662,-0.281541,-9.392429,0.002704,0.000018,0.013041
1.263935,-2.335047,-0.293310,-9.393694,0.002648,-0.000606,0.014292
1.270892,-2.351721,-0.293612,-9.395789,0.002928,0.000372,0.014716
1.277898,-2.349000,-0.297246,-9.389447,0.003565,-0.001068,0.014807
1.284791,-2.328585,-0.305272,-9.368509,0.003316,0.000025,0.015724
1.298695,-2.348547,-0.317163,-9.395383,0.002502,-0.000652,0.017198
1.305740,-2.353213,-0.324646,-9.386989,0.003211,-0.001995,0.017805
1.312548,-2.338812,-0.333808,-9.387323,0.002935,-0.002122,0.018468
1.319502,-2.349766,-0.336234,-9.384889,0.002550,-0.001984,0.019168
1.326507,-2.349593,-0.344235,-9.376699,0.003244,-0.002744,0.019758
1.340508,-2.358247,-0.351905,-9.377294,0.002621,-0.001888,0.021083
1.347373,-2.344981,-0.360362,-9.377184,0.002121,-0.001213,0.021782
1.354310,-2.346596,-0.367142,-9.370917,0.002877,-0.001785,0.022320
1.361312,-2.354499,-0.369377,-9.374381,0.002740,-0.001428,0.022889
1.375166,-2.352753,-0.376833,-9.377924,0.001870,-0.000263,0.024105
1.382140,-2.353239,-0.382209,-9.372562,0.002715,-0.001018,0.024512
1.389155,-2.360475,-0.382154,-9.377836,0.002390,-0.000638,0.024979
1.396041,-2.350829,-0.386240,-9.378570,0.002028,-0.000343,0.025511
1.409913,-2.360445,-0.386436,-9.381730,0.001372,0.000303,0.026322
1.416852,-2.357080,-0.389885,-9.375793,0.002201,-0.000606,0.026516
1.423807,-2.361815,-0.387834,-9.379396,0.002056,-0.000519,0.026746
1.430708,-2.360023,-0.386990,-9.380629,0.001692,-0.000228,0.027001
1.444675,-2.369037,-0.380324,-9.381219,0.001056,0.000231,0.027429
1.451610,-2.361809,-0.382105,-9.375067,0.001975,-0.000737,0.027368
1.458613,-2.369996,-0.375949,-9.378616,0.001862,-0.000631,0.027362
1.465464,-2.360995,-0.374590,-9.379258,0.001581,-0.000377,0.027384
1.472499,-2.375262,-0.365711,-9.380333,0.001168,0.000009,0.027416
1.486398,-2.366735,-0.358960,-9.373988,0.001741,-0.000789,0.027267
1.493278,-2.366081,-0.356298,-9.378187,0.001710,-0.000488,0.026983
1.500181,-2.367973,-0.348609,-9.378419,0.001377,-0.000351,0.026802
1.507184,-2.378711,-0.340464,-9.382936,0.001024,-0.000672,0.026631
1.520956,-2.376395,-0.514123,-9.376513,-0.001848,-0.002491,0.037384
1.528011,-2.063979,-0.300026,-8.900071,-0.303162,-0.082589,0.126226
1.534873,-2.174244,-0.410603,-8.354970,-0.501823,-0.097765,0.187620
1.541923,-2.103080,-0.479026,-8.658077,-0.600504,-0.126108,0.218414
1.548749,0.067062,-0.010939,-5.791528,-0.417652,-0.683941,0.177977
1.555789,-0.031286,-0.009683,-2.369777,-0.292947,-1.004454,0.140102
1.569614,0.006018,0.003071,0.139167,-0.150042,-1.167818,0.074583
1.576564,-0.019571,0.000251,0.653352,-0.112992,-1.109411,0.045346
1.583520,-0.027256,0.000181,1.369113,-0.089976,-1.010130,0.018454
1.590413,-0.010515,0.004392,2.293922,-0.076009,-0.895296,-0.005726
1.604387,-0.047861,-0.000828,3.933048,-0.061053,-0.685663,-0.044359
1.611345,-0.039580,0.000917,4.533872,-0.054536,-0.599781,-0.057626
1.618239,-0.018090,0.005006,4.891515,-0.048580,-0.524019,-0.067415
1.625235,-0.048633,-0.001790,4.669778,-0.043171,-0.457379,-0.074378
1.632126,-0.015065,0.004695,4.661542,-0.039765,-0.400332,-0.078220
1.646007,-2.562022,-1.692508,-3.995797,0.561983,0.956984,-0.125340
1.652989,-11.533094,1.472971,-34.564953,0.170089,5.374696,-0.137915
1.659971,-5.142984,0.655877,-19.534342,0.065838,5.653073,-0.096049
1.666808,-5.701871,-0.769790,-23.439188,-0.044023,5.317272,-0.008011
1.673884,-5.171677,-1.017664,-25.281521,0.021464,4.236423,0.006636
1.687653,-5.754406,-0.323049,-31.973963,-0.001250,1.761379,0.003721
1.694665,-5.534674,-0.168118,-29.354414,-0.008558,0.744702,0.002694
1.701553,-4.065708,-0.163685,-23.869274,0.005639,-0.075839,0.004723
1.708578,-3.133719,-0.084618,-18.085022,0.006289,-0.570478,0.004475
1.722375,-2.689217,0.001813,-5.493043,-0.000745,-0.550951,0.002790
1.729355,-3.090122,-0.096269,-1.466824,-0.003368,-0.121273,0.002660
1.736301,-3.041739,-0.229031,-1.173469,-0.001144,0.293879,0.003193
1.743359,-3.190454,-0.326988,-3.844955,-0.002014,0.606039,0.003805
1.750200,-2.853123,-0.385973,-6.498158,0.003732,0.700648,0.004535
1.764098,-2.661335,-0.372900,-10.511534,0.004410,0.595865,0.006000
1.770995,-2.860374,-0.324311,-11.081941,-0.003384,0.509258,0.006998
1.778006,-2.733915,-0.345513,-10.747415,0.003572,0.393326,0.007899
1.784855,-2.707835,-0.340631,-10.122072,0.003388,0.322982,0.008791
1.798794,-2.705839,-0.356647,-9.005206,0.003975,0.275764,0.010172
1.805724,-2.690072,-0.366965,-8.780061,0.004636,0.274509,0.010573
1.812691,-2.684196,-0.372442,-8.744123,0.004904,0.277084,0.010760
1.819594,-2.647547,-0.372841,-8.820001,0.005313,0.275560,0.010704
1.826620,-2.641287,-0.368039,-8.917623,0.005875,0.265771,0.010406
1.840489,-2.592911,-0.347118,-9.041065,0.008175,0.238181,0.008829
1.847364,-2.529164,-0.329120,-9.048307,0.009777,0.220003,0.007604
1.854370,-2.548748,-0.312762,-9.020688,0.012235,0.205415,0.005955
1.861390,-2.524325,-0.291818,-8.980702,0.014999,0.189234,0.004077
1.875242,-2.485039,-0.248766,-8.909865,0.023238,0.165601,-0.000657
1.882179,-2.457887,-0.225241,-8.895497,0.027992,0.155077,-0.003257
1.889151,-1.221610,-0.269233,-9.128942,0.038579,0.124081,-0.002075
1.896063,-1.201536,-0.282032,-9.010412,0.042148,0.105418,-0.001835
1.910004,-0.089959,-0.007518,-4.784761,-0.062278,-0.554704,0.037179
1.916838,0.022595,0.005412,-0.687849,-0.125321,-0.936051,0.064233
1.923886,-0.114900,-0.005614,0.167321,-0.163753,-1.120650,0.083091
1.930759,-0.017241,0.004723,0.526658,-0.185457,-1.160553,0.095758
1.937703,-0.061581,0.000420,0.425657,-0.195906,-1.104259,0.103659
1.951586,-0.058968,0.003083,1.336646,-0.196652,-0.861938,0.109116
1.958618,-0.124368,-0.003238,2.062362,-0.191188,-0.732823,0.108096
1.965474,-0.035135,0.010184,3.387445,-0.183600,-0.620479,0.105291
1.972401,-0.077714,0.005849,4.114056,-0.173131,-0.527430,0.102020
1.986278,-0.044650,0.010979,4.804718,-0.148140,-0.382242,0.094114
1.993312,-0.136589,-0.003164,4.338415,-0.133250,-0.327722,0.088610
2.000210,-0.067413,0.006603,4.295912,-0.116077,-0.284310,0.081214
2.007247,-0.139372,-0.005217,3.645700,-0.097264,-0.250296,0.071911
2.014117,-0.056051,0.007334,3.531482,-0.077787,-0.223752,0.061110
2.028020,-0.112185,-0.002107,2.500202,-0.042945,-0.187807,0.038815
2.034952,-0.094684,0.000769,2.156924,-0.030386,-0.176581,0.029603
2.041925,-0.117622,-0.002803,1.697780,-0.021509,-0.168938,0.022472
2.048866,-0.104630,-0.000380,1.372238,-0.016058,-0.164325,0.017562
2.055748,-0.078073,0.004396,1.129409,-0.013495,-0.161720,0.014748
2.069645,-0.082748,0.004518,0.627466,-0.014294,-0.158745,0.014113
2.076706,-0.174660,-0.010531,0.197130,-0.016295,-0.156981,0.015471
2.083559,-0.075993,0.006654,0.326490,-0.018598,-0.154517,0.017405
2.090564,-0.153784,-0.006148,-0.005696,-0.020790,-0.151252,0.019568
2.104376,-0.128193,-0.000809,-0.142507,-0.023854,-0.142700,0.023587
2.111371,-0.158975,-0.005697,-0.319883,-0.024526,-0.137814,0.025139
2.118315,-11.063004,-6.125138,-7.607349,1.011473,-0.425039,0.235600
2.125290,-280.900696,-14.506500,-236.023438,0.336207,-14.148853,0.872190
2.132177,0.536032,0.008745,-6.121267,0.067259,-11.663905,0.754845
2.146080,0.619346,-0.042901,-13.217137,-0.490937,-6.452699,0.466603
2.152965,0.470054,-0.070388,-16.879269,-0.648558,-3.727185,0.330116
2.159974,0.177653,-0.089845,-18.326267,-0.659857,-1.220516,0.207093
2.166887,-0.006723,-0.052053,-14.338916,-0.553841,0.363061,0.093856
2.181221,7.296317,-7.502208,-24.326031,1.372480,-1.468229,-0.038462
2.188313,5.644903,-4.726471,-25.120695,1.325169,-1.137505,-0.098050
2.195301,4.771855,-3.335061,-23.673449,1.056701,-0.725219,-0.112499
2.202036,4.386915,-2.328793,-22.036257,0.757737,-0.403081,-0.069576
2.209112,3.610252,-1.665989,-18.631542,0.478041,-0.199576,-0.018508
2.222921,3.208728,-0.633076,-8.021526,0.291358,-0.240278,0.004794
2.229936,3.262487,-0.509786,-5.625853,0.346776,-0.411701,0.009226
2.236753,3.418872,-0.421875,-5.771857,0.409040,-0.561568,0.012777
2.243805,4.235331,-0.895289,-8.468569,0.560365,-0.480277,0.012819
2.257750,5.736019,-1.857484,-11.027716,0.864248,-0.007621,-0.007774
2.264583,5.570443,-1.134470,-10.801896,0.810271,-0.003755,-0.004260
2.271516,9.253119,4.930923,-19.766109,0.283460,0.023528,0.001480
2.278560,7.746095,5.590234,-13.832731,0.061675,0.003308,0.000331
2.292414,8.036272,6.325968,-10.005294,0.000554,-0.003651,0.000065
2.299270,4.452188,3.498381,-9.878319,0.005255,-0.010814,0.000403
2.306228,0.057289,-0.009429,-9.876898,0.003257,-0.003259,-0.000186
2.313216,0.020092,0.019861,-9.904883,0.001346,-0.000061,0.000028
2.320211,0.003970,-0.000683,-9.828404,0.000906,0.000558,-0.000056
2.333986,0.000034,-0.003244,-9.811285,0.000635,0.000553,-0.000028
2.341023,0.000144,0.003144,-9.809525,0.000549,0.000532,0.000038
2.347959,-0.000101,-0.003372,-9.810482,0.000635,0.000553,-0.000028
2.354921,0.000168,0.003240,-9.809421,0.000546,0.000527,0.000039
2.368772,-0.000146,-0.003727,-9.810079,0.000633,0.000560,-0.000029
2.375723,0.000069,0.003183,-9.809460,0.000549,0.000532,0.000038
2.382674,-0.000102,-0.003363,-9.810481,0.000635,0.000553,-0.000028
2.389570,0.000144,0.003256,-9.809554,0.000545,0.000531,0.000039
2.403503,-0.000367,-0.003540,-9.810314,0.000635,0.000554,-0.000028
2.410487,0.000257,0.003251,-9.809696,0.000543,0.000544,0.000039
2.417371,-0.000228,-0.003481,-9.810310,0.000635,0.000554,-0.000028
2.424345,0.000133,0.003173,-9.809525,0.000549,0.000532,0.000038
2.431278,0.000128,0.000253,-9.810466,0.000507,0.000526,0.000039
2.445196,0.000122,0.003156,-9.809525,0.000549,0.000532,0.000038
2.452117,-0.000049,-0.003390,-9.810545,0.000633,0.000560,-0.000029
2.459078,0.000180,0.003203,-9.809729,0.000546,0.000549,0.000038
2.466028,-0.000198,-0.003386,-9.810207,0.000635,0.000554,-0.000028
2.479900,0.000100,0.000188,-9.810561,0.000507,0.000526,0.000039
2.486794,-0.000041,-0.003915,-9.809711,0.000663,0.000578,-0.000029
2.493843,-0.000202,0.003474,-9.810121,0.000520,0.000508,0.000039
2.500698,0.000128,-0.003582,-9.810251,0.000633,0.000560,-0.000028
2.507718,0.000075,0.003147,-9.809460,0.000549,0.000532,0.000038
2.521537,-0.000038,-0.003892,-9.809713,0.000663,0.000578,-0.000029
2.528567,0.000081,0.003386,-9.809990,0.000544,0.000544,0.000038
2.535398,-0.000223,-0.003497,-9.810316,0.000635,0.000554,-0.000028
2.542477,0.000135,0.003144,-9.809547,0.000547,0.000532,0.000038
2.556291,-0.000197,-0.003692,-9.810014,0.000634,0.000554,-0.000028
2.563301,0.000122,0.003148,-9.809527,0.000549,0.000532,0.000038
2.570182,-0.000104,-0.003399,-9.810485,0.000635,0.000554,-0.000028
2.577121,0.000265,0.003269,-9.809690,0.000543,0.000544,0.000039
2.591097,-0.000041,-0.003912,-9.809712,0.000663,0.000578,-0.000029
2.597961,-0.000154,0.003561,-9.810185,0.000519,0.000515,0.000038
2.604871,0.000020,-0.003538,-9.810122,0.000634,0.000554,-0.000028
2.611872,0.000129,0.003151,-9.809523,0.000549,0.000532,0.000038
2.618789,-0.000049,-0.003392,-9.810545,0.000633,0.000560,-0.000029
2.632662,0.000128,0.000253,-9.810467,0.000507,0.000526,0.000039
2.639612,-0.000144,-0.003712,-9.810076,0.000633,0.000561,-0.000029
2.646598,0.000068,0.003166,-9.809463,0.000549,0.000532,0.000038
2.653465,-0.000104,-0.003403,-9.810487,0.000635,0.000554,-0.000028
2.667382,0.000003,0.000170,-9.810296,0.000507,0.000526,0.000039
2.674392,-0.000040,-0.003849,-9.809718,0.000663,0.000578,-0.000029
2.681266,-0.000046,0.003383,-9.809818,0.000550,0.000532,0.000038
2.688210,-0.000094,-0.003359,-9.810483,0.000635,0.000554,-0.000028
2.702136,0.000002,-0.003303,-9.810794,0.000627,0.000569,-0.000027
2.709134,0.000036,0.003081,-9.809215,0.000549,0.000532,0.000038
2.716006,0.000224,0.000274,-9.810745,0.000504,0.000543,0.000039
2.722936,-0.000294,-0.003735,-9.809740,0.000634,0.000554,-0.000028
2.737009,-0.000006,-0.003403,-9.810763,0.000632,0.000570,-0.000028
2.743848,0.000149,0.003312,-9.809572,0.000540,0.000548,0.000039
2.750757,0.000024,0.000158,-9.810134,0.000507,0.000526,0.000039
2.757735,-0.000200,-0.003687,-9.810017,0.000634,0.000554,-0.000028
2.764692,0.000122,0.003172,-9.809523,0.000549,0.000532,0.000038
2.778565,0.000263,0.003236,-9.809692,0.000543,0.000544,0.000039
2.785496,0.000003,0.000170,-9.810293,0.000507,0.000526,0.000039
2.792521,-0.000040,-0.003840,-9.809719,0.000663,0.000578,-0.000029
2.799397,-0.000153,0.003556,-9.810185,0.000519,0.000515,0.000038
2.806275,0.000020,-0.003554,-9.810122,0.000634,0.000554,-0.000028
2.820211,-0.000050,-0.003396,-9.810547,0.000633,0.000560,-0.000029
2.827250,0.000082,0.003149,-9.809464,0.000549,0.000532,0.000038
2.834098,0.000132,0.000279,-9.810491,0.000505,0.000526,0.000039
2.841151,-0.000047,-0.003662,-9.810325,0.000630,0.000578,-0.000029
2.848024,-0.000030,0.003198,-9.809176,0.000549,0.000532,0.000038
2.861951,0.000262,0.003230,-9.809692,0.000543,0.000544,0.000039
2.869002,0.000004,0.000165,-9.810289,0.000507,0.000526,0.000039
2.875962,-0.000128,-0.003546,-9.810182,0.000621,0.000557,-0.000027
2.882824,0.000079,0.003237,-9.809482,0.000535,0.000529,0.000040
2.896793,-0.000346,-0.003580,-9.810470,0.000636,0.000565,-0.000029
2.903672,0.000105,0.003290,-9.809356,0.000549,0.000532,0.000038
2.910670,-0.000098,-0.003341,-9.810477,0.000635,0.000554,-0.000028
2.917592,0.000168,0.003259,-9.809419,0.000546,0.000527,0.000039
2.924577,-0.000129,-0.003413,-9.810575,0.000635,0.000554,-0.000028
2.931490,0.000138,0.003220,-9.809536,0.000547,0.000532,0.000038
2.945401,0.000231,0.003169,-9.809793,0.000546,0.000549,0.000038
2.952272,0.000031,0.000235,-9.810196,0.000507,0.000526,0.000039
2.959291,-0.000195,-0.003660,-9.810019,0.000634,0.000554,-0.000028
2.966152,0.000154,0.003277,-9.809412,0.000546,0.000527,0.000039
2.980133,-0.000137,0.003466,-9.810180,0.000519,0.000515,0.000038
2.986956,0.000254,0.000104,-9.810109,0.000506,0.000526,0.000039
2.994038,-0.000044,-0.003822,-9.809715,0.000663,0.000578,-0.000029
3.000914,-0.000047,0.003381,-9.809818,0.000550,0.000532,0.000038
3.014808,0.000270,0.003335,-9.809684,0.000543,0.000544,0.000039
3.021728,0.000003,0.000169,-9.810295,0.000507,0.000526,0.000039
3.028758,-0.000198,-0.003660,-9.810016,0.000634,0.000554,-0.000028
3.035654,0.000123,0.003201,-9.809519,0.000549,0.000532,0.000038
3.049505,0.000138,0.003203,-9.809518,0.000549,0.000532,0.000038
3.056413,0.000049,-0.003378,-9.810818,0.000631,0.000577,-0.000029
3.063445,-0.000013,0.003132,-9.809196,0.000549,0.000532,0.000038
3.070385,0.000128,0.000256,-9.810468,0.000507,0.000526,0.000039
3.077348,-0.000197,-0.003697,-9.810014,0.000634,0.000554,-0.000028
3.091289,0.000029,-0.003564,-9.810276,0.000664,0.000577,-0.000029
3.098155,-0.000195,0.003575,-9.810122,0.000520,0.000508,0.000039
3.105074,0.000465,-0.000087,-9.809868,0.000535,0.000550,0.000038
3.112040,-0.000372,-0.003538,-9.810308,0.000635,0.000554,-0.000028
3.125919,-0.000130,-0.003443,-9.810582,0.000634,0.000554,-0.000028
3.132828,0.000135,0.003201,-9.809520,0.000549,0.000532,0.000038
3.139783,-0.000102,-0.003364,-9.810479,0.000635,0.000554,-0.000028
3.146751,0.000167,0.003236,-9.809422,0.000546,0.000527,0.000039
3.153710,0.000153,0.000180,-9.810626,0.000505,0.000533,0.000038
3.167542,-0.000206,0.003558,-9.810122,0.000520,0.000508,0.000039
3.174569,0.000126,-0.003496,-9.810246,0.000633,0.000560,-0.000028
3.181506,0.000076,0.003189,-9.809456,0.000549,0.000532,0.000038
3.188407,0.000128,0.000251,-9.810466,0.000507,0.000526,0.000039
3.202317,-0.000045,0.003329,-9.809820,0.000550,0.000532,0.000038
3.209308,-0.000094,-0.003337,-9.810481,0.000635,0.000554,-0.000028
3.216174,0.000268,0.003304,-9.809687,0.000543,0.000544,0.000039
3.223108,0.000003,0.000169,-9.810293,0.000507,0.000526,0.000039
3.237014,0.000124,0.003212,-9.809517,0.000549,0.000532,0.000038
3.244026,-0.000101,-0.003337,-9.810476,0.000635,0.000554,-0.000028
3.250873,0.000139,0.003232,-9.809514,0.000549,0.000532,0.000038
3.257962,-0.000005,-0.003285,-9.810736,0.000632,0.000570,-0.000028
3.264843,0.000139,0.003213,-9.809514,0.000546,0.000549,0.000038
3.278747,-0.000195,-0.003669,-9.810015,0.000634,0.000554,-0.000028
3.285610,0.000155,0.003281,-9.809416,0.000546,0.000527,0.000039
3.292621,-0.000076,-0.003409,-9.810637,0.000633,0.000560,-0.000029
3.299515,0.000081,0.003216,-9.809454,0.000549,0.000532,0.000038
3.313426,0.000137,0.003165,-9.809524,0.000549,0.000532,0.000038
3.320335,0.000182,0.000244,-9.810532,0.000505,0.000533,0.000038
3.327371,-0.000247,-0.003652,-9.809951,0.000634,0.000554,-0.000028
3.334216,0.000124,0.003227,-9.809515,0.000549,0.000532,0.000038
3.341313,0.000048,-0.003290,-9.810796,0.000631,0.000577,-0.000029
3.355027,0.000128,0.000259,-9.810471,0.000507,0.000526,0.000039
3.362099,-0.000141,-0.003650,-9.810075,0.000633,0.000561,-0.000029
3.369059,0.000068,0.003179,-9.809461,0.000549,0.000532,0.000038
3.376012,-0.000102,-0.003364,-9.810481,0.000635,0.000554,-0.000028
3.382870,0.000275,0.003365,-9.809730,0.000539,0.000543,0.000039
3.396847,-0.000042,-0.003837,-9.809720,0.000663,0.000578,-0.000029
3.403668,-0.000101,0.003419,-9.809753,0.000551,0.000526,0.000039
3.410667,-0.000026,-0.003225,-9.811333,0.000603,0.000564,-0.000029
3.417558,0.000227,0.003112,-9.808986,0.000546,0.000549,0.000038
3.424537,-0.000203,-0.003378,-9.810206,0.000635,0.000554,-0.000028
3.438385,0.000003,0.000173,-9.810298,0.000507,0.000526,0.000039
3.445411,-0.000198,-0.003663,-9.810016,0.000634,0.000554,-0.000028
3.452364,0.000122,0.003174,-9.809523,0.000549,0.000532,0.000038
3.459319,-0.000102,-0.003363,-9.810479,0.000635,0.000554,-0.000028
3.473121,0.000128,0.000254,-9.810469,0.000507,0.000526,0.000039
3.480227,-0.000036,-0.003799,-9.809720,0.000663,0.000578,-0.000029
3.487060,0.000083,0.003486,-9.809989,0.000544,0.000544,0.000038
3.494086,-0.000216,-0.003402,-9.810308,0.000635,0.000554,-0.000028
3.500909,0.000029,0.003419,-9.809883,0.000518,0.000515,0.000038
3.514841,-0.000099,-0.003888,-9.809648,0.000663,0.000578,-0.000029
3.521756,-0.000152,0.003536,-9.810186,0.000519,0.000515,0.000038
3.528748,0.000020,-0.003497,-9.810122,0.000634,0.000554,-0.000028
3.535624,0.000131,0.003209,-9.809513,0.000549,0.000532,0.000038
3.542604,-0.000049,-0.003362,-9.810540,0.000633,0.000560,-0.000029
3.556480,0.000129,0.000257,-9.810471,0.000507,0.000526,0.000039
3.563471,-0.000143,-0.003691,-9.810076,0.000633,0.000561,-0.000029
3.570422,0.000069,0.003183,-9.809459,0.000549,0.000532,0.000038
3.577330,-0.000103,-0.003384,-9.810485,0.000635,0.000554,-0.000028
3.591279,0.000003,0.000167,-9.810292,0.000507,0.000526,0.000039
3.598207,-0.000041,-0.003893,-9.809714,0.000663,0.000578,-0.000029
3.605073,-0.000153,0.003560,-9.810185,0.000519,0.000515,0.000038
3.612084,0.000072,-0.003498,-9.810184,0.000633,0.000560,-0.000029
3.625974,-0.000102,-0.003356,-9.810478,0.000635,0.000554,-0.000028
3.632881,0.000138,0.003203,-9.809519,0.000549,0.000532,0.000038
3.639835,0.000127,0.000251,-9.810465,0.000507,0.000526,0.000039
3.646804,-0.000037,-0.003872,-9.809713,0.000663,0.000578,-0.000029
3.653729,-0.000078,0.003618,-9.810291,0.000515,0.000520,0.000039
3.667607,-0.000381,-0.003584,-9.810316,0.000635,0.000554,-0.000028
3.674571,0.000130,0.003179,-9.809525,0.000549,0.000532,0.000038
3.681483,-0.000102,-0.003384,-9.810483,0.000635,0.000554,-0.000028
3.688456,0.000137,0.003172,-9.809523,0.000549,0.000532,0.000038
3.702311,0.000239,0.003273,-9.809787,0.000546,0.000549,0.000038
3.709307,-0.000197,-0.003366,-9.810207,0.000635,0.000554,-0.000028
3.716319,0.000262,0.003237,-9.809694,0.000543,0.000544,0.000039
3.723179,0.000015,0.000264,-9.810369,0.000499,0.000524,0.000040
3.737032,-0.000212,0.003582,-9.810123,0.000520,0.000508,0.000039
3.744099,0.000125,-0.003477,-9.810245,0.000633,0.000560,-0.000028
3.751015,0.000076,0.003195,-9.809450,0.000549,0.000532,0.000038
3.757948,0.000128,0.000254,-9.810468,0.000507,0.000526,0.000039
3.764874,-0.000037,-0.003895,-9.809712,0.000663,0.000578,-0.000029
3.778746,-0.000094,-0.003347,-9.810482,0.000635,0.000554,-0.000028
3.785732,0.000264,0.003247,-9.809691,0.000543,0.000544,0.000039
3.792680,0.000003,0.000169,-9.810293,0.000507,0.000526,0.000039
3.799570,-0.000202,-0.003733,-9.810017,0.000634,0.000554,-0.000028
3.806533,0.000125,0.003195,-9.809545,0.000547,0.000532,0.000038
3.820466,0.000082,0.003187,-9.809458,0.000549,0.000532,0.000038
3.827445,-0.000101,-0.003352,-9.810479,0.000635,0.000554,-0.000028
3.834322,0.000169,0.003280,-9.809414,0.000546,0.000527,0.000039
3.841216,0.000154,0.000182,-9.810633,0.000505,0.000533,0.000038
3.855123,0.000124,0.003209,-9.809519,0.000549,0.000532,0.000038
3.862170,-0.000048,-0.003330,-9.810534,0.000633,0.000560,-0.000029
3.869022,0.000084,0.003236,-9.809451,0.000549,0.000532,0.000038
3.876143,0.000125,0.000245,-9.810454,0.000507,0.000526,0.000039
3.889860,0.000069,0.003188,-9.809458,0.000549,0.000532,0.000038
3.896883,-0.000101,-0.003331,-9.810475,0.000635,0.000554,-0.000028
3.903750,0.000268,0.003304,-9.809688,0.000543,0.000544,0.000039
3.910757,0.000003,0.000167,-9.810289,0.000507,0.000526,0.000039
3.917612,-0.000042,-0.003934,-9.809711,0.000663,0.000578,-0.000029
3.924596,-0.000045,0.003329,-9.809821,0.000550,0.000532,0.000038
3.938521,0.000137,0.003181,-9.809521,0.000549,0.000532,0.000038
3.945474,-0.000102,-0.003366,-9.810479,0.000635,0.000554,-0.000028
3.952364,0.000267,0.003293,-9.809688,0.000543,0.000544,0.000039
3.959337,0.000003,0.000167,-9.810291,0.000507,0.000526,0.000039
3.973204,0.000123,0.003190,-9.809521,0.000549,0.000532,0.000038
3.980195,-0.000049,-0.003357,-9.810538,0.000633,0.000560,-0.000029
3.987145,0.000083,0.003190,-9.809459,0.000549,0.000532,0.000038
3.994125,-0.000101,-0.003352,-9.810478,0.000635,0.000554,-0.000028
4.007944,0.000224,0.000268,-9.810733,0.000504,0.000543,0.000039
4.014892,-0.000294,-0.003725,-9.809743,0.000634,0.000554,-0.000028
4.021791,0.000122,0.003202,-9.809520,0.000549,0.000532,0.000038
4.028827,0.000048,-0.003318,-9.810802,0.000631,0.000577,-0.000029
4.035691,-0.000014,0.003210,-9.809175,0.000549,0.000532,0.000038
4.049633,-0.000198,-0.003724,-9.810015,0.000634,0.000554,-0.000028
4.056536,0.000252,0.003279,-9.809690,0.000543,0.000544,0.000039
4.063545,-0.000225,-0.003422,-9.810306,0.000635,0.000554,-0.000028
4.070399,0.000135,0.003230,-9.809516,0.000549,0.000532,0.000038
4.084325,-0.000038,-0.003925,-9.809711,0.000663,0.000578,-0.000029
4.091246,-0.000046,0.003360,-9.809820,0.000550,0.000532,0.000038
4.098257,-0.000093,-0.003327,-9.810478,0.000635,0.000554,-0.000028
4.105167,0.000130,0.003391,-9.810155,0.000516,0.000532,0.000038
4.112166,-0.000084,-0.003526,-9.809848,0.000634,0.000554,-0.000028
4.126045,0.000152,0.000179,-9.810623,0.000505,0.000533,0.000038
4.132929,-0.000095,-0.003913,-9.809648,0.000663,0.000578,-0.000029
4.139877,-0.000099,0.003357,-9.809758,0.000551,0.000526,0.000039
4.146914,-0.000025,-0.003208,-9.811326,0.000603,0.000565,-0.000029
4.153741,0.000229,0.003143,-9.808976,0.000546,0.000549,0.000038
4.167676,-0.000199,-0.003725,-9.810016,0.000634,0.000554,-0.000028
4.174628,0.000153,0.003238,-9.809422,0.000546,0.000527,0.000039
4.181573,-0.000077,-0.003441,-9.810644,0.000633,0.000560,-0.000029
4.188489,0.000081,0.003206,-9.809455,0.000549,0.000532,0.000038
4.202428,0.000138,0.003201,-9.809518,0.000549,0.000532,0.000038
4.209415,0.000127,0.000249,-9.810462,0.000507,0.000526,0.000039
4.216292,-0.000038,-0.003915,-9.809716,0.000663,0.000578,-0.000029
4.223227,-0.000078,0.003606,-9.810286,0.000514,0.000520,0.000039
4.237117,-0.000149,0.003551,-9.810183,0.000519,0.000515,0.000038
4.244077,0.000249,0.000100,-9.810106,0.000506,0.000526,0.000039
4.250994,-0.000045,-0.003909,-9.809711,0.000663,0.000578,-0.000029
4.257980,-0.000046,0.003327,-9.809820,0.000550,0.000532,0.000038
4.264992,-0.000093,-0.003328,-9.810478,0.000635,0.000554,-0.000028
4.278889,0.000126,0.000246,-9.810458,0.000507,0.000526,0.000039
4.285709,-0.000201,-0.003772,-9.810015,0.000634,0.000554,-0.000028
4.292747,0.000247,0.003215,-9.809695,0.000543,0.000544,0.000039
4.299669,-0.000228,-0.003463,-9.810309,0.000635,0.000554,-0.000028
4.313560,-0.000050,-0.003381,-9.810516,0.000633,0.000560,-0.000029
4.320464,0.000082,0.003211,-9.809453,0.000549,0.000532,0.000038
4.327496,0.000127,0.000250,-9.810460,0.000507,0.000526,0.000039
4.334330,-0.000146,-0.003774,-9.810077,0.000633,0.000561,-0.000029
4.348329,-0.000100,-0.003301,-9.810472,0.000635,0.000554,-0.000028
4.355166,0.000271,0.003333,-9.809697,0.000542,0.000544,0.000039
4.362176,0.000002,0.000154,-9.810279,0.000507,0.000526,0.000039
4.369108,-0.000042,-0.003892,-9.809714,0.000663,0.000578,-0.000029
4.376105,-0.000045,0.003322,-9.809822,0.000550,0.000532,0.000038
4.389933,0.000138,0.003182,-9.809521,0.000549,0.000532,0.000038
4.396870,0.000128,0.000251,-9.810465,0.000507,0.000526,0.000039
4.403750,-0.000101,-0.003721,-9.810287,0.000631,0.000571,-0.000028
4.410806,0.000025,0.003106,-9.809261,0.000549,0.000532,0.000038
4.424593,0.000267,0.003297,-9.809687,0.000543,0.000544,0.000039
4.431631,0.000003,0.000166,-9.810290,0.000507,0.000526,0.000039
4.438490,-0.000149,-0.003759,-9.810078,0.000633,0.000561,-0.000029
4.445632,0.000067,0.003096,-9.809474,0.000549,0.000532,0.000038
4.452435,-0.000105,-0.003436,-9.810492,0.000635,0.000554,-0.000028
4.466304,-0.000104,-0.003408,-9.810486,0.000635,0.000554,-0.000028
4.473231,0.000235,0.003212,-9.809790,0.000546,0.000549,0.000038
4.480274,0.000031,0.000227,-9.810190,0.000507,0.000526,0.000039
4.487151,-0.000200,-0.003739,-9.810017,0.000634,0.000554,-0.000028
4.494154,0.000248,0.003232,-9.809694,0.000543,0.000544,0.000039
4.507988,0.000080,0.003182,-9.809461,0.000549,0.000532,0.000038
4.514958,0.000128,0.000253,-9.810465,0.000507,0.000526,0.000039
4.521851,-0.000038,-0.003915,-9.809711,0.000663,0.000578,-0.000029
4.528913,-0.000149,0.003458,-9.810180,0.000519,0.000515,0.000038
4.542695,0.000130,0.003164,-9.809520,0.000549,0.000532,0.000038
4.549643,-0.000049,-0.003378,-9.810541,0.000633,0.000560,-0.000029
4.556601,0.000083,0.003187,-9.809459,0.000549,0.000532,0.000038
4.563617,0.000127,0.000249,-9.810461,0.000507,0.000526,0.000039
4.570453,-0.000048,-0.003755,-9.810352,0.000630,0.000577,-0.000029
4.584365,-0.000104,-0.003381,-9.810486,0.000635,0.000554,-0.000028
4.591332,0.000265,0.003256,-9.809691,0.000543,0.000544,0.000039
4.598311,0.000003,0.000167,-9.810292,0.000507,0.000526,0.000039
4.605171,-0.000149,-0.003758,-9.810079,0.000633,0.000561,-0.000029
4.619088,-0.000103,-0.003391,-9.810486,0.000635,0.000554,-0.000028
4.626100,0.000136,0.003154,-9.809525,0.000549,0.000532,0.000038
4.632986,-0.000050,-0.003407,-9.810547,0.000633,0.000560,-0.000029
4.639914,0.000084,0.003200,-9.809456,0.000549,0.000532,0.000038
4.653786,-0.000145,-0.003753,-9.810078,0.000633,0.000561,-0.000029
4.660857,0.000067,0.003127,-9.809469,0.000549,0.000532,0.000038
4.667671,-0.000104,-0.003429,-9.810491,0.000635,0.000554,-0.000028
4.674619,0.000265,0.003264,-9.809690,0.000543,0.000544,0.000039
4.681580,0.000003,0.000169,-9.810292,0.000507,0.000526,0.000039
4.695486,-0.000152,0.003529,-9.810184,0.000519,0.000515,0.000038
4.702406,0.000020,-0.003532,-9.810122,0.000634,0.000554,-0.000028
4.709427,0.000129,0.003140,-9.809524,0.000549,0.000532,0.000038
4.716344,-0.000050,-0.003392,-9.810544,0.000633,0.000560,-0.000029
4.723260,0.000084,0.003207,-9.809456,0.000549,0.000532,0.000038
4.737126,-0.000145,-0.003754,-9.810077,0.000633,0.000561,-0.000029
4.744263,0.000067,0.003097,-9.809474,0.000549,0.000532,0.000038
4.751051,-0.000105,-0.003443,-9.810493,0.000635,0.000554,-0.000028
4.757936,0.000267,0.003296,-9.809688,0.000543,0.000544,0.000039
4.771840,-0.000041,-0.003911,-9.809714,0.000663,0.000578,-0.000029
4.778899,-0.000149,0.003459,-9.810180,0.000519,0.000515,0.000038
4.785719,0.000074,-0.003593,-9.810188,0.000633,0.000560,-0.000029
4.792804,0.000075,0.003119,-9.809465,0.000549,0.000532,0.000038
4.799696,-0.000103,-0.003392,-9.810485,0.000635,0.000554,-0.000028
4.813600,0.000126,0.000248,-9.810460,0.000507,0.000526,0.000039
4.820447,-0.000038,-0.003940,-9.809709,0.000663,0.000578,-0.000029
4.827492,-0.000076,0.003555,-9.810287,0.000515,0.000520,0.000039
4.834433,0.000339,-0.000170,-9.809697,0.000535,0.000550,0.000038
4.841315,-0.000380,-0.003577,-9.810313,0.000635,0.000554,-0.000028
4.855185,-0.000104,-0.003407,-9.810485,0.000635,0.000554,-0.000028
4.862259,0.000135,0.003126,-9.809530,0.000549,0.000532,0.000038
4.869099,-0.000104,-0.003420,-9.810487,0.000635,0.000554,-0.000028
4.876053,0.000235,0.003199,-9.809792,0.000546,0.000549,0.000038
4.889893,0.000266,0.003291,-9.809689,0.000543,0.000544,0.000039
4.896966,0.000003,0.000164,-9.810288,0.000507,0.000526,0.000039
4.903764,-0.000150,-0.003792,-9.810081,0.000633,0.000561,-0.000029
4.910870,0.000067,0.003112,-9.809471,0.000549,0.000532,0.000038
4.917703,-0.000104,-0.003421,-9.810488,0.000635,0.000554,-0.000028
4.931871,0.000123,0.000238,-9.810446,0.000507,0.000526,0.000039
4.938549,-0.000040,-0.004038,-9.809702,0.000663,0.000578,-0.000029
4.945515,-0.000174,0.003580,-9.810020,0.000517,0.000504,0.000039
4.952525,0.000217,-0.003621,-9.810773,0.000632,0.000589,-0.000029
4.966345,-0.000100,-0.003361,-9.810484,0.000635,0.000554,-0.000028
4.973266,0.000169,0.003260,-9.809419,0.000546,0.000527,0.000039
4.980244,0.000099,0.000188,-9.810562,0.000507,0.000526,0.000039
4.987169,-0.000040,-0.003898,-9.809712,0.000663,0.000578,-0.000029
5.001050,0.000128,-0.003563,-9.810249,0.000633,0.000560,-0.000028
5.007959,0.000076,0.003198,-9.809451,0.000549,0.000532,0.000038
5.014963,0.000127,0.000250,-9.810461,0.000507,0.000526,0.000039
5.021850,-0.000038,-0.003917,-9.809711,0.000663,0.000578,-0.000029
5.035719,-0.000222,-0.003479,-9.810314,0.000635,0.000554,-0.000028
5.042760,0.000133,0.003142,-9.809529,0.000549,0.000532,0.000038
5.049736,0.000143,0.000374,-9.810560,0.000496,0.000524,0.000040
5.056594,-0.000211,-0.003874,-9.809916,0.000634,0.000554,-0.000028
5.063695,0.000115,0.003103,-9.809534,0.000549,0.000532,0.000038
5.077540,0.000082,0.003141,-9.809465,0.000549,0.000532,0.000038
5.084409,-0.000103,-0.003404,-9.810487,0.000635,0.000554,-0.000028
5.091347,0.000265,0.003269,-9.809689,0.000543,0.000544,0.000039
5.098329,0.000003,0.000167,-9.810292,0.000507,0.000526,0.000039
5.112241,0.000068,0.003169,-9.809461,0.000549,0.000532,0.000038
5.119170,-0.000102,-0.003375,-9.810483,0.000635,0.000554,-0.000028
5.126070,0.000138,0.003207,-9.809518,0.000549,0.000532,0.000038
5.133089,0.000127,0.000247,-9.810460,0.000507,0.000526,0.000039
5.140047,-0.000037,-0.003878,-9.809714,0.000663,0.000578,-0.000029
5.153819,0.000002,-0.003408,-9.810769,0.000632,0.000570,-0.000028
5.160800,0.000032,0.003335,-9.809883,0.000516,0.000532,0.000038
5.167807,-0.000083,-0.003503,-9.809860,0.000633,0.000554,-0.000028
5.174675,0.000129,0.003201,-9.809505,0.000549,0.000532,0.000038
5.188578,-0.000298,-0.003773,-9.809739,0.000634,0.000554,-0.000028
5.195655,0.000120,0.003119,-9.809533,0.000549,0.000532,0.000038
5.202447,0.000049,-0.003434,-9.810832,0.000631,0.000577,-0.000029
5.209434,-0.000013,0.003153,-9.809191,0.000549,0.000532,0.000038
5.216358,0.000128,0.000257,-9.810470,0.000507,0.000526,0.000039
5.230383,0.000068,0.003124,-9.809468,0.000549,0.000532,0.000038
5.237181,-0.000105,-0.003438,-9.810491,0.000635,0.000554,-0.000028
5.244371,0.000257,0.003152,-9.809702,0.000543,0.000544,0.000039
5.251134,0.000003,0.000175,-9.810300,0.000507,0.000526,0.000039
5.265026,0.000068,0.003163,-9.809463,0.000549,0.000532,0.000038
5.271936,-0.000102,-0.003383,-9.810485,0.000635,0.000554,-0.000028
5.279018,0.000135,0.003121,-9.809529,0.000549,0.000532,0.000038
5.285887,-0.000050,-0.003415,-9.810548,0.000633,0.000560,-0.000029
5.292793,0.000084,0.003211,-9.809454,0.000549,0.000532,0.000038
5.306627,-0.000145,-0.003741,-9.810076,0.000633,0.000561,-0.000029
5.313662,0.000068,0.003143,-9.809466,0.000549,0.000532,0.000038
5.320551,-0.000103,-0.003393,-9.810486,0.000635,0.000554,-0.000028
5.327607,0.000261,0.003213,-9.809695,0.000543,0.000544,0.000039
5.341368,-0.000041,-0.003890,-9.809714,0.000663,0.000578,-0.000029
5.348489,-0.000147,0.003429,-9.810179,0.000519,0.000515,0.000038
5.355266,0.000020,-0.003606,-9.810125,0.000634,0.000554,-0.000028
5.362228,0.000130,0.003168,-9.809519,0.000549,0.000532,0.000038
5.376085,0.000088,0.003284,-9.809471,0.000547,0.000532,0.000038
5.383038,0.000223,0.000242,-9.810712,0.000504,0.000543,0.000039
5.389971,-0.000295,-0.003734,-9.809741,0.000634,0.000554,-0.000028
5.397057,0.000119,0.003116,-9.809533,0.000549,0.000532,0.000038
5.403884,0.000049,-0.003416,-9.810827,0.000631,0.000577,-0.000029
5.417784,0.000129,0.000261,-9.810474,0.000507,0.000526,0.000039
5.424886,-0.000140,-0.003635,-9.810074,0.000633,0.000561,-0.000029
5.431759,0.000069,0.003220,-9.809454,0.000549,0.000532,0.000038
5.438643,-0.000103,-0.003395,-9.810486,0.000635,0.000554,-0.000028
5.452507,0.000003,0.000170,-9.810294,0.000507,0.000526,0.000039
5.459479,-0.000146,-0.003700,-9.810079,0.000633,0.000561,-0.000029
5.466443,0.000069,0.003177,-9.809460,0.000549,0.000532,0.000038
5.473313,-0.000104,-0.003403,-9.810487,0.000635,0.000554,-0.000028
5.487227,-0.000050,-0.003445,-9.810554,0.000633,0.000560,-0.000029
5.494217,0.000083,0.003171,-9.809460,0.000549,0.000532,0.000038
5.501175,0.000128,0.000253,-9.810466,0.000507,0.000526,0.000039
5.508059,-0.000141,-0.003711,-9.810101,0.000630,0.000560,-0.000028
5.521941,-0.000105,-0.003412,-9.810488,0.000635,0.000554,-0.000028
5.528982,0.000262,0.003221,-9.809695,0.000543,0.000544,0.000039
5.535818,0.000003,0.000172,-9.810298,0.000507,0.000526,0.000039
5.542791,-0.000041,-0.003870,-9.809716,0.000663,0.000578,-0.000029
5.549766,-0.000150,0.003504,-9.810183,0.000519,0.000515,0.000038
5.563643,0.000130,0.003160,-9.809522,0.000549,0.000532,0.000038
5.570532,-0.000050,-0.003406,-9.810547,0.000633,0.000560,-0.000029
5.577615,0.000082,0.003129,-9.809468,0.000549,0.000532,0.000038
5.584522,0.000129,0.000255,-9.810470,0.000507,0.000526,0.000039
5.598376,-0.000300,0.003488,-9.809850,0.000520,0.000508,0.000039
5.605316,0.000126,-0.003537,-9.810250,0.000633,0.000560,-0.000028
5.612317,0.000202,0.003236,-9.809628,0.000543,0.000544,0.000039
5.619224,0.000003,0.000173,-9.810294,0.000507,0.000526,0.000039
5.626105,-0.000042,-0.003919,-9.809712,0.000663,0.000578,-0.000029
5.640062,0.000020,-0.003530,-9.810122,0.000634,0.000554,-0.000028
5.647066,0.000129,0.003149,-9.809522,0.000549,0.000532,0.000038
5.653893,-0.000050,-0.003436,-9.810553,0.000633,0.000560,-0.000029
5.660892,0.000083,0.003167,-9.809462,0.000549,0.000532,0.000038
5.667802,0.000129,0.000255,-9.810469,0.000507,0.000526,0.000039
5.681735,0.000068,0.003170,-9.809462,0.000549,0.000532,0.000038
5.688602,-0.000103,-0.003404,-9.810486,0.000635,0.000554,-0.000028
5.695612,0.000263,0.003234,-9.809693,0.000543,0.000544,0.000039
5.702469,0.000003,0.000172,-9.810297,0.000507,0.000526,0.000039
5.716428,-0.000151,0.003497,-9.810182,0.000519,0.000515,0.000038
5.723311,0.000073,-0.003561,-9.810186,0.000633,0.000560,-0.000029
5.730325,0.000076,0.003152,-9.809460,0.000549,0.000532,0.000038
5.737279,-0.000102,-0.003363,-9.810482,0.000635,0.000554,-0.000028
5.744217,0.000138,0.003189,-9.809520,0.000549,0.000532,0.000038
5.758063,-0.000038,-0.003898,-9.809711,0.000663,0.000578,-0.000029
5.765071,-0.000120,0.003547,-9.810081,0.000516,0.000510,0.000038
5.771955,0.000385,-0.000143,-9.809905,0.000535,0.000550,0.000038
5.779015,-0.000369,-0.003489,-9.810305,0.000635,0.000554,-0.000028
5.792779,-0.000102,-0.003374,-9.810481,0.000635,0.000554,-0.000028
5.799802,0.000136,0.003148,-9.809525,0.000549,0.000532,0.000038
5.806689,-0.000103,-0.003396,-9.810484,0.000635,0.000554,-0.000028
5.813638,0.000265,0.003263,-9.809691,0.000543,0.000544,0.000039
5.820613,0.000003,0.000167,-9.810290,0.000507,0.000526,0.000039
5.834465,-0.000152,0.003522,-9.810184,0.000519,0.000515,0.000038
5.841404,0.000020,-0.003524,-9.810122,0.000634,0.000554,-0.000028
5.848413,0.000129,0.003146,-9.809523,0.000549,0.000532,0.000038
5.855344,-0.000103,-0.003376,-9.810481,0.000635,0.000554,-0.000028
5.869169,0.000264,0.000011,-9.810268,0.000536,0.000550,0.000038
5.876125,-0.000367,-0.003532,-9.810312,0.000635,0.000554,-0.000028
5.883137,0.000130,0.003158,-9.809530,0.000549,0.000532,0.000038
5.890047,-0.000103,-0.003386,-9.810483,0.000635,0.000554,-0.000028
5.896969,0.000236,0.003214,-9.809791,0.000546,0.000549,0.000038
5.910917,0.000165,0.003208,-9.809429,0.000546,0.000527,0.000039
5.917803,0.000101,0.000192,-9.810569,0.000507,0.000526,0.000039
5.924712,-0.000201,-0.003725,-9.810016,0.000634,0.000554,-0.000028
5.931738,0.000121,0.003140,-9.809526,0.000549,0.000532,0.000038
5.938629,-0.000050,-0.003404,-9.810548,0.000633,0.000560,-0.000029
5.952510,0.000130,0.000260,-9.810475,0.000507,0.000526,0.000039
5.959451,-0.000144,-0.003717,-9.810076,0.000633,0.000561,-0.000029
5.966436,0.000068,0.003167,-9.809464,0.000549,0.000532,0.000038
5.973356,-0.000102,-0.003379,-9.810482,0.000635,0.000554,-0.000028
5.987275,0.000003,0.000171,-9.810295,0.000507,0.000526,0.000039
5.994254,-0.000041,-0.003865,-9.809717,0.000663,0.000578,-0.000029
6.001179,-0.000046,0.003357,-9.809819,0.000550,0.000532,0.000038
6.008096,-0.000095,-0.003372,-9.810485,0.000635,0.000554,-0.000028
6.021937,-0.000005,-0.003392,-9.810760,0.000632,0.000570,-0.000028
6.029061,0.000031,0.003266,-9.809885,0.000516,0.000532,0.000038
6.035837,0.000148,0.000076,-9.809830,0.000506,0.000526,0.000039
6.042780,-0.000152,-0.003722,-9.810076,0.000633,0.000561,-0.000029
6.049792,0.000068,0.003154,-9.809464,0.000549,0.000532,0.000038
6.063730,0.000136,0.003140,-9.809527,0.000549,0.000532,0.000038
6.070617,0.000159,0.000317,-9.810368,0.000504,0.000521,0.000039
6.077602,-0.000065,-0.003925,-9.809814,0.000663,0.000578,-0.000029
6.084496,-0.000049,0.003372,-9.809819,0.000550,0.000532,0.000038
6.098404,0.000234,0.003187,-9.809792,0.000546,0.000549,0.000038
6.105322,-0.000200,-0.003403,-9.810209,0.000635,0.000554,-0.000028
6.112336,0.000167,0.003232,-9.809440,0.000545,0.000527,0.000039
6.119224,0.000100,0.000178,-9.810557,0.000507,0.000526,0.000039
6.126183,-0.000147,-0.003709,-9.810077,0.000633,0.000561,-0.000029
6.140050,-0.000102,-0.003376,-9.810484,0.000635,0.000554,-0.000028
6.147015,0.000137,0.003175,-9.809522,0.000549,0.000532,0.000038
6.153916,0.000128,0.000253,-9.810469,0.000507,0.000526,0.000039
6.160940,-0.000037,-0.003842,-9.809715,0.000663,0.000578,-0.000029
6.174726,-0.000055,-0.003353,-9.811462,0.000603,0.000565,-0.000029
6.181759,0.000125,0.003029,-9.808739,0.000549,0.000533,0.000038
6.188787,0.000121,0.000244,-9.810460,0.000507,0.000526,0.000039
6.195613,-0.000048,-0.003759,-9.810353,0.000630,0.000577,-0.000029
6.202548,-0.000028,0.003169,-9.809185,0.000549,0.000532,0.000038
6.216475,0.000262,0.003217,-9.809694,0.000543,0.000544,0.000039
6.223361,0.000003,0.000171,-9.810296,0.000507,0.000526,0.000039
6.230332,-0.000041,-0.003870,-9.809717,0.000663,0.000578,-0.000029
6.237293,-0.000151,0.003509,-9.810182,0.000519,0.000515,0.000038
6.244224,0.000020,-0.003526,-9.810124,0.000634,0.000554,-0.000028
6.258095,-0.000050,-0.003402,-9.810548,0.000633,0.000560,-0.000029
6.265044,0.000083,0.003191,-9.809458,0.000549,0.000532,0.000038
6.271956,0.000129,0.000255,-9.810468,0.000507,0.000526,0.000039
6.279056,-0.000140,-0.003636,-9.810075,0.000633,0.000561,-0.000029
6.292813,-0.000051,-0.003404,-9.810526,0.000633,0.000560,-0.000029
6.299857,0.000082,0.003145,-9.809465,0.000549,0.000532,0.000038
6.306669,0.000130,0.000261,-9.810475,0.000507,0.000526,0.000039
6.313700,-0.000046,-0.003653,-9.810342,0.000630,0.000577,-0.000029
6.327605,-0.000101,-0.003325,-9.810476,0.000635,0.000554,-0.000028
6.334539,0.000265,0.003272,-9.809690,0.000543,0.000544,0.000039
6.341430,0.000003,0.000171,-9.810295,0.000507,0.000526,0.000039
6.348438,-0.000146,-0.003680,-9.810078,0.000633,0.000561,-0.000029
6.355306,0.000069,0.003221,-9.809452,0.000549,0.000532,0.000038
6.369234,0.000139,0.003225,-9.809515,0.000549,0.000532,0.000038
6.376136,-0.000103,-0.003390,-9.810483,0.000635,0.000554,-0.000028
6.383226,0.000135,0.003118,-9.809530,0.000549,0.000532,0.000038
6.390239,0.000132,0.000291,-9.810494,0.000503,0.000525,0.000039
6.403994,-0.000312,0.003596,-9.809845,0.000521,0.000508,0.000039
6.411052,0.000229,-0.003647,-9.809888,0.000663,0.000577,-0.000028
6.417963,-0.000071,0.003623,-9.810287,0.000515,0.000520,0.000039
6.424896,0.000339,-0.000170,-9.809697,0.000535,0.000550,0.000038
6.438652,0.000132,0.003225,-9.809520,0.000549,0.000532,0.000038
6.445688,-0.000101,-0.003327,-9.810473,0.000635,0.000554,-0.000028
6.452758,0.000231,0.003144,-9.809794,0.000546,0.000549,0.000038
6.459576,-0.000203,-0.003452,-9.810212,0.000635,0.000554,-0.000028
6.466649,0.000164,0.003190,-9.809433,0.000546,0.000527,0.000039
6.480511,-0.000145,-0.003682,-9.810081,0.000632,0.000560,-0.000029
6.487357,0.000069,0.003226,-9.809446,0.000549,0.000532,0.000038
6.494398,-0.000101,-0.003324,-9.810474,0.000635,0.000554,-0.000028
6.501296,0.000145,0.003262,-9.809560,0.000545,0.000531,0.000039
6.515208,-0.000094,-0.003894,-9.809649,0.000663,0.000578,-0.000029
6.522145,-0.000205,0.003533,-9.810123,0.000520,0.000508,0.000039
6.529116,0.000224,-0.003506,-9.810514,0.000630,0.000577,-0.000028
6.535982,-0.000014,0.003257,-9.809221,0.000544,0.000531,0.000039
6.542930,0.000122,0.000199,-9.810421,0.000507,0.000526,0.000039
6.556780,-0.000206,0.003553,-9.810122,0.000520,0.000508,0.000039
6.563871,0.000220,-0.003448,-9.810507,0.000630,0.000577,-0.000028
6.570705,-0.000022,0.003215,-9.809170,0.000549,0.000532,0.000038
6.577658,0.000127,0.000255,-9.810467,0.000507,0.000526,0.000039
6.591579,0.000069,0.003192,-9.809459,0.000549,0.000532,0.000038
6.598579,-0.000101,-0.003342,-9.810477,0.000635,0.000554,-0.000028
6.605394,0.000270,0.003329,-9.809683,0.000543,0.000544,0.000039
6.612499,0.000003,0.000163,-9.810287,0.000507,0.000526,0.000039
6.626233,-0.000151,0.003517,-9.810184,0.000519,0.000515,0.000038
6.633296,0.000020,-0.003463,-9.810120,0.000634,0.000554,-0.000028
6.640206,0.000131,0.003193,-9.809516,0.000549,0.000532,0.000038
6.647159,-0.000049,-0.003374,-9.810542,0.000633,0.000560,-0.000029
6.654080,0.000090,0.003253,-9.809495,0.000545,0.000531,0.000039
6.668000,-0.000349,-0.003710,-9.809679,0.000634,0.000554,-0.000028
6.674896,0.000123,0.003205,-9.809522,0.000549,0.000532,0.000038
6.681876,-0.000102,-0.003352,-9.810477,0.000635,0.000554,-0.000028
6.688779,0.000236,0.003224,-9.809792,0.000546,0.000549,0.000038
6.702727,-0.000039,-0.003920,-9.809712,0.000663,0.000578,-0.000029
6.709626,-0.000176,0.003615,-9.810021,0.000517,0.000504,0.000039
6.716574,0.000220,-0.003651,-9.810781,0.000632,0.000589,-0.000029
6.723548,-0.000155,0.003385,-9.809383,0.000519,0.000515,0.000038
6.730507,0.000067,-0.003527,-9.810184,0.000633,0.000560,-0.000029
6.744474,0.000126,0.000248,-9.810458,0.000507,0.000526,0.000039
6.751370,-0.000038,-0.003912,-9.809710,0.000663,0.000578,-0.000029
6.758239,-0.000100,0.003394,-9.809754,0.000551,0.000526,0.000039
6.765256,0.000101,-0.003128,-9.811503,0.000597,0.000576,-0.000028
6.779147,0.000118,0.000249,-9.810466,0.000507,0.000526,0.000039
6.786056,-0.000145,-0.003733,-9.810077,0.000633,0.000561,-0.000029
6.792961,0.000069,0.003204,-9.809456,0.000549,0.000532,0.000038
6.799964,-0.000101,-0.003340,-9.810477,0.000635,0.000554,-0.000028
6.813840,0.000127,0.000249,-9.810463,0.000507,0.000526,0.000039
6.820778,-0.000038,-0.003889,-9.809712,0.000663,0.000578,-0.000029
6.827634,-0.000079,0.003657,-9.810294,0.000515,0.000520,0.000039
6.834651,0.000003,-0.003583,-9.810076,0.000633,0.000560,-0.000029
6.841568,0.000073,0.003197,-9.809453,0.000549,0.000532,0.000038
6.855413,0.000084,0.003209,-9.809452,0.000549,0.000532,0.000038
6.862421,0.000127,0.000250,-9.810463,0.000507,0.000526,0.000039
6.869356,-0.000037,-0.003891,-9.809713,0.000663,0.000578,-0.000029
6.876209,-0.000208,0.003576,-9.810122,0.000520,0.000508,0.000039
6.890112,-0.000021,0.003202,-9.809174,0.000549,0.000532,0.000038
6.897139,0.000126,0.000252,-9.810462,0.000507,0.000526,0.000039
6.904047,-0.000144,-0.003735,-9.810077,0.000633,0.000561,-0.000029
6.910979,0.000068,0.003191,-9.809459,0.000549,0.000532,0.000038
6.917974,-0.000101,-0.003343,-9.810477,0.000635,0.000554,-0.000028
6.931933,0.000003,0.000162,-9.810286,0.000507,0.000526,0.000039
6.938746,-0.000042,-0.003957,-9.809711,0.000663,0.000578,-0.000029
6.945775,-0.000150,0.003475,-9.810181,0.000519,0.000515,0.000038
6.952620,0.000020,-0.003570,-9.810123,0.000634,0.000554,-0.000028
6.959601,0.000129,0.003160,-9.809522,0.000549,0.000532,0.000038
6.973475,0.000084,0.003226,-9.809452,0.000549,0.000532,0.000038
6.980510,0.000127,0.000249,-9.810461,0.000507,0.000526,0.000039
6.987384,-0.000145,-0.003752,-9.810076,0.000633,0.000561,-0.000029
6.994283,0.000069,0.003207,-9.809457,0.000549,0.000532,0.000038
7.001289,-0.000100,-0.003326,-9.810485,0.000634,0.000553,-0.000028
7.015284,0.000003,0.000163,-9.810287,0.000507,0.000526,0.000039
7.022159,-0.000042,-0.003922,-9.809711,0.000663,0.000578,-0.000029
7.029176,-0.000045,0.003312,-9.809822,0.000550,0.000532,0.000038
7.035970,-0.000093,-0.003399,-9.810514,0.000632,0.000553,-0.000028
7.042926,0.000135,0.003150,-9.809502,0.000549,0.000532,0.000038
7.056816,0.000032,0.003374,-9.809881,0.000516,0.000532,0.000038
7.063847,0.000143,0.000070,-9.809834,0.000506,0.000526,0.000039
7.070679,-0.000155,-0.003781,-9.810078,0.000633,0.000561,-0.000029
7.077644,0.000068,0.003175,-9.809461,0.000549,0.000532,0.000038
7.091551,0.000139,0.003219,-9.809516,0.000549,0.000532,0.000038
7.098511,0.000127,0.000250,-9.810464,0.000507,0.000526,0.000039
7.105416,-0.000038,-0.003908,-9.809711,0.000663,0.000578,-0.000029
7.112430,0.000081,0.003393,-9.809991,0.000544,0.000544,0.000038
7.119313,-0.000221,-0.003471,-9.810314,0.000635,0.000554,-0.000028
7.133266,-0.000101,-0.003330,-9.810473,0.000635,0.000554,-0.000028
7.140179,0.000168,0.003264,-9.809419,0.000546,0.000527,0.000039
7.147207,0.000099,0.000187,-9.810558,0.000507,0.000526,0.000039
7.154067,-0.000041,-0.003934,-9.809710,0.000663,0.000578,-0.000029
7.167968,0.000126,-0.003502,-9.810247,0.000633,0.000560,-0.000028
7.174873,0.000076,0.003201,-9.809451,0.000549,0.000532,0.000038
7.181925,0.000126,0.000248,-9.810458,0.000507,0.000526,0.000039
7.188833,-0.000038,-0.003905,-9.809711,0.000663,0.000578,-0.000029
7.195691,-0.000016,0.003454,-9.809715,0.000547,0.000527,0.000038
7.209599,0.000136,0.003205,-9.809518,0.000549,0.000532,0.000038
7.216600,0.000127,0.000248,-9.810461,0.000507,0.000526,0.000039
7.223575,-0.000196,-0.003690,-9.810014,0.000634,0.000554,-0.000028
7.230592,0.000151,0.003206,-9.809427,0.000546,0.000527,0.000039
7.244352,0.000081,0.003213,-9.809455,0.000549,0.000532,0.000038
7.251357,-0.000101,-0.003339,-9.810477,0.000635,0.000554,-0.000028
7.258245,0.000138,0.003211,-9.809517,0.000549,0.000532,0.000038
7.265292,0.000179,0.000237,-9.810519,0.000505,0.000533,0.000038
7.272139,-0.000093,-0.003933,-9.809646,0.000663,0.000578,-0.000029
7.286031,0.000235,-0.003491,-9.810574,0.000624,0.000576,-0.000028
7.292932,-0.000026,0.003108,-9.809129,0.000549,0.000532,0.000038
7.299945,0.000123,0.000251,-9.810464,0.000507,0.000526,0.000039
7.306866,-0.000038,-0.003899,-9.809711,0.000663,0.000578,-0.000029
7.313865,-0.000173,0.003562,-9.810020,0.000517,0.000503,0.000039
7.327677,-0.000050,0.003237,-9.809016,0.000549,0.000532,0.000038
7.334660,0.000130,0.000258,-9.810466,0.000507,0.000526,0.000039
7.341583,-0.000197,-0.003717,-9.810014,0.000634,0.000554,-0.000028
7.348580,0.000122,0.003153,-9.809525,0.000549,0.000532,0.000038
7.362436,0.000265,0.003272,-9.809690,0.000543,0.000544,0.000039
7.369339,0.000006,0.000189,-9.810309,0.000505,0.000526,0.000039
7.376271,-0.000043,-0.003909,-9.809700,0.000663,0.000578,-0.000029
7.383274,-0.000046,0.003319,-9.809823,0.000550,0.000532,0.000038
7.397166,0.000129,0.003385,-9.810154,0.000516,0.000532,0.000038
7.404053,-0.000086,-0.003581,-9.809846,0.000634,0.000554,-0.000028
7.411134,0.000127,0.003116,-9.809529,0.000549,0.000532,0.000038
7.418037,0.000279,0.000263,-9.810802,0.000503,0.000549,0.000038
7.424882,-0.000353,-0.003772,-9.809673,0.000634,0.000554,-0.000028
7.438801,-0.000050,-0.003414,-9.810547,0.000633,0.000560,-0.000029
7.445834,0.000083,0.003152,-9.809464,0.000549,0.000532,0.000038
7.452726,0.000129,0.000257,-9.810469,0.000507,0.000526,0.000039
7.459618,-0.000139,-0.003689,-9.810113,0.000629,0.000560,-0.000028
7.473568,-0.000105,-0.003386,-9.810483,0.000635,0.000554,-0.000028
7.480540,0.000264,0.003253,-9.809692,0.000543,0.000544,0.000039
7.487477,0.000003,0.000169,-9.810293,0.000507,0.000526,0.000039
7.494404,-0.000041,-0.003895,-9.809715,0.000663,0.000578,-0.000029
7.501394,-0.000150,0.003495,-9.810182,0.000519,0.000515,0.000038
7.515297,0.000076,0.003149,-9.809461,0.000549,0.000532,0.000038
7.522173,-0.000103,-0.003401,-9.810486,0.000635,0.000554,-0.000028
7.529182,0.000136,0.003156,-9.809525,0.000549,0.000532,0.000038
7.536025,0.000129,0.000256,-9.810472,0.000507,0.000526,0.000039
7.549993,-0.000298,0.003466,-9.809851,0.000520,0.000508,0.000039
7.556884,0.000127,-0.003562,-9.810251,0.000633,0.000560,-0.000028
7.563881,0.000106,0.003221,-9.809360,0.000546,0.000527,0.000038
7.570796,0.000207,0.000021,-9.810203,0.000537,0.000543,0.000039
7.584684,0.000120,0.003055,-9.808735,0.000549,0.000533,0.000038
7.591572,-0.000108,-0.003399,-9.810486,0.000635,0.000554,-0.000028
7.598602,0.000262,0.003225,-9.809693,0.000543,0.000544,0.000039
7.605464,0.000003,0.000172,-9.810296,0.000507,0.000526,0.000039
7.612483,-0.000040,-0.003844,-9.809719,0.000663,0.000578,-0.000029
7.626325,0.000073,-0.003526,-9.810184,0.000633,0.000560,-0.000029
7.633329,0.000076,0.003156,-9.809459,0.000549,0.000532,0.000038
7.640285,-0.000102,-0.003362,-9.810481,0.000635,0.000554,-0.000028
7.647605,0.000131,0.003018,-9.809546,0.000549,0.000532,0.000038
7.654117,0.000135,0.000273,-9.810495,0.000507,0.000526,0.000039
7.668025,-0.000078,0.003610,-9.810290,0.000515,0.000520,0.000039
7.674949,0.000003,-0.003630,-9.810077,0.000633,0.000560,-0.000029
7.682037,0.000071,0.003118,-9.809467,0.000549,0.000532,0.000038
7.688881,0.000148,0.000404,-9.810587,0.000495,0.000523,0.000040
7.702831,-0.000052,0.003335,-9.809822,0.000550,0.000532,0.000038
7.709740,-0.000095,-0.003376,-9.810486,0.000635,0.000554,-0.000028
7.716727,0.000137,0.003165,-9.809524,0.000549,0.000532,0.000038
7.723748,-0.000101,-0.003333,-9.810476,0.000635,0.000554,-0.000028
7.730609,0.000268,0.003305,-9.809686,0.000543,0.000544,0.000039
7.744425,-0.000148,-0.003726,-9.810078,0.000633,0.000561,-0.000029
7.751588,0.000067,0.003086,-9.809477,0.000549,0.000532,0.000038
7.758336,-0.000106,-0.003462,-9.810495,0.000635,0.000554,-0.000028
7.765356,0.000136,0.003150,-9.809526,0.000549,0.000532,0.000038
7.779231,0.000166,0.003216,-9.809425,0.000546,0.000527,0.000039
7.786128,0.000154,0.000182,-9.810632,0.000505,0.000533,0.000038
7.793029,-0.000095,-0.003903,-9.809648,0.000663,0.000578,-0.000029
7.800336,-0.000194,0.003350,-9.810116,0.000520,0.000508,0.000039
7.807021,0.000257,-0.003711,-9.809971,0.000653,0.000575,-0.000027
7.820898,0.000130,0.000261,-9.810471,0.000507,0.000526,0.000039
7.827870,-0.000196,-0.003692,-9.810014,0.000634,0.000554,-0.000028
7.834831,0.000122,0.003170,-9.809524,0.000549,0.000532,0.000038
7.841704,0.000048,-0.003394,-9.810822,0.000631,0.000577,-0.000029
7.848678,-0.000013,0.003158,-9.809188,0.000549,0.000532,0.000038
7.862639,-0.000194,-0.003665,-9.810014,0.000634,0.000554,-0.000028
7.869540,0.000251,0.003279,-9.809690,0.000543,0.000544,0.000039
7.876428,-0.000229,-0.003478,-9.810311,0.000635,0.000554,-0.000028
7.883422,0.000133,0.003163,-9.809525,0.000549,0.000532,0.000038
7.890366,0.000128,0.000252,-9.810465,0.000507,0.000526,0.000039
7.904193,-0.000046,0.003393,-9.809817,0.000550,0.000532,0.000038
7.911142,-0.000094,-0.003357,-9.810483,0.000635,0.000554,-0.000028
7.918219,0.000127,0.003309,-9.810151,0.000516,0.000532,0.000038
7.925052,-0.000087,-0.003609,-9.809845,0.000634,0.000554,-0.000028
7.938898,0.000156,0.000186,-9.810639,0.000505,0.000533,0.000038
7.945845,-0.000094,-0.003879,-9.809650,0.000663,0.000578,-0.000029
7.952836,-0.000098,0.003336,-9.809760,0.000551,0.000526,0.000039
7.959799,-0.000026,-0.003240,-9.811340,0.000603,0.000565,-0.000029
7.973633,0.000026,0.000231,-9.810195,0.000507,0.000526,0.000039
7.980783,-0.000191,-0.003599,-9.810016,0.000634,0.000554,-0.000028
7.987564,0.000156,0.003321,-9.809407,0.000546,0.000527,0.000039
7.994449,-0.000078,-0.003470,-9.810649,0.000633,0.000560,-0.000029
8.001478,0.000080,0.003153,-9.809465,0.000549,0.000532,0.000038
8.015410,0.000136,0.003136,-9.809527,0.000549,0.000532,0.000038
8.022288,0.000129,0.000255,-9.810471,0.000507,0.000526,0.000039
8.029239,-0.000038,-0.003882,-9.809713,0.000663,0.000578,-0.000029
8.036174,0.000029,0.003442,-9.809927,0.000545,0.000538,0.000039
8.043167,-0.000150,-0.003310,-9.811162,0.000603,0.000565,-0.000029
8.056988,0.000124,0.000254,-9.810473,0.000507,0.000526,0.000039
8.064010,-0.000142,-0.003676,-9.810075,0.000633,0.000561,-0.000029
8.070909,0.000069,0.003207,-9.809456,0.000549,0.000532,0.000038
8.077838,-0.000102,-0.003375,-9.810482,0.000635,0.000554,-0.000028
8.084801,0.000264,0.003258,-9.809691,0.000543,0.000544,0.000039
8.098732,-0.000139,-0.003614,-9.810107,0.000629,0.000560,-0.000028
8.105697,0.000065,0.003130,-9.809430,0.000549,0.000532,0.000038
8.112612,-0.000105,-0.003383,-9.810483,0.000635,0.000554,-0.000028
8.119561,0.000137,0.003183,-9.809521,0.000549,0.000532,0.000038
8.133442,0.000083,0.003151,-9.809464,0.000549,0.000532,0.000038
8.140346,0.000129,0.000256,-9.810470,0.000507,0.000526,0.000039
8.147377,-0.000142,-0.003671,-9.810075,0.000633,0.000561,-0.000029
8.154244,0.000069,0.003224,-9.809453,0.000549,0.000532,0.000038
8.168186,0.000263,0.003239,-9.809692,0.000543,0.000544,0.000039
8.175042,0.000003,0.000173,-9.810297,0.000507,0.000526,0.000039
8.182079,-0.000040,-0.003835,-9.809718,0.000663,0.000578,-0.000029
8.188961,-0.000153,0.003551,-9.810185,0.000519,0.000515,0.000038
8.195853,0.000180,-0.003727,-9.809820,0.000663,0.000577,-0.000028
8.209782,0.000127,-0.003554,-9.810248,0.000633,0.000560,-0.000028
8.216767,0.000075,0.003163,-9.809456,0.000549,0.000532,0.000038
8.223696,0.000128,0.000254,-9.810468,0.000507,0.000526,0.000039
8.230748,-0.000037,-0.003828,-9.809718,0.000663,0.000578,-0.000029
8.237609,0.000083,0.003471,-9.809990,0.000544,0.000544,0.000038
8.251553,0.000134,0.003160,-9.809526,0.000549,0.000532,0.000038
8.258452,0.000128,0.000253,-9.810469,0.000507,0.000526,0.000039
8.265714,-0.000188,-0.003547,-9.810013,0.000634,0.000554,-0.000028
8.272397,0.000169,0.003641,-9.809770,0.000522,0.000525,0.000042
8.286359,-0.000045,0.003350,-9.809818,0.000550,0.000532,0.000038
8.293465,0.000133,0.000254,-9.810458,0.000507,0.000526,0.000039
8.300308,-0.000200,-0.003760,-9.810015,0.000634,0.000554,-0.000028
8.307090,0.000256,0.003339,-9.809684,0.000543,0.000544,0.000039
8.314292,-0.000218,-0.003331,-9.810298,0.000635,0.000554,-0.000028
8.328068,0.000127,0.000250,-9.810464,0.000507,0.000526,0.000039
8.335091,-0.000037,-0.003844,-9.809716,0.000663,0.000578,-0.000029
8.341955,-0.000046,0.003388,-9.809817,0.000550,0.000532,0.000038
8.348950,-0.000094,-0.003335,-9.810481,0.000635,0.000554,-0.000028
8.355854,0.000161,0.003458,-9.810054,0.000513,0.000527,0.000039
8.369697,-0.000133,-0.003955,-9.809750,0.000666,0.000583,-0.000029
8.376596,-0.000179,0.003615,-9.810021,0.000520,0.000508,0.000039
8.383639,0.000076,-0.003478,-9.810184,0.000634,0.000554,-0.000028
8.390444,0.000262,0.003323,-9.809679,0.000543,0.000544,0.000039
8.397467,-0.000172,-0.003424,-9.810367,0.000633,0.000560,-0.000029
8.411366,0.000127,0.000250,-9.810462,0.000507,0.000526,0.000039
8.418358,-0.000143,-0.003690,-9.810076,0.000633,0.000561,-0.000029
8.425205,0.000069,0.003232,-9.809451,0.000549,0.000532,0.000038
8.432213,-0.000101,-0.003338,-9.810477,0.000635,0.000554,-0.000028
8.446035,0.000127,0.000250,-9.810464,0.000507,0.000526,0.000039
8.453016,-0.000038,-0.003866,-9.809714,0.000663,0.000578,-0.000029
8.459894,-0.000015,0.003444,-9.809717,0.000547,0.000527,0.000038
8.466917,-0.000121,-0.003383,-9.810576,0.000634,0.000554,-0.000028
8.473806,0.000136,0.003211,-9.809517,0.000549,0.000532,0.000038
8.487691,0.000267,0.003302,-9.809687,0.000543,0.000544,0.000039
8.494631,0.000003,0.000169,-9.810294,0.000507,0.000526,0.000039
8.501619,-0.000146,-0.003690,-9.810079,0.000633,0.000561,-0.000029
8.508539,0.000069,0.003197,-9.809456,0.000549,0.000532,0.000038
8.522390,0.000139,0.003228,-9.809515,0.000549,0.000532,0.000038
8.529354,0.000127,0.000250,-9.810463,0.000507,0.000526,0.000039
8.536360,-0.000037,-0.003854,-9.809715,0.000663,0.000578,-0.000029
8.543252,-0.000100,0.003383,-9.809755,0.000551,0.000526,0.000039
8.550287,0.000071,-0.003191,-9.811594,0.000600,0.000581,-0.000029
8.564158,-0.000090,-0.003532,-9.809850,0.000634,0.000554,-0.000028
8.571038,0.000161,0.003273,-9.809415,0.000546,0.000527,0.000039
8.578002,0.000152,0.000179,-9.810625,0.000506,0.000533,0.000038
8.584966,-0.000085,-0.003786,-9.809706,0.000657,0.000576,-0.000028
8.598909,0.000131,0.000256,-9.810464,0.000507,0.000526,0.000039
8.605799,-0.000199,-0.003734,-9.810014,0.000634,0.000554,-0.000028
8.612722,0.000123,0.003188,-9.809521,0.000549,0.000532,0.000038
8.619748,-0.000101,-0.003331,-9.810474,0.000635,0.000554,-0.000028
8.626585,0.000170,0.003301,-9.809412,0.000546,0.000527,0.000039
8.640531,0.000080,0.003181,-9.809459,0.000549,0.000532,0.000038
8.647490,0.000128,0.000252,-9.810465,0.000507,0.000526,0.000039
8.654374,-0.000038,-0.003919,-9.809711,0.000663,0.000578,-0.000029
8.661297,-0.000046,0.003358,-9.809820,0.000550,0.000532,0.000038
8.675182,0.000269,0.003316,-9.809687,0.000543,0.000544,0.000039
8.682242,0.000004,0.000165,-9.810288,0.000507,0.000526,0.000039
8.689121,-0.000202,-0.003738,-9.810017,0.000634,0.000554,-0.000028
8.696020,0.000123,0.003199,-9.809518,0.000549,0.000532,0.000038
8.703044,-0.000101,-0.003332,-9.810475,0.000635,0.000554,-0.000028
8.717023,-0.000100,-0.003319,-9.810473,0.000635,0.000554,-0.000028
8.723841,0.000270,0.003328,-9.809685,0.000543,0.000544,0.000039
8.730818,0.000003,0.000168,-9.810291,0.000507,0.000526,0.000039
8.737712,-0.000041,-0.003912,-9.809713,0.000663,0.000578,-0.000029
8.744656,-0.000099,0.003357,-9.809758,0.000551,0.000526,0.000039
8.758529,0.000228,0.003118,-9.808983,0.000546,0.000549,0.000038
8.765572,-0.000201,-0.003348,-9.810205,0.000635,0.000554,-0.000028
8.772414,0.000268,0.003319,-9.809688,0.000543,0.000544,0.000039
8.779501,0.000003,0.000163,-9.810287,0.000507,0.000526,0.000039
8.793282,0.000123,0.003207,-9.809518,0.000549,0.000532,0.000038
8.800279,-0.000101,-0.003344,-9.810477,0.000635,0.000554,-0.000028
8.807185,0.000138,0.003203,-9.809519,0.000549,0.000532,0.000038
8.814189,0.000127,0.000249,-9.810461,0.000507,0.000526,0.000039
8.828040,-0.000053,0.003250,-9.809749,0.000550,0.000532,0.000038
8.835038,0.000028,-0.003256,-9.810649,0.000629,0.000566,-0.000027
8.841947,0.000013,0.003119,-9.809344,0.000549,0.000532,0.000038
8.848924,0.000124,0.000251,-9.810466,0.000507,0.000526,0.000039
8.855800,-0.000199,-0.003741,-9.810015,0.000634,0.000554,-0.000028
8.869811,-0.000048,-0.003334,-9.810535,0.000633,0.000560,-0.000029
8.876626,0.000085,0.003255,-9.809447,0.000549,0.000532,0.000038
8.883697,-0.000100,-0.003309,-9.810473,0.000635,0.000554,-0.000028
8.890527,0.000269,0.003322,-9.809685,0.000543,0.000544,0.000039
8.904454,-0.000148,-0.003743,-9.810080,0.000633,0.000561,-0.000029
8.911380,0.000069,0.003195,-9.809459,0.000549,0.000532,0.000038
8.918481,-0.000099,-0.003296,-9.810470,0.000635,0.000554,-0.000028
8.925258,0.000140,0.003266,-9.809508,0.000549,0.000532,0.000038
8.939132,-0.000039,-0.003974,-9.809706,0.000663,0.000578,-0.000029
8.946074,-0.000045,0.003349,-9.809820,0.000550,0.000532,0.000038
8.953130,0.000003,-0.003289,-9.810743,0.000632,0.000570,-0.000028
8.960172,0.000032,0.003306,-9.809883,0.000516,0.000532,0.000038
8.967075,-0.000080,-0.003514,-9.809884,0.000630,0.000553,-0.000027
8.980900,0.000172,0.000173,-9.810471,0.000505,0.000533,0.000038
8.987888,-0.000199,-0.003687,-9.810013,0.000633,0.000561,-0.000029
8.994759,0.000069,0.003223,-9.809454,0.000549,0.000532,0.000038
9.001732,-0.000101,-0.003354,-9.810480,0.000635,0.000554,-0.000028
9.015631,0.000152,0.000177,-9.810621,0.000505,0.000533,0.000038
9.022606,-0.000094,-0.003863,-9.809651,0.000663,0.000578,-0.000029
9.029463,-0.000208,0.003576,-9.810123,0.000520,0.000508,0.000039
9.036420,0.000127,-0.003531,-9.810248,0.000633,0.000560,-0.000028
9.043346,0.000076,0.003191,-9.809452,0.000549,0.000532,0.000038
9.057245,-0.000038,-0.003929,-9.809710,0.000663,0.000578,-0.000029
9.064263,-0.000045,0.003312,-9.809822,0.000550,0.000532,0.000038
9.071190,-0.000095,-0.003366,-9.810484,0.000635,0.000554,-0.000028
9.078229,0.000262,0.003221,-9.809695,0.000543,0.000544,0.000039
9.091978,-0.000201,-0.003718,-9.810016,0.000634,0.000554,-0.000028
9.098948,0.000122,0.003167,-9.809525,0.000549,0.000532,0.000038
9.105866,-0.000103,-0.003382,-9.810481,0.000635,0.000554,-0.000028
9.112835,0.000137,0.003174,-9.809523,0.000549,0.000532,0.000038
9.119825,-0.000005,-0.003330,-9.810745,0.000632,0.000571,-0.000028
9.133723,0.000030,0.000230,-9.810192,0.000507,0.000526,0.000039
9.140617,-0.000199,-0.003730,-9.810017,0.000634,0.000554,-0.000028
9.147547,0.000153,0.003249,-9.809421,0.000546,0.000527,0.000039
9.154571,-0.000076,-0.003404,-9.810636,0.000633,0.000560,-0.000029
9.161414,0.000082,0.003241,-9.809450,0.000549,0.000532,0.000038
9.175351,0.000138,0.003206,-9.809518,0.000549,0.000532,0.000038
9.182373,0.000275,0.000256,-9.810788,0.000503,0.000549,0.000038
9.189266,-0.000351,-0.003747,-9.809676,0.000634,0.000554,-0.000028
9.196121,0.000124,0.003226,-9.809519,0.000549,0.000532,0.000038
9.210035,0.000236,0.003218,-9.809790,0.000546,0.000549,0.000038
9.217026,0.000031,0.000229,-9.810191,0.000507,0.000526,0.000039
9.223950,-0.000198,-0.003714,-9.810017,0.000634,0.000554,-0.000028
9.231098,0.000149,0.003146,-9.809438,0.000546,0.000527,0.000039
9.237838,0.000029,-0.003718,-9.810288,0.000664,0.000577,-0.000029
9.251776,0.000074,-0.003552,-9.810185,0.000633,0.000560,-0.000029
9.258771,0.000076,0.003160,-9.809459,0.000549,0.000532,0.000038
9.265650,0.000129,0.000256,-9.810470,0.000507,0.000526,0.000039
9.272571,-0.000038,-0.003899,-9.809713,0.000663,0.000578,-0.000029
9.286541,0.000221,-0.003467,-9.810512,0.000630,0.000577,-0.000028
9.293377,-0.000022,0.003212,-9.809168,0.000549,0.000532,0.000038
9.300405,0.000126,0.000253,-9.810462,0.000507,0.000526,0.000039
9.307304,-0.000145,-0.003739,-9.810077,0.000633,0.000561,-0.000029
9.314372,0.000068,0.003128,-9.809468,0.000549,0.000532,0.000038
9.328100,0.000266,0.003282,-9.809690,0.000543,0.000544,0.000039
9.335097,0.000003,0.000167,-9.810290,0.000507,0.000526,0.000039
9.341984,-0.000042,-0.003916,-9.809713,0.000663,0.000578,-0.000029
9.349063,-0.000044,0.003283,-9.809823,0.000550,0.000532,0.000038
9.355871,-0.000097,-0.003424,-9.810493,0.000635,0.000554,-0.000028
9.369845,-0.000005,-0.003316,-9.810742,0.000632,0.000570,-0.000028
9.376737,0.000032,0.003379,-9.809881,0.000516,0.000532,0.000038
9.383692,0.000144,0.000071,-9.809834,0.000506,0.000526,0.000039
9.390576,-0.000153,-0.003753,-9.810077,0.000633,0.000561,-0.000029
9.404498,-0.000103,-0.003385,-9.810484,0.000635,0.000554,-0.000028
9.411456,0.000137,0.003179,-9.809523,0.000549,0.000532,0.000038
9.418430,0.000127,0.000250,-9.810463,0.000507,0.000526,0.000039
9.425291,-0.000038,-0.003932,-9.809710,0.000663,0.000578,-0.000029
9.439285,-0.000221,-0.003469,-9.810313,0.000635,0.000554,-0.000028
9.446200,0.000028,0.003373,-9.809885,0.000518,0.000515,0.000038
9.453126,0.000065,-0.003549,-9.810183,0.000633,0.000560,-0.000029
9.460018,0.000076,0.003209,-9.809450,0.000549,0.000532,0.000038
9.473947,-0.000038,-0.003935,-9.809711,0.000663,0.000578,-0.000029
9.480895,-0.000099,0.003356,-9.809757,0.000551,0.000526,0.000039
9.487893,0.000101,-0.003145,-9.811502,0.000597,0.000577,-0.000028
9.494796,0.000004,0.003008,-9.808543,0.000549,0.000533,0.000038
9.501825,0.000118,0.000244,-9.810460,0.000507,0.000526,0.000039
9.515662,0.000068,0.003169,-9.809463,0.000549,0.000532,0.000038
9.522514,-0.000104,-0.003411,-9.810487,0.000635,0.000554,-0.000028
9.529550,0.000136,0.003142,-9.809526,0.000549,0.000532,0.000038
9.536443,0.000129,0.000254,-9.810469,0.000507,0.000526,0.000039
9.550404,-0.000076,0.003569,-9.810287,0.000515,0.000520,0.000039
9.557372,0.000004,-0.003592,-9.810087,0.000631,0.000560,-0.000028
9.564240,0.000072,0.003204,-9.809439,0.000549,0.000532,0.000038
9.571208,0.000180,0.000242,-9.810527,0.000506,0.000533,0.000038
9.578107,-0.000199,-0.003731,-9.810014,0.000633,0.000561,-0.000029
9.592069,-0.000101,-0.003341,-9.810479,0.000635,0.000554,-0.000028
9.599020,0.000137,0.003181,-9.809520,0.000549,0.000532,0.000038
9.605903,-0.000050,-0.003408,-9.810549,0.000633,0.000560,-0.000029
9.612839,0.000084,0.003197,-9.809458,0.000549,0.000532,0.000038
9.626705,-0.000146,-0.003754,-9.810076,0.000633,0.000561,-0.000029
9.633724,0.000068,0.003151,-9.809465,0.000549,0.000532,0.000038
9.640600,-0.000103,-0.003396,-9.810490,0.000634,0.000554,-0.000028
9.647715,0.000259,0.003183,-9.809695,0.000543,0.000544,0.000039
9.654571,0.000003,0.000172,-9.810297,0.000507,0.000526,0.000039
9.668410,-0.000150,0.003488,-9.810182,0.000519,0.000515,0.000038
9.675350,0.000019,-0.003523,-9.810122,0.000634,0.000554,-0.000028
9.682452,0.000128,0.003105,-9.809528,0.000549,0.000532,0.000038
9.689217,-0.000051,-0.003467,-9.810557,0.000633,0.000560,-0.000029
9.703175,0.000127,0.000249,-9.810460,0.000507,0.000526,0.000039
9.710067,-0.000145,-0.003742,-9.810075,0.000633,0.000561,-0.000029
9.717045,0.000068,0.003170,-9.809462,0.000549,0.000532,0.000038
9.723940,-0.000103,-0.003391,-9.810485,0.000635,0.000554,-0.000028
9.731030,0.000260,0.003197,-9.809696,0.000543,0.000544,0.000039
9.744781,-0.000041,-0.003913,-9.809713,0.000663,0.000578,-0.000029
9.751796,-0.000150,0.003483,-9.810182,0.000519,0.000515,0.000038
9.758721,0.000073,-0.003539,-9.810185,0.000633,0.000560,-0.000029
9.765647,0.000076,0.003192,-9.809452,0.000549,0.000532,0.000038
9.779529,0.000138,0.003200,-9.809518,0.000549,0.000532,0.000038
9.786503,0.000127,0.000251,-9.810464,0.000507,0.000526,0.000039
9.793461,0.000059,-0.003861,-9.809982,0.000661,0.000595,-0.000029
9.800389,-0.000302,0.003516,-9.809849,0.000521,0.000508,0.000039
9.814347,0.000201,0.003217,-9.809629,0.000543,0.000544,0.000039
9.821235,0.000003,0.000173,-9.810297,0.000507,0.000526,0.000039
9.828137,-0.000041,-0.003908,-9.809712,0.000663,0.000578,-0.000029
9.835085,-0.000151,0.003517,-9.810183,0.000519,0.000515,0.000038
9.842911,0.000020,-0.003134,-9.810109,0.000634,0.000554,-0.000028
9.855881,-0.000050,-0.003410,-9.810548,0.000633,0.000560,-0.000029
9.862869,0.000083,0.003173,-9.809461,0.000549,0.000532,0.000038
9.869804,0.000128,0.000253,-9.810468,0.000507,0.000526,0.000039
9.876719,-0.000144,-0.003730,-9.810077,0.000633,0.000561,-0.000029
9.890674,-0.000103,-0.003375,-9.810482,0.000635,0.000554,-0.000028
9.897682,0.000263,0.003236,-9.809693,0.000543,0.000544,0.000039
9.904562,0.000003,0.000171,-9.810296,0.000507,0.000526,0.000039
9.911507,-0.000041,-0.003884,-9.809715,0.000663,0.000578,-0.000029
9.925367,0.000074,-0.003557,-9.810185,0.000633,0.000560,-0.000029
9.932351,0.000076,0.003165,-9.809459,0.000549,0.000532,0.000038
9.939308,-0.000102,-0.003362,-9.810480,0.000635,0.000554,-0.000028
9.946304,0.000137,0.003162,-9.809525,0.000549,0.000532,0.000038
9.953182,0.000129,0.000254,-9.810470,0.000507,0.000526,0.000039
9.967155,-0.000023,0.003513,-9.810345,0.000513,0.000527,0.000038
9.973997,-0.000107,-0.003657,-9.809949,0.000634,0.000554,-0.000028
9.980916,0.000127,0.003190,-9.809519,0.000549,0.000532,0.000038
9.987874,0.000233,0.000081,-9.810102,0.000537,0.000543,0.000039
9.994803,-0.000298,-0.003435,-9.811174,0.000603,0.000565,-0.000029
10.008682,-0.000108,-0.003396,-9.810484,0.000635,0.000554,-0.000028
10.015680,0.000233,0.003179,-9.809793,0.000546,0.000549,0.000038
10.022548,-0.000201,-0.003427,-9.810211,0.000635,0.000554,-0.000028
10.029506,0.000264,0.003262,-9.809692,0.000543,0.000544,0.000039
10.043397,-0.000150,-0.003776,-9.810080,0.000633,0.000561,-0.000029
10.050421,0.000068,0.003149,-9.809464,0.000549,0.000532,0.000038
10.057338,-0.000103,-0.003381,-9.810484,0.000635,0.000554,-0.000028
10.064212,0.000138,0.003219,-9.809516,0.000549,0.000532,0.000038
10.078142,-0.000038,-0.003917,-9.809710,0.000663,0.000578,-0.000029
10.085173,-0.000203,0.003484,-9.810120,0.000520,0.000508,0.000039
10.092004,0.000228,-0.003576,-9.810526,0.000630,0.000577,-0.000028
10.099077,-0.000020,0.003102,-9.809197,0.000549,0.000532,0.000038
10.105891,-0.000101,-0.003387,-9.810519,0.000632,0.000553,-0.000027
10.112847,0.000262,0.003221,-9.809665,0.000543,0.000544,0.000039
10.126745,-0.000043,-0.003963,-9.809703,0.000663,0.000578,-0.000029
10.133792,-0.000098,0.003307,-9.809761,0.000551,0.000526,0.000039
10.140619,-0.000027,-0.003303,-9.811366,0.000603,0.000565,-0.000029
10.147568,0.000226,0.003086,-9.808994,0.000546,0.000549,0.000038
10.161489,-0.000198,-0.003714,-9.810017,0.000634,0.000554,-0.000028
10.168512,0.000151,0.003203,-9.809426,0.000546,0.000527,0.000039
10.175425,-0.000077,-0.003456,-9.810647,0.000633,0.000560,-0.000029
10.182482,0.000080,0.003140,-9.809467,0.000549,0.000532,0.000038
10.189279,-0.000099,-0.003391,-9.810522,0.000631,0.000553,-0.000027
10.203253,0.000178,0.000238,-9.810522,0.000505,0.000533,0.000038
10.210152,-0.000253,-0.003723,-9.809949,0.000634,0.000554,-0.000028
10.217148,0.000122,0.003156,-9.809526,0.000549,0.000532,0.000038
10.223968,0.000049,-0.003420,-9.810827,0.000631,0.000577,-0.000029
10.237953,0.000126,0.000251,-9.810461,0.000507,0.000526,0.000039
10.244836,-0.000145,-0.003748,-9.810077,0.000633,0.000561,-0.000029
10.251819,0.000068,0.003167,-9.809463,0.000549,0.000532,0.000038
10.258726,-0.000103,-0.003385,-9.810484,0.000635,0.000554,-0.000028
10.272635,0.000003,0.000171,-9.810295,0.000507,0.000526,0.000039
10.279511,-0.000042,-0.003923,-9.809711,0.000663,0.000578,-0.000029
10.286533,-0.000149,0.003480,-9.810183,0.000519,0.000515,0.000038
10.293445,0.000019,-0.003538,-9.810122,0.000634,0.000554,-0.000028
10.300468,0.000129,0.003141,-9.809524,0.000549,0.000532,0.000038
10.314287,0.000083,0.003190,-9.809457,0.000549,0.000532,0.000038
10.321245,0.000128,0.000253,-9.810466,0.000507,0.000526,0.000039
10.328193,-0.000046,-0.003695,-9.810346,0.000630,0.000577,-0.000029
10.335150,-0.000028,0.003158,-9.809188,0.000549,0.000532,0.000038
10.348999,0.000168,0.003256,-9.809419,0.000546,0.000527,0.000039
10.355996,0.000099,0.000188,-9.810560,0.000507,0.000526,0.000039
10.362912,-0.000040,-0.003903,-9.809713,0.000663,0.000578,-0.000029
10.369842,-0.000097,0.003380,-9.809770,0.000550,0.000525,0.000039
10.376771,0.000070,-0.003253,-9.811605,0.000600,0.000581,-0.000029
10.390647,-0.000093,-0.003603,-9.809847,0.000634,0.000554,-0.000028
10.397571,0.000130,0.003189,-9.809519,0.000549,0.000532,0.000038
10.404588,0.000179,0.000238,-9.810523,0.000506,0.000533,0.000038
10.411561,-0.000091,-0.003862,-9.809651,0.000663,0.000578,-0.000029
10.425398,0.000225,-0.003539,-9.810521,0.000630,0.000577,-0.000028
10.432383,-0.000021,0.003143,-9.809187,0.000549,0.000532,0.000038
10.439325,0.000128,0.000264,-9.810474,0.000506,0.000526,0.000039
10.446259,-0.000145,-0.003729,-9.810069,0.000633,0.000561,-0.000029
10.460144,-0.000105,-0.003445,-9.810492,0.000635,0.000554,-0.000028
10.467140,0.000263,0.003241,-9.809692,0.000543,0.000544,0.000039
10.473999,0.000003,0.000172,-9.810297,0.000507,0.000526,0.000039
10.480906,-0.000041,-0.003905,-9.809714,0.000663,0.000578,-0.000029
10.494822,0.000020,-0.003554,-9.810123,0.000634,0.000554,-0.000028
10.501899,0.000128,0.003114,-9.809527,0.000549,0.000532,0.000038
10.508715,-0.000051,-0.003440,-9.810553,0.000633,0.000560,-0.000029
10.515915,0.000081,0.003076,-9.809477,0.000549,0.000532,0.000038
10.522630,0.000135,0.000287,-9.810499,0.000505,0.000526,0.000039
10.536531,0.000068,0.003177,-9.809461,0.000549,0.000532,0.000038
10.543459,-0.000103,-0.003375,-9.810483,0.000635,0.000554,-0.000028
10.550531,0.000261,0.003205,-9.809695,0.000543,0.000544,0.000039
10.557382,0.000110,-0.000001,-9.809927,0.000537,0.000544,0.000039
10.571266,0.000121,0.003071,-9.808729,0.000549,0.000533,0.000038
10.578243,-0.000107,-0.003358,-9.810478,0.000635,0.000554,-0.000028
10.585313,0.000230,0.003145,-9.809794,0.000546,0.000549,0.000038
10.592158,-0.000159,-0.003075,-9.810449,0.000608,0.000547,-0.000024
10.599191,0.000205,0.002820,-9.809564,0.000546,0.000550,0.000038
10.613003,-0.000200,-0.003723,-9.810015,0.000633,0.000561,-0.000029
10.620044,0.000068,0.003143,-9.809467,0.000549,0.000532,0.000038
10.626891,-0.000104,-0.003414,-9.810488,0.000635,0.000554,-0.000028
10.633920,0.000136,0.003146,-9.809525,0.000549,0.000532,0.000038
10.647748,-0.000252,-0.003712,-9.809950,0.000634,0.000554,-0.000028
10.654713,0.000123,0.003171,-9.809525,0.000549,0.000532,0.000038
10.661609,0.000048,-0.003384,-9.810819,0.000631,0.000577,-0.000029
10.668702,-0.000013,0.003103,-9.809202,0.000549,0.000532,0.000038
10.682531,-0.000142,-0.003678,-9.810075,0.000633,0.000561,-0.000029
10.689474,0.000069,0.003185,-9.809459,0.000549,0.000532,0.000038
10.696323,-0.000101,-0.003391,-9.810502,0.000633,0.000553,-0.000028
10.703385,0.000259,0.003191,-9.809683,0.000543,0.000544,0.000039
10.710236,0.000002,0.000171,-9.810297,0.000507,0.000526,0.000039
10.724134,-0.000153,0.003549,-9.810184,0.000519,0.000515,0.000038
10.731059,0.000020,-0.003530,-9.810123,0.000634,0.000554,-0.000028
10.738085,0.000129,0.003138,-9.809524,0.000549,0.000532,0.000038
10.744970,-0.000050,-0.003408,-9.810547,0.000633,0.000560,-0.000029
10.751946,0.000083,0.003178,-9.809461,0.000549,0.000532,0.000038
10.765833,-0.000143,-0.003709,-9.810076,0.000633,0.000561,-0.000029
10.772793,0.000070,0.003188,-9.809466,0.000548,0.000532,0.000038
10.779699,-0.000104,-0.003395,-9.810477,0.000635,0.000554,-0.000028
10.786735,0.000261,0.003223,-9.809694,0.000543,0.000544,0.000039
10.800609,-0.000040,-0.003842,-9.809718,0.000663,0.000578,-0.000029
10.807526,-0.000143,0.003603,-9.810241,0.000513,0.000513,0.000039
10.814460,0.000067,-0.003602,-9.810129,0.000633,0.000560,-0.000029
10.821404,0.000073,0.003182,-9.809456,0.000549,0.000532,0.000038
10.835423,0.000135,0.003125,-9.809530,0.000549,0.000532,0.000038
10.842234,0.000184,0.000247,-9.810537,0.000506,0.000533,0.000038
10.849302,-0.000090,-0.003812,-9.809656,0.000663,0.000578,-0.000029
10.856113,-0.000209,0.003601,-9.810125,0.000520,0.000508,0.000039
10.863076,0.000224,-0.003510,-9.810516,0.000630,0.000577,-0.000028
10.876992,0.000126,0.000254,-9.810467,0.000507,0.000526,0.000039
10.883962,-0.000143,-0.003701,-9.810076,0.000633,0.000561,-0.000029
10.890853,0.000069,0.003210,-9.809454,0.000549,0.000532,0.000038
10.897767,-0.000103,-0.003382,-9.810485,0.000635,0.000554,-0.000028
10.904738,0.000264,0.003253,-9.809691,0.000543,0.000544,0.000039
10.918668,-0.000038,-0.003850,-9.809732,0.000661,0.000577,-0.000028
10.925561,-0.000154,0.003521,-9.810169,0.000519,0.000515,0.000038
10.932486,0.000019,-0.003531,-9.810122,0.000634,0.000554,-0.000028
10.939487,0.000129,0.003150,-9.809523,0.000549,0.000532,0.000038
10.953429,0.000083,0.003157,-9.809464,0.000549,0.000532,0.000038
10.960283,0.000130,0.000258,-9.810472,0.000507,0.000526,0.000039
10.967437,-0.000139,-0.003609,-9.810074,0.000633,0.000561,-0.000029
10.974166,0.000070,0.003290,-9.809442,0.000549,0.000532,0.000038
10.988149,0.000262,0.003222,-9.809694,0.000543,0.000544,0.000039
10.995017,0.000003,0.000171,-9.810296,0.000507,0.000526,0.000039
11.002067,-0.000040,-0.003827,-9.809720,0.000663,0.000578,-0.000029
11.008891,-0.000046,0.003409,-9.809816,0.000550,0.000532,0.000038
11.015888,-0.000094,-0.003335,-9.810479,0.000635,0.000554,-0.000028
11.029788,-0.000005,-0.003345,-9.810750,0.000632,0.000570,-0.000028
11.036705,0.000032,0.003367,-9.809880,0.000516,0.000532,0.000038
11.043615,0.000145,0.000072,-9.809833,0.000506,0.000526,0.000039
11.050684,-0.000149,-0.003658,-9.810075,0.000633,0.000561,-0.000029
11.064466,-0.000102,-0.003373,-9.810482,0.000635,0.000554,-0.000028
11.071452,0.000137,0.003166,-9.809524,0.000549,0.000532,0.000038
11.078371,0.000159,0.000315,-9.810365,0.000504,0.000521,0.000039
11.085346,-0.000065,-0.003931,-9.809813,0.000663,0.000578,-0.000029
11.092234,-0.000049,0.003376,-9.809820,0.000550,0.000532,0.000038
11.106161,0.000235,0.003200,-9.809792,0.000546,0.000549,0.000038
11.113055,-0.000201,-0.003414,-9.810209,0.000635,0.000554,-0.000028
11.120074,0.000166,0.003215,-9.809427,0.000546,0.000527,0.000039
11.126953,0.000101,0.000193,-9.810570,0.000507,0.000526,0.000039
11.133968,-0.000198,-0.003670,-9.810016,0.000634,0.000554,-0.000028
11.147790,-0.000050,-0.003401,-9.810547,0.000633,0.000560,-0.000029
11.154810,0.000083,0.003158,-9.809463,0.000549,0.000532,0.000038
11.161692,0.000129,0.000257,-9.810472,0.000507,0.000526,0.000039
11.168683,-0.000143,-0.003692,-9.810075,0.000633,0.000561,-0.000029
11.182548,-0.000101,-0.003346,-9.810478,0.000635,0.000554,-0.000028
11.189529,0.000264,0.003248,-9.809692,0.000543,0.000544,0.000039
11.196366,0.000111,-0.000001,-9.809928,0.000537,0.000544,0.000039
11.203389,-0.000297,-0.003388,-9.811161,0.000603,0.000565,-0.000029
11.210311,0.000122,0.003084,-9.808723,0.000549,0.000532,0.000038
11.224293,0.000264,0.003477,-9.809949,0.000529,0.000545,0.000040
11.231187,-0.000162,-0.003623,-9.810112,0.000633,0.000560,-0.000029
11.238225,0.000073,0.003147,-9.809466,0.000549,0.000532,0.000038
11.245122,0.000129,0.000256,-9.810470,0.000507,0.000526,0.000039
11.259013,0.000166,0.003213,-9.809729,0.000546,0.000549,0.000038
11.265956,-0.000199,-0.003388,-9.810210,0.000635,0.000554,-0.000028
11.272891,0.000137,0.003192,-9.809521,0.000549,0.000532,0.000038
11.279818,0.000226,0.000270,-9.810737,0.000504,0.000543,0.000039
11.286844,-0.000290,-0.003684,-9.809746,0.000634,0.000554,-0.000028
11.301019,-0.000073,-0.003298,-9.810616,0.000633,0.000560,-0.000029
11.307598,0.000084,0.003374,-9.809427,0.000549,0.000532,0.000038
11.314551,0.000128,0.000253,-9.810467,0.000507,0.000526,0.000039
11.321540,-0.000032,-0.003811,-9.809748,0.000659,0.000577,-0.000028
11.335478,-0.000096,-0.003337,-9.810481,0.000635,0.000554,-0.000028
11.342314,0.000269,0.003319,-9.809685,0.000543,0.000544,0.000039
11.349300,0.000003,0.000170,-9.810293,0.000507,0.000526,0.000039
11.356285,-0.000199,-0.003685,-9.810015,0.000634,0.000554,-0.000028
11.363145,0.000124,0.003218,-9.809516,0.000549,0.000532,0.000038
11.377057,0.000139,0.003238,-9.809513,0.000549,0.000532,0.000038
11.384206,-0.000099,-0.003276,-9.810466,0.000635,0.000554,-0.000028
11.391009,0.000270,0.003336,-9.809684,0.000543,0.000544,0.000039
11.397877,0.000057,0.000163,-9.810359,0.000506,0.000533,0.000038
11.411779,0.000124,0.003204,-9.809521,0.000549,0.000532,0.000038
11.418867,-0.000048,-0.003312,-9.810531,0.000633,0.000560,-0.000029
11.425700,0.000084,0.003247,-9.809450,0.000549,0.000532,0.000038
11.432616,0.000129,0.000254,-9.810467,0.000507,0.000526,0.000039
11.439579,-0.000143,-0.003705,-9.810077,0.000633,0.000561,-0.000029
11.453544,-0.000101,-0.003350,-9.810479,0.000635,0.000554,-0.000028
11.460448,0.000138,0.003205,-9.809518,0.000549,0.000532,0.000038
11.467420,0.000127,0.000250,-9.810463,0.000507,0.000526,0.000039
11.474306,-0.000038,-0.003919,-9.809711,0.000663,0.000578,-0.000029
11.488212,-0.000218,-0.003428,-9.810309,0.000635,0.000554,-0.000028
11.495136,0.000028,0.003368,-9.809885,0.000518,0.000515,0.000038
11.502112,0.000400,-0.000090,-9.809804,0.000535,0.000550,0.000038
11.509051,-0.000373,-0.003548,-9.810309,0.000635,0.000554,-0.000028
11.516084,0.000129,0.003148,-9.809531,0.000549,0.000532,0.000038
11.529836,0.000137,0.003189,-9.809512,0.000549,0.000532,0.000038
11.536959,-0.000005,-0.003270,-9.810732,0.000632,0.000570,-0.000028
11.543717,0.000142,0.003273,-9.809505,0.000546,0.000549,0.000038
11.550819,0.000030,0.000226,-9.810190,0.000507,0.000526,0.000039
11.557888,-0.000193,-0.003634,-9.810019,0.000634,0.000554,-0.000028
11.565062,0.000150,0.003141,-9.809445,0.000545,0.000527,0.000039
11.580525,0.000257,0.002096,-9.809313,0.000532,0.000556,0.000042
11.587415,0.000548,0.002767,-9.811947,0.000307,0.000502,0.000072
11.596691,-0.036709,-0.117700,-9.535316,0.001423,0.000820,-0.000052
11.603353,-0.001640,0.007793,-9.819297,0.000596,0.000393,0.000012
11.610448,0.001315,0.006951,-9.816660,-0.000037,0.000291,0.000081
11.617585,0.000815,-0.006808,-9.805947,0.000462,0.000535,-0.000017
11.624391,-0.000075,0.001799,-9.807316,0.000539,0.000533,0.000039
11.639498,0.000408,0.006261,-9.812058,0.000310,0.000475,0.000070
11.647063,0.000156,-0.009064,-9.805685,0.000970,0.000759,-0.000066
11.655180,-0.000353,0.006857,-9.812840,0.000453,0.000503,0.000055
11.661978,0.000782,0.000994,-9.810736,0.000377,0.000533,0.000065
11.668879,-0.000300,-0.009473,-9.806030,0.000975,0.000764,-0.000067
11.682708,0.000358,0.004101,-9.811110,0.000517,0.000531,0.000038
11.689747,-0.000035,-0.003506,-9.809845,0.000634,0.000554,-0.000028
11.696563,0.000180,0.003290,-9.809408,0.000546,0.000527,0.000039
11.703608,-0.000058,-0.003407,-9.810634,0.000633,0.000560,-0.000029
11.710525,0.000099,0.003192,-9.809455,0.000549,0.000532,0.000038
11.724376,-0.000128,-0.003780,-9.810077,0.000633,0.000561,-0.000029
11.731302,0.000086,0.003180,-9.809457,0.000549,0.000532,0.000038
11.738334,-0.000083,-0.003340,-9.810476,0.000635,0.000554,-0.000028
11.745240,0.000155,0.003190,-9.809518,0.000549,0.000532,0.000038
11.752200,0.000145,0.000236,-9.810464,0.000507,0.000526,0.000039
11.766044,0.000100,0.003419,-9.809989,0.000544,0.000544,0.000039
11.773036,-0.000200,-0.003433,-9.810309,0.000635,0.000554,-0.000028
11.779949,0.000153,0.003188,-9.809521,0.000549,0.000532,0.000038
11.786946,-0.000084,-0.003360,-9.810477,0.000635,0.000554,-0.000028
11.800849,0.000116,0.000156,-9.810548,0.000507,0.000526,0.000039
11.807758,-0.000131,-0.003750,-9.810077,0.000633,0.000561,-0.000029
11.814671,0.000086,0.003187,-9.809457,0.000549,0.000532,0.000038
11.821706,0.000144,0.000236,-9.810461,0.000507,0.000526,0.000039
11.828554,-0.000021,-0.003954,-9.809709,0.000663,0.000578,-0.000029
11.842462,0.000037,-0.003559,-9.810123,0.000634,0.000554,-0.000028
11.849388,0.000148,0.003171,-9.809517,0.000549,0.000532,0.000038
11.856415,-0.000031,-0.003353,-9.810537,0.000633,0.000560,-0.000029
11.863324,0.000199,0.003213,-9.809726,0.000546,0.000549,0.000038
11.877170,-0.000182,-0.003752,-9.810015,0.000634,0.000554,-0.000028
11.884361,0.000166,0.003114,-9.809443,0.000546,0.000527,0.000039
11.891091,0.000047,-0.003737,-9.810288,0.000664,0.000577,-0.000029
11.898018,-0.000122,0.003521,-9.810184,0.000519,0.000515,0.000038
11.904971,0.000091,-0.003539,-9.810184,0.000633,0.000560,-0.000029
11.918899,0.000144,0.000238,-9.810464,0.000507,0.000526,0.000039
11.925797,-0.000020,-0.003926,-9.809711,0.000663,0.000578,-0.000029
11.932769,-0.000187,0.003500,-9.810121,0.000520,0.000508,0.000039
11.939720,0.000242,-0.003530,-9.810517,0.000630,0.000577,-0.000028
11.953607,0.000144,0.000242,-9.810468,0.000507,0.000526,0.000039
11.960528,-0.000126,-0.003742,-9.810076,0.000633,0.000561,-0.000029
11.967493,0.000086,0.003163,-9.809461,0.000549,0.000532,0.000038
11.974387,-0.000086,-0.003405,-9.810485,0.000635,0.000554,-0.000028
11.981372,0.000281,0.003234,-9.809692,0.000543,0.000544,0.000039
11.995248,-0.000026,-0.003988,-9.809696,0.000663,0.000578,-0.000029
12.002250,-0.000028,0.003306,-9.809822,0.000550,0.000532,0.000038
12.009119,-0.000078,-0.003408,-9.810489,0.000635,0.000554,-0.000028
12.016100,0.000146,0.003342,-9.810153,0.000516,0.000532,0.000038
12.029956,0.000147,0.003182,-9.809517,0.000549,0.000532,0.000038
12.036908,0.000198,0.000228,-9.810527,0.000506,0.000533,0.000038
12.043892,-0.000232,-0.003692,-9.809951,0.000634,0.000554,-0.000028
12.050872,0.000140,0.003150,-9.809525,0.000549,0.000532,0.000038
12.057755,0.000066,-0.003403,-9.810822,0.000631,0.000577,-0.000029
12.071699,0.000144,0.000240,-9.810464,0.000507,0.000526,0.000039
12.078650,-0.000126,-0.003726,-9.810077,0.000633,0.000561,-0.000029
12.085534,0.000087,0.003200,-9.809454,0.000549,0.000532,0.000038
12.092453,-0.000085,-0.003393,-9.810484,0.000635,0.000554,-0.000028
12.099377,0.000283,0.003262,-9.809690,0.000543,0.000544,0.000039
12.113339,-0.000024,-0.003943,-9.809712,0.000663,0.000578,-0.000029
12.120300,-0.000134,0.003496,-9.810184,0.000519,0.000515,0.000038
12.127160,0.000037,-0.003576,-9.810124,0.000634,0.000554,-0.000028
12.134239,0.000146,0.003101,-9.809527,0.000549,0.000532,0.000038
12.148022,0.000102,0.003215,-9.809451,0.000549,0.000532,0.000038
12.155005,0.000145,0.000238,-9.810465,0.000507,0.000526,0.000039
12.161878,-0.000128,-0.003765,-9.810077,0.000633,0.000561,-0.000029
12.168970,0.000085,0.003103,-9.809470,0.000549,0.000532,0.000038
12.182743,0.000283,0.003264,-9.809689,0.000543,0.000544,0.000039
12.189770,0.000021,0.000152,-9.810289,0.000507,0.000526,0.000039
12.196639,-0.000024,-0.003940,-9.809713,0.000663,0.000578,-0.000029
12.203617,-0.000133,0.003488,-9.810183,0.000519,0.000515,0.000038
12.210524,0.000037,-0.003553,-9.810122,0.000634,0.000554,-0.000028
12.224476,-0.000031,-0.003384,-9.810541,0.000633,0.000560,-0.000029
12.231355,0.000101,0.003209,-9.809452,0.000549,0.000532,0.000038
12.238387,0.000144,0.000235,-9.810459,0.000507,0.000526,0.000039
12.245263,-0.000029,-0.003746,-9.810350,0.000630,0.000578,-0.000029
12.259164,-0.000085,-0.003382,-9.810484,0.000635,0.000554,-0.000028
12.266085,0.000186,0.003246,-9.809419,0.000546,0.000527,0.000039
12.273062,0.000117,0.000175,-9.810561,0.000507,0.000526,0.000039
12.279988,-0.000023,-0.003911,-9.809714,0.000663,0.000578,-0.000029
12.293904,-0.000082,-0.003451,-9.810437,0.000634,0.000554,-0.000028
12.300959,0.000151,0.003119,-9.809528,0.000549,0.000532,0.000038
12.307802,0.000148,0.000258,-9.810484,0.000506,0.000526,0.000039
12.314759,-0.000181,-0.003728,-9.810002,0.000634,0.000554,-0.000028
12.321747,0.000266,0.003225,-9.809693,0.000543,0.000544,0.000039
12.335579,0.000097,0.003178,-9.809460,0.000549,0.000532,0.000038
12.342555,0.000145,0.000238,-9.810465,0.000507,0.000526,0.000039
12.349471,-0.000020,-0.003915,-9.809711,0.000663,0.000578,-0.000029
12.356405,-0.000134,0.003511,-9.810184,0.000519,0.000515,0.000038
12.370313,0.000147,0.003139,-9.809523,0.000549,0.000532,0.000038
12.377264,0.000066,-0.003371,-9.810812,0.000631,0.000577,-0.000029
12.384252,0.000004,0.003138,-9.809191,0.000549,0.000532,0.000038
12.391101,0.000147,0.000247,-9.810473,0.000507,0.000526,0.000039
12.405025,0.000139,0.003136,-9.809526,0.000549,0.000532,0.000038
12.411991,0.000042,-0.003293,-9.810648,0.000629,0.000566,-0.000027
12.418948,0.000031,0.003084,-9.809350,0.000549,0.000532,0.000038
12.425863,0.000142,0.000240,-9.810470,0.000507,0.000526,0.000039
12.432773,-0.000020,-0.003918,-9.809712,0.000663,0.000578,-0.000029
12.446698,-0.000078,-0.003391,-9.810485,0.000635,0.000554,-0.000028
12.453651,0.000146,0.003356,-9.810153,0.000516,0.000532,0.000038
12.460593,-0.000058,-0.003487,-9.809899,0.000628,0.000552,-0.000027
12.467677,0.000139,0.003025,-9.809479,0.000549,0.000532,0.000038
12.481463,-0.000181,-0.003737,-9.810013,0.000633,0.000561,-0.000029
12.488411,0.000087,0.003172,-9.809460,0.000549,0.000532,0.000038
12.495331,-0.000031,-0.003402,-9.810546,0.000633,0.000560,-0.000029
12.502350,0.000100,0.003144,-9.809463,0.000549,0.000532,0.000038
12.509178,0.000246,0.000263,-9.810749,0.000504,0.000543,0.000039
12.523124,0.000139,0.003150,-9.809527,0.000549,0.000532,0.000038
12.530030,0.000066,-0.003393,-9.810818,0.000631,0.000577,-0.000029
12.537010,0.000004,0.003141,-9.809189,0.000549,0.000532,0.000038
12.543948,0.000145,0.000242,-9.810468,0.000507,0.000526,0.000039
12.550946,-0.000178,-0.003692,-9.810014,0.000634,0.000554,-0.000028
12.564766,-0.000211,-0.003491,-9.810311,0.000635,0.000554,-0.000028
12.571752,0.000151,0.003153,-9.809525,0.000549,0.000532,0.000038
12.578688,0.000145,0.000238,-9.810466,0.000507,0.000526,0.000039
12.585640,-0.000020,-0.003896,-9.809713,0.000663,0.000578,-0.000029
12.599446,-0.000077,-0.003381,-9.810485,0.000635,0.000554,-0.000028
12.606477,0.000145,0.003318,-9.810152,0.000516,0.000532,0.000038
12.613411,-0.000068,-0.003570,-9.809847,0.000634,0.000554,-0.000028
12.620406,0.000176,0.003204,-9.809423,0.000546,0.000527,0.000039
12.634233,-0.000076,-0.003860,-9.809652,0.000663,0.000578,-0.000029
12.641147,-0.000082,0.003360,-9.809757,0.000551,0.000526,0.000039
12.648146,-0.000008,-0.003238,-9.811333,0.000603,0.000565,-0.000029
12.655157,0.000145,0.003027,-9.808736,0.000549,0.000532,0.000038
12.668959,-0.000028,-0.003676,-9.810343,0.000630,0.000577,-0.000029
12.675850,-0.000011,0.003176,-9.809180,0.000549,0.000532,0.000038
12.682795,-0.000085,-0.003378,-9.810483,0.000635,0.000554,-0.000028
12.689808,0.000280,0.003220,-9.809693,0.000543,0.000544,0.000039
12.696691,0.000021,0.000157,-9.810295,0.000507,0.000526,0.000039
12.710581,0.000141,0.003191,-9.809518,0.000549,0.000532,0.000038
12.717545,-0.000084,-0.003373,-9.810480,0.000635,0.000554,-0.000028
12.724496,0.000155,0.003168,-9.809520,0.000549,0.000532,0.000038
12.731415,-0.000032,-0.003405,-9.810545,0.000633,0.000560,-0.000029
12.745361,0.000146,0.000240,-9.810466,0.000507,0.000526,0.000039
12.752328,-0.000029,-0.003700,-9.810346,0.000630,0.000577,-0.000029
12.759232,-0.000011,0.003169,-9.809182,0.000549,0.000532,0.000038
12.766166,-0.000085,-0.003383,-9.810484,0.000635,0.000554,-0.000028
12.780087,0.000021,0.000154,-9.810292,0.000507,0.000526,0.000039
12.786995,-0.000131,-0.003747,-9.810079,0.000633,0.000561,-0.000029
12.793987,0.000086,0.003150,-9.809463,0.000549,0.000532,0.000038
12.800896,-0.000085,-0.003398,-9.810484,0.000635,0.000554,-0.000028
12.807882,0.000158,0.003179,-9.809546,0.000547,0.000532,0.000038
12.821837,0.000099,0.003122,-9.809467,0.000549,0.000532,0.000038
12.828695,0.000147,0.000244,-9.810472,0.000507,0.000526,0.000039
12.835749,-0.000019,-0.003841,-9.809716,0.000663,0.000578,-0.000029
12.842548,-0.000192,0.003592,-9.810123,0.000520,0.000508,0.000039
12.856510,-0.000003,0.003102,-9.809194,0.000549,0.000532,0.000038
12.863381,0.000146,0.000245,-9.810473,0.000507,0.000526,0.000039
12.870353,-0.000125,-0.003715,-9.810075,0.000633,0.000561,-0.000029
12.877284,0.000086,0.003178,-9.809458,0.000549,0.000532,0.000038
12.891194,0.000285,0.003278,-9.809689,0.000543,0.000544,0.000039
12.898108,0.000021,0.000156,-9.810294,0.000507,0.000526,0.000039
12.905053,-0.000024,-0.003898,-9.809715,0.000663,0.000578,-0.000029
12.912032,-0.000133,0.003487,-9.810183,0.000519,0.000515,0.000038
12.925859,0.000149,0.003216,-9.809510,0.000549,0.000532,0.000038
12.932816,-0.000032,-0.003386,-9.810542,0.000633,0.000560,-0.000029
12.939826,0.000100,0.003148,-9.809464,0.000549,0.000532,0.000038
12.946884,0.000144,0.000234,-9.810458,0.000507,0.000526,0.000039
12.953722,-0.000030,-0.003768,-9.810352,0.000630,0.000577,-0.000029
12.967607,-0.000085,-0.003365,-9.810480,0.000635,0.000554,-0.000028
12.974526,0.000284,0.003265,-9.809689,0.000543,0.000544,0.000039
12.981463,0.000021,0.000155,-9.810294,0.000507,0.000526,0.000039
12.988409,-0.000023,-0.003897,-9.809714,0.000663,0.000578,-0.000029
13.002378,0.000248,-0.003672,-9.809887,0.000663,0.000577,-0.000028
13.009249,-0.000183,0.003549,-9.810117,0.000520,0.000508,0.000039
13.016281,0.000248,-0.003677,-9.809886,0.000663,0.000578,-0.000028
13.023167,0.000003,0.003634,-9.810368,0.000512,0.000526,0.000039
13.030089,0.000142,-0.000015,-9.809919,0.000506,0.000527,0.000039
13.043966,-0.000024,0.003401,-9.809852,0.000546,0.000531,0.000038
13.050922,-0.000080,-0.003406,-9.810451,0.000635,0.000554,-0.000028
13.057886,0.000153,0.003162,-9.809522,0.000549,0.000532,0.000038
13.064771,0.000146,0.000240,-9.810470,0.000507,0.000526,0.000039
13.071864,-0.000123,-0.003653,-9.810075,0.000633,0.000561,-0.000029
13.085612,-0.000086,-0.003410,-9.810485,0.000635,0.000554,-0.000028
13.092697,0.000153,0.003107,-9.809530,0.000549,0.000532,0.000038
13.099572,0.000177,0.000304,-9.810368,0.000504,0.000521,0.000039
13.106492,-0.000048,-0.003975,-9.809811,0.000663,0.000578,-0.000029
13.120468,-0.000075,-0.003327,-9.810476,0.000635,0.000554,-0.000028
13.127346,0.000148,0.003402,-9.810162,0.000515,0.000532,0.000038
13.134268,-0.000068,-0.003584,-9.809840,0.000634,0.000554,-0.000028
13.141270,0.000145,0.003138,-9.809524,0.000549,0.000532,0.000038
13.155178,-0.000326,-0.003690,-9.809682,0.000634,0.000554,-0.000028
13.162039,0.000141,0.003209,-9.809520,0.000549,0.000532,0.000038
13.169005,-0.000031,-0.003382,-9.810540,0.000633,0.000560,-0.000029
13.175916,0.000101,0.003195,-9.809455,0.000549,0.000532,0.000038
13.182946,0.000144,0.000235,-9.810460,0.000507,0.000526,0.000039
13.196715,0.000087,0.003247,-9.809447,0.000549,0.000532,0.000038
13.203772,-0.000083,-0.003329,-9.810474,0.000635,0.000554,-0.000028
13.210619,0.000286,0.003300,-9.809687,0.000543,0.000544,0.000039
13.217625,0.000021,0.000154,-9.810289,0.000507,0.000526,0.000039
13.231514,-0.000134,0.003502,-9.810183,0.000519,0.000515,0.000038
13.238459,0.000038,-0.003535,-9.810122,0.000634,0.000554,-0.000028
13.245366,0.000148,0.003181,-9.809516,0.000549,0.000532,0.000038
13.252394,-0.000031,-0.003354,-9.810536,0.000633,0.000560,-0.000029
13.259294,0.000101,0.003200,-9.809453,0.000549,0.000532,0.000038
13.273228,-0.000028,-0.003668,-9.810344,0.000630,0.000577,-0.000029
13.280134,-0.000011,0.003169,-9.809181,0.000549,0.000532,0.000038
13.287061,-0.000086,-0.003387,-9.810484,0.000635,0.000554,-0.000028
13.295584,-0.028016,-0.458558,-9.403605,0.001390,0.000808,-0.000062
13.309305,0.001183,0.007807,-9.816276,-0.000095,0.000249,0.000081
13.316255,0.001131,-0.008064,-9.804995,0.000515,0.000568,-0.000027
13.323210,-0.000521,-0.001030,-9.807812,0.000646,0.000538,-0.000028
13.330114,0.000487,0.003497,-9.809863,0.000543,0.000544,0.000039
13.337093,-0.000227,-0.003379,-9.810302,0.000635,0.000554,-0.000028
13.350947,-0.000109,-0.003293,-9.810478,0.000635,0.000554,-0.000028
13.357957,0.000129,0.003214,-9.809525,0.000549,0.000532,0.000038
13.364857,-0.000012,-0.003314,-9.810755,0.000632,0.000570,-0.000028
13.371842,0.000034,0.003206,-9.809253,0.000549,0.000532,0.000038
13.385621,-0.000054,-0.003665,-9.810349,0.000630,0.000577,-0.000029
13.392643,-0.000035,0.003188,-9.809196,0.000549,0.000532,0.000038
13.399534,-0.000111,-0.003331,-9.810487,0.000635,0.000554,-0.000028
13.406563,0.000255,0.003286,-9.809694,0.000543,0.000544,0.000039
13.420429,-0.000206,-0.003622,-9.810016,0.000634,0.000554,-0.000028
13.427338,0.000116,0.003254,-9.809520,0.000549,0.000532,0.000038
13.434239,-0.000111,-0.003331,-9.810483,0.000635,0.000554,-0.000028
13.441262,0.000129,0.003208,-9.809525,0.000549,0.000532,0.000038
13.448245,-0.000056,-0.003301,-9.810540,0.000633,0.000560,-0.000029
13.462020,0.000123,0.000320,-9.810474,0.000507,0.000526,0.000039
13.469123,-0.000052,-0.003558,-9.810340,0.000630,0.000577,-0.000029
13.476019,-0.000035,0.003247,-9.809181,0.000549,0.000532,0.000038
13.483176,-0.000106,-0.003209,-9.810469,0.000635,0.000554,-0.000028
13.496844,-0.000004,0.000230,-9.810296,0.000507,0.000526,0.000039
13.503907,-0.000151,-0.003594,-9.810077,0.000633,0.000561,-0.000029
13.510791,0.000069,0.003329,-9.809498,0.000545,0.000531,0.000039
13.517744,-0.000060,-0.003366,-9.810500,0.000633,0.000560,-0.000029
13.531561,0.000122,0.000314,-9.810469,0.000507,0.000526,0.000039
13.538661,-0.000147,-0.003576,-9.810074,0.000633,0.000561,-0.000029
13.545495,0.000062,0.003298,-9.809450,0.000549,0.000532,0.000038
13.552561,-0.000105,-0.003233,-9.810485,0.000633,0.000553,-0.000028
13.566428,-0.000045,-0.003246,-9.810621,0.000625,0.000558,-0.000027
13.573376,0.000068,0.003143,-9.809385,0.000549,0.000532,0.000038
13.580293,0.000171,0.000302,-9.810531,0.000506,0.000533,0.000038
13.587226,-0.000259,-0.003644,-9.809951,0.000634,0.000554,-0.000028
13.601135,0.000041,-0.003266,-9.810804,0.000631,0.000577,-0.000029
13.608039,-0.000021,0.003251,-9.809180,0.000549,0.000532,0.000038
13.614978,0.000121,0.000316,-9.810467,0.000507,0.000526,0.000039
13.621983,-0.000146,-0.003595,-9.810096,0.000630,0.000560,-0.000028
13.628831,0.000060,0.003261,-9.809431,0.000549,0.000532,0.000038
13.642798,0.000257,0.003309,-9.809692,0.000543,0.000544,0.000039
13.649724,-0.000004,0.000229,-9.810294,0.000507,0.000526,0.000039
13.656733,-0.000047,-0.003790,-9.809717,0.000663,0.000578,-0.000029
13.663690,-0.000158,0.003571,-9.810184,0.000519,0.000515,0.000038
13.677544,0.000124,0.003264,-9.809513,0.000549,0.000532,0.000038
13.684316,-0.000058,-0.003403,-9.810557,0.000633,0.000560,-0.000029
13.691367,0.000075,0.003202,-9.809464,0.000549,0.000532,0.000038
13.698230,0.000122,0.000317,-9.810472,0.000507,0.000526,0.000039
13.705206,-0.000150,-0.003640,-9.810074,0.000633,0.000561,-0.000029
13.719103,-0.000109,-0.003311,-9.810482,0.000635,0.000554,-0.000028
13.726042,0.000258,0.003328,-9.809690,0.000543,0.000544,0.000039
13.732917,-0.000004,0.000231,-9.810295,0.000507,0.000526,0.000039
13.739931,-0.000048,-0.003788,-9.809719,0.000663,0.000578,-0.000029
13.753808,0.000067,-0.003519,-9.810186,0.000633,0.000560,-0.000029
13.760735,0.000069,0.003251,-9.809454,0.000549,0.000532,0.000038
13.767664,-0.000110,-0.003316,-9.810482,0.000635,0.000554,-0.000028
13.774688,0.000129,0.003208,-9.809526,0.000549,0.000532,0.000038
13.788568,0.000052,-0.003786,-9.809982,0.000661,0.000595,-0.000029
13.795478,-0.000310,0.003584,-9.809850,0.000521,0.000508,0.000039
13.802426,0.000120,-0.003473,-9.810249,0.000633,0.000560,-0.000028
13.809381,0.000196,0.003316,-9.809624,0.000543,0.000544,0.000039
13.816333,-0.000004,0.000230,-9.810294,0.000507,0.000526,0.000039
13.823321,-0.000047,-0.003802,-9.809716,0.000663,0.000578,-0.000029
13.837130,0.000013,-0.003472,-9.810122,0.000634,0.000554,-0.000028
13.844078,0.000123,0.003234,-9.809520,0.000549,0.000532,0.000038
13.851022,-0.000056,-0.003319,-9.810542,0.000633,0.000560,-0.000029
13.858010,0.000076,0.003231,-9.809461,0.000549,0.000532,0.000038
13.871922,-0.000152,-0.003678,-9.810077,0.000633,0.000561,-0.000029
13.878804,0.000062,0.003275,-9.809454,0.000549,0.000532,0.000038
13.885765,-0.000109,-0.003301,-9.810481,0.000635,0.000554,-0.000028
13.892671,0.000260,0.003351,-9.809694,0.000543,0.000544,0.000039
13.906641,-0.000048,-0.003784,-9.809718,0.000663,0.000578,-0.000029
13.913506,-0.000160,0.003624,-9.810187,0.000519,0.000515,0.000038
13.920553,0.000170,-0.003592,-9.809822,0.000663,0.000577,-0.000028
13.927407,-0.000204,0.003660,-9.810140,0.000518,0.000508,0.000039
13.934356,0.000118,-0.003500,-9.810227,0.000633,0.000560,-0.000028
13.948338,0.000121,0.000313,-9.810467,0.000507,0.000526,0.000039
13.955243,-0.000045,-0.003849,-9.809711,0.000663,0.000578,-0.000029
13.962160,-0.000053,0.003422,-9.809818,0.000550,0.000532,0.000038
13.969219,-0.000004,-0.003229,-9.810742,0.000632,0.000570,-0.000028
13.983087,0.000318,-0.000118,-9.809701,0.000535,0.000550,0.000038
13.990040,-0.000365,-0.003331,-9.810410,0.000623,0.000551,-0.000026
13.996928,0.000113,0.003126,-9.809421,0.000549,0.000533,0.000038
14.003932,-0.000114,-0.003285,-9.810478,0.000635,0.000554,-0.000028
14.010804,0.000131,0.003279,-9.809515,0.000549,0.000532,0.000038
14.024709,-0.000045,-0.003820,-9.809712,0.000663,0.000578,-0.000029
14.031638,-0.000053,0.003415,-9.809819,0.000550,0.000532,0.000038
14.038653,-0.000004,-0.003249,-9.810747,0.000632,0.000570,-0.000028
14.045559,0.000025,0.003432,-9.809881,0.000516,0.000532,0.000038
14.052489,-0.000093,-0.003497,-9.809849,0.000634,0.000554,-0.000028
14.066487,0.000214,0.000323,-9.810724,0.000504,0.000543,0.000039
14.073345,-0.000303,-0.003698,-9.809751,0.000633,0.000554,-0.000028
14.080265,0.000114,0.003237,-9.809512,0.000549,0.000532,0.000038
14.087272,0.000040,-0.003273,-9.810807,0.000631,0.000577,-0.000029
14.094128,-0.000021,0.003274,-9.809175,0.000549,0.000532,0.000038
14.108119,-0.000201,-0.003600,-9.810015,0.000634,0.000554,-0.000028
14.115128,0.000149,0.003303,-9.809453,0.000543,0.000527,0.000039
14.121981,-0.000088,-0.003459,-9.810623,0.000633,0.000560,-0.000029
14.128866,0.000073,0.003280,-9.809455,0.000549,0.000532,0.000038
14.142778,-0.000045,-0.003867,-9.809711,0.000663,0.000578,-0.000029
14.149780,-0.000052,0.003378,-9.809821,0.000550,0.000532,0.000038
14.156702,-0.000102,-0.003310,-9.810486,0.000635,0.000554,-0.000028
14.163608,0.000260,0.003344,-9.809688,0.000543,0.000544,0.000039
14.177557,-0.000205,-0.003605,-9.810016,0.000634,0.000554,-0.000028
14.184407,0.000117,0.003282,-9.809515,0.000549,0.000532,0.000038
14.191434,-0.000108,-0.003271,-9.810475,0.000635,0.000554,-0.000028
14.198304,0.000132,0.003280,-9.809515,0.000549,0.000532,0.000038
14.205283,-0.000109,-0.003294,-9.810478,0.000635,0.000554,-0.000028
14.219177,-0.000004,0.000228,-9.810293,0.000507,0.000526,0.000039
14.226127,-0.000048,-0.003822,-9.809716,0.000663,0.000578,-0.000029
14.233055,-0.000053,0.003415,-9.809818,0.000550,0.000532,0.000038
14.240005,-0.000101,-0.003297,-9.810483,0.000635,0.000554,-0.000028
14.253933,0.000058,-0.003482,-9.810181,0.000633,0.000560,-0.000029
14.260798,0.000070,0.003281,-9.809449,0.000549,0.000532,0.000038
14.267743,0.000120,0.000313,-9.810468,0.000507,0.000526,0.000039
14.274773,-0.000044,-0.003780,-9.809716,0.000663,0.000578,-0.000029
14.281667,-0.000076,0.003505,-9.809655,0.000548,0.000521,0.000039
14.295523,0.000219,0.003186,-9.808982,0.000546,0.000549,0.000038
14.302505,0.000019,0.000285,-9.810192,0.000507,0.000526,0.000039
14.309504,-0.000203,-0.003616,-9.810017,0.000634,0.000554,-0.000028
14.316392,0.000116,0.003264,-9.809518,0.000549,0.000532,0.000038
14.330313,-0.000020,0.003255,-9.809179,0.000549,0.000532,0.000038
14.337279,-0.000109,-0.003296,-9.810481,0.000635,0.000554,-0.000028
14.344141,0.000261,0.003366,-9.809687,0.000543,0.000544,0.000039
14.351119,-0.000004,0.000227,-9.810293,0.000507,0.000526,0.000039
14.358126,-0.000152,-0.003622,-9.810077,0.000633,0.000561,-0.000029
14.372010,-0.000108,-0.003277,-9.810476,0.000635,0.000554,-0.000028
14.378862,0.000132,0.003290,-9.809513,0.000549,0.000532,0.000038
14.385828,0.000120,0.000309,-9.810465,0.000507,0.000526,0.000039
14.392791,-0.000045,-0.003816,-9.809714,0.000663,0.000578,-0.000029
14.406707,0.000217,-0.003453,-9.810517,0.000630,0.000577,-0.000028
14.413628,-0.000028,0.003231,-9.809180,0.000549,0.000532,0.000038
14.420639,-0.000109,-0.003275,-9.810478,0.000635,0.000554,-0.000028
14.427471,0.000262,0.003381,-9.809685,0.000543,0.000544,0.000039
14.441438,-0.000152,-0.003612,-9.810077,0.000633,0.000561,-0.000029
14.448360,0.000061,0.003255,-9.809458,0.000549,0.000532,0.000038
14.455522,-0.000105,-0.003207,-9.810467,0.000635,0.000554,-0.000028
14.462220,0.000135,0.003365,-9.809504,0.000549,0.000532,0.000038
14.469169,0.000121,0.000311,-9.810464,0.000507,0.000526,0.000039
14.483091,-0.000053,0.003417,-9.809819,0.000550,0.000532,0.000038
14.490372,0.000011,-0.003006,-9.810800,0.000622,0.000568,-0.000026
14.497014,0.000017,0.003437,-9.809788,0.000515,0.000532,0.000038
14.504032,-0.000044,-0.003468,-9.809912,0.000633,0.000560,-0.000029
14.510910,0.000076,0.003341,-9.809503,0.000544,0.000531,0.000039
14.524863,-0.000047,-0.003793,-9.809716,0.000663,0.000578,-0.000029
14.531699,-0.000216,0.003646,-9.810123,0.000520,0.000508,0.000039
14.538747,0.000449,-0.000028,-9.809872,0.000535,0.000550,0.000038
14.545623,-0.000384,-0.003523,-9.810312,0.000635,0.000554,-0.000028
14.559570,-0.000231,-0.003359,-9.810305,0.000635,0.000554,-0.000028
14.566417,0.000129,0.003293,-9.809516,0.000549,0.000532,0.000038
14.573445,-0.000108,-0.003271,-9.810474,0.000635,0.000554,-0.000028
14.580351,0.000131,0.003263,-9.809518,0.000549,0.000532,0.000038
14.587379,0.000215,0.000324,-9.810726,0.000504,0.000543,0.000039
14.601202,0.000115,0.003237,-9.809525,0.000549,0.000532,0.000038
14.608200,0.000042,-0.003266,-9.810813,0.000630,0.000577,-0.000028
14.615097,-0.000021,0.003244,-9.809174,0.000549,0.000532,0.000038
14.622109,0.000119,0.000312,-9.810464,0.000507,0.000526,0.000039
14.628943,-0.000207,-0.003705,-9.810015,0.000634,0.000554,-0.000028
14.642909,-0.000232,-0.003359,-9.810306,0.000635,0.000554,-0.000028
14.649848,0.000127,0.003249,-9.809523,0.000549,0.000532,0.000038
14.656791,0.000121,0.000311,-9.810464,0.000507,0.000526,0.000039
14.663692,-0.000045,-0.003851,-9.809711,0.000663,0.000578,-0.000029
14.677559,-0.000103,-0.003346,-9.810492,0.000635,0.000554,-0.000028
14.684502,0.000122,0.003435,-9.810154,0.000516,0.000532,0.000038
14.691559,-0.000090,-0.003438,-9.809849,0.000634,0.000554,-0.000028
14.698388,0.000124,0.003293,-9.809512,0.000549,0.000532,0.000038
14.705535,0.000264,0.000310,-9.810775,0.000503,0.000549,0.000038
14.719225,0.000116,0.003269,-9.809522,0.000549,0.000532,0.000038
14.726261,-0.000108,-0.003268,-9.810472,0.000635,0.000554,-0.000028
14.733112,0.000261,0.003371,-9.809688,0.000543,0.000544,0.000039
14.740103,-0.000003,0.000227,-9.810290,0.000507,0.000526,0.000039
14.754023,-0.000053,0.003416,-9.809818,0.000550,0.000532,0.000038
14.760956,-0.000102,-0.003305,-9.810485,0.000635,0.000554,-0.000028
14.767850,0.000025,0.003441,-9.809882,0.000518,0.000515,0.000038
14.774901,0.000057,-0.003429,-9.810179,0.000633,0.000560,-0.000029
14.781788,0.000069,0.003270,-9.809450,0.000549,0.000532,0.000038
14.795657,-0.000045,-0.003847,-9.809711,0.000663,0.000578,-0.000029
14.802568,-0.000076,0.003496,-9.809655,0.000548,0.000521,0.000039
14.809528,-0.000061,-0.003245,-9.811440,0.000603,0.000565,-0.000029
14.816499,0.000118,0.003117,-9.808728,0.000549,0.000533,0.000038
14.830401,-0.000053,-0.003624,-9.810345,0.000630,0.000577,-0.000029
14.837394,-0.000035,0.003202,-9.809193,0.000549,0.000532,0.000038
14.844281,-0.000110,-0.003332,-9.810487,0.000635,0.000554,-0.000028
14.851212,0.000259,0.003332,-9.809690,0.000543,0.000544,0.000039
14.865099,-0.000048,-0.003836,-9.809712,0.000663,0.000578,-0.000029
14.872143,-0.000209,0.003537,-9.810121,0.000520,0.000508,0.000039
14.878989,0.000229,-0.003701,-9.809883,0.000663,0.000577,-0.000028
14.885888,-0.000206,0.003608,-9.810117,0.000520,0.000508,0.000039
14.892911,0.000223,-0.003609,-9.809884,0.000663,0.000577,-0.000028
14.906828,0.000144,0.000137,-9.809837,0.000506,0.000526,0.000039
14.913717,-0.000159,-0.003681,-9.810082,0.000632,0.000560,-0.000029
14.920690,0.000060,0.003221,-9.809454,0.000549,0.000532,0.000038
14.927573,-0.000110,-0.003337,-9.810487,0.000635,0.000554,-0.000028
14.934563,0.000256,0.003303,-9.809691,0.000543,0.000544,0.000039
14.948526,-0.000043,-0.003768,-9.809743,0.000660,0.000577,-0.000028
14.955437,-0.000055,0.003384,-9.809793,0.000550,0.000532,0.000038
14.962387,-0.000104,-0.003298,-9.810483,0.000635,0.000554,-0.000028
14.969275,0.000132,0.003272,-9.809517,0.000549,0.000532,0.000038
14.983176,0.000227,0.003264,-9.809791,0.000546,0.000549,0.000038
14.990129,0.000024,0.000290,-9.810193,0.000507,0.000526,0.000039
14.997083,-0.000204,-0.003639,-9.810016,0.000634,0.000554,-0.000028
15.004046,0.000243,0.003309,-9.809692,0.000543,0.000544,0.000039
15.010926,-0.000237,-0.003424,-9.810311,0.000635,0.000554,-0.000028
15.024913,-0.000108,-0.003290,-9.810476,0.000635,0.000554,-0.000028
15.031765,0.000133,0.003295,-9.809519,0.000549,0.000532,0.000038
15.038789,0.000119,0.000301,-9.810455,0.000507,0.000526,0.000039
15.045667,-0.000045,-0.003863,-9.809710,0.000663,0.000578,-0.000029
15.059571,-0.000157,-0.003258,-9.811165,0.000603,0.000565,-0.000029
15.066484,0.000119,0.003146,-9.808720,0.000549,0.000533,0.000038
15.073494,0.000115,0.000305,-9.810462,0.000507,0.000526,0.000039
15.080414,-0.000152,-0.003669,-9.810076,0.000633,0.000561,-0.000029
15.087389,0.000061,0.003231,-9.809461,0.000549,0.000532,0.000038
15.101186,0.000261,0.003371,-9.809686,0.000543,0.000544,0.000039
15.108235,-0.000003,0.000224,-9.810289,0.000507,0.000526,0.000039
15.115160,-0.000048,-0.003836,-9.809714,0.000663,0.000578,-0.000029
15.122082,-0.000159,0.003590,-9.810184,0.000519,0.000515,0.000038
15.135982,0.000123,0.003228,-9.809520,0.000549,0.000532,0.000038
15.142961,-0.000056,-0.003303,-9.810540,0.000633,0.000560,-0.000029
15.149837,0.000077,0.003284,-9.809451,0.000549,0.000532,0.000038
15.156810,0.000121,0.000311,-9.810466,0.000507,0.000526,0.000039
15.163735,-0.000151,-0.003666,-9.810076,0.000633,0.000561,-0.000029
15.177658,-0.000109,-0.003317,-9.810483,0.000635,0.000554,-0.000028
15.184563,0.000259,0.003345,-9.809688,0.000543,0.000544,0.000039
15.191513,-0.000004,0.000228,-9.810293,0.000507,0.000526,0.000039
15.198459,-0.000048,-0.003824,-9.809715,0.000663,0.000578,-0.000029
15.212308,0.000013,-0.003521,-9.810124,0.000634,0.000554,-0.000028
15.219241,0.000123,0.003242,-9.809517,0.000549,0.000532,0.000038
15.226263,-0.000056,-0.003284,-9.810537,0.000633,0.000560,-0.000029
15.233204,0.000076,0.003253,-9.809457,0.000549,0.000532,0.000038
15.240184,0.000121,0.000311,-9.810464,0.000507,0.000526,0.000039
15.254117,0.000061,0.003200,-9.809467,0.000549,0.000532,0.000038
15.260999,-0.000110,-0.003338,-9.810486,0.000635,0.000554,-0.000028
15.267855,0.000261,0.003369,-9.809686,0.000543,0.000544,0.000039
15.274867,-0.000004,0.000225,-9.810290,0.000507,0.000526,0.000039
15.288838,-0.000051,0.003349,-9.809824,0.000550,0.000532,0.000038
15.295727,-0.000102,-0.003325,-9.810487,0.000635,0.000554,-0.000028
15.302571,0.000163,0.003356,-9.809411,0.000546,0.000527,0.000039
15.309582,-0.000136,-0.003341,-9.810575,0.000635,0.000554,-0.000028
15.316528,0.000128,0.003244,-9.809522,0.000549,0.000532,0.000038
15.330457,-0.000152,-0.003676,-9.810076,0.000633,0.000561,-0.000029
15.337338,0.000062,0.003275,-9.809454,0.000549,0.000532,0.000038
15.344461,-0.000106,-0.003226,-9.810469,0.000635,0.000554,-0.000028
15.351217,0.000265,0.003420,-9.809682,0.000543,0.000544,0.000039
15.358231,-0.000004,0.000225,-9.810290,0.000507,0.000526,0.000039
15.372068,-0.000160,0.003603,-9.810184,0.000519,0.000515,0.000038
15.372068,-0.000160,0.003603,-9.810184,0.000519,0.000515,0.000038
15.388792,-0.001012,0.006044,-9.816776,0.000531,0.000405,0.000023
15.395722,0.001002,0.005882,-9.815797,-0.000003,0.000311,0.000079
15.402594,0.000608,-0.007573,-9.805766,0.000519,0.000549,-0.000027
15.409771,-0.000070,0.002554,-9.808385,0.000515,0.000527,0.000039
15.423487,0.000151,0.003289,-9.809422,0.000546,0.000527,0.000039
15.430420,0.000022,-0.003559,-9.810280,0.000664,0.000577,-0.000029
15.437482,-0.000144,0.003525,-9.810180,0.000519,0.000515,0.000038
15.444336,0.000247,0.000169,-9.810114,0.000506,0.000526,0.000039
15.458278,-0.000052,0.003361,-9.809823,0.000550,0.000532,0.000038
15.465085,-0.000104,-0.003366,-9.810493,0.000635,0.000554,-0.000028
15.472178,0.000253,0.003256,-9.809696,0.000543,0.000544,0.000039
15.479016,-0.000004,0.000232,-9.810299,0.000507,0.000526,0.000039
15.485951,-0.000208,-0.003650,-9.810016,0.000634,0.000554,-0.000028
15.499865,-0.000110,-0.003335,-9.810483,0.000635,0.000554,-0.000028
15.506842,0.000130,0.003229,-9.809524,0.000549,0.000532,0.000038
15.513924,-0.000055,-0.003256,-9.810532,0.000633,0.000560,-0.000029
15.520888,0.000173,0.003261,-9.809729,0.000546,0.000549,0.000038
15.534644,-0.000061,-0.004006,-9.809567,0.000663,0.000578,-0.000029
15.541698,-0.000164,0.003518,-9.810181,0.000519,0.000515,0.000038
15.548537,0.000013,-0.003513,-9.810125,0.000634,0.000554,-0.000028
15.555531,0.000122,0.003212,-9.809522,0.000549,0.000532,0.000038
15.569361,-0.000177,-0.003288,-9.811341,0.000597,0.000577,-0.000029
15.576345,-0.000010,0.003033,-9.808564,0.000549,0.000533,0.000038
15.583249,-0.000119,-0.003331,-9.810485,0.000635,0.000554,-0.000028
15.590274,0.000129,0.003208,-9.809525,0.000549,0.000532,0.000038
15.604120,0.000258,0.003321,-9.809691,0.000543,0.000544,0.000039
15.611280,-0.000003,0.000221,-9.810285,0.000507,0.000526,0.000039
15.618048,-0.000120,-0.003418,-9.810295,0.000609,0.000554,-0.000025
15.625191,0.000089,0.002840,-9.809331,0.000547,0.000539,0.000037
15.631997,-0.000034,-0.003484,-9.810313,0.000657,0.000579,-0.000027
15.639008,-0.000071,0.003322,-9.809572,0.000551,0.000526,0.000039
15.652878,-0.000311,-0.003792,-9.808942,0.000634,0.000554,-0.000028
15.659848,0.000109,0.003225,-9.809525,0.000549,0.000532,0.000038
15.666699,-0.000013,-0.003336,-9.810761,0.000632,0.000570,-0.000028
15.673713,0.000130,0.003210,-9.809524,0.000546,0.000549,0.000038
15.680632,0.000023,0.000294,-9.810194,0.000507,0.000526,0.000039
15.694523,0.000147,0.003327,-9.809417,0.000546,0.000527,0.000039
15.701423,-0.000084,-0.003403,-9.810647,0.000633,0.000560,-0.000029
15.708477,0.000073,0.003200,-9.809465,0.000549,0.000532,0.000038
15.715401,-0.000109,-0.003317,-9.810483,0.000635,0.000554,-0.000028
15.729220,0.000222,0.000336,-9.810750,0.000504,0.000543,0.000039
15.736144,-0.000301,-0.003677,-9.809742,0.000634,0.000554,-0.000028
15.743172,0.000114,0.003201,-9.809529,0.000549,0.000532,0.000038
15.750065,0.000041,-0.003326,-9.810820,0.000631,0.000577,-0.000029
15.757072,-0.000020,0.003202,-9.809192,0.000549,0.000532,0.000038
15.770978,-0.000149,-0.003628,-9.810076,0.000633,0.000561,-0.000029
15.777911,0.000062,0.003250,-9.809458,0.000549,0.000532,0.000038
15.784790,-0.000110,-0.003339,-9.810487,0.000635,0.000554,-0.000028
15.791806,0.000256,0.003292,-9.809694,0.000543,0.000544,0.000039
15.805760,-0.000152,-0.003602,-9.810077,0.000633,0.000561,-0.000029
15.812598,0.000062,0.003296,-9.809451,0.000549,0.000532,0.000038
15.819486,-0.000110,-0.003335,-9.810484,0.000635,0.000554,-0.000028
15.826466,0.000130,0.003228,-9.809524,0.000549,0.000532,0.000038
15.840403,0.000076,0.003243,-9.809459,0.000549,0.000532,0.000038
15.847284,0.000122,0.000316,-9.810470,0.000507,0.000526,0.000039
15.854307,-0.000149,-0.003615,-9.810076,0.000633,0.000561,-0.000029
15.861188,0.000062,0.003275,-9.809454,0.000549,0.000532,0.000038
15.875117,0.000258,0.003318,-9.809690,0.000543,0.000544,0.000039
15.882136,-0.000004,0.000225,-9.810289,0.000507,0.000526,0.000039
15.889019,-0.000048,-0.003859,-9.809713,0.000663,0.000578,-0.000029
15.895937,-0.000159,0.003592,-9.810184,0.000519,0.000515,0.000038
15.902820,0.000013,-0.003492,-9.810124,0.000634,0.000554,-0.000028
15.909841,0.000122,0.003201,-9.809524,0.000549,0.000532,0.000038
15.923803,0.000076,0.003212,-9.809464,0.000549,0.000532,0.000038
15.930612,0.000123,0.000319,-9.810476,0.000507,0.000526,0.000039
15.937609,-0.000053,-0.003610,-9.810345,0.000630,0.000577,-0.000029
15.944512,-0.000036,0.003243,-9.809182,0.000549,0.000532,0.000038
15.958528,0.000258,0.003316,-9.809691,0.000543,0.000544,0.000039
15.965365,-0.000004,0.000232,-9.810298,0.000507,0.000526,0.000039
15.972365,-0.000048,-0.003795,-9.809718,0.000663,0.000578,-0.000029
15.979262,-0.000213,0.003613,-9.810122,0.000520,0.000508,0.000039
15.993155,-0.000205,0.003586,-9.810116,0.000520,0.000508,0.000039
16.000074,0.000227,-0.003662,-9.809884,0.000663,0.000578,-0.000028
16.007100,-0.000053,0.003550,-9.810444,0.000516,0.000532,0.000038
16.014019,0.000146,0.000139,-9.809833,0.000506,0.000526,0.000039
16.020943,-0.000159,-0.003673,-9.810077,0.000633,0.000561,-0.000029
16.034776,-0.000111,-0.003366,-9.810489,0.000635,0.000554,-0.000028
16.041864,0.000253,0.003258,-9.809697,0.000543,0.000544,0.000039
16.048687,-0.000004,0.000233,-9.810298,0.000507,0.000526,0.000039
16.055782,-0.000047,-0.003745,-9.809721,0.000663,0.000578,-0.000029
16.069523,-0.000101,-0.003295,-9.810484,0.000635,0.000554,-0.000028
16.076553,0.000129,0.003204,-9.809525,0.000549,0.000532,0.000038
16.083426,-0.000111,-0.003345,-9.810486,0.000635,0.000554,-0.000028
16.090400,0.000257,0.003311,-9.809692,0.000543,0.000544,0.000039
16.104326,-0.000206,-0.003618,-9.810016,0.000634,0.000554,-0.000028
16.111255,0.000116,0.003245,-9.809521,0.000549,0.000532,0.000038
16.118178,-0.000110,-0.003321,-9.810483,0.000635,0.000554,-0.000028
16.125094,0.000131,0.003258,-9.809519,0.000549,0.000532,0.000038
16.132101,-0.000108,-0.003281,-9.810476,0.000635,0.000554,-0.000028
16.145948,0.000047,0.000178,-9.810322,0.000505,0.000533,0.000038
16.152847,-0.000211,-0.003671,-9.810017,0.000633,0.000561,-0.000029
16.159878,0.000031,0.003145,-9.809566,0.000552,0.000537,0.000038
16.166776,-0.000082,-0.003268,-9.810384,0.000635,0.000553,-0.000028
16.180694,0.000147,0.000240,-9.810630,0.000505,0.000533,0.000038
16.187551,-0.000264,-0.003686,-9.809950,0.000634,0.000554,-0.000028
16.194583,0.000115,0.003199,-9.809529,0.000549,0.000532,0.000038
16.201471,-0.000057,-0.003346,-9.810548,0.000633,0.000560,-0.000029
16.215525,0.000121,0.000312,-9.810465,0.000507,0.000526,0.000039
16.222530,-0.000110,-0.003284,-9.810299,0.000607,0.000554,-0.000024
16.229365,0.000092,0.002947,-9.809284,0.000547,0.000539,0.000037
16.236327,-0.000018,-0.003480,-9.810119,0.000664,0.000577,-0.000029
16.243336,-0.000142,0.003554,-9.810181,0.000519,0.000515,0.000038
16.257238,-0.000051,-0.003765,-9.809717,0.000663,0.000578,-0.000029
16.264067,-0.000054,0.003466,-9.809817,0.000550,0.000532,0.000038
16.271085,-0.000100,-0.003265,-9.810479,0.000635,0.000554,-0.000028
16.278021,0.000131,0.003249,-9.809519,0.000549,0.000532,0.000038
16.291884,-0.000072,-0.003885,-9.809813,0.000663,0.000578,-0.000029
16.298862,-0.000214,0.003569,-9.810122,0.000520,0.000508,0.000039
16.305872,0.000125,-0.003395,-9.810279,0.000629,0.000559,-0.000028
16.312746,0.000066,0.003225,-9.809415,0.000549,0.000532,0.000038
16.319676,-0.000058,-0.003325,-9.810545,0.000633,0.000560,-0.000029
16.333550,0.000122,0.000316,-9.810472,0.000507,0.000526,0.000039
16.340527,-0.000053,-0.003621,-9.810344,0.000630,0.000577,-0.000029
16.347477,-0.000036,0.003222,-9.809188,0.000549,0.000532,0.000038
16.354406,-0.000110,-0.003313,-9.810484,0.000635,0.000554,-0.000028
16.361396,0.000160,0.003286,-9.809424,0.000546,0.000527,0.000039
16.375260,-0.000260,-0.003631,-9.809951,0.000634,0.000554,-0.000028
16.382179,0.000116,0.003252,-9.809522,0.000549,0.000532,0.000038
16.389191,-0.000055,-0.003287,-9.810536,0.000633,0.000560,-0.000029
16.396027,0.000077,0.003305,-9.809449,0.000549,0.000532,0.000038
16.409970,-0.000151,-0.003661,-9.810076,0.000633,0.000561,-0.000029
16.416981,0.000061,0.003214,-9.809464,0.000549,0.000532,0.000038
16.423891,-0.000109,-0.003324,-9.810484,0.000635,0.000554,-0.000028
16.430827,0.000258,0.003329,-9.809689,0.000543,0.000544,0.000039
16.444659,-0.000048,-0.003825,-9.809715,0.000663,0.000578,-0.000029
16.451661,-0.000052,0.003380,-9.809821,0.000550,0.000532,0.000038
16.458711,-0.000100,-0.003250,-9.810476,0.000635,0.000554,-0.000028
16.465514,0.000133,0.003313,-9.809510,0.000549,0.000532,0.000038
16.472567,-0.000108,-0.003260,-9.810473,0.000635,0.000554,-0.000028
16.486324,0.000024,0.000292,-9.810193,0.000507,0.000526,0.000039
16.493365,-0.000201,-0.003594,-9.810017,0.000634,0.000554,-0.000028
16.500237,0.000246,0.003354,-9.809689,0.000543,0.000544,0.000039
16.507299,-0.000230,-0.003338,-9.810303,0.000635,0.000554,-0.000028
16.521069,-0.000109,-0.003319,-9.810481,0.000635,0.000554,-0.000028
16.528078,0.000129,0.003214,-9.809525,0.000549,0.000532,0.000038
16.534934,0.000221,0.000334,-9.810744,0.000504,0.000543,0.000039
16.541997,-0.000296,-0.003607,-9.809747,0.000634,0.000554,-0.000028
16.555860,0.000041,-0.003269,-9.810805,0.000631,0.000577,-0.000029
16.562732,-0.000021,0.003265,-9.809176,0.000549,0.000532,0.000038
16.569713,0.000120,0.000313,-9.810466,0.000507,0.000526,0.000039
16.576641,-0.000204,-0.003655,-9.810014,0.000634,0.000554,-0.000028
16.583601,0.000146,0.003294,-9.809423,0.000546,0.000527,0.000039
16.597443,-0.000379,-0.003514,-9.810315,0.000635,0.000554,-0.000028
16.604390,0.000123,0.003248,-9.809526,0.000549,0.000532,0.000038
16.611392,-0.000108,-0.003283,-9.810475,0.000635,0.000554,-0.000028
16.618287,0.000162,0.003331,-9.809417,0.000546,0.000527,0.000039
16.625292,-0.000136,-0.003343,-9.810575,0.000634,0.000554,-0.000028
16.639203,-0.000109,-0.003287,-9.810477,0.000635,0.000554,-0.000028
16.646063,0.000163,0.003348,-9.809413,0.000546,0.000527,0.000039
16.653020,0.000146,0.000240,-9.810626,0.000505,0.000533,0.000038
16.660031,-0.000100,-0.003784,-9.809653,0.000663,0.000578,-0.000029
16.673941,0.000222,-0.003580,-9.809886,0.000663,0.000578,-0.000028
16.680799,-0.000150,0.003645,-9.810202,0.000517,0.000514,0.000038
16.687726,0.000294,0.000126,-9.810148,0.000505,0.000533,0.000038
16.694726,-0.000211,-0.003628,-9.810012,0.000633,0.000561,-0.000029
16.701662,0.000062,0.003251,-9.809460,0.000549,0.000532,0.000038
16.715533,0.000131,0.003261,-9.809518,0.000549,0.000532,0.000038
16.722555,0.000120,0.000307,-9.810461,0.000507,0.000526,0.000039
16.729430,-0.000044,-0.003855,-9.809716,0.000663,0.000578,-0.000028
16.736328,-0.000023,0.003485,-9.809711,0.000547,0.000527,0.000038
16.750272,0.000129,0.003262,-9.809518,0.000549,0.000532,0.000038
16.757265,-0.000108,-0.003287,-9.810476,0.000635,0.000554,-0.000028
16.764140,0.000260,0.003360,-9.809687,0.000543,0.000544,0.000039
16.771089,-0.000004,0.000228,-9.810293,0.000507,0.000526,0.000039
16.784982,0.000063,0.003322,-9.809446,0.000549,0.000532,0.000038
16.791940,-0.000109,-0.003302,-9.810480,0.000635,0.000554,-0.000028
16.798854,0.000131,0.003259,-9.809519,0.000549,0.000532,0.000038
16.805821,0.000120,0.000309,-9.810463,0.000507,0.000526,0.000039
16.819674,-0.000106,0.003431,-9.809756,0.000551,0.000526,0.000039
16.826689,0.000093,-0.003078,-9.811498,0.000597,0.000577,-0.000028
16.833600,-0.000003,0.003062,-9.808543,0.000549,0.000533,0.000038
16.840622,-0.000116,-0.003275,-9.810478,0.000635,0.000554,-0.000028
16.847472,0.000132,0.003290,-9.809514,0.000549,0.000532,0.000038
16.861409,-0.000203,-0.003623,-9.810014,0.000634,0.000554,-0.000028
16.868329,0.000244,0.003330,-9.809691,0.000543,0.000544,0.000039
16.875288,-0.000180,-0.003394,-9.810370,0.000633,0.000560,-0.000029
16.882329,0.000072,0.003208,-9.809466,0.000549,0.000532,0.000038
16.889202,0.000122,0.000316,-9.810472,0.000507,0.000526,0.000039
16.903010,0.000062,0.003279,-9.809453,0.000549,0.000532,0.000038
16.910018,-0.000107,-0.003266,-9.810486,0.000634,0.000553,-0.000028
16.916939,0.000130,0.003244,-9.809510,0.000549,0.000532,0.000038
16.923939,0.000119,0.000308,-9.810462,0.000507,0.000526,0.000039
16.930878,-0.000045,-0.003830,-9.809712,0.000663,0.000578,-0.000029
16.944733,-0.000129,-0.003359,-9.810584,0.000635,0.000554,-0.000028
16.951619,0.000129,0.003272,-9.809517,0.000549,0.000532,0.000038
16.958629,-0.000108,-0.003279,-9.810476,0.000635,0.000554,-0.000028
16.965546,0.000161,0.003322,-9.809418,0.000546,0.000527,0.000039
16.979560,-0.000256,-0.003584,-9.809960,0.000633,0.000554,-0.000028
16.986376,0.000117,0.003286,-9.809504,0.000549,0.000532,0.000038
16.993410,-0.000056,-0.003278,-9.810536,0.000633,0.000560,-0.000029
17.000253,0.000080,0.003320,-9.809464,0.000548,0.000532,0.000038
17.014164,-0.000262,-0.003686,-9.809951,0.000634,0.000554,-0.000028
17.021114,0.000116,0.003237,-9.809524,0.000549,0.000532,0.000038
17.028126,-0.000055,-0.003288,-9.810536,0.000633,0.000560,-0.000029
17.035069,0.000076,0.003253,-9.809459,0.000549,0.000532,0.000038
17.048906,-0.000152,-0.003687,-9.810076,0.000633,0.000561,-0.000029
17.055877,0.000061,0.003233,-9.809463,0.000549,0.000532,0.000038
17.062805,-0.000110,-0.003317,-9.810481,0.000635,0.000554,-0.000028
17.069701,0.000260,0.003350,-9.809690,0.000543,0.000544,0.000039
17.083617,-0.000048,-0.003839,-9.809715,0.000663,0.000578,-0.000029
17.090623,-0.000052,0.003377,-9.809821,0.000550,0.000532,0.000038
17.097533,-0.000102,-0.003315,-9.810487,0.000635,0.000554,-0.000028
17.104397,0.000132,0.003283,-9.809515,0.000549,0.000532,0.000038
17.111465,-0.000012,-0.003236,-9.810738,0.000632,0.000570,-0.000028
17.125331,0.000134,0.000108,-9.809818,0.000506,0.000526,0.000039
17.132243,-0.000054,-0.003852,-9.809712,0.000663,0.000578,-0.000029
17.139317,-0.000208,0.003521,-9.810118,0.000520,0.000508,0.000039
17.153056,-0.000028,0.003244,-9.809176,0.000549,0.000532,0.000038
17.160048,0.000119,0.000313,-9.810466,0.000507,0.000526,0.000039
17.166959,-0.000151,-0.003673,-9.810076,0.000633,0.000561,-0.000029
17.173985,0.000064,0.003230,-9.809484,0.000547,0.000532,0.000038
17.180852,-0.000058,-0.003378,-9.810532,0.000633,0.000560,-0.000029
17.194763,0.000121,0.000313,-9.810466,0.000507,0.000526,0.000039
17.201769,-0.000053,-0.003606,-9.810344,0.000630,0.000577,-0.000029
17.208694,-0.000035,0.003234,-9.809184,0.000549,0.000532,0.000038
17.215601,-0.000110,-0.003323,-9.810487,0.000635,0.000554,-0.000028
17.222700,0.000253,0.003252,-9.809696,0.000543,0.000544,0.000039
17.236366,-0.000050,-0.003900,-9.809696,0.000663,0.000578,-0.000029
17.243423,-0.000210,0.003528,-9.810119,0.000520,0.000508,0.000039
17.250308,0.000121,-0.003506,-9.810250,0.000633,0.000560,-0.000028
17.257328,0.000068,0.003206,-9.809459,0.000549,0.000532,0.000038
17.271159,0.000130,0.003236,-9.809522,0.000549,0.000532,0.000038
17.278131,0.000270,0.000317,-9.810794,0.000503,0.000549,0.000038
17.284991,-0.000359,-0.003704,-9.809675,0.000634,0.000554,-0.000028
17.292014,0.000114,0.003205,-9.809530,0.000549,0.000532,0.000038
17.298923,-0.000110,-0.003326,-9.810483,0.000635,0.000554,-0.000028
17.312959,0.000024,0.000287,-9.810191,0.000507,0.000526,0.000039
17.319756,-0.000210,-0.003722,-9.810017,0.000634,0.000554,-0.000028
17.326748,0.000145,0.003277,-9.809425,0.000546,0.000527,0.000039
17.333670,0.000022,-0.003563,-9.810281,0.000664,0.000577,-0.000029
17.347582,0.000066,-0.003464,-9.810184,0.000633,0.000560,-0.000029
17.354478,0.000070,0.003266,-9.809451,0.000549,0.000532,0.000038
17.361547,0.000119,0.000307,-9.810458,0.000507,0.000526,0.000039
17.368382,-0.000045,-0.003887,-9.809708,0.000663,0.000578,-0.000029
17.375380,-0.000210,0.003560,-9.810120,0.000520,0.000508,0.000039
17.389269,-0.000028,0.003188,-9.809190,0.000549,0.000532,0.000038
17.396164,0.000121,0.000318,-9.810472,0.000507,0.000526,0.000039
17.403089,-0.000151,-0.003666,-9.810076,0.000633,0.000561,-0.000029
17.410084,0.000061,0.003221,-9.809464,0.000549,0.000532,0.000038
17.424014,0.000257,0.003309,-9.809691,0.000543,0.000544,0.000039
17.430885,-0.000004,0.000231,-9.810297,0.000507,0.000526,0.000039
17.437796,-0.000048,-0.003844,-9.809713,0.000663,0.000578,-0.000029
17.444768,-0.000158,0.003564,-9.810183,0.000519,0.000515,0.000038
17.458703,-0.000202,0.003547,-9.810116,0.000520,0.000508,0.000039
17.465638,0.000120,-0.003482,-9.810248,0.000633,0.000560,-0.000028
17.472502,0.000069,0.003280,-9.809446,0.000549,0.000532,0.000038
17.479536,0.000119,0.000308,-9.810461,0.000507,0.000526,0.000039
17.493456,-0.000305,0.003522,-9.809852,0.000520,0.000508,0.000039
17.500365,0.000227,-0.003665,-9.809886,0.000663,0.000577,-0.000028
17.507298,-0.000077,0.003670,-9.810286,0.000515,0.000520,0.000039
17.514219,0.000333,-0.000111,-9.809696,0.000535,0.000550,0.000038
17.521138,-0.000385,-0.003499,-9.810312,0.000635,0.000554,-0.000028
17.535036,-0.000110,-0.003345,-9.810487,0.000635,0.000554,-0.000028
17.542082,0.000224,0.003214,-9.809794,0.000546,0.000549,0.000038
17.548913,-0.000210,-0.003386,-9.810211,0.000635,0.000554,-0.000028
17.555916,0.000159,0.003283,-9.809427,0.000546,0.000527,0.000039
17.562830,0.000093,0.000250,-9.810566,0.000507,0.000526,0.000039
17.576735,0.000115,0.003226,-9.809524,0.000549,0.000532,0.000038
17.583659,-0.000057,-0.003329,-9.810543,0.000633,0.000560,-0.000029
17.590655,0.000076,0.003228,-9.809463,0.000549,0.000532,0.000038
17.597563,0.000122,0.000315,-9.810469,0.000507,0.000526,0.000039
17.611461,0.000062,0.003250,-9.809459,0.000549,0.000532,0.000038
17.618477,-0.000108,-0.003274,-9.810477,0.000635,0.000554,-0.000028
17.625362,0.000260,0.003354,-9.809687,0.000543,0.000544,0.000039
17.632302,-0.000004,0.000228,-9.810294,0.000507,0.000526,0.000039
17.646190,-0.000052,0.003377,-9.809821,0.000550,0.000532,0.000038
17.653078,-0.000102,-0.003326,-9.810489,0.000635,0.000554,-0.000028
17.660089,0.000130,0.003213,-9.809525,0.000549,0.000532,0.000038
17.667077,-0.000011,-0.003262,-9.810753,0.000631,0.000570,-0.000028
17.673976,0.000024,0.003425,-9.809875,0.000516,0.000532,0.000038
17.687809,-0.000159,-0.003675,-9.810077,0.000633,0.000561,-0.000029
17.694843,0.000060,0.003203,-9.809464,0.000549,0.000532,0.000038
17.701680,-0.000111,-0.003359,-9.810490,0.000635,0.000554,-0.000028
17.708727,0.000129,0.003196,-9.809527,0.000549,0.000532,0.000038
17.722672,-0.000044,-0.003757,-9.809718,0.000663,0.000578,-0.000029
17.729496,0.000076,0.003550,-9.809989,0.000544,0.000544,0.000038
17.736385,-0.000228,-0.003410,-9.810314,0.000635,0.000554,-0.000028
17.743405,0.000021,0.003381,-9.809888,0.000518,0.000515,0.000038
17.757375,-0.000105,-0.003790,-9.809651,0.000663,0.000578,-0.000029
17.764239,-0.000160,0.003622,-9.810186,0.000519,0.000515,0.000038
17.771147,0.000013,-0.003479,-9.810122,0.000634,0.000554,-0.000028
17.778331,0.000120,0.003126,-9.809534,0.000549,0.000532,0.000038
17.785198,-0.000009,-0.002943,-9.810818,0.000603,0.000552,-0.000024
17.799067,0.000211,0.000131,-9.810105,0.000536,0.000550,0.000038
17.805979,-0.000374,-0.003491,-9.810313,0.000635,0.000554,-0.000028
17.813023,0.000122,0.003202,-9.809532,0.000549,0.000532,0.000038
17.819882,-0.000110,-0.003351,-9.810487,0.000635,0.000554,-0.000028
17.833767,0.000220,0.000333,-9.810744,0.000504,0.000543,0.000039
17.840775,-0.000298,-0.003635,-9.809745,0.000634,0.000554,-0.000028
17.847725,0.000115,0.003238,-9.809525,0.000549,0.000532,0.000038
17.854619,-0.000012,-0.003316,-9.810757,0.000632,0.000570,-0.000028
17.861651,0.000129,0.003202,-9.809525,0.000546,0.000549,0.000038
17.875582,-0.000201,-0.003590,-9.810016,0.000634,0.000554,-0.000028
17.882397,0.000149,0.003363,-9.809411,0.000546,0.000527,0.000039
17.889338,-0.000084,-0.003381,-9.810645,0.000633,0.000560,-0.000029
17.896343,0.000073,0.003221,-9.809461,0.000549,0.000532,0.000038
17.910255,0.000129,0.003208,-9.809525,0.000549,0.000532,0.000038
17.917153,0.000273,0.000322,-9.810803,0.000503,0.000549,0.000038
17.924152,-0.000352,-0.003632,-9.809681,0.000634,0.000554,-0.000028
17.931000,0.000117,0.003289,-9.809518,0.000549,0.000532,0.000038
17.944986,0.000225,0.003231,-9.809793,0.000546,0.000549,0.000038
17.951860,0.000024,0.000293,-9.810195,0.000507,0.000526,0.000039
17.958838,-0.000151,-0.003636,-9.810078,0.000633,0.000561,-0.000029
17.965745,0.000062,0.003263,-9.809457,0.000549,0.000532,0.000038
17.979638,0.000258,0.003321,-9.809690,0.000543,0.000544,0.000039
17.986553,-0.000004,0.000229,-9.810293,0.000507,0.000526,0.000039
17.993641,-0.000047,-0.003748,-9.809722,0.000663,0.000578,-0.000029
18.000531,-0.000160,0.003606,-9.810184,0.000519,0.000515,0.000038
18.014369,0.000069,0.003264,-9.809450,0.000549,0.000532,0.000038
18.021288,-0.000109,-0.003320,-9.810484,0.000635,0.000554,-0.000028
18.028340,0.000129,0.003194,-9.809528,0.000549,0.000532,0.000038
18.035195,0.000132,0.000394,-9.810533,0.000500,0.000524,0.000040
18.042233,-0.000050,-0.003851,-9.809656,0.000663,0.000578,-0.000029
18.056051,-0.000129,-0.003358,-9.810583,0.000634,0.000554,-0.000028
18.063030,0.000127,0.003228,-9.809524,0.000549,0.000532,0.000038
18.069956,-0.000110,-0.003319,-9.810481,0.000635,0.000554,-0.000028
18.076968,0.000159,0.003275,-9.809425,0.000546,0.000527,0.000039
18.083851,0.000149,0.000255,-9.810644,0.000504,0.000532,0.000038
18.097761,0.000116,0.003255,-9.809521,0.000549,0.000532,0.000038
18.104637,-0.000057,-0.003352,-9.810548,0.000633,0.000560,-0.000029
18.111675,0.000076,0.003208,-9.809464,0.000549,0.000532,0.000038
18.118537,0.000122,0.000317,-9.810472,0.000507,0.000526,0.000039
18.132420,0.000062,0.003297,-9.809450,0.000549,0.000532,0.000038
18.139376,-0.000109,-0.003303,-9.810481,0.000635,0.000554,-0.000028
18.146368,0.000256,0.003302,-9.809692,0.000543,0.000544,0.000039
18.153288,-0.000004,0.000229,-9.810294,0.000507,0.000526,0.000039
18.160354,-0.000047,-0.003760,-9.809720,0.000663,0.000578,-0.000029
18.174232,-0.000099,-0.003232,-9.810472,0.000635,0.000554,-0.000028
18.181055,0.000133,0.003303,-9.809513,0.000549,0.000532,0.000038
18.188005,-0.000109,-0.003308,-9.810479,0.000635,0.000554,-0.000028
18.194962,0.000227,0.003257,-9.809792,0.000546,0.000549,0.000038
18.208872,-0.000205,-0.003650,-9.810017,0.000634,0.000554,-0.000028
18.215840,0.000242,0.003307,-9.809692,0.000543,0.000544,0.000039
18.222688,-0.000238,-0.003440,-9.810313,0.000635,0.000554,-0.000028
18.229686,0.000126,0.003222,-9.809526,0.000549,0.000532,0.000038
18.243617,0.000130,0.003235,-9.809522,0.000549,0.000532,0.000038
18.250536,0.000218,0.000331,-9.810739,0.000504,0.000543,0.000039
18.257415,-0.000303,-0.003702,-9.809739,0.000634,0.000554,-0.000028
18.264460,0.000113,0.003193,-9.809530,0.000549,0.000532,0.000038
18.271342,0.000041,-0.003331,-9.810822,0.000631,0.000577,-0.000029
18.285225,0.000122,0.000320,-9.810473,0.000507,0.000526,0.000039
18.292229,-0.000202,-0.003615,-9.810014,0.000634,0.000554,-0.000028
18.299091,0.000148,0.003340,-9.809414,0.000546,0.000527,0.000039
18.306079,0.000251,0.000068,-9.810263,0.000536,0.000550,0.000038
18.319957,0.000130,0.003311,-9.809557,0.000545,0.000531,0.000039
18.326971,-0.000111,-0.003319,-9.810441,0.000634,0.000554,-0.000028
18.333868,0.000129,0.003266,-9.809519,0.000549,0.000532,0.000038
18.340811,-0.000109,-0.003311,-9.810480,0.000635,0.000554,-0.000028
18.347784,0.000257,0.003312,-9.809690,0.000543,0.000544,0.000039
18.361674,-0.000153,-0.003631,-9.810079,0.000633,0.000561,-0.000029
18.368626,0.000061,0.003241,-9.809459,0.000549,0.000532,0.000038
18.375567,-0.000109,-0.003309,-9.810483,0.000635,0.000554,-0.000028
18.382478,0.000131,0.003260,-9.809518,0.000549,0.000532,0.000038
18.389432,-0.000056,-0.003316,-9.810541,0.000633,0.000560,-0.000029
18.403315,0.000122,0.000315,-9.810469,0.000507,0.000526,0.000039
18.410286,-0.000053,-0.003623,-9.810345,0.000630,0.000577,-0.000029
18.417229,-0.000035,0.003225,-9.809187,0.000549,0.000532,0.000038
18.424214,-0.000109,-0.003287,-9.810481,0.000635,0.000554,-0.000028
18.438026,-0.000004,0.000232,-9.810299,0.000507,0.000526,0.000039
18.445042,-0.000153,-0.003617,-9.810078,0.000633,0.000561,-0.000029
18.451925,0.000062,0.003274,-9.809454,0.000549,0.000532,0.000038
18.458939,-0.000108,-0.003276,-9.810476,0.000635,0.000554,-0.000028
18.465882,0.000131,0.003246,-9.809521,0.000549,0.000532,0.000038
18.479734,0.000129,0.003214,-9.809525,0.000549,0.000532,0.000038
18.486639,0.000121,0.000312,-9.810469,0.000507,0.000526,0.000039
18.493601,0.000052,-0.003799,-9.809982,0.000660,0.000595,-0.000029
18.500510,-0.000310,0.003585,-9.809850,0.000521,0.000508,0.000039
18.514432,0.000198,0.003349,-9.809621,0.000543,0.000544,0.000039
18.521369,-0.000004,0.000230,-9.810295,0.000507,0.000526,0.000039
18.528349,-0.000048,-0.003806,-9.809717,0.000663,0.000578,-0.000029
18.535330,-0.000158,0.003559,-9.810182,0.000519,0.000515,0.000038
18.542257,0.000013,-0.003470,-9.810122,0.000634,0.000554,-0.000028
18.556128,-0.000056,-0.003315,-9.810541,0.000633,0.000560,-0.000029
18.563147,0.000075,0.003217,-9.809464,0.000549,0.000532,0.000038
18.569995,0.000123,0.000318,-9.810473,0.000507,0.000526,0.000039
18.577061,-0.000148,-0.003594,-9.810075,0.000633,0.000561,-0.000029
18.590859,-0.000108,-0.003286,-9.810477,0.000635,0.000554,-0.000028
18.597794,0.000258,0.003330,-9.809690,0.000543,0.000544,0.000039
18.604674,-0.000004,0.000233,-9.810297,0.000507,0.000526,0.000039
18.611684,-0.000048,-0.003791,-9.809717,0.000663,0.000578,-0.000029
18.625592,0.000013,-0.003437,-9.810122,0.000634,0.000554,-0.000028
18.632452,0.000125,0.003276,-9.809513,0.000549,0.000532,0.000038
18.639408,-0.000056,-0.003314,-9.810541,0.000633,0.000560,-0.000029
18.646392,0.000076,0.003234,-9.809461,0.000549,0.000532,0.000038
18.653313,0.000122,0.000313,-9.810469,0.000507,0.000526,0.000039
18.667192,-0.000084,0.003677,-9.810291,0.000515,0.000520,0.000039
18.674278,0.000325,-0.000109,-9.809704,0.000535,0.000550,0.000038
18.681178,-0.000386,-0.003509,-9.810312,0.000635,0.000554,-0.000028
18.688110,0.000134,0.003338,-9.809590,0.000542,0.000530,0.000039
18.701979,0.000128,0.003264,-9.809519,0.000549,0.000532,0.000038
18.708877,-0.000110,-0.003332,-9.810483,0.000635,0.000554,-0.000028
18.715883,0.000256,0.003296,-9.809693,0.000543,0.000544,0.000039
18.722749,-0.000004,0.000231,-9.810296,0.000507,0.000526,0.000039
18.736691,-0.000159,0.003589,-9.810184,0.000519,0.000515,0.000038
18.743700,0.000066,-0.003439,-9.810183,0.000633,0.000560,-0.000029
18.750559,0.000070,0.003284,-9.809448,0.000549,0.000532,0.000038
18.757581,-0.000108,-0.003273,-9.810475,0.000635,0.000554,-0.000028
18.764469,0.000141,0.003346,-9.809577,0.000543,0.000531,0.000039
18.778406,-0.000101,-0.003791,-9.809651,0.000663,0.000578,-0.000029
18.785340,-0.000212,0.003594,-9.810122,0.000520,0.000508,0.000039
18.792335,0.000119,-0.003454,-9.810246,0.000633,0.000560,-0.000028
18.799234,0.000069,0.003263,-9.809451,0.000549,0.000532,0.000038
18.806147,0.000121,0.000315,-9.810469,0.000507,0.000526,0.000039
18.820054,-0.000309,0.003571,-9.809849,0.000521,0.000508,0.000039
18.827075,0.000223,-0.003605,-9.809889,0.000663,0.000577,-0.000028
18.833932,-0.000078,0.003711,-9.810288,0.000515,0.000520,0.000039
18.840935,0.000329,-0.000110,-9.809700,0.000535,0.000550,0.000038
18.854766,0.000124,0.003281,-9.809521,0.000549,0.000532,0.000038
18.861794,-0.000108,-0.003271,-9.810474,0.000635,0.000554,-0.000028
18.868650,0.000230,0.003305,-9.809789,0.000546,0.000549,0.000038
18.875745,-0.000202,-0.003261,-9.810203,0.000635,0.000554,-0.000028
18.882506,0.000164,0.003400,-9.809407,0.000546,0.000527,0.000039
18.896448,-0.000206,-0.003624,-9.810015,0.000634,0.000554,-0.000028
18.903371,0.000116,0.003248,-9.809522,0.000549,0.000532,0.000038
18.910412,-0.000056,-0.003274,-9.810534,0.000633,0.000560,-0.000029
18.917246,0.000077,0.003305,-9.809449,0.000549,0.000532,0.000038
18.931168,-0.000153,-0.003703,-9.810077,0.000633,0.000561,-0.000029
18.938111,0.000062,0.003245,-9.809460,0.000549,0.000532,0.000038
18.945079,-0.000109,-0.003297,-9.810480,0.000635,0.000554,-0.000028
18.952011,0.000259,0.003332,-9.809690,0.000543,0.000544,0.000039
18.965888,-0.000048,-0.003850,-9.809713,0.000663,0.000578,-0.000029
18.972786,-0.000053,0.003431,-9.809819,0.000550,0.000532,0.000038
18.979816,-0.000100,-0.003260,-9.810477,0.000635,0.000554,-0.000028
18.986712,0.000132,0.003268,-9.809516,0.000549,0.000532,0.000038
18.993712,-0.000012,-0.003266,-9.810745,0.000632,0.000570,-0.000028
19.007550,0.000138,0.000131,-9.809834,0.000506,0.000526,0.000039
19.014530,-0.000158,-0.003644,-9.810076,0.000633,0.000561,-0.000029
19.021435,0.000062,0.003264,-9.809456,0.000549,0.000532,0.000038
19.028458,-0.000108,-0.003270,-9.810475,0.000635,0.000554,-0.000028
19.035322,0.000132,0.003283,-9.809515,0.000549,0.000532,0.000038
19.049255,-0.000045,-0.003825,-9.809713,0.000663,0.000578,-0.000029
19.056158,0.000075,0.003508,-9.809990,0.000544,0.000544,0.000038
19.063152,-0.000224,-0.003358,-9.810310,0.000635,0.000554,-0.000028
19.070067,0.000021,0.003432,-9.809885,0.000518,0.000515,0.000038
19.083948,-0.000384,-0.003524,-9.810313,0.000635,0.000554,-0.000028
19.090950,0.000122,0.003221,-9.809529,0.000549,0.000532,0.000038
19.097883,-0.000094,-0.003182,-9.810569,0.000625,0.000551,-0.000026
19.104797,0.000219,0.003147,-9.809702,0.000546,0.000549,0.000038
19.111810,-0.000209,-0.003302,-9.810207,0.000635,0.000554,-0.000028
19.125690,0.000147,0.000240,-9.810629,0.000505,0.000533,0.000038
19.132647,-0.000260,-0.003634,-9.809952,0.000634,0.000554,-0.000028
19.139542,0.000117,0.003263,-9.809519,0.000549,0.000532,0.000038
19.146559,-0.000055,-0.003285,-9.810538,0.000633,0.000560,-0.000029
19.160430,0.000120,0.000310,-9.810462,0.000507,0.000526,0.000039
19.167309,-0.000153,-0.003691,-9.810077,0.000633,0.000561,-0.000029
19.174295,0.000061,0.003226,-9.809462,0.000549,0.000532,0.000038
19.181233,-0.000109,-0.003311,-9.810482,0.000635,0.000554,-0.000028
19.188171,0.000130,0.003247,-9.809521,0.000549,0.000532,0.000038
19.202011,-0.000073,-0.003920,-9.809812,0.000663,0.000578,-0.000029
19.209026,-0.000054,0.003371,-9.809823,0.000550,0.000532,0.000038
19.215957,-0.000102,-0.003306,-9.810485,0.000635,0.000554,-0.000028
19.222874,0.000229,0.003276,-9.809791,0.000546,0.000549,0.000038
19.236729,0.000163,0.003371,-9.809412,0.000546,0.000527,0.000039
19.243765,0.000092,0.000245,-9.810556,0.000507,0.000526,0.000039
19.250653,-0.000209,-0.003677,-9.810015,0.000634,0.000554,-0.000028
19.257605,0.000115,0.003234,-9.809523,0.000549,0.000532,0.000038
19.264559,-0.000056,-0.003314,-9.810542,0.000633,0.000560,-0.000029
19.278594,0.000119,0.000305,-9.810456,0.000507,0.000526,0.000039
19.285357,-0.000154,-0.003745,-9.810083,0.000632,0.000560,-0.000029
19.292398,0.000060,0.003192,-9.809461,0.000549,0.000532,0.000038
19.299328,-0.000110,-0.003315,-9.810483,0.000635,0.000554,-0.000028
19.306221,0.000260,0.003350,-9.809687,0.000543,0.000544,0.000039
19.320160,-0.000309,-0.003382,-9.811178,0.000603,0.000565,-0.000029
19.327117,0.000114,0.003127,-9.808729,0.000549,0.000533,0.000038
19.333997,-0.000116,-0.003344,-9.810486,0.000635,0.000554,-0.000028
19.340880,0.000230,0.003292,-9.809789,0.000546,0.000549,0.000038
19.354779,0.000261,0.003380,-9.809687,0.000543,0.000544,0.000039
19.361843,-0.000004,0.000224,-9.810288,0.000507,0.000526,0.000039
19.368709,-0.000156,-0.003695,-9.810079,0.000633,0.000561,-0.000029
19.375791,0.000061,0.003181,-9.809470,0.000549,0.000532,0.000038
19.382591,-0.000112,-0.003378,-9.810492,0.000635,0.000554,-0.000028
19.396524,0.000121,0.000311,-9.810467,0.000507,0.000526,0.000039
19.403589,-0.000044,-0.003762,-9.809717,0.000663,0.000578,-0.000029
19.410472,-0.000214,0.003619,-9.810122,0.000520,0.000508,0.000039
19.417379,0.000218,-0.003479,-9.810520,0.000630,0.000577,-0.000028
19.431321,-0.000108,-0.003250,-9.810475,0.000635,0.000554,-0.000028
19.438162,0.000262,0.003376,-9.809686,0.000543,0.000544,0.000039
19.445162,-0.000004,0.000226,-9.810290,0.000507,0.000526,0.000039
19.452037,-0.000156,-0.003691,-9.810079,0.000633,0.000561,-0.000029
19.458935,0.000062,0.003268,-9.809455,0.000549,0.000532,0.000038
19.472841,0.000132,0.003281,-9.809515,0.000549,0.000532,0.000038
19.479878,0.000119,0.000306,-9.810459,0.000507,0.000526,0.000039
19.486735,-0.000046,-0.003875,-9.809710,0.000663,0.000578,-0.000029
19.493803,-0.000051,0.003347,-9.809824,0.000550,0.000532,0.000038
19.507588,0.000025,0.003410,-9.809882,0.000516,0.000532,0.000038
19.514667,-0.000090,-0.003424,-9.809853,0.000634,0.000554,-0.000028
19.521504,0.000133,0.003367,-9.809573,0.000543,0.000531,0.000039
19.528617,0.000112,0.000230,-9.810395,0.000507,0.000526,0.000039
19.535454,-0.000049,-0.003889,-9.809708,0.000663,0.000578,-0.000029
19.549360,-0.000084,-0.003494,-9.809851,0.000634,0.000554,-0.000028
19.556235,0.000154,0.003334,-9.809413,0.000546,0.000527,0.000039
19.563257,0.000145,0.000236,-9.810619,0.000505,0.000533,0.000038
19.570164,-0.000102,-0.003840,-9.809649,0.000663,0.000578,-0.000029
19.584150,0.000118,-0.003426,-9.810245,0.000633,0.000560,-0.000028
19.590927,0.000070,0.003322,-9.809441,0.000549,0.000532,0.000038
19.597968,0.000119,0.000308,-9.810460,0.000507,0.000526,0.000039
19.604912,-0.000045,-0.003827,-9.809713,0.000663,0.000578,-0.000029
19.611898,-0.000039,0.003492,-9.809905,0.000541,0.000530,0.000039
19.625913,0.000247,0.003229,-9.809699,0.000543,0.000544,0.000039
19.632763,0.000028,0.000480,-9.810491,0.000487,0.000521,0.000041
19.639674,-0.000069,-0.004083,-9.809521,0.000663,0.000578,-0.000029
19.646744,-0.000062,0.003340,-9.809824,0.000550,0.000532,0.000038
19.660637,0.000129,0.003184,-9.809529,0.000549,0.000532,0.000038
19.667474,0.000123,0.000316,-9.810472,0.000507,0.000526,0.000039
19.674424,-0.000151,-0.003654,-9.810076,0.000633,0.000561,-0.000029
19.681432,0.000061,0.003216,-9.809464,0.000549,0.000532,0.000038
19.695322,0.000132,0.003260,-9.809533,0.000548,0.000532,0.000038
19.702244,0.000120,0.000297,-9.810454,0.000507,0.000526,0.000039
19.709225,-0.000054,-0.003619,-9.810344,0.000630,0.000578,-0.000029
19.716174,-0.000035,0.003222,-9.809188,0.000549,0.000532,0.000038
19.723025,-0.000111,-0.003350,-9.810490,0.000635,0.000554,-0.000028
19.736911,-0.000004,0.000231,-9.810297,0.000507,0.000526,0.000039
19.743962,-0.000047,-0.003767,-9.809720,0.000663,0.000578,-0.000029
19.750874,-0.000159,0.003596,-9.810184,0.000519,0.000515,0.000038
19.757977,0.000013,-0.003385,-9.810120,0.000634,0.000554,-0.000028
19.771679,-0.000056,-0.003321,-9.810543,0.000633,0.000560,-0.000029
19.778646,0.000076,0.003241,-9.809459,0.000549,0.000532,0.000038
19.785562,0.000122,0.000314,-9.810469,0.000507,0.000526,0.000039
19.792539,-0.000150,-0.003639,-9.810074,0.000633,0.000561,-0.000029
19.806355,-0.000110,-0.003337,-9.810485,0.000635,0.000554,-0.000028
19.813371,0.000255,0.003291,-9.809694,0.000543,0.000544,0.000039
19.820261,-0.000004,0.000231,-9.810295,0.000507,0.000526,0.000039
19.827231,-0.000048,-0.003811,-9.809717,0.000663,0.000578,-0.000029
19.834163,-0.000159,0.003585,-9.810183,0.000519,0.000515,0.000038
19.848093,0.000122,0.003198,-9.809524,0.000549,0.000532,0.000038
19.854945,-0.000057,-0.003365,-9.810551,0.000633,0.000560,-0.000029
19.861970,0.000076,0.003215,-9.809464,0.000549,0.000532,0.000038
19.868870,0.000122,0.000315,-9.810469,0.000507,0.000526,0.000039
19.882815,0.000061,0.003244,-9.809459,0.000549,0.000532,0.000038
19.889736,-0.000110,-0.003319,-9.810483,0.000635,0.000554,-0.000028
19.896753,0.000255,0.003290,-9.809692,0.000543,0.000544,0.000039
19.903570,-0.000004,0.000233,-9.810300,0.000507,0.000526,0.000039
19.910620,-0.000047,-0.003767,-9.809719,0.000663,0.000578,-0.000029
19.924406,-0.000103,-0.003323,-9.810488,0.000635,0.000554,-0.000028
19.931442,0.000159,0.003263,-9.809428,0.000546,0.000527,0.000039
19.938316,-0.000138,-0.003406,-9.810586,0.000634,0.000554,-0.000028
19.945318,0.000126,0.003217,-9.809525,0.000549,0.000532,0.000038
19.959249,-0.000150,-0.003634,-9.810076,0.000633,0.000561,-0.000029
19.966104,0.000062,0.003288,-9.809451,0.000549,0.000532,0.000038
19.973033,-0.000109,-0.003316,-9.810483,0.000635,0.000554,-0.000028
19.980037,0.000256,0.003296,-9.809692,0.000543,0.000544,0.000039
19.993933,-0.000048,-0.003776,-9.809719,0.000663,0.000578,-0.000029
20.000832,-0.000160,0.003602,-9.810184,0.000519,0.000515,0.000038
20.007751,0.000013,-0.003473,-9.810123,0.000634,0.000554,-0.000028
20.014764,0.000122,0.003203,-9.809522,0.000549,0.000532,0.000038
20.021650,-0.000057,-0.003347,-9.810548,0.000633,0.000560,-0.000029
20.035597,0.000134,0.000355,-9.810520,0.000506,0.000526,0.000039
20.042567,-0.000150,-0.003647,-9.810072,0.000633,0.000561,-0.000029
20.049490,0.000061,0.003256,-9.809457,0.000549,0.000532,0.000038
20.056395,-0.000110,-0.003327,-9.810485,0.000635,0.000554,-0.000028
20.070315,-0.000004,0.000230,-9.810295,0.000507,0.000526,0.000039
20.077293,-0.000048,-0.003807,-9.809717,0.000663,0.000578,-0.000029
20.084304,-0.000052,0.003375,-9.809823,0.000550,0.000532,0.000038
20.091086,-0.000104,-0.003377,-9.810494,0.000635,0.000554,-0.000028
20.104967,-0.000013,-0.003330,-9.810760,0.000632,0.000570,-0.000028
20.112018,-0.000071,0.003344,-9.809617,0.000519,0.000515,0.000038
20.118915,0.000236,0.000153,-9.810106,0.000506,0.000526,0.000039
20.125851,-0.000052,-0.003840,-9.809711,0.000663,0.000578,-0.000029
20.133014,-0.000051,0.003302,-9.809825,0.000550,0.000532,0.000038
20.146722,0.000007,0.003120,-9.809357,0.000549,0.000533,0.000038
20.153594,0.000118,0.000315,-9.810472,0.000507,0.000526,0.000039
20.160583,-0.000203,-0.003622,-9.810014,0.000634,0.000554,-0.000028
20.167477,0.000116,0.003261,-9.809520,0.000549,0.000532,0.000038
20.174402,-0.000056,-0.003328,-9.810544,0.000633,0.000560,-0.000029
20.188408,-0.000090,-0.003191,-9.810611,0.000621,0.000550,-0.000026
20.195377,0.000214,0.003077,-9.809673,0.000546,0.000550,0.000038
20.202318,0.000016,0.000286,-9.810194,0.000507,0.000526,0.000039
20.209269,-0.000046,-0.003821,-9.809714,0.000663,0.000578,-0.000029
20.223086,0.000219,-0.003717,-9.810806,0.000632,0.000589,-0.000029
20.230147,-0.000056,0.003235,-9.809035,0.000549,0.000532,0.000038
20.237004,0.000124,0.000322,-9.810475,0.000507,0.000526,0.000039
20.243995,-0.000202,-0.003622,-9.810014,0.000634,0.000554,-0.000028
20.257825,0.000022,-0.003564,-9.810280,0.000664,0.000577,-0.000029
20.264803,-0.000199,0.003576,-9.810121,0.000520,0.000508,0.000039
20.271723,0.000458,-0.000028,-9.809869,0.000535,0.000550,0.000038
20.278695,-0.000378,-0.003474,-9.810308,0.000635,0.000554,-0.000028
20.285637,0.000154,0.003312,-9.809425,0.000546,0.000527,0.000039
20.299507,0.000129,0.003282,-9.809516,0.000549,0.000532,0.000038
20.306431,-0.000110,-0.003319,-9.810482,0.000635,0.000554,-0.000028
20.313498,0.000158,0.003249,-9.809429,0.000546,0.000527,0.000039
20.320404,0.000147,0.000241,-9.810632,0.000505,0.000533,0.000038
20.334257,-0.000214,0.003679,-9.810137,0.000519,0.000508,0.000039
20.341243,0.000118,-0.003472,-9.810235,0.000633,0.000560,-0.000028
20.348190,0.000068,0.003240,-9.809454,0.000549,0.000532,0.000038
20.355050,0.000122,0.000316,-9.810472,0.000507,0.000526,0.000039
20.368983,-0.000053,0.003408,-9.809820,0.000550,0.000532,0.000038
20.375968,-0.000092,-0.003205,-9.810530,0.000629,0.000552,-0.000027
20.382911,0.000254,0.003266,-9.809651,0.000542,0.000544,0.000039
20.389787,-0.000008,0.000215,-9.810285,0.000507,0.000526,0.000039
20.396784,-0.000153,-0.003626,-9.810078,0.000633,0.000561,-0.000029
20.410694,-0.000109,-0.003300,-9.810480,0.000635,0.000554,-0.000028
20.417564,0.000132,0.003280,-9.809514,0.000549,0.000532,0.000038
20.424548,0.000120,0.000308,-9.810463,0.000507,0.000526,0.000039
20.431535,-0.000044,-0.003803,-9.809715,0.000663,0.000578,-0.000029
20.445519,0.000214,-0.003397,-9.810510,0.000630,0.000577,-0.000028
20.452360,-0.000029,0.003270,-9.809169,0.000549,0.000532,0.000038
20.459481,-0.000107,-0.003224,-9.810472,0.000635,0.000554,-0.000028
20.466269,0.000264,0.003404,-9.809684,0.000543,0.000544,0.000039
20.480181,-0.000152,-0.003615,-9.810077,0.000633,0.000561,-0.000029
20.487049,0.000062,0.003283,-9.809454,0.000549,0.000532,0.000038
20.494038,-0.000108,-0.003287,-9.810478,0.000635,0.000554,-0.000028
20.500934,0.000131,0.003267,-9.809516,0.000549,0.000532,0.000038
20.514850,-0.000045,-0.003801,-9.809715,0.000663,0.000578,-0.000029
20.521812,-0.000052,0.003398,-9.809820,0.000550,0.000532,0.000038
20.528760,-0.000004,-0.003280,-9.810753,0.000632,0.000570,-0.000028
20.535636,0.000030,0.003481,-9.809908,0.000513,0.000531,0.000038
20.542684,-0.000094,-0.003472,-9.809825,0.000634,0.000554,-0.000028
20.556474,0.000121,0.000313,-9.810468,0.000507,0.000526,0.000039
20.563492,-0.000149,-0.003618,-9.810076,0.000633,0.000561,-0.000029
20.570374,0.000160,0.003293,-9.809728,0.000546,0.000549,0.000038
20.577464,-0.000202,-0.003261,-9.810205,0.000635,0.000554,-0.000028
20.584301,0.000163,0.003363,-9.809413,0.000546,0.000527,0.000039
20.598234,-0.000100,-0.003785,-9.809654,0.000663,0.000578,-0.000029
20.605142,-0.000213,0.003608,-9.810122,0.000520,0.000508,0.000039
20.612172,0.000119,-0.003436,-9.810246,0.000633,0.000560,-0.000028
20.619014,0.000069,0.003290,-9.809444,0.000549,0.000532,0.000038
20.632924,-0.000045,-0.003834,-9.809712,0.000663,0.000578,-0.000029
20.639837,-0.000053,0.003422,-9.809818,0.000550,0.000532,0.000038
20.646895,-0.000100,-0.003247,-9.810476,0.000635,0.000554,-0.000028
20.653701,0.000264,0.003395,-9.809685,0.000543,0.000544,0.000039
20.667682,-0.000208,-0.003652,-9.810016,0.000634,0.000554,-0.000028
20.674533,0.000117,0.003283,-9.809515,0.000549,0.000532,0.000038
20.681581,-0.000108,-0.003262,-9.810473,0.000635,0.000554,-0.000028
20.688459,0.000131,0.003276,-9.809516,0.000549,0.000532,0.000038
20.695459,-0.000012,-0.003266,-9.810745,0.000632,0.000570,-0.000028
20.709314,0.000023,0.000291,-9.810195,0.000507,0.000526,0.000039
20.716289,-0.000204,-0.003628,-9.810015,0.000634,0.000554,-0.000028
20.723183,0.000147,0.003325,-9.809418,0.000546,0.000527,0.000039
20.730195,-0.000083,-0.003349,-9.810637,0.000633,0.000560,-0.000029
20.744059,-0.000108,-0.003285,-9.810478,0.000635,0.000554,-0.000028
20.750994,0.000131,0.003250,-9.809521,0.000549,0.000532,0.000038
20.757931,0.000121,0.000311,-9.810466,0.000507,0.000526,0.000039
20.764874,-0.000045,-0.003828,-9.809712,0.000663,0.000578,-0.000029
20.771809,0.000022,0.003502,-9.809928,0.000545,0.000538,0.000039
20.785726,0.000118,0.003141,-9.808720,0.000549,0.000532,0.000038
20.792727,0.000115,0.000306,-9.810462,0.000507,0.000526,0.000039
20.799574,-0.000153,-0.003707,-9.810077,0.000633,0.000561,-0.000029
20.806487,0.000062,0.003260,-9.809457,0.000549,0.000532,0.000038
20.813595,-0.000106,-0.003233,-9.810470,0.000635,0.000554,-0.000028
20.827429,-0.000004,0.000226,-9.810291,0.000507,0.000526,0.000039
20.834272,-0.000049,-0.003881,-9.809711,0.000663,0.000578,-0.000029
20.841256,-0.000158,0.003558,-9.810182,0.000519,0.000515,0.000038
20.848298,0.000013,-0.003414,-9.810121,0.000634,0.000554,-0.000028
20.862115,-0.000056,-0.003294,-9.810539,0.000633,0.000560,-0.000029
20.869052,0.000076,0.003255,-9.809456,0.000549,0.000532,0.000038
20.875981,0.000121,0.000313,-9.810466,0.000507,0.000526,0.000039
20.883100,-0.000147,-0.003567,-9.810074,0.000633,0.000561,-0.000029
20.889868,0.000063,0.003331,-9.809446,0.000549,0.000532,0.000038
20.903776,0.000258,0.003328,-9.809690,0.000543,0.000544,0.000039
20.910749,-0.000004,0.000227,-9.810292,0.000507,0.000526,0.000039
20.917637,-0.000048,-0.003855,-9.809713,0.000663,0.000578,-0.000029
20.924555,-0.000159,0.003592,-9.810184,0.000519,0.000515,0.000038
20.938516,0.000124,0.003261,-9.809515,0.000549,0.000532,0.000038
20.945615,-0.000055,-0.003248,-9.810531,0.000633,0.000560,-0.000029
20.952413,0.000104,0.003532,-9.809612,0.000532,0.000528,0.000040
20.959378,0.000263,-0.000067,-9.810001,0.000536,0.000550,0.000038
20.973316,0.000124,0.003269,-9.809523,0.000549,0.000532,0.000038
20.980286,-0.000012,-0.003280,-9.810747,0.000632,0.000570,-0.000028
20.987174,0.000132,0.003270,-9.809514,0.000546,0.000549,0.000038
20.994294,0.000023,0.000284,-9.810190,0.000507,0.000526,0.000039
21.007987,0.000147,0.003329,-9.809416,0.000546,0.000527,0.000039
21.014966,-0.000083,-0.003365,-9.810640,0.000633,0.000560,-0.000029
21.021855,0.000074,0.003277,-9.809454,0.000549,0.000532,0.000038
21.028934,-0.000106,-0.003245,-9.810472,0.000635,0.000554,-0.000028
21.035773,0.000132,0.003295,-9.809514,0.000549,0.000532,0.000038
21.049691,-0.000297,-0.003625,-9.809745,0.000634,0.000554,-0.000028
21.056586,0.000116,0.003263,-9.809521,0.000549,0.000532,0.000038
21.063562,0.000041,-0.003286,-9.810810,0.000631,0.000577,-0.000029
21.070468,-0.000021,0.003250,-9.809181,0.000549,0.000532,0.000038
21.077462,0.000120,0.000313,-9.810464,0.000507,0.000526,0.000039
21.091366,0.000147,0.003319,-9.809419,0.000546,0.000527,0.000039
21.098318,0.000029,-0.003484,-9.810322,0.000659,0.000576,-0.000028
21.105229,-0.000151,0.003538,-9.810142,0.000519,0.000515,0.000038
21.112217,0.000239,0.000157,-9.810105,0.000506,0.000526,0.000039
21.126025,-0.000053,0.003440,-9.809819,0.000550,0.000532,0.000038
21.133035,-0.000101,-0.003269,-9.810479,0.000635,0.000554,-0.000028
21.139988,0.000265,0.003377,-9.809733,0.000539,0.000543,0.000039
21.147042,-0.000008,0.000171,-9.810246,0.000507,0.000526,0.000039
21.160848,0.000116,0.003246,-9.809522,0.000549,0.000532,0.000038
21.167799,-0.000056,-0.003317,-9.810541,0.000633,0.000560,-0.000029
21.174725,0.000082,0.003310,-9.809496,0.000545,0.000531,0.000039
21.181703,-0.000112,-0.003341,-9.810439,0.000635,0.000554,-0.000028
21.188610,0.000129,0.003262,-9.809520,0.000549,0.000532,0.000038
21.202820,-0.000143,-0.003490,-9.810072,0.000633,0.000561,-0.000029
21.209413,0.000167,0.003439,-9.809714,0.000546,0.000549,0.000038
21.216397,-0.000205,-0.003310,-9.810208,0.000635,0.000554,-0.000028
21.223303,0.000161,0.003329,-9.809419,0.000546,0.000527,0.000039
21.237267,-0.000101,-0.003821,-9.809650,0.000663,0.000578,-0.000029
21.244198,-0.000212,0.003596,-9.810122,0.000520,0.000508,0.000039
21.251141,0.000121,-0.003478,-9.810249,0.000633,0.000560,-0.000028
21.258042,0.000069,0.003261,-9.809449,0.000549,0.000532,0.000038
21.271946,-0.000045,-0.003858,-9.809711,0.000663,0.000578,-0.000029
21.279003,-0.000052,0.003352,-9.809823,0.000550,0.000532,0.000038
21.285808,-0.000104,-0.003367,-9.810493,0.000635,0.000554,-0.000028
21.292774,0.000257,0.003316,-9.809691,0.000543,0.000544,0.000039
21.306625,-0.000210,-0.003694,-9.810018,0.000634,0.000554,-0.000028
21.313683,0.000114,0.003186,-9.809529,0.000549,0.000532,0.000038
21.320583,-0.000110,-0.003331,-9.810483,0.000635,0.000554,-0.000028
21.327587,0.000129,0.003217,-9.809525,0.000549,0.000532,0.000038
21.334471,-0.000012,-0.003321,-9.810758,0.000632,0.000570,-0.000028
21.348418,0.000023,0.000286,-9.810191,0.000507,0.000526,0.000039
21.355356,-0.000205,-0.003647,-9.810017,0.000634,0.000554,-0.000028
21.362284,0.000116,0.003245,-9.809521,0.000549,0.000532,0.000038
21.369195,-0.000012,-0.003307,-9.810755,0.000632,0.000570,-0.000028
21.376071,0.000132,0.003274,-9.809513,0.000546,0.000549,0.000038
21.390002,0.000259,0.003347,-9.809690,0.000543,0.000544,0.000039
21.397010,-0.000004,0.000226,-9.810290,0.000507,0.000526,0.000039
21.403893,-0.000155,-0.003686,-9.810079,0.000633,0.000561,-0.000029
21.410885,0.000061,0.003222,-9.809463,0.000549,0.000532,0.000038
21.424719,0.000131,0.003269,-9.809517,0.000549,0.000532,0.000038
21.431671,0.000120,0.000311,-9.810465,0.000507,0.000526,0.000039
21.438611,-0.000045,-0.003829,-9.809712,0.000663,0.000578,-0.000029
21.445613,-0.000210,0.003557,-9.810121,0.000520,0.000508,0.000039
21.452514,0.000219,-0.003481,-9.810521,0.000630,0.000577,-0.000028
21.466460,-0.000109,-0.003274,-9.810478,0.000635,0.000554,-0.000028
21.473363,0.000260,0.003346,-9.809689,0.000543,0.000544,0.000039
21.480340,-0.000004,0.000227,-9.810291,0.000507,0.000526,0.000039
21.487242,-0.000155,-0.003677,-9.810079,0.000633,0.000561,-0.000029
21.494242,0.000061,0.003220,-9.809464,0.000549,0.000532,0.000038
21.508052,0.000131,0.003273,-9.809516,0.000549,0.000532,0.000038
21.515042,0.000120,0.000308,-9.810463,0.000507,0.000526,0.000039
21.521965,-0.000045,-0.003837,-9.809711,0.000663,0.000578,-0.000029
21.528983,-0.000105,0.003380,-9.809759,0.000551,0.000526,0.000039
21.535811,0.000096,-0.003161,-9.811540,0.000597,0.000577,-0.000028
21.549799,-0.000115,-0.003259,-9.810479,0.000634,0.000553,-0.000028
21.556682,0.000131,0.003268,-9.809512,0.000549,0.000532,0.000038
21.563679,0.000120,0.000308,-9.810463,0.000507,0.000526,0.000039
21.570572,-0.000152,-0.003682,-9.810075,0.000633,0.000561,-0.000029
21.577555,0.000061,0.003227,-9.809463,0.000549,0.000532,0.000038
21.591416,0.000131,0.003246,-9.809518,0.000546,0.000549,0.000038
21.598363,0.000023,0.000293,-9.810195,0.000507,0.000526,0.000039
21.605267,-0.000206,-0.003664,-9.810017,0.000634,0.000554,-0.000028
21.612280,0.000145,0.003268,-9.809427,0.000546,0.000527,0.000039
21.626180,0.000073,0.003250,-9.809458,0.000549,0.000532,0.000038
21.633119,-0.000109,-0.003311,-9.810481,0.000635,0.000554,-0.000028
21.640036,0.000131,0.003257,-9.809519,0.000549,0.000532,0.000038
21.646994,0.000120,0.000311,-9.810464,0.000507,0.000526,0.000039
21.660866,0.000022,0.003490,-9.809928,0.000545,0.000538,0.000039
21.667783,-0.000159,-0.003287,-9.811175,0.000603,0.000565,-0.000029
21.674742,0.000118,0.003125,-9.808728,0.000549,0.000533,0.000038
21.681702,0.000115,0.000307,-9.810464,0.000507,0.000526,0.000039
21.688658,-0.000151,-0.003650,-9.810076,0.000633,0.000561,-0.000029
21.702521,-0.000110,-0.003325,-9.810484,0.000635,0.000554,-0.000028
21.709438,0.000259,0.003339,-9.809690,0.000543,0.000544,0.000039
21.716495,-0.000004,0.000224,-9.810288,0.000507,0.000526,0.000039
21.723327,-0.000049,-0.003887,-9.809711,0.000663,0.000578,-0.000029
21.737214,0.000013,-0.003488,-9.810122,0.000634,0.000554,-0.000028
21.744339,0.000120,0.003153,-9.809530,0.000549,0.000532,0.000038
21.751159,-0.000057,-0.003379,-9.810554,0.000633,0.000560,-0.000029
21.758137,0.000076,0.003236,-9.809460,0.000549,0.000532,0.000038
21.765030,0.000122,0.000315,-9.810471,0.000507,0.000526,0.000039
21.779068,0.000060,0.003182,-9.809469,0.000549,0.000532,0.000038
21.785811,-0.000113,-0.003406,-9.810495,0.000635,0.000554,-0.000028
21.792803,0.000257,0.003303,-9.809692,0.000543,0.000544,0.000039
21.799818,-0.000004,0.000226,-9.810290,0.000507,0.000526,0.000039
21.813632,-0.000161,0.003623,-9.810186,0.000519,0.000515,0.000038
21.820565,0.000013,-0.003466,-9.810122,0.000634,0.000554,-0.000028
21.827553,0.000122,0.003216,-9.809521,0.000549,0.000532,0.000038
21.834538,-0.000056,-0.003301,-9.810539,0.000633,0.000560,-0.000029
21.841576,0.000075,0.003209,-9.809465,0.000549,0.000532,0.000038
21.855508,-0.000148,-0.003598,-9.810074,0.000633,0.000561,-0.000029
21.862314,0.000063,0.003312,-9.809449,0.000549,0.000532,0.000038
21.869238,-0.000110,-0.003319,-9.810482,0.000635,0.000554,-0.000028
21.876158,0.000259,0.003338,-9.809690,0.000543,0.000544,0.000039
21.890017,-0.000040,-0.003785,-9.809763,0.000657,0.000576,-0.000028
21.897084,-0.000056,0.003274,-9.809773,0.000550,0.000532,0.000038
21.903965,-0.000106,-0.003332,-9.810488,0.000635,0.000554,-0.000028
21.910967,0.000226,0.003236,-9.809793,0.000546,0.000549,0.000038
21.924809,0.000161,0.003309,-9.809439,0.000545,0.000527,0.000039
21.931822,0.000091,0.000230,-9.810546,0.000507,0.000526,0.000039
21.938667,-0.000156,-0.003710,-9.810078,0.000633,0.000561,-0.000029
21.945680,0.000061,0.003214,-9.809464,0.000549,0.000532,0.000038
21.952608,0.000121,0.000313,-9.810467,0.000507,0.000526,0.000039
21.966451,-0.000158,0.003567,-9.810182,0.000519,0.000515,0.000038
21.973359,0.000013,-0.003479,-9.810123,0.000634,0.000554,-0.000028
21.980396,0.000122,0.003193,-9.809525,0.000549,0.000532,0.000038
21.987361,-0.000056,-0.003310,-9.810540,0.000633,0.000560,-0.000029
21.994277,0.000174,0.003284,-9.809728,0.000546,0.000549,0.000038
22.008059,-0.000207,-0.003690,-9.810015,0.000634,0.000554,-0.000028
22.015172,0.000143,0.003222,-9.809436,0.000546,0.000527,0.000039
22.022011,-0.000085,-0.003433,-9.810653,0.000633,0.000560,-0.000029
22.029020,0.000073,0.003220,-9.809463,0.000549,0.000532,0.000038
22.042812,0.000130,0.003241,-9.809521,0.000549,0.000532,0.000038
22.049812,0.000173,0.000298,-9.810524,0.000506,0.000533,0.000038
22.056696,-0.000261,-0.003671,-9.809949,0.000634,0.000554,-0.000028
22.063713,0.000115,0.003207,-9.809528,0.000549,0.000532,0.000038
22.077654,-0.000020,0.003208,-9.809191,0.000549,0.000532,0.000038
22.084465,0.000123,0.000322,-9.810477,0.000507,0.000526,0.000039
22.091461,-0.000150,-0.003630,-9.810076,0.000633,0.000561,-0.000029
22.098440,0.000061,0.003229,-9.809462,0.000549,0.000532,0.000038
22.105428,-0.000109,-0.003289,-9.810477,0.000635,0.000554,-0.000028
22.119246,-0.000004,0.000231,-9.810297,0.000507,0.000526,0.000039
22.126163,-0.000048,-0.003840,-9.809715,0.000663,0.000578,-0.000029
22.133208,-0.000156,0.003526,-9.810181,0.000519,0.000515,0.000038
22.140081,0.000013,-0.003497,-9.810122,0.000634,0.000554,-0.000028
22.153946,-0.000058,-0.003354,-9.810535,0.000633,0.000560,-0.000029
22.160904,0.000076,0.003245,-9.809459,0.000549,0.000532,0.000038
22.167913,0.000120,0.000309,-9.810462,0.000507,0.000526,0.000039
22.174779,-0.000153,-0.003697,-9.810077,0.000633,0.000561,-0.000029
22.181745,0.000061,0.003236,-9.809461,0.000549,0.000532,0.000038
22.195722,0.000254,0.003273,-9.809695,0.000543,0.000544,0.000039
22.202587,-0.000004,0.000231,-9.810296,0.000507,0.000526,0.000039
22.209459,-0.000049,-0.003864,-9.809713,0.000663,0.000578,-0.000029
22.216493,-0.000156,0.003533,-9.810180,0.000519,0.000515,0.000038
22.230386,0.000069,0.003221,-9.809458,0.000549,0.000532,0.000038
22.237270,-0.000110,-0.003337,-9.810486,0.000635,0.000554,-0.000028
22.244402,0.000127,0.003160,-9.809533,0.000549,0.000532,0.000038
22.251210,0.000123,0.000317,-9.810475,0.000507,0.000526,0.000039
22.265186,-0.000307,0.003545,-9.809851,0.000521,0.000508,0.000039
22.272076,0.000227,-0.003674,-9.809886,0.000663,0.000578,-0.000028
22.278976,-0.000078,0.003688,-9.810287,0.000515,0.000520,0.000039
22.285979,0.000329,-0.000111,-9.809700,0.000535,0.000550,0.000038
22.292879,-0.000386,-0.003508,-9.810313,0.000635,0.000554,-0.000028
22.306687,-0.000111,-0.003355,-9.810486,0.000635,0.000554,-0.000028
22.313717,0.000225,0.003223,-9.809794,0.000546,0.000549,0.000038
22.320660,-0.000206,-0.003333,-9.810208,0.000635,0.000554,-0.000028
22.327578,0.000161,0.003323,-9.809420,0.000546,0.000527,0.000039
22.341464,-0.000208,-0.003668,-9.810015,0.000634,0.000554,-0.000028
22.348454,0.000115,0.003216,-9.809525,0.000549,0.000532,0.000038
22.355357,-0.000057,-0.003339,-9.810546,0.000633,0.000560,-0.000029
22.362400,0.000075,0.003207,-9.809464,0.000549,0.000532,0.000038
22.376239,-0.000056,-0.003937,-9.809611,0.000663,0.000578,-0.000029
22.383271,-0.000057,0.003362,-9.809823,0.000550,0.000532,0.000038
22.390103,-0.000103,-0.003352,-9.810493,0.000635,0.000554,-0.000028
22.397120,0.000256,0.003291,-9.809693,0.000543,0.000544,0.000039
22.404043,-0.000004,0.000228,-9.810294,0.000507,0.000526,0.000039
22.417923,0.000115,0.003228,-9.809524,0.000549,0.000532,0.000038
22.424846,-0.000110,-0.003320,-9.810482,0.000635,0.000554,-0.000028
22.431811,0.000160,0.003297,-9.809422,0.000546,0.000527,0.000039
22.438801,-0.000083,-0.003360,-9.810638,0.000633,0.000560,-0.000029
22.445735,0.000074,0.003256,-9.809456,0.000549,0.000532,0.000038
22.459534,-0.000045,-0.003845,-9.809712,0.000663,0.000578,-0.000029
22.466610,-0.000051,0.003344,-9.809822,0.000550,0.000532,0.000038
22.473425,-0.000104,-0.003362,-9.810493,0.000635,0.000554,-0.000028
22.480481,0.000254,0.003272,-9.809693,0.000543,0.000544,0.000039
22.494280,-0.000208,-0.003649,-9.810017,0.000634,0.000554,-0.000028
22.501315,0.000114,0.003196,-9.809528,0.000549,0.000532,0.000038
22.508171,-0.000111,-0.003352,-9.810486,0.000635,0.000554,-0.000028
22.515166,0.000129,0.003221,-9.809524,0.000549,0.000532,0.000038
22.522074,-0.000056,-0.003337,-9.810546,0.000633,0.000560,-0.000029
22.535940,0.000025,0.000297,-9.810198,0.000507,0.000526,0.000039
22.542868,-0.000205,-0.003652,-9.810015,0.000634,0.000554,-0.000028
22.549910,0.000114,0.003192,-9.809529,0.000549,0.000532,0.000038
22.556766,-0.000013,-0.003333,-9.810760,0.000632,0.000571,-0.000028
22.570702,-0.000208,-0.003353,-9.810212,0.000635,0.000554,-0.000028
22.577587,0.000260,0.003357,-9.809689,0.000543,0.000544,0.000039
22.584815,-0.000003,0.000218,-9.810281,0.000507,0.000526,0.000039
22.591532,-0.000215,-0.003767,-9.810017,0.000634,0.000554,-0.000028
22.598487,0.000115,0.003232,-9.809524,0.000549,0.000532,0.000038
22.612469,0.000129,0.003198,-9.809528,0.000549,0.000532,0.000038
22.619381,0.000121,0.000312,-9.810468,0.000507,0.000526,0.000039
22.626334,-0.000045,-0.003822,-9.809713,0.000663,0.000578,-0.000029
22.633248,0.000076,0.003503,-9.809989,0.000544,0.000544,0.000038
22.640127,-0.000228,-0.003414,-9.810314,0.000635,0.000554,-0.000028
22.654003,0.000294,0.000143,-9.810170,0.000505,0.000533,0.000038
22.660916,-0.000107,-0.003846,-9.809646,0.000663,0.000578,-0.000029
22.668015,-0.000155,0.003502,-9.810181,0.000519,0.000515,0.000038
22.674963,0.000013,-0.003460,-9.810122,0.000634,0.000554,-0.000028
22.681805,0.000125,0.003285,-9.809510,0.000549,0.000532,0.000038
22.695683,0.000076,0.003260,-9.809456,0.000549,0.000532,0.000038
22.702716,0.000120,0.000308,-9.810461,0.000507,0.000526,0.000039
22.709610,-0.000152,-0.003682,-9.810076,0.000633,0.000561,-0.000029
22.716529,0.000062,0.003257,-9.809458,0.000549,0.000532,0.000038
22.730556,0.000253,0.003259,-9.809696,0.000543,0.000544,0.000039
22.737491,0.000013,0.000357,-9.810395,0.000496,0.000524,0.000040
22.744491,-0.000058,-0.003920,-9.809616,0.000663,0.000578,-0.000029
22.751340,-0.000059,0.003452,-9.809818,0.000550,0.000532,0.000038
22.758285,-0.000102,-0.003299,-9.810485,0.000635,0.000554,-0.000028
22.772322,-0.000089,-0.003158,-9.810596,0.000622,0.000550,-0.000026
22.779321,0.000213,0.003070,-9.809679,0.000546,0.000549,0.000038
22.786140,0.000017,0.000292,-9.810198,0.000507,0.000526,0.000039
22.793066,-0.000046,-0.003834,-9.809714,0.000663,0.000578,-0.000029
22.800040,-0.000211,0.003572,-9.810120,0.000520,0.000508,0.000039
22.813903,-0.000202,0.003547,-9.810113,0.000518,0.000525,0.000039
22.821072,0.000193,0.000129,-9.809903,0.000506,0.000526,0.000039
22.827786,-0.000055,-0.003965,-9.809702,0.000663,0.000578,-0.000029
22.834772,-0.000158,0.003556,-9.810182,0.000519,0.000515,0.000038
22.841587,0.000013,-0.003526,-9.810125,0.000634,0.000554,-0.000028
22.855617,0.000101,0.000057,-9.809930,0.000537,0.000544,0.000039
22.862516,-0.000310,-0.003389,-9.811182,0.000603,0.000565,-0.000029
22.869494,0.000114,0.003119,-9.808734,0.000549,0.000533,0.000038
22.876304,-0.000117,-0.003377,-9.810490,0.000635,0.000554,-0.000028
22.890300,-0.000208,-0.003352,-9.810210,0.000635,0.000554,-0.000028
22.897198,0.000259,0.003351,-9.809690,0.000543,0.000544,0.000039
22.904107,-0.000004,0.000230,-9.810295,0.000507,0.000526,0.000039
22.911102,-0.000153,-0.003628,-9.810078,0.000633,0.000561,-0.000029
22.924977,-0.000110,-0.003341,-9.810487,0.000635,0.000554,-0.000028
22.931962,0.000130,0.003226,-9.809523,0.000549,0.000532,0.000038
22.938876,0.000121,0.000312,-9.810468,0.000507,0.000526,0.000039
22.945978,-0.000044,-0.003742,-9.809720,0.000663,0.000578,-0.000029
22.952977,-0.000210,0.003559,-9.810120,0.000520,0.000508,0.000039
22.959751,0.000222,-0.003546,-9.810532,0.000630,0.000577,-0.000028
22.973537,-0.000116,-0.003465,-9.810507,0.000635,0.000554,-0.000028
22.980590,0.000254,0.003274,-9.809695,0.000543,0.000544,0.000039
22.987480,-0.000004,0.000230,-9.810294,0.000507,0.000526,0.000039
22.994444,-0.000153,-0.003644,-9.810078,0.000633,0.000561,-0.000029
23.008330,-0.000111,-0.003356,-9.810489,0.000635,0.000554,-0.000028
23.015347,0.000129,0.003212,-9.809526,0.000549,0.000532,0.000038
23.022203,0.000124,0.000326,-9.810480,0.000506,0.000526,0.000039
23.029196,-0.000045,-0.003811,-9.809706,0.000663,0.000578,-0.000029
23.036136,-0.000053,0.003409,-9.809820,0.000550,0.000532,0.000038
23.050009,0.000025,0.003408,-9.809882,0.000516,0.000532,0.000038
23.056925,-0.000093,-0.003504,-9.809848,0.000634,0.000554,-0.000028
23.063913,0.000122,0.003218,-9.809523,0.000549,0.000532,0.000038
23.070819,0.000121,0.000313,-9.810469,0.000507,0.000526,0.000039
23.084714,-0.000084,0.003659,-9.810289,0.000515,0.000520,0.000039
23.091627,-0.000001,-0.003546,-9.810098,0.000630,0.000560,-0.000028
23.098663,0.000063,0.003171,-9.809443,0.000549,0.000532,0.000038
23.105509,0.000121,0.000316,-9.810472,0.000507,0.000526,0.000039
23.112561,-0.000044,-0.003768,-9.809718,0.000663,0.000578,-0.000029
23.126358,-0.000102,-0.003306,-9.810486,0.000635,0.000554,-0.000028
23.133442,0.000128,0.003181,-9.809530,0.000549,0.000532,0.000038
23.140297,0.000122,0.000315,-9.810472,0.000507,0.000526,0.000039
23.147330,-0.000200,-0.003589,-9.810020,0.000633,0.000554,-0.000028
23.154198,0.000245,0.003344,-9.809680,0.000543,0.000544,0.000039
23.168145,0.000073,0.003236,-9.809463,0.000549,0.000532,0.000038
23.174970,0.000123,0.000319,-9.810474,0.000507,0.000526,0.000039
23.182016,-0.000148,-0.003603,-9.810074,0.000633,0.000561,-0.000029
23.189118,0.000060,0.003172,-9.809471,0.000549,0.000532,0.000038
23.195911,-0.000112,-0.003381,-9.810492,0.000635,0.000554,-0.000028
23.209676,-0.000111,-0.003356,-9.810487,0.000635,0.000554,-0.000028
23.216698,0.000256,0.003289,-9.809694,0.000543,0.000544,0.000039
23.223663,-0.000004,0.000227,-9.810293,0.000507,0.000526,0.000039
23.230625,-0.000048,-0.003816,-9.809716,0.000663,0.000578,-0.000029
23.244433,-0.000033,-0.003184,-9.811342,0.000603,0.000565,-0.000029
23.251426,0.000217,0.003125,-9.808999,0.000546,0.000549,0.000038
23.258375,-0.000211,-0.003332,-9.810208,0.000635,0.000554,-0.000028
23.265280,0.000259,0.003347,-9.809690,0.000543,0.000544,0.000039
23.279211,-0.000207,-0.003631,-9.810016,0.000634,0.000554,-0.000028
23.286124,0.000119,0.003277,-9.809538,0.000547,0.000532,0.000038
23.293076,-0.000058,-0.003338,-9.810524,0.000633,0.000560,-0.000029
23.300012,0.000076,0.003256,-9.809457,0.000549,0.000532,0.000038
23.307091,0.000119,0.000306,-9.810456,0.000507,0.000526,0.000039
23.320901,0.000063,0.003369,-9.809439,0.000549,0.000532,0.000038
23.327812,-0.000110,-0.003324,-9.810483,0.000635,0.000554,-0.000028
23.334833,0.000159,0.003271,-9.809426,0.000546,0.000527,0.000039
23.341715,0.000254,0.000070,-9.810266,0.000536,0.000550,0.000038
23.355598,0.000124,0.003275,-9.809523,0.000549,0.000532,0.000038
23.362576,-0.000109,-0.003294,-9.810477,0.000635,0.000554,-0.000028
23.369543,0.000227,0.003255,-9.809793,0.000546,0.000549,0.000038
23.376363,-0.000210,-0.003393,-9.810211,0.000635,0.000554,-0.000028
23.383386,0.000158,0.003272,-9.809429,0.000546,0.000527,0.000039
23.397332,-0.000204,-0.003597,-9.810016,0.000634,0.000554,-0.000028
23.404193,0.000117,0.003277,-9.809516,0.000549,0.000532,0.000038
23.411124,-0.000057,-0.003325,-9.810544,0.000633,0.000560,-0.000029
23.418114,0.000076,0.003230,-9.809461,0.000549,0.000532,0.000038
23.432010,-0.000151,-0.003667,-9.810076,0.000633,0.000561,-0.000029
23.438898,0.000062,0.003272,-9.809454,0.000549,0.000532,0.000038
23.445866,-0.000109,-0.003298,-9.810480,0.000635,0.000554,-0.000028
23.452910,0.000255,0.003279,-9.809695,0.000543,0.000544,0.000039
23.466705,-0.000048,-0.003843,-9.809715,0.000663,0.000578,-0.000029
23.473681,-0.000158,0.003562,-9.810183,0.000519,0.000515,0.000038
23.480596,0.000066,-0.003485,-9.810185,0.000633,0.000560,-0.000029
23.487611,0.000068,0.003210,-9.809460,0.000549,0.000532,0.000038
23.494491,-0.000110,-0.003338,-9.810487,0.000635,0.000554,-0.000028
23.508345,0.000274,0.000309,-9.810798,0.000503,0.000549,0.000038
23.515393,-0.000350,-0.003607,-9.809683,0.000634,0.000554,-0.000028
23.522299,0.000116,0.003261,-9.809524,0.000549,0.000532,0.000038
23.529792,-0.000101,-0.003071,-9.810445,0.000635,0.000554,-0.000028
23.543486,0.000146,-0.000346,-9.809529,0.000532,0.000550,0.000038
23.550479,-0.000303,-0.003174,-9.810564,0.000608,0.000554,-0.000025
23.558106,0.000103,0.002772,-9.809461,0.000536,0.000536,0.000039
23.565303,0.000432,0.001595,-9.811277,0.000395,0.000514,0.000057
23.572322,-0.000341,-0.007299,-9.808273,0.000792,0.000680,-0.000056
23.579608,0.000049,0.004945,-9.809820,0.000585,0.000555,0.000041
23.594400,0.000333,0.003683,-9.810536,0.000452,0.000528,0.000054
23.601417,0.000322,-0.000537,-9.809290,0.000504,0.000562,0.000048
23.610244,-0.052395,-0.601054,-9.493455,0.001583,0.000845,-0.000164
23.617070,-0.001502,0.012763,-9.818132,0.000651,0.000395,0.000008
23.623865,0.001531,0.008051,-9.817766,-0.000065,0.000273,0.000081
23.630941,0.000990,-0.007690,-9.805274,0.000513,0.000562,-0.000026
23.644738,0.000022,-0.003497,-9.810188,0.000634,0.000554,-0.000028
23.651753,0.000122,0.003200,-9.809523,0.000549,0.000532,0.000038
23.658616,-0.000055,-0.003359,-9.810550,0.000633,0.000560,-0.000029
23.665697,0.000078,0.003188,-9.809468,0.000549,0.000532,0.000038
23.672552,-0.000108,-0.003353,-9.810486,0.000635,0.000554,-0.000028
23.686657,0.000036,0.000524,-9.810525,0.000483,0.000520,0.000042
23.693675,-0.000070,-0.004069,-9.809489,0.000663,0.000578,-0.000029
23.700460,-0.000064,0.003480,-9.809817,0.000550,0.000532,0.000038
23.707311,-0.000101,-0.003344,-9.810491,0.000635,0.000554,-0.000028
23.714482,0.000129,0.003140,-9.809535,0.000549,0.000532,0.000038
23.728136,-0.000043,-0.003843,-9.809712,0.000663,0.000578,-0.000029
23.735130,-0.000208,0.003561,-9.810120,0.000520,0.000508,0.000039
23.741994,0.000329,-0.003674,-9.810157,0.000660,0.000594,-0.000028
23.749031,-0.000199,0.003533,-9.810113,0.000518,0.000525,0.000039
23.762903,0.000155,0.003300,-9.809419,0.000546,0.000527,0.000039
23.769824,0.000149,0.000239,-9.810629,0.000505,0.000533,0.000038
23.776702,-0.000100,-0.003857,-9.809648,0.000663,0.000578,-0.000029
23.783870,-0.000203,0.003475,-9.810118,0.000520,0.000508,0.000039
23.797688,-0.000148,0.003540,-9.810177,0.000519,0.000515,0.000038
23.804521,0.000252,0.000191,-9.810131,0.000504,0.000526,0.000039
23.811493,-0.000052,-0.003849,-9.809690,0.000663,0.000578,-0.000029
23.818610,-0.000050,0.003322,-9.809824,0.000550,0.000532,0.000038
23.825339,-0.000099,-0.003369,-9.810523,0.000632,0.000553,-0.000028
23.839300,-0.000003,0.000230,-9.810296,0.000507,0.000526,0.000039
23.846395,-0.000201,-0.003570,-9.810016,0.000634,0.000554,-0.000028
23.853219,0.000120,0.003295,-9.809514,0.000549,0.000532,0.000038
23.860070,-0.000109,-0.003356,-9.810488,0.000635,0.000554,-0.000028
23.874080,0.000046,-0.003271,-9.810822,0.000629,0.000577,-0.000028
23.881057,-0.000019,0.003197,-9.809176,0.000549,0.000532,0.000038
23.887942,0.000123,0.000317,-9.810472,0.000507,0.000526,0.000039
23.894805,-0.000150,-0.003700,-9.810077,0.000633,0.000561,-0.000029
23.901863,0.000063,0.003192,-9.809467,0.000549,0.000532,0.000038
23.915706,0.000262,0.003342,-9.809690,0.000543,0.000544,0.000039
23.922646,-0.000002,0.000226,-9.810293,0.000507,0.000526,0.000039
23.929575,-0.000046,-0.003834,-9.809715,0.000663,0.000578,-0.000029
23.936635,-0.000154,0.003518,-9.810180,0.000519,0.000515,0.000038
23.950591,0.000122,0.003140,-9.809532,0.000549,0.000532,0.000038
23.957382,-0.000056,-0.003395,-9.810555,0.000633,0.000560,-0.000029
23.964405,0.000078,0.003214,-9.809464,0.000549,0.000532,0.000038
23.971291,0.000128,0.000342,-9.810493,0.000505,0.000526,0.000039
23.985155,0.000062,0.003219,-9.809464,0.000549,0.000532,0.000038
23.992030,-0.000108,-0.003341,-9.810486,0.000635,0.000554,-0.000028
23.999131,0.000255,0.003251,-9.809697,0.000543,0.000544,0.000039
24.005944,-0.000002,0.000232,-9.810299,0.000507,0.000526,0.000039
24.012934,-0.000045,-0.003801,-9.809716,0.000663,0.000578,-0.000029
24.026838,0.000174,-0.003649,-9.809820,0.000663,0.000577,-0.000028
24.033841,-0.000200,0.003555,-9.810117,0.000520,0.000508,0.000039
24.040647,0.000125,-0.003550,-9.810252,0.000633,0.000560,-0.000028
24.047715,0.000070,0.003184,-9.809464,0.000549,0.000532,0.000038
24.054683,0.000131,0.000375,-9.810516,0.000501,0.000525,0.000039
24.068576,0.000074,0.003443,-9.809991,0.000544,0.000544,0.000038
24.075402,-0.000228,-0.003440,-9.810317,0.000635,0.000554,-0.000028
24.082455,0.000128,0.003196,-9.809530,0.000549,0.000532,0.000038
24.089437,0.000123,0.000308,-9.810463,0.000507,0.000526,0.000039
24.103242,0.000117,0.003212,-9.809525,0.000549,0.000532,0.000038
24.110184,-0.000054,-0.003320,-9.810543,0.000633,0.000560,-0.000029
24.117285,0.000172,0.003197,-9.809734,0.000546,0.000549,0.000038
24.124094,-0.000208,-0.003395,-9.810212,0.000635,0.000554,-0.000028
24.131057,0.000162,0.003300,-9.809423,0.000546,0.000527,0.000039
24.144914,-0.000045,-0.003817,-9.809714,0.000663,0.000578,-0.000029
24.151915,-0.000208,0.003557,-9.810120,0.000520,0.000508,0.000039
24.158812,0.000123,-0.003502,-9.810250,0.000633,0.000560,-0.000028
24.165855,0.000070,0.003195,-9.809462,0.000549,0.000532,0.000038
24.179642,-0.000042,-0.003796,-9.809714,0.000663,0.000578,-0.000029
24.186566,-0.000157,0.003588,-9.810184,0.000519,0.000515,0.000038
24.193477,0.000015,-0.003479,-9.810122,0.000634,0.000554,-0.000028
24.200574,0.000248,0.003244,-9.809696,0.000543,0.000544,0.000039
24.207373,0.000106,0.000059,-9.809928,0.000537,0.000544,0.000039
24.221297,0.000117,0.003153,-9.808719,0.000549,0.000533,0.000038
24.228185,-0.000113,-0.003342,-9.810485,0.000635,0.000554,-0.000028
24.235276,0.000225,0.003193,-9.809794,0.000546,0.000549,0.000038
24.242118,-0.000207,-0.003383,-9.810211,0.000635,0.000554,-0.000028
24.249132,0.000257,0.003294,-9.809695,0.000543,0.000544,0.000039
24.262931,-0.000152,-0.003658,-9.810078,0.000633,0.000561,-0.000029
24.269933,0.000063,0.003217,-9.809464,0.000549,0.000532,0.000038
24.276795,-0.000109,-0.003349,-9.810486,0.000635,0.000554,-0.000028
24.283840,0.000130,0.003197,-9.809528,0.000549,0.000532,0.000038
24.290683,0.000124,0.000314,-9.810470,0.000507,0.000526,0.000039
24.304602,0.000065,0.003353,-9.809440,0.000550,0.000532,0.000038
24.311555,-0.000107,-0.003305,-9.810480,0.000635,0.000553,-0.000028
24.318605,0.000257,0.003274,-9.809694,0.000544,0.000544,0.000038
24.325427,-0.000236,-0.003455,-9.810314,0.000635,0.000554,-0.000028
24.339476,0.000121,0.000304,-9.810457,0.000508,0.000526,0.000039
24.346257,-0.000044,-0.003920,-9.809705,0.000664,0.000578,-0.000029
24.353277,-0.000208,0.003545,-9.810119,0.000521,0.000508,0.000038
24.360219,0.000220,-0.003461,-9.810519,0.000631,0.000577,-0.000029
24.374098,-0.000101,-0.003226,-9.810515,0.000632,0.000552,-0.000028
24.381061,0.000255,0.003261,-9.809654,0.000544,0.000544,0.000038
24.387986,-0.000005,0.000225,-9.810294,0.000508,0.000526,0.000038
24.394902,-0.000153,-0.003671,-9.810079,0.000634,0.000560,-0.000029
24.401866,0.000063,0.003234,-9.809461,0.000550,0.000532,0.000038
24.415760,0.000132,0.003225,-9.809523,0.000551,0.000532,0.000038
24.422733,0.000122,0.000308,-9.810462,0.000508,0.000526,0.000038
24.429654,-0.000203,-0.003661,-9.810014,0.000635,0.000554,-0.000028
24.436782,0.000239,0.003230,-9.809699,0.000545,0.000544,0.000038
24.450538,0.000128,0.003214,-9.809527,0.000551,0.000532,0.000038
24.457412,-0.000109,-0.003346,-9.810485,0.000636,0.000553,-0.000028
24.464457,0.000226,0.003214,-9.809793,0.000548,0.000549,0.000038
24.471307,0.000026,0.000292,-9.810195,0.000509,0.000526,0.000038
24.478271,-0.000202,-0.003635,-9.810016,0.000636,0.000554,-0.000028
24.492081,-0.000236,-0.003452,-9.810313,0.000637,0.000553,-0.000028
24.499143,0.000127,0.003190,-9.809530,0.000551,0.000532,0.000038
24.506013,-0.000109,-0.003347,-9.810486,0.000637,0.000553,-0.000028
24.512920,0.000163,0.003324,-9.809417,0.000548,0.000527,0.000038
24.526827,-0.000204,-0.003721,-9.810014,0.000605,0.000565,-0.000030
24.534177,0.000098,0.002945,-9.808796,0.000551,0.000532,0.000038
24.540736,-0.000120,-0.003508,-9.810509,0.000637,0.000553,-0.000028
24.547760,0.000257,0.003285,-9.809693,0.000546,0.000544,0.000038
24.561537,-0.000208,-0.003682,-9.810017,0.000637,0.000554,-0.000029
24.568659,0.000115,0.003154,-9.809534,0.000552,0.000532,0.000038
24.575431,-0.000111,-0.003394,-9.810493,0.000637,0.000553,-0.000029
24.582519,0.000160,0.003238,-9.809431,0.000549,0.000527,0.000038
24.589348,-0.000123,-0.003312,-9.811399,0.000606,0.000564,-0.000030
24.603323,0.000116,0.000300,-9.810458,0.000510,0.000526,0.000038
24.610157,-0.000206,-0.003707,-9.810014,0.000637,0.000554,-0.000029
24.617180,0.000243,0.003280,-9.809695,0.000546,0.000544,0.000038
24.624104,-0.000233,-0.003404,-9.810308,0.000638,0.000553,-0.000029
24.637982,-0.000108,-0.003325,-9.810482,0.000638,0.000553,-0.000029
24.644907,0.000261,0.003334,-9.809690,0.000547,0.000544,0.000038
24.651907,-0.000002,0.000224,-9.810290,0.000510,0.000526,0.000038
24.658856,-0.000205,-0.003644,-9.810016,0.000637,0.000554,-0.000029
24.665801,0.000118,0.003235,-9.809524,0.000553,0.000532,0.000037
24.679628,0.000100,0.003493,-9.809992,0.000518,0.000520,0.000038
24.686663,0.000321,-0.000122,-9.809697,0.000539,0.000550,0.000037
24.693589,-0.000383,-0.003497,-9.810312,0.000638,0.000553,-0.000029
24.700527,0.000019,0.003421,-9.809889,0.000522,0.000515,0.000037
24.714460,0.000153,0.003254,-9.809425,0.000550,0.000527,0.000038
24.721343,-0.000123,-0.003287,-9.811389,0.000607,0.000564,-0.000030
24.728229,0.000122,0.003156,-9.808714,0.000553,0.000532,0.000037
24.735204,0.000117,0.000304,-9.810463,0.000511,0.000526,0.000038
24.742147,-0.000202,-0.003650,-9.810012,0.000638,0.000554,-0.000029
24.756043,-0.000234,-0.003420,-9.810309,0.000639,0.000553,-0.000029
24.762919,0.000130,0.003278,-9.809519,0.000553,0.000532,0.000037
24.769942,-0.000106,-0.003276,-9.810474,0.000639,0.000553,-0.000029
24.776856,0.000101,0.003520,-9.809991,0.000518,0.000520,0.000038
24.790750,-0.000216,-0.003679,-9.810012,0.000637,0.000560,-0.000030
24.797776,0.000063,0.003207,-9.809466,0.000554,0.000532,0.000037
24.804702,-0.000107,-0.003318,-9.810482,0.000639,0.000553,-0.000029
24.811702,0.000026,0.003386,-9.809885,0.000523,0.000514,0.000037
24.818680,0.000267,0.000390,-9.810293,0.000491,0.000521,0.000040
24.832604,-0.000030,0.003387,-9.809726,0.000552,0.000526,0.000037
24.839558,-0.000100,-0.003126,-9.811451,0.000599,0.000562,-0.000029
24.846392,0.000114,0.003066,-9.808629,0.000553,0.000532,0.000037
24.853441,-0.000116,-0.003270,-9.810472,0.000640,0.000553,-0.000029
24.867308,0.000218,0.000048,-9.810056,0.000510,0.000532,0.000037
24.874240,-0.000215,-0.003667,-9.810012,0.000638,0.000560,-0.000030
24.881219,0.000063,0.003229,-9.809463,0.000554,0.000532,0.000037
24.888191,-0.000107,-0.003297,-9.810478,0.000640,0.000553,-0.000029
24.902012,0.000166,0.000056,-9.809995,0.000512,0.000526,0.000038
24.908951,-0.000054,-0.003840,-9.809711,0.000669,0.000577,-0.000030
24.915864,-0.000212,0.003601,-9.810122,0.000526,0.000508,0.000037
24.922838,0.000068,-0.003456,-9.810185,0.000640,0.000553,-0.000029
24.936772,-0.000230,-0.003368,-9.810306,0.000640,0.000553,-0.000029
24.943649,0.000023,0.003449,-9.809885,0.000524,0.000514,0.000037
24.950695,0.000234,0.000145,-9.810102,0.000512,0.000526,0.000038
24.957645,-0.000195,-0.003525,-9.810096,0.000630,0.000551,-0.000028
24.964592,0.000138,0.003171,-9.809337,0.000552,0.000527,0.000037
24.978452,0.000066,0.003126,-9.808665,0.000555,0.000532,0.000037
24.985421,-0.000112,-0.003302,-9.810479,0.000641,0.000553,-0.000029
24.992373,0.000100,0.003499,-9.809991,0.000520,0.000520,0.000038
24.999315,0.000220,0.000048,-9.810058,0.000511,0.000532,0.000037
25.013125,0.000118,0.003242,-9.809524,0.000555,0.000531,0.000037
25.020101,-0.000107,-0.003297,-9.810478,0.000641,0.000553,-0.000029
25.027031,0.000100,0.003510,-9.809990,0.000520,0.000520,0.000038
25.033998,0.000166,0.000057,-9.809995,0.000513,0.000526,0.000037
25.040924,-0.000055,-0.003847,-9.809711,0.000670,0.000577,-0.000030
25.054785,0.000199,-0.003450,-9.810362,0.000635,0.000565,-0.000029
25.061771,-0.000000,0.003130,-9.809348,0.000556,0.000531,0.000037
25.068736,-0.000111,-0.003300,-9.810482,0.000641,0.000553,-0.000029
25.075631,0.000101,0.003529,-9.809991,0.000521,0.000520,0.000038
25.089572,-0.000213,-0.003651,-9.810014,0.000641,0.000553,-0.000030
25.096432,0.000118,0.003276,-9.809516,0.000556,0.000531,0.000037
25.103480,-0.000010,-0.003245,-9.810740,0.000639,0.000569,-0.000029
25.110403,-0.000027,0.003431,-9.809818,0.000524,0.000525,0.000037
25.117432,0.000060,-0.003439,-9.810180,0.000638,0.000570,-0.000029
25.131348,0.000219,0.000068,-9.810073,0.000511,0.000531,0.000037
25.138246,-0.000271,-0.003693,-9.809936,0.000641,0.000553,-0.000030
25.145185,0.000117,0.003240,-9.809522,0.000556,0.000531,0.000036
25.152092,-0.000108,-0.003329,-9.810483,0.000642,0.000552,-0.000030
25.158957,0.000101,0.003544,-9.809991,0.000521,0.000520,0.000038
25.172885,-0.000219,-0.003732,-9.810013,0.000641,0.000553,-0.000030
25.179853,0.000117,0.003224,-9.809525,0.000557,0.000531,0.000036
25.186799,0.000020,-0.003231,-9.810650,0.000637,0.000564,-0.000029
25.193733,-0.000152,0.003345,-9.809648,0.000528,0.000508,0.000037
25.200725,0.000110,-0.003465,-9.810246,0.000641,0.000559,-0.000030
25.214536,0.000026,0.000291,-9.810195,0.000515,0.000525,0.000037
25.221548,-0.000201,-0.003610,-9.810016,0.000642,0.000553,-0.000030
25.228485,0.000086,0.003500,-9.809994,0.000522,0.000520,0.000037
25.235440,-0.000064,-0.003559,-9.810009,0.000642,0.000553,-0.000030
25.249350,-0.000089,-0.003446,-9.809849,0.000642,0.000553,-0.000030
25.256280,0.000092,0.003504,-9.809992,0.000522,0.000519,0.000037
25.263152,0.000222,0.000049,-9.810058,0.000513,0.000532,0.000036
25.270129,-0.000266,-0.003634,-9.809950,0.000642,0.000553,-0.000030
25.284052,-0.000106,-0.003266,-9.810473,0.000643,0.000552,-0.000030
25.290976,0.000101,0.003514,-9.809990,0.000522,0.000519,0.000037
25.297986,0.000165,0.000057,-9.809995,0.000515,0.000525,0.000037
25.304836,-0.000217,-0.003707,-9.810013,0.000643,0.000553,-0.000030
25.311760,0.000139,0.003497,-9.810055,0.000521,0.000526,0.000037
25.325635,0.000122,0.003262,-9.809517,0.000558,0.000531,0.000036
25.332644,-0.000107,-0.003282,-9.810475,0.000643,0.000552,-0.000030
25.339552,0.000101,0.003522,-9.809990,0.000523,0.000519,0.000037
25.346514,0.000166,0.000057,-9.809996,0.000515,0.000525,0.000037
25.360364,0.000247,0.003356,-9.809688,0.000552,0.000543,0.000037
25.374245,-0.000031,0.003454,-9.809822,0.000529,0.000507,0.000037
25.381280,0.000156,-0.003419,-9.810446,0.000640,0.000569,-0.000030
25.388229,-0.000005,0.003469,-9.809716,0.000523,0.000519,0.000037
25.395073,0.000167,0.000061,-9.809997,0.000516,0.000525,0.000037
25.402134,-0.000210,-0.003597,-9.810013,0.000643,0.000553,-0.000030
25.416011,-0.000120,-0.003224,-9.811363,0.000613,0.000563,-0.000031
25.422851,-0.000025,0.003478,-9.809818,0.000498,0.000518,0.000036
25.429829,0.000416,0.000219,-9.810334,0.000478,0.000548,0.000036
25.436850,-0.000331,-0.003702,-9.809841,0.000612,0.000564,-0.000031
25.443673,0.000007,0.003469,-9.809886,0.000497,0.000525,0.000035
25.457605,0.000252,0.003383,-9.809681,0.000553,0.000543,0.000036
25.464656,-0.000229,-0.003344,-9.810304,0.000645,0.000552,-0.000030
25.471562,0.000067,0.003462,-9.810094,0.000527,0.000524,0.000037
25.478412,0.000196,0.000121,-9.809894,0.000516,0.000525,0.000037
25.492315,-0.000169,0.003372,-9.809647,0.000530,0.000507,0.000036
25.499350,0.000057,-0.003436,-9.810181,0.000644,0.000552,-0.000030
25.506200,0.000147,0.003532,-9.810052,0.000523,0.000526,0.000036
25.513145,0.000112,0.000065,-9.809931,0.000517,0.000525,0.000036
25.520176,-0.000210,-0.003611,-9.810014,0.000644,0.000553,-0.000030
25.534111,-0.000088,-0.003424,-9.809851,0.000645,0.000552,-0.000030
25.540932,0.000093,0.003561,-9.809989,0.000524,0.000519,0.000037
25.548074,-0.000062,-0.003467,-9.810011,0.000645,0.000552,-0.000030
25.554899,-0.000033,0.003525,-9.809856,0.000526,0.000506,0.000037
25.568852,-0.000331,-0.003681,-9.809841,0.000645,0.000553,-0.000030
25.575703,0.000115,0.003282,-9.809518,0.000560,0.000531,0.000036
25.582691,-0.000107,-0.003291,-9.810477,0.000645,0.000552,-0.000030
25.589565,0.000101,0.003540,-9.809992,0.000525,0.000519,0.000037
25.603632,0.000087,0.003411,-9.809991,0.000525,0.000519,0.000037
25.610388,0.000170,0.000059,-9.809995,0.000517,0.000525,0.000036
25.617405,-0.000211,-0.003619,-9.810013,0.000645,0.000552,-0.000030
25.624374,0.000244,0.003304,-9.809692,0.000555,0.000543,0.000036
25.631223,-0.000343,-0.003268,-9.810680,0.000615,0.000535,-0.000031
25.645110,-0.000001,-0.003535,-9.810119,0.000645,0.000552,-0.000030
25.652168,0.000195,0.003270,-9.809631,0.000556,0.000536,0.000037
25.659002,0.000067,0.000342,-9.811172,0.000487,0.000536,0.000035
25.666006,-0.000199,-0.003614,-9.810015,0.000614,0.000564,-0.000032
25.679905,-0.000063,-0.003531,-9.810010,0.000614,0.000563,-0.000032
25.686855,-0.000039,0.003410,-9.809821,0.000500,0.000518,0.000035
25.693717,0.000423,0.000229,-9.810345,0.000480,0.000548,0.000036
25.700737,-0.000331,-0.003707,-9.809835,0.000614,0.000564,-0.000032
25.707681,-0.000046,0.003418,-9.809826,0.000500,0.000518,0.000035
25.721564,-0.000055,0.003209,-9.809272,0.000531,0.000535,0.000035
25.728443,0.000071,-0.003268,-9.810721,0.000609,0.000575,-0.000031
25.735479,-0.000150,0.003295,-9.809654,0.000500,0.000518,0.000035
25.742362,0.000290,0.000143,-9.810170,0.000487,0.000536,0.000035
25.749379,-0.000082,-0.003542,-9.810179,0.000609,0.000576,-0.000031
25.763218,0.000158,-0.003535,-9.810465,0.000612,0.000580,-0.000032
25.770206,-0.000049,0.003272,-9.809026,0.000529,0.000524,0.000036
25.777071,0.000055,-0.003524,-9.810184,0.000644,0.000569,-0.000031
25.784058,-0.000005,0.003453,-9.809720,0.000527,0.000519,0.000036
25.797940,-0.000213,-0.003652,-9.810014,0.000647,0.000552,-0.000031
25.804857,0.000086,0.003511,-9.809992,0.000527,0.000519,0.000036
25.811780,-0.000065,-0.003575,-9.810010,0.000647,0.000552,-0.000031
25.818780,0.000088,0.003466,-9.809990,0.000527,0.000519,0.000036
25.825748,0.000166,0.000057,-9.809995,0.000519,0.000525,0.000036
25.839545,0.000055,0.003464,-9.810095,0.000530,0.000524,0.000036
25.846750,-0.000035,-0.003376,-9.809914,0.000647,0.000552,-0.000031
25.853536,0.000094,0.003579,-9.809989,0.000527,0.000519,0.000036
25.860409,-0.000065,-0.003600,-9.810009,0.000647,0.000552,-0.000031
25.867420,0.000088,0.003461,-9.809990,0.000527,0.000519,0.000036
25.881216,-0.000216,-0.003697,-9.810013,0.000647,0.000552,-0.000031
25.888246,0.000084,0.003454,-9.809993,0.000527,0.000519,0.000036
25.895096,-0.000065,-0.003612,-9.810011,0.000647,0.000552,-0.000031
25.902170,0.000087,0.003430,-9.809990,0.000527,0.000519,0.000036
25.916085,0.000087,0.003426,-9.809991,0.000528,0.000519,0.000036
25.922883,0.000169,0.000059,-9.809994,0.000520,0.000525,0.000036
25.929804,-0.000214,-0.003670,-9.810013,0.000648,0.000552,-0.000031
25.936869,0.000084,0.003436,-9.809993,0.000528,0.000519,0.000036
25.943755,-0.000064,-0.003593,-9.810010,0.000648,0.000552,-0.000031
25.957785,0.000411,0.000216,-9.810331,0.000514,0.000536,0.000036
25.964584,-0.000342,-0.003822,-9.809834,0.000648,0.000552,-0.000031
25.971594,0.000051,0.003403,-9.810094,0.000531,0.000523,0.000036
25.978468,-0.000037,-0.003536,-9.809910,0.000648,0.000552,-0.000031
25.992388,0.000032,-0.003567,-9.810270,0.000645,0.000569,-0.000031
25.999314,-0.000009,0.003483,-9.809718,0.000528,0.000519,0.000036
26.006280,0.000165,0.000059,-9.809997,0.000520,0.000524,0.000036
26.013154,-0.000216,-0.003694,-9.810013,0.000648,0.000552,-0.000031
26.020208,0.000084,0.003442,-9.809992,0.000528,0.000518,0.000036
26.034054,0.000059,0.003420,-9.810090,0.000532,0.000523,0.000036
26.041042,-0.000045,-0.003293,-9.810540,0.000615,0.000551,-0.000031
26.047933,0.000110,0.003340,-9.809351,0.000528,0.000519,0.000036
26.054933,0.000158,0.000064,-9.810005,0.000520,0.000524,0.000036
26.061829,-0.000216,-0.003696,-9.810002,0.000649,0.000552,-0.000031
26.075740,-0.000068,-0.003646,-9.809977,0.000649,0.000552,-0.000031
26.082694,0.000087,0.003489,-9.809990,0.000529,0.000518,0.000036
26.089784,0.000163,0.000055,-9.809995,0.000521,0.000524,0.000035
26.096541,-0.000220,-0.003758,-9.810013,0.000649,0.000552,-0.000031
26.110439,-0.000064,-0.003577,-9.810010,0.000649,0.000552,-0.000031
26.117640,-0.000007,0.003352,-9.809730,0.000532,0.000502,0.000036
26.124386,0.000048,-0.003526,-9.811110,0.000618,0.000563,-0.000032
26.131316,0.000095,0.003502,-9.809987,0.000497,0.000530,0.000035
26.145146,-0.000215,-0.003683,-9.810013,0.000618,0.000563,-0.000032
26.152110,0.000085,0.003486,-9.809994,0.000498,0.000530,0.000035
26.159097,-0.000064,-0.003543,-9.810009,0.000618,0.000563,-0.000032
26.166037,0.000059,0.003434,-9.810092,0.000501,0.000534,0.000034
26.173009,-0.000082,-0.003343,-9.809586,0.000614,0.000540,-0.000030
26.186903,0.000373,0.000147,-9.810431,0.000519,0.000541,0.000035
26.193776,-0.000213,-0.003700,-9.810009,0.000647,0.000569,-0.000032
26.200754,-0.000012,0.003460,-9.809723,0.000530,0.000518,0.000036
26.207664,-0.000065,-0.003578,-9.810014,0.000650,0.000552,-0.000031
26.221593,0.000112,0.000066,-9.809933,0.000523,0.000518,0.000036
26.228537,-0.000018,-0.003467,-9.811042,0.000613,0.000575,-0.000032
26.235498,-0.000161,0.003327,-9.809650,0.000504,0.000518,0.000034
26.242425,0.000088,-0.003425,-9.810084,0.000615,0.000558,-0.000032
26.256299,0.000080,-0.003260,-9.810722,0.000582,0.000557,-0.000032
26.263279,-0.000060,0.003035,-9.808496,0.000535,0.000507,0.000035
26.270207,0.000275,0.000130,-9.810167,0.000522,0.000524,0.000035
26.277143,-0.000082,-0.003567,-9.810191,0.000643,0.000563,-0.000031
26.284127,-0.000167,0.003298,-9.809641,0.000536,0.000506,0.000035
26.297943,-0.000004,0.003481,-9.809714,0.000531,0.000518,0.000035
26.304958,-0.000169,-0.003357,-9.810371,0.000620,0.000534,-0.000032
26.311857,0.000205,0.003355,-9.809625,0.000530,0.000518,0.000036
26.318838,0.000157,0.000048,-9.809995,0.000523,0.000524,0.000035
26.332680,0.000085,0.003497,-9.809993,0.000531,0.000518,0.000035
26.339655,-0.000064,-0.003548,-9.810011,0.000651,0.000551,-0.000032
26.346598,0.000089,0.003495,-9.809989,0.000531,0.000518,0.000035
26.353578,0.000112,0.000067,-9.809935,0.000524,0.000518,0.000036
26.367490,-0.000161,0.003301,-9.809653,0.000505,0.000517,0.000034
26.374407,0.000025,-0.003230,-9.810658,0.000584,0.000551,-0.000032
26.381610,0.000009,0.003045,-9.809370,0.000505,0.000518,0.000034
26.388313,0.000151,-0.003595,-9.810469,0.000617,0.000579,-0.000033
26.395187,-0.000020,0.003390,-9.808908,0.000531,0.000518,0.000035
26.409105,-0.000213,-0.003651,-9.810013,0.000652,0.000552,-0.000032
26.416063,0.000085,0.003490,-9.809993,0.000531,0.000518,0.000035
26.422992,-0.000224,-0.003391,-9.810311,0.000622,0.000528,-0.000031
26.429916,0.000258,0.003335,-9.809691,0.000531,0.000518,0.000035
26.443780,0.000089,0.003544,-9.809989,0.000532,0.000518,0.000035
26.450876,0.000163,0.000056,-9.809997,0.000524,0.000524,0.000035
26.457755,-0.000068,-0.003433,-9.810299,0.000633,0.000560,-0.000029
26.464673,-0.000179,0.003174,-9.809534,0.000537,0.000506,0.000035
26.471679,0.000146,-0.003435,-9.810452,0.000649,0.000568,-0.000032
26.485600,0.000049,-0.003679,-9.809655,0.000651,0.000552,-0.000032
26.492539,-0.000016,0.003471,-9.809717,0.000535,0.000501,0.000035
26.499479,0.000277,0.000195,-9.811065,0.000493,0.000535,0.000034
26.506390,-0.000111,-0.003657,-9.810282,0.000618,0.000579,-0.000033
26.520287,0.000044,-0.003695,-9.809654,0.000652,0.000552,-0.000032
26.527233,0.000051,0.003423,-9.810087,0.000535,0.000523,0.000035
26.534213,-0.000045,-0.003296,-9.810541,0.000619,0.000551,-0.000032
26.541090,0.000110,0.003345,-9.809349,0.000532,0.000518,0.000035
26.555066,0.000201,0.003309,-9.809631,0.000532,0.000518,0.000035
26.561900,0.000160,0.000050,-9.809993,0.000525,0.000524,0.000035
26.568910,-0.000212,-0.003624,-9.810013,0.000653,0.000551,-0.000032
26.575805,0.000086,0.003522,-9.809992,0.000533,0.000518,0.000035
26.582894,-0.000166,-0.003323,-9.810367,0.000622,0.000534,-0.000032
26.596632,-0.000073,-0.003599,-9.810007,0.000653,0.000551,-0.000032
26.603671,0.000088,0.003448,-9.809990,0.000533,0.000518,0.000035
26.610552,-0.000172,-0.003423,-9.810377,0.000622,0.000534,-0.000032
26.617871,0.000194,0.003160,-9.809648,0.000532,0.000518,0.000035
26.624427,0.000167,0.000054,-9.809993,0.000525,0.000524,0.000035
26.638347,0.000198,0.003317,-9.809632,0.000533,0.000518,0.000035
26.645368,-0.000071,-0.003533,-9.810009,0.000653,0.000551,-0.000032
26.652424,0.000087,0.003439,-9.809990,0.000533,0.000518,0.000035
26.659135,-0.000067,-0.003687,-9.810010,0.000654,0.000551,-0.000032
26.666188,0.000088,0.003440,-9.809991,0.000533,0.000518,0.000035
26.680020,0.000305,0.003241,-9.809698,0.000531,0.000525,0.000034
26.686975,0.000100,0.000051,-9.809929,0.000526,0.000524,0.000034
26.693889,-0.000375,-0.003490,-9.810318,0.000624,0.000528,-0.000032
26.701031,0.000247,0.003235,-9.809703,0.000533,0.000518,0.000035
26.714728,0.000085,0.003453,-9.809954,0.000534,0.000518,0.000035
26.721699,0.000163,0.000056,-9.809996,0.000526,0.000524,0.000034
26.728699,-0.000191,-0.003379,-9.810540,0.000618,0.000546,-0.000032
26.735697,-0.000052,0.003147,-9.809296,0.000539,0.000506,0.000034
26.749533,-0.000005,0.003419,-9.809720,0.000534,0.000518,0.000035
26.756428,-0.000226,-0.003405,-9.810316,0.000625,0.000527,-0.000032
26.763397,0.000256,0.003313,-9.809693,0.000534,0.000518,0.000035
26.770325,0.000025,-0.003565,-9.810278,0.000652,0.000568,-0.000032
26.777201,-0.000009,0.003509,-9.809715,0.000535,0.000518,0.000035
26.791168,0.000260,0.003357,-9.809690,0.000534,0.000518,0.000035
26.798094,0.000158,0.000047,-9.809992,0.000527,0.000523,0.000034
26.805098,-0.000221,-0.003440,-9.810640,0.000621,0.000551,-0.000033
26.812005,0.000103,0.003332,-9.809357,0.000534,0.000518,0.000035
26.825838,0.000174,0.003302,-9.809728,0.000537,0.000523,0.000034
26.832860,-0.000022,-0.003224,-9.810435,0.000619,0.000546,-0.000032
26.839779,-0.000047,0.003182,-9.809284,0.000540,0.000506,0.000034
26.846698,0.000147,-0.003483,-9.810453,0.000652,0.000568,-0.000032
26.860568,-0.000129,-0.003417,-9.810594,0.000623,0.000544,-0.000032
26.867644,0.000160,0.003257,-9.809442,0.000533,0.000517,0.000035
26.874555,0.000050,0.000207,-9.810347,0.000497,0.000506,0.000034
26.881453,-0.000003,-0.003826,-9.809921,0.000652,0.000568,-0.000033
26.895277,0.000050,-0.003752,-9.809649,0.000655,0.000551,-0.000033
26.902343,0.000080,0.003425,-9.809989,0.000535,0.000518,0.000034
26.909191,-0.000227,-0.003431,-9.810314,0.000626,0.000527,-0.000032
26.916167,0.000256,0.003311,-9.809693,0.000535,0.000518,0.000035
26.923128,-0.000072,-0.003566,-9.810006,0.000656,0.000551,-0.000033
26.937085,-0.000219,-0.003309,-9.810303,0.000626,0.000527,-0.000032
26.943891,0.000262,0.003395,-9.809688,0.000535,0.000518,0.000034
26.950931,0.000025,-0.003509,-9.810273,0.000653,0.000568,-0.000033
26.957847,-0.000008,0.003487,-9.809715,0.000536,0.000517,0.000034
26.971783,0.000256,0.003303,-9.809695,0.000535,0.000518,0.000034
26.978625,0.000160,0.000047,-9.809991,0.000528,0.000523,0.000034
26.985652,-0.000243,-0.003357,-9.810478,0.000621,0.000539,-0.000032
26.992533,0.000100,0.003212,-9.809619,0.000538,0.000523,0.000034
26.999661,-0.000055,-0.003237,-9.810531,0.000623,0.000550,-0.000033
27.006436,0.000111,0.003397,-9.809340,0.000536,0.000518,0.000034
27.020399,0.000254,0.003284,-9.809697,0.000536,0.000518,0.000034
27.027231,0.000025,-0.003615,-9.810281,0.000654,0.000568,-0.000033
27.034246,-0.000113,0.003608,-9.810081,0.000506,0.000500,0.000034
27.041161,0.000050,-0.003739,-9.809649,0.000656,0.000551,-0.000033
27.055132,-0.000221,-0.003335,-9.810307,0.000627,0.000527,-0.000032
27.061927,0.000263,0.003399,-9.809686,0.000536,0.000518,0.000034
27.069024,-0.000070,-0.003499,-9.810006,0.000657,0.000551,-0.000033
27.075887,0.000089,0.003536,-9.809990,0.000537,0.000517,0.000034
27.082853,-0.000126,-0.003355,-9.810579,0.000625,0.000544,-0.000032
27.096645,-0.000003,0.000233,-9.810299,0.000500,0.000499,0.000034
27.103740,0.000081,-0.003666,-9.809888,0.000650,0.000563,-0.000033
27.110573,-0.000080,0.003395,-9.809916,0.000540,0.000522,0.000034
27.117661,-0.000070,-0.003175,-9.810376,0.000622,0.000539,-0.000032
27.131370,0.000071,-0.003272,-9.810721,0.000621,0.000545,-0.000033
27.138395,0.000051,0.003149,-9.809561,0.000540,0.000523,0.000034
27.145355,-0.000109,-0.003304,-9.810480,0.000625,0.000544,-0.000032
27.152337,0.000162,0.003288,-9.809423,0.000537,0.000518,0.000034
27.166132,0.000106,0.003322,-9.809356,0.000537,0.000517,0.000034
27.173095,-0.000231,-0.003381,-9.810310,0.000628,0.000527,-0.000033
27.180067,0.000256,0.003312,-9.809693,0.000537,0.000517,0.000034
27.187036,-0.000072,-0.003561,-9.810007,0.000658,0.000550,-0.000033
27.200957,0.000049,-0.003660,-9.809653,0.000657,0.000551,-0.000033
27.207848,0.000082,0.003512,-9.809988,0.000538,0.000517,0.000034
27.214857,-0.000126,-0.003334,-9.810575,0.000626,0.000544,-0.000033
27.221765,0.000161,0.003323,-9.809417,0.000537,0.000517,0.000034
27.228637,-0.000002,0.000232,-9.810300,0.000501,0.000499,0.000034
27.242548,-0.000079,0.003362,-9.809918,0.000541,0.000522,0.000033
27.249569,-0.000071,-0.003204,-9.810379,0.000623,0.000539,-0.000032
27.256496,0.000105,0.003190,-9.809618,0.000541,0.000522,0.000033
27.263355,-0.000112,-0.003353,-9.810487,0.000626,0.000544,-0.000033
27.277306,0.000042,-0.003762,-9.809646,0.000658,0.000551,-0.000033
27.284272,0.000083,0.003496,-9.810004,0.000537,0.000517,0.000034
27.291172,-0.000129,-0.003408,-9.810569,0.000626,0.000544,-0.000033
27.298081,0.000160,0.003321,-9.809417,0.000538,0.000517,0.000034
27.311991,0.000162,0.003343,-9.809414,0.000538,0.000517,0.000034
27.319047,-0.000133,-0.003321,-9.810570,0.000627,0.000544,-0.000033
27.325832,0.000164,0.003383,-9.809406,0.000538,0.000517,0.000034
27.332928,-0.000227,-0.003320,-9.810304,0.000629,0.000527,-0.000033
27.346703,-0.000081,-0.003404,-9.810644,0.000626,0.000550,-0.000033
27.353707,0.000108,0.003304,-9.809379,0.000537,0.000517,0.000034
27.360626,-0.000004,0.000211,-9.810280,0.000502,0.000499,0.000034
27.367670,0.000080,-0.003693,-9.809887,0.000653,0.000563,-0.000033
27.381468,-0.000071,-0.003212,-9.810381,0.000624,0.000538,-0.000032
27.388580,0.000103,0.003105,-9.809629,0.000542,0.000522,0.000033
27.395365,-0.000113,-0.003390,-9.810492,0.000627,0.000543,-0.000033
27.402389,0.000056,0.003437,-9.809785,0.000508,0.000500,0.000034
27.409243,0.000042,-0.003782,-9.809644,0.000659,0.000550,-0.000033
27.423154,-0.000125,-0.003330,-9.810575,0.000627,0.000543,-0.000033
27.430008,0.000055,0.003522,-9.809779,0.000508,0.000500,0.000034
27.437134,0.000041,-0.003640,-9.809657,0.000659,0.000550,-0.000034
27.443900,-0.000026,0.003755,-9.810361,0.000509,0.000500,0.000033
27.457886,0.000099,0.003306,-9.809355,0.000539,0.000517,0.000033
27.464747,-0.000235,-0.003430,-9.810315,0.000631,0.000526,-0.000033
27.471812,0.000253,0.003268,-9.809697,0.000539,0.000517,0.000034
27.478683,-0.000082,-0.003421,-9.810648,0.000627,0.000550,-0.000034
27.492581,-0.000002,0.000233,-9.810297,0.000503,0.000499,0.000034
27.499463,-0.000025,-0.003607,-9.810250,0.000623,0.000545,-0.000033
27.506552,-0.000059,0.003096,-9.809302,0.000545,0.000505,0.000033
27.513424,0.000086,-0.003151,-9.811527,0.000592,0.000556,-0.000034
27.520447,-0.000054,0.003019,-9.808504,0.000545,0.000505,0.000033
27.534263,0.000042,0.003049,-9.808767,0.000543,0.000522,0.000033
27.541200,-0.000085,-0.003255,-9.810381,0.000625,0.000538,-0.000033
27.548127,0.000007,0.003171,-9.809349,0.000546,0.000505,0.000033
27.555085,0.000031,-0.003107,-9.811445,0.000594,0.000549,-0.000034
27.562024,0.000141,0.003246,-9.809517,0.000508,0.000528,0.000032
27.575898,0.000261,0.003386,-9.809687,0.000508,0.000528,0.000032
27.582843,-0.000081,-0.003386,-9.810641,0.000596,0.000561,-0.000035
27.589823,0.000091,0.003179,-9.808566,0.000540,0.000517,0.000033
27.596752,-0.000224,-0.003284,-9.811110,0.000600,0.000537,-0.000034
27.610680,-0.000135,-0.003390,-9.810579,0.000597,0.000554,-0.000034
27.617711,0.000144,0.003149,-9.808640,0.000540,0.000517,0.000033
27.624549,0.000136,0.000430,-9.811280,0.000467,0.000522,0.000033
27.631464,-0.000272,-0.003750,-9.809906,0.000598,0.000544,-0.000035
27.645334,-0.000082,-0.003276,-9.810383,0.000626,0.000538,-0.000033
27.652357,0.000134,0.003207,-9.809525,0.000541,0.000517,0.000033
27.659299,-0.000221,-0.003277,-9.811107,0.000601,0.000537,-0.000034
27.666138,0.000266,0.003380,-9.809687,0.000509,0.000528,0.000032
27.673173,-0.000228,-0.003351,-9.810304,0.000600,0.000537,-0.000034
27.687060,-0.000050,-0.003291,-9.810534,0.000594,0.000556,-0.000035
27.693962,-0.000064,0.003072,-9.808482,0.000547,0.000505,0.000033
27.701043,0.000026,-0.003055,-9.811421,0.000595,0.000549,-0.000034
27.707893,0.000112,0.003226,-9.809612,0.000512,0.000533,0.000032
27.721800,0.000104,0.003158,-9.809623,0.000513,0.000533,0.000032
27.728662,-0.000081,-0.003288,-9.810386,0.000595,0.000549,-0.000034
27.735654,0.000134,0.003222,-9.809523,0.000510,0.000528,0.000032
27.742588,-0.000235,-0.003397,-9.810310,0.000601,0.000537,-0.000035
27.749511,0.000258,0.003336,-9.809691,0.000510,0.000528,0.000032
27.763417,-0.000332,-0.003745,-9.809843,0.000601,0.000538,-0.000035
27.770443,0.000239,0.003280,-9.809698,0.000510,0.000528,0.000032
27.777291,-0.000236,-0.003442,-9.810312,0.000601,0.000537,-0.000035
27.784503,0.000247,0.003201,-9.809703,0.000510,0.000528,0.000032
27.798076,-0.000064,0.003079,-9.808478,0.000548,0.000505,0.000032
27.805199,0.000026,-0.003037,-9.811413,0.000596,0.000549,-0.000034
27.812027,0.000143,0.003300,-9.809509,0.000510,0.000528,0.000032
27.819068,-0.000232,-0.003347,-9.810306,0.000602,0.000537,-0.000035
27.832866,-0.000107,-0.003345,-9.810452,0.000596,0.000549,-0.000034
27.839823,0.000003,0.003155,-9.809352,0.000516,0.000516,0.000031
27.846786,0.000017,-0.003220,-9.810650,0.000596,0.000549,-0.000034
27.853748,0.000109,0.003208,-9.809648,0.000510,0.000532,0.000032
27.860652,-0.000083,-0.003307,-9.810354,0.000596,0.000549,-0.000034
27.874606,-0.000236,-0.003405,-9.810312,0.000602,0.000537,-0.000035
27.881580,0.000256,0.003311,-9.809693,0.000511,0.000528,0.000032
27.888516,0.000126,0.000308,-9.810463,0.000468,0.000522,0.000032
27.895335,-0.000336,-0.003798,-9.809840,0.000602,0.000538,-0.000035
27.909241,-0.000235,-0.003434,-9.810311,0.000602,0.000537,-0.000035
27.916193,0.000256,0.003322,-9.809691,0.000511,0.000528,0.000032
27.923188,-0.000103,-0.003290,-9.810474,0.000597,0.000549,-0.000034
27.930160,0.000102,0.003168,-9.809622,0.000514,0.000533,0.000031
27.937095,-0.000080,-0.003254,-9.810381,0.000597,0.000549,-0.000034
27.950980,-0.000234,-0.003375,-9.810309,0.000603,0.000537,-0.000035
27.957945,0.000256,0.003315,-9.809692,0.000511,0.000528,0.000032
27.964810,-0.000106,-0.003351,-9.810483,0.000597,0.000549,-0.000035
27.971834,-0.000004,0.003313,-9.809985,0.000484,0.000515,0.000031
27.985703,0.000149,0.003274,-9.809422,0.000543,0.000517,0.000033
27.992662,-0.000091,-0.003187,-9.811273,0.000597,0.000549,-0.000035
27.999553,0.000108,0.003208,-9.809617,0.000515,0.000533,0.000031
28.006559,-0.000079,-0.003221,-9.810377,0.000597,0.000549,-0.000035
28.013388,-0.000024,0.003492,-9.809825,0.000482,0.000504,0.000032
28.027343,-0.000256,-0.003427,-9.810484,0.000598,0.000549,-0.000035
28.034379,-0.000008,0.003309,-9.809986,0.000484,0.000515,0.000031
28.041237,-0.000011,-0.003636,-9.809314,0.000632,0.000543,-0.000034
28.048180,0.000150,0.003294,-9.809419,0.000544,0.000516,0.000032
28.062037,0.000109,0.003239,-9.809613,0.000515,0.000533,0.000031
28.069055,-0.000079,-0.003217,-9.810375,0.000598,0.000549,-0.000035
28.075945,-0.000025,0.003451,-9.809820,0.000483,0.000504,0.000032
28.082913,-0.000013,-0.003559,-9.810074,0.000602,0.000544,-0.000036
28.096751,-0.000227,-0.003331,-9.811124,0.000604,0.000537,-0.000035
28.103793,0.000258,0.003282,-9.809696,0.000512,0.000527,0.000031
28.110653,-0.000105,-0.003354,-9.810484,0.000598,0.000549,-0.000035
28.117867,-0.000003,0.003224,-9.809984,0.000485,0.000515,0.000031
28.131649,-0.000036,0.002729,-9.809073,0.000549,0.000505,0.000032
28.138718,0.000395,0.000311,-9.811113,0.000500,0.000545,0.000031
28.145580,-0.000496,-0.003601,-9.810141,0.000604,0.000537,-0.000035
28.152512,0.000251,0.003337,-9.809696,0.000513,0.000527,0.000031
28.159401,-0.000105,-0.003341,-9.810482,0.000599,0.000549,-0.000035
28.173421,0.000020,-0.003477,-9.809235,0.000630,0.000538,-0.000034
28.180250,0.000093,0.003223,-9.809611,0.000548,0.000521,0.000032
28.187216,-0.000080,-0.003240,-9.810379,0.000631,0.000537,-0.000034
28.194113,-0.000025,0.003448,-9.809819,0.000516,0.000493,0.000033
28.208066,0.000089,0.003201,-9.808549,0.000545,0.000516,0.000032
28.214965,-0.000225,-0.003298,-9.811115,0.000605,0.000537,-0.000035
28.222012,0.000154,0.003449,-9.810056,0.000483,0.000510,0.000031
28.228881,0.000010,-0.003513,-9.810117,0.000598,0.000549,-0.000035
28.235880,0.000093,0.003145,-9.809621,0.000517,0.000532,0.000031
28.249694,-0.000001,0.003341,-9.809983,0.000486,0.000515,0.000031
28.256709,0.000020,-0.003493,-9.809231,0.000630,0.000538,-0.000034
28.263625,0.000122,0.003245,-9.809514,0.000546,0.000516,0.000032
28.270585,0.000009,0.000344,-9.811090,0.000478,0.000509,0.000031
28.277463,-0.000073,-0.003596,-9.810186,0.000599,0.000549,-0.000035
28.291377,-0.000080,-0.003271,-9.810394,0.000599,0.000548,-0.000035
28.298303,-0.000026,0.003419,-9.809811,0.000485,0.000504,0.000032
28.305275,0.000083,-0.003540,-9.810344,0.000601,0.000560,-0.000036
28.312246,-0.000023,0.003342,-9.808924,0.000515,0.000499,0.000032
28.326108,0.000250,0.003330,-9.809688,0.000546,0.000516,0.000032
28.333012,-0.000091,-0.003216,-9.811281,0.000600,0.000548,-0.000035
28.339996,0.000107,0.003165,-9.809625,0.000517,0.000532,0.000031
28.347003,-0.000079,-0.003222,-9.810376,0.000600,0.000548,-0.000035
28.353930,-0.000024,0.003433,-9.809820,0.000485,0.000504,0.000031
28.367842,0.000032,0.003323,-9.808991,0.000516,0.000499,0.000032
28.374758,-0.000124,-0.003572,-9.809949,0.000637,0.000526,-0.000035
28.381879,0.000243,0.003235,-9.809697,0.000546,0.000516,0.000032
28.388841,-0.000028,-0.002647,-9.811604,0.000561,0.000538,-0.000029
28.402691,0.000037,0.000298,-9.810402,0.000508,0.000515,0.000032
28.409671,-0.000171,-0.003566,-9.809916,0.000632,0.000538,-0.000034
28.416509,0.000122,0.003288,-9.809514,0.000547,0.000516,0.000032
28.423571,-0.000217,-0.003222,-9.811090,0.000607,0.000536,-0.000036
28.430406,0.000159,0.003558,-9.810057,0.000484,0.000510,0.000031
28.444364,-0.000003,0.003144,-9.809350,0.000521,0.000515,0.000030
28.451308,0.000016,-0.003230,-9.810652,0.000601,0.000548,-0.000035
28.458271,0.000030,0.003402,-9.809882,0.000485,0.000510,0.000031
28.465144,-0.000122,-0.003590,-9.809949,0.000606,0.000537,-0.000036
28.479110,-0.000105,-0.003312,-9.810476,0.000601,0.000549,-0.000035
28.486120,0.000026,0.003381,-9.809884,0.000485,0.000510,0.000031
28.492953,-0.000121,-0.003600,-9.809957,0.000605,0.000537,-0.000036
28.499904,0.000248,0.003302,-9.809683,0.000516,0.000527,0.000031
28.506940,-0.000104,-0.003272,-9.810472,0.000601,0.000548,-0.000035
28.520737,0.000215,0.000036,-9.810049,0.000477,0.000516,0.000030
28.527695,-0.000140,-0.003561,-9.810119,0.000601,0.000549,-0.000036
28.534719,0.000089,0.003136,-9.809625,0.000519,0.000532,0.000030
28.541611,-0.000080,-0.003269,-9.810388,0.000601,0.000548,-0.000035
28.555620,0.000082,-0.003464,-9.810335,0.000603,0.000560,-0.000036
28.562425,-0.000023,0.003424,-9.808900,0.000517,0.000499,0.000031
28.569456,-0.000122,-0.003511,-9.809950,0.000639,0.000525,-0.000035
28.576273,0.000253,0.003379,-9.809685,0.000548,0.000516,0.000032
28.583278,-0.000089,-0.003170,-9.811264,0.000602,0.000548,-0.000036
28.597181,-0.000067,-0.003569,-9.810012,0.000607,0.000537,-0.000036
28.604183,0.000247,0.003288,-9.809692,0.000516,0.000527,0.000031
28.610993,-0.000107,-0.003378,-9.810489,0.000602,0.000548,-0.000036
28.618010,0.000026,0.003378,-9.809883,0.000486,0.000510,0.000030
28.631881,0.000249,0.003313,-9.809691,0.000517,0.000527,0.000030
28.638859,-0.000104,-0.003298,-9.810475,0.000602,0.000548,-0.000036
28.645744,-0.000028,0.003452,-9.809819,0.000487,0.000503,0.000031
28.652790,0.000286,0.000137,-9.810164,0.000474,0.000521,0.000031
28.659660,-0.000342,-0.003780,-9.809839,0.000608,0.000537,-0.000036
28.673579,-0.000105,-0.003315,-9.810468,0.000603,0.000548,-0.000036
28.680600,-0.000004,0.003314,-9.809985,0.000490,0.000515,0.000030
28.687504,-0.000010,-0.003611,-9.809319,0.000637,0.000542,-0.000035
28.694347,-0.000010,0.003526,-9.809714,0.000520,0.000492,0.000032
28.708318,0.000129,0.003218,-9.809520,0.000517,0.000527,0.000030
28.715220,-0.000139,-0.003396,-9.810585,0.000606,0.000553,-0.000036
28.722186,0.000000,0.003473,-9.809720,0.000488,0.000503,0.000031
28.729056,0.000064,-0.003517,-9.810183,0.000602,0.000548,-0.000036
28.736084,0.000018,0.003362,-9.809883,0.000487,0.000510,0.000030
28.749893,0.000250,0.003330,-9.809690,0.000518,0.000527,0.000030
28.756904,-0.000104,-0.003282,-9.810473,0.000603,0.000548,-0.000036
28.763788,-0.000028,0.003453,-9.809819,0.000488,0.000503,0.000031
28.770877,0.000060,-0.003410,-9.810179,0.000603,0.000548,-0.000036
28.777674,0.000096,0.003239,-9.809609,0.000521,0.000532,0.000030
28.791635,0.000098,0.003055,-9.808832,0.000521,0.000504,0.000031
28.798497,0.000022,-0.003464,-9.810018,0.000635,0.000537,-0.000035
28.805582,0.000021,0.003338,-9.809883,0.000519,0.000498,0.000031
28.812385,-0.000124,-0.003628,-9.809948,0.000641,0.000525,-0.000035
28.819509,0.000243,0.003233,-9.809699,0.000550,0.000515,0.000031
28.833372,-0.000022,0.003430,-9.809820,0.000489,0.000503,0.000031
28.840373,0.000030,-0.003515,-9.810281,0.000606,0.000553,-0.000036
28.847230,0.000047,0.003516,-9.809784,0.000487,0.000509,0.000030
28.854248,-0.000017,-0.003461,-9.810238,0.000603,0.000552,-0.000036
28.861136,-0.000025,0.003342,-9.808886,0.000521,0.000492,0.000032
28.875049,0.000133,0.003333,-9.809504,0.000519,0.000527,0.000030
28.881936,-0.000109,-0.003339,-9.810484,0.000604,0.000548,-0.000036
28.888924,-0.000154,0.003321,-9.809653,0.000495,0.000491,0.000030
28.895883,0.000185,-0.003390,-9.810354,0.000604,0.000548,-0.000036
28.909725,0.000006,-0.003505,-9.810119,0.000604,0.000548,-0.000036
28.916662,0.000094,0.003175,-9.809619,0.000522,0.000532,0.000029
28.923683,-0.000184,-0.003046,-9.810736,0.000574,0.000531,-0.000036
28.930620,0.000129,0.003139,-9.808724,0.000519,0.000499,0.000031
28.944390,0.000147,0.003606,-9.810055,0.000520,0.000498,0.000031
28.951407,0.000010,-0.003440,-9.810115,0.000636,0.000537,-0.000035
28.958389,0.000124,0.003217,-9.809522,0.000551,0.000515,0.000031
28.965303,-0.000125,-0.003272,-9.811382,0.000608,0.000553,-0.000037
28.972319,0.000010,0.003481,-9.809746,0.000488,0.000502,0.000031
28.986329,-0.000019,0.003186,-9.809924,0.000491,0.000514,0.000029
28.993197,0.000029,-0.003445,-9.809294,0.000626,0.000534,-0.000034
29.000131,0.000008,0.003293,-9.809807,0.000519,0.000498,0.000031
29.007230,-0.000126,-0.003500,-9.809934,0.000642,0.000525,-0.000036
29.021180,-0.000087,-0.003101,-9.811229,0.000606,0.000548,-0.000036
29.028079,0.000007,0.003679,-9.809992,0.000472,0.000498,0.000033
29.035025,0.000064,-0.003775,-9.810172,0.000606,0.000560,-0.000037
29.041944,-0.000085,0.003378,-9.808861,0.000522,0.000492,0.000031
29.055839,-0.000003,0.003439,-9.809721,0.000491,0.000503,0.000030
29.062731,0.000063,-0.003506,-9.810183,0.000605,0.000548,-0.000036
29.069736,0.000127,0.003236,-9.809546,0.000517,0.000526,0.000030
29.076580,-0.000143,-0.003456,-9.810565,0.000609,0.000553,-0.000037
29.090478,0.000064,-0.003480,-9.810181,0.000605,0.000548,-0.000036
29.097428,-0.000035,0.003409,-9.809818,0.000491,0.000503,0.000030
29.104511,0.000059,-0.003414,-9.810178,0.000605,0.000548,-0.000036
29.111338,-0.000036,0.003471,-9.809815,0.000491,0.000503,0.000030
29.125191,0.000251,0.003346,-9.809687,0.000521,0.000526,0.000030
29.132121,-0.000105,-0.003321,-9.810478,0.000606,0.000548,-0.000037
29.139163,-0.000027,0.003375,-9.809823,0.000491,0.000503,0.000030
29.146017,0.000062,-0.003526,-9.810184,0.000606,0.000548,-0.000036
29.153031,-0.000035,0.003377,-9.809820,0.000491,0.000503,0.000030
29.166881,-0.000006,0.003100,-9.809325,0.000527,0.000514,0.000029
29.173898,0.000015,-0.003197,-9.810645,0.000607,0.000547,-0.000037
29.180741,-0.000025,0.003473,-9.809817,0.000492,0.000503,0.000030
29.187745,0.000060,-0.003452,-9.810180,0.000606,0.000548,-0.000037
29.201591,0.000061,-0.003490,-9.810184,0.000606,0.000548,-0.000037
29.208627,-0.000292,-0.000269,-9.809934,0.000623,0.000535,-0.000037
29.215487,0.000267,0.003703,-9.809892,0.000492,0.000502,0.000030
29.222526,0.000069,-0.003442,-9.810171,0.000606,0.000548,-0.000037
29.236360,-0.000214,-0.003140,-9.810843,0.000576,0.000530,-0.000037
29.243315,0.000073,0.003139,-9.808665,0.000523,0.000492,0.000031
29.250183,0.000063,-0.003413,-9.810987,0.000607,0.000548,-0.000037
29.257293,0.000031,0.003141,-9.809265,0.000524,0.000509,0.000029
29.271072,-0.000001,0.003405,-9.809700,0.000492,0.000503,0.000030
29.277952,0.000062,-0.003513,-9.810183,0.000607,0.000548,-0.000037
29.284918,-0.000035,0.003402,-9.809818,0.000492,0.000503,0.000030
29.291862,0.000060,-0.003482,-9.810183,0.000607,0.000548,-0.000037
29.305835,0.000062,-0.003413,-9.810193,0.000605,0.000547,-0.000037
29.312705,-0.000059,0.003174,-9.809263,0.000529,0.000508,0.000029
29.319758,0.000069,-0.003188,-9.810704,0.000608,0.000547,-0.000037
29.326640,-0.000249,-0.000134,-9.809875,0.000616,0.000529,-0.000036
29.333518,0.000233,0.003558,-9.809947,0.000493,0.000502,0.000030
29.347513,0.000018,0.003407,-9.809878,0.000492,0.000509,0.000029
29.354496,0.000012,-0.003400,-9.810153,0.000603,0.000547,-0.000036
29.361354,-0.000039,0.003403,-9.809782,0.000493,0.000503,0.000030
29.368292,0.000058,-0.003485,-9.810184,0.000607,0.000548,-0.000037
29.382199,-0.000123,-0.003598,-9.809948,0.000613,0.000536,-0.000037
29.389193,0.000089,0.003472,-9.809992,0.000493,0.000502,0.000030
29.396247,0.000064,-0.003421,-9.810182,0.000607,0.000547,-0.000037
29.403113,0.000018,0.003433,-9.809874,0.000492,0.000509,0.000029
29.416884,-0.000066,0.003382,-9.809919,0.000497,0.000507,0.000029
29.423956,0.000087,-0.003358,-9.810081,0.000608,0.000548,-0.000037
29.430762,-0.000034,0.003483,-9.809813,0.000494,0.000502,0.000030
29.437788,0.000060,-0.003441,-9.810180,0.000608,0.000548,-0.000037
29.451627,0.000061,-0.003501,-9.810184,0.000608,0.000548,-0.000037
29.458634,-0.000035,0.003380,-9.809818,0.000494,0.000502,0.000030
29.465555,-0.000037,-0.003511,-9.809912,0.000611,0.000531,-0.000037
29.472556,-0.000114,-0.000195,-9.810166,0.000620,0.000536,-0.000038
29.486444,0.000027,-0.003518,-9.809222,0.000640,0.000536,-0.000036
29.493418,-0.000023,0.003513,-9.810611,0.000494,0.000502,0.000030
29.500240,0.000066,-0.003539,-9.810187,0.000608,0.000548,-0.000037
29.507303,-0.000034,0.003353,-9.809821,0.000494,0.000502,0.000029
29.514101,0.000061,-0.003555,-9.810185,0.000609,0.000548,-0.000037
29.528045,0.000030,-0.003552,-9.810284,0.000612,0.000552,-0.000038
29.534995,-0.000008,0.003471,-9.809718,0.000495,0.000502,0.000029
29.541933,0.000063,-0.003483,-9.810182,0.000609,0.000547,-0.000037
29.548842,-0.000035,0.003430,-9.809816,0.000495,0.000502,0.000029
29.562862,-0.000037,0.003491,-9.809813,0.000495,0.000502,0.000029
29.569760,0.000061,-0.003504,-9.810184,0.000609,0.000547,-0.000037
29.576655,-0.000036,0.003435,-9.809817,0.000495,0.000502,0.000029
29.583627,0.000030,-0.003530,-9.810280,0.000612,0.000552,-0.000038
29.590671,-0.000234,-0.000146,-9.809738,0.000623,0.000530,-0.000037
29.604568,0.000057,-0.003541,-9.810087,0.000609,0.000548,-0.000037
29.611430,-0.000041,0.003450,-9.809816,0.000495,0.000502,0.000029
29.618304,0.000061,-0.003516,-9.810184,0.000609,0.000547,-0.000037
29.625586,0.000018,0.003243,-9.809886,0.000494,0.000509,0.000029
29.639187,-0.000035,0.003392,-9.809821,0.000495,0.000502,0.000029
29.646114,0.000030,-0.003553,-9.810282,0.000613,0.000552,-0.000038
29.653164,-0.000008,0.003421,-9.809723,0.000495,0.000502,0.000029
29.660038,0.000064,-0.003516,-9.810184,0.000610,0.000547,-0.000037
29.673925,0.000060,-0.003461,-9.810182,0.000610,0.000547,-0.000037
29.680982,-0.000035,0.003357,-9.809821,0.000496,0.000502,0.000029
29.687873,0.000061,-0.003508,-9.810184,0.000610,0.000547,-0.000037
29.694713,-0.000269,-0.000211,-9.809831,0.000624,0.000530,-0.000038
29.701633,0.000236,0.003604,-9.809989,0.000496,0.000502,0.000029
29.715564,-0.000036,0.003440,-9.809817,0.000496,0.000502,0.000029
29.722580,0.000287,0.000138,-9.810164,0.000482,0.000520,0.000029
29.729612,-0.000343,-0.003507,-9.810469,0.000583,0.000535,-0.000038
29.736601,0.000086,0.003188,-9.808582,0.000526,0.000491,0.000030
29.743385,0.000070,-0.003415,-9.811021,0.000607,0.000546,-0.000037
29.757270,0.000233,0.003587,-9.809990,0.000496,0.000502,0.000029
29.764287,0.000067,-0.003449,-9.810175,0.000610,0.000547,-0.000038
29.771222,-0.000036,0.003416,-9.809818,0.000496,0.000502,0.000029
29.778113,0.000061,-0.003508,-9.810184,0.000611,0.000547,-0.000038
29.784998,-0.000036,0.003442,-9.809817,0.000496,0.000502,0.000029
29.798956,-0.000036,0.003424,-9.809818,0.000497,0.000502,0.000029
29.805910,0.000030,-0.003540,-9.810283,0.000614,0.000552,-0.000038
29.812791,-0.000008,0.003507,-9.809715,0.000497,0.000502,0.000029
29.819789,-0.000096,-0.003275,-9.810479,0.000582,0.000524,-0.000037
29.833598,-0.000002,-0.003509,-9.810115,0.000611,0.000547,-0.000038
29.840609,-0.000035,0.003382,-9.809821,0.000497,0.000502,0.000029
29.847555,0.000060,-0.003480,-9.810183,0.000611,0.000547,-0.000038
29.854559,-0.000035,0.003383,-9.809818,0.000497,0.000502,0.000029
29.861441,0.000030,-0.003576,-9.810286,0.000614,0.000552,-0.000038
29.875362,0.000235,0.003545,-9.809988,0.000497,0.000502,0.000029
29.882247,-0.000039,-0.003342,-9.810546,0.000581,0.000530,-0.000038
29.889247,0.000078,0.003224,-9.809461,0.000497,0.000502,0.000029
29.896170,0.000053,-0.003500,-9.810181,0.000611,0.000547,-0.000038
29.910052,0.000061,-0.003487,-9.810183,0.000612,0.000547,-0.000038
29.916980,-0.000036,0.003420,-9.809817,0.000497,0.000502,0.000029
29.923979,0.000060,-0.003454,-9.810181,0.000612,0.000547,-0.000038
29.931358,-0.000033,0.003209,-9.809829,0.000498,0.000502,0.000029
29.944747,0.000084,0.003320,-9.809478,0.000494,0.000501,0.000029
29.952004,0.000048,-0.003377,-9.810145,0.000612,0.000547,-0.000038
29.958705,-0.000071,0.003472,-9.809917,0.000501,0.000507,0.000028
29.965548,0.000089,-0.003469,-9.810082,0.000612,0.000547,-0.000038
29.972622,-0.000258,-0.000204,-9.809836,0.000626,0.000529,-0.000038
29.986419,0.000014,-0.003478,-9.810116,0.000613,0.000541,-0.000037
29.993455,0.000018,0.003359,-9.809882,0.000498,0.000502,0.000029
30.000339,-0.000047,-0.003340,-9.810550,0.000582,0.000530,-0.000038
30.007336,0.000078,0.003225,-9.809461,0.000498,0.000502,0.000029
30.021334,-0.000037,0.003464,-9.809815,0.000498,0.000502,0.000029
30.028094,0.000062,-0.003575,-9.810187,0.000612,0.000547,-0.000038
30.035044,-0.000036,0.003409,-9.809818,0.000498,0.000502,0.000029
30.042059,-0.000045,-0.003278,-9.810540,0.000582,0.000530,-0.000038
30.055923,0.000053,-0.003480,-9.810179,0.000613,0.000547,-0.000038
30.062837,-0.000036,0.003428,-9.809817,0.000499,0.000502,0.000029
30.069804,0.000060,-0.003471,-9.810182,0.000613,0.000547,-0.000038
30.076715,-0.000036,0.003429,-9.809817,0.000499,0.000502,0.000028
30.083696,0.000060,-0.003463,-9.810181,0.000613,0.000547,-0.000038
30.097589,0.000233,0.003559,-9.809944,0.000499,0.000501,0.000029
30.104639,-0.000093,-0.003258,-9.810472,0.000584,0.000523,-0.000038
30.111459,0.000139,0.003334,-9.809535,0.000496,0.000501,0.000029
30.118390,0.000280,0.000099,-9.810140,0.000485,0.000519,0.000029
30.132345,-0.000273,-0.000206,-9.809838,0.000627,0.000529,-0.000038
30.139303,0.000235,0.003583,-9.809990,0.000499,0.000501,0.000029
30.146227,-0.000039,-0.003323,-9.810542,0.000583,0.000530,-0.000038
30.153216,0.000078,0.003229,-9.809460,0.000499,0.000502,0.000028
30.167039,-0.000036,0.003406,-9.809818,0.000499,0.000502,0.000028
30.174009,0.000060,-0.003468,-9.810183,0.000614,0.000547,-0.000038
30.180929,-0.000035,0.003424,-9.809818,0.000500,0.000502,0.000028
30.188003,-0.000097,-0.003241,-9.810473,0.000584,0.000523,-0.000038
30.201710,0.000053,-0.003538,-9.810182,0.000614,0.000547,-0.000038
30.208744,-0.000035,0.003368,-9.809820,0.000500,0.000502,0.000028
30.215957,0.000059,-0.003352,-9.810177,0.000614,0.000547,-0.000038
30.222686,-0.000259,-0.000074,-9.809916,0.000618,0.000526,-0.000037
30.229577,0.000228,0.003484,-9.809903,0.000500,0.000501,0.000028
30.243488,-0.000036,0.003414,-9.809818,0.000500,0.000501,0.000028
30.250482,0.000130,0.000317,-9.810465,0.000457,0.000496,0.000029
30.257385,-0.000041,-0.003831,-9.809722,0.000612,0.000547,-0.000038
30.264319,-0.000282,-0.000235,-9.809824,0.000628,0.000529,-0.000039
30.271306,0.000233,0.003568,-9.809990,0.000500,0.000501,0.000028
30.285160,0.000079,0.003253,-9.809456,0.000500,0.000502,0.000028
30.292154,0.000052,-0.003466,-9.810178,0.000615,0.000547,-0.000038
30.298993,-0.000037,0.003465,-9.809815,0.000500,0.000501,0.000028
30.306035,-0.000045,-0.003265,-9.810538,0.000584,0.000529,-0.000039
30.319919,0.000052,-0.003467,-9.810179,0.000615,0.000547,-0.000039
30.326800,-0.000036,0.003445,-9.809816,0.000501,0.000501,0.000028
30.333727,-0.000046,-0.003320,-9.810546,0.000584,0.000529,-0.000039
30.340804,0.000078,0.003188,-9.809466,0.000500,0.000502,0.000028
30.347679,0.000053,-0.003525,-9.810183,0.000615,0.000547,-0.000039
30.361531,0.000257,0.003884,-9.810530,0.000468,0.000501,0.000028
30.368457,0.000073,-0.003793,-9.808744,0.000646,0.000536,-0.000038
30.375531,-0.000034,0.003455,-9.810603,0.000501,0.000501,0.000028
30.390544,-0.000018,-0.003160,-9.809846,0.000602,0.000544,-0.000037
30.398574,0.000309,0.005076,-9.811451,0.000283,0.000447,0.000058
30.405812,0.000390,-0.005864,-9.808088,0.000640,0.000635,-0.000035
30.412474,-0.000726,-0.004528,-9.805789,0.001014,0.000695,-0.000077
30.419505,-0.000404,0.003281,-9.812779,0.000706,0.000523,-0.000039
30.426491,0.000302,0.000754,-9.811747,0.000602,0.000537,-0.000034
30.440399,0.000018,-0.003512,-9.810114,0.000616,0.000546,-0.000039
30.447268,-0.000016,0.003388,-9.809817,0.000502,0.000501,0.000028
30.454316,0.000027,-0.003485,-9.810118,0.000617,0.000540,-0.000038
30.461129,0.000038,0.003407,-9.809878,0.000502,0.000501,0.000028
30.475107,0.000152,0.003155,-9.809524,0.000501,0.000501,0.000028
30.482181,0.000071,-0.003492,-9.810175,0.000616,0.000546,-0.000039
30.489019,0.000027,0.003568,-9.809793,0.000491,0.000494,0.000029
30.495917,0.000044,-0.003730,-9.810205,0.000616,0.000547,-0.000039
30.502883,-0.000022,0.003334,-9.809820,0.000502,0.000501,0.000028
30.516779,0.000153,0.003181,-9.809521,0.000501,0.000501,0.000028
30.523807,0.000072,-0.003514,-9.810177,0.000616,0.000546,-0.000039
30.530648,-0.000250,-0.000275,-9.809831,0.000630,0.000529,-0.000039
30.537656,0.000253,0.003493,-9.809989,0.000502,0.000501,0.000028
30.551561,0.000150,0.003131,-9.809510,0.000502,0.000501,0.000028
30.558473,0.000071,-0.003571,-9.810179,0.000617,0.000546,-0.000039
30.565376,-0.000016,0.003369,-9.809817,0.000503,0.000501,0.000028
30.572440,0.000018,-0.003292,-9.810740,0.000585,0.000540,-0.000038
30.586237,-0.000087,-0.003353,-9.810480,0.000588,0.000523,-0.000038
30.593206,0.000152,0.003168,-9.809522,0.000502,0.000501,0.000028
30.600094,0.000072,-0.003585,-9.810181,0.000617,0.000546,-0.000039
30.607134,0.000111,0.003382,-9.809988,0.000497,0.000513,0.000028
30.614134,-0.000202,-0.003422,-9.810309,0.000588,0.000523,-0.000039
30.627965,0.000056,-0.003762,-9.810034,0.000617,0.000547,-0.000039
30.634878,-0.000024,0.003359,-9.809817,0.000503,0.000501,0.000028
30.641930,-0.000078,-0.003314,-9.810476,0.000588,0.000523,-0.000038
30.648808,0.000154,0.003211,-9.809515,0.000502,0.000501,0.000028
30.662720,-0.000016,0.003371,-9.809816,0.000503,0.000501,0.000027
30.669629,-0.000080,-0.003381,-9.810486,0.000588,0.000523,-0.000039
30.676638,0.000152,0.003149,-9.809524,0.000503,0.000501,0.000028
30.683536,0.000072,-0.003579,-9.810181,0.000618,0.000546,-0.000039
30.697444,0.000259,0.003590,-9.809989,0.000504,0.000501,0.000028
30.704506,0.000025,-0.003297,-9.810736,0.000586,0.000539,-0.000039
30.711268,0.000056,0.003246,-9.809227,0.000503,0.000501,0.000027
30.718203,-0.000088,-0.003377,-9.810483,0.000589,0.000522,-0.000039
30.732142,0.000045,-0.003671,-9.810285,0.000618,0.000546,-0.000039
30.739116,-0.000019,0.003333,-9.809818,0.000504,0.000501,0.000027
30.746035,-0.000080,-0.003377,-9.810485,0.000589,0.000522,-0.000039
30.752975,0.000153,0.003181,-9.809520,0.000503,0.000501,0.000027
30.759956,-0.000034,-0.003367,-9.810539,0.000588,0.000529,-0.000039
30.773861,0.000019,-0.003504,-9.810116,0.000620,0.000540,-0.000039
30.780742,-0.000096,-0.000264,-9.810168,0.000629,0.000545,-0.000039
30.787775,-0.000001,0.003636,-9.810018,0.000475,0.000477,0.000028
30.794647,0.000257,-0.003754,-9.809879,0.000618,0.000546,-0.000039
30.808578,-0.000185,-0.003291,-9.810418,0.000577,0.000519,-0.000037
30.815524,0.000137,0.003013,-9.809416,0.000503,0.000501,0.000027
30.822515,0.000064,-0.003536,-9.810180,0.000619,0.000546,-0.000039
30.829434,-0.000016,0.003361,-9.809816,0.000505,0.000501,0.000027
30.836305,-0.000080,-0.003399,-9.810489,0.000590,0.000522,-0.000039
30.850254,-0.000089,-0.003418,-9.810487,0.000590,0.000522,-0.000039
30.857346,0.000150,0.003111,-9.809531,0.000504,0.000501,0.000027
30.864135,0.000073,-0.003634,-9.810183,0.000619,0.000546,-0.000039
30.871167,-0.000015,0.003305,-9.809821,0.000505,0.000501,0.000027
30.878034,-0.000081,-0.003402,-9.810489,0.000590,0.000522,-0.000039
30.891979,0.000117,0.003712,-9.810184,0.000470,0.000489,0.000028
30.898866,0.000363,-0.000177,-9.809690,0.000491,0.000519,0.000027
30.905842,-0.000360,-0.003536,-9.810309,0.000590,0.000523,-0.000039
30.912741,-0.000085,-0.000440,-9.809537,0.000632,0.000528,-0.000040
30.926696,-0.000049,-0.003175,-9.810605,0.000575,0.000518,-0.000036
30.933662,0.000137,0.002971,-9.809397,0.000504,0.000501,0.000027
30.940667,0.000063,-0.003530,-9.810178,0.000620,0.000546,-0.000040
30.947532,-0.000017,0.003388,-9.809816,0.000506,0.000501,0.000027
30.954617,-0.000077,-0.003300,-9.810473,0.000590,0.000522,-0.000039
30.968363,-0.000185,-0.003400,-9.810208,0.000591,0.000522,-0.000039
30.975319,0.000019,-0.000421,-9.809808,0.000630,0.000545,-0.000040
30.982238,0.000248,0.003527,-9.809984,0.000503,0.000517,0.000027
30.989243,-0.000168,-0.003359,-9.810206,0.000591,0.000522,-0.000039
31.003153,-0.000182,-0.003366,-9.810207,0.000591,0.000522,-0.000039
31.010139,0.000176,0.003361,-9.809675,0.000489,0.000496,0.000029
31.017093,-0.000050,-0.003576,-9.810390,0.000589,0.000529,-0.000040
31.024139,0.000089,0.003135,-9.809466,0.000505,0.000501,0.000027
31.038034,0.000020,-0.000418,-9.809809,0.000631,0.000545,-0.000040
31.044897,0.000250,0.003554,-9.809984,0.000504,0.000517,0.000027
31.051844,-0.000170,-0.003386,-9.810208,0.000591,0.000522,-0.000039
31.058858,0.000247,0.003167,-9.809793,0.000503,0.000518,0.000027
31.065711,-0.000187,-0.003440,-9.810210,0.000591,0.000522,-0.000039
31.079556,-0.000187,-0.003447,-9.810211,0.000592,0.000522,-0.000039
31.086551,-0.000078,-0.000437,-9.809541,0.000634,0.000528,-0.000040
31.093704,0.000314,0.003511,-9.810102,0.000501,0.000505,0.000028
31.100375,0.000088,0.000159,-9.810359,0.000464,0.000495,0.000027
31.114309,-0.000148,-0.000444,-9.809470,0.000634,0.000528,-0.000040
31.121219,0.000248,0.003536,-9.809988,0.000507,0.000500,0.000027
31.128202,-0.000072,-0.003350,-9.810476,0.000592,0.000522,-0.000039
31.135119,0.000250,0.003210,-9.809789,0.000504,0.000518,0.000027
31.149070,0.000019,-0.000421,-9.809809,0.000631,0.000545,-0.000040
31.156023,0.000021,0.003732,-9.809916,0.000475,0.000472,0.000028
31.162892,0.000461,-0.000157,-9.809965,0.000493,0.000519,0.000027
31.169817,-0.000308,-0.003574,-9.810371,0.000591,0.000529,-0.000040
31.183760,0.000142,0.003708,-9.810352,0.000477,0.000483,0.000027
31.190710,0.000095,-0.003537,-9.810180,0.000590,0.000529,-0.000040
31.197590,0.000091,0.003208,-9.809449,0.000507,0.000501,0.000027
31.204654,-0.000033,-0.003328,-9.810534,0.000591,0.000528,-0.000040
31.218469,0.000247,0.003509,-9.809988,0.000508,0.000500,0.000027
31.225469,-0.000072,-0.003343,-9.810473,0.000593,0.000522,-0.000039
31.232370,0.000282,0.003282,-9.809689,0.000501,0.000513,0.000027
31.239399,-0.000209,-0.003418,-9.810305,0.000593,0.000522,-0.000040
31.246255,0.000150,0.003223,-9.809516,0.000507,0.000501,0.000027
31.260156,0.000151,0.003156,-9.809525,0.000507,0.000501,0.000027
31.267144,0.000010,-0.003337,-9.810745,0.000590,0.000539,-0.000039
31.274051,-0.000078,-0.000446,-9.809530,0.000633,0.000545,-0.000040
31.280960,-0.000010,0.003697,-9.810019,0.000479,0.000476,0.000027
31.294856,-0.000184,0.003529,-9.810114,0.000476,0.000494,0.000027
31.301804,-0.000009,-0.003551,-9.809916,0.000593,0.000522,-0.000040
31.308785,0.000240,0.003172,-9.809790,0.000505,0.000517,0.000027
31.315701,-0.000186,-0.003411,-9.810208,0.000593,0.000522,-0.000040
31.329590,0.000119,0.003782,-9.810187,0.000473,0.000488,0.000027
31.336493,0.000130,-0.003819,-9.809706,0.000622,0.000546,-0.000040
31.343487,-0.000132,0.003484,-9.810181,0.000478,0.000483,0.000026
31.350530,0.000034,-0.003479,-9.810121,0.000593,0.000522,-0.000040
31.364269,-0.000092,-0.003494,-9.810497,0.000594,0.000522,-0.000040
31.371309,0.000152,0.003144,-9.809534,0.000507,0.000500,0.000026
31.378168,-0.000090,-0.003426,-9.810479,0.000594,0.000522,-0.000040
31.385105,0.000050,-0.000362,-9.809706,0.000630,0.000540,-0.000040
31.399055,-0.000077,-0.003393,-9.810484,0.000594,0.000522,-0.000040
31.406186,0.000244,0.003111,-9.809796,0.000506,0.000517,0.000026
31.412903,-0.000192,-0.003509,-9.810214,0.000594,0.000522,-0.000040
31.419851,-0.000078,-0.000439,-9.809539,0.000636,0.000528,-0.000040
31.433768,0.000025,-0.003627,-9.810071,0.000592,0.000528,-0.000040
31.440713,0.000087,0.003177,-9.809456,0.000509,0.000500,0.000026
31.447596,-0.000089,-0.003402,-9.810485,0.000594,0.000522,-0.000040
31.454608,0.000151,0.003148,-9.809525,0.000509,0.000500,0.000026
31.461505,-0.000088,-0.003398,-9.810484,0.000594,0.000522,-0.000040
31.475427,0.000017,0.003589,-9.810177,0.000479,0.000483,0.000026
31.482409,0.000038,-0.003510,-9.810119,0.000594,0.000522,-0.000040
31.489380,0.000144,0.003158,-9.809520,0.000509,0.000500,0.000026
31.496261,-0.000035,-0.003415,-9.810547,0.000593,0.000528,-0.000041
31.510216,0.000117,0.003694,-9.810183,0.000475,0.000488,0.000027
31.517105,0.000024,-0.003656,-9.810073,0.000593,0.000528,-0.000041
31.524087,0.000087,0.003160,-9.809460,0.000509,0.000500,0.000026
31.530932,-0.000089,-0.003421,-9.810488,0.000595,0.000522,-0.000040
31.538070,0.000149,0.003090,-9.809533,0.000509,0.000500,0.000026
31.551803,-0.000082,-0.000500,-9.809497,0.000637,0.000528,-0.000041
31.558808,0.000264,0.003732,-9.810516,0.000474,0.000494,0.000026
31.565747,-0.000030,-0.003625,-9.810006,0.000593,0.000528,-0.000041
31.572770,0.000087,0.003142,-9.809464,0.000510,0.000500,0.000026
31.586537,0.000152,0.003184,-9.809521,0.000510,0.000500,0.000026
31.593554,-0.000086,-0.003342,-9.810474,0.000595,0.000521,-0.000040
31.600411,0.000019,-0.000428,-9.809803,0.000635,0.000545,-0.000041
31.607475,0.000117,0.003690,-9.810182,0.000476,0.000488,0.000027
31.621306,0.000141,0.003155,-9.809520,0.000510,0.000500,0.000026
31.628200,-0.000089,-0.003399,-9.810485,0.000596,0.000521,-0.000040
31.635187,0.000019,-0.000422,-9.809806,0.000635,0.000544,-0.000041
31.642178,0.000118,0.003731,-9.810185,0.000476,0.000488,0.000027
31.649071,-0.000030,-0.003644,-9.810009,0.000595,0.000522,-0.000040
31.662974,-0.000089,-0.003392,-9.810481,0.000596,0.000521,-0.000040
31.669840,0.000252,0.003234,-9.809787,0.000508,0.000517,0.000026
31.676866,-0.000182,-0.003358,-9.810206,0.000596,0.000521,-0.000040
31.683776,0.000049,-0.000360,-9.809706,0.000633,0.000540,-0.000040
31.690825,-0.000036,0.003558,-9.810113,0.000482,0.000476,0.000026
31.704716,0.000238,0.003139,-9.809790,0.000508,0.000517,0.000026
31.711669,-0.000154,-0.003132,-9.810368,0.000577,0.000516,-0.000037
31.718539,0.000134,0.002962,-9.809356,0.000510,0.000500,0.000026
31.725609,-0.000096,-0.003323,-9.810472,0.000596,0.000521,-0.000040
31.739451,0.000016,0.003588,-9.810176,0.000481,0.000482,0.000026
31.746407,0.000038,-0.003523,-9.810120,0.000596,0.000522,-0.000040
31.753363,0.000242,0.003183,-9.809788,0.000508,0.000517,0.000026
31.760324,-0.000184,-0.003388,-9.810208,0.000597,0.000521,-0.000040
31.774152,-0.000097,-0.003615,-9.809947,0.000596,0.000522,-0.000040
31.781169,-0.000087,-0.000445,-9.809541,0.000639,0.000527,-0.000041
31.788126,0.000141,0.003680,-9.810349,0.000481,0.000482,0.000026
31.794971,0.000042,-0.003581,-9.810119,0.000596,0.000522,-0.000040
31.808986,-0.000202,-0.003339,-9.810336,0.000593,0.000520,-0.000040
31.815830,-0.000087,-0.000501,-9.809496,0.000639,0.000527,-0.000041
31.822818,0.000190,0.003501,-9.809925,0.000514,0.000493,0.000026
31.829685,0.000110,-0.003331,-9.810719,0.000591,0.000533,-0.000040
31.843671,0.000076,-0.003509,-9.810183,0.000595,0.000528,-0.000041
31.850562,0.000091,0.003203,-9.809449,0.000512,0.000500,0.000025
31.857526,-0.000087,-0.003364,-9.810480,0.000597,0.000521,-0.000041
31.864436,0.000050,-0.000363,-9.809704,0.000634,0.000539,-0.000041
31.871528,-0.000035,0.003537,-9.810114,0.000483,0.000476,0.000026
31.885320,0.000242,0.003200,-9.809785,0.000509,0.000517,0.000026
31.892267,-0.000185,-0.003395,-9.810207,0.000598,0.000521,-0.000041
31.899267,0.000119,0.003414,-9.809993,0.000477,0.000488,0.000026
31.906222,-0.000043,-0.003615,-9.810014,0.000597,0.000521,-0.000041
31.920047,0.000239,0.003721,-9.810622,0.000480,0.000499,0.000025
31.927024,-0.000055,-0.003535,-9.809847,0.000597,0.000521,-0.000041
31.933999,0.000271,0.003239,-9.809690,0.000507,0.000512,0.000026
31.940960,-0.000212,-0.003450,-9.810308,0.000598,0.000521,-0.000041
31.954925,0.000354,0.003279,-9.809634,0.000513,0.000499,0.000025
31.961800,0.000027,-0.003303,-9.810807,0.000589,0.000536,-0.000040
31.968791,0.000041,0.003239,-9.809829,0.000479,0.000500,0.000025
31.975791,-0.000074,-0.003531,-9.809850,0.000598,0.000521,-0.000041
31.982540,0.000138,0.003462,-9.810159,0.000479,0.000499,0.000025
31.996439,-0.000085,-0.000427,-9.809544,0.000639,0.000527,-0.000041
32.003379,0.000213,0.003752,-9.810440,0.000478,0.000488,0.000026
32.010422,-0.000029,-0.003572,-9.810009,0.000598,0.000521,-0.000041
32.017258,0.000241,0.003240,-9.809786,0.000510,0.000517,0.000025
32.031298,0.000119,0.003427,-9.809993,0.000478,0.000488,0.000026
32.038112,-0.000045,-0.003695,-9.810011,0.000598,0.000521,-0.000041
32.045156,-0.000087,-0.000446,-9.809541,0.000641,0.000527,-0.000042
32.051997,0.000241,0.003762,-9.810631,0.000481,0.000499,0.000025
32.065857,0.000274,0.003278,-9.809686,0.000508,0.000512,0.000026
32.072938,-0.000207,-0.003393,-9.810303,0.000599,0.000521,-0.000041
32.079777,-0.000245,-0.000262,-9.809837,0.000612,0.000503,-0.000041
32.086727,0.000542,0.003425,-9.809858,0.000508,0.000511,0.000026
32.093709,-0.000204,-0.003444,-9.810302,0.000599,0.000521,-0.000041
32.100617,0.000043,0.003369,-9.809885,0.000483,0.000482,0.000025
32.114605,0.000241,0.003179,-9.809788,0.000511,0.000516,0.000025
32.121583,-0.000163,-0.003203,-9.810317,0.000586,0.000517,-0.000039
32.128523,-0.000123,-0.000352,-9.809898,0.000606,0.000516,-0.000041
32.135456,0.000284,0.003265,-9.809517,0.000514,0.000499,0.000025
32.149310,0.000176,0.003479,-9.810054,0.000478,0.000494,0.000025
32.156265,-0.000097,-0.003615,-9.809946,0.000599,0.000521,-0.000041
32.163155,0.000142,0.003198,-9.809517,0.000514,0.000500,0.000025
32.170090,-0.000088,-0.003380,-9.810481,0.000600,0.000521,-0.000041
32.184022,0.000242,0.003401,-9.809191,0.000513,0.000488,0.000026
32.190966,-0.000069,-0.003561,-9.809845,0.000631,0.000510,-0.000040
32.197913,0.000126,0.003549,-9.810787,0.000480,0.000488,0.000026
32.204848,0.000014,-0.003639,-9.810072,0.000598,0.000528,-0.000042
32.218687,0.000365,0.003397,-9.809623,0.000515,0.000499,0.000025
32.225759,-0.000078,-0.003318,-9.810467,0.000600,0.000521,-0.000041
32.232648,0.000121,0.003468,-9.809990,0.000480,0.000488,0.000026
32.239619,-0.000043,-0.003614,-9.810010,0.000600,0.000521,-0.000041
32.246505,0.000240,0.003215,-9.809789,0.000512,0.000516,0.000025
32.260436,-0.000111,-0.000179,-9.810008,0.000608,0.000515,-0.000041
32.267312,0.000294,0.003298,-9.809512,0.000515,0.000499,0.000025
32.274280,0.000013,-0.003349,-9.810745,0.000598,0.000538,-0.000041
32.281245,-0.000007,0.003346,-9.809819,0.000483,0.000493,0.000025
32.288192,-0.000016,-0.003561,-9.809911,0.000600,0.000521,-0.000041
32.302063,-0.000045,-0.003637,-9.810009,0.000600,0.000521,-0.000041
32.309081,-0.000088,-0.000447,-9.809539,0.000643,0.000527,-0.000042
32.315945,0.000217,0.003821,-9.810463,0.000481,0.000487,0.000026
32.322999,-0.000028,-0.003566,-9.810007,0.000600,0.000521,-0.000041
32.329831,0.000143,0.003224,-9.809512,0.000515,0.000499,0.000025
32.343837,-0.000198,-0.000163,-9.809761,0.000606,0.000514,-0.000041
32.350689,0.000129,0.003456,-9.809793,0.000486,0.000476,0.000025
32.357642,0.000179,-0.003525,-9.810449,0.000598,0.000538,-0.000041
32.364534,0.000145,0.003190,-9.809512,0.000513,0.000516,0.000025
32.378482,-0.000007,0.003349,-9.809822,0.000484,0.000493,0.000025
32.385427,-0.000017,-0.003563,-9.809912,0.000601,0.000521,-0.000041
32.392375,-0.000117,-0.000179,-9.810010,0.000608,0.000515,-0.000041
32.399259,0.000229,0.003484,-9.810082,0.000484,0.000492,0.000025
32.406444,-0.000012,-0.003452,-9.809911,0.000601,0.000521,-0.000041
32.420090,-0.000100,-0.003665,-9.809947,0.000601,0.000521,-0.000042
32.427093,0.000140,0.003145,-9.809524,0.000516,0.000499,0.000025
32.434024,-0.000088,-0.003382,-9.810481,0.000602,0.000520,-0.000042
32.441142,-0.000106,-0.000179,-9.810006,0.000609,0.000515,-0.000041
32.454852,0.000030,-0.003545,-9.810117,0.000601,0.000521,-0.000041
32.461798,0.000272,0.003250,-9.809688,0.000511,0.000511,0.000025
32.468780,-0.000211,-0.003440,-9.810308,0.000602,0.000521,-0.000042
32.475713,-0.000241,-0.000260,-9.809838,0.000615,0.000503,-0.000042
32.489703,-0.000147,-0.003398,-9.810358,0.000602,0.000521,-0.000042
32.496611,0.000129,0.003553,-9.810064,0.000474,0.000485,0.000027
32.503536,-0.000052,-0.003730,-9.809938,0.000601,0.000521,-0.000042
32.510478,0.000136,0.003169,-9.809520,0.000517,0.000499,0.000024
32.517502,-0.000086,-0.003339,-9.810475,0.000602,0.000520,-0.000042
32.531270,0.000285,0.003494,-9.810153,0.000484,0.000499,0.000024
32.538205,-0.000067,-0.003565,-9.809844,0.000602,0.000521,-0.000042
32.545203,0.000134,0.003335,-9.810152,0.000484,0.000499,0.000024
32.552110,-0.000071,-0.003577,-9.809847,0.000602,0.000521,-0.000042
32.565996,-0.000045,-0.003671,-9.810009,0.000602,0.000521,-0.000042
32.573017,0.000008,-0.000429,-9.809808,0.000642,0.000543,-0.000042
32.579930,0.000118,0.003773,-9.810185,0.000483,0.000487,0.000025
32.586787,-0.000030,-0.003662,-9.810010,0.000602,0.000521,-0.000042
32.600723,0.000179,-0.003559,-9.810456,0.000600,0.000538,-0.000042
32.607730,-0.000212,-0.000212,-9.809733,0.000610,0.000515,-0.000041
32.614581,0.000293,0.003312,-9.809512,0.000518,0.000499,0.000024
32.621590,0.000013,-0.003329,-9.810740,0.000600,0.000537,-0.000042
32.628618,0.000024,0.003377,-9.809723,0.000483,0.000487,0.000025
32.642438,-0.000022,0.003281,-9.809792,0.000488,0.000475,0.000025
32.649375,0.000175,-0.003531,-9.810452,0.000600,0.000537,-0.000042
32.656387,-0.000212,-0.000211,-9.809733,0.000611,0.000515,-0.000042
32.663259,0.000185,0.003474,-9.809882,0.000487,0.000482,0.000024
32.677161,0.000165,0.003390,-9.810049,0.000482,0.000494,0.000025
32.684133,-0.000097,-0.003606,-9.809948,0.000603,0.000521,-0.000042
32.691101,0.000141,0.003161,-9.809522,0.000518,0.000499,0.000024
32.697976,-0.000089,-0.003409,-9.810485,0.000604,0.000520,-0.000042
32.711927,0.000226,0.003419,-9.810087,0.000486,0.000492,0.000025
32.718787,-0.000013,-0.003610,-9.809905,0.000603,0.000520,-0.000042
32.725744,0.000111,0.003425,-9.809990,0.000483,0.000487,0.000025
32.732677,-0.000044,-0.003633,-9.810010,0.000603,0.000521,-0.000042
32.739679,-0.000097,-0.000260,-9.810166,0.000613,0.000526,-0.000043
32.753479,-0.000039,-0.003692,-9.810008,0.000604,0.000521,-0.000042
32.760515,0.000035,0.003296,-9.809884,0.000488,0.000482,0.000024
32.767493,0.000123,-0.003503,-9.810388,0.000601,0.000537,-0.000042
32.774476,0.000039,0.003319,-9.809880,0.000486,0.000499,0.000024
32.788241,-0.000120,-0.000211,-9.809991,0.000612,0.000515,-0.000042
32.795221,0.000183,0.003416,-9.809881,0.000488,0.000481,0.000024
32.802158,0.000030,-0.003543,-9.810116,0.000604,0.000520,-0.000042
32.809125,0.000165,0.003410,-9.810051,0.000483,0.000494,0.000024
32.823181,-0.000017,0.003243,-9.809826,0.000490,0.000475,0.000024
32.829937,0.000182,-0.003622,-9.810466,0.000601,0.000537,-0.000042
32.836918,-0.000160,-0.000221,-9.809794,0.000611,0.000521,-0.000043
32.843867,0.000076,0.003451,-9.809757,0.000490,0.000475,0.000025
32.850740,0.000085,-0.003580,-9.810182,0.000604,0.000520,-0.000042
32.864693,-0.000213,-0.003469,-9.810309,0.000605,0.000520,-0.000042
32.871619,-0.000136,-0.000173,-9.810150,0.000610,0.000518,-0.000041
32.878575,0.000281,0.003513,-9.809845,0.000484,0.000487,0.000025
32.885578,-0.000040,-0.003600,-9.810009,0.000605,0.000520,-0.000042
32.899436,0.000081,-0.003565,-9.810182,0.000602,0.000537,-0.000042
32.906376,0.000015,0.003414,-9.809718,0.000485,0.000487,0.000025
32.913311,-0.000045,-0.003630,-9.810012,0.000605,0.000520,-0.000042
32.920239,-0.000249,-0.000270,-9.809836,0.000618,0.000503,-0.000042
32.934103,0.000060,-0.003638,-9.810276,0.000602,0.000537,-0.000042
32.941088,-0.000018,0.003327,-9.809819,0.000488,0.000492,0.000024
32.948034,0.000080,-0.003544,-9.810182,0.000602,0.000537,-0.000042
32.954978,0.000015,0.003411,-9.809719,0.000485,0.000487,0.000025
32.961989,-0.000044,-0.003592,-9.810011,0.000605,0.000520,-0.000042
32.975872,0.000283,0.003529,-9.809889,0.000485,0.000487,0.000025
32.982716,-0.000039,-0.003680,-9.810007,0.000605,0.000520,-0.000042
32.989740,0.000108,0.003391,-9.809990,0.000485,0.000487,0.000025
32.996601,-0.000045,-0.003670,-9.810010,0.000605,0.000520,-0.000042
33.003560,-0.000195,-0.000280,-9.809898,0.000618,0.000509,-0.000043
33.017473,-0.000037,-0.003658,-9.810005,0.000606,0.000520,-0.000042
33.024472,0.000131,0.003332,-9.810151,0.000487,0.000498,0.000024
33.031317,-0.000072,-0.003609,-9.809845,0.000606,0.000520,-0.000043
33.038325,0.000111,0.003402,-9.809991,0.000486,0.000487,0.000025
33.052129,-0.000123,-0.000191,-9.810005,0.000614,0.000514,-0.000042
33.059138,0.000130,0.003411,-9.809820,0.000492,0.000475,0.000024
33.066109,0.000181,-0.003515,-9.810447,0.000603,0.000537,-0.000042
33.072999,0.000015,0.003435,-9.809714,0.000486,0.000487,0.000024
33.086860,0.000079,0.003409,-9.810091,0.000489,0.000492,0.000024
33.093859,0.000080,-0.003520,-9.810179,0.000603,0.000537,-0.000043
33.100880,-0.000212,-0.000208,-9.809736,0.000614,0.000514,-0.000042
33.107820,0.000130,0.003449,-9.809820,0.000492,0.000475,0.000024
33.121590,-0.000140,0.003274,-9.809646,0.000492,0.000475,0.000024
33.128619,0.000173,-0.003484,-9.810449,0.000604,0.000537,-0.000043
33.135558,-0.000236,-0.000191,-9.809882,0.000611,0.000518,-0.000042
33.142553,0.000278,0.003481,-9.809840,0.000486,0.000487,0.000025
33.156403,0.000108,0.003417,-9.809991,0.000487,0.000487,0.000024
33.163367,-0.000044,-0.003618,-9.810011,0.000607,0.000520,-0.000043
33.170249,0.000132,0.003390,-9.810154,0.000489,0.000498,0.000023
33.177245,-0.000069,-0.003532,-9.809849,0.000607,0.000520,-0.000043
33.184166,-0.000119,-0.000188,-9.810006,0.000615,0.000514,-0.000042
33.198047,0.000085,-0.003588,-9.810181,0.000604,0.000537,-0.000043
33.204978,0.000015,0.003418,-9.809716,0.000487,0.000487,0.000024
33.211972,-0.000044,-0.003599,-9.810013,0.000607,0.000520,-0.000043
33.218886,0.000079,0.003383,-9.810090,0.000490,0.000492,0.000024
33.232750,-0.000133,-0.000438,-9.809467,0.000618,0.000519,-0.000043
33.239792,0.000275,0.003529,-9.809889,0.000487,0.000486,0.000024
33.246687,-0.000038,-0.003653,-9.810007,0.000607,0.000520,-0.000043
33.253574,0.000109,0.003460,-9.809989,0.000487,0.000487,0.000024
33.267458,-0.000153,-0.000254,-9.810106,0.000618,0.000519,-0.000043
33.274480,0.000283,0.003546,-9.809889,0.000488,0.000486,0.000024
33.281338,-0.000039,-0.003674,-9.810007,0.000608,0.000520,-0.000043
33.288327,0.000109,0.003409,-9.809991,0.000488,0.000487,0.000024
33.295287,-0.000044,-0.003619,-9.810011,0.000608,0.000520,-0.000043
33.309222,0.000110,-0.003466,-9.810079,0.000602,0.000532,-0.000043
33.316343,-0.000360,-0.000346,-9.809671,0.000621,0.000502,-0.000043
33.323084,0.000390,0.003722,-9.810168,0.000488,0.000486,0.000024
33.330049,-0.000037,-0.003621,-9.810004,0.000608,0.000520,-0.000043
33.343946,-0.000043,-0.003599,-9.810011,0.000608,0.000520,-0.000043
33.350849,0.000079,0.003388,-9.810091,0.000491,0.000492,0.000024
33.357970,-0.000076,-0.003286,-9.810470,0.000576,0.000513,-0.000042
33.364679,-0.000050,-0.000389,-9.809415,0.000615,0.000514,-0.000043
33.371686,0.000218,0.003422,-9.810085,0.000491,0.000491,0.000024
33.385557,-0.000142,0.003289,-9.809646,0.000494,0.000475,0.000023
33.392584,0.000173,-0.003484,-9.810449,0.000606,0.000537,-0.000043
33.399420,-0.000219,-0.000215,-9.809728,0.000616,0.000514,-0.000043
33.406426,0.000129,0.003415,-9.809821,0.000494,0.000474,0.000024
33.420284,-0.000140,0.003272,-9.809647,0.000494,0.000475,0.000023
33.427276,0.000068,-0.003332,-9.810812,0.000575,0.000519,-0.000043
33.434216,0.000099,0.003185,-9.809454,0.000491,0.000492,0.000024
33.441183,0.000102,-0.003480,-9.810080,0.000603,0.000532,-0.000043
33.448066,-0.000374,-0.000355,-9.809660,0.000622,0.000502,-0.000043
33.462001,-0.000037,-0.003601,-9.810005,0.000609,0.000520,-0.000043
33.468893,0.000109,0.003458,-9.809991,0.000489,0.000486,0.000024
33.475859,-0.000044,-0.003616,-9.810009,0.000609,0.000520,-0.000043
33.482793,0.000109,0.003436,-9.809990,0.000489,0.000486,0.000024
33.496714,-0.000135,-0.000432,-9.809475,0.000622,0.000502,-0.000043
33.503581,0.000379,0.003641,-9.810160,0.000489,0.000486,0.000024
33.510603,-0.000037,-0.003593,-9.810004,0.000609,0.000520,-0.000043
33.517508,0.000109,0.003450,-9.809990,0.000489,0.000486,0.000024
33.524544,-0.000043,-0.003582,-9.810010,0.000609,0.000520,-0.000043
33.538273,0.000162,0.003527,-9.809716,0.000492,0.000469,0.000024
33.545356,0.000056,-0.003541,-9.810274,0.000610,0.000520,-0.000043
33.552213,0.000110,0.003474,-9.809988,0.000490,0.000486,0.000024
33.559206,-0.000043,-0.003603,-9.810010,0.000610,0.000520,-0.000043
33.566131,0.000078,0.003378,-9.810090,0.000493,0.000491,0.000023
33.580000,-0.000373,-0.000354,-9.809661,0.000623,0.000502,-0.000044
33.586911,0.000381,0.003626,-9.810163,0.000490,0.000486,0.000024
33.593901,-0.000036,-0.003607,-9.810005,0.000610,0.000520,-0.000043
33.600841,0.000109,0.003433,-9.809990,0.000490,0.000486,0.000024
33.614722,-0.000038,-0.000418,-9.809742,0.000620,0.000519,-0.000043
33.621701,0.000277,0.003558,-9.809886,0.000490,0.000486,0.000024
33.628618,-0.000039,-0.003643,-9.810007,0.000610,0.000520,-0.000044
33.635517,0.000110,0.003454,-9.809991,0.000490,0.000486,0.000024
33.642549,-0.000148,-0.003415,-9.810368,0.000580,0.000502,-0.000044
33.656364,-0.000054,-0.003724,-9.810007,0.000610,0.000520,-0.000044
33.663390,-0.000120,-0.000189,-9.810005,0.000618,0.000514,-0.000043
33.670251,0.000132,0.003487,-9.809816,0.000496,0.000474,0.000023
33.677310,0.000209,-0.003412,-9.810343,0.000605,0.000531,-0.000043
33.691167,0.000068,-0.003331,-9.810811,0.000577,0.000519,-0.000044
33.698054,-0.000102,-0.000376,-9.809365,0.000618,0.000514,-0.000043
33.704982,0.000220,0.003464,-9.810088,0.000494,0.000491,0.000023
33.711968,0.000084,-0.003529,-9.810177,0.000608,0.000536,-0.000044
33.718895,-0.000092,0.003591,-9.810081,0.000460,0.000469,0.000023
33.732778,0.000071,0.003378,-9.810090,0.000494,0.000491,0.000023
33.739738,0.000005,-0.003307,-9.810442,0.000575,0.000514,-0.000043
33.746715,-0.000255,-0.000512,-9.809306,0.000624,0.000502,-0.000044
33.753577,0.000376,0.003645,-9.810162,0.000491,0.000486,0.000024
33.760667,-0.000036,-0.003559,-9.810004,0.000611,0.000519,-0.000044
33.774505,-0.000044,-0.003606,-9.810010,0.000611,0.000519,-0.000044
33.781418,-0.000122,-0.000190,-9.810004,0.000619,0.000514,-0.000043
33.788331,0.000131,0.003460,-9.809817,0.000497,0.000474,0.000023
33.795324,0.000052,-0.003264,-9.810646,0.000576,0.000508,-0.000043
33.809205,0.000195,-0.003448,-9.810349,0.000606,0.000531,-0.000043
33.816121,-0.000372,-0.000356,-9.809659,0.000625,0.000502,-0.000044
33.823098,0.000378,0.003591,-9.810162,0.000492,0.000486,0.000023
33.830019,-0.000037,-0.003643,-9.810004,0.000612,0.000519,-0.000044
33.837083,0.000107,0.003370,-9.809991,0.000492,0.000486,0.000023
33.851017,0.000175,-0.000944,-9.809154,0.000647,0.000538,-0.000044
33.858044,-0.000060,0.003565,-9.810124,0.000497,0.000473,0.000023
33.864883,0.000221,-0.003523,-9.810347,0.000606,0.000531,-0.000043
33.871793,-0.000111,0.003345,-9.809543,0.000495,0.000469,0.000023
33.878773,0.000049,-0.003586,-9.810284,0.000612,0.000519,-0.000044
33.892714,-0.000200,-0.003402,-9.810307,0.000583,0.000496,-0.000043
33.899631,0.000047,-0.000360,-9.809707,0.000619,0.000514,-0.000043
33.906533,0.000221,0.003473,-9.810084,0.000495,0.000491,0.000023
33.913522,0.000083,-0.003528,-9.810177,0.000610,0.000536,-0.000044
33.927417,0.000256,0.003496,-9.809990,0.000492,0.000486,0.000023
33.934330,-0.000201,-0.003465,-9.810309,0.000583,0.000496,-0.000043
33.941337,0.000047,-0.000357,-9.809711,0.000620,0.000514,-0.000044
33.948227,0.000123,0.003461,-9.809813,0.000498,0.000474,0.000023
33.955138,0.000212,-0.003483,-9.810351,0.000607,0.000531,-0.000044
33.969016,0.000045,-0.003318,-9.810662,0.000578,0.000507,-0.000043
33.976073,0.000059,0.003108,-9.809259,0.000495,0.000469,0.000023
33.983488,0.000040,-0.003393,-9.810264,0.000613,0.000519,-0.000044
33.990532,0.000028,0.001056,-9.810765,0.000528,0.000489,-0.000028
33.997709,0.000358,0.001895,-9.808575,0.000545,0.000520,0.000022
34.006315,-0.009820,-0.166690,-9.585446,0.001333,0.000773,-0.000072
34.019994,0.000982,0.007126,-9.815915,-0.000061,0.000232,0.000066
34.027233,0.000812,-0.007627,-9.805081,0.000527,0.000504,-0.000042
34.034162,-0.000365,0.000004,-9.809725,0.000543,0.000479,-0.000035
34.041826,0.000118,-0.000931,-9.809000,0.000648,0.000524,-0.000044
34.048698,0.000088,0.001537,-9.811286,0.000519,0.000485,-0.000026
34.062633,-0.000239,-0.003860,-9.810236,0.000646,0.000548,-0.000045
34.072262,-0.000040,0.002690,-9.810139,0.000494,0.000485,0.000023
34.079073,-0.001232,0.011207,-9.816171,0.000486,0.000344,0.000010
34.085929,0.001455,0.005754,-9.814844,0.000001,0.000277,0.000064
34.092928,0.000351,-0.007381,-9.806016,0.000501,0.000487,-0.000042
34.099883,-0.000278,-0.001018,-9.808527,0.000625,0.000503,-0.000044
34.113780,-0.000222,-0.003364,-9.810305,0.000584,0.000495,-0.000044
34.120684,0.000253,0.003351,-9.809691,0.000493,0.000486,0.000023
34.127710,-0.000077,-0.003528,-9.810007,0.000614,0.000519,-0.000044
34.134541,-0.000150,-0.000123,-9.810006,0.000622,0.000513,-0.000044
34.148629,0.000261,0.003600,-9.809885,0.000494,0.000485,0.000023
34.155375,-0.000099,-0.003395,-9.810493,0.000579,0.000507,-0.000043
34.162418,-0.000001,0.003123,-9.809360,0.000499,0.000474,0.000022
34.169265,0.000173,-0.003453,-9.810356,0.000608,0.000531,-0.000044
34.183177,0.000357,0.003712,-9.810163,0.000494,0.000485,0.000023
34.190143,-0.000125,-0.003354,-9.810575,0.000582,0.000512,-0.000044
34.197118,-0.000075,-0.000310,-9.809437,0.000622,0.000513,-0.000044
34.204022,0.000225,0.003606,-9.809986,0.000494,0.000485,0.000023
34.217922,0.000253,0.003354,-9.809690,0.000494,0.000486,0.000023
34.224883,-0.000078,-0.003560,-9.810008,0.000615,0.000519,-0.000044
34.231852,-0.000146,-0.000111,-9.810011,0.000622,0.000513,-0.000044
34.238747,0.000234,0.003611,-9.809981,0.000495,0.000485,0.000023
34.245717,-0.000225,-0.003369,-9.810308,0.000585,0.000495,-0.000044
34.252607,0.000253,0.003357,-9.809690,0.000494,0.000486,0.000023
34.266494,-0.000034,-0.000286,-9.809640,0.000622,0.000513,-0.000044
34.273475,-0.000035,-0.000098,-9.810101,0.000626,0.000518,-0.000044
34.280490,0.000261,0.003617,-9.809887,0.000495,0.000485,0.000023
34.287349,-0.000226,-0.003422,-9.810312,0.000586,0.000495,-0.000044
34.301244,-0.000079,-0.003619,-9.810008,0.000615,0.000519,-0.000045
34.308280,-0.000145,-0.000119,-9.810005,0.000623,0.000513,-0.000044
34.315132,0.000236,0.003642,-9.809987,0.000495,0.000485,0.000023
34.322242,-0.000219,-0.003296,-9.810305,0.000585,0.000495,-0.000044
34.329091,0.000021,-0.000300,-9.809699,0.000622,0.000513,-0.000044
34.343039,-0.000221,-0.003312,-9.810303,0.000586,0.000495,-0.000044
34.349866,0.000255,0.003389,-9.809687,0.000495,0.000486,0.000022
34.356795,-0.000078,-0.003577,-9.810007,0.000616,0.000519,-0.000045
34.363743,-0.000147,-0.000120,-9.810005,0.000623,0.000513,-0.000044
34.377705,-0.000225,-0.003372,-9.810308,0.000586,0.000495,-0.000044
34.384624,0.000252,0.003343,-9.809691,0.000495,0.000486,0.000022
34.391545,-0.000239,-0.003400,-9.810309,0.000587,0.000495,-0.000044
34.398481,0.000022,-0.000282,-9.809712,0.000622,0.000513,-0.000044
34.405420,-0.000006,-0.000046,-9.809995,0.000624,0.000513,-0.000044
34.419295,-0.000229,-0.003425,-9.810311,0.000587,0.000495,-0.000044
34.426316,0.000249,0.003295,-9.809696,0.000495,0.000486,0.000022
34.433196,-0.000079,-0.003602,-9.810007,0.000616,0.000519,-0.000045
34.440149,-0.000147,-0.000120,-9.810004,0.000624,0.000513,-0.000044
34.447147,0.000231,0.003566,-9.809988,0.000496,0.000485,0.000022
34.461072,0.000021,-0.000286,-9.809711,0.000623,0.000513,-0.000044
34.467926,0.000228,0.003630,-9.809984,0.000496,0.000485,0.000022
34.474981,-0.000222,-0.003328,-9.810303,0.000587,0.000495,-0.000044
34.481871,0.000253,0.003358,-9.809690,0.000496,0.000486,0.000022
34.495733,-0.000252,0.000050,-9.810366,0.000594,0.000495,-0.000045
34.502649,0.000349,0.003446,-9.809626,0.000496,0.000485,0.000022
34.509660,-0.000231,-0.003357,-9.810303,0.000587,0.000495,-0.000044
34.516546,0.000253,0.003359,-9.809690,0.000496,0.000486,0.000022
34.530451,-0.000147,-0.000121,-9.810005,0.000625,0.000513,-0.000045
34.537417,-0.000103,0.000143,-9.810366,0.000594,0.000495,-0.000045
34.544465,0.000316,0.003318,-9.809729,0.000499,0.000490,0.000022
34.551283,-0.000080,-0.003306,-9.810383,0.000582,0.000507,-0.000044
34.565221,0.000064,-0.003215,-9.810711,0.000581,0.000513,-0.000045
34.572111,-0.000284,-0.000451,-9.809294,0.000630,0.000501,-0.000045
34.579103,0.000344,0.003645,-9.810159,0.000497,0.000485,0.000022
34.585969,-0.000127,-0.003401,-9.810584,0.000585,0.000512,-0.000044
34.599855,0.000227,0.003642,-9.809986,0.000497,0.000485,0.000022
34.606793,-0.000129,-0.003365,-9.810579,0.000585,0.000512,-0.000044
34.613814,0.000153,0.003274,-9.809427,0.000497,0.000485,0.000022
34.620686,-0.000241,-0.003422,-9.810312,0.000588,0.000495,-0.000045
34.627737,0.000021,-0.000286,-9.809711,0.000625,0.000513,-0.000045
34.641519,-0.000229,-0.003420,-9.810311,0.000588,0.000495,-0.000045
34.648673,0.000245,0.003243,-9.809710,0.000496,0.000485,0.000022
34.655449,-0.000090,-0.003475,-9.810648,0.000584,0.000518,-0.000045
34.662435,-0.000130,-0.000302,-9.809377,0.000625,0.000513,-0.000045
34.669295,-0.000036,-0.000097,-9.810104,0.000629,0.000517,-0.000045
34.683244,0.000234,-0.003671,-9.809878,0.000612,0.000531,-0.000045
34.690130,-0.000232,0.003365,-9.809580,0.000505,0.000467,0.000022
34.697150,0.000076,-0.003150,-9.810733,0.000580,0.000506,-0.000044
34.704051,-0.000103,-0.000414,-9.809507,0.000625,0.000513,-0.000045
34.711027,0.000219,0.003567,-9.809987,0.000498,0.000485,0.000022
34.724968,0.000022,-0.000288,-9.809709,0.000625,0.000513,-0.000045
34.731868,0.000226,0.003606,-9.809984,0.000498,0.000485,0.000022
34.738759,-0.000228,-0.003406,-9.810311,0.000589,0.000495,-0.000045
34.745825,0.000247,0.003273,-9.809698,0.000498,0.000485,0.000022
34.759641,0.000021,-0.000291,-9.809706,0.000626,0.000513,-0.000045
34.766537,0.000226,0.003607,-9.809984,0.000499,0.000485,0.000022
34.773512,-0.000225,-0.003365,-9.810307,0.000589,0.000495,-0.000045
34.780493,0.000250,0.003313,-9.809693,0.000498,0.000485,0.000022
34.787411,-0.000057,-0.003330,-9.810543,0.000582,0.000513,-0.000045
34.801263,0.000117,0.000049,-9.810177,0.000627,0.000512,-0.000045
34.808263,0.000133,0.003731,-9.810344,0.000468,0.000468,0.000022
34.815197,0.000048,-0.003727,-9.809647,0.000618,0.000519,-0.000045
34.822065,-0.000085,0.003712,-9.810291,0.000470,0.000461,0.000022
34.836011,-0.000415,0.000028,-9.810032,0.000598,0.000489,-0.000045
34.843047,0.000395,0.003383,-9.809695,0.000498,0.000485,0.000022
34.849888,-0.000183,-0.003451,-9.810374,0.000589,0.000501,-0.000046
34.856797,-0.000033,-0.000284,-9.809642,0.000626,0.000513,-0.000045
34.863855,0.000222,0.003527,-9.809985,0.000499,0.000485,0.000022
34.877709,0.000257,0.003408,-9.809686,0.000499,0.000485,0.000022
34.884628,-0.000239,-0.003402,-9.810308,0.000590,0.000495,-0.000045
34.891658,0.000021,-0.000287,-9.809711,0.000627,0.000513,-0.000045
34.905434,-0.000100,-0.003330,-9.810483,0.000585,0.000506,-0.000045
34.912513,-0.000000,0.003106,-9.809362,0.000505,0.000473,0.000021
34.919375,0.000011,-0.003262,-9.810660,0.000585,0.000506,-0.000045
34.926361,-0.000099,-0.000372,-9.809535,0.000627,0.000513,-0.000045
34.940157,0.000379,0.003496,-9.809521,0.000499,0.000485,0.000022
34.947136,-0.000230,-0.003373,-9.810302,0.000591,0.000495,-0.000045
34.954022,0.000253,0.003360,-9.809691,0.000499,0.000485,0.000021
34.961107,-0.000108,-0.003243,-9.810469,0.000585,0.000506,-0.000045
34.967962,-0.000136,-0.000441,-9.809631,0.000630,0.000518,-0.000046
34.981938,0.000201,-0.003694,-9.809979,0.000617,0.000535,-0.000046
34.988786,-0.000417,0.000027,-9.810031,0.000599,0.000489,-0.000045
34.995771,0.000398,0.003408,-9.809693,0.000500,0.000485,0.000022
35.002689,-0.000137,-0.003383,-9.810580,0.000588,0.000511,-0.000045
35.016564,-0.000232,-0.003350,-9.810374,0.000584,0.000493,-0.000044
35.023580,0.000014,-0.000381,-9.809654,0.000627,0.000513,-0.000045
35.030548,0.000220,0.003568,-9.809984,0.000501,0.000485,0.000021
35.037434,-0.000100,-0.003328,-9.810481,0.000586,0.000506,-0.000045
35.044429,-0.000001,0.003145,-9.809356,0.000506,0.000473,0.000021
35.058308,-0.000100,-0.000373,-9.809534,0.000628,0.000513,-0.000045
35.065206,-0.000144,0.000087,-9.810478,0.000600,0.000499,-0.000046
35.072186,0.000375,0.003460,-9.809517,0.000500,0.000485,0.000021
35.079153,-0.000231,-0.003378,-9.810305,0.000592,0.000494,-0.000045
35.093042,-0.000109,-0.003267,-9.810472,0.000586,0.000506,-0.000045
35.099934,-0.000135,-0.000438,-9.809633,0.000631,0.000517,-0.000046
35.106855,0.000090,0.003840,-9.810189,0.000472,0.000461,0.000022
35.113874,0.000125,-0.003441,-9.810240,0.000584,0.000513,-0.000045
35.120748,-0.000296,-0.000461,-9.809292,0.000634,0.000500,-0.000046
35.134672,-0.000095,-0.003302,-9.810476,0.000586,0.000506,-0.000045
35.141623,-0.000010,0.003352,-9.809984,0.000473,0.000473,0.000021
35.148543,0.000029,-0.003418,-9.810019,0.000586,0.000506,-0.000045
35.155469,-0.000237,-0.000462,-9.809362,0.000634,0.000500,-0.000046
35.169401,-0.000096,-0.003317,-9.810478,0.000586,0.000506,-0.000045
35.176384,0.000126,0.003230,-9.809523,0.000501,0.000485,0.000021
35.183242,-0.000244,-0.003429,-9.810314,0.000592,0.000494,-0.000045
35.190199,0.000021,-0.000289,-9.809709,0.000629,0.000512,-0.000046
35.204134,0.000407,0.003441,-9.809685,0.000501,0.000485,0.000021
35.211090,-0.000234,-0.003386,-9.810306,0.000593,0.000494,-0.000046
35.218005,0.000252,0.003346,-9.809691,0.000501,0.000485,0.000021
35.225000,-0.000107,-0.003268,-9.810484,0.000586,0.000506,-0.000045
35.231926,-0.000135,-0.000452,-9.809626,0.000632,0.000517,-0.000046
35.245888,0.000091,-0.003514,-9.810314,0.000588,0.000518,-0.000046
35.252756,-0.000141,-0.000318,-9.809361,0.000630,0.000512,-0.000046
35.259825,0.000064,0.003701,-9.810284,0.000473,0.000461,0.000022
35.266618,0.000099,-0.003581,-9.810373,0.000586,0.000517,-0.000046
35.280710,-0.000232,-0.003281,-9.810301,0.000593,0.000494,-0.000046
35.287510,0.000024,-0.000270,-9.809718,0.000628,0.000512,-0.000045
35.294537,0.000063,0.003695,-9.810266,0.000473,0.000461,0.000022
35.301431,0.000101,-0.003757,-9.809708,0.000622,0.000518,-0.000046
35.315301,0.000402,0.003442,-9.809689,0.000502,0.000485,0.000021
35.322249,-0.000106,-0.003309,-9.810474,0.000588,0.000506,-0.000045
35.329201,-0.000103,-0.000371,-9.809535,0.000630,0.000512,-0.000046
35.336073,-0.000067,0.003723,-9.810120,0.000479,0.000449,0.000021
35.343208,0.000241,-0.003305,-9.810404,0.000586,0.000513,-0.000046
35.356918,-0.000240,-0.003375,-9.810310,0.000594,0.000494,-0.000046
35.363984,0.000021,-0.000285,-9.809713,0.000630,0.000512,-0.000046
35.370951,0.000224,0.003571,-9.809984,0.000503,0.000484,0.000021
35.377837,-0.000100,-0.003328,-9.810482,0.000588,0.000506,-0.000045
35.391726,0.000510,0.003467,-9.809862,0.000502,0.000484,0.000021
35.398645,-0.000104,-0.003325,-9.810474,0.000588,0.000506,-0.000045
35.405525,-0.000105,-0.000376,-9.809531,0.000631,0.000512,-0.000046
35.412534,0.000084,0.003659,-9.810446,0.000476,0.000472,0.000020
35.419416,0.000044,-0.003430,-9.810017,0.000588,0.000506,-0.000045
35.433348,0.000090,0.003870,-9.810190,0.000474,0.000460,0.000021
35.440261,0.000073,-0.003483,-9.810181,0.000588,0.000506,-0.000045
35.447312,0.000117,0.003188,-9.809524,0.000503,0.000485,0.000021
35.454141,-0.000245,-0.003443,-9.810317,0.000594,0.000494,-0.000046
35.461166,0.000021,-0.000287,-9.809711,0.000631,0.000512,-0.000046
35.475204,0.000340,0.003327,-9.809635,0.000503,0.000484,0.000021
35.481954,-0.000240,-0.003486,-9.810315,0.000595,0.000494,-0.000046
35.488871,0.000145,0.003516,-9.810055,0.000473,0.000467,0.000021
35.495881,-0.000026,-0.003500,-9.810215,0.000591,0.000511,-0.000046
35.509765,0.000064,0.003748,-9.810286,0.000475,0.000460,0.000021
35.516654,0.000071,-0.003496,-9.810182,0.000588,0.000506,-0.000045
35.523628,-0.000009,0.003143,-9.809350,0.000509,0.000473,0.000020
35.530649,0.000011,-0.003189,-9.810645,0.000589,0.000506,-0.000046
35.537469,-0.000102,-0.000380,-9.809524,0.000631,0.000512,-0.000046
35.551423,0.000407,0.003444,-9.809685,0.000504,0.000484,0.000021
35.558372,-0.000230,-0.003355,-9.810326,0.000593,0.000493,-0.000046
35.565364,0.000018,-0.000321,-9.809690,0.000632,0.000512,-0.000046
35.572197,0.000119,0.003815,-9.810353,0.000474,0.000467,0.000020
35.579221,-0.000014,-0.003484,-9.810215,0.000592,0.000511,-0.000046
35.593260,0.000329,0.003334,-9.809634,0.000504,0.000484,0.000020
35.600047,-0.000130,-0.003353,-9.810646,0.000586,0.000509,-0.000045
35.606991,0.000042,0.003391,-9.809730,0.000474,0.000467,0.000020
35.613951,-0.000128,-0.003542,-9.809948,0.000595,0.000494,-0.000046
35.627904,0.000117,0.003720,-9.810344,0.000474,0.000467,0.000020
35.634732,0.000016,-0.003519,-9.810120,0.000589,0.000506,-0.000046
35.641698,-0.000238,-0.000461,-9.809364,0.000638,0.000500,-0.000047
35.648670,0.000239,0.003824,-9.810520,0.000475,0.000466,0.000020
35.655618,0.000019,-0.003462,-9.810116,0.000589,0.000506,-0.000046
35.669473,0.000085,0.003722,-9.810454,0.000478,0.000471,0.000020
35.676502,0.000043,-0.003358,-9.810018,0.000590,0.000506,-0.000046
35.683414,-0.000109,-0.000382,-9.809529,0.000633,0.000512,-0.000046
35.690288,0.000031,0.003740,-9.810391,0.000479,0.000465,0.000021
35.704179,-0.000110,-0.000386,-9.809526,0.000633,0.000512,-0.000047
35.711244,0.000061,0.003700,-9.810284,0.000476,0.000460,0.000021
35.718161,-0.000054,-0.003528,-9.810032,0.000593,0.000493,-0.000046
35.725049,0.000011,-0.000338,-9.809680,0.000633,0.000512,-0.000046
35.732016,0.000116,0.003740,-9.810347,0.000475,0.000466,0.000020
35.745976,-0.000187,-0.000147,-9.809800,0.000603,0.000494,-0.000047
35.752810,0.000343,0.003479,-9.809619,0.000505,0.000484,0.000020
35.759830,-0.000135,-0.003334,-9.810571,0.000594,0.000510,-0.000046
35.766737,-0.000236,-0.000131,-9.809734,0.000604,0.000488,-0.000046
35.780687,-0.000105,-0.003274,-9.810471,0.000591,0.000506,-0.000046
35.787552,-0.000243,-0.000268,-9.809999,0.000606,0.000499,-0.000047
35.794534,-0.000026,0.000044,-9.809843,0.000604,0.000488,-0.000046
35.801498,0.000398,0.003405,-9.809686,0.000506,0.000484,0.000020
35.808360,-0.000139,-0.003414,-9.810583,0.000594,0.000510,-0.000046
35.822269,0.000394,0.003434,-9.809688,0.000506,0.000484,0.000020
35.829261,-0.000106,-0.003288,-9.810471,0.000591,0.000506,-0.000046
35.836198,-0.000263,-0.000193,-9.809836,0.000604,0.000488,-0.000046
35.843185,0.000387,0.003396,-9.809690,0.000506,0.000484,0.000020
35.857001,-0.000236,-0.000131,-9.809736,0.000605,0.000488,-0.000046
35.864031,0.000388,0.003375,-9.809692,0.000506,0.000484,0.000020
35.870911,-0.000138,-0.003404,-9.810581,0.000595,0.000510,-0.000047
35.877936,-0.000233,-0.000130,-9.809739,0.000605,0.000488,-0.000046
35.891770,-0.000052,-0.003304,-9.810536,0.000592,0.000505,-0.000046
35.898746,0.000020,0.003401,-9.809883,0.000476,0.000467,0.000020
35.905568,-0.000129,-0.003612,-9.809949,0.000597,0.000494,-0.000047
35.912781,0.000013,-0.000289,-9.809715,0.000634,0.000512,-0.000047
35.926557,0.000410,0.003475,-9.809683,0.000506,0.000484,0.000020
35.933439,-0.000105,-0.003321,-9.810491,0.000591,0.000505,-0.000046
35.940347,-0.000266,-0.000213,-9.809824,0.000605,0.000488,-0.000046
35.947341,0.000386,0.003391,-9.809691,0.000507,0.000484,0.000020
35.954227,-0.000138,-0.003401,-9.810580,0.000595,0.000510,-0.000047
35.961274,-0.000232,-0.000129,-9.809739,0.000605,0.000488,-0.000046
35.975070,0.000115,-0.003492,-9.810239,0.000590,0.000512,-0.000047
35.982092,0.000033,0.003146,-9.809560,0.000510,0.000489,0.000019
35.988967,-0.000087,-0.003275,-9.810385,0.000593,0.000505,-0.000046
35.995979,-0.000257,-0.000190,-9.809837,0.000606,0.000488,-0.000046
36.009824,-0.000120,-0.003535,-9.809945,0.000598,0.000494,-0.000047
36.016792,0.000013,-0.000298,-9.809707,0.000635,0.000511,-0.000047
36.023703,0.000065,0.003781,-9.810287,0.000479,0.000460,0.000020
36.030667,0.000070,-0.003458,-9.810182,0.000592,0.000506,-0.000046
36.044575,0.000026,0.000035,-9.809903,0.000605,0.000494,-0.000047
36.051469,0.000348,0.003446,-9.809619,0.000508,0.000484,0.000020
36.058379,-0.000107,-0.003325,-9.810478,0.000593,0.000505,-0.000046
36.065367,-0.000358,-0.000209,-9.809569,0.000609,0.000471,-0.000047
36.072380,0.000482,0.003403,-9.809961,0.000507,0.000484,0.000020
36.086164,-0.000140,-0.000111,-9.810009,0.000606,0.000488,-0.000046
36.093203,0.000388,0.003368,-9.809691,0.000508,0.000484,0.000020
36.100116,-0.000107,-0.003325,-9.810476,0.000593,0.000505,-0.000047
36.106990,-0.000266,-0.000194,-9.809835,0.000606,0.000488,-0.000047
36.120918,-0.000121,-0.003575,-9.809944,0.000599,0.000493,-0.000047
36.127943,0.000013,-0.000295,-9.809708,0.000636,0.000511,-0.000047
36.134814,0.000065,0.003802,-9.810288,0.000479,0.000460,0.000020
36.141777,0.000073,-0.003430,-9.810199,0.000591,0.000505,-0.000046
36.155644,-0.000171,0.000145,-9.810306,0.000607,0.000487,-0.000047
36.162662,0.000242,0.003564,-9.809987,0.000479,0.000460,0.000020
36.169535,0.000062,-0.003515,-9.810180,0.000593,0.000505,-0.000047
36.176511,0.000118,0.003223,-9.809519,0.000508,0.000484,0.000019
36.183466,-0.000241,-0.003382,-9.810310,0.000600,0.000493,-0.000047
36.197384,0.000003,-0.000028,-9.810001,0.000606,0.000494,-0.000047
36.204260,0.000239,0.003628,-9.809984,0.000478,0.000466,0.000019
36.211235,-0.000119,-0.003536,-9.809945,0.000599,0.000493,-0.000047
36.218187,0.000013,-0.000299,-9.809706,0.000636,0.000511,-0.000047
36.232107,0.000069,-0.003424,-9.810179,0.000594,0.000505,-0.000047
36.238962,-0.000220,-0.000215,-9.809894,0.000606,0.000494,-0.000047
36.245943,0.000228,0.003574,-9.809989,0.000478,0.000466,0.000019
36.252900,-0.000120,-0.003545,-9.809946,0.000600,0.000493,-0.000047
36.259820,0.000013,-0.000300,-9.809704,0.000637,0.000511,-0.000047
36.273663,0.000070,-0.003502,-9.810183,0.000594,0.000505,-0.000047
36.280765,-0.000213,-0.000209,-9.809897,0.000606,0.000494,-0.000048
36.287563,0.000234,0.003672,-9.809990,0.000479,0.000466,0.000019
36.294581,-0.000118,-0.003514,-9.809945,0.000600,0.000493,-0.000047
36.308419,0.000065,0.003806,-9.810288,0.000481,0.000460,0.000020
36.315451,0.000069,-0.003427,-9.810178,0.000594,0.000505,-0.000047
36.322291,-0.000275,-0.000206,-9.809831,0.000608,0.000488,-0.000047
36.329335,0.000052,-0.000034,-9.810066,0.000607,0.000494,-0.000047
36.336190,0.000347,0.003464,-9.809616,0.000510,0.000483,0.000019
36.350096,-0.000138,-0.000110,-9.810009,0.000608,0.000487,-0.000047
36.357019,0.000288,0.003596,-9.810050,0.000479,0.000466,0.000019
36.364073,0.000008,-0.003419,-9.810113,0.000595,0.000505,-0.000047
36.370964,-0.000219,-0.000213,-9.809896,0.000607,0.000494,-0.000048
36.384810,-0.000121,-0.003591,-9.809945,0.000601,0.000493,-0.000047
36.391755,-0.000093,-0.000128,-9.810069,0.000607,0.000494,-0.000048
36.398715,0.000338,0.003413,-9.809624,0.000510,0.000483,0.000019
36.405671,-0.000106,-0.003303,-9.810475,0.000596,0.000505,-0.000047
36.412698,-0.000260,-0.000190,-9.809839,0.000609,0.000487,-0.000047
36.426549,0.000340,0.003395,-9.809625,0.000511,0.000477,0.000020
36.433449,-0.000053,-0.003339,-9.810542,0.000596,0.000505,-0.000047
36.440348,-0.000034,0.003449,-9.809818,0.000481,0.000460,0.000020
36.447363,0.000024,-0.003503,-9.810280,0.000598,0.000510,-0.000047
36.461279,0.000055,-0.000033,-9.810065,0.000608,0.000493,-0.000048
36.468151,0.000238,0.003627,-9.809984,0.000480,0.000466,0.000019
36.475067,0.000008,-0.003484,-9.810116,0.000596,0.000505,-0.000047
36.482062,-0.000110,-0.000379,-9.809537,0.000638,0.000511,-0.000048
36.496042,0.000096,-0.003351,-9.810081,0.000596,0.000505,-0.000047
36.502858,-0.000273,-0.000205,-9.809831,0.000609,0.000487,-0.000047
36.509856,0.000228,0.003568,-9.809988,0.000481,0.000460,0.000020
36.516768,0.000062,-0.003491,-9.810182,0.000595,0.000505,-0.000047
36.530689,0.000175,0.003601,-9.809926,0.000482,0.000460,0.000020
36.537559,-0.000066,-0.003591,-9.810012,0.000601,0.000493,-0.000048
36.544628,0.000012,-0.000301,-9.809706,0.000639,0.000511,-0.000048
36.551562,-0.000165,0.000146,-9.810305,0.000610,0.000487,-0.000047
36.565469,0.000061,-0.003438,-9.810176,0.000596,0.000505,-0.000047
36.572334,0.000012,0.003448,-9.809879,0.000481,0.000466,0.000019
36.579351,0.000001,-0.003432,-9.810118,0.000596,0.000505,-0.000047
36.586249,-0.000218,-0.000211,-9.809896,0.000609,0.000494,-0.000048
36.593234,-0.000031,-0.000090,-9.810103,0.000612,0.000498,-0.000048
36.607007,0.000065,-0.003523,-9.810181,0.000596,0.000505,-0.000047
36.614213,-0.000209,-0.000206,-9.809900,0.000609,0.000494,-0.000048
36.620955,0.000236,0.003703,-9.809988,0.000481,0.000466,0.000019
36.627958,-0.000119,-0.003522,-9.809944,0.000602,0.000493,-0.000048
36.641775,0.000229,0.003550,-9.809969,0.000481,0.000466,0.000019
36.648756,0.000007,-0.003453,-9.810115,0.000597,0.000505,-0.000047
36.655630,-0.000274,-0.000203,-9.809832,0.000610,0.000487,-0.000047
36.662683,0.000383,0.003363,-9.809694,0.000512,0.000483,0.000019
36.676576,-0.000233,-0.000129,-9.809737,0.000611,0.000487,-0.000047
36.683507,0.000003,-0.000018,-9.810009,0.000610,0.000487,-0.000047
36.690391,0.000239,0.003617,-9.809980,0.000483,0.000459,0.000019
36.697364,0.000061,-0.003465,-9.810178,0.000597,0.000505,-0.000047
36.704275,-0.000042,0.003433,-9.809815,0.000483,0.000460,0.000019
36.718197,-0.000219,-0.000214,-9.809896,0.000610,0.000494,-0.000048
36.725103,-0.000001,-0.000028,-9.810002,0.000610,0.000493,-0.000048
36.732121,0.000151,0.003501,-9.810023,0.000486,0.000464,0.000019
36.738976,0.000091,-0.003460,-9.810080,0.000597,0.000505,-0.000047
36.752867,0.000287,0.003642,-9.810053,0.000482,0.000466,0.000019
36.759872,0.000008,-0.003443,-9.810113,0.000598,0.000505,-0.000048
36.766797,-0.000218,-0.000211,-9.809896,0.000610,0.000493,-0.000048
36.773692,0.000146,0.003567,-9.810027,0.000487,0.000464,0.000019
36.787624,-0.000271,-0.000205,-9.809831,0.000611,0.000487,-0.000048
36.794628,0.000228,0.003565,-9.809990,0.000484,0.000459,0.000019
36.801543,0.000064,-0.003474,-9.810191,0.000596,0.000504,-0.000047
36.808460,-0.000220,-0.000233,-9.809882,0.000610,0.000493,-0.000048
36.815449,0.000227,0.003570,-9.809989,0.000483,0.000466,0.000018
36.829345,-0.000240,-0.000126,-9.809745,0.000611,0.000487,-0.000048
36.836373,0.000001,-0.000037,-9.809997,0.000612,0.000487,-0.000048
36.843297,0.000290,0.003593,-9.810047,0.000483,0.000466,0.000018
36.850186,0.000015,-0.003430,-9.810156,0.000593,0.000503,-0.000047
36.864075,0.000226,0.003582,-9.809990,0.000483,0.000466,0.000018
36.871012,-0.000120,-0.003555,-9.809945,0.000604,0.000493,-0.000048
36.878062,-0.000144,-0.000117,-9.810006,0.000612,0.000487,-0.000048
36.884886,0.000291,0.003648,-9.810051,0.000483,0.000466,0.000018
36.891813,0.000007,-0.003481,-9.810113,0.000599,0.000505,-0.000048
36.905700,0.000285,0.003609,-9.810053,0.000483,0.000465,0.000018
36.912724,0.000008,-0.003433,-9.810112,0.000599,0.000505,-0.000048
36.919585,-0.000274,-0.000204,-9.809832,0.000612,0.000487,-0.000048
36.926628,0.000226,0.003545,-9.809990,0.000484,0.000459,0.000019
36.940535,-0.000216,-0.000214,-9.809895,0.000611,0.000493,-0.000049
36.947457,-0.000085,-0.000081,-9.810041,0.000616,0.000491,-0.000048
36.954300,0.000268,0.003711,-9.809885,0.000485,0.000459,0.000019
36.961327,0.000064,-0.003438,-9.810174,0.000599,0.000505,-0.000048
36.968219,-0.000273,-0.000206,-9.809832,0.000613,0.000487,-0.000048
36.982119,0.000007,-0.003469,-9.810114,0.000599,0.000504,-0.000048
36.989080,-0.000268,-0.000185,-9.809845,0.000612,0.000486,-0.000048
36.996010,0.000283,0.003578,-9.810042,0.000484,0.000465,0.000018
37.002932,0.000007,-0.003483,-9.810115,0.000599,0.000505,-0.000048
37.016820,0.000232,0.003632,-9.809990,0.000485,0.000459,0.000019
37.023756,0.000031,-0.003547,-9.810277,0.000602,0.000509,-0.000048
37.030803,-0.000240,-0.000140,-9.809738,0.000613,0.000487,-0.000048
37.037688,0.000006,0.000006,-9.810022,0.000611,0.000486,-0.000048
37.044574,0.000388,0.003602,-9.810303,0.000481,0.000482,0.000018
37.058540,-0.000027,0.003666,-9.809911,0.000475,0.000456,0.000020
37.065565,0.000044,-0.003556,-9.810088,0.000599,0.000505,-0.000048
37.072439,-0.000279,-0.000208,-9.809832,0.000613,0.000487,-0.000048
37.079497,-0.000000,-0.000025,-9.810005,0.000613,0.000486,-0.000048
37.093393,0.000061,-0.003420,-9.810175,0.000600,0.000504,-0.000048
37.100296,0.000012,0.003429,-9.809879,0.000485,0.000466,0.000018
37.107198,-0.000030,-0.003552,-9.810220,0.000603,0.000509,-0.000048
37.114200,-0.000241,-0.000138,-9.809737,0.000614,0.000487,-0.000048
37.128095,0.000234,0.003545,-9.809985,0.000486,0.000459,0.000019
37.134951,0.000062,-0.003524,-9.810180,0.000600,0.000504,-0.000048
37.141888,-0.000272,-0.000203,-9.809834,0.000614,0.000487,-0.000048
37.148890,0.000228,0.003566,-9.809990,0.000486,0.000459,0.000019
37.155866,0.000061,-0.003464,-9.810177,0.000600,0.000504,-0.000048
37.169697,-0.000000,-0.000025,-9.810005,0.000614,0.000486,-0.000048
37.176698,0.000384,0.003571,-9.810315,0.000482,0.000482,0.000018
37.183671,-0.000089,-0.003479,-9.809842,0.000601,0.000504,-0.000048
37.190525,-0.000042,0.003468,-9.809818,0.000486,0.000459,0.000018
37.197536,0.000054,-0.003442,-9.810180,0.000601,0.000504,-0.000048
37.211485,-0.000000,-0.000025,-9.810005,0.000614,0.000486,-0.000048
37.218273,0.000242,0.003675,-9.809984,0.000487,0.000459,0.000019
37.225233,0.000061,-0.003472,-9.810177,0.000601,0.000504,-0.000048
37.232213,-0.000041,0.003400,-9.809819,0.000487,0.000459,0.000018
37.246126,-0.000270,-0.000202,-9.809834,0.000615,0.000486,-0.000048
37.253094,-0.000000,-0.000025,-9.810006,0.000615,0.000486,-0.000048
37.260028,0.000237,0.003597,-9.809984,0.000487,0.000459,0.000018
37.266960,0.000062,-0.003486,-9.810178,0.000601,0.000504,-0.000048
37.280893,0.000229,0.003590,-9.809991,0.000487,0.000459,0.000018
37.287875,0.000064,-0.003441,-9.810187,0.000600,0.000504,-0.000048
37.294925,-0.000237,0.000055,-9.809992,0.000595,0.000481,-0.000045
37.301798,0.000265,0.003347,-9.809879,0.000485,0.000466,0.000018
37.308689,-0.000004,-0.003504,-9.810117,0.000601,0.000504,-0.000048
37.322544,0.000233,0.003644,-9.809989,0.000487,0.000459,0.000018
37.329633,0.000061,-0.003408,-9.810175,0.000602,0.000504,-0.000048
37.336492,-0.000275,-0.000206,-9.809831,0.000615,0.000486,-0.000049
37.343446,-0.000000,-0.000026,-9.810004,0.000615,0.000486,-0.000048
37.357315,0.000056,-0.003570,-9.810125,0.000602,0.000504,-0.000048
37.364439,-0.000268,-0.000201,-9.809837,0.000616,0.000486,-0.000049
37.371195,0.000236,0.003697,-9.809990,0.000488,0.000459,0.000018
37.378326,0.000060,-0.003389,-9.810172,0.000602,0.000504,-0.000048
37.392114,0.000224,0.003505,-9.809958,0.000488,0.000459,0.000018
37.399059,0.000059,-0.003480,-9.810178,0.000602,0.000504,-0.000049
37.405993,-0.000272,-0.000204,-9.809832,0.000616,0.000486,-0.000049
37.412934,0.000230,0.003598,-9.809990,0.000488,0.000459,0.000018
37.426793,-0.000271,-0.000203,-9.809834,0.000616,0.000486,-0.000049
37.433754,0.000097,-0.000007,-9.810274,0.000613,0.000503,-0.000048
37.440686,0.000140,0.003578,-9.809712,0.000488,0.000459,0.000018
37.447668,-0.000098,-0.003280,-9.810477,0.000573,0.000480,-0.000048
37.454603,0.000127,0.003253,-9.809519,0.000488,0.000459,0.000018
37.468455,-0.000273,-0.000180,-9.809847,0.000614,0.000486,-0.000048
37.475411,-0.000002,-0.000050,-9.809989,0.000616,0.000486,-0.000049
37.482508,0.000355,0.003592,-9.810151,0.000483,0.000470,0.000019
37.489297,-0.000064,-0.003643,-9.810006,0.000603,0.000504,-0.000049
37.503162,0.000024,-0.003586,-9.810287,0.000606,0.000509,-0.000049
37.510155,-0.000242,-0.000140,-9.809735,0.000617,0.000486,-0.000049
37.517124,0.000002,-0.000024,-9.810004,0.000617,0.000486,-0.000049
37.524023,0.000336,0.003633,-9.810258,0.000486,0.000475,0.000018
37.537922,-0.000105,-0.000373,-9.809532,0.000616,0.000486,-0.000049
37.545052,0.000311,0.003508,-9.810251,0.000486,0.000475,0.000018
37.551863,-0.000036,-0.003568,-9.809903,0.000603,0.000504,-0.000049
37.558710,-0.000276,-0.000204,-9.809833,0.000617,0.000486,-0.000049
37.565720,-0.000000,-0.000024,-9.810004,0.000617,0.000486,-0.000049
37.579671,-0.000193,-0.003298,-9.810205,0.000574,0.000480,-0.000048
37.586523,0.000128,0.003295,-9.809515,0.000489,0.000459,0.000018
37.593466,0.000047,-0.003487,-9.810180,0.000604,0.000504,-0.000049
37.600494,-0.000269,-0.000201,-9.809834,0.000617,0.000486,-0.000049
37.614379,0.000138,0.003536,-9.809716,0.000490,0.000458,0.000018
37.621244,0.000062,-0.003517,-9.810181,0.000604,0.000504,-0.000049
37.628236,-0.000269,-0.000202,-9.809834,0.000617,0.000486,-0.000049
37.635169,0.000327,0.003620,-9.810261,0.000487,0.000475,0.000018
37.649087,-0.000102,-0.000366,-9.809542,0.000617,0.000486,-0.000049
37.655955,0.000322,0.003643,-9.810260,0.000487,0.000475,0.000018
37.663006,-0.000035,-0.003447,-9.809906,0.000604,0.000504,-0.000049
37.669863,-0.000276,-0.000203,-9.809834,0.000618,0.000486,-0.000049
37.683827,-0.000098,-0.003294,-9.810477,0.000575,0.000480,-0.000048
37.690675,-0.000006,-0.000359,-9.809802,0.000614,0.000503,-0.000049
37.697732,-0.000103,-0.000056,-9.809734,0.000618,0.000486,-0.000049
37.704566,0.000338,0.003671,-9.810262,0.000487,0.000475,0.000018
37.711601,-0.000192,-0.003278,-9.810205,0.000575,0.000480,-0.000048
37.725514,0.000046,-0.003456,-9.810177,0.000604,0.000504,-0.000049
37.732403,-0.000274,-0.000205,-9.809833,0.000618,0.000486,-0.000049
37.739324,0.000097,-0.000006,-9.810277,0.000615,0.000503,-0.000049
37.746358,0.000138,0.003525,-9.809715,0.000490,0.000458,0.000018
37.753287,-0.000099,-0.003304,-9.810482,0.000575,0.000480,-0.000048
37.767121,0.000349,0.003660,-9.810157,0.000485,0.000470,0.000018
37.774009,-0.000064,-0.003591,-9.810004,0.000605,0.000504,-0.000049
37.781016,-0.000272,-0.000200,-9.809837,0.000618,0.000486,-0.000049
37.787978,0.000229,0.003586,-9.809990,0.000491,0.000458,0.000018
37.801857,-0.000269,-0.000202,-9.809834,0.000619,0.000486,-0.000049
37.808728,0.000125,0.003807,-9.810357,0.000460,0.000441,0.000018
37.815748,0.000174,-0.003603,-9.809817,0.000605,0.000504,-0.000049
37.822637,-0.000281,-0.000214,-9.809831,0.000619,0.000486,-0.000049
37.829606,-0.000001,-0.000025,-9.810005,0.000619,0.000486,-0.000049
37.843477,-0.000195,-0.003327,-9.810207,0.000576,0.000480,-0.000049
37.850427,0.000126,0.003248,-9.809522,0.000490,0.000459,0.000017
37.857343,0.000047,-0.003501,-9.810181,0.000605,0.000504,-0.000049
37.864435,-0.000266,-0.000200,-9.809836,0.000619,0.000486,-0.000049
37.871258,0.000098,-0.000007,-9.810280,0.000616,0.000502,-0.000049
37.885175,0.000084,-0.003251,-9.810720,0.000570,0.000492,-0.000048
37.892069,0.000004,0.003207,-9.809357,0.000489,0.000458,0.000018
37.899088,0.000041,-0.003467,-9.810164,0.000606,0.000504,-0.000049
37.906027,-0.000273,-0.000204,-9.809834,0.000619,0.000486,-0.000049
37.919904,0.000237,0.003599,-9.809984,0.000492,0.000458,0.000017
37.926791,-0.000099,-0.003327,-9.810483,0.000577,0.000480,-0.000049
37.933867,-0.000101,-0.000366,-9.809543,0.000619,0.000486,-0.000049
37.940688,0.000324,0.003669,-9.810264,0.000489,0.000475,0.000017
37.947813,-0.000138,-0.003246,-9.810262,0.000576,0.000486,-0.000049
37.961643,-0.000009,-0.000049,-9.809994,0.000620,0.000485,-0.000049
37.968551,0.000335,0.003629,-9.810257,0.000489,0.000475,0.000017
37.975416,-0.000197,-0.003358,-9.810208,0.000577,0.000480,-0.000049
37.982443,0.000125,0.003213,-9.809527,0.000491,0.000459,0.000017
37.989294,0.000047,-0.003534,-9.810182,0.000606,0.000503,-0.000049
38.003211,0.000000,-0.000028,-9.810004,0.000617,0.000502,-0.000049
38.010138,-0.000020,0.003764,-9.810016,0.000463,0.000434,0.000018
38.017112,0.000228,-0.003631,-9.809882,0.000606,0.000504,-0.000049
38.024052,-0.000183,-0.000197,-9.810100,0.000618,0.000503,-0.000050
38.037937,-0.000028,-0.003531,-9.809908,0.000576,0.000487,-0.000050
38.045080,-0.000161,-0.000362,-9.809487,0.000620,0.000486,-0.000050
38.051871,0.000226,0.003669,-9.809987,0.000493,0.000458,0.000017
38.058840,0.000061,-0.003468,-9.810176,0.000607,0.000503,-0.000050
38.072762,0.000255,0.004072,-9.810814,0.000439,0.000452,0.000020
38.080044,0.000056,-0.003730,-9.809389,0.000606,0.000504,-0.000050
38.086743,-0.000302,-0.000223,-9.809828,0.000621,0.000486,-0.000050
38.093584,-0.000001,-0.000025,-9.810005,0.000621,0.000485,-0.000050
38.100634,0.000329,0.003555,-9.810250,0.000490,0.000475,0.000017
38.114563,0.000124,0.003204,-9.809524,0.000492,0.000458,0.000017
38.121405,-0.000115,-0.003356,-9.810489,0.000578,0.000480,-0.000049
38.128379,-0.000103,-0.000371,-9.809538,0.000620,0.000486,-0.000050
38.135280,0.000089,-0.000018,-9.810273,0.000618,0.000502,-0.000050
38.149201,0.000034,-0.003552,-9.810281,0.000607,0.000503,-0.000050
38.156086,-0.000276,-0.000206,-9.809833,0.000621,0.000486,-0.000050
38.163121,0.000122,0.003718,-9.810349,0.000463,0.000441,0.000017
38.170101,0.000070,-0.003452,-9.810179,0.000577,0.000486,-0.000050
38.183997,0.000220,0.003562,-9.809987,0.000494,0.000458,0.000017
38.190829,0.000062,-0.003536,-9.810181,0.000608,0.000503,-0.000050
38.198085,-0.000260,-0.000196,-9.809841,0.000622,0.000485,-0.000050
38.204731,0.000233,0.003973,-9.810663,0.000459,0.000457,0.000017
38.211868,-0.000027,-0.003414,-9.809899,0.000577,0.000486,-0.000050
38.225547,-0.000011,-0.000065,-9.809983,0.000622,0.000485,-0.000050
38.232560,0.000329,0.003574,-9.810253,0.000491,0.000475,0.000017
38.239487,-0.000195,-0.003329,-9.810207,0.000579,0.000480,-0.000049
38.246448,0.000126,0.003244,-9.809523,0.000493,0.000458,0.000017
38.260327,-0.000200,-0.000393,-9.809263,0.000621,0.000486,-0.000050
38.267268,0.000088,-0.000015,-9.810274,0.000619,0.000502,-0.000050
38.274161,0.000269,0.003679,-9.809881,0.000489,0.000470,0.000017
38.281348,-0.000215,-0.003266,-9.810298,0.000579,0.000480,-0.000049
38.295115,-0.000059,-0.003261,-9.810534,0.000578,0.000486,-0.000050
38.301969,-0.000160,-0.000370,-9.809465,0.000622,0.000486,-0.000050
38.308929,-0.000008,-0.000034,-9.810002,0.000622,0.000485,-0.000050
38.315891,0.000236,0.003583,-9.809984,0.000495,0.000458,0.000017
38.322867,-0.000097,-0.003285,-9.810476,0.000579,0.000479,-0.000049
38.336662,0.000354,0.003721,-9.810160,0.000489,0.000470,0.000017
38.343678,-0.000220,-0.003347,-9.810304,0.000580,0.000480,-0.000049
38.350964,-0.000101,-0.000355,-9.809558,0.000622,0.000486,-0.000050
38.357515,-0.000009,-0.000037,-9.810003,0.000623,0.000485,-0.000050
38.371427,-0.000198,-0.003369,-9.810208,0.000580,0.000479,-0.000050
38.378400,0.000126,0.003237,-9.809525,0.000494,0.000458,0.000017
38.385353,-0.000113,-0.003303,-9.810479,0.000580,0.000479,-0.000049
38.392242,-0.000006,-0.000357,-9.809805,0.000619,0.000502,-0.000050
38.406153,0.000108,0.003878,-9.810186,0.000460,0.000446,0.000018
38.413169,0.000104,-0.003691,-9.809713,0.000609,0.000503,-0.000050
38.420078,-0.000053,0.003426,-9.809815,0.000495,0.000458,0.000016
38.426931,-0.000107,-0.003338,-9.810491,0.000580,0.000479,-0.000050
38.433944,-0.000102,-0.000369,-9.809540,0.000622,0.000486,-0.000050
38.447955,0.000223,0.003709,-9.810606,0.000462,0.000457,0.000017
38.454759,-0.000082,-0.003552,-9.809843,0.000580,0.000480,-0.000050
38.461749,-0.000111,-0.000378,-9.809536,0.000623,0.000486,-0.000050
38.468641,0.000321,0.003631,-9.810259,0.000493,0.000474,0.000017
38.475549,-0.000099,-0.003321,-9.810479,0.000578,0.000496,-0.000050
38.489464,0.000090,-0.000014,-9.810279,0.000621,0.000502,-0.000050
38.496486,0.000076,0.003728,-9.810281,0.000464,0.000451,0.000017
38.503336,0.000027,-0.003544,-9.809972,0.000579,0.000486,-0.000050
38.510309,0.000064,0.003234,-9.809458,0.000495,0.000458,0.000016
38.517270,-0.000113,-0.003296,-9.810481,0.000581,0.000479,-0.000050
38.531213,-0.000008,-0.000039,-9.810001,0.000621,0.000502,-0.000050
38.538088,0.000012,0.003872,-9.809926,0.000463,0.000429,0.000018
38.545263,0.000194,-0.003605,-9.809970,0.000610,0.000503,-0.000050
38.552036,-0.000290,-0.000220,-9.809827,0.000624,0.000485,-0.000050
38.565882,-0.000001,-0.003276,-9.810747,0.000578,0.000496,-0.000050
38.572822,-0.000200,-0.000394,-9.809263,0.000624,0.000485,-0.000050
38.579951,0.000207,0.003678,-9.810606,0.000463,0.000457,0.000016
38.586697,-0.000083,-0.003584,-9.809840,0.000581,0.000479,-0.000050
38.593701,-0.000111,-0.000376,-9.809538,0.000624,0.000485,-0.000050
38.607574,-0.000099,-0.003339,-9.810481,0.000579,0.000496,-0.000050
38.614529,-0.000200,-0.000390,-9.809266,0.000624,0.000485,-0.000051
38.621499,-0.000018,0.000155,-9.810636,0.000591,0.000484,-0.000050
38.628402,0.000353,0.003449,-9.809620,0.000493,0.000474,0.000016
38.642227,0.000126,0.003259,-9.809503,0.000496,0.000458,0.000016
38.649241,-0.000017,-0.003256,-9.810742,0.000579,0.000496,-0.000050
38.656166,-0.000210,-0.000205,-9.809896,0.000591,0.000485,-0.000051
38.663169,0.000009,-0.000214,-9.809376,0.000624,0.000485,-0.000050
38.676985,-0.000224,-0.003398,-9.810297,0.000582,0.000479,-0.000050
38.683980,0.000122,0.003226,-9.809526,0.000497,0.000458,0.000016
38.690857,-0.000114,-0.003338,-9.810485,0.000582,0.000479,-0.000050
38.697913,-0.000102,-0.000367,-9.809543,0.000624,0.000485,-0.000051
38.704771,0.000089,-0.000018,-9.810276,0.000622,0.000502,-0.000050
38.718716,0.000080,-0.009144,-9.810366,0.000560,0.000518,-0.000050
38.725578,-0.000698,-0.000471,-9.809454,0.000594,0.000468,-0.000051
38.732629,0.000094,-0.000187,-9.809655,0.000625,0.000485,-0.000051
38.739481,0.000603,0.009785,-9.810598,0.000214,0.000335,0.000117
38.753386,-0.000699,-0.000469,-9.809454,0.000594,0.000468,-0.000051
38.760312,0.000326,0.003441,-9.809634,0.000497,0.000457,0.000016
38.767317,-0.000105,-0.003279,-9.810472,0.000583,0.000479,-0.000050
38.774258,-0.000104,-0.000374,-9.809534,0.000625,0.000485,-0.000051
38.781217,0.000692,0.009466,-9.810230,0.000245,0.000352,0.000117
38.795075,-0.000515,-0.000904,-9.808947,0.000627,0.000491,-0.000051
38.802021,0.000267,0.006075,-9.810246,0.000345,0.000346,0.000050
38.808928,0.000709,0.003943,-9.810254,0.000194,0.000346,0.000118
38.816015,-0.000418,-0.009258,-9.810026,0.000564,0.000502,-0.000051
38.829880,0.000575,0.009289,-9.809958,0.000248,0.000335,0.000117
38.836769,-0.000197,-0.008853,-9.811035,0.000534,0.000484,-0.000051
38.843730,-0.000362,-0.000767,-9.809011,0.000625,0.000486,-0.000051
38.850684,0.000578,0.009451,-9.809965,0.000248,0.000335,0.000117
38.864599,-0.000725,-0.000442,-9.809407,0.000596,0.000462,-0.000051
38.871458,0.000250,-0.000181,-9.809984,0.000623,0.000502,-0.000051
38.878466,0.000440,0.009552,-9.810251,0.000217,0.000329,0.000118
38.885396,0.000114,-0.009032,-9.810293,0.000555,0.000512,-0.000049
38.892292,-0.000618,-0.000747,-9.809164,0.000626,0.000486,-0.000051
38.906170,-0.000129,-0.008835,-9.811922,0.000503,0.000494,-0.000052
38.913277,-0.000364,-0.000865,-9.808253,0.000625,0.000486,-0.000051
38.920104,0.000350,0.005940,-9.809978,0.000377,0.000363,0.000050
38.927093,0.000584,0.004055,-9.810610,0.000195,0.000346,0.000118
38.934050,-0.000419,-0.009420,-9.810028,0.000564,0.000501,-0.000051
38.947922,0.000323,0.003397,-9.809636,0.000498,0.000457,0.000016
38.954811,-0.000107,-0.003335,-9.810479,0.000584,0.000479,-0.000050
38.961824,-0.000103,-0.000369,-9.809541,0.000626,0.000485,-0.000051
38.968819,0.000358,0.006017,-9.810626,0.000341,0.000362,0.000050
38.982700,-0.000426,-0.009380,-9.810028,0.000565,0.000502,-0.000051
38.989628,-0.000500,-0.000611,-9.809375,0.000626,0.000485,-0.000051
38.996582,0.000585,0.009459,-9.809967,0.000249,0.000335,0.000117
39.003439,-0.000252,-0.008883,-9.810977,0.000536,0.000477,-0.000050
39.010370,-0.000310,-0.000777,-9.809072,0.000626,0.000486,-0.000051
39.024324,0.000260,0.000438,-9.810355,0.000324,0.000373,0.000051
39.031234,0.000130,0.003535,-9.809810,0.000201,0.000334,0.000117
39.038174,-0.000316,-0.009365,-9.810207,0.000565,0.000501,-0.000051
39.045110,-0.000602,-0.000441,-9.809737,0.000596,0.000468,-0.000051
39.052122,0.000323,0.003395,-9.809635,0.000499,0.000457,0.000016
39.065954,-0.000007,-0.000354,-9.809807,0.000624,0.000502,-0.000051
39.072967,0.000337,0.009532,-9.809989,0.000221,0.000312,0.000117
39.079971,0.000204,-0.008961,-9.810532,0.000559,0.000513,-0.000050
39.086753,-0.000625,-0.000717,-9.809176,0.000627,0.000485,-0.000051
39.100743,0.000469,0.000297,-9.810266,0.000323,0.000373,0.000051
39.107649,0.000123,0.003526,-9.809805,0.000201,0.000334,0.000117
39.114608,-0.000316,-0.009339,-9.810208,0.000565,0.000501,-0.000051
39.121513,-0.000498,-0.000616,-9.809369,0.000627,0.000485,-0.000051
39.128460,0.000480,0.009640,-9.810330,0.000220,0.000318,0.000117
39.135516,0.000025,-0.008970,-9.810297,0.000566,0.000501,-0.000051
39.149379,0.000425,0.009579,-9.810280,0.000220,0.000311,0.000117
39.156237,0.000208,-0.009167,-9.810526,0.000560,0.000513,-0.000050
39.163246,-0.000605,-0.000694,-9.809203,0.000627,0.000485,-0.000052
39.170119,0.000356,0.005914,-9.809984,0.000378,0.000363,0.000050
39.184060,0.000129,0.003476,-9.809813,0.000202,0.000334,0.000117
39.190951,-0.000319,-0.009433,-9.810205,0.000566,0.000501,-0.000051
39.198010,-0.000645,-0.000425,-9.809680,0.000598,0.000462,-0.000051
39.204863,0.000385,0.003467,-9.809692,0.000500,0.000457,0.000016
39.211749,-0.000107,-0.003337,-9.810480,0.000585,0.000479,-0.000051
39.225649,-0.000296,0.000061,-9.810130,0.000599,0.000461,-0.000051
39.232701,0.000521,0.003452,-9.809862,0.000494,0.000469,0.000016
39.239548,-0.000234,-0.003441,-9.810306,0.000586,0.000479,-0.000051
39.246611,-0.000104,-0.000359,-9.809551,0.000628,0.000485,-0.000051
39.253481,0.000602,0.009564,-9.809955,0.000251,0.000335,0.000116
39.267403,-0.000431,-0.000853,-9.808907,0.000627,0.000486,-0.000052
39.274315,0.000240,0.006042,-9.810346,0.000348,0.000345,0.000050
39.281388,0.000434,0.000232,-9.810363,0.000328,0.000378,0.000050
39.288257,0.000281,0.003689,-9.809875,0.000197,0.000346,0.000117
39.295198,-0.000438,-0.009445,-9.810034,0.000567,0.000501,-0.000051
39.308995,0.000429,0.009709,-9.810269,0.000222,0.000311,0.000117
39.316045,0.000078,-0.008985,-9.810360,0.000567,0.000501,-0.000051
39.322982,-0.000487,-0.000618,-9.809366,0.000628,0.000485,-0.000052
39.329909,0.000295,0.006065,-9.810555,0.000347,0.000356,0.000050
39.336784,0.000666,0.003931,-9.810045,0.000197,0.000345,0.000117
39.350801,-0.000491,-0.000601,-9.809386,0.000629,0.000485,-0.000052
39.357634,0.000434,0.009810,-9.810272,0.000222,0.000311,0.000117
39.364560,0.000207,-0.009064,-9.810535,0.000561,0.000513,-0.000051
39.371545,-0.000606,-0.000696,-9.809201,0.000629,0.000485,-0.000052
39.378486,0.000193,0.006036,-9.810287,0.000350,0.000339,0.000050
39.392368,-0.000432,-0.009540,-9.810024,0.000567,0.000501,-0.000051
39.399357,-0.000601,-0.000437,-9.809742,0.000598,0.000468,-0.000052
39.406280,0.000096,-0.000193,-9.809647,0.000629,0.000484,-0.000051
39.413238,0.000443,0.009626,-9.810257,0.000223,0.000311,0.000117
39.427063,-0.000612,-0.000696,-9.809197,0.000629,0.000485,-0.000052
39.434064,0.000192,0.005977,-9.810278,0.000351,0.000339,0.000050
39.440989,0.000528,0.000293,-9.810332,0.000326,0.000373,0.000050
39.447995,0.000121,0.003473,-9.809807,0.000204,0.000334,0.000116
39.461775,-0.000495,-0.000611,-9.809376,0.000629,0.000485,-0.000052
39.468871,0.000470,0.009436,-9.810323,0.000222,0.000318,0.000116
39.475825,0.000122,-0.009085,-9.810571,0.000565,0.000517,-0.000051
39.482700,-0.000749,-0.000461,-9.809392,0.000600,0.000461,-0.000051
39.496633,-0.000222,-0.008630,-9.810862,0.000532,0.000488,-0.000050
39.503514,-0.000440,-0.000881,-9.808881,0.000629,0.000485,-0.000052
39.510437,0.000240,0.006032,-9.810347,0.000350,0.000345,0.000049
39.517400,0.000440,0.000235,-9.810367,0.000329,0.000378,0.000050
39.524300,0.000249,0.003610,-9.809978,0.000201,0.000351,0.000116
39.538255,-0.000660,-0.000431,-9.809675,0.000600,0.000461,-0.000051
39.545282,0.000842,0.009211,-9.809939,0.000249,0.000352,0.000116
39.552124,-0.000229,-0.008853,-9.810871,0.000534,0.000488,-0.000050
39.559108,-0.000433,-0.000852,-9.808910,0.000629,0.000485,-0.000052
39.572938,0.000473,0.000300,-9.810267,0.000326,0.000373,0.000050
39.579917,-0.000107,-0.000114,-9.809824,0.000332,0.000361,0.000049
39.586839,0.000234,0.003605,-9.809987,0.000204,0.000334,0.000116
39.593774,-0.000313,-0.009374,-9.810205,0.000569,0.000501,-0.000052
39.600757,-0.000546,-0.000599,-9.809317,0.000631,0.000478,-0.000051
39.614683,-0.000045,-0.009097,-9.810190,0.000569,0.000500,-0.000052
39.621586,-0.000492,-0.000619,-9.809365,0.000630,0.000485,-0.000052
39.628488,0.000326,0.006150,-9.810455,0.000346,0.000350,0.000050
39.635485,0.000531,0.003783,-9.809875,0.000202,0.000328,0.000117
39.642391,-0.000322,-0.009360,-9.811101,0.000537,0.000512,-0.000053
39.656215,0.000202,0.006350,-9.810299,0.000352,0.000339,0.000050
39.663203,0.000752,0.003888,-9.810313,0.000199,0.000345,0.000117
39.670180,-0.000426,-0.009406,-9.810024,0.000569,0.000501,-0.000052
39.677106,-0.000660,-0.000432,-9.809677,0.000601,0.000461,-0.000052
39.684074,0.000523,0.005664,-9.809686,0.000381,0.000362,0.000049
39.697986,-0.000417,-0.009364,-9.810028,0.000569,0.000501,-0.000052
39.704877,-0.000663,-0.000433,-9.809676,0.000601,0.000461,-0.000052
39.711823,0.000524,0.005681,-9.809684,0.000381,0.000362,0.000049
39.718783,0.000350,0.000449,-9.810624,0.000328,0.000372,0.000050
39.725667,0.000229,0.003564,-9.810081,0.000203,0.000351,0.000116
39.739674,-0.000325,-0.000771,-9.809087,0.000630,0.000485,-0.000052
39.746598,0.000287,0.006057,-9.810551,0.000350,0.000355,0.000050
39.753488,0.000433,0.000273,-9.810061,0.000328,0.000373,0.000050
39.760415,0.000249,0.003597,-9.809977,0.000200,0.000346,0.000116
39.767430,-0.000436,-0.009347,-9.810035,0.000570,0.000501,-0.000052
39.781346,0.000748,0.009221,-9.809672,0.000253,0.000335,0.000116
39.788209,-0.000206,-0.008897,-9.811034,0.000540,0.000483,-0.000052
39.795163,-0.000364,-0.000768,-9.809011,0.000631,0.000485,-0.000052
39.802160,0.000188,0.005977,-9.810278,0.000353,0.000338,0.000050
39.809025,0.000765,0.003958,-9.810319,0.000200,0.000345,0.000116
39.822926,-0.000663,-0.000433,-9.809676,0.000602,0.000461,-0.000052
39.829973,0.000643,0.005679,-9.809856,0.000376,0.000374,0.000049
39.836844,0.000197,0.000307,-9.810560,0.000332,0.000377,0.000049
39.843767,0.000282,0.003671,-9.809881,0.000200,0.000345,0.000116
39.850717,-0.000597,-0.009254,-9.810334,0.000541,0.000477,-0.000052
39.864671,0.000188,0.006005,-9.810281,0.000353,0.000338,0.000049
39.871537,0.000532,0.000295,-9.810334,0.000328,0.000372,0.000050
39.878476,0.000122,0.003507,-9.809805,0.000206,0.000334,0.000116
39.885554,-0.000310,-0.009184,-9.810203,0.000570,0.000501,-0.000052
39.899369,0.000873,0.009280,-9.809841,0.000248,0.000347,0.000116
39.906231,-0.000332,-0.008982,-9.810861,0.000541,0.000483,-0.000052
39.913263,-0.000363,-0.000758,-9.809025,0.000631,0.000485,-0.000052
39.920223,0.000189,0.006008,-9.810279,0.000354,0.000338,0.000049
39.934128,-0.000421,-0.009306,-9.810024,0.000571,0.000501,-0.000052
39.940995,-0.000666,-0.000434,-9.809675,0.000603,0.000461,-0.000052
39.948021,0.000615,0.005634,-9.809955,0.000380,0.000379,0.000049
39.954883,0.000150,0.000618,-9.810733,0.000298,0.000355,0.000049
39.961842,0.000242,0.003339,-9.809443,0.000206,0.000334,0.000116
39.975758,-0.000660,-0.000434,-9.809673,0.000603,0.000461,-0.000052
39.982763,0.000617,0.005650,-9.809954,0.000380,0.000379,0.000049
39.989630,0.000149,0.000607,-9.810725,0.000299,0.000355,0.000049
39.996574,0.000274,0.003419,-9.809349,0.000203,0.000329,0.000116
40.010514,-0.000556,-0.000711,-9.808530,0.000634,0.000478,-0.000052
40.017395,0.000480,0.009730,-9.810334,0.000226,0.000311,0.000116
40.024311,0.000207,-0.009079,-9.810536,0.000565,0.000512,-0.000052
40.031341,-0.000761,-0.000515,-9.809502,0.000603,0.000461,-0.000052
40.038273,0.000522,0.005695,-9.809686,0.000383,0.000362,0.000049
40.052190,0.000254,0.003547,-9.809979,0.000202,0.000345,0.000116
40.059099,-0.000603,-0.009309,-9.810337,0.000542,0.000477,-0.000052
40.066062,-0.000329,-0.000777,-9.809081,0.000632,0.000485,-0.000053
40.072976,0.000190,0.006047,-9.810282,0.000354,0.000338,0.000049
40.079954,0.000753,0.003894,-9.810314,0.000202,0.000345,0.000116
40.093879,-0.000671,-0.000419,-9.809683,0.000602,0.000460,-0.000052
40.100869,0.000415,0.005797,-9.810036,0.000353,0.000345,0.000049
40.109189,0.000389,0.000249,-9.810232,0.000328,0.000372,0.000049
40.115375,0.000256,0.004637,-9.810596,0.000142,0.000319,0.000120
40.122541,-0.000181,-0.009348,-9.809493,0.000562,0.000514,-0.000047
40.136532,-0.000049,-0.003550,-9.810349,0.000618,0.000501,-0.000052
40.143651,-0.000305,-0.000041,-9.809871,0.000622,0.000474,-0.000050
40.150725,0.000447,0.006119,-9.810862,0.000319,0.000354,0.000052
40.157532,0.000599,0.003525,-9.809822,0.000203,0.000357,0.000115
40.171459,-0.000653,-0.000426,-9.809679,0.000604,0.000461,-0.000052
40.178535,0.000836,0.009148,-9.809940,0.000253,0.000351,0.000115
40.185336,-0.000231,-0.008906,-9.810878,0.000538,0.000488,-0.000051
40.192238,-0.000598,-0.000680,-9.809198,0.000604,0.000461,-0.000052
40.206102,0.000353,0.000440,-9.810618,0.000331,0.000372,0.000049
40.213213,-0.000003,-0.000087,-9.810093,0.000333,0.000378,0.000048
40.220227,0.000295,0.003839,-9.810147,0.000179,0.000340,0.000117
40.227180,-0.000461,-0.009647,-9.809770,0.000572,0.000501,-0.000053
40.234158,-0.000695,-0.000496,-9.809780,0.000608,0.000466,-0.000053
40.248212,0.000101,-0.008759,-9.810251,0.000567,0.000512,-0.000052
40.255013,-0.000760,-0.000297,-9.809626,0.000588,0.000456,-0.000050
40.261907,0.000131,-0.000421,-9.809573,0.000634,0.000484,-0.000053
40.268849,0.000531,0.009659,-9.810527,0.000225,0.000327,0.000116
40.282765,-0.000769,-0.000517,-9.809499,0.000605,0.000461,-0.000053
40.289682,0.000363,0.005887,-9.809988,0.000355,0.000338,0.000049
40.296582,0.000522,0.000284,-9.810330,0.000331,0.000372,0.000049
40.303572,0.000248,0.003561,-9.809976,0.000203,0.000345,0.000115
40.317506,-0.000656,-0.000428,-9.809679,0.000605,0.000461,-0.000052
40.324406,0.000599,0.009543,-9.809969,0.000228,0.000311,0.000116
40.331410,0.000197,-0.008976,-9.810528,0.000567,0.000512,-0.000052
40.338312,-0.000721,-0.000533,-9.809556,0.000604,0.000467,-0.000053
40.352241,0.000430,0.000225,-9.810362,0.000334,0.000377,0.000049
40.359096,0.000048,0.000029,-9.809892,0.000331,0.000372,0.000049
40.366204,0.000109,0.003431,-9.809817,0.000209,0.000333,0.000115
40.373863,-0.000430,-0.008326,-9.810461,0.000544,0.000476,-0.000052
40.379930,-0.000437,-0.000878,-9.808873,0.000635,0.000478,-0.000052
40.387002,0.000606,0.009668,-9.811286,0.000190,0.000333,0.000115
40.400922,-0.000755,-0.000596,-9.808599,0.000605,0.000461,-0.000053
40.407779,0.000461,0.005954,-9.810261,0.000353,0.000355,0.000049
40.414774,0.000419,0.000258,-9.810056,0.000332,0.000372,0.000049
40.421730,0.000250,0.003594,-9.809992,0.000203,0.000345,0.000115
40.428719,-0.000544,-0.009224,-9.810381,0.000543,0.000483,-0.000053
40.435647,-0.000386,-0.000774,-9.809013,0.000635,0.000484,-0.000053
40.450865,0.000811,0.002327,-9.811996,0.000156,0.000333,0.000071
40.457855,0.000045,-0.004846,-9.806492,0.000567,0.000521,0.000017
40.464822,-0.000530,-0.000166,-9.810859,0.000531,0.000485,0.000012
40.471693,-0.000424,-0.003229,-9.810805,0.000594,0.000477,-0.000053
40.485722,0.000652,0.005663,-9.809848,0.000380,0.000374,0.000048
40.492633,0.000227,0.000369,-9.810457,0.000333,0.000372,0.000049
40.499564,-0.000033,0.003704,-9.810112,0.000181,0.000309,0.000115
40.506497,-0.000148,-0.009544,-9.809909,0.000574,0.000500,-0.000053
40.513561,-0.000652,-0.000435,-9.809677,0.000606,0.000460,-0.000053
40.527323,0.000431,0.003600,-9.809739,0.000210,0.000333,0.000115
40.534333,-0.000312,-0.009280,-9.810201,0.000574,0.000500,-0.000053
40.541197,-0.000663,-0.000437,-9.809671,0.000607,0.000460,-0.000053
40.548183,0.000543,0.005898,-9.810216,0.000350,0.000356,0.000048
40.561992,0.000274,0.003654,-9.809878,0.000205,0.000345,0.000115
40.569069,-0.000586,-0.009088,-9.810328,0.000545,0.000476,-0.000052
40.575880,-0.000337,-0.000794,-9.809062,0.000635,0.000484,-0.000053
40.582945,0.000412,0.009478,-9.810261,0.000230,0.000310,0.000115
40.596718,-0.000724,-0.000533,-9.809555,0.000607,0.000460,-0.000053
40.603768,0.000505,0.005782,-9.810314,0.000353,0.000361,0.000048
40.610610,0.000373,0.000272,-9.809993,0.000333,0.000372,0.000049
40.617611,-0.000011,-0.000094,-9.810093,0.000336,0.000377,0.000048
40.624481,0.000106,0.003876,-9.810188,0.000176,0.000321,0.000116
40.638425,-0.000676,-0.000447,-9.809670,0.000607,0.000460,-0.000053
40.645335,0.000597,0.009530,-9.809969,0.000229,0.000310,0.000115
40.652373,0.000196,-0.008931,-9.810526,0.000569,0.000511,-0.000052
40.659248,-0.000778,-0.000526,-9.809491,0.000607,0.000460,-0.000053
40.666238,0.000412,0.005816,-9.810049,0.000356,0.000344,0.000048
40.680080,-0.000011,-0.000097,-9.810091,0.000336,0.000377,0.000048
40.687052,0.000105,0.003820,-9.810185,0.000176,0.000321,0.000116
40.693973,-0.000271,-0.009642,-9.809734,0.000575,0.000500,-0.000053
40.700951,-0.000663,-0.000439,-9.809676,0.000608,0.000460,-0.000053
40.714882,0.000196,-0.008938,-9.810525,0.000570,0.000511,-0.000053
40.721733,-0.000781,-0.000527,-9.809490,0.000608,0.000460,-0.000053
40.728640,0.000515,0.005904,-9.810321,0.000354,0.000361,0.000048
40.735643,0.000365,0.000265,-9.809992,0.000334,0.000372,0.000048
40.742538,-0.000012,-0.000095,-9.810095,0.000337,0.000377,0.000048
40.756492,-0.000271,-0.009692,-9.809740,0.000574,0.000500,-0.000053
40.763394,-0.000671,-0.000455,-9.809667,0.000608,0.000460,-0.000053
40.770366,0.000591,0.009445,-9.809970,0.000230,0.000310,0.000115
40.777328,0.000198,-0.009028,-9.810531,0.000570,0.000511,-0.000053
40.791184,0.000462,0.005923,-9.810260,0.000356,0.000355,0.000048
40.798214,0.000417,0.000256,-9.810054,0.000334,0.000372,0.000048
40.805076,-0.000012,-0.000098,-9.810095,0.000337,0.000377,0.000048
40.812076,0.000104,0.003804,-9.810184,0.000177,0.000321,0.000115
40.819002,-0.000271,-0.009636,-9.809735,0.000575,0.000500,-0.000053
40.832922,0.000585,0.009327,-9.809970,0.000231,0.000310,0.000115
40.839862,0.000198,-0.009057,-9.810532,0.000570,0.000511,-0.000053
40.846725,-0.000780,-0.000526,-9.809490,0.000608,0.000460,-0.000053
40.853716,0.000456,0.005842,-9.810255,0.000356,0.000355,0.000048
40.867607,-0.000087,0.000136,-9.810355,0.000304,0.000355,0.000048
40.874491,0.000225,0.003379,-9.809448,0.000212,0.000333,0.000114
40.881525,-0.000477,-0.009071,-9.810499,0.000547,0.000476,-0.000053
40.888449,-0.000329,-0.000783,-9.809075,0.000637,0.000484,-0.000054
40.895317,0.000552,0.009830,-9.810438,0.000226,0.000322,0.000115
40.909198,-0.000432,-0.000621,-9.809428,0.000607,0.000467,-0.000054
40.916244,0.000447,0.005783,-9.810247,0.000355,0.000361,0.000047
40.923099,0.000372,0.000273,-9.809994,0.000335,0.000371,0.000048
40.930093,0.000019,-0.000032,-9.809992,0.000335,0.000372,0.000048
40.937040,0.000056,0.003520,-9.809754,0.000214,0.000326,0.000115
40.950958,-0.000616,-0.000793,-9.808420,0.000608,0.000461,-0.000053
40.957862,0.000742,0.009345,-9.809667,0.000261,0.000334,0.000114
40.964834,-0.000129,-0.008668,-9.811127,0.000542,0.000487,-0.000052
40.971739,-0.000598,-0.000683,-9.809196,0.000609,0.000460,-0.000053
40.978703,0.000406,0.005827,-9.810046,0.000358,0.000344,0.000047
40.992607,-0.000013,-0.000117,-9.810077,0.000338,0.000377,0.000047
40.999594,0.000103,0.003810,-9.810184,0.000178,0.000321,0.000115
41.006465,-0.000273,-0.009712,-9.809733,0.000577,0.000500,-0.000054
41.013384,-0.000669,-0.000443,-9.809674,0.000609,0.000460,-0.000053
41.027340,0.000198,-0.009027,-9.810530,0.000571,0.000511,-0.000053
41.034269,-0.000772,-0.000522,-9.809496,0.000610,0.000460,-0.000054
41.041199,0.000460,0.005894,-9.810257,0.000357,0.000354,0.000048
41.048150,0.000315,0.000431,-9.810419,0.000305,0.000354,0.000048
41.062022,0.000102,0.003521,-9.809812,0.000214,0.000332,0.000114
41.069063,-0.000469,-0.009054,-9.810502,0.000548,0.000476,-0.000053
41.075936,-0.000492,-0.000607,-9.809372,0.000609,0.000460,-0.000053
41.082904,0.000536,0.005903,-9.810213,0.000353,0.000356,0.000048
41.089824,0.000571,0.003839,-9.810076,0.000208,0.000344,0.000115
41.103736,-0.000437,-0.000609,-9.809441,0.000608,0.000466,-0.000054
41.110610,0.000360,0.005910,-9.809982,0.000359,0.000344,0.000047
41.117641,0.000459,0.000286,-9.810262,0.000336,0.000371,0.000048
41.124534,0.000221,0.003550,-9.810078,0.000211,0.000349,0.000114
41.131546,-0.000567,-0.009112,-9.810233,0.000549,0.000476,-0.000053
41.145359,0.000491,0.006001,-9.810175,0.000353,0.000349,0.000048
41.152458,0.000383,0.000170,-9.810131,0.000336,0.000371,0.000048
41.159278,0.000249,0.003652,-9.809978,0.000208,0.000344,0.000114
41.166243,-0.000599,-0.009234,-9.810336,0.000549,0.000476,-0.000053
41.173153,-0.000493,-0.000602,-9.809376,0.000610,0.000460,-0.000054
41.187099,0.000462,0.000287,-9.810264,0.000336,0.000371,0.000048
41.194016,0.000250,0.003601,-9.809977,0.000209,0.000344,0.000114
41.201039,-0.000593,-0.009158,-9.810330,0.000549,0.000476,-0.000053
41.207918,-0.000495,-0.000604,-9.809375,0.000610,0.000460,-0.000054
41.214883,0.000453,0.005851,-9.810251,0.000358,0.000354,0.000048
41.228767,-0.000586,-0.009233,-9.810328,0.000549,0.000476,-0.000053
41.235768,-0.000337,-0.000586,-9.809713,0.000606,0.000483,-0.000054
41.242614,0.000308,0.005940,-9.809915,0.000358,0.000354,0.000048
41.249634,0.000312,0.000430,-9.810418,0.000306,0.000354,0.000048
41.256476,0.000337,0.003415,-9.809712,0.000211,0.000349,0.000114
41.270481,-0.000481,-0.000589,-9.809390,0.000610,0.000460,-0.000054
41.277278,0.000495,0.006062,-9.810155,0.000355,0.000349,0.000048
41.284342,0.000387,0.000194,-9.810153,0.000337,0.000371,0.000048
41.291231,0.000248,0.003615,-9.809978,0.000209,0.000344,0.000114
41.305130,-0.000494,-0.000603,-9.809376,0.000610,0.000460,-0.000054
41.312069,0.000508,0.005865,-9.810314,0.000357,0.000361,0.000047
41.319098,0.000362,0.000263,-9.809992,0.000337,0.000371,0.000048
41.325924,0.000100,0.003644,-9.809640,0.000213,0.000321,0.000115
41.332981,-0.000428,-0.008986,-9.811444,0.000518,0.000487,-0.000054
41.346887,0.000525,0.005828,-9.810210,0.000355,0.000356,0.000047
41.353773,0.000543,0.003796,-9.810179,0.000213,0.000349,0.000114
41.360708,-0.000467,-0.009198,-9.810499,0.000547,0.000492,-0.000053
41.367702,-0.000580,-0.000615,-9.809114,0.000611,0.000460,-0.000054
41.381548,0.000389,0.000195,-9.810155,0.000337,0.000371,0.000048
41.388472,0.000109,0.003706,-9.810443,0.000182,0.000332,0.000114
41.395389,-0.000460,-0.009398,-9.809873,0.000550,0.000476,-0.000054
41.402389,-0.000491,-0.000602,-9.809383,0.000611,0.000460,-0.000054
41.409318,0.000645,0.005764,-9.809851,0.000385,0.000373,0.000047
41.423225,0.000393,0.003375,-9.809784,0.000212,0.000349,0.000114
41.430104,-0.000586,-0.009299,-9.810233,0.000551,0.000475,-0.000054
41.437205,-0.000477,-0.000585,-9.809394,0.000611,0.000460,-0.000054
41.443998,0.000499,0.006098,-9.810184,0.000354,0.000348,0.000048
41.451075,0.000383,0.000162,-9.810124,0.000338,0.000371,0.000047
41.464917,-0.000483,-0.009004,-9.811385,0.000519,0.000487,-0.000055
41.471857,-0.000499,-0.000716,-9.808581,0.000611,0.000460,-0.000054
41.478785,0.000534,0.005934,-9.810214,0.000355,0.000356,0.000047
41.485776,0.000535,0.003739,-9.810176,0.000213,0.000349,0.000114
41.499551,-0.000390,-0.000581,-9.809649,0.000609,0.000477,-0.000054
41.506604,0.000382,0.005820,-9.809881,0.000357,0.000349,0.000048
41.513502,0.000395,0.000202,-9.810159,0.000338,0.000371,0.000047
41.520438,0.000056,0.003709,-9.810380,0.000184,0.000325,0.000114
41.527361,-0.000406,-0.009397,-9.809937,0.000550,0.000476,-0.000054
41.541254,0.000648,0.005791,-9.809851,0.000386,0.000373,0.000047
41.548461,0.000063,0.000526,-9.810727,0.000310,0.000347,0.000048
41.555310,0.000459,0.003689,-9.809932,0.000188,0.000339,0.000115
41.562230,-0.000472,-0.009691,-9.809781,0.000580,0.000499,-0.000054
41.576078,0.000373,0.006001,-9.809985,0.000363,0.000337,0.000047
41.583150,0.000735,0.003831,-9.810308,0.000211,0.000343,0.000114
41.590037,-0.000495,-0.009329,-9.810600,0.000549,0.000492,-0.000054
41.596913,-0.000593,-0.000626,-9.809099,0.000612,0.000460,-0.000054
41.603989,0.000475,0.005824,-9.810151,0.000357,0.000349,0.000048
41.617887,0.000228,0.003282,-9.809458,0.000216,0.000332,0.000113
41.624767,-0.000390,-0.009256,-9.810782,0.000549,0.000492,-0.000054
41.631792,-0.000569,-0.000542,-9.809160,0.000607,0.000458,-0.000053
41.638649,0.000485,0.005941,-9.810114,0.000357,0.000349,0.000048
41.645550,0.000392,0.000195,-9.810152,0.000339,0.000371,0.000047
41.659458,-0.000470,-0.009606,-9.809872,0.000551,0.000476,-0.000054
41.666507,-0.000488,-0.000599,-9.809387,0.000613,0.000460,-0.000054
41.673374,0.000490,0.006000,-9.810153,0.000358,0.000349,0.000048
41.680305,0.000394,0.000198,-9.810155,0.000339,0.000371,0.000047
41.687327,0.000243,0.003547,-9.809978,0.000211,0.000344,0.000114
41.701224,-0.000485,-0.000594,-9.809386,0.000613,0.000460,-0.000054
41.708092,0.000459,0.005936,-9.810254,0.000361,0.000354,0.000047
41.714988,0.000549,0.004080,-9.810408,0.000181,0.000326,0.000114
41.722048,-0.000466,-0.009274,-9.809967,0.000552,0.000476,-0.000054
41.728922,-0.000351,-0.000606,-9.809707,0.000609,0.000483,-0.000055
41.742784,0.000318,0.000440,-9.810427,0.000309,0.000353,0.000047
41.749896,0.000355,0.003345,-9.809626,0.000211,0.000344,0.000114
41.756693,-0.000622,-0.009472,-9.810340,0.000552,0.000475,-0.000054
41.763647,-0.000490,-0.000598,-9.809381,0.000613,0.000459,-0.000054
41.770709,0.000477,0.005833,-9.810149,0.000358,0.000349,0.000047
41.784512,-0.000041,0.003655,-9.810109,0.000189,0.000308,0.000114
41.791486,-0.000142,-0.009183,-9.811333,0.000516,0.000510,-0.000056
41.798419,-0.000656,-0.000740,-9.808239,0.000613,0.000460,-0.000054
41.805350,0.000480,0.005945,-9.810155,0.000359,0.000349,0.000047
41.812271,0.000395,0.000199,-9.810158,0.000340,0.000371,0.000047
41.826173,-0.000169,-0.009332,-9.811197,0.000515,0.000498,-0.000055
41.833182,-0.000570,-0.000810,-9.808482,0.000612,0.000466,-0.000055
41.840139,0.000294,0.005856,-9.809929,0.000364,0.000337,0.000047
41.846976,0.000759,0.003957,-9.810311,0.000212,0.000343,0.000114
41.854058,-0.000481,-0.009072,-9.810585,0.000550,0.000492,-0.000054
41.867925,0.000482,0.005908,-9.810152,0.000359,0.000349,0.000047
41.874771,0.000292,0.000375,-9.810526,0.000310,0.000354,0.000047
41.881886,0.000322,0.003280,-9.809725,0.000215,0.000349,0.000113
41.888792,-0.000545,-0.008919,-9.810434,0.000529,0.000468,-0.000050
41.902731,0.000381,0.005786,-9.810187,0.000362,0.000354,0.000047
41.909597,0.000319,0.000438,-9.810426,0.000310,0.000353,0.000047
41.916621,0.000359,0.003386,-9.809620,0.000212,0.000344,0.000113
41.923537,-0.000610,-0.009309,-9.810335,0.000553,0.000475,-0.000054
41.937437,0.000481,0.005885,-9.810150,0.000359,0.000349,0.000047
41.944331,0.000628,0.003848,-9.810142,0.000213,0.000343,0.000113
41.951465,-0.000575,-0.009022,-9.810319,0.000554,0.000475,-0.000054
41.958264,-0.000484,-0.000467,-9.809455,0.000604,0.000457,-0.000053
41.972190,0.000393,0.000208,-9.810167,0.000340,0.000370,0.000047
41.979121,0.000055,0.003701,-9.810371,0.000187,0.000325,0.000113
41.986083,-0.000277,-0.009265,-9.810106,0.000547,0.000487,-0.000054
41.992992,-0.000623,-0.000695,-9.809200,0.000615,0.000459,-0.000055
42.000012,0.000350,0.005790,-9.809985,0.000366,0.000337,0.000047
42.013863,0.000090,0.003773,-9.810277,0.000184,0.000320,0.000114
42.020853,-0.000362,-0.009264,-9.810891,0.000521,0.000493,-0.000056
42.027765,-0.000564,-0.000719,-9.808510,0.000615,0.000459,-0.000055
42.034696,0.000480,0.005942,-9.810153,0.000360,0.000349,0.000047
42.041644,0.000393,0.000198,-9.810156,0.000341,0.000371,0.000047
42.055545,-0.000419,-0.009341,-9.810837,0.000522,0.000486,-0.000055
42.062445,-0.000457,-0.000738,-9.808633,0.000614,0.000466,-0.000055
42.069429,0.000296,0.005822,-9.809920,0.000366,0.000337,0.000047
42.076367,0.000749,0.003907,-9.810314,0.000214,0.000343,0.000113
42.090263,-0.000629,-0.000697,-9.809190,0.000615,0.000459,-0.000055
42.097152,0.000455,0.005918,-9.810256,0.000363,0.000353,0.000047
42.104198,0.000258,0.000434,-9.810353,0.000313,0.000347,0.000047
42.111060,0.000422,0.003459,-9.809674,0.000213,0.000344,0.000113
42.124940,-0.000492,-0.000604,-9.809372,0.000584,0.000470,-0.000056
42.131905,0.000483,0.005914,-9.810150,0.000329,0.000360,0.000046
42.138930,0.000231,0.000373,-9.810452,0.000281,0.000358,0.000046
42.145804,0.000418,0.003452,-9.809678,0.000182,0.000355,0.000112
42.152820,-0.000602,-0.009180,-9.810328,0.000523,0.000486,-0.000056
42.166724,0.000479,0.005863,-9.810150,0.000329,0.000360,0.000046
42.173568,0.000291,0.000374,-9.810527,0.000280,0.000364,0.000045
42.180519,0.000218,0.003224,-9.808651,0.000219,0.000332,0.000113
42.187547,-0.000343,-0.008887,-9.811455,0.000518,0.000498,-0.000055
42.201402,0.000344,0.005773,-9.809983,0.000367,0.000337,0.000046
42.208290,0.000415,0.000456,-9.810698,0.000312,0.000353,0.000046
42.215420,0.000251,0.003500,-9.809978,0.000183,0.000326,0.000113
42.222193,-0.000452,-0.009679,-9.810036,0.000553,0.000482,-0.000055
42.229095,-0.000556,-0.000604,-9.809310,0.000616,0.000459,-0.000055
42.242996,0.000552,0.004102,-9.810410,0.000184,0.000326,0.000113
42.250033,-0.000342,-0.009226,-9.810133,0.000549,0.000487,-0.000054
42.256913,-0.000629,-0.000698,-9.809198,0.000616,0.000459,-0.000055
42.263821,0.000356,0.005885,-9.809984,0.000367,0.000336,0.000046
42.277743,0.000091,0.003803,-9.810279,0.000186,0.000320,0.000113
42.284743,-0.000318,-0.009223,-9.811095,0.000521,0.000503,-0.000056
42.291628,-0.000609,-0.000751,-9.808294,0.000616,0.000459,-0.000055
42.298572,0.000479,0.005932,-9.810154,0.000362,0.000348,0.000047
42.305564,0.000285,0.000366,-9.810516,0.000312,0.000353,0.000046
42.319480,-0.000493,-0.009058,-9.811391,0.000524,0.000486,-0.000056
42.326337,-0.000491,-0.000606,-9.809370,0.000585,0.000470,-0.000056
42.333351,0.000480,0.005873,-9.810149,0.000330,0.000360,0.000046
42.340264,0.000466,0.004018,-9.810444,0.000154,0.000330,0.000113
42.354183,-0.000345,-0.000597,-9.809711,0.000581,0.000493,-0.000057
42.361081,0.000291,0.005777,-9.809115,0.000365,0.000353,0.000046
42.368039,0.000256,0.000441,-9.810359,0.000314,0.000347,0.000047
42.374960,0.000312,0.003601,-9.810044,0.000184,0.000326,0.000113
42.388884,-0.000496,-0.000605,-9.809381,0.000617,0.000459,-0.000055
42.395755,0.000489,0.005996,-9.810154,0.000362,0.000348,0.000047
42.402783,0.000389,0.000195,-9.810154,0.000344,0.000370,0.000046
42.409684,0.000087,0.003790,-9.810280,0.000187,0.000320,0.000113
42.423589,-0.000502,-0.000616,-9.809365,0.000585,0.000470,-0.000056
42.430515,0.000486,0.005948,-9.810152,0.000330,0.000359,0.000045
42.437520,0.000285,0.000365,-9.810515,0.000281,0.000364,0.000045
42.444458,0.000346,0.003311,-9.808818,0.000215,0.000344,0.000113
42.451437,-0.000596,-0.009112,-9.811125,0.000525,0.000486,-0.000056
42.465388,0.000478,0.005853,-9.810149,0.000331,0.000359,0.000045
42.472281,0.000467,0.004029,-9.810445,0.000155,0.000330,0.000112
42.479123,-0.000429,-0.009578,-9.810030,0.000524,0.000486,-0.000056
42.486107,-0.000496,-0.000607,-9.809381,0.000586,0.000470,-0.000056
42.500057,0.000284,0.000364,-9.810513,0.000282,0.000364,0.000045
42.506912,0.000212,0.003461,-9.809275,0.000188,0.000331,0.000112
42.513842,-0.000473,-0.009394,-9.809873,0.000556,0.000475,-0.000055
42.520874,-0.000393,-0.000582,-9.809652,0.000615,0.000476,-0.000055
42.534728,0.000234,0.000383,-9.810460,0.000315,0.000347,0.000047
42.541608,0.000418,0.003450,-9.809677,0.000216,0.000343,0.000113
42.548893,-0.000566,-0.008729,-9.811077,0.000526,0.000486,-0.000056
42.555562,-0.000506,-0.000620,-9.809353,0.000586,0.000470,-0.000056
42.562495,0.000485,0.005942,-9.810151,0.000331,0.000359,0.000045
42.576339,0.000259,0.003659,-9.809980,0.000155,0.000331,0.000112
42.583473,-0.000429,-0.009191,-9.810033,0.000525,0.000486,-0.000056
42.590277,-0.000509,-0.000622,-9.809364,0.000586,0.000470,-0.000056
42.597263,0.000481,0.005897,-9.810151,0.000332,0.000359,0.000045
42.611093,-0.000495,-0.009626,-9.809162,0.000557,0.000475,-0.000055
42.618062,-0.000404,-0.000592,-9.809649,0.000616,0.000476,-0.000055
42.624965,0.000390,0.005946,-9.809879,0.000364,0.000348,0.000046
42.631907,0.000287,0.000372,-9.810521,0.000314,0.000353,0.000046
42.638977,0.000220,0.003469,-9.810080,0.000189,0.000331,0.000112
42.652766,-0.000494,-0.000606,-9.809380,0.000619,0.000459,-0.000056
42.659701,0.000485,0.005941,-9.810152,0.000364,0.000348,0.000046
42.666697,0.000232,0.000376,-9.810453,0.000316,0.000346,0.000046
42.673582,0.000418,0.003448,-9.809678,0.000217,0.000343,0.000112
42.680528,-0.000497,-0.009137,-9.811398,0.000524,0.000502,-0.000056
42.694458,0.000594,0.005785,-9.809792,0.000363,0.000348,0.000046
42.701588,0.000221,0.000359,-9.810443,0.000316,0.000346,0.000046
42.708281,0.000429,0.003547,-9.809668,0.000217,0.000343,0.000112
42.715277,-0.000590,-0.009088,-9.811121,0.000527,0.000485,-0.000056
42.729194,0.000487,0.005957,-9.810153,0.000332,0.000359,0.000045
42.736131,0.000464,0.004003,-9.810442,0.000157,0.000330,0.000112
42.743058,-0.000326,-0.009442,-9.810302,0.000523,0.000503,-0.000056
42.750121,-0.000599,-0.000736,-9.808337,0.000619,0.000459,-0.000056
42.763853,0.000404,0.000203,-9.810155,0.000315,0.000353,0.000046
42.770892,0.000213,0.003476,-9.810077,0.000190,0.000331,0.000112
42.777749,-0.000473,-0.009489,-9.809871,0.000558,0.000475,-0.000055
42.784751,-0.000491,-0.000602,-9.809381,0.000619,0.000459,-0.000056
42.791697,0.000485,0.005932,-9.810152,0.000364,0.000348,0.000046
42.805571,0.000307,0.003574,-9.810050,0.000186,0.000326,0.000112
42.812511,-0.000495,-0.009447,-9.809964,0.000558,0.000475,-0.000055
42.819492,-0.000399,-0.000588,-9.809649,0.000617,0.000475,-0.000056
42.826388,0.000390,0.005953,-9.809879,0.000365,0.000348,0.000046
42.833327,0.000233,0.000382,-9.810459,0.000317,0.000346,0.000046
42.847233,-0.000542,-0.009185,-9.811194,0.000527,0.000485,-0.000057
42.854215,-0.000386,-0.000576,-9.809651,0.000585,0.000487,-0.000057
42.861101,0.000270,0.006015,-9.809442,0.000334,0.000331,0.000046
42.868181,0.000561,0.003763,-9.810081,0.000189,0.000319,0.000113
42.882033,-0.000390,-0.000580,-9.809652,0.000586,0.000487,-0.000057
42.888921,0.000376,0.005843,-9.809076,0.000365,0.000348,0.000046
42.895817,0.000230,0.000380,-9.810462,0.000317,0.000346,0.000046
42.902806,0.000306,0.003565,-9.810043,0.000188,0.000326,0.000112
42.916802,-0.000490,-0.000599,-9.809387,0.000620,0.000458,-0.000056
42.923592,0.000495,0.006068,-9.810156,0.000365,0.000348,0.000046
42.930571,0.000233,0.000379,-9.810456,0.000317,0.000346,0.000046
42.937552,0.000306,0.003567,-9.810041,0.000188,0.000326,0.000112
42.944463,-0.000497,-0.009481,-9.809971,0.000559,0.000475,-0.000056
42.958347,0.000488,0.005977,-9.810153,0.000365,0.000348,0.000046
42.965266,0.000235,0.000379,-9.810458,0.000318,0.000346,0.000046
42.972261,0.000358,0.003402,-9.809620,0.000220,0.000337,0.000113
42.979161,-0.000544,-0.009223,-9.811199,0.000528,0.000485,-0.000057
42.993052,0.000234,0.005807,-9.809808,0.000340,0.000347,0.000044
43.000055,0.000352,0.000459,-9.810625,0.000286,0.000357,0.000045
43.006953,0.000260,0.003620,-9.809978,0.000158,0.000331,0.000112
43.013877,-0.000314,-0.009387,-9.810205,0.000522,0.000498,-0.000056
43.020915,-0.000615,-0.000685,-9.809216,0.000589,0.000470,-0.000057
43.034793,0.000260,0.000438,-9.810355,0.000286,0.000357,0.000045
43.041652,0.000260,0.003643,-9.809979,0.000158,0.000330,0.000111
43.048613,-0.000312,-0.009338,-9.810204,0.000522,0.000498,-0.000056
43.055567,-0.000622,-0.000693,-9.809206,0.000589,0.000470,-0.000057
43.069526,0.000461,0.003975,-9.810440,0.000159,0.000330,0.000112
43.076388,-0.000428,-0.009549,-9.810030,0.000528,0.000486,-0.000057
43.083312,-0.000500,-0.000613,-9.809375,0.000589,0.000470,-0.000057
43.090372,0.000476,0.005835,-9.810149,0.000334,0.000359,0.000045
43.104213,0.000253,0.003571,-9.809981,0.000158,0.000330,0.000111
43.111141,-0.000441,-0.009463,-9.810035,0.000528,0.000486,-0.000057
43.118163,-0.000397,-0.000586,-9.809650,0.000587,0.000486,-0.000057
43.124978,0.000380,0.005905,-9.809067,0.000366,0.000348,0.000046
43.138952,0.000259,0.003584,-9.809981,0.000158,0.000330,0.000111
43.145915,-0.000342,-0.009399,-9.810303,0.000526,0.000502,-0.000057
43.152848,-0.000611,-0.000749,-9.808306,0.000621,0.000458,-0.000056
43.159719,0.000376,0.006168,-9.810522,0.000336,0.000330,0.000046
43.173660,-0.000412,-0.009228,-9.810816,0.000529,0.000485,-0.000057
43.180602,-0.000366,-0.000526,-9.809547,0.000584,0.000481,-0.000057
43.187542,0.000233,0.005772,-9.809810,0.000341,0.000347,0.000044
43.194464,0.000356,0.000464,-9.810633,0.000287,0.000357,0.000045
43.201483,0.000255,0.003558,-9.809978,0.000159,0.000330,0.000111
43.215288,-0.000622,-0.000691,-9.809207,0.000590,0.000470,-0.000057
43.222302,0.000476,0.005875,-9.810152,0.000335,0.000359,0.000044
43.229176,0.000237,0.000382,-9.810462,0.000287,0.000357,0.000045
43.236195,0.000252,0.003559,-9.809981,0.000159,0.000330,0.000111
43.250071,-0.000494,-0.000605,-9.809384,0.000590,0.000469,-0.000057
43.256992,0.000491,0.005992,-9.810184,0.000332,0.000358,0.000045
43.263882,0.000464,0.003992,-9.810413,0.000160,0.000330,0.000111
43.270903,-0.000294,-0.009255,-9.810198,0.000523,0.000497,-0.000057
43.284777,0.000449,0.005848,-9.810253,0.000339,0.000364,0.000044
43.291701,0.000262,0.000442,-9.810357,0.000288,0.000357,0.000045
43.298631,0.000258,0.003606,-9.809981,0.000159,0.000330,0.000111
43.305600,-0.000311,-0.009328,-9.810204,0.000523,0.000497,-0.000057
43.312659,-0.000613,-0.000682,-9.809217,0.000591,0.000469,-0.000057
43.326386,0.000238,0.000384,-9.810464,0.000288,0.000357,0.000045
43.333409,0.000251,0.003557,-9.809980,0.000160,0.000330,0.000111
43.340320,-0.000442,-0.009488,-9.810034,0.000529,0.000485,-0.000057
43.347236,-0.000501,-0.000613,-9.809375,0.000591,0.000469,-0.000057
43.361478,0.000323,0.000095,-9.809322,0.000319,0.000346,0.000046
43.368451,0.000300,0.003934,-9.810410,0.000153,0.000310,0.000115
43.375332,-0.000328,-0.010069,-9.809292,0.000590,0.000498,-0.000057
43.382252,-0.000685,-0.000451,-9.809675,0.000624,0.000458,-0.000057
43.396129,0.000484,0.004169,-9.811253,0.000161,0.000329,0.000111
43.403176,-0.000411,-0.009298,-9.810030,0.000530,0.000485,-0.000057
43.410074,-0.000373,-0.000533,-9.809544,0.000586,0.000481,-0.000057
43.417129,0.000229,0.005678,-9.809813,0.000342,0.000347,0.000044
43.431012,0.000242,0.003416,-9.809856,0.000160,0.000330,0.000111
43.437931,-0.000321,-0.009400,-9.810205,0.000524,0.000497,-0.000057
43.444881,-0.000623,-0.000692,-9.809206,0.000592,0.000469,-0.000058
43.451875,0.000478,0.005892,-9.810152,0.000337,0.000358,0.000044
43.465723,0.000252,0.003562,-9.809981,0.000160,0.000330,0.000111
43.472660,-0.000441,-0.009452,-9.810034,0.000530,0.000485,-0.000057
43.479709,-0.000395,-0.000584,-9.809652,0.000589,0.000486,-0.000058
43.486540,0.000271,0.006065,-9.809437,0.000338,0.000330,0.000045
43.493483,0.000342,0.000216,-9.810098,0.000320,0.000346,0.000045
43.507403,-0.000426,-0.009318,-9.810830,0.000531,0.000485,-0.000057
43.514261,-0.000401,-0.000596,-9.809643,0.000589,0.000486,-0.000058
43.521378,0.000261,0.005820,-9.809460,0.000338,0.000330,0.000045
43.528195,0.000348,0.000220,-9.810100,0.000320,0.000346,0.000045
43.542033,-0.000500,-0.009525,-9.809971,0.000562,0.000474,-0.000056
43.549018,-0.000495,-0.000604,-9.809382,0.000624,0.000458,-0.000057
43.556063,0.000478,0.005847,-9.810150,0.000369,0.000347,0.000045
43.562895,0.000252,0.000504,-9.811275,0.000290,0.000357,0.000044
43.569921,0.000257,0.003558,-9.809981,0.000161,0.000330,0.000111
43.583803,-0.000614,-0.000555,-9.808949,0.000591,0.000458,-0.000057
43.590780,0.000388,0.005892,-9.809885,0.000338,0.000330,0.000045
43.597712,0.000354,0.000317,-9.810186,0.000312,0.000344,0.000046
43.604675,0.000365,0.003233,-9.809688,0.000225,0.000348,0.000111
43.611637,-0.000593,-0.009003,-9.810864,0.000530,0.000473,-0.000056
43.625492,0.000367,0.006043,-9.810487,0.000339,0.000330,0.000045
43.632414,0.000347,0.000216,-9.810096,0.000321,0.000346,0.000045
43.639433,0.000297,0.003541,-9.810040,0.000192,0.000325,0.000111
43.646397,-0.000493,-0.009408,-9.809970,0.000563,0.000474,-0.000057
43.660188,0.000229,0.006129,-9.810183,0.000340,0.000324,0.000045
43.667199,0.000412,0.000325,-9.810947,0.000290,0.000357,0.000044
43.674183,0.000250,0.003569,-9.809978,0.000162,0.000330,0.000111
43.681121,-0.000344,-0.009433,-9.810305,0.000529,0.000502,-0.000057
43.688033,-0.000515,-0.000733,-9.808572,0.000622,0.000475,-0.000057
43.701974,0.000343,0.000216,-9.810097,0.000321,0.000346,0.000045
43.708831,0.000264,0.003753,-9.810785,0.000162,0.000330,0.000111
43.715766,-0.000339,-0.009434,-9.810305,0.000529,0.000502,-0.000058
43.722773,-0.000604,-0.000741,-9.808325,0.000625,0.000458,-0.000057
43.736632,0.000347,0.000216,-9.810096,0.000322,0.000346,0.000045
43.743573,0.000261,0.003707,-9.810776,0.000162,0.000330,0.000111
43.750490,-0.000339,-0.009451,-9.810309,0.000529,0.000502,-0.000057
43.757433,-0.000513,-0.000737,-9.808574,0.000622,0.000475,-0.000057
43.764377,0.000222,0.006091,-9.810184,0.000341,0.000323,0.000045
43.778282,0.000255,0.003633,-9.809978,0.000162,0.000330,0.000110
43.785280,-0.000341,-0.009351,-9.810303,0.000529,0.000502,-0.000058
43.792216,-0.000513,-0.000731,-9.808577,0.000622,0.000475,-0.000057
43.799097,0.000224,0.006148,-9.810184,0.000341,0.000323,0.000045
43.812989,0.000253,0.003608,-9.809978,0.000162,0.000330,0.000110
43.819999,-0.000310,-0.009273,-9.810203,0.000526,0.000497,-0.000057
43.826878,-0.000629,-0.000700,-9.809197,0.000594,0.000469,-0.000058
43.833794,0.000323,0.006139,-9.810457,0.000310,0.000335,0.000044
43.840827,0.000397,0.000206,-9.810157,0.000290,0.000357,0.000044
43.854724,-0.000499,-0.009517,-9.809971,0.000533,0.000485,-0.000058
43.861596,-0.000504,-0.000615,-9.809373,0.000594,0.000469,-0.000058
43.868686,0.000371,0.005977,-9.810503,0.000309,0.000341,0.000044
43.875516,0.000366,0.000314,-9.810173,0.000283,0.000355,0.000045
43.882507,0.000290,0.003466,-9.809966,0.000161,0.000336,0.000110
43.896341,-0.000404,-0.000595,-9.809645,0.000591,0.000486,-0.000058
43.903348,0.000265,0.005911,-9.809451,0.000340,0.000330,0.000044
43.910288,0.000342,0.000217,-9.810098,0.000323,0.000346,0.000045
43.917166,0.000264,0.003742,-9.810783,0.000163,0.000330,0.000110
43.924168,-0.000432,-0.009362,-9.810034,0.000533,0.000485,-0.000058
43.938075,0.000072,0.005920,-9.810110,0.000316,0.000323,0.000044
43.945012,0.000621,0.000312,-9.810604,0.000288,0.000373,0.000044
43.951977,-0.000077,-0.000057,-9.809720,0.000291,0.000357,0.000043
43.958897,0.000237,0.003608,-9.809987,0.000163,0.000330,0.000110
43.972834,-0.000617,-0.000686,-9.809214,0.000595,0.000469,-0.000058
43.979740,0.000323,0.006148,-9.810457,0.000310,0.000334,0.000044
43.986691,0.000402,0.000209,-9.810159,0.000291,0.000357,0.000044
43.993613,0.000301,0.003589,-9.810040,0.000162,0.000336,0.000110
44.007514,-0.000504,-0.000615,-9.809371,0.000595,0.000469,-0.000058
44.014456,0.000325,0.006115,-9.810452,0.000311,0.000334,0.000044
44.021452,0.000399,0.000207,-9.810157,0.000291,0.000357,0.000044
44.028290,0.000250,0.003643,-9.809978,0.000164,0.000330,0.000110
44.042240,-0.000622,-0.000691,-9.809206,0.000595,0.000469,-0.000058
44.049157,0.000376,0.006130,-9.810519,0.000310,0.000341,0.000043
44.056140,0.000346,0.000215,-9.810096,0.000292,0.000357,0.000044
44.063085,0.000017,-0.000033,-9.809994,0.000292,0.000357,0.000043
44.076940,-0.000446,-0.009550,-9.810035,0.000534,0.000485,-0.000058
44.083995,-0.000491,-0.000601,-9.809386,0.000595,0.000469,-0.000058
44.090916,0.000326,0.006138,-9.810458,0.000311,0.000334,0.000044
44.097763,0.000407,0.000207,-9.810157,0.000292,0.000357,0.000044
44.104736,0.000298,0.003562,-9.810040,0.000163,0.000336,0.000109
44.118611,-0.000623,-0.000692,-9.809206,0.000596,0.000469,-0.000059
44.125621,0.000319,0.006063,-9.810454,0.000311,0.000334,0.000044
44.132501,0.000405,0.000205,-9.810157,0.000292,0.000357,0.000044
44.139529,0.000243,0.003543,-9.809978,0.000164,0.000330,0.000110
44.146392,-0.000446,-0.009555,-9.810035,0.000534,0.000485,-0.000058
44.160312,0.000170,0.005980,-9.810382,0.000315,0.000339,0.000043
44.167252,0.000427,0.000273,-9.810061,0.000292,0.000356,0.000044
44.174190,0.000019,-0.000033,-9.809993,0.000292,0.000357,0.000043
44.181082,0.000238,0.003620,-9.809983,0.000165,0.000329,0.000110
44.195026,-0.000625,-0.000695,-9.809202,0.000596,0.000469,-0.000059
44.202044,0.000318,0.006050,-9.810452,0.000312,0.000334,0.000044
44.208876,0.000409,0.000213,-9.810160,0.000293,0.000356,0.000043
44.215827,0.000246,0.003583,-9.809979,0.000165,0.000329,0.000110
44.222804,-0.000342,-0.009379,-9.810303,0.000532,0.000502,-0.000058
44.236726,0.000390,0.005920,-9.809884,0.000342,0.000330,0.000044
44.243598,0.000343,0.000213,-9.810096,0.000325,0.000345,0.000044
44.250636,0.000258,0.003655,-9.810765,0.000165,0.000329,0.000110
44.257546,-0.000340,-0.009468,-9.810307,0.000532,0.000501,-0.000058
44.271456,0.000385,0.005848,-9.809885,0.000342,0.000330,0.000044
44.278350,0.000342,0.000213,-9.810098,0.000325,0.000345,0.000044
44.285330,0.000031,0.000084,-9.810786,0.000293,0.000357,0.000043
44.292267,0.000212,0.003536,-9.810085,0.000168,0.000334,0.000109
44.306160,-0.000771,-0.000506,-9.809510,0.000567,0.000445,-0.000058
44.313056,0.000654,0.005806,-9.809857,0.000341,0.000358,0.000043
44.320096,0.000223,0.000362,-9.810446,0.000294,0.000356,0.000043
44.326941,0.000024,-0.000023,-9.809997,0.000293,0.000357,0.000043
44.333907,0.000236,0.003581,-9.809984,0.000165,0.000329,0.000110
44.340890,-0.000342,-0.009372,-9.810304,0.000533,0.000501,-0.000058
44.354765,0.000389,0.005903,-9.809879,0.000344,0.000323,0.000045
44.361719,0.000407,0.000317,-9.810953,0.000294,0.000356,0.000043
44.368692,0.000021,-0.000031,-9.809994,0.000294,0.000357,0.000043
44.375571,0.000239,0.003627,-9.809984,0.000166,0.000329,0.000110
44.389563,-0.000719,-0.000516,-9.809573,0.000567,0.000451,-0.000059
44.396423,0.000557,0.005662,-9.809087,0.000376,0.000352,0.000044
44.403412,0.000247,0.000425,-9.810352,0.000326,0.000345,0.000044
44.410359,0.000041,0.000094,-9.810792,0.000294,0.000357,0.000043
44.424199,-0.000473,-0.009192,-9.810506,0.000501,0.000473,-0.000057
44.431132,-0.000455,-0.000862,-9.808906,0.000597,0.000469,-0.000059
44.438159,0.000309,0.006031,-9.810447,0.000313,0.000334,0.000043
44.444990,0.000408,0.000213,-9.810162,0.000294,0.000356,0.000043
44.458909,-0.000316,-0.009453,-9.810207,0.000530,0.000496,-0.000058
44.465793,-0.000736,-0.000527,-9.809564,0.000567,0.000451,-0.000059
44.472918,0.000566,0.005512,-9.809022,0.000374,0.000347,0.000044
44.479768,0.000238,0.000490,-9.811268,0.000295,0.000356,0.000043
44.493624,0.000007,-0.000029,-9.810000,0.000294,0.000357,0.000043
44.500620,0.000236,0.003573,-9.809994,0.000166,0.000329,0.000110
44.507546,-0.000451,-0.009284,-9.810660,0.000503,0.000484,-0.000059
44.514493,-0.000601,-0.000739,-9.808312,0.000598,0.000440,-0.000058
44.528359,0.000241,0.000489,-9.811258,0.000295,0.000356,0.000043
44.535361,0.000029,-0.000021,-9.809996,0.000294,0.000357,0.000043
44.542305,0.000237,0.003592,-9.809984,0.000167,0.000329,0.000110
44.549218,-0.000451,-0.009295,-9.810672,0.000503,0.000484,-0.000059
44.556155,-0.000602,-0.000739,-9.808309,0.000598,0.000440,-0.000058
44.570138,0.000333,0.000203,-9.810091,0.000326,0.000345,0.000044
44.576937,0.000266,0.003785,-9.810791,0.000167,0.000329,0.000109
44.583864,-0.000309,-0.009383,-9.810205,0.000531,0.000496,-0.000058
44.590913,-0.000771,-0.000506,-9.809513,0.000569,0.000445,-0.000059
44.597803,0.000654,0.005811,-9.809855,0.000343,0.000358,0.000043
44.611697,0.000024,-0.000024,-9.809996,0.000295,0.000357,0.000043
44.618736,0.000007,-0.000029,-9.810000,0.000295,0.000357,0.000043
44.625611,0.000239,0.003629,-9.809985,0.000167,0.000329,0.000109
44.632547,-0.000450,-0.009263,-9.810668,0.000504,0.000484,-0.000059
44.646409,0.000486,0.006020,-9.810157,0.000344,0.000329,0.000044
44.653434,0.000336,0.000204,-9.810092,0.000327,0.000345,0.000044
44.660400,0.000263,0.003711,-9.810794,0.000166,0.000328,0.000109
44.667241,-0.000315,-0.009517,-9.810186,0.000531,0.000496,-0.000058
44.674248,-0.000776,-0.000509,-9.809509,0.000570,0.000445,-0.000059
44.688132,0.000225,0.000366,-9.810452,0.000296,0.000356,0.000043
44.695059,0.000024,-0.000023,-9.809997,0.000295,0.000356,0.000043
44.702061,0.000007,-0.000029,-9.810001,0.000295,0.000356,0.000043
44.708941,0.000007,-0.000029,-9.809999,0.000295,0.000356,0.000043
44.722922,-0.000436,-0.008935,-9.810396,0.000502,0.000472,-0.000058
44.729784,-0.000458,-0.000871,-9.808894,0.000598,0.000469,-0.000059
44.736752,0.000312,0.006083,-9.810452,0.000315,0.000334,0.000043
44.743630,0.000405,0.000211,-9.810159,0.000296,0.000356,0.000043
44.757605,-0.000417,-0.009150,-9.810565,0.000501,0.000479,-0.000059
44.764457,-0.000530,-0.000984,-9.808022,0.000630,0.000457,-0.000058
44.771508,0.000303,0.006009,-9.810446,0.000347,0.000323,0.000044
44.778358,0.000422,0.000331,-9.810969,0.000296,0.000356,0.000043
44.792329,0.000007,-0.000030,-9.810000,0.000296,0.000356,0.000042
44.799186,0.000007,-0.000028,-9.810000,0.000296,0.000356,0.000042
44.806219,0.000007,-0.000028,-9.810000,0.000296,0.000356,0.000042
44.813119,0.000238,0.003615,-9.809985,0.000168,0.000329,0.000109
44.820259,-0.000437,-0.009001,-9.810650,0.000505,0.000484,-0.000059
44.833935,0.000475,0.005876,-9.810120,0.000345,0.000329,0.000043
44.840930,0.000335,0.000204,-9.810093,0.000328,0.000345,0.000044
44.847819,0.000031,0.000085,-9.810797,0.000296,0.000356,0.000042
44.854814,0.000240,0.003569,-9.809985,0.000168,0.000329,0.000109
44.868762,-0.000295,0.005287,-9.808864,0.000350,0.000329,0.000043
44.875688,0.000401,0.000270,-9.810068,0.000328,0.000345,0.000044
44.882574,0.000033,0.000084,-9.810797,0.000297,0.000356,0.000042
44.889575,-0.000093,0.000144,-9.810360,0.000266,0.000339,0.000042
44.896422,0.000123,-0.000193,-9.809633,0.000296,0.000357,0.000042
44.910356,0.000238,0.003616,-9.809983,0.000169,0.000329,0.000109
44.917269,-0.000345,-0.009466,-9.810307,0.000536,0.000501,-0.000059
44.924239,-0.000296,0.005313,-9.808858,0.000350,0.000329,0.000043
44.931223,0.000292,0.000437,-9.810430,0.000298,0.000327,0.000044
44.945092,0.000014,0.000085,-9.810803,0.000296,0.000356,0.000042
44.952115,0.000011,-0.000031,-9.809996,0.000297,0.000356,0.000042
44.958958,0.000007,-0.000029,-9.810000,0.000297,0.000356,0.000042
44.965925,0.000007,-0.000029,-9.809999,0.000297,0.000356,0.000042
44.972871,0.000237,0.003592,-9.809985,0.000169,0.000329,0.000109
44.986796,-0.000406,-0.000698,-9.808857,0.000598,0.000457,-0.000058
44.993711,0.000384,0.005933,-9.809879,0.000346,0.000329,0.000043
45.000624,0.000341,0.000211,-9.810095,0.000329,0.000345,0.000043
45.007645,0.000030,0.000083,-9.810781,0.000297,0.000356,0.000042
45.021548,0.000234,0.003549,-9.809985,0.000169,0.000329,0.000109
45.028418,-0.000508,-0.009343,-9.810613,0.000507,0.000477,-0.000059
45.035377,-0.000449,-0.000726,-9.808646,0.000598,0.000457,-0.000059
45.042358,0.000379,0.005877,-9.809881,0.000347,0.000329,0.000043
45.056192,0.000031,0.000084,-9.810789,0.000298,0.000356,0.000042
45.063115,0.000012,-0.000024,-9.810001,0.000297,0.000356,0.000042
45.070231,0.000231,0.003504,-9.809984,0.000170,0.000329,0.000109
45.077033,-0.000509,-0.009397,-9.810640,0.000505,0.000476,-0.000058
45.083997,-0.000452,-0.000765,-9.808626,0.000599,0.000457,-0.000059
45.097890,0.000408,0.000322,-9.810957,0.000298,0.000355,0.000042
45.104861,0.000021,-0.000033,-9.809992,0.000298,0.000356,0.000042
45.111784,0.000012,0.000009,-9.810031,0.000294,0.000355,0.000042
45.118762,0.000235,0.003551,-9.809969,0.000168,0.000328,0.000109
45.132633,-0.000630,-0.000821,-9.808404,0.000602,0.000440,-0.000059
45.139686,0.000543,0.005609,-9.809895,0.000381,0.000351,0.000043
45.146537,0.000247,0.000628,-9.811001,0.000297,0.000344,0.000043
45.153597,0.000044,-0.000202,-9.809373,0.000329,0.000345,0.000043
45.160530,0.000013,0.000081,-9.810799,0.000298,0.000356,0.000042
45.174452,-0.000461,-0.008964,-9.810493,0.000505,0.000472,-0.000058
45.181266,-0.000572,-0.000704,-9.809257,0.000570,0.000451,-0.000060
45.188318,0.000459,0.005726,-9.809366,0.000347,0.000329,0.000043
45.195152,0.000340,0.000208,-9.810095,0.000330,0.000344,0.000043
45.202147,0.000030,0.000083,-9.810785,0.000299,0.000356,0.000042
45.215929,0.000239,0.003625,-9.809986,0.000170,0.000329,0.000109
45.223010,-0.000493,-0.009067,-9.810591,0.000508,0.000477,-0.000059
45.229912,-0.000453,-0.000733,-9.808636,0.000599,0.000457,-0.000059
45.236873,0.000327,0.005905,-9.809819,0.000349,0.000323,0.000043
45.250672,0.000021,-0.000031,-9.809994,0.000298,0.000356,0.000042
45.257693,0.000007,-0.000030,-9.809999,0.000299,0.000356,0.000042
45.264578,0.000239,0.003624,-9.809985,0.000171,0.000329,0.000109
45.271587,-0.000468,-0.009097,-9.810501,0.000505,0.000472,-0.000059
45.278507,-0.000563,-0.000694,-9.809267,0.000571,0.000451,-0.000060
45.292428,0.000334,0.000204,-9.810093,0.000331,0.000344,0.000043
45.299274,0.000031,0.000086,-9.810802,0.000299,0.000356,0.000042
45.306263,0.000012,-0.000025,-9.809999,0.000299,0.000356,0.000042
45.313212,0.000237,0.003590,-9.809984,0.000171,0.000329,0.000109
45.320223,-0.000498,-0.009157,-9.810601,0.000509,0.000477,-0.000059
45.333995,0.000411,0.005885,-9.810044,0.000348,0.000329,0.000043
45.341014,0.000333,0.000204,-9.810094,0.000331,0.000344,0.000043
45.347970,0.000031,0.000084,-9.810790,0.000299,0.000356,0.000042
45.354907,0.000012,-0.000025,-9.809999,0.000299,0.000356,0.000042
45.368797,-0.000498,-0.009155,-9.810600,0.000509,0.000477,-0.000059
45.375754,-0.000503,-0.000717,-9.808584,0.000602,0.000450,-0.000058
45.382675,0.000383,0.005931,-9.809882,0.000350,0.000322,0.000043
45.389622,0.000407,0.000318,-9.810952,0.000299,0.000355,0.000042
45.403632,0.000007,-0.000029,-9.810000,0.000299,0.000356,0.000042
45.410487,0.000240,0.003640,-9.809984,0.000172,0.000328,0.000108
45.417378,-0.000476,-0.009251,-9.810510,0.000506,0.000472,-0.000059
45.424335,-0.000486,-0.000601,-9.809378,0.000567,0.000456,-0.000059
45.431224,0.000521,0.005718,-9.809680,0.000347,0.000357,0.000042
45.445125,0.000140,-0.000187,-9.809630,0.000299,0.000356,0.000042
45.452108,-0.000031,-0.000100,-9.810098,0.000303,0.000361,0.000041
45.459030,-0.000072,0.000205,-9.810265,0.000269,0.000339,0.000042
45.465936,0.000356,0.003453,-9.809624,0.000171,0.000329,0.000108
45.479877,-0.000632,-0.000803,-9.808405,0.000604,0.000440,-0.000059
45.486877,0.000577,0.005714,-9.809793,0.000380,0.000346,0.000043
45.493754,0.000081,0.000673,-9.811568,0.000271,0.000331,0.000042
45.500676,0.000198,-0.000190,-9.809696,0.000299,0.000356,0.000042
45.507697,-0.000001,-0.000040,-9.809997,0.000300,0.000356,0.000042
45.514653,0.000236,0.003586,-9.809984,0.000172,0.000328,0.000108
45.528468,-0.000565,-0.000677,-9.809275,0.000571,0.000450,-0.000060
45.535507,0.000459,0.005716,-9.809354,0.000349,0.000329,0.000043
45.542392,0.000337,0.000205,-9.810095,0.000332,0.000344,0.000043
45.549317,0.000031,0.000085,-9.810792,0.000300,0.000356,0.000042
45.563248,-0.000099,0.000142,-9.810362,0.000270,0.000339,0.000041
45.570293,0.000346,0.003381,-9.809629,0.000172,0.000329,0.000108
45.577114,-0.000619,-0.009438,-9.810338,0.000513,0.000460,-0.000059
45.584033,-0.000310,-0.000529,-9.809611,0.000567,0.000462,-0.000060
45.591062,0.000416,0.005430,-9.808932,0.000383,0.000351,0.000042
45.604930,0.000304,-0.000056,-9.810758,0.000297,0.000373,0.000042
45.611810,-0.000094,-0.000058,-9.809723,0.000301,0.000356,0.000041
45.619010,-0.000096,0.000139,-9.810352,0.000270,0.000338,0.000041
45.625738,0.000362,0.003542,-9.809610,0.000172,0.000329,0.000108
45.632826,-0.000470,-0.009005,-9.810493,0.000507,0.000472,-0.000059
45.646721,0.000557,0.005431,-9.808848,0.000380,0.000346,0.000042
45.653694,0.000223,0.000474,-9.811246,0.000302,0.000355,0.000042
45.660527,-0.000078,0.000153,-9.810366,0.000270,0.000338,0.000041
45.667496,0.000121,-0.000190,-9.809640,0.000300,0.000356,0.000041
45.681651,0.000229,0.003473,-9.809985,0.000173,0.000328,0.000108
45.688358,-0.000490,-0.009506,-9.810524,0.000508,0.000472,-0.000059
45.695236,-0.000620,-0.000688,-9.809199,0.000574,0.000444,-0.000060
45.702218,0.000479,0.005901,-9.810153,0.000320,0.000333,0.000042
45.709180,0.000393,0.000198,-9.810155,0.000301,0.000355,0.000042
45.723105,0.000007,-0.000029,-9.810000,0.000301,0.000356,0.000041
45.730055,-0.000099,0.000142,-9.810364,0.000271,0.000338,0.000041
45.737034,0.000349,0.003413,-9.809625,0.000173,0.000328,0.000108
45.744042,-0.000476,-0.009107,-9.810499,0.000508,0.000472,-0.000059
45.757822,0.000311,0.006052,-9.810448,0.000321,0.000333,0.000042
45.764699,0.000503,0.000229,-9.810432,0.000299,0.000372,0.000042
45.771711,-0.000238,0.000123,-9.810022,0.000272,0.000332,0.000042
45.778615,0.000175,-0.000196,-9.809703,0.000301,0.000356,0.000041
45.792542,0.000235,0.003565,-9.809985,0.000174,0.000328,0.000108
45.799377,-0.000480,-0.009327,-9.810513,0.000508,0.000472,-0.000059
45.806386,-0.000482,-0.000596,-9.809382,0.000569,0.000456,-0.000060
45.813441,0.000256,0.005742,-9.809716,0.000323,0.000316,0.000042
45.820328,0.000491,0.000223,-9.810434,0.000301,0.000355,0.000041
45.834146,0.000006,-0.000029,-9.809999,0.000302,0.000356,0.000041
45.841163,-0.000098,0.000141,-9.810361,0.000271,0.000338,0.000041
45.848052,0.000354,0.003458,-9.809621,0.000173,0.000328,0.000108
45.854986,-0.000481,-0.009203,-9.810505,0.000509,0.000472,-0.000059
45.868882,0.000315,0.006146,-9.810455,0.000321,0.000333,0.000042
45.875919,0.000388,0.000392,-9.810781,0.000269,0.000355,0.000041
45.882797,0.000019,-0.000337,-9.808550,0.000333,0.000345,0.000042
45.889813,-0.000097,0.000247,-9.811148,0.000272,0.000338,0.000041
45.903748,0.000225,0.003512,-9.809983,0.000174,0.000328,0.000108
45.910583,-0.000481,-0.009328,-9.810513,0.000509,0.000472,-0.000059
45.917480,-0.000619,-0.000686,-9.809202,0.000576,0.000444,-0.000060
45.924492,0.000582,0.005707,-9.809793,0.000351,0.000350,0.000042
45.931345,0.000274,0.000556,-9.811165,0.000270,0.000354,0.000041
45.945231,-0.000102,0.000260,-9.811202,0.000272,0.000338,0.000041
45.952234,0.000125,-0.000186,-9.809642,0.000302,0.000356,0.000041
45.959171,0.000230,0.003587,-9.809983,0.000175,0.000328,0.000108
45.966068,-0.000476,-0.009245,-9.810508,0.000509,0.000471,-0.000059
45.980010,0.000484,0.005969,-9.810156,0.000321,0.000333,0.000042
45.986988,0.000391,0.000197,-9.810154,0.000303,0.000355,0.000041
45.993898,0.000114,-0.000016,-9.810264,0.000300,0.000372,0.000041
46.000784,-0.000252,0.000132,-9.810030,0.000273,0.000332,0.000042
46.014744,0.000230,0.003598,-9.809981,0.000175,0.000328,0.000108
46.021713,-0.000471,-0.009150,-9.810503,0.000510,0.000471,-0.000059
46.028565,-0.000493,-0.000609,-9.809370,0.000570,0.000456,-0.000060
46.035616,0.000404,0.005753,-9.810043,0.000320,0.000340,0.000041
46.042588,0.000335,0.000207,-9.810094,0.000303,0.000355,0.000041
46.056419,0.000116,-0.000227,-9.809611,0.000302,0.000356,0.000041
46.063313,-0.000033,-0.000101,-9.810100,0.000306,0.000360,0.000041
46.070370,-0.000123,0.000209,-9.810199,0.000274,0.000332,0.000042
46.077226,0.000413,0.003469,-9.809681,0.000175,0.000328,0.000108
46.091169,-0.000462,-0.000670,-9.809543,0.000573,0.000467,-0.000061
46.098085,0.000317,0.005829,-9.809018,0.000353,0.000322,0.000042
46.105091,0.000399,0.000312,-9.810947,0.000304,0.000355,0.000041
46.111915,0.000022,-0.000031,-9.809994,0.000303,0.000355,0.000041
46.125852,0.000271,-0.000179,-9.809973,0.000300,0.000373,0.000041
46.132824,0.000026,0.003716,-9.810073,0.000145,0.000311,0.000107
46.139785,-0.000359,-0.009317,-9.810145,0.000510,0.000472,-0.000060
46.146677,-0.000466,-0.000878,-9.808896,0.000606,0.000467,-0.000061
46.160597,0.000430,0.000468,-9.810704,0.000267,0.000350,0.000041
46.167497,0.000006,-0.000281,-9.809457,0.000303,0.000356,0.000041
46.174535,-0.000109,0.000133,-9.810359,0.000273,0.000338,0.000041
46.181414,0.000091,-0.000255,-9.809737,0.000306,0.000360,0.000040
46.188426,-0.000078,0.000193,-9.810259,0.000273,0.000338,0.000041
46.202230,-0.000482,-0.009232,-9.810505,0.000511,0.000471,-0.000060
46.209201,-0.000612,-0.000679,-9.809213,0.000577,0.000444,-0.000060
46.216093,0.000485,0.005978,-9.810154,0.000322,0.000333,0.000041
46.223198,0.000510,0.000272,-9.810319,0.000298,0.000367,0.000041
46.237056,-0.000154,0.000150,-9.810301,0.000275,0.000332,0.000041
46.243933,0.000177,-0.000199,-9.809698,0.000303,0.000355,0.000041
46.250878,0.000229,0.003581,-9.809982,0.000176,0.000328,0.000107
46.257940,-0.000465,-0.009029,-9.810496,0.000511,0.000471,-0.000060
46.264737,-0.000628,-0.000696,-9.809191,0.000578,0.000444,-0.000061
46.278654,0.000493,0.000217,-9.810430,0.000301,0.000372,0.000041
46.285567,-0.000187,0.000122,-9.810089,0.000273,0.000338,0.000041
46.292552,0.000119,-0.000193,-9.809638,0.000304,0.000355,0.000041
46.299441,-0.000108,0.000135,-9.810365,0.000274,0.000338,0.000041
46.306481,0.000119,-0.000188,-9.809644,0.000304,0.000355,0.000041
46.320323,-0.000418,-0.009169,-9.810567,0.000511,0.000471,-0.000060
46.327266,-0.000518,-0.000666,-9.809477,0.000575,0.000460,-0.000061
46.334187,0.000386,0.005934,-9.809880,0.000323,0.000333,0.000041
46.341207,0.000485,0.000216,-9.810424,0.000302,0.000372,0.000041
46.348052,-0.000146,0.000145,-9.810296,0.000273,0.000348,0.000041
46.361967,0.000113,-0.000199,-9.809636,0.000304,0.000355,0.000041
46.368868,-0.000108,0.000134,-9.810364,0.000274,0.000338,0.000040
46.375896,0.000347,0.003390,-9.809628,0.000176,0.000328,0.000107
46.382809,-0.000483,-0.009232,-9.810505,0.000512,0.000471,-0.000060
46.396658,0.000541,0.005994,-9.810219,0.000322,0.000339,0.000040
46.403711,0.000430,0.000219,-9.810357,0.000302,0.000372,0.000041
46.410617,-0.000241,0.000127,-9.810024,0.000276,0.000331,0.000041
46.417550,0.000175,-0.000195,-9.809703,0.000304,0.000355,0.000041
46.424521,-0.000107,0.000131,-9.810360,0.000274,0.000338,0.000040
46.431462,0.000120,-0.000191,-9.809639,0.000304,0.000355,0.000041
46.445451,-0.000144,-0.009450,-9.809906,0.000541,0.000495,-0.000060
46.452369,-0.000315,0.005434,-9.809776,0.000324,0.000338,0.000041
46.459458,0.000381,0.000414,-9.810658,0.000272,0.000354,0.000041
46.466168,-0.000089,-0.000167,-9.808890,0.000306,0.000327,0.000041
46.480060,-0.000093,0.000252,-9.811165,0.000275,0.000338,0.000040
46.487029,0.000125,-0.000187,-9.809641,0.000305,0.000355,0.000040
46.494047,-0.000106,0.000131,-9.810358,0.000275,0.000338,0.000040
46.500935,0.000353,0.003458,-9.809620,0.000177,0.000328,0.000107
46.508077,-0.000467,-0.008937,-9.810489,0.000512,0.000471,-0.000060
46.521790,0.000383,0.000450,-9.810699,0.000275,0.000337,0.000041
46.528942,0.000130,-0.000192,-9.809641,0.000305,0.000355,0.000040
46.535606,-0.000106,0.000183,-9.810410,0.000272,0.000337,0.000041
46.542584,0.000116,-0.000230,-9.809607,0.000305,0.000355,0.000040
46.556526,0.000120,-0.000190,-9.809643,0.000305,0.000355,0.000040
46.563423,0.000177,0.003617,-9.809920,0.000179,0.000321,0.000108
46.570430,-0.000415,-0.009107,-9.810562,0.000512,0.000471,-0.000060
46.577343,-0.000113,0.005303,-9.809347,0.000324,0.000334,0.000041
46.591367,-0.000088,0.000134,-9.810350,0.000275,0.000338,0.000040
46.598211,0.000015,-0.000020,-9.810001,0.000275,0.000338,0.000040
46.605168,0.000113,-0.000199,-9.809638,0.000305,0.000355,0.000040
46.612060,-0.000108,0.000134,-9.810364,0.000275,0.000338,0.000040
46.625937,0.000070,0.003763,-9.810284,0.000149,0.000304,0.000108
46.632881,-0.000146,-0.009530,-9.809906,0.000542,0.000495,-0.000061
46.639884,-0.000413,0.005314,-9.809481,0.000331,0.000321,0.000040
46.646721,0.000497,0.000489,-9.810991,0.000273,0.000354,0.000041
46.660940,0.000103,-0.000194,-9.809651,0.000337,0.000344,0.000041
46.667610,-0.000151,0.000281,-9.811149,0.000276,0.000331,0.000041
46.674580,0.000178,-0.000203,-9.809697,0.000306,0.000355,0.000040
46.681512,-0.000108,0.000132,-9.810360,0.000276,0.000338,0.000040
46.688573,0.000345,0.003373,-9.809630,0.000178,0.000328,0.000107
46.702328,-0.000145,0.005284,-9.809444,0.000327,0.000339,0.000040
46.709303,0.000286,0.000429,-9.810429,0.000276,0.000337,0.000040
46.716230,0.000133,-0.000195,-9.809630,0.000306,0.000355,0.000040
46.723223,-0.000160,0.000141,-9.810297,0.000277,0.000331,0.000041
46.737096,-0.000010,0.000148,-9.810626,0.000273,0.000354,0.000040
46.744048,-0.000097,-0.000158,-9.808936,0.000307,0.000327,0.000041
46.750963,0.000339,0.003436,-9.809621,0.000210,0.000316,0.000108
46.757980,-0.000462,-0.008980,-9.811286,0.000514,0.000471,-0.000060
46.764823,-0.000140,0.005298,-9.809443,0.000328,0.000338,0.000040
46.778729,0.000133,-0.000196,-9.809630,0.000306,0.000355,0.000040
46.785623,-0.000162,0.000143,-9.810301,0.000278,0.000331,0.000041
46.792664,0.000172,-0.000196,-9.809706,0.000306,0.000355,0.000040
46.799562,-0.000010,0.000151,-9.810636,0.000274,0.000354,0.000040
46.813419,0.000342,0.003471,-9.809619,0.000210,0.000316,0.000108
46.820645,-0.000448,-0.008721,-9.811249,0.000514,0.000471,-0.000060
46.827376,-0.000142,0.005387,-9.809434,0.000328,0.000338,0.000040
46.834238,0.000237,0.000445,-9.810371,0.000278,0.000331,0.000041
46.841322,0.000279,-0.000181,-9.809967,0.000304,0.000372,0.000040
46.855167,0.000172,-0.000193,-9.809709,0.000307,0.000355,0.000040
46.862078,-0.000064,0.000160,-9.810571,0.000275,0.000348,0.000041
46.868976,-0.000029,-0.000049,-9.809793,0.000276,0.000338,0.000040
46.875979,0.000339,0.003393,-9.809626,0.000179,0.000328,0.000107
46.889898,-0.000143,0.005205,-9.809453,0.000328,0.000338,0.000040
46.896747,0.000390,0.000456,-9.810711,0.000274,0.000354,0.000040
46.903778,-0.000083,-0.000160,-9.808940,0.000308,0.000327,0.000041
46.910696,0.000001,-0.000030,-9.810001,0.000308,0.000327,0.000041
46.917663,0.000112,-0.000199,-9.809638,0.000339,0.000344,0.000041
46.931555,0.000127,-0.000189,-9.809637,0.000307,0.000355,0.000040
46.938499,0.000070,0.003764,-9.810284,0.000151,0.000304,0.000107
46.945365,-0.000309,-0.009456,-9.810209,0.000514,0.000471,-0.000060
46.952306,-0.000097,0.005200,-9.809510,0.000327,0.000345,0.000039
46.959508,0.000211,0.000309,-9.809586,0.000309,0.000326,0.000041
46.973205,-0.000146,0.000257,-9.811090,0.000279,0.000331,0.000040
46.980092,0.000279,-0.000178,-9.809973,0.000304,0.000372,0.000040
46.987125,-0.000254,0.000118,-9.810025,0.000279,0.000331,0.000040
46.994043,0.000069,-0.000017,-9.810073,0.000276,0.000337,0.000040
47.000992,0.000343,0.003416,-9.809623,0.000179,0.000327,0.000107
47.014796,-0.000114,0.005341,-9.809343,0.000326,0.000333,0.000040
47.021883,0.000359,0.000194,-9.810163,0.000308,0.000354,0.000040
47.028762,-0.000145,0.000149,-9.810300,0.000279,0.000331,0.000040
47.035674,0.000175,-0.000200,-9.809699,0.000307,0.000355,0.000040
47.049584,0.000174,-0.000197,-9.809702,0.000308,0.000355,0.000040
47.056570,-0.000063,0.000157,-9.810566,0.000276,0.000348,0.000040
47.063455,0.000149,0.003613,-9.809713,0.000151,0.000304,0.000107
47.070399,-0.000260,-0.009369,-9.810268,0.000513,0.000477,-0.000061
47.084322,0.000375,0.000313,-9.810965,0.000309,0.000354,0.000040
47.091298,-0.000138,0.000149,-9.810293,0.000279,0.000331,0.000040
47.098200,0.000176,-0.000199,-9.809700,0.000308,0.000355,0.000040
47.105259,-0.000158,0.000138,-9.810294,0.000279,0.000331,0.000040
47.119032,-0.000012,0.000129,-9.810614,0.000275,0.000354,0.000040
47.126028,0.000079,0.003446,-9.808865,0.000183,0.000293,0.000108
47.132956,-0.000305,-0.009266,-9.811006,0.000515,0.000471,-0.000061
47.139949,-0.000061,0.005227,-9.809414,0.000325,0.000340,0.000039
47.153773,-0.000140,0.000169,-9.810311,0.000278,0.000330,0.000040
47.160731,0.000173,-0.000218,-9.809686,0.000308,0.000355,0.000040
47.167672,-0.000162,0.000140,-9.810299,0.000280,0.000331,0.000040
47.174805,0.000067,-0.000027,-9.810064,0.000278,0.000338,0.000040
47.181581,0.000120,-0.000170,-9.809655,0.000305,0.000354,0.000040
47.195479,0.000350,0.003437,-9.809624,0.000181,0.000327,0.000106
47.202361,-0.000485,-0.009273,-9.810507,0.000516,0.000470,-0.000061
47.209338,-0.000112,0.005255,-9.809355,0.000327,0.000333,0.000040
47.216294,0.000206,0.000377,-9.810467,0.000280,0.000330,0.000040
47.230220,-0.000161,0.000139,-9.810295,0.000280,0.000331,0.000040
47.237116,0.000176,-0.000199,-9.809701,0.000309,0.000355,0.000040
47.244124,-0.000160,0.000138,-9.810295,0.000280,0.000331,0.000040
47.250998,0.000168,-0.000009,-9.810340,0.000275,0.000354,0.000040
47.264877,-0.000383,-0.009603,-9.810148,0.000547,0.000460,-0.000060
47.271889,-0.000149,0.005158,-9.809454,0.000362,0.000327,0.000040
47.278751,0.000403,0.000573,-9.811515,0.000277,0.000353,0.000040
47.285697,-0.000079,-0.000158,-9.808927,0.000310,0.000326,0.000040
47.292693,0.000106,-0.000199,-9.809642,0.000341,0.000343,0.000041
47.306639,0.000169,-0.000006,-9.810331,0.000276,0.000354,0.000040
47.313548,-0.000105,-0.000169,-9.808925,0.000310,0.000326,0.000040
47.320652,0.000105,-0.000195,-9.809648,0.000341,0.000343,0.000041
47.327454,0.000085,0.003962,-9.811104,0.000153,0.000303,0.000107
47.341388,-0.000119,0.005226,-9.809353,0.000328,0.000333,0.000040
47.348246,0.000370,0.000200,-9.810168,0.000310,0.000354,0.000040
47.355242,-0.000142,0.000145,-9.810293,0.000281,0.000331,0.000040
47.362175,0.000175,-0.000199,-9.809701,0.000309,0.000355,0.000039
47.369031,-0.000163,0.000143,-9.810303,0.000281,0.000331,0.000040
47.383054,-0.000063,0.000156,-9.810560,0.000278,0.000348,0.000040
47.390024,0.000244,0.003587,-9.809987,0.000150,0.000320,0.000107
47.396845,-0.000418,-0.009549,-9.809932,0.000516,0.000471,-0.000061
47.403796,-0.000121,0.005267,-9.809350,0.000328,0.000333,0.000040
47.417644,0.000132,-0.000197,-9.809629,0.000310,0.000355,0.000039
47.424679,-0.000159,0.000140,-9.810295,0.000281,0.000331,0.000040
47.431539,0.000069,-0.000027,-9.810066,0.000279,0.000337,0.000039
47.438742,0.000109,-0.000195,-9.809649,0.000310,0.000355,0.000039
47.452382,0.000165,-0.000032,-9.810319,0.000276,0.000354,0.000039
47.459505,0.000173,0.003207,-9.808528,0.000215,0.000310,0.000108
47.466266,-0.000430,-0.009327,-9.811402,0.000517,0.000470,-0.000061
47.473345,-0.000105,0.005181,-9.809362,0.000328,0.000333,0.000040
47.480197,0.000209,0.000383,-9.810472,0.000281,0.000330,0.000040
47.494126,-0.000255,0.000117,-9.810025,0.000281,0.000331,0.000040
47.500980,0.000015,-0.000014,-9.810005,0.000281,0.000331,0.000040
47.507996,0.000292,-0.000127,-9.809871,0.000304,0.000366,0.000040
47.514933,-0.000286,0.000057,-9.810125,0.000281,0.000331,0.000040
47.521855,0.000403,0.003437,-9.809689,0.000182,0.000327,0.000106
47.535724,-0.000144,0.005240,-9.809449,0.000332,0.000338,0.000039
47.542744,0.000328,0.000453,-9.810632,0.000279,0.000347,0.000040
47.549614,0.000028,-0.000025,-9.809993,0.000278,0.000348,0.000040
47.556654,-0.000089,-0.000047,-9.809734,0.000281,0.000331,0.000040
47.570494,-0.000104,-0.000168,-9.808936,0.000312,0.000326,0.000040
47.577481,0.000001,-0.000029,-9.810001,0.000312,0.000326,0.000040
47.584299,0.000115,-0.000202,-9.809630,0.000342,0.000343,0.000040
47.591393,0.000082,0.003798,-9.811058,0.000154,0.000303,0.000106
47.598196,-0.000306,-0.009540,-9.810212,0.000517,0.000470,-0.000061
47.612150,0.000372,0.000207,-9.810173,0.000311,0.000354,0.000039
47.619064,-0.000145,0.000142,-9.810291,0.000282,0.000330,0.000040
47.626043,0.000015,-0.000018,-9.810003,0.000281,0.000331,0.000040
47.632974,0.000265,-0.000192,-9.809969,0.000308,0.000371,0.000039
47.640045,-0.000254,0.000117,-9.810027,0.000282,0.000331,0.000040
47.654403,0.000075,0.003285,-9.808973,0.000181,0.000291,0.000108
47.661408,-0.000201,-0.008254,-9.811448,0.000451,0.000451,-0.000049
47.671106,-0.007269,0.045236,-9.704035,0.000768,0.000458,-0.000008
47.678144,-0.000568,0.002219,-9.814776,0.000424,0.000338,-0.000002
47.686016,0.000622,0.004250,-9.813348,0.000024,0.000241,0.000050
47.693036,0.000525,-0.005075,-9.808102,0.000329,0.000406,-0.000030
47.700209,-0.000274,-0.003597,-9.805981,0.000694,0.000491,-0.000062
47.707193,0.000199,0.006583,-9.811256,0.000350,0.000333,0.000045
47.721323,-0.000038,0.000023,-9.809979,0.000332,0.000340,0.000041
47.728195,-0.000098,0.000147,-9.811068,0.000280,0.000336,0.000039
47.735068,0.000121,-0.000202,-9.809628,0.000311,0.000354,0.000039
47.742426,0.000065,0.003542,-9.810261,0.000155,0.000303,0.000106
47.750334,-0.000191,-0.007523,-9.810551,0.000463,0.000454,-0.000051
47.764079,0.000300,0.000839,-9.807882,0.000574,0.000477,0.000004
47.771078,-0.000417,-0.003051,-9.811501,0.000606,0.000475,-0.000062
47.778046,0.000144,0.005937,-9.810348,0.000332,0.000332,0.000039
47.784883,0.000369,0.000479,-9.810643,0.000277,0.000342,0.000040
47.791927,0.000060,-0.000282,-9.809530,0.000312,0.000354,0.000039
47.805803,0.000015,-0.000017,-9.810004,0.000282,0.000331,0.000040
47.812669,0.000169,-0.000210,-9.809696,0.000312,0.000354,0.000039
47.819618,-0.000034,0.000221,-9.810467,0.000277,0.000342,0.000040
47.826586,-0.000109,-0.000100,-9.809832,0.000282,0.000331,0.000039
47.840480,0.000069,0.003776,-9.810285,0.000155,0.000303,0.000106
47.847456,-0.000304,-0.009308,-9.810206,0.000519,0.000470,-0.000062
47.854359,-0.000121,0.005302,-9.809344,0.000331,0.000333,0.000039
47.861335,0.000205,0.000376,-9.810465,0.000283,0.000330,0.000040
47.875245,-0.000103,-0.000167,-9.808941,0.000313,0.000326,0.000040
47.882110,0.000001,-0.000029,-9.810003,0.000313,0.000326,0.000040
47.889148,0.000007,-0.000028,-9.810000,0.000313,0.000326,0.000040
47.895996,0.000007,-0.000029,-9.810000,0.000313,0.000326,0.000040
47.902921,0.000113,-0.000199,-9.809636,0.000344,0.000343,0.000040
47.916893,-0.000300,-0.009364,-9.810207,0.000519,0.000470,-0.000062
47.923832,-0.000120,0.005273,-9.809346,0.000331,0.000333,0.000039
47.930708,0.000208,0.000382,-9.810473,0.000284,0.000330,0.000040
47.937701,0.000279,-0.000184,-9.809966,0.000310,0.000371,0.000039
47.951583,0.000112,0.000003,-9.810277,0.000280,0.000347,0.000039
47.958582,-0.000088,-0.000049,-9.809730,0.000283,0.000331,0.000039
47.965442,0.000159,-0.000017,-9.810339,0.000279,0.000354,0.000039
47.972485,0.000071,0.003413,-9.808869,0.000187,0.000292,0.000107
47.979426,-0.000305,-0.009247,-9.811004,0.000520,0.000470,-0.000062
47.993313,0.000352,0.000381,-9.810791,0.000280,0.000353,0.000039
48.000174,-0.000142,-0.000155,-9.808851,0.000315,0.000320,0.000040
48.007148,0.000175,-0.000090,-9.810496,0.000313,0.000354,0.000039
48.014086,-0.000059,0.000162,-9.810570,0.000281,0.000347,0.000039
48.028026,-0.000089,-0.000047,-9.809731,0.000284,0.000331,0.000039
48.034933,0.000158,-0.000017,-9.810335,0.000279,0.000354,0.000039
48.041891,0.000072,0.003455,-9.808857,0.000187,0.000292,0.000107
48.048785,-0.000307,-0.009310,-9.811011,0.000520,0.000470,-0.000062
48.062735,0.000260,0.000369,-9.810531,0.000283,0.000336,0.000039
48.069631,0.000024,-0.000025,-9.809996,0.000283,0.000337,0.000039
48.076620,0.000112,-0.000199,-9.809639,0.000313,0.000354,0.000039
48.083558,-0.000161,0.000142,-9.810299,0.000284,0.000330,0.000039
48.097392,-0.000064,-0.000122,-9.809889,0.000283,0.000337,0.000038
48.104337,0.000233,0.003591,-9.809987,0.000155,0.000309,0.000105
48.111371,-0.000362,-0.009233,-9.810140,0.000520,0.000470,-0.000062
48.118233,-0.000152,0.005272,-9.809443,0.000335,0.000337,0.000038
48.125246,0.000327,0.000454,-9.810632,0.000282,0.000346,0.000039
48.139201,-0.000089,-0.000047,-9.809733,0.000284,0.000330,0.000039
48.146373,0.000152,-0.000017,-9.810324,0.000280,0.000354,0.000039
48.153432,-0.000060,0.000515,-9.809462,0.000258,0.000307,0.000047
48.160475,0.000477,0.002531,-9.808816,0.000245,0.000340,0.000106
48.167397,-0.000667,-0.008953,-9.811604,0.000522,0.000469,-0.000062
48.181148,0.000465,0.000549,-9.810820,0.000279,0.000341,0.000040
48.188209,0.000062,-0.000283,-9.809528,0.000314,0.000354,0.000038
48.195042,-0.000168,0.000144,-9.810306,0.000285,0.000330,0.000039
48.201951,0.000015,-0.000017,-9.810002,0.000284,0.000330,0.000039
48.215864,-0.000174,-0.000105,-9.809762,0.000285,0.000330,0.000039
48.222912,0.000161,-0.000202,-9.809708,0.000314,0.000354,0.000038
48.229782,0.000069,0.003802,-9.810286,0.000157,0.000303,0.000106
48.236680,-0.000307,-0.009413,-9.810209,0.000521,0.000470,-0.000062
48.243678,-0.000119,0.005229,-9.809352,0.000333,0.000332,0.000039
48.257640,0.000173,-0.000014,-9.810326,0.000281,0.000354,0.000038
48.264489,-0.000160,-0.000161,-9.808852,0.000316,0.000319,0.000040
48.271412,0.000070,0.000081,-9.810864,0.000284,0.000336,0.000038
48.278442,0.000012,-0.000027,-9.809999,0.000284,0.000337,0.000038
48.292367,0.000007,-0.000029,-9.810001,0.000284,0.000337,0.000038
48.299227,0.000185,0.003646,-9.809921,0.000157,0.000303,0.000106
48.306329,-0.000305,-0.009152,-9.810201,0.000521,0.000470,-0.000062
48.313119,-0.000124,0.005390,-9.809333,0.000333,0.000332,0.000039
48.327027,0.000059,-0.000284,-9.809527,0.000314,0.000354,0.000038
48.333957,-0.000165,0.000142,-9.810302,0.000286,0.000330,0.000039
48.340984,0.000015,-0.000017,-9.810004,0.000285,0.000330,0.000039
48.347845,0.000007,-0.000028,-9.809999,0.000285,0.000330,0.000039
48.361807,0.000071,0.003418,-9.808867,0.000189,0.000292,0.000107
48.368752,-0.000304,-0.009242,-9.811004,0.000522,0.000470,-0.000062
48.375646,-0.000116,0.005312,-9.809343,0.000333,0.000332,0.000038
48.382541,0.000359,0.000390,-9.810805,0.000282,0.000353,0.000038
48.396447,0.000168,0.000099,-9.811141,0.000282,0.000353,0.000038
48.403388,-0.000153,-0.000156,-9.808868,0.000317,0.000319,0.000040
48.410371,0.000166,0.000098,-9.811126,0.000282,0.000353,0.000038
48.417363,-0.000152,-0.000154,-9.808876,0.000317,0.000319,0.000040
48.424247,0.000168,0.000101,-9.811143,0.000282,0.000353,0.000038
48.438156,-0.000304,-0.009232,-9.811003,0.000522,0.000470,-0.000062
48.445210,-0.000114,0.005191,-9.809358,0.000334,0.000332,0.000038
48.452067,0.000209,0.000384,-9.810474,0.000286,0.000329,0.000039
48.465852,0.000043,-0.000297,-9.809520,0.000315,0.000354,0.000038
48.472935,-0.000161,0.000139,-9.810294,0.000286,0.000330,0.000039
48.479814,0.000019,0.000011,-9.810027,0.000283,0.000330,0.000039
48.486696,0.000103,-0.000038,-9.810248,0.000283,0.000347,0.000039
48.493743,0.000233,0.003536,-9.809984,0.000155,0.000320,0.000105
48.507652,-0.000120,0.005235,-9.809353,0.000334,0.000332,0.000038
48.514509,0.000307,0.000401,-9.810748,0.000284,0.000346,0.000039
48.521466,0.000025,-0.000026,-9.809995,0.000283,0.000347,0.000039
48.528475,0.000007,-0.000029,-9.809999,0.000283,0.000347,0.000039
48.535355,-0.000091,-0.000047,-9.809728,0.000286,0.000330,0.000039
48.549229,0.000007,-0.000031,-9.809999,0.000283,0.000347,0.000039
48.556191,0.000007,-0.000029,-9.810001,0.000284,0.000347,0.000039
48.563164,0.000139,0.003559,-9.809715,0.000159,0.000303,0.000105
48.570075,-0.000315,-0.009403,-9.810207,0.000522,0.000470,-0.000062
48.583984,0.000335,0.000461,-9.810639,0.000281,0.000341,0.000039
48.590935,-0.000100,-0.000106,-9.809826,0.000286,0.000330,0.000039
48.597879,0.000163,-0.000207,-9.809701,0.000316,0.000354,0.000038
48.604833,-0.000161,0.000140,-9.810298,0.000287,0.000330,0.000039
48.618715,-0.000117,-0.000111,-9.809829,0.000287,0.000330,0.000039
48.625701,0.000285,0.003563,-9.810048,0.000157,0.000309,0.000105
48.632582,-0.000370,-0.009439,-9.810143,0.000523,0.000470,-0.000062
48.639585,-0.000119,0.005227,-9.809354,0.000335,0.000332,0.000038
48.653371,0.000123,-0.000005,-9.810269,0.000284,0.000347,0.000039
48.660428,0.000007,-0.000031,-9.809999,0.000284,0.000347,0.000039
48.667286,-0.000092,-0.000048,-9.809727,0.000287,0.000330,0.000039
48.674311,0.000155,-0.000017,-9.810330,0.000283,0.000353,0.000038
48.681221,-0.000159,-0.000157,-9.808866,0.000318,0.000319,0.000039
48.695128,0.000174,0.003612,-9.809614,0.000156,0.000298,0.000106
48.702062,-0.000342,-0.009434,-9.810308,0.000523,0.000470,-0.000063
48.709026,-0.000123,0.005254,-9.809351,0.000335,0.000332,0.000038
48.715927,0.000207,0.000381,-9.810471,0.000288,0.000329,0.000039
48.729839,0.000294,-0.000128,-9.809869,0.000311,0.000366,0.000038
48.736758,-0.000287,0.000058,-9.810126,0.000288,0.000330,0.000038
48.743777,0.000012,-0.000016,-9.810006,0.000287,0.000330,0.000038
48.750829,0.000103,-0.000011,-9.810266,0.000284,0.000347,0.000039
48.764675,-0.000330,-0.009548,-9.810071,0.000523,0.000470,-0.000063
48.771608,-0.000126,0.005275,-9.809347,0.000335,0.000332,0.000038
48.778502,0.000305,0.000399,-9.810743,0.000285,0.000346,0.000039
48.785450,0.000025,-0.000026,-9.809995,0.000285,0.000347,0.000038
48.799397,0.000007,-0.000029,-9.810000,0.000285,0.000347,0.000038
48.806316,0.000007,-0.000029,-9.809999,0.000285,0.000347,0.000038
48.813240,0.000007,-0.000029,-9.810001,0.000285,0.000347,0.000038
48.820293,-0.000089,-0.000046,-9.809734,0.000288,0.000330,0.000038
48.827291,0.000361,0.003648,-9.810156,0.000154,0.000314,0.000106
48.841125,-0.000124,0.005270,-9.809350,0.000336,0.000332,0.000038
48.848064,0.000206,0.000378,-9.810468,0.000288,0.000329,0.000038
48.855041,0.000030,0.000021,-9.810033,0.000284,0.000329,0.000039
48.862004,0.000005,-0.000060,-9.809974,0.000287,0.000330,0.000038
48.875867,-0.000172,-0.000105,-9.809765,0.000288,0.000330,0.000038
48.882786,0.000058,-0.000034,-9.810066,0.000287,0.000336,0.000038
48.889940,0.000230,0.003485,-9.809986,0.000159,0.000309,0.000104
48.896779,-0.000371,-0.009479,-9.810152,0.000523,0.000469,-0.000063
48.903699,-0.000118,0.005300,-9.809359,0.000334,0.000331,0.000038
48.917495,0.000122,-0.000005,-9.810272,0.000285,0.000347,0.000038
48.924512,0.000007,-0.000032,-9.809998,0.000286,0.000347,0.000038
48.931458,0.000007,-0.000029,-9.809999,0.000286,0.000347,0.000038
48.938311,0.000007,-0.000028,-9.810001,0.000286,0.000347,0.000038
48.952213,-0.000094,-0.000047,-9.809721,0.000288,0.000330,0.000038
48.959265,0.000359,0.003620,-9.810154,0.000155,0.000314,0.000105
48.966141,-0.000442,-0.009537,-9.810033,0.000524,0.000470,-0.000063
48.973140,-0.000123,0.005230,-9.809355,0.000336,0.000332,0.000038
48.986957,0.000024,-0.000024,-9.809997,0.000288,0.000330,0.000038
48.993956,0.000134,0.000052,-9.810168,0.000283,0.000342,0.000039
49.000872,-0.000118,-0.000112,-9.809827,0.000289,0.000330,0.000038
49.007909,0.000004,-0.000026,-9.810002,0.000289,0.000330,0.000038
49.021694,0.000140,0.003571,-9.809712,0.000161,0.000302,0.000105
49.028755,-0.000308,-0.009204,-9.810203,0.000525,0.000469,-0.000063
49.035585,-0.000121,0.005371,-9.809348,0.000336,0.000332,0.000038
49.042576,0.000330,0.000443,-9.810622,0.000284,0.000341,0.000039
49.056453,0.000101,-0.000009,-9.810272,0.000286,0.000347,0.000038
49.063491,0.000007,-0.000031,-9.809999,0.000286,0.000347,0.000038
49.070315,-0.000092,-0.000047,-9.809726,0.000289,0.000330,0.000038
49.077324,0.000102,-0.000008,-9.810269,0.000286,0.000347,0.000038
49.091215,0.000265,0.003620,-9.809885,0.000155,0.000314,0.000105
49.098164,-0.000438,-0.009435,-9.810034,0.000525,0.000469,-0.000063
49.105034,-0.000287,0.005510,-9.809647,0.000308,0.000308,0.000038
49.112002,0.000373,0.000209,-9.810170,0.000289,0.000329,0.000038
49.119181,0.000068,-0.000043,-9.810054,0.000288,0.000336,0.000037
49.132931,0.000187,0.000044,-9.810230,0.000282,0.000348,0.000038
49.139837,-0.000172,-0.000105,-9.809764,0.000289,0.000330,0.000038
49.146718,0.000058,-0.000034,-9.810066,0.000288,0.000336,0.000037
49.153744,0.000181,0.003559,-9.809924,0.000161,0.000302,0.000105
49.160639,-0.000315,-0.009427,-9.810205,0.000525,0.000469,-0.000063
49.174543,0.000300,0.000392,-9.810730,0.000287,0.000346,0.000038
49.181377,0.000025,-0.000026,-9.809995,0.000287,0.000346,0.000038
49.188283,0.000007,-0.000029,-9.809999,0.000287,0.000346,0.000038
49.195339,-0.000098,0.000139,-9.810359,0.000256,0.000329,0.000038
49.202202,0.000122,-0.000192,-9.809635,0.000286,0.000347,0.000038
49.216071,0.000006,-0.000029,-9.810000,0.000287,0.000346,0.000038
49.223251,0.000135,0.003456,-9.809724,0.000162,0.000302,0.000105
49.230045,-0.000321,-0.009564,-9.810211,0.000526,0.000469,-0.000063
49.236903,-0.000284,0.005519,-9.809645,0.000308,0.000308,0.000038
49.250875,-0.000109,-0.000117,-9.809820,0.000290,0.000330,0.000038
49.257834,0.000003,-0.000027,-9.810002,0.000290,0.000329,0.000038
49.264664,0.000191,0.000044,-9.810236,0.000283,0.000348,0.000038
49.271702,-0.000169,-0.000103,-9.809768,0.000290,0.000330,0.000038
49.278664,0.000004,-0.000025,-9.810004,0.000290,0.000329,0.000038
49.292570,-0.000406,-0.009297,-9.809933,0.000526,0.000469,-0.000063
49.299398,-0.000124,0.005363,-9.809340,0.000338,0.000332,0.000037
49.306485,0.000297,0.000388,-9.810722,0.000288,0.000346,0.000038
49.313340,0.000056,0.000037,-9.809894,0.000284,0.000341,0.000038
49.327274,0.000004,-0.000027,-9.810003,0.000290,0.000329,0.000038
49.334132,0.000105,-0.000010,-9.810274,0.000288,0.000346,0.000038
49.341332,0.000007,-0.000031,-9.809999,0.000288,0.000346,0.000038
49.348064,0.000007,-0.000029,-9.809999,0.000288,0.000346,0.000038
49.361983,-0.000536,-0.009147,-9.810392,0.000497,0.000446,-0.000063
49.368858,0.000044,0.005153,-9.809042,0.000338,0.000332,0.000037
49.375900,0.000195,0.000362,-9.810458,0.000291,0.000329,0.000038
49.382754,0.000153,0.000059,-9.810169,0.000285,0.000341,0.000038
49.389767,-0.000116,-0.000111,-9.809829,0.000291,0.000330,0.000038
49.403596,0.000136,0.000053,-9.810173,0.000285,0.000341,0.000038
49.410597,-0.000064,-0.000120,-9.809892,0.000289,0.000336,0.000037
49.417545,0.000179,0.003600,-9.809924,0.000163,0.000302,0.000104
49.424409,-0.000316,-0.009467,-9.810207,0.000527,0.000469,-0.000063
49.438280,0.000327,0.000222,-9.810108,0.000291,0.000329,0.000038
49.445289,0.000143,0.000048,-9.810163,0.000285,0.000341,0.000038
49.452193,-0.000065,-0.000122,-9.809889,0.000290,0.000336,0.000037
49.459247,-0.000050,-0.000019,-9.809940,0.000291,0.000329,0.000038
49.466112,0.000106,-0.000009,-9.810275,0.000288,0.000346,0.000038
49.479997,0.000007,-0.000029,-9.809999,0.000288,0.000346,0.000038
49.486902,0.000171,0.003658,-9.809613,0.000160,0.000297,0.000105
49.493921,-0.000337,-0.009320,-9.810302,0.000527,0.000469,-0.000063
49.500852,-0.000284,0.005460,-9.809649,0.000310,0.000308,0.000038
49.514719,0.000146,0.000049,-9.810166,0.000285,0.000341,0.000038
49.521671,-0.000118,-0.000112,-9.809828,0.000291,0.000329,0.000037
49.528635,0.000004,-0.000027,-9.810003,0.000291,0.000329,0.000038
49.535529,0.000135,0.000053,-9.810171,0.000285,0.000341,0.000038
49.542530,-0.000063,-0.000120,-9.809892,0.000290,0.000336,0.000037
49.556424,-0.000311,-0.009319,-9.810205,0.000528,0.000469,-0.000063
49.563360,-0.000121,0.005276,-9.809347,0.000339,0.000331,0.000037
49.570254,0.000305,0.000399,-9.810743,0.000289,0.000345,0.000038
49.577231,-0.000050,0.000207,-9.810256,0.000255,0.000324,0.000038
49.591298,-0.000004,-0.000035,-9.809999,0.000292,0.000329,0.000037
49.598073,0.000107,-0.000007,-9.810281,0.000289,0.000346,0.000038
49.605008,0.000007,-0.000035,-9.809997,0.000289,0.000346,0.000037
49.612038,0.000006,-0.000029,-9.810000,0.000289,0.000346,0.000037
49.625850,-0.000341,-0.009416,-9.810306,0.000528,0.000469,-0.000064
49.632727,-0.000286,0.005502,-9.809647,0.000310,0.000308,0.000038
49.639750,0.000370,0.000206,-9.810167,0.000292,0.000329,0.000038
49.646707,0.000143,0.000047,-9.810163,0.000286,0.000341,0.000038
49.660580,0.000003,-0.000034,-9.809997,0.000292,0.000329,0.000037
49.667447,0.000135,0.000053,-9.810172,0.000286,0.000341,0.000038
49.674596,-0.000114,-0.000109,-9.809833,0.000292,0.000329,0.000037
49.681375,0.000239,0.003684,-9.809988,0.000164,0.000302,0.000104
49.688287,-0.000315,-0.009407,-9.810204,0.000528,0.000469,-0.000064
49.702226,0.000450,0.000299,-9.810278,0.000286,0.000341,0.000038
49.709202,-0.000107,-0.000115,-9.809823,0.000292,0.000329,0.000037
49.716061,0.000102,-0.000009,-9.810276,0.000289,0.000346,0.000037
49.723046,0.000007,-0.000032,-9.809999,0.000290,0.000346,0.000037
49.736930,0.000007,-0.000029,-9.809999,0.000290,0.000346,0.000037
49.743946,-0.000068,0.000203,-9.810260,0.000256,0.000324,0.000038
49.750835,0.000228,0.003378,-9.809449,0.000164,0.000302,0.000104
49.757901,-0.000318,-0.009207,-9.810201,0.000529,0.000469,-0.000064
49.764767,-0.000283,0.005516,-9.809648,0.000311,0.000308,0.000037
49.778732,0.000137,-0.000006,-9.810116,0.000287,0.000341,0.000038
49.785588,-0.000122,-0.000114,-9.809826,0.000293,0.000329,0.000037
49.792586,0.000004,-0.000027,-9.810002,0.000293,0.000329,0.000037
49.799449,0.000136,0.000053,-9.810173,0.000287,0.000341,0.000038
49.813426,0.000329,0.003591,-9.810256,0.000162,0.000319,0.000104
49.820288,-0.000415,-0.009495,-9.809932,0.000529,0.000469,-0.000064
49.827321,-0.000224,0.005374,-9.809717,0.000310,0.000314,0.000037
49.834173,0.000423,0.000238,-9.810381,0.000290,0.000346,0.000037
49.848105,-0.000119,-0.000110,-9.809829,0.000293,0.000329,0.000037
49.855070,0.000105,0.000028,-9.810301,0.000287,0.000345,0.000038
49.862071,0.000004,-0.000067,-9.809970,0.000290,0.000346,0.000037
49.868899,-0.000103,0.000144,-9.810369,0.000260,0.000329,0.000037
49.875975,0.000024,-0.000205,-9.809381,0.000293,0.000329,0.000037
49.889781,-0.000439,-0.009466,-9.810032,0.000529,0.000469,-0.000064
49.896727,-0.000284,0.005451,-9.809651,0.000312,0.000307,0.000037
49.903671,0.000374,0.000209,-9.810171,0.000293,0.000329,0.000037
49.910662,0.000143,0.000047,-9.810162,0.000287,0.000341,0.000038
49.924571,0.000003,-0.000027,-9.810002,0.000293,0.000329,0.000037
49.931480,0.000135,0.000053,-9.810171,0.000287,0.000341,0.000038
49.938384,-0.000118,-0.000112,-9.809828,0.000293,0.000329,0.000037
49.945360,0.000329,0.003595,-9.810256,0.000163,0.000318,0.000104
49.952266,-0.000572,-0.009251,-9.810234,0.000500,0.000445,-0.000063
49.966123,0.000331,0.000456,-9.810647,0.000288,0.000340,0.000038
49.973248,-0.000098,-0.000104,-9.809829,0.000294,0.000329,0.000037
49.980072,0.000102,-0.000009,-9.810277,0.000291,0.000346,0.000037
49.987011,-0.000099,0.000140,-9.810363,0.000260,0.000329,0.000037
50.000966,-0.000001,-0.000038,-9.809999,0.000291,0.000346,0.000037
50.007883,-0.000100,0.000143,-9.810365,0.000261,0.000329,0.000037
50.014788,0.000286,0.003496,-9.809249,0.000162,0.000297,0.000104
50.021729,-0.000349,-0.009435,-9.810304,0.000530,0.000469,-0.000064
50.028718,-0.000282,0.005414,-9.809651,0.000312,0.000307,0.000037
50.042605,0.000144,0.000047,-9.810163,0.000288,0.000341,0.000037
50.049538,-0.000118,-0.000112,-9.809828,0.000294,0.000329,0.000037
50.056417,0.000132,0.000055,-9.810173,0.000288,0.000341,0.000037
50.070294,0.000004,-0.000027,-9.810003,0.000294,0.000329,0.000037
50.077626,0.000346,0.003477,-9.810146,0.000160,0.000313,0.000104
50.084265,-0.000615,-0.009596,-9.810395,0.000495,0.000443,-0.000062
50.091218,0.000038,0.005011,-9.809008,0.000341,0.000331,0.000037
50.098231,0.000192,0.000361,-9.810460,0.000295,0.000328,0.000037
50.112078,-0.000116,-0.000111,-9.809830,0.000294,0.000329,0.000037
50.119017,0.000101,-0.000009,-9.810272,0.000292,0.000346,0.000037
50.126018,-0.000098,0.000138,-9.810359,0.000261,0.000329,0.000037
50.132882,0.000122,-0.000192,-9.809634,0.000291,0.000346,0.000037
50.146745,0.000255,0.003434,-9.809350,0.000166,0.000302,0.000104
50.153737,-0.000319,-0.009304,-9.810202,0.000531,0.000468,-0.000064
50.160743,-0.000278,0.005401,-9.809651,0.000313,0.000307,0.000037
50.167626,0.000507,0.000303,-9.810352,0.000288,0.000340,0.000038
50.181553,0.000034,0.000033,-9.809899,0.000289,0.000341,0.000037
50.188440,-0.000119,-0.000109,-9.809828,0.000295,0.000329,0.000037
50.195399,0.000004,-0.000027,-9.810002,0.000295,0.000329,0.000037
50.202322,0.000029,0.000224,-9.810536,0.000258,0.000323,0.000037
50.216236,-0.000433,-0.009262,-9.810573,0.000500,0.000451,-0.000064
50.223160,-0.000007,0.005123,-9.808984,0.000342,0.000331,0.000036
50.230173,0.000293,0.000383,-9.810728,0.000293,0.000345,0.000037
50.237022,-0.000083,0.000147,-9.810363,0.000262,0.000328,0.000037
50.244039,0.000120,-0.000189,-9.809643,0.000292,0.000346,0.000037
50.257969,0.000120,-0.000189,-9.809642,0.000292,0.000346,0.000037
50.264800,-0.000109,0.000136,-9.810367,0.000262,0.000328,0.000037
50.271742,0.000120,-0.000191,-9.809639,0.000292,0.000346,0.000037
50.278732,0.000161,0.003605,-9.809614,0.000164,0.000296,0.000104
50.292666,0.000046,0.005350,-9.809004,0.000342,0.000331,0.000036
50.299574,0.000230,0.000433,-9.810367,0.000293,0.000323,0.000037
50.306458,-0.000004,-0.000085,-9.810098,0.000295,0.000329,0.000037
50.313501,0.000130,0.000049,-9.810167,0.000289,0.000341,0.000037
50.327336,0.000004,-0.000027,-9.810002,0.000295,0.000329,0.000037
50.334300,0.000028,0.000222,-9.810531,0.000259,0.000323,0.000037
50.341261,0.000226,0.003340,-9.809453,0.000167,0.000302,0.000103
50.348230,-0.000323,-0.009335,-9.810203,0.000532,0.000468,-0.000064
50.355094,-0.000284,0.005514,-9.809646,0.000314,0.000307,0.000037
50.368970,-0.000110,-0.000118,-9.809819,0.000296,0.000329,0.000037
50.375978,0.000130,0.000053,-9.810170,0.000290,0.000341,0.000037
50.382867,-0.000118,-0.000112,-9.809827,0.000296,0.000329,0.000037
50.389820,0.000003,-0.000027,-9.810001,0.000296,0.000329,0.000037
50.396872,-0.000024,0.000229,-9.810465,0.000261,0.000317,0.000038
50.410701,0.000351,0.003645,-9.810156,0.000162,0.000313,0.000104
50.417619,-0.000440,-0.009483,-9.810030,0.000532,0.000468,-0.000065
50.424676,-0.000279,0.005364,-9.809657,0.000315,0.000307,0.000037
50.431496,0.000381,0.000214,-9.810172,0.000296,0.000328,0.000037
50.438446,0.000144,0.000047,-9.810163,0.000290,0.000341,0.000037
50.452352,0.000132,0.000055,-9.810173,0.000290,0.000341,0.000037
50.459350,-0.000222,0.000058,-9.810190,0.000265,0.000311,0.000036
50.466282,0.000118,-0.000189,-9.809641,0.000295,0.000329,0.000037
50.480138,0.000265,0.003622,-9.809882,0.000163,0.000313,0.000104
50.487058,-0.000600,-0.009294,-9.810336,0.000503,0.000445,-0.000064
50.494050,-0.000061,0.005236,-9.809421,0.000313,0.000314,0.000036
50.500958,0.000313,0.000207,-9.810102,0.000296,0.000328,0.000037
50.507993,0.000142,0.000048,-9.810163,0.000290,0.000340,0.000037
50.521756,0.000131,0.000043,-9.810163,0.000291,0.000341,0.000037
50.528759,-0.000117,-0.000111,-9.809830,0.000296,0.000329,0.000036
50.535669,-0.000050,-0.000018,-9.809940,0.000298,0.000322,0.000037
50.542800,0.000184,0.000044,-9.810226,0.000291,0.000341,0.000037
50.549597,0.000006,0.003759,-9.810180,0.000138,0.000284,0.000103
50.563479,-0.000285,0.005391,-9.809649,0.000315,0.000307,0.000037
50.570375,0.000505,0.000292,-9.810343,0.000291,0.000340,0.000037
50.577372,-0.000107,-0.000116,-9.809823,0.000297,0.000329,0.000036
50.584301,0.000131,0.000054,-9.810172,0.000291,0.000340,0.000037
50.591311,-0.000116,-0.000110,-9.809830,0.000297,0.000329,0.000036
50.605120,0.000050,-0.000280,-9.809530,0.000296,0.000329,0.000036
50.612092,0.000092,-0.000020,-9.810269,0.000294,0.000345,0.000036
50.618981,0.000269,0.003682,-9.809881,0.000163,0.000313,0.000103
50.625998,-0.000591,-0.009165,-9.810332,0.000504,0.000445,-0.000064
50.639828,0.000314,0.000207,-9.810103,0.000297,0.000328,0.000037
50.646804,0.000143,0.000049,-9.810164,0.000291,0.000340,0.000037
50.653691,-0.000119,-0.000112,-9.809826,0.000297,0.000329,0.000036
50.660750,0.000129,0.000053,-9.810170,0.000291,0.000340,0.000037
50.667663,-0.000225,0.000060,-9.810193,0.000267,0.000311,0.000036
50.681548,0.000128,0.000044,-9.810170,0.000291,0.000340,0.000037
50.688428,0.000113,0.003542,-9.809812,0.000169,0.000301,0.000103
50.695545,-0.000464,-0.008957,-9.810494,0.000504,0.000444,-0.000064
50.702348,-0.000060,0.005382,-9.809402,0.000314,0.000314,0.000036
50.716248,-0.000110,-0.000116,-9.809819,0.000297,0.000329,0.000036
50.723227,0.000130,0.000053,-9.810170,0.000292,0.000340,0.000037
50.730179,-0.000118,-0.000111,-9.809829,0.000297,0.000329,0.000036
50.737075,-0.000059,0.000172,-9.810577,0.000265,0.000322,0.000037
50.744027,0.000206,-0.000137,-9.809601,0.000291,0.000341,0.000037
50.758011,0.000329,0.003595,-9.810256,0.000167,0.000318,0.000103
50.764898,-0.000573,-0.009266,-9.810243,0.000504,0.000444,-0.000064
50.771774,-0.000115,0.005324,-9.809339,0.000316,0.000307,0.000036
50.778812,0.000487,0.000275,-9.810331,0.000292,0.000340,0.000037
50.785704,0.000019,-0.000036,-9.809993,0.000292,0.000340,0.000037
50.799572,0.000005,-0.000017,-9.810010,0.000297,0.000328,0.000036
50.806490,-0.000026,0.000225,-9.810466,0.000263,0.000317,0.000037
50.813544,0.000049,-0.000277,-9.809537,0.000297,0.000329,0.000036
50.820421,0.000124,0.000043,-9.810170,0.000292,0.000340,0.000037
50.834274,-0.000481,-0.009277,-9.810513,0.000505,0.000444,-0.000064
50.841326,-0.000058,0.005190,-9.809422,0.000315,0.000313,0.000036
50.848222,0.000443,0.000289,-9.810275,0.000292,0.000340,0.000037
50.855129,-0.000109,-0.000115,-9.809821,0.000298,0.000328,0.000036
50.862123,0.000130,0.000053,-9.810171,0.000292,0.000340,0.000036
50.876062,0.000116,-0.000186,-9.809647,0.000298,0.000329,0.000036
50.882942,0.000128,0.000044,-9.810169,0.000292,0.000340,0.000036
50.889856,-0.000225,0.000060,-9.810193,0.000268,0.000311,0.000036
50.896867,0.000243,-0.000107,-9.809813,0.000292,0.000340,0.000037
50.903771,-0.000126,-0.000121,-9.809825,0.000298,0.000328,0.000036
50.917658,-0.000476,-0.009245,-9.810509,0.000505,0.000444,-0.000064
50.924686,-0.000111,0.005218,-9.809359,0.000316,0.000307,0.000036
50.931578,0.000498,0.000282,-9.810339,0.000293,0.000340,0.000037
50.938433,0.000019,-0.000036,-9.809992,0.000293,0.000340,0.000036
50.952386,0.000132,0.000054,-9.810173,0.000293,0.000340,0.000036
50.959360,-0.000276,0.000069,-9.810129,0.000269,0.000305,0.000036
50.966239,0.000302,-0.000116,-9.809873,0.000292,0.000340,0.000036
50.973189,-0.000126,-0.000122,-9.809826,0.000299,0.000328,0.000036
50.987106,-0.000123,0.000213,-9.810200,0.000264,0.000317,0.000037
50.994112,0.000049,-0.000275,-9.809536,0.000298,0.000329,0.000036
51.000987,0.000125,0.000044,-9.810171,0.000293,0.000340,0.000036
51.007982,-0.000222,0.000062,-9.810193,0.000268,0.000311,0.000036
51.014936,0.000347,0.003424,-9.809624,0.000170,0.000301,0.000103
51.028860,0.000046,0.005039,-9.809062,0.000346,0.000331,0.000036
51.035707,0.000331,0.000461,-9.810649,0.000293,0.000339,0.000037
51.042702,-0.000132,0.000148,-9.810288,0.000264,0.000317,0.000037
51.049625,0.000047,-0.000280,-9.809530,0.000298,0.000329,0.000036
51.063594,-0.000116,-0.000111,-9.809830,0.000299,0.000328,0.000036
51.070434,0.000001,0.000211,-9.810682,0.000262,0.000327,0.000036
51.077422,0.000020,-0.000254,-9.809336,0.000299,0.000328,0.000036
51.084382,0.000018,0.000214,-9.810533,0.000263,0.000323,0.000036
51.091314,-0.000004,-0.000273,-9.809466,0.000299,0.000328,0.000036
51.105168,-0.000119,-0.000112,-9.809828,0.000299,0.000328,0.000036
51.112236,-0.000123,0.000212,-9.810200,0.000267,0.000300,0.000037
51.119102,0.000149,-0.000262,-9.809800,0.000299,0.000328,0.000036
51.125972,0.000357,0.003702,-9.810155,0.000166,0.000313,0.000103
51.139863,0.000045,0.005207,-9.809032,0.000347,0.000330,0.000035
51.146888,0.000322,0.000443,-9.810627,0.000294,0.000339,0.000036
51.153826,-0.000260,0.000074,-9.810126,0.000270,0.000305,0.000036
51.160845,0.000297,-0.000114,-9.809875,0.000293,0.000340,0.000036
51.174679,-0.000006,0.000161,-9.810633,0.000266,0.000328,0.000036
51.181598,0.000152,-0.000131,-9.809535,0.000293,0.000340,0.000036
51.188513,-0.000233,0.000053,-9.810193,0.000269,0.000311,0.000036
51.195520,0.000116,-0.000187,-9.809643,0.000299,0.000328,0.000036
51.202504,0.000126,0.000043,-9.810167,0.000294,0.000340,0.000036
51.216276,0.000303,-0.000116,-9.809873,0.000293,0.000340,0.000036
51.223219,-0.000126,-0.000122,-9.809825,0.000300,0.000328,0.000036
51.230208,0.000100,-0.000009,-9.810271,0.000297,0.000345,0.000036
51.237174,-0.000122,0.000211,-9.810198,0.000265,0.000316,0.000037
51.244110,0.000050,-0.000278,-9.809532,0.000299,0.000328,0.000036
51.258005,-0.000277,0.000069,-9.810130,0.000271,0.000304,0.000036
51.264905,0.000301,-0.000116,-9.809874,0.000294,0.000340,0.000036
51.271847,-0.000126,-0.000122,-9.809825,0.000300,0.000328,0.000036
51.278856,0.000129,0.000053,-9.810171,0.000294,0.000340,0.000036
51.292727,0.000267,-0.000177,-9.809976,0.000297,0.000345,0.000036
51.299653,0.000260,0.003651,-9.809878,0.000167,0.000313,0.000103
51.306599,-0.000598,-0.009259,-9.810335,0.000507,0.000444,-0.000065
51.313522,-0.000116,0.005299,-9.809352,0.000318,0.000307,0.000036
51.320513,0.000490,0.000277,-9.810334,0.000294,0.000339,0.000036
51.334373,0.000216,-0.000172,-9.809912,0.000297,0.000345,0.000036
51.341359,0.000030,0.000022,-9.809896,0.000295,0.000340,0.000036
51.348246,-0.000280,0.000072,-9.810133,0.000271,0.000304,0.000036
51.355160,0.000301,-0.000115,-9.809874,0.000294,0.000340,0.000036
51.369065,0.000025,0.000227,-9.810542,0.000264,0.000323,0.000036
51.376082,-0.000003,-0.000270,-9.809472,0.000300,0.000328,0.000035
51.383011,-0.000013,0.000153,-9.810635,0.000267,0.000328,0.000036
51.389886,0.000122,-0.000195,-9.809633,0.000297,0.000345,0.000036
51.396872,-0.000160,0.000141,-9.810298,0.000269,0.000321,0.000036
51.410878,-0.000281,0.000059,-9.810125,0.000271,0.000304,0.000036
51.417715,0.000307,-0.000093,-9.809892,0.000292,0.000340,0.000036
51.424768,-0.000125,-0.000143,-9.809810,0.000301,0.000328,0.000035
51.431811,0.000023,0.000220,-9.810528,0.000265,0.000323,0.000036
51.445514,0.000093,-0.000018,-9.810269,0.000298,0.000345,0.000035
51.452433,-0.000123,0.000212,-9.810200,0.000266,0.000316,0.000036
51.459414,0.000050,-0.000277,-9.809535,0.000300,0.000328,0.000035
51.466340,0.000017,0.000215,-9.810534,0.000265,0.000323,0.000036
51.473260,-0.000004,-0.000274,-9.809465,0.000301,0.000328,0.000035
51.487186,-0.000123,0.000212,-9.810200,0.000266,0.000316,0.000036
51.494131,0.000050,-0.000277,-9.809531,0.000300,0.000328,0.000035
51.501054,0.000017,0.000214,-9.810534,0.000265,0.000323,0.000036
51.508087,-0.000004,-0.000270,-9.809474,0.000301,0.000328,0.000035
51.521902,0.000122,-0.000194,-9.809636,0.000298,0.000345,0.000035
51.528935,-0.000129,0.000201,-9.810196,0.000266,0.000316,0.000036
51.535757,0.000050,-0.000282,-9.809524,0.000301,0.000328,0.000035
51.542724,0.000123,0.000043,-9.810169,0.000296,0.000340,0.000036
51.549669,-0.000224,0.000059,-9.810191,0.000271,0.000311,0.000035
51.563653,-0.000130,0.000174,-9.810173,0.000266,0.000316,0.000036
51.570497,0.000049,-0.000282,-9.809525,0.000301,0.000328,0.000035
51.577510,0.000122,0.000042,-9.810167,0.000296,0.000340,0.000036
51.584382,-0.000280,0.000070,-9.810131,0.000272,0.000304,0.000036
51.598302,-0.000125,-0.000122,-9.809826,0.000302,0.000328,0.000035
51.605235,-0.000029,0.000234,-9.810474,0.000267,0.000316,0.000036
51.612218,0.000050,-0.000279,-9.809533,0.000301,0.000328,0.000035
51.619142,0.000123,0.000043,-9.810169,0.000296,0.000340,0.000036
51.626180,-0.000274,0.000067,-9.810128,0.000273,0.000304,0.000036
51.639925,-0.000126,-0.000123,-9.809824,0.000302,0.000328,0.000035
51.646913,-0.000028,0.000232,-9.810471,0.000267,0.000316,0.000036
51.653868,0.000050,-0.000280,-9.809531,0.000301,0.000328,0.000035
51.660854,0.000122,0.000043,-9.810168,0.000296,0.000340,0.000036
51.674654,0.000301,-0.000116,-9.809874,0.000296,0.000340,0.000036
51.681871,-0.000121,-0.000119,-9.809832,0.000302,0.000328,0.000035
51.688570,-0.000030,0.000244,-9.810491,0.000267,0.000316,0.000036
51.695530,0.000050,-0.000280,-9.809532,0.000301,0.000328,0.000035
51.702484,0.000123,0.000043,-9.810168,0.000296,0.000340,0.000036
51.716334,0.000302,-0.000116,-9.809873,0.000296,0.000340,0.000036
51.723260,-0.000232,0.000049,-9.810190,0.000272,0.000311,0.000035
51.730304,0.000241,-0.000106,-9.809813,0.000296,0.000340,0.000036
51.737179,-0.000127,-0.000121,-9.809824,0.000302,0.000328,0.000035
51.751087,0.000051,-0.000284,-9.809525,0.000302,0.000328,0.000035
51.758098,0.000017,0.000211,-9.810527,0.000266,0.000322,0.000035
51.764987,-0.000004,-0.000275,-9.809463,0.000302,0.000328,0.000035
51.771909,-0.000013,0.000154,-9.810637,0.000269,0.000327,0.000035
51.785790,-0.000131,0.000207,-9.810200,0.000268,0.000316,0.000036
51.792830,0.000049,-0.000274,-9.809539,0.000302,0.000328,0.000035
51.799719,-0.000030,0.000280,-9.810519,0.000263,0.000315,0.000037
51.806687,0.000045,-0.000333,-9.809487,0.000302,0.000328,0.000035
51.813650,0.000120,0.000042,-9.810169,0.000297,0.000340,0.000035
51.827572,0.000295,-0.000114,-9.809875,0.000296,0.000340,0.000036
51.834437,-0.000127,-0.000124,-9.809823,0.000303,0.000328,0.000035
51.841390,-0.000029,0.000234,-9.810472,0.000268,0.000316,0.000036
51.848368,0.000050,-0.000279,-9.809532,0.000302,0.000328,0.000035
51.855308,0.000123,0.000043,-9.810169,0.000297,0.000340,0.000035
51.869209,0.000322,-0.000024,-9.809945,0.000289,0.000338,0.000036
51.876233,-0.000140,-0.000023,-9.810380,0.000270,0.000327,0.000035
51.883124,0.000120,-0.000155,-9.809669,0.000296,0.000344,0.000035
51.890032,-0.000165,0.000104,-9.810268,0.000271,0.000321,0.000036
51.903922,-0.000289,0.000061,-9.810129,0.000274,0.000304,0.000035
51.910911,0.000297,-0.000114,-9.809875,0.000297,0.000340,0.000035
51.917865,-0.000135,0.000066,-9.810458,0.000270,0.000327,0.000035
51.924773,0.000012,-0.000020,-9.810002,0.000269,0.000327,0.000035
51.938679,-0.000131,0.000206,-9.810200,0.000268,0.000316,0.000036
51.945656,0.000049,-0.000277,-9.809533,0.000303,0.000328,0.000035
51.952629,0.000017,0.000213,-9.810531,0.000267,0.000322,0.000035
51.959576,-0.000004,-0.000273,-9.809465,0.000303,0.000328,0.000035
51.966460,-0.000067,0.000164,-9.810578,0.000271,0.000321,0.000036
51.980385,-0.000187,0.000078,-9.810395,0.000271,0.000321,0.000035
51.987282,0.000204,-0.000136,-9.809600,0.000297,0.000340,0.000035
51.994327,-0.000282,0.000059,-9.810125,0.000274,0.000304,0.000035
52.001198,0.000302,-0.000115,-9.809875,0.000297,0.000340,0.000035
52.008113,-0.000233,0.000048,-9.810188,0.000273,0.000310,0.000035
52.022085,-0.000121,0.000281,-9.810260,0.000263,0.000314,0.000037
52.029071,0.000043,-0.000349,-9.809476,0.000303,0.000328,0.000035
52.035935,0.000121,0.000042,-9.810170,0.000298,0.000339,0.000035
52.042964,-0.000274,0.000068,-9.810128,0.000275,0.000304,0.000035
52.056778,-0.000189,0.000076,-9.810397,0.000272,0.000321,0.000035
52.063797,0.000201,-0.000130,-9.809610,0.000297,0.000340,0.000035
52.070661,-0.000290,0.000057,-9.810125,0.000275,0.000304,0.000035
52.077707,0.000295,-0.000114,-9.809877,0.000297,0.000340,0.000035
52.091501,0.000249,-0.000110,-9.809808,0.000298,0.000340,0.000035
52.098511,-0.000282,0.000059,-9.810125,0.000275,0.000304,0.000035
52.105430,0.000300,-0.000116,-9.809875,0.000298,0.000340,0.000035
52.112396,-0.000125,-0.000122,-9.809826,0.000304,0.000328,0.000035
52.126225,0.000148,-0.000263,-9.809800,0.000301,0.000345,0.000035
52.133298,-0.000131,0.000198,-9.810193,0.000269,0.000316,0.000036
52.140162,0.000050,-0.000280,-9.809527,0.000304,0.000328,0.000035
52.147065,-0.000037,0.000224,-9.810472,0.000269,0.000316,0.000036
52.154080,0.000050,-0.000278,-9.809534,0.000304,0.000328,0.000035
52.167915,0.000149,-0.000264,-9.809800,0.000301,0.000345,0.000035
52.174828,-0.000134,0.000203,-9.810199,0.000269,0.000316,0.000036
52.181934,0.000049,-0.000265,-9.809548,0.000303,0.000328,0.000035
52.188714,0.000017,0.000213,-9.810540,0.000268,0.000322,0.000035
52.195708,-0.000004,-0.000272,-9.809471,0.000304,0.000328,0.000035
52.209555,0.000050,-0.000281,-9.809529,0.000304,0.000328,0.000035
52.216545,0.000017,0.000212,-9.810529,0.000268,0.000322,0.000035
52.223436,-0.000004,-0.000275,-9.809463,0.000304,0.000328,0.000035
52.230462,-0.000036,0.000222,-9.810466,0.000270,0.000316,0.000036
52.237356,0.000051,-0.000282,-9.809527,0.000304,0.000328,0.000035
52.251245,-0.000004,-0.000274,-9.809464,0.000304,0.000328,0.000035
52.258146,-0.000036,0.000226,-9.810474,0.000270,0.000316,0.000036
52.265199,0.000049,-0.000277,-9.809538,0.000304,0.000328,0.000035
52.272131,-0.000037,0.000223,-9.810472,0.000270,0.000316,0.000036
52.286004,0.000017,0.000216,-9.810537,0.000269,0.000322,0.000035
52.293075,-0.000004,-0.000269,-9.809477,0.000304,0.000328,0.000034
52.299954,-0.000033,0.000258,-9.810500,0.000267,0.000315,0.000036
52.306841,0.000048,-0.000312,-9.809503,0.000304,0.000328,0.000035
52.320731,-0.000004,-0.000273,-9.809468,0.000305,0.000328,0.000034
52.327696,-0.000036,0.000224,-9.810470,0.000270,0.000316,0.000036
52.334576,0.000149,-0.000265,-9.809798,0.000302,0.000344,0.000035
52.341516,-0.000133,0.000202,-9.810198,0.000270,0.000316,0.000035
52.355409,-0.000037,0.000226,-9.810474,0.000270,0.000316,0.000035
52.362398,0.000146,-0.000261,-9.809801,0.000302,0.000345,0.000035
52.369309,-0.000134,0.000204,-9.810200,0.000270,0.000316,0.000035
52.376299,0.000049,-0.000276,-9.809535,0.000305,0.000328,0.000034
52.383271,-0.000036,0.000222,-9.810469,0.000270,0.000315,0.000035
52.397169,-0.000131,0.000199,-9.810195,0.000271,0.000316,0.000035
52.404075,0.000050,-0.000279,-9.809530,0.000305,0.000328,0.000034
52.411070,-0.000036,0.000221,-9.810467,0.000271,0.000315,0.000035
52.417968,0.000148,-0.000264,-9.809799,0.000302,0.000344,0.000034
52.424856,-0.000134,0.000204,-9.810200,0.000271,0.000316,0.000035
52.438786,0.000237,-0.000118,-9.809808,0.000299,0.000339,0.000035
52.445759,-0.000284,0.000059,-9.810126,0.000277,0.000304,0.000035
52.452672,0.000300,-0.000115,-9.809874,0.000299,0.000339,0.000035
52.459566,-0.000287,0.000058,-9.810127,0.000277,0.000304,0.000035
52.473507,-0.000188,0.000076,-9.810397,0.000274,0.000321,0.000035
52.480503,0.000201,-0.000134,-9.809606,0.000299,0.000339,0.000035
52.487343,-0.000290,0.000061,-9.810129,0.000277,0.000304,0.000035
52.494354,0.000296,-0.000114,-9.809875,0.000300,0.000339,0.000035
52.501293,-0.000188,0.000076,-9.810396,0.000274,0.000320,0.000035
52.515206,-0.000012,-0.000279,-9.809470,0.000306,0.000327,0.000034
52.522080,-0.000037,0.000227,-9.810475,0.000271,0.000315,0.000035
52.529083,0.000050,-0.000278,-9.809534,0.000306,0.000327,0.000034
52.536000,-0.000037,0.000224,-9.810472,0.000271,0.000315,0.000035
52.549874,-0.000135,0.000204,-9.810198,0.000271,0.000315,0.000035
52.556804,0.000050,-0.000278,-9.809531,0.000306,0.000327,0.000034
52.563856,-0.000036,0.000219,-9.810463,0.000271,0.000315,0.000035
52.570757,0.000179,-0.000201,-9.809699,0.000300,0.000339,0.000035
52.584647,0.000299,-0.000115,-9.809874,0.000300,0.000339,0.000035
52.591548,-0.000287,0.000058,-9.810126,0.000277,0.000304,0.000035
52.598766,0.000288,-0.000112,-9.809881,0.000300,0.000339,0.000035
52.605441,-0.000196,0.000080,-9.810411,0.000274,0.000320,0.000035
52.619360,0.000043,-0.000280,-9.809537,0.000305,0.000327,0.000034
52.626414,-0.000037,0.000211,-9.810456,0.000272,0.000315,0.000035
52.633277,0.000179,-0.000202,-9.809695,0.000300,0.000339,0.000035
52.640208,-0.000289,0.000060,-9.810129,0.000277,0.000304,0.000035
52.647171,0.000298,-0.000115,-9.809875,0.000300,0.000339,0.000035
52.661042,0.000296,-0.000114,-9.809875,0.000300,0.000339,0.000035
52.667946,-0.000189,0.000076,-9.810398,0.000275,0.000320,0.000035
52.674876,0.000202,-0.000137,-9.809602,0.000301,0.000339,0.000035
52.681867,-0.000187,0.000078,-9.810395,0.000275,0.000320,0.000035
52.695741,0.000042,-0.000287,-9.809534,0.000306,0.000327,0.000034
52.702736,-0.000037,0.000221,-9.810466,0.000272,0.000315,0.000035
52.709646,0.000148,-0.000264,-9.809799,0.000304,0.000344,0.000034
52.716602,-0.000133,0.000201,-9.810199,0.000272,0.000315,0.000035
52.723510,0.000148,-0.000260,-9.809802,0.000304,0.000344,0.000034
52.737353,-0.000112,-0.000099,-9.809830,0.000277,0.000304,0.000035
52.744378,0.000288,-0.000125,-9.809872,0.000301,0.000339,0.000035
52.751286,-0.000190,0.000076,-9.810399,0.000275,0.000320,0.000035
52.758180,0.000097,0.000035,-9.809966,0.000270,0.000322,0.000034
52.772082,-0.000037,0.000230,-9.810478,0.000272,0.000315,0.000035
52.779140,0.000145,-0.000259,-9.809803,0.000304,0.000344,0.000034
52.785998,-0.000135,0.000205,-9.810201,0.000273,0.000315,0.000035
52.792979,-0.000109,-0.000097,-9.809834,0.000277,0.000304,0.000035
52.806881,-0.000158,0.000138,-9.810295,0.000272,0.000315,0.000035
52.813872,0.000046,-0.000277,-9.809535,0.000307,0.000327,0.000034
52.820715,-0.000037,0.000227,-9.810477,0.000273,0.000315,0.000035
52.827898,0.000143,-0.000254,-9.809808,0.000304,0.000344,0.000034
52.841544,-0.000110,-0.000098,-9.809833,0.000278,0.000304,0.000035
52.848591,0.000287,-0.000124,-9.809874,0.000301,0.000339,0.000034
52.855468,-0.000187,0.000101,-9.810419,0.000274,0.000320,0.000035
52.862419,0.000200,-0.000159,-9.809585,0.000301,0.000339,0.000034
52.869376,-0.000189,0.000077,-9.810396,0.000276,0.000320,0.000034
52.883247,0.000042,-0.000289,-9.809529,0.000307,0.000327,0.000034
52.890176,-0.000037,0.000224,-9.810472,0.000273,0.000315,0.000035
52.897174,0.000176,-0.000198,-9.809702,0.000302,0.000339,0.000034
52.904106,-0.000289,0.000060,-9.810128,0.000279,0.000303,0.000034
52.911071,0.000192,0.000055,-9.810238,0.000271,0.000322,0.000034
52.924907,-0.000037,0.000225,-9.810472,0.000273,0.000315,0.000035
52.931921,0.000146,-0.000260,-9.809803,0.000305,0.000344,0.000034
52.938808,-0.000135,0.000204,-9.810200,0.000273,0.000315,0.000035
52.952709,0.000093,0.000055,-9.809987,0.000269,0.000321,0.000035
52.959685,-0.000015,-0.000311,-9.809443,0.000308,0.000327,0.000034
52.966628,-0.000038,0.000224,-9.810472,0.000273,0.000315,0.000035
52.973502,-0.000056,-0.000110,-9.809893,0.000277,0.000310,0.000034
52.987451,-0.000298,0.000064,-9.810132,0.000279,0.000303,0.000034
52.994432,0.000192,0.000055,-9.810237,0.000271,0.000322,0.000034
53.001390,0.000085,-0.000266,-9.809734,0.000305,0.000344,0.000034
53.008283,-0.000135,0.000206,-9.810201,0.000274,0.000315,0.000035
53.015272,-0.000109,-0.000097,-9.809834,0.000279,0.000304,0.000034
53.029128,-0.000157,0.000137,-9.810293,0.000274,0.000315,0.000035
53.036032,0.000047,-0.000280,-9.809530,0.000308,0.000327,0.000034
53.042992,-0.000036,0.000223,-9.810470,0.000274,0.000315,0.000035
53.056848,-0.000019,0.000041,-9.809836,0.000273,0.000315,0.000035
53.063873,0.000041,-0.000284,-9.809535,0.000308,0.000327,0.000034
53.070744,-0.000037,0.000226,-9.810475,0.000274,0.000315,0.000035
53.077794,0.000145,-0.000259,-9.809804,0.000305,0.000344,0.000034
53.084668,-0.000134,0.000210,-9.810205,0.000273,0.000315,0.000035
53.098583,0.000088,0.000023,-9.809963,0.000272,0.000322,0.000034
53.105486,-0.000013,-0.000283,-9.809463,0.000308,0.000327,0.000034
53.112508,-0.000036,0.000223,-9.810466,0.000274,0.000315,0.000035
53.119394,0.000042,-0.000092,-9.810165,0.000275,0.000327,0.000034
53.126442,-0.000014,0.000078,-9.809871,0.000270,0.000314,0.000035
53.140263,-0.000039,0.000223,-9.810472,0.000274,0.000315,0.000035
53.147209,0.000147,-0.000262,-9.809801,0.000306,0.000344,0.000034
53.154150,-0.000133,0.000202,-9.810198,0.000274,0.000315,0.000035
53.161202,-0.000013,-0.000079,-9.810102,0.000277,0.000320,0.000034
53.174970,-0.000120,-0.000111,-9.809827,0.000278,0.000310,0.000034
53.182013,0.000234,-0.000116,-9.809812,0.000303,0.000339,0.000034
53.188861,-0.000289,0.000061,-9.810129,0.000280,0.000303,0.000034
53.195828,0.000192,0.000055,-9.810238,0.000272,0.000322,0.000034
53.202726,-0.000012,-0.000286,-9.809459,0.000309,0.000327,0.000034
53.216625,0.000018,-0.000020,-9.810000,0.000274,0.000315,0.000035
53.223652,0.000039,-0.000287,-9.809536,0.000309,0.000327,0.000034
53.230591,-0.000037,0.000224,-9.810469,0.000274,0.000315,0.000035
53.237484,0.000072,-0.000029,-9.810063,0.000273,0.000322,0.000034
53.244564,-0.000015,-0.000278,-9.809477,0.000309,0.000327,0.000033
53.258299,-0.000057,-0.000120,-9.809885,0.000279,0.000310,0.000033
53.265278,0.000130,0.000052,-9.810171,0.000273,0.000322,0.000034
53.272228,-0.000012,-0.000282,-9.809464,0.000309,0.000327,0.000033
53.279155,-0.000037,0.000225,-9.810472,0.000275,0.000315,0.000035
53.293047,0.000195,-0.000148,-9.809595,0.000304,0.000339,0.000034
53.300145,-0.000280,0.000059,-9.810126,0.000281,0.000303,0.000034
53.306918,0.000143,0.000068,-9.810179,0.000274,0.000315,0.000035
53.313987,0.000167,-0.000208,-9.809702,0.000304,0.000339,0.000034
53.327793,0.000192,0.000055,-9.810237,0.000273,0.000321,0.000034
53.334723,-0.000020,-0.000095,-9.810098,0.000276,0.000327,0.000033
53.341650,-0.000019,0.000042,-9.809838,0.000274,0.000315,0.000034
53.348845,0.000041,-0.000278,-9.809546,0.000310,0.000327,0.000033
53.355549,-0.000039,0.000232,-9.810488,0.000275,0.000315,0.000034
53.369438,-0.000015,-0.000285,-9.809462,0.000310,0.000327,0.000033
53.376349,-0.000037,0.000226,-9.810472,0.000275,0.000315,0.000034
53.383346,-0.000108,-0.000100,-9.809833,0.000280,0.000303,0.000034
53.390247,0.000293,-0.000127,-9.809872,0.000304,0.000339,0.000034
53.404163,-0.000113,-0.000099,-9.809834,0.000280,0.000303,0.000034
53.411244,0.000286,-0.000124,-9.809874,0.000304,0.000339,0.000034
53.418076,-0.000161,0.000141,-9.810301,0.000275,0.000315,0.000034
53.424969,-0.000060,-0.000108,-9.809896,0.000279,0.000310,0.000033
53.438854,-0.000287,0.000060,-9.810127,0.000281,0.000303,0.000034
53.445894,0.000138,0.000064,-9.810174,0.000275,0.000315,0.000034
53.452805,0.000171,-0.000211,-9.809695,0.000304,0.000339,0.000034
53.459686,-0.000292,0.000060,-9.810130,0.000281,0.000303,0.000034
53.466730,0.000138,0.000064,-9.810173,0.000275,0.000315,0.000034
53.480599,-0.000286,0.000058,-9.810127,0.000282,0.000303,0.000034
53.487468,0.000141,0.000066,-9.810178,0.000275,0.000315,0.000034
53.494555,0.000167,-0.000207,-9.809702,0.000304,0.000339,0.000034
53.501408,-0.000293,0.000060,-9.810130,0.000282,0.000303,0.000034
53.515315,0.000168,-0.000208,-9.809702,0.000304,0.000339,0.000034
53.522208,-0.000291,0.000060,-9.810129,0.000282,0.000303,0.000034
53.529229,0.000191,0.000055,-9.810235,0.000274,0.000321,0.000034
53.536055,-0.000021,-0.000097,-9.810099,0.000277,0.000326,0.000033
53.543067,-0.000019,0.000042,-9.809840,0.000275,0.000315,0.000034
53.550022,0.000042,-0.000286,-9.809530,0.000310,0.000327,0.000033
53.563898,0.000018,-0.000019,-9.810001,0.000275,0.000315,0.000034
53.570821,0.000039,-0.000290,-9.809528,0.000311,0.000327,0.000033
53.577864,-0.000036,0.000220,-9.810464,0.000276,0.000315,0.000034
53.584828,0.000034,0.000098,-9.810097,0.000266,0.000313,0.000035
53.591740,0.000029,-0.000406,-9.809430,0.000310,0.000327,0.000033
53.605634,0.000148,-0.000264,-9.809800,0.000308,0.000344,0.000033
53.612639,-0.000132,0.000201,-9.810197,0.000276,0.000315,0.000034
53.619517,0.000018,-0.000017,-9.810002,0.000276,0.000315,0.000034
53.626432,-0.000121,-0.000110,-9.809830,0.000281,0.000303,0.000034
53.640313,-0.000159,0.000163,-9.810319,0.000275,0.000314,0.000034
53.647357,-0.000113,-0.000117,-9.809819,0.000281,0.000303,0.000034
53.654249,0.000293,-0.000128,-9.809872,0.000305,0.000339,0.000034
53.661255,-0.000157,0.000137,-9.810292,0.000277,0.000315,0.000034
53.675087,0.000291,-0.000126,-9.809872,0.000305,0.000338,0.000034
53.682008,-0.000159,0.000140,-9.810297,0.000277,0.000315,0.000034
53.688967,-0.000112,-0.000099,-9.809834,0.000282,0.000303,0.000034
53.695990,0.000288,-0.000125,-9.809872,0.000305,0.000338,0.000034
53.702853,-0.000160,0.000140,-9.810301,0.000277,0.000315,0.000034
53.716913,0.000181,0.000043,-9.810227,0.000275,0.000321,0.000033
53.723707,-0.000021,-0.000097,-9.810101,0.000278,0.000326,0.000033
53.730693,-0.000019,0.000043,-9.809840,0.000276,0.000315,0.000034
53.737621,0.000042,-0.000289,-9.809527,0.000311,0.000327,0.000033
53.751505,0.000019,-0.000020,-9.810001,0.000276,0.000315,0.000034
53.758373,0.000030,-0.000102,-9.810163,0.000278,0.000326,0.000033
53.765393,-0.000019,0.000039,-9.809838,0.000277,0.000315,0.000034
53.772297,0.000042,-0.000288,-9.809527,0.000311,0.000327,0.000033
53.786152,0.000018,-0.000019,-9.810000,0.000276,0.000315,0.000034
53.793156,-0.000066,-0.000117,-9.809895,0.000281,0.000309,0.000033
53.800139,0.000130,0.000052,-9.810170,0.000275,0.000321,0.000033
53.806975,-0.000120,-0.000113,-9.809827,0.000281,0.000309,0.000033
53.814103,0.000128,0.000052,-9.810167,0.000275,0.000321,0.000033
53.827958,-0.000036,0.000222,-9.810465,0.000277,0.000314,0.000034
53.834799,0.000018,-0.000019,-9.810001,0.000277,0.000315,0.000034
53.841758,-0.000067,-0.000119,-9.809893,0.000281,0.000309,0.000033
53.848720,0.000130,0.000052,-9.810171,0.000276,0.000321,0.000033
53.862648,0.000130,0.000053,-9.810170,0.000276,0.000321,0.000033
53.869572,-0.000117,-0.000105,-9.809834,0.000281,0.000309,0.000033
53.876449,0.000131,0.000048,-9.810169,0.000276,0.000321,0.000033
53.883507,-0.000116,-0.000110,-9.809830,0.000282,0.000309,0.000033
53.897316,-0.000171,-0.000102,-9.809767,0.000283,0.000303,0.000033
53.904251,0.000291,-0.000124,-9.809872,0.000306,0.000338,0.000033
53.911285,-0.000156,0.000136,-9.810292,0.000278,0.000315,0.000034
53.918218,-0.000113,-0.000099,-9.809833,0.000283,0.000303,0.000033
53.925119,0.000186,0.000045,-9.810237,0.000276,0.000321,0.000033
53.938940,-0.000019,0.000043,-9.809836,0.000277,0.000315,0.000034
53.946010,-0.000063,-0.000114,-9.809895,0.000282,0.000309,0.000033
53.952867,0.000132,0.000053,-9.810174,0.000276,0.000321,0.000033
53.959833,-0.000117,-0.000111,-9.809830,0.000282,0.000309,0.000033
53.973717,-0.000015,-0.000327,-9.809426,0.000312,0.000327,0.000033
53.980739,-0.000038,0.000221,-9.810466,0.000278,0.000314,0.000034
53.987605,0.000018,-0.000020,-9.810001,0.000277,0.000315,0.000034
53.994624,-0.000023,-0.000091,-9.810099,0.000280,0.000320,0.000033
54.001533,0.000034,0.000033,-9.809899,0.000278,0.000315,0.000034
54.015424,-0.000290,0.000059,-9.810129,0.000284,0.000302,0.000033
54.022380,0.000139,0.000065,-9.810175,0.000278,0.000315,0.000034
54.029385,0.000064,-0.000040,-9.810061,0.000276,0.000321,0.000033
54.036274,-0.000176,-0.000102,-9.809765,0.000283,0.000303,0.000033
54.050174,-0.000158,0.000139,-9.810296,0.000278,0.000314,0.000034
54.057058,-0.000114,-0.000100,-9.809832,0.000284,0.000303,0.000033
54.064048,0.000131,0.000053,-9.810172,0.000278,0.000315,0.000034
54.070974,0.000170,-0.000211,-9.809695,0.000307,0.000338,0.000033
54.084892,0.000042,0.000044,-9.809903,0.000278,0.000315,0.000034
54.091741,0.000010,-0.000028,-9.809999,0.000278,0.000315,0.000034
54.098822,-0.000066,-0.000117,-9.809896,0.000282,0.000309,0.000033
54.105692,0.000078,0.000062,-9.810109,0.000278,0.000315,0.000034
54.119565,-0.000140,0.000213,-9.810207,0.000279,0.000314,0.000034
54.126532,0.000018,-0.000017,-9.810003,0.000278,0.000315,0.000034
54.133504,-0.000120,-0.000109,-9.809832,0.000284,0.000303,0.000033
54.140365,0.000133,0.000056,-9.810174,0.000278,0.000315,0.000034
54.147542,0.000164,-0.000205,-9.809706,0.000307,0.000338,0.000033
54.161270,0.000042,0.000034,-9.809896,0.000278,0.000315,0.000034
54.168182,0.000009,-0.000028,-9.809999,0.000278,0.000315,0.000034
54.175147,-0.000120,-0.000110,-9.809832,0.000284,0.000303,0.000033
54.182250,0.000284,-0.000124,-9.809875,0.000308,0.000338,0.000033
54.196085,-0.000024,-0.000179,-9.810019,0.000281,0.000320,0.000033
54.203011,0.000030,0.000030,-9.809900,0.000279,0.000315,0.000034
54.209937,0.000063,-0.000037,-9.810061,0.000277,0.000321,0.000033
54.216880,-0.000121,-0.000112,-9.809830,0.000283,0.000309,0.000032
54.223774,0.000078,0.000064,-9.810110,0.000279,0.000314,0.000034
54.237697,-0.000038,0.000228,-9.810479,0.000279,0.000314,0.000034
54.244715,0.000018,-0.000020,-9.810001,0.000279,0.000315,0.000034
54.251595,-0.000021,-0.000076,-9.810115,0.000280,0.000319,0.000033
54.258507,0.000033,0.000018,-9.809887,0.000279,0.000314,0.000033
54.272392,-0.000124,-0.000113,-9.809826,0.000283,0.000309,0.000032
54.279419,0.000077,0.000063,-9.810108,0.000279,0.000314,0.000034
54.286283,0.000141,-0.000274,-9.809795,0.000311,0.000343,0.000032
54.293332,-0.000132,0.000198,-9.810196,0.000280,0.000314,0.000033
54.307131,-0.000122,-0.000111,-9.809830,0.000285,0.000303,0.000033
54.314284,0.000128,0.000052,-9.810167,0.000279,0.000314,0.000034
54.321029,0.000010,-0.000031,-9.809998,0.000279,0.000315,0.000033
54.328231,0.000131,-0.000263,-9.809808,0.000311,0.000343,0.000032
54.335203,-0.000092,0.000518,-9.810452,0.000253,0.000308,0.000037
54.349075,-0.000050,0.000213,-9.810467,0.000280,0.000314,0.000033
54.356036,0.000018,-0.000019,-9.810001,0.000279,0.000315,0.000033
54.362956,0.000007,-0.000029,-9.809999,0.000279,0.000314,0.000033
54.369919,-0.000120,-0.000109,-9.809832,0.000285,0.000303,0.000033
54.383762,-0.000157,0.000138,-9.810293,0.000280,0.000314,0.000033
54.390699,0.000015,-0.000018,-9.810004,0.000279,0.000314,0.000033
54.397650,-0.000119,-0.000103,-9.809835,0.000285,0.000302,0.000033
54.404588,0.000130,0.000047,-9.810167,0.000279,0.000314,0.000033
54.411671,0.000166,-0.000207,-9.809702,0.000309,0.000338,0.000033
54.425418,0.000139,0.000065,-9.810175,0.000279,0.000314,0.000033
54.432401,0.000011,-0.000030,-9.809998,0.000279,0.000315,0.000033
54.439270,0.000006,-0.000029,-9.810000,0.000280,0.000314,0.000033
54.446356,-0.000118,-0.000107,-9.809834,0.000285,0.000302,0.000033
54.460108,-0.000158,0.000138,-9.810297,0.000280,0.000314,0.000033
54.467082,0.000015,-0.000018,-9.810001,0.000280,0.000314,0.000033
54.474023,-0.000120,-0.000110,-9.809832,0.000286,0.000302,0.000033
54.481014,0.000131,0.000057,-9.810174,0.000279,0.000314,0.000033
54.494943,-0.000159,0.000138,-9.810295,0.000281,0.000314,0.000033
54.501889,-0.000113,-0.000099,-9.809833,0.000286,0.000302,0.000033
54.508778,0.000133,0.000056,-9.810173,0.000280,0.000314,0.000033
54.515739,0.000010,-0.000031,-9.809998,0.000280,0.000314,0.000033
54.529631,0.000039,-0.000289,-9.809531,0.000315,0.000326,0.000032
54.536612,-0.000037,0.000222,-9.810469,0.000281,0.000314,0.000033
54.543475,0.000019,-0.000019,-9.810000,0.000280,0.000314,0.000033
54.550496,0.000007,-0.000029,-9.809999,0.000280,0.000314,0.000033
54.557369,-0.000122,-0.000110,-9.809829,0.000286,0.000302,0.000033
54.571258,0.000171,-0.000212,-9.809695,0.000309,0.000338,0.000033
54.578235,-0.000161,0.000139,-9.810297,0.000281,0.000314,0.000033
54.585165,-0.000113,-0.000098,-9.809834,0.000286,0.000302,0.000033
54.592096,0.000132,0.000054,-9.810172,0.000280,0.000314,0.000033
54.605967,0.000007,-0.000029,-9.810000,0.000280,0.000314,0.000033
54.612993,0.000038,-0.000286,-9.809536,0.000316,0.000326,0.000032
54.619873,-0.000038,0.000226,-9.810474,0.000281,0.000314,0.000033
54.626807,0.000018,-0.000020,-9.810001,0.000280,0.000314,0.000033
54.640719,0.000007,-0.000028,-9.809999,0.000280,0.000314,0.000033
54.647695,-0.000120,-0.000110,-9.809831,0.000286,0.000302,0.000033
54.654696,0.000130,0.000054,-9.810171,0.000281,0.000314,0.000033
54.661782,0.000175,-0.000126,-9.809770,0.000303,0.000336,0.000033
54.668533,-0.000303,-0.000021,-9.810061,0.000287,0.000302,0.000033
54.682595,0.000010,-0.000030,-9.809999,0.000281,0.000314,0.000033
54.689341,0.000007,-0.000029,-9.810000,0.000281,0.000314,0.000033
54.696333,0.000165,-0.000208,-9.809701,0.000310,0.000338,0.000032
54.703271,-0.000289,0.000060,-9.810128,0.000287,0.000302,0.000033
54.710191,0.000140,0.000065,-9.810176,0.000281,0.000314,0.000033
54.724059,0.000007,-0.000029,-9.810000,0.000281,0.000314,0.000033
54.731210,-0.000117,-0.000107,-9.809835,0.000287,0.000302,0.000033
54.737988,0.000134,0.000056,-9.810176,0.000281,0.000314,0.000033
54.744907,0.000116,-0.000202,-9.809633,0.000312,0.000331,0.000033
54.751884,-0.000107,0.000132,-9.810361,0.000282,0.000314,0.000033
54.765765,-0.000120,-0.000109,-9.809832,0.000287,0.000302,0.000033
54.772679,0.000132,0.000054,-9.810173,0.000281,0.000314,0.000033
54.779697,0.000010,-0.000030,-9.809998,0.000281,0.000314,0.000033
54.786588,0.000168,-0.000210,-9.809697,0.000310,0.000338,0.000032
54.800532,0.000138,0.000064,-9.810173,0.000281,0.000314,0.000033
54.807444,0.000010,-0.000031,-9.809999,0.000281,0.000314,0.000033
54.814610,0.000007,-0.000029,-9.810000,0.000281,0.000314,0.000033
54.821358,0.000007,-0.000028,-9.810000,0.000281,0.000314,0.000033
54.828290,-0.000121,-0.000109,-9.809829,0.000287,0.000302,0.000032
54.842128,0.000170,-0.000211,-9.809697,0.000311,0.000338,0.000032
54.849143,-0.000160,0.000139,-9.810294,0.000282,0.000314,0.000033
54.856032,-0.000114,-0.000099,-9.809833,0.000287,0.000302,0.000032
54.863026,0.000131,0.000054,-9.810170,0.000281,0.000314,0.000033
54.869920,0.000010,-0.000031,-9.809999,0.000282,0.000314,0.000033
54.883873,0.000007,-0.000028,-9.809999,0.000282,0.000314,0.000033
54.890743,-0.000122,-0.000111,-9.809829,0.000287,0.000302,0.000032
54.897757,0.000130,0.000054,-9.810172,0.000282,0.000314,0.000033
54.904624,0.000171,-0.000213,-9.809692,0.000311,0.000338,0.000032
54.918575,0.000015,-0.000018,-9.810004,0.000282,0.000314,0.000033
54.925518,-0.000121,-0.000109,-9.809830,0.000288,0.000302,0.000032
54.932645,0.000128,0.000052,-9.810167,0.000282,0.000314,0.000033
54.939343,0.000010,-0.000031,-9.809998,0.000282,0.000314,0.000033
54.946450,0.000007,-0.000029,-9.810000,0.000282,0.000314,0.000033
54.960218,0.000131,0.000055,-9.810173,0.000282,0.000314,0.000033
54.967212,0.000115,-0.000201,-9.809636,0.000313,0.000331,0.000033
54.974075,-0.000109,0.000135,-9.810365,0.000283,0.000314,0.000033
54.981135,0.000014,-0.000020,-9.810002,0.000282,0.000314,0.000033
54.994885,-0.000122,-0.000110,-9.809829,0.000288,0.000302,0.000032
55.001909,0.000130,0.000053,-9.810171,0.000282,0.000314,0.000033
55.008783,0.000010,-0.000030,-9.809998,0.000282,0.000314,0.000033
55.015845,0.000007,-0.000029,-9.810000,0.000282,0.000314,0.000033
55.022732,0.000168,-0.000210,-9.809697,0.000312,0.000338,0.000032
55.036610,0.000140,0.000065,-9.810176,0.000282,0.000314,0.000033
55.043549,0.000011,-0.000030,-9.809998,0.000282,0.000314,0.000033
55.050546,0.000007,-0.000029,-9.810000,0.000282,0.000314,0.000033
55.057423,-0.000092,-0.000047,-9.809728,0.000285,0.000297,0.000033
55.064449,0.000103,-0.000008,-9.810269,0.000282,0.000314,0.000033
55.078267,0.000131,0.000054,-9.810173,0.000283,0.000314,0.000033
55.085271,0.000010,-0.000031,-9.809998,0.000283,0.000314,0.000033
55.092200,0.000166,-0.000209,-9.809698,0.000312,0.000338,0.000032
55.099133,-0.000162,0.000141,-9.810299,0.000283,0.000314,0.000033
55.106055,-0.000113,-0.000099,-9.809833,0.000289,0.000302,0.000032
55.119935,0.000013,-0.000008,-9.810016,0.000281,0.000313,0.000033
55.126836,0.000005,-0.000051,-9.809981,0.000283,0.000314,0.000033
55.134074,0.000006,-0.000029,-9.810001,0.000283,0.000314,0.000033
55.140775,-0.000125,-0.000112,-9.809825,0.000289,0.000302,0.000032
55.154722,0.000010,-0.000031,-9.809997,0.000283,0.000314,0.000033
55.161637,0.000007,-0.000029,-9.810000,0.000283,0.000314,0.000033
55.168672,0.000007,-0.000028,-9.810000,0.000283,0.000314,0.000033
55.175498,-0.000123,-0.000111,-9.809828,0.000289,0.000302,0.000032
55.189413,-0.000105,0.000132,-9.810362,0.000284,0.000314,0.000032
55.196400,0.000014,-0.000020,-9.810002,0.000283,0.000314,0.000033
55.203279,0.000007,-0.000029,-9.810000,0.000283,0.000314,0.000033
55.210230,0.000007,-0.000029,-9.809999,0.000283,0.000314,0.000032
55.224163,0.000131,0.000054,-9.810172,0.000283,0.000314,0.000033
55.231110,0.000010,-0.000030,-9.809997,0.000283,0.000314,0.000032
55.238018,0.000007,-0.000029,-9.810000,0.000283,0.000314,0.000032
55.244975,0.000007,-0.000029,-9.810000,0.000283,0.000314,0.000032
55.251945,-0.000120,-0.000109,-9.809831,0.000289,0.000302,0.000032
55.265857,0.000010,-0.000031,-9.809999,0.000283,0.000314,0.000032
55.272713,0.000007,-0.000028,-9.810000,0.000283,0.000314,0.000032
55.279717,0.000165,-0.000207,-9.809702,0.000313,0.000338,0.000032
55.286690,-0.000258,0.000121,-9.810028,0.000287,0.000297,0.000032
55.300557,-0.000122,-0.000149,-9.809799,0.000289,0.000302,0.000032
55.307434,0.000130,0.000053,-9.810173,0.000284,0.000314,0.000032
55.314498,0.000010,-0.000030,-9.809999,0.000284,0.000314,0.000032
55.321334,0.000007,-0.000029,-9.809999,0.000284,0.000314,0.000032
55.328296,0.000007,-0.000029,-9.810000,0.000284,0.000314,0.000032
55.342176,0.000132,0.000055,-9.810174,0.000284,0.000314,0.000032
55.349254,0.000010,-0.000030,-9.809998,0.000284,0.000314,0.000032
55.356057,0.000007,-0.000029,-9.810000,0.000284,0.000314,0.000032
55.363061,0.000007,-0.000029,-9.810001,0.000284,0.000314,0.000032
55.376914,-0.000122,-0.000110,-9.809830,0.000290,0.000302,0.000032
55.384052,0.000131,0.000080,-9.810190,0.000281,0.000313,0.000033
55.390799,0.000008,-0.000060,-9.809973,0.000284,0.000314,0.000032
55.397831,0.000110,-0.000198,-9.809643,0.000315,0.000331,0.000032
55.411645,0.000015,-0.000020,-9.810002,0.000284,0.000314,0.000032
55.418686,0.000007,-0.000029,-9.810000,0.000284,0.000314,0.000032
55.425528,-0.000123,-0.000111,-9.809827,0.000290,0.000302,0.000032
55.432574,0.000130,0.000053,-9.810171,0.000284,0.000314,0.000032
55.446368,0.000007,-0.000029,-9.810000,0.000284,0.000314,0.000032
55.453403,0.000007,-0.000028,-9.810001,0.000284,0.000314,0.000032
55.460311,-0.000122,-0.000110,-9.809829,0.000290,0.000302,0.000032
55.467262,0.000131,0.000053,-9.810172,0.000284,0.000314,0.000032
55.474144,0.000010,-0.000030,-9.809998,0.000284,0.000314,0.000032
55.488052,0.000007,-0.000029,-9.809999,0.000284,0.000314,0.000032
55.495021,0.000007,-0.000029,-9.810001,0.000284,0.000314,0.000032
55.501986,-0.000121,-0.000109,-9.809832,0.000290,0.000302,0.000032
55.508871,0.000132,0.000055,-9.810174,0.000285,0.000314,0.000032
55.522745,0.000006,-0.000029,-9.809999,0.000285,0.000314,0.000032
55.529791,0.000007,-0.000029,-9.810000,0.000285,0.000314,0.000032
55.536691,0.000006,-0.000028,-9.809999,0.000285,0.000314,0.000032
55.543611,-0.000121,-0.000110,-9.809831,0.000291,0.000302,0.000032
55.557472,0.000010,-0.000031,-9.809999,0.000285,0.000314,0.000032
55.564550,0.000007,-0.000028,-9.809999,0.000285,0.000314,0.000032
55.571403,0.000007,-0.000029,-9.810000,0.000285,0.000314,0.000032
55.578343,0.000007,-0.000028,-9.810001,0.000285,0.000314,0.000032
55.592183,0.000132,0.000055,-9.810174,0.000285,0.000313,0.000032
55.599230,0.000010,-0.000031,-9.809998,0.000285,0.000314,0.000032
55.606125,0.000007,-0.000029,-9.810000,0.000285,0.000314,0.000032
55.613100,0.000007,-0.000029,-9.809999,0.000285,0.000314,0.000032
55.626906,-0.000091,-0.000047,-9.809728,0.000288,0.000297,0.000032
55.633971,0.000102,-0.000008,-9.810267,0.000285,0.000314,0.000032
55.640837,-0.000122,-0.000113,-9.809828,0.000291,0.000302,0.000032
55.647840,0.000130,0.000053,-9.810170,0.000285,0.000313,0.000032
55.654733,0.000010,-0.000031,-9.809997,0.000285,0.000314,0.000032
55.668658,0.000007,-0.000028,-9.810000,0.000285,0.000314,0.000032
55.675530,0.000007,-0.000029,-9.810000,0.000285,0.000314,0.000032
55.682564,0.000007,-0.000029,-9.810001,0.000285,0.000314,0.000032
55.689433,-0.000122,-0.000110,-9.809828,0.000291,0.000302,0.000032
55.703331,0.000010,-0.000030,-9.809998,0.000285,0.000314,0.000032
55.710276,0.000006,-0.000030,-9.809999,0.000286,0.000314,0.000032
55.717257,0.000007,-0.000029,-9.810001,0.000286,0.000314,0.000032
55.724169,0.000007,-0.000028,-9.809999,0.000286,0.000314,0.000032
55.738068,0.000133,0.000055,-9.810174,0.000286,0.000313,0.000032
55.744994,0.000010,-0.000031,-9.809999,0.000286,0.000314,0.000032
55.751978,0.000007,-0.000028,-9.809999,0.000286,0.000314,0.000032
55.758898,0.000007,-0.000029,-9.809999,0.000286,0.000314,0.000032
55.765907,0.000007,-0.000029,-9.810000,0.000286,0.000313,0.000032
55.779756,-0.000120,-0.000109,-9.809832,0.000292,0.000302,0.000031
55.786722,0.000131,0.000053,-9.810172,0.000286,0.000313,0.000032
55.793627,0.000010,-0.000031,-9.809998,0.000286,0.000314,0.000032
55.800613,0.000007,-0.000028,-9.810000,0.000286,0.000313,0.000032
55.807511,0.000007,-0.000029,-9.809999,0.000286,0.000313,0.000032
55.821435,0.000007,-0.000029,-9.809999,0.000286,0.000313,0.000032
55.828354,-0.000121,-0.000110,-9.809831,0.000292,0.000302,0.000031
55.835311,0.000131,0.000055,-9.810172,0.000286,0.000313,0.000032
55.842202,0.000010,-0.000031,-9.809997,0.000286,0.000313,0.000032
55.856089,-0.000155,0.000153,-9.810306,0.000257,0.000290,0.000032
55.863229,0.000170,-0.000193,-9.809710,0.000286,0.000314,0.000032
55.870051,0.000003,-0.000003,-9.810028,0.000283,0.000313,0.000032
55.876987,-0.000124,-0.000145,-9.809799,0.000292,0.000302,0.000031
55.890854,0.000010,-0.000031,-9.809997,0.000286,0.000313,0.000032
55.897979,0.000007,-0.000029,-9.810001,0.000286,0.000313,0.000032
55.904743,0.000007,-0.000029,-9.809999,0.000286,0.000313,0.000032
55.911741,0.000007,-0.000029,-9.809999,0.000286,0.000313,0.000032
55.918703,0.000008,-0.000023,-9.810006,0.000286,0.000313,0.000032
55.932631,0.000129,0.000053,-9.810171,0.000286,0.000313,0.000032
55.939496,0.000010,-0.000031,-9.809997,0.000287,0.000313,0.000032
55.946528,0.000007,-0.000029,-9.810000,0.000287,0.000313,0.000032
55.953401,0.000007,-0.000029,-9.810000,0.000287,0.000313,0.000032
55.967309,0.000007,-0.000029,-9.810000,0.000287,0.000313,0.000032
55.974203,0.000007,-0.000028,-9.810000,0.000287,0.000313,0.000032
55.981200,-0.000278,0.000069,-9.810130,0.000263,0.000278,0.000032
55.988122,0.000302,-0.000103,-9.809884,0.000285,0.000313,0.000032
55.995134,0.000001,-0.000053,-9.809984,0.000287,0.000313,0.000032
56.008917,0.000007,-0.000028,-9.810001,0.000287,0.000313,0.000032
56.015884,0.000007,-0.000029,-9.810000,0.000287,0.000313,0.000032
56.022962,0.000007,-0.000029,-9.810001,0.000287,0.000313,0.000032
56.030021,-0.000119,-0.000108,-9.809832,0.000293,0.000301,0.000031
56.043676,0.000010,-0.000031,-9.809999,0.000287,0.000313,0.000032
56.050693,0.000007,-0.000029,-9.810000,0.000287,0.000313,0.000032
56.057598,0.000007,-0.000028,-9.809999,0.000287,0.000313,0.000032
56.064587,0.000007,-0.000029,-9.809999,0.000287,0.000313,0.000032
56.071465,-0.000154,0.000153,-9.810306,0.000258,0.000290,0.000032
56.085388,-0.000127,-0.000120,-9.809829,0.000293,0.000301,0.000031
56.092288,0.000132,0.000055,-9.810172,0.000287,0.000313,0.000032
56.099276,0.000010,-0.000031,-9.809999,0.000287,0.000313,0.000032
56.106165,0.000007,-0.000029,-9.810001,0.000287,0.000313,0.000032
56.120058,0.000006,-0.000029,-9.809999,0.000287,0.000313,0.000032
56.127002,0.000007,-0.000029,-9.810000,0.000287,0.000313,0.000032
56.134025,0.000007,-0.000029,-9.810001,0.000287,0.000313,0.000032
56.140924,0.000007,-0.000029,-9.809999,0.000287,0.000313,0.000032
56.147849,-0.000281,0.000071,-9.810133,0.000264,0.000278,0.000032
56.161721,0.000002,-0.000042,-9.809994,0.000288,0.000313,0.000032
56.168744,0.000006,-0.000029,-9.810000,0.000288,0.000313,0.000032
56.175591,0.000007,-0.000028,-9.810000,0.000288,0.000313,0.000032
56.182598,0.000007,-0.000029,-9.809999,0.000288,0.000313,0.000032
56.196437,0.000007,-0.000029,-9.809999,0.000288,0.000313,0.000031
56.203465,-0.000089,-0.000046,-9.809734,0.000291,0.000296,0.000031
56.210294,0.000105,-0.000008,-9.810275,0.000288,0.000313,0.000032
56.217315,0.000007,-0.000031,-9.809999,0.000288,0.000313,0.000031
56.224196,-0.000122,-0.000110,-9.809830,0.000294,0.000301,0.000031
56.238100,0.000181,-0.000202,-9.809695,0.000287,0.000313,0.000032
56.245129,-0.000002,-0.000040,-9.809997,0.000288,0.000313,0.000031
56.252031,0.000006,-0.000029,-9.810000,0.000288,0.000313,0.000031
56.258944,0.000006,-0.000029,-9.810000,0.000288,0.000313,0.000031
56.272850,0.000007,-0.000029,-9.809999,0.000288,0.000313,0.000031
56.279830,0.000007,-0.000029,-9.810000,0.000288,0.000313,0.000031
56.286866,-0.000246,0.000131,-9.810031,0.000262,0.000273,0.000032
56.293693,0.000276,-0.000179,-9.809974,0.000287,0.000313,0.000032
56.307569,-0.000122,-0.000110,-9.809830,0.000294,0.000301,0.000031
56.314528,0.000131,0.000054,-9.810172,0.000288,0.000313,0.000031
56.321506,0.000010,-0.000031,-9.809998,0.000288,0.000313,0.000031
56.328373,0.000007,-0.000029,-9.809999,0.000288,0.000313,0.000031
56.335396,0.000006,-0.000029,-9.810001,0.000288,0.000313,0.000031
56.349281,0.000007,-0.000029,-9.809999,0.000288,0.000313,0.000031
56.356183,-0.000154,0.000152,-9.810304,0.000259,0.000289,0.000032
56.363119,0.000175,-0.000197,-9.809703,0.000288,0.000313,0.000031
56.370083,-0.000002,-0.000040,-9.809996,0.000289,0.000313,0.000031
56.376983,-0.000122,-0.000110,-9.809830,0.000294,0.000301,0.000031
56.390887,0.000010,-0.000031,-9.809998,0.000289,0.000313,0.000031
56.397897,0.000007,-0.000028,-9.810000,0.000289,0.000313,0.000031
56.404741,-0.000155,0.000154,-9.810305,0.000259,0.000289,0.000032
56.411735,0.000174,-0.000197,-9.809705,0.000288,0.000313,0.000031
56.425578,0.000006,-0.000029,-9.810000,0.000289,0.000313,0.000031
56.432615,0.000007,-0.000028,-9.809999,0.000289,0.000313,0.000031
56.439554,0.000007,-0.000029,-9.810000,0.000289,0.000313,0.000031
56.446507,0.000007,-0.000029,-9.810000,0.000289,0.000313,0.000031
56.453522,-0.000277,0.000070,-9.810129,0.000265,0.000277,0.000031
56.467424,-0.000007,-0.000153,-9.809900,0.000289,0.000313,0.000031
56.474305,0.000001,-0.000032,-9.810001,0.000289,0.000313,0.000031
56.481309,0.000006,-0.000029,-9.809999,0.000289,0.000313,0.000031
56.488237,0.000007,-0.000028,-9.810000,0.000289,0.000313,0.000031
56.502302,0.000006,-0.000037,-9.809994,0.000289,0.000313,0.000031
56.509035,-0.000103,0.000147,-9.810375,0.000259,0.000296,0.000031
56.515967,-0.000007,-0.000272,-9.809468,0.000294,0.000301,0.000031
56.522984,0.000122,0.000045,-9.810167,0.000289,0.000313,0.000031
56.529833,0.000009,-0.000031,-9.809999,0.000289,0.000313,0.000031
56.543753,-0.000154,0.000153,-9.810304,0.000260,0.000289,0.000032
56.550731,0.000174,-0.000197,-9.809705,0.000289,0.000313,0.000031
56.557710,-0.000001,-0.000040,-9.809997,0.000289,0.000313,0.000031
56.564668,0.000006,-0.000029,-9.810001,0.000289,0.000313,0.000031
56.571541,0.000007,-0.000029,-9.809999,0.000290,0.000313,0.000031
56.585445,-0.000281,0.000071,-9.810131,0.000266,0.000277,0.000031
56.592401,0.000299,-0.000115,-9.809875,0.000289,0.000313,0.000031
56.599328,0.000002,-0.000041,-9.809995,0.000290,0.000313,0.000031
56.606246,0.000006,-0.000029,-9.810000,0.000290,0.000313,0.000031
56.620184,0.000007,-0.000028,-9.810000,0.000290,0.000313,0.000031
56.627111,-0.000153,0.000152,-9.810301,0.000260,0.000289,0.000032
56.634117,0.000177,-0.000167,-9.809730,0.000287,0.000313,0.000031
56.640982,-0.000004,-0.000069,-9.809974,0.000290,0.000313,0.000031
56.648217,0.000005,-0.000029,-9.809999,0.000290,0.000313,0.000031
56.661827,0.000007,-0.000029,-9.810000,0.000290,0.000313,0.000031
56.668859,-0.000277,0.000069,-9.810130,0.000266,0.000277,0.000031
56.675719,0.000303,-0.000116,-9.809873,0.000289,0.000313,0.000031
56.682754,0.000002,-0.000041,-9.809997,0.000290,0.000313,0.000031
56.696505,0.000007,-0.000029,-9.810000,0.000290,0.000313,0.000031
56.703532,-0.000151,0.000150,-9.810298,0.000261,0.000289,0.000032
56.710409,0.000177,-0.000199,-9.809699,0.000289,0.000313,0.000031
56.717438,-0.000001,-0.000040,-9.809997,0.000290,0.000313,0.000031
56.724315,0.000006,-0.000029,-9.809999,0.000290,0.000313,0.000031
56.738249,-0.000153,0.000151,-9.810302,0.000261,0.000289,0.000032
56.745239,0.000174,-0.000197,-9.809705,0.000290,0.000313,0.000031
56.752142,0.000002,-0.000016,-9.810017,0.000288,0.000312,0.000031
56.759060,0.000004,-0.000051,-9.809981,0.000290,0.000313,0.000031
56.773040,0.000025,0.000224,-9.810532,0.000260,0.000295,0.000031
56.779894,0.000126,-0.000194,-9.809633,0.000290,0.000313,0.000031
56.786943,-0.000001,-0.000038,-9.809997,0.000290,0.000313,0.000031
56.793781,0.000006,-0.000029,-9.810001,0.000291,0.000313,0.000031
56.807686,0.000178,-0.000200,-9.809697,0.000290,0.000313,0.000031
56.814690,-0.000001,-0.000039,-9.809997,0.000291,0.000313,0.000031
56.821598,0.000006,-0.000029,-9.810000,0.000291,0.000313,0.000031
56.828538,0.000007,-0.000029,-9.810001,0.000291,0.000313,0.000031
56.835502,-0.000152,0.000155,-9.810303,0.000261,0.000289,0.000031
56.849443,-0.000098,-0.000058,-9.809731,0.000293,0.000296,0.000031
56.856280,0.000105,-0.000008,-9.810277,0.000291,0.000313,0.000031
56.863195,0.000007,-0.000032,-9.809998,0.000291,0.000313,0.000031
56.870260,0.000007,-0.000028,-9.810000,0.000291,0.000313,0.000031
56.877114,-0.000155,0.000154,-9.810306,0.000262,0.000289,0.000031
56.891003,-0.000131,-0.000122,-9.809825,0.000297,0.000301,0.000030
56.897993,0.000130,0.000054,-9.810171,0.000291,0.000313,0.000031
56.904927,-0.000150,0.000150,-9.810300,0.000262,0.000289,0.000031
56.911863,0.000178,-0.000173,-9.809722,0.000288,0.000312,0.000031
56.925791,0.000005,-0.000030,-9.810001,0.000291,0.000313,0.000031
56.932801,0.000007,-0.000028,-9.809999,0.000291,0.000313,0.000031
56.939696,-0.000153,0.000160,-9.810309,0.000261,0.000289,0.000031
56.946576,0.000176,-0.000207,-9.809693,0.000291,0.000313,0.000031
56.953612,-0.000002,-0.000039,-9.809997,0.000291,0.000313,0.000031
56.967514,-0.000152,0.000137,-9.810289,0.000262,0.000289,0.000031
56.974397,0.000176,-0.000200,-9.809700,0.000291,0.000313,0.000031
56.981327,-0.000001,-0.000039,-9.809997,0.000291,0.000313,0.000031
56.988318,0.000006,-0.000029,-9.809999,0.000291,0.000313,0.000031
57.002214,-0.000153,0.000151,-9.810301,0.000262,0.000289,0.000031
57.009091,0.000177,-0.000199,-9.809700,0.000291,0.000313,0.000031
57.016219,-0.000126,-0.000118,-9.809832,0.000297,0.000301,0.000030
57.023090,0.000144,0.000154,-9.810256,0.000283,0.000310,0.000032
57.030030,0.000002,-0.000126,-9.809917,0.000291,0.000313,0.000031
57.043919,0.000176,-0.000199,-9.809700,0.000291,0.000313,0.000031
57.050895,-0.000001,-0.000040,-9.809997,0.000292,0.000313,0.000031
57.057859,0.000006,-0.000028,-9.810000,0.000292,0.000313,0.000031
57.064779,-0.000153,0.000152,-9.810303,0.000262,0.000289,0.000031
57.071766,0.000174,-0.000197,-9.809704,0.000291,0.000313,0.000031
57.085653,0.000006,-0.000029,-9.810000,0.000292,0.000313,0.000031
57.092531,-0.000154,0.000153,-9.810304,0.000263,0.000289,0.000031
57.099578,0.000172,-0.000195,-9.809706,0.000291,0.000313,0.000031
57.106430,-0.000001,-0.000040,-9.809998,0.000292,0.000313,0.000031
57.120348,-0.000152,0.000150,-9.810300,0.000263,0.000289,0.000031
57.127243,0.000176,-0.000199,-9.809700,0.000291,0.000313,0.000031
57.134311,-0.000001,-0.000039,-9.809997,0.000292,0.000313,0.000031
57.141132,-0.000102,0.000145,-9.810370,0.000262,0.000295,0.000030
57.148341,-0.000006,-0.000263,-9.809490,0.000297,0.000301,0.000030
57.162022,0.000005,-0.000080,-9.809957,0.000292,0.000313,0.000031
57.168981,-0.000154,0.000150,-9.810300,0.000263,0.000289,0.000031
57.175919,0.000175,-0.000198,-9.809704,0.000292,0.000313,0.000031
57.182855,-0.000001,-0.000040,-9.809997,0.000292,0.000313,0.000030
57.196708,0.000176,-0.000198,-9.809703,0.000292,0.000313,0.000031
57.203712,-0.000001,-0.000037,-9.809999,0.000292,0.000312,0.000030
57.210593,0.000006,-0.000031,-9.809999,0.000292,0.000313,0.000030
57.217680,-0.000149,0.000148,-9.810295,0.000263,0.000289,0.000031
57.224493,0.000178,-0.000201,-9.809697,0.000292,0.000313,0.000031
57.238376,0.000006,-0.000029,-9.810000,0.000293,0.000312,0.000030
57.245312,-0.000153,0.000152,-9.810302,0.000263,0.000289,0.000031
57.252332,0.000176,-0.000170,-9.809727,0.000290,0.000312,0.000031
57.259262,-0.000003,-0.000065,-9.809976,0.000293,0.000313,0.000030
57.266220,-0.000154,0.000150,-9.810301,0.000263,0.000289,0.000031
57.280096,-0.000002,-0.000039,-9.809998,0.000293,0.000313,0.000030
57.287110,0.000006,-0.000029,-9.810000,0.000293,0.000312,0.000030
57.293944,-0.000155,0.000154,-9.810306,0.000263,0.000289,0.000031
57.301123,0.000170,-0.000192,-9.809711,0.000292,0.000313,0.000030
57.315106,-0.000134,-0.000305,-9.809669,0.000298,0.000301,0.000030
57.321948,0.000129,0.000096,-9.810211,0.000289,0.000311,0.000031
57.328831,-0.000154,0.000108,-9.810265,0.000263,0.000289,0.000031
57.335870,0.000171,-0.000197,-9.809706,0.000292,0.000313,0.000030
57.342757,-0.000002,-0.000040,-9.809998,0.000293,0.000312,0.000030
57.356616,-0.000157,0.000156,-9.810308,0.000264,0.000289,0.000031
57.363559,0.000175,-0.000198,-9.809703,0.000292,0.000313,0.000030
57.370533,-0.000001,-0.000039,-9.809998,0.000293,0.000312,0.000030
57.377472,-0.000153,0.000151,-9.810300,0.000264,0.000289,0.000031
57.391341,-0.000002,-0.000040,-9.809998,0.000293,0.000312,0.000030
57.398360,-0.000152,0.000149,-9.810298,0.000264,0.000289,0.000031
57.405376,0.000178,-0.000160,-9.809734,0.000289,0.000312,0.000031
57.412180,-0.000004,-0.000076,-9.809968,0.000293,0.000312,0.000030
57.426118,-0.000153,0.000151,-9.810301,0.000264,0.000289,0.000031
57.433130,0.000173,-0.000196,-9.809706,0.000293,0.000313,0.000030
57.439996,-0.000001,-0.000040,-9.809997,0.000293,0.000312,0.000030
57.447227,-0.000147,0.000144,-9.810290,0.000264,0.000289,0.000031
57.453923,0.000187,-0.000158,-9.809729,0.000289,0.000312,0.000031
57.467831,0.000004,-0.000030,-9.810001,0.000294,0.000312,0.000030
57.474732,-0.000154,0.000153,-9.810303,0.000264,0.000289,0.000031
57.481739,0.000174,-0.000196,-9.809705,0.000293,0.000313,0.000030
57.488632,-0.000002,-0.000040,-9.809997,0.000294,0.000312,0.000030
57.495598,-0.000153,0.000151,-9.810301,0.000264,0.000289,0.000031
57.509433,-0.000002,-0.000039,-9.809999,0.000294,0.000312,0.000030
57.516426,-0.000152,0.000150,-9.810299,0.000264,0.000289,0.000031
57.523347,0.000176,-0.000198,-9.809701,0.000293,0.000313,0.000030
57.530268,-0.000002,-0.000040,-9.809997,0.000294,0.000312,0.000030
57.544193,0.000175,-0.000198,-9.809702,0.000293,0.000313,0.000030
57.551293,-0.000001,-0.000040,-9.809997,0.000294,0.000312,0.000030
57.558100,-0.000156,0.000155,-9.810308,0.000265,0.000289,0.000031
57.565051,0.000175,-0.000197,-9.809702,0.000293,0.000313,0.000030
57.578906,-0.000153,0.000151,-9.810301,0.000265,0.000289,0.000031
57.585980,0.000172,-0.000194,-9.809708,0.000293,0.000313,0.000030
57.592787,-0.000002,-0.000040,-9.809997,0.000294,0.000312,0.000030
57.599795,-0.000152,0.000150,-9.810300,0.000265,0.000289,0.000031
57.613698,-0.000001,-0.000040,-9.809998,0.000294,0.000312,0.000030
57.620631,-0.000154,0.000152,-9.810302,0.000265,0.000289,0.000031
57.627525,0.000176,-0.000199,-9.809700,0.000294,0.000313,0.000030
57.634546,-0.000001,-0.000039,-9.809997,0.000294,0.000312,0.000030
57.641440,-0.000154,0.000153,-9.810304,0.000265,0.000289,0.000031
57.655312,-0.000001,-0.000039,-9.809998,0.000294,0.000312,0.000030
57.662221,-0.000154,0.000152,-9.810302,0.000265,0.000289,0.000031
57.669205,0.000175,-0.000190,-9.809710,0.000293,0.000312,0.000030
57.676167,-0.000002,-0.000047,-9.809992,0.000295,0.000312,0.000030
57.683106,-0.000154,0.000151,-9.810302,0.000265,0.000289,0.000031
57.696938,-0.000001,-0.000040,-9.809997,0.000295,0.000312,0.000030
57.703967,-0.000152,0.000149,-9.810296,0.000265,0.000289,0.000031
57.710841,0.000177,-0.000200,-9.809700,0.000294,0.000312,0.000030
57.717811,-0.000002,-0.000039,-9.809997,0.000295,0.000312,0.000030
57.724742,-0.000154,0.000151,-9.810302,0.000265,0.000289,0.000031
57.738622,-0.000166,0.000146,-9.810307,0.000265,0.000289,0.000031
57.745550,0.000175,-0.000198,-9.809702,0.000294,0.000312,0.000030
57.752585,-0.000001,-0.000040,-9.809998,0.000295,0.000312,0.000030
57.759501,-0.000154,0.000152,-9.810302,0.000266,0.000288,0.000031
57.773338,-0.000002,-0.000044,-9.809992,0.000295,0.000312,0.000030
57.780349,-0.000152,0.000149,-9.810298,0.000266,0.000289,0.000030
57.787293,0.000175,-0.000198,-9.809703,0.000294,0.000312,0.000030
57.794188,-0.000001,-0.000040,-9.809998,0.000295,0.000312,0.000030
57.808098,0.000177,-0.000200,-9.809699,0.000294,0.000312,0.000030
57.815027,-0.000161,0.000141,-9.810299,0.000266,0.000289,0.000030
57.822009,0.000175,-0.000187,-9.809712,0.000294,0.000312,0.000030
57.828893,-0.000002,-0.000049,-9.809989,0.000295,0.000312,0.000030
57.835874,-0.000153,0.000150,-9.810300,0.000266,0.000288,0.000030
57.849832,-0.000001,-0.000042,-9.809995,0.000295,0.000312,0.000030
57.856781,-0.000153,0.000152,-9.810302,0.000266,0.000288,0.000030
57.863667,0.000176,-0.000200,-9.809699,0.000295,0.000312,0.000030
57.870747,-0.000157,0.000137,-9.810293,0.000266,0.000288,0.000030
57.884601,-0.000004,-0.000072,-9.809969,0.000295,0.000312,0.000030
57.891443,-0.000157,0.000153,-9.810308,0.000266,0.000288,0.000030
57.898383,0.000175,-0.000198,-9.809701,0.000295,0.000312,0.000030
57.905384,-0.000001,-0.000040,-9.809998,0.000296,0.000312,0.000030
57.919258,0.000176,-0.000199,-9.809701,0.000295,0.000312,0.000030
57.926145,-0.000162,0.000142,-9.810300,0.000266,0.000288,0.000030
57.933215,0.000172,-0.000195,-9.809709,0.000295,0.000312,0.000030
57.940084,-0.000002,-0.000040,-9.809997,0.000296,0.000312,0.000030
57.947060,-0.000153,0.000151,-9.810299,0.000266,0.000288,0.000030
57.960933,-0.000001,-0.000040,-9.809997,0.000296,0.000312,0.000030
57.967868,-0.000153,0.000151,-9.810303,0.000267,0.000288,0.000030
57.974800,0.000175,-0.000198,-9.809702,0.000295,0.000312,0.000030
57.981795,-0.000160,0.000139,-9.810295,0.000267,0.000288,0.000030
57.995644,-0.000003,-0.000064,-9.809977,0.000296,0.000312,0.000030
58.002622,-0.000154,0.000150,-9.810300,0.000267,0.000288,0.000030
58.009536,0.000176,-0.000198,-9.809701,0.000295,0.000312,0.000030
58.016666,-0.000157,0.000136,-9.810290,0.000267,0.000288,0.000030
58.030308,0.000096,-0.000022,-9.810268,0.000293,0.000329,0.000030
58.037335,-0.000247,0.000128,-9.810029,0.000267,0.000288,0.000030
58.044231,0.000175,-0.000196,-9.809702,0.000296,0.000312,0.000030
58.051303,-0.000158,0.000138,-9.810292,0.000267,0.000288,0.000030
58.058140,0.000177,-0.000200,-9.809698,0.000296,0.000312,0.000030
58.072189,0.000171,-0.000194,-9.809709,0.000296,0.000312,0.000030
58.078963,-0.000165,0.000145,-9.810306,0.000267,0.000288,0.000030
58.085974,0.000300,-0.000116,-9.809874,0.000290,0.000324,0.000030
58.092886,-0.000127,-0.000123,-9.809825,0.000296,0.000312,0.000029
58.106752,0.000177,-0.000200,-9.809699,0.000296,0.000312,0.000030
58.113663,-0.000162,0.000141,-9.810299,0.000267,0.000288,0.000030
58.120720,0.000172,-0.000195,-9.809707,0.000296,0.000312,0.000030
58.127603,-0.000001,-0.000040,-9.809997,0.000297,0.000312,0.000030
58.141451,0.000177,-0.000196,-9.809702,0.000296,0.000312,0.000030
58.148429,-0.000160,0.000137,-9.810293,0.000267,0.000288,0.000030
58.155443,0.000172,-0.000196,-9.809706,0.000296,0.000312,0.000030
58.162279,-0.000164,0.000143,-9.810302,0.000267,0.000288,0.000030
58.169481,0.000169,-0.000192,-9.809713,0.000296,0.000312,0.000030
58.183151,-0.000152,0.000150,-9.810300,0.000267,0.000288,0.000030
58.190157,0.000174,-0.000196,-9.809705,0.000296,0.000312,0.000030
58.197041,-0.000163,0.000142,-9.810301,0.000268,0.000288,0.000030
58.204016,0.000174,-0.000197,-9.809705,0.000296,0.000312,0.000030
58.210998,-0.000160,0.000140,-9.810295,0.000268,0.000288,0.000030
58.224858,-0.000002,-0.000040,-9.809997,0.000297,0.000312,0.000029
58.231758,-0.000154,0.000152,-9.810304,0.000268,0.000288,0.000030
58.238753,0.000300,-0.000116,-9.809873,0.000291,0.000324,0.000030
58.245678,-0.000286,0.000057,-9.810126,0.000268,0.000288,0.000030
58.259540,-0.000163,0.000143,-9.810301,0.000268,0.000288,0.000030
58.266531,0.000174,-0.000196,-9.809705,0.000296,0.000312,0.000029
58.273460,-0.000161,0.000141,-9.810298,0.000268,0.000288,0.000030
58.280371,0.000175,-0.000199,-9.809702,0.000297,0.000312,0.000029
58.287378,-0.000001,-0.000039,-9.809997,0.000297,0.000312,0.000029
58.301281,0.000172,-0.000195,-9.809707,0.000297,0.000312,0.000029
58.308138,-0.000163,0.000143,-9.810301,0.000268,0.000288,0.000030
58.315330,0.000169,-0.000192,-9.809714,0.000297,0.000312,0.000029
58.322034,-0.000167,0.000147,-9.810308,0.000268,0.000288,0.000030
58.335978,-0.000159,0.000138,-9.810294,0.000268,0.000288,0.000030
58.342914,0.000175,-0.000198,-9.809704,0.000297,0.000312,0.000029
58.349837,-0.000002,-0.000040,-9.809996,0.000298,0.000312,0.000029
58.356779,-0.000153,0.000151,-9.810303,0.000268,0.000288,0.000030
58.370682,-0.000283,0.000057,-9.810125,0.000268,0.000288,0.000030
58.377829,0.000167,-0.000191,-9.809713,0.000297,0.000312,0.000029
58.384748,-0.000115,0.000468,-9.810562,0.000241,0.000282,0.000033
58.391684,0.000143,-0.000516,-9.809438,0.000296,0.000313,0.000029
58.398639,-0.000015,-0.000048,-9.809998,0.000298,0.000312,0.000029
58.412567,-0.000155,0.000153,-9.810305,0.000269,0.000288,0.000030
58.419523,0.000175,-0.000197,-9.809702,0.000297,0.000312,0.000029
58.426381,-0.000163,0.000143,-9.810303,0.000269,0.000288,0.000030
58.433370,0.000173,-0.000197,-9.809704,0.000297,0.000312,0.000029
58.440451,-0.000158,0.000137,-9.810292,0.000269,0.000288,0.000030
58.454235,-0.000160,0.000140,-9.810297,0.000269,0.000288,0.000030
58.461117,0.000176,-0.000199,-9.809700,0.000297,0.000312,0.000029
58.468145,-0.000159,0.000139,-9.810293,0.000269,0.000288,0.000030
58.475071,0.000176,-0.000191,-9.809710,0.000297,0.000312,0.000029
58.482000,-0.000162,0.000133,-9.810291,0.000269,0.000288,0.000030
58.495872,-0.000164,0.000133,-9.810294,0.000269,0.000288,0.000030
58.502865,0.000270,-0.000179,-9.809972,0.000295,0.000329,0.000029
58.509764,-0.000258,0.000131,-9.810035,0.000268,0.000288,0.000030
58.516881,0.000169,-0.000201,-9.809704,0.000298,0.000312,0.000029
58.530587,0.000274,-0.000181,-9.809974,0.000295,0.000329,0.000029
58.537597,-0.000255,0.000118,-9.810025,0.000269,0.000288,0.000030
58.544504,0.000175,-0.000196,-9.809703,0.000298,0.000312,0.000029
58.551479,-0.000160,0.000140,-9.810297,0.000269,0.000288,0.000030
58.565297,-0.000261,0.000121,-9.810026,0.000269,0.000288,0.000030
58.572392,0.000014,-0.000015,-9.810006,0.000269,0.000288,0.000030
58.579262,0.000169,-0.000210,-9.809695,0.000298,0.000312,0.000029
58.586238,-0.000064,0.000157,-9.810566,0.000267,0.000305,0.000030
58.593109,0.000078,-0.000221,-9.809424,0.000298,0.000312,0.000029
58.606995,0.000177,-0.000199,-9.809699,0.000298,0.000312,0.000029
58.613983,-0.000033,0.000219,-9.810465,0.000264,0.000300,0.000030
58.620956,0.000050,-0.000279,-9.809532,0.000298,0.000312,0.000029
58.627815,-0.000166,0.000144,-9.810304,0.000269,0.000288,0.000030
58.641759,-0.000161,0.000140,-9.810299,0.000270,0.000288,0.000030
58.648652,0.000176,-0.000199,-9.809699,0.000298,0.000312,0.000029
58.655614,-0.000161,0.000140,-9.810298,0.000270,0.000288,0.000030
58.662573,0.000174,-0.000198,-9.809702,0.000298,0.000312,0.000029
58.669586,-0.000159,0.000139,-9.810296,0.000270,0.000288,0.000030
58.683482,-0.000063,0.000156,-9.810561,0.000267,0.000305,0.000030
58.690332,-0.000083,-0.000039,-9.809727,0.000269,0.000288,0.000030
58.697314,0.000165,-0.000205,-9.809703,0.000298,0.000312,0.000029
58.704307,-0.000160,0.000140,-9.810296,0.000270,0.000288,0.000030
58.711142,0.000276,-0.000183,-9.809971,0.000296,0.000329,0.000029
58.725051,0.000175,-0.000197,-9.809701,0.000299,0.000312,0.000029
58.732033,-0.000160,0.000140,-9.810297,0.000270,0.000288,0.000030
58.738976,0.000166,-0.000009,-9.810335,0.000265,0.000311,0.000029
58.745890,-0.000090,-0.000052,-9.809726,0.000268,0.000295,0.000029
58.759772,-0.000162,0.000144,-9.810302,0.000270,0.000288,0.000030
58.766806,0.000172,-0.000195,-9.809707,0.000299,0.000312,0.000029
58.773688,-0.000162,0.000149,-9.810307,0.000270,0.000288,0.000030
58.780628,0.000174,-0.000205,-9.809696,0.000299,0.000312,0.000029
58.794529,0.000272,-0.000180,-9.809973,0.000296,0.000329,0.000029
58.801687,-0.000250,0.000115,-9.810025,0.000270,0.000288,0.000029
58.808441,0.000015,-0.000015,-9.810005,0.000270,0.000288,0.000030
58.815326,0.000266,-0.000192,-9.809969,0.000296,0.000329,0.000029
58.822361,-0.000255,0.000118,-9.810025,0.000270,0.000288,0.000029
58.836212,-0.000090,-0.000052,-9.809727,0.000269,0.000295,0.000029
58.843140,0.000113,-0.000197,-9.809638,0.000299,0.000312,0.000029
58.850119,-0.000160,0.000142,-9.810297,0.000270,0.000288,0.000029
58.857026,0.000175,-0.000199,-9.809702,0.000299,0.000312,0.000029
58.863928,-0.000162,0.000141,-9.810300,0.000271,0.000288,0.000029
58.877844,-0.000163,0.000142,-9.810301,0.000271,0.000288,0.000029
58.884856,0.000164,-0.000009,-9.810333,0.000266,0.000311,0.000029
58.891715,-0.000091,-0.000052,-9.809724,0.000269,0.000295,0.000029
58.898643,0.000006,-0.000026,-9.810002,0.000269,0.000294,0.000029
58.905709,0.000111,-0.000196,-9.809643,0.000300,0.000312,0.000029
58.919562,0.000174,-0.000198,-9.809703,0.000299,0.000312,0.000029
58.926449,-0.000162,0.000142,-9.810301,0.000271,0.000288,0.000029
58.933521,0.000172,-0.000194,-9.809707,0.000299,0.000312,0.000029
58.940393,-0.000065,0.000160,-9.810575,0.000268,0.000305,0.000029
58.947290,-0.000082,-0.000039,-9.809731,0.000270,0.000288,0.000029
58.961202,-0.000259,0.000120,-9.810026,0.000271,0.000288,0.000029
58.968193,0.000067,-0.000025,-9.810066,0.000269,0.000294,0.000029
58.975032,0.000007,-0.000030,-9.809999,0.000269,0.000294,0.000029
58.982009,0.000112,-0.000198,-9.809640,0.000300,0.000312,0.000029
58.995891,0.000181,-0.000204,-9.809690,0.000300,0.000312,0.000029
59.002873,-0.000063,0.000157,-9.810567,0.000268,0.000305,0.000029
59.009791,-0.000082,-0.000039,-9.809731,0.000271,0.000288,0.000029
59.016764,0.000166,-0.000205,-9.809702,0.000300,0.000312,0.000029
59.023782,-0.000159,0.000139,-9.810296,0.000271,0.000288,0.000029
59.037683,-0.000428,-0.007889,-9.809871,0.000510,0.000425,-0.000072
59.044499,-0.000097,0.005343,-9.809438,0.000322,0.000295,0.000029
59.051721,0.000371,0.000430,-9.810672,0.000268,0.000310,0.000029
59.058374,-0.000129,-0.000036,-9.809647,0.000271,0.000288,0.000029
59.072330,-0.000161,0.000140,-9.810296,0.000272,0.000288,0.000029
59.079236,0.000304,-0.000117,-9.809873,0.000294,0.000324,0.000029
59.086277,-0.000280,0.000066,-9.810131,0.000271,0.000288,0.000029
59.093164,0.000065,-0.000035,-9.810061,0.000270,0.000294,0.000029
59.100153,0.000112,-0.000200,-9.809638,0.000300,0.000312,0.000029
59.114030,0.000173,-0.000196,-9.809706,0.000300,0.000311,0.000029
59.120969,-0.000161,0.000141,-9.810299,0.000272,0.000288,0.000029
59.127885,0.000015,-0.000018,-9.810003,0.000271,0.000288,0.000029
59.134863,0.000310,0.002043,-9.809690,0.000178,0.000217,0.000063
59.141723,-0.000460,-0.007960,-9.810508,0.000511,0.000425,-0.000072
59.155716,0.000259,0.000365,-9.810524,0.000271,0.000294,0.000029
59.162610,-0.000030,-0.000016,-9.809934,0.000271,0.000288,0.000029
59.169712,0.000163,-0.000203,-9.809707,0.000301,0.000311,0.000029
59.176432,-0.000167,0.000146,-9.810308,0.000272,0.000288,0.000029
59.183514,0.000267,-0.000177,-9.809973,0.000298,0.000328,0.000029
59.197286,0.000111,-0.000013,-9.810266,0.000269,0.000305,0.000029
59.204297,0.000016,-0.000219,-9.809370,0.000302,0.000305,0.000029
59.211207,0.000020,0.000218,-9.810536,0.000266,0.000300,0.000030
59.218213,0.000088,0.002130,-9.809882,0.000148,0.000200,0.000063
59.232000,0.000008,0.005433,-9.809455,0.000319,0.000290,0.000029
59.239018,0.000262,0.000360,-9.810518,0.000271,0.000294,0.000029
59.245914,0.000131,-0.000197,-9.809630,0.000301,0.000311,0.000028
59.252936,-0.000159,0.000140,-9.810295,0.000272,0.000288,0.000029
59.266805,-0.000142,-0.000042,-9.809669,0.000272,0.000288,0.000029
59.273750,0.000166,-0.000204,-9.809701,0.000301,0.000311,0.000028
59.280658,-0.000162,0.000141,-9.810301,0.000273,0.000287,0.000029
59.287746,0.000163,-0.000009,-9.810328,0.000268,0.000311,0.000028
59.301538,0.000006,-0.000026,-9.810001,0.000271,0.000294,0.000028
59.308440,0.000114,-0.000201,-9.809635,0.000301,0.000311,0.000028
59.315386,-0.000016,0.002404,-9.810287,0.000151,0.000193,0.000063
59.322483,-0.000270,-0.007835,-9.810211,0.000510,0.000425,-0.000072
59.329259,-0.000097,0.005355,-9.809423,0.000323,0.000295,0.000028
59.343146,0.000063,-0.000288,-9.809518,0.000301,0.000312,0.000028
59.350180,-0.000162,0.000140,-9.810296,0.000273,0.000287,0.000029
59.357129,0.000024,0.000048,-9.810057,0.000267,0.000286,0.000030
59.364102,0.000160,-0.000271,-9.809647,0.000301,0.000312,0.000028
59.371090,-0.000163,0.000138,-9.810297,0.000273,0.000287,0.000029
59.385185,-0.000061,0.000150,-9.810542,0.000270,0.000304,0.000029
59.391869,0.000172,0.002368,-9.810028,0.000144,0.000210,0.000064
59.398757,-0.000390,-0.008153,-9.809896,0.000511,0.000425,-0.000072
59.405807,-0.000095,0.005162,-9.809457,0.000323,0.000295,0.000028
59.412728,0.000387,0.000452,-9.810702,0.000269,0.000310,0.000029
59.426578,0.000158,-0.000015,-9.810337,0.000268,0.000311,0.000028
59.433473,-0.000091,-0.000052,-9.809726,0.000272,0.000294,0.000028
59.440523,0.000006,-0.000026,-9.810001,0.000271,0.000294,0.000028
59.447432,0.000114,-0.000199,-9.809636,0.000302,0.000311,0.000028
59.461311,0.000016,-0.000017,-9.810002,0.000273,0.000288,0.000029
59.468286,0.000310,0.002043,-9.809690,0.000180,0.000217,0.000063
59.475240,-0.000453,-0.007852,-9.810502,0.000512,0.000425,-0.000072
59.482103,-0.000057,0.005376,-9.809341,0.000321,0.000290,0.000028
59.489089,0.000206,0.000375,-9.810463,0.000273,0.000287,0.000029
59.503062,0.000111,-0.000199,-9.809642,0.000302,0.000311,0.000028
59.509887,-0.000034,0.000228,-9.810477,0.000268,0.000299,0.000029
59.516906,-0.000108,-0.000100,-9.809832,0.000273,0.000288,0.000029
59.523803,0.000165,-0.000208,-9.809700,0.000302,0.000311,0.000028
59.530750,-0.000016,0.002401,-9.810286,0.000152,0.000193,0.000063
59.544627,-0.000095,0.005281,-9.809441,0.000324,0.000295,0.000028
59.551665,0.000328,0.000451,-9.810629,0.000271,0.000304,0.000029
59.558497,0.000028,-0.000025,-9.809994,0.000270,0.000305,0.000029
59.565439,0.000060,-0.000039,-9.810061,0.000269,0.000311,0.000028
59.579379,0.000168,-0.000205,-9.809699,0.000302,0.000311,0.000028
59.586367,-0.000063,0.000158,-9.810565,0.000271,0.000304,0.000029
59.593258,-0.000083,-0.000039,-9.809730,0.000273,0.000288,0.000029
59.600200,0.000158,-0.000017,-9.810334,0.000269,0.000311,0.000028
59.614089,0.000314,0.002078,-9.809688,0.000181,0.000217,0.000062
59.621103,-0.000449,-0.007785,-9.810497,0.000513,0.000425,-0.000072
59.627961,-0.000056,0.005381,-9.809340,0.000321,0.000290,0.000028
59.634966,0.000206,0.000374,-9.810462,0.000274,0.000287,0.000029
59.641829,0.000025,-0.000023,-9.809997,0.000273,0.000287,0.000029
59.655836,-0.000286,0.000058,-9.810126,0.000274,0.000287,0.000029
59.662706,0.000012,-0.000013,-9.810008,0.000273,0.000287,0.000029
59.669703,0.000166,-0.000210,-9.809698,0.000303,0.000311,0.000028
59.676566,-0.000164,0.000142,-9.810303,0.000274,0.000287,0.000029
59.683540,0.000256,0.002252,-9.810261,0.000149,0.000210,0.000063
59.697458,-0.000065,0.005326,-9.809345,0.000322,0.000290,0.000028
59.704394,0.000208,0.000378,-9.810467,0.000274,0.000287,0.000029
59.711304,0.000078,-0.000032,-9.810060,0.000273,0.000294,0.000028
59.718283,0.000112,-0.000201,-9.809637,0.000303,0.000311,0.000028
59.732143,0.000113,0.000000,-9.810274,0.000271,0.000304,0.000029
59.739154,0.000061,-0.000041,-9.810061,0.000270,0.000311,0.000028
59.746029,-0.000146,-0.000039,-9.809664,0.000274,0.000287,0.000029
59.753097,0.000164,-0.000201,-9.809708,0.000303,0.000311,0.000028
59.759932,-0.000013,0.002463,-9.810315,0.000151,0.000193,0.000063
59.773883,-0.000062,0.005278,-9.809364,0.000320,0.000289,0.000028
59.780759,0.000208,0.000364,-9.810456,0.000275,0.000287,0.000029
59.787809,0.000306,-0.000121,-9.809867,0.000298,0.000323,0.000028
59.794710,-0.000287,0.000058,-9.810127,0.000275,0.000287,0.000028
59.808579,0.000007,-0.000029,-9.810000,0.000274,0.000287,0.000029
59.815528,0.000166,-0.000209,-9.809699,0.000303,0.000311,0.000028
59.822474,-0.000064,0.000158,-9.810568,0.000272,0.000304,0.000029
59.829375,0.000161,0.002255,-9.809991,0.000150,0.000210,0.000063
59.836398,-0.000378,-0.007960,-9.809934,0.000513,0.000425,-0.000072
59.850271,0.000206,0.000375,-9.810465,0.000275,0.000287,0.000029
59.857228,0.000084,0.000017,-9.810098,0.000269,0.000293,0.000028
59.864214,0.000110,-0.000224,-9.809619,0.000302,0.000311,0.000028
59.871149,-0.000165,0.000117,-9.810280,0.000275,0.000287,0.000028
59.884998,0.000043,-0.000293,-9.809525,0.000304,0.000311,0.000028
59.891965,-0.000164,0.000142,-9.810299,0.000275,0.000287,0.000028
59.898843,0.000161,0.002265,-9.809992,0.000153,0.000193,0.000063
59.905912,-0.000280,-0.007890,-9.810201,0.000513,0.000425,-0.000072
59.912794,-0.000065,0.005350,-9.809340,0.000323,0.000289,0.000028
59.926667,0.000079,-0.000024,-9.810065,0.000273,0.000294,0.000028
59.933774,0.000006,-0.000038,-9.809993,0.000274,0.000294,0.000028
59.940609,0.000006,-0.000029,-9.809999,0.000274,0.000294,0.000028
59.947487,0.000114,-0.000201,-9.809633,0.000304,0.000311,0.000028
59.954632,-0.000062,0.000155,-9.810553,0.000273,0.000304,0.000028
59.968333,0.000104,-0.000008,-9.810271,0.000272,0.000304,0.000028
59.975356,-0.000089,-0.000049,-9.809732,0.000275,0.000287,0.000028
59.982247,0.000411,0.002090,-9.809959,0.000180,0.000234,0.000062
59.989230,-0.000548,-0.007841,-9.810228,0.000515,0.000424,-0.000073
60.003120,0.000320,0.000214,-9.810105,0.000275,0.000287,0.000029
60.010026,0.000177,-0.000213,-9.809691,0.000304,0.000311,0.000028
60.016952,-0.000162,0.000141,-9.810300,0.000276,0.000287,0.000028
60.023982,0.000141,0.000062,-9.810170,0.000269,0.000299,0.000029
60.030812,-0.000119,-0.000113,-9.809826,0.000275,0.000287,0.000028
60.044747,-0.000162,0.000141,-9.810301,0.000276,0.000287,0.000028
60.051793,0.000253,0.002228,-9.810258,0.000151,0.000210,0.000063
60.058624,-0.000389,-0.008187,-9.809932,0.000514,0.000425,-0.000073
60.065599,-0.000064,0.005281,-9.809350,0.000323,0.000289,0.000028
60.072581,0.000206,0.000375,-9.810464,0.000276,0.000287,0.000028
60.086445,0.000060,-0.000041,-9.810060,0.000272,0.000311,0.000028
60.093328,-0.000146,-0.000039,-9.809664,0.000276,0.000287,0.000028
60.100240,0.000061,-0.000033,-9.810066,0.000274,0.000294,0.000028
60.107312,-0.000046,-0.000021,-9.809937,0.000276,0.000287,0.000028
60.114196,0.000266,-0.000190,-9.809971,0.000302,0.000328,0.000028
60.128067,0.000257,0.002270,-9.810264,0.000151,0.000210,0.000063
60.135157,-0.000374,-0.007888,-9.809933,0.000515,0.000425,-0.000073
60.141981,-0.000066,0.005398,-9.809336,0.000324,0.000289,0.000028
60.148875,0.000209,0.000381,-9.810471,0.000276,0.000287,0.000028
60.162784,-0.000119,-0.000113,-9.809826,0.000276,0.000287,0.000028
60.169798,0.000161,-0.000205,-9.809704,0.000305,0.000311,0.000028
60.176701,-0.000162,0.000141,-9.810301,0.000277,0.000287,0.000028
60.183619,0.000015,-0.000018,-9.810002,0.000276,0.000287,0.000028
60.190596,0.000104,-0.000010,-9.810270,0.000273,0.000304,0.000028
60.204548,-0.000433,-0.007967,-9.809872,0.000515,0.000425,-0.000073
60.211399,-0.000065,0.005380,-9.809340,0.000324,0.000289,0.000028
60.218471,0.000204,0.000370,-9.810458,0.000277,0.000286,0.000028
60.225317,0.000025,-0.000022,-9.809997,0.000276,0.000287,0.000028
60.232237,0.000158,-0.000020,-9.810333,0.000272,0.000310,0.000028
60.246158,0.000155,-0.000058,-9.810305,0.000272,0.000310,0.000028
60.253200,-0.000143,-0.000043,-9.809669,0.000276,0.000287,0.000028
60.260063,0.000061,-0.000033,-9.810066,0.000275,0.000294,0.000027
60.267022,-0.000047,-0.000021,-9.809937,0.000276,0.000287,0.000028
60.280932,-0.000547,-0.007835,-9.810229,0.000516,0.000424,-0.000073
60.287853,-0.000217,0.005514,-9.809650,0.000295,0.000266,0.000028
60.294776,0.000377,0.000209,-9.810168,0.000276,0.000287,0.000028
60.301786,0.000301,-0.000132,-9.809863,0.000300,0.000323,0.000028
60.315579,0.000012,-0.000015,-9.810006,0.000276,0.000287,0.000028
60.322586,0.000007,-0.000028,-9.809999,0.000276,0.000287,0.000028
60.329490,0.000167,-0.000209,-9.809699,0.000306,0.000311,0.000027
60.336468,-0.000064,0.000157,-9.810565,0.000274,0.000304,0.000028
60.350329,-0.000383,-0.008049,-9.809934,0.000516,0.000425,-0.000073
60.357294,-0.000170,0.005459,-9.809711,0.000294,0.000272,0.000028
60.364197,0.000323,0.000217,-9.810106,0.000277,0.000287,0.000028
60.371247,0.000165,-0.000023,-9.810322,0.000273,0.000310,0.000027
60.385124,0.000007,-0.000024,-9.810003,0.000277,0.000287,0.000028
60.391987,0.000160,-0.000020,-9.810337,0.000273,0.000310,0.000027
60.398888,-0.000145,-0.000042,-9.809663,0.000277,0.000287,0.000028
60.405967,0.000155,-0.000015,-9.810329,0.000273,0.000310,0.000027
60.412835,-0.000146,-0.000043,-9.809661,0.000277,0.000287,0.000028
60.419806,0.000301,0.002237,-9.810323,0.000151,0.000216,0.000062
60.433754,-0.000064,0.005264,-9.809353,0.000325,0.000289,0.000028
60.440752,0.000229,0.000549,-9.810605,0.000263,0.000283,0.000030
60.447721,0.000009,-0.000194,-9.809854,0.000277,0.000287,0.000028
60.454696,0.000158,-0.000212,-9.809700,0.000306,0.000311,0.000027
60.468527,-0.000116,-0.000105,-9.809822,0.000277,0.000287,0.000028
60.475529,0.000004,-0.000027,-9.810001,0.000277,0.000287,0.000028
60.482357,0.000061,-0.000038,-9.810064,0.000276,0.000293,0.000027
60.489543,0.000100,-0.000013,-9.810260,0.000273,0.000310,0.000027
60.496342,0.000014,0.002356,-9.809737,0.000148,0.000192,0.000063
60.510213,-0.000069,0.005387,-9.809336,0.000325,0.000289,0.000027
60.517180,0.000207,0.000376,-9.810465,0.000278,0.000286,0.000028
60.524166,0.000177,0.000014,-9.810349,0.000271,0.000310,0.000028
60.531089,-0.000146,-0.000070,-9.809642,0.000278,0.000287,0.000028
60.545009,0.000159,-0.000020,-9.810334,0.000273,0.000310,0.000027
60.552097,-0.000141,-0.000042,-9.809671,0.000278,0.000287,0.000028
60.558922,0.000160,-0.000015,-9.810342,0.000274,0.000310,0.000027
60.565813,-0.000145,-0.000042,-9.809661,0.000278,0.000287,0.000028
60.572824,0.000246,0.002234,-9.810260,0.000153,0.000210,0.000062
60.586608,-0.000065,0.005350,-9.809342,0.000326,0.000289,0.000027
60.593676,0.000204,0.000370,-9.810458,0.000278,0.000286,0.000028
60.600503,0.000154,0.000060,-9.810169,0.000272,0.000299,0.000028
60.607554,-0.000115,-0.000111,-9.809831,0.000278,0.000287,0.000028
60.621435,-0.000160,0.000139,-9.810295,0.000279,0.000287,0.000028
60.628357,0.000143,0.000063,-9.810173,0.000272,0.000299,0.000028
60.635311,0.000028,0.002147,-9.809817,0.000156,0.000193,0.000062
60.642204,-0.000291,-0.008090,-9.810208,0.000517,0.000424,-0.000073
60.649140,-0.000094,0.005246,-9.809445,0.000329,0.000294,0.000027
60.662998,-0.000099,-0.000106,-9.809821,0.000278,0.000287,0.000028
60.670054,0.000004,-0.000027,-9.810002,0.000278,0.000287,0.000028
60.676895,0.000106,-0.000010,-9.810274,0.000275,0.000304,0.000028
60.683895,0.000007,-0.000032,-9.809999,0.000275,0.000304,0.000028
60.697758,-0.000091,-0.000047,-9.809727,0.000278,0.000287,0.000028
60.704799,0.000132,0.000054,-9.810170,0.000272,0.000299,0.000028
60.711624,-0.000120,-0.000113,-9.809826,0.000278,0.000287,0.000028
60.718643,0.000199,0.002201,-9.810053,0.000155,0.000199,0.000061
60.732435,-0.000066,0.005463,-9.809325,0.000326,0.000289,0.000027
60.739489,0.000205,0.000371,-9.810459,0.000279,0.000286,0.000028
60.746375,0.000025,-0.000023,-9.809997,0.000278,0.000287,0.000028
60.753371,0.000134,0.000051,-9.810169,0.000273,0.000299,0.000028
60.767192,-0.000165,0.000142,-9.810301,0.000279,0.000286,0.000028
60.774173,0.000015,-0.000018,-9.810003,0.000278,0.000287,0.000028
60.781085,0.000105,-0.000010,-9.810272,0.000276,0.000304,0.000028
60.788083,0.000151,0.002213,-9.809987,0.000154,0.000210,0.000062
60.794965,-0.000387,-0.008123,-9.809934,0.000518,0.000424,-0.000073
60.808900,0.000322,0.000216,-9.810105,0.000279,0.000286,0.000028
60.815804,0.000168,-0.000023,-9.810329,0.000275,0.000310,0.000027
60.822834,-0.000046,-0.000025,-9.809936,0.000276,0.000304,0.000028
60.829709,-0.000091,-0.000045,-9.809729,0.000279,0.000287,0.000027
60.843575,0.000007,-0.000031,-9.809998,0.000276,0.000304,0.000028
60.850529,0.000007,-0.000029,-9.810000,0.000276,0.000304,0.000028
60.857552,-0.000089,-0.000046,-9.809733,0.000279,0.000287,0.000027
60.864430,0.000281,0.002339,-9.810162,0.000151,0.000205,0.000062
60.871442,-0.000406,-0.008038,-9.810032,0.000518,0.000424,-0.000073
60.885297,0.000361,0.000518,-9.810534,0.000274,0.000298,0.000028
60.892205,-0.000097,-0.000095,-9.809832,0.000278,0.000287,0.000028
60.899133,0.000003,-0.000037,-9.809995,0.000279,0.000287,0.000027
60.906121,0.000006,-0.000028,-9.809999,0.000279,0.000287,0.000027
60.920052,-0.000117,-0.000110,-9.809829,0.000279,0.000287,0.000027
60.927001,0.000005,-0.000020,-9.810008,0.000279,0.000287,0.000028
60.933903,0.000304,0.002249,-9.810318,0.000153,0.000216,0.000061
60.940891,-0.000434,-0.007997,-9.809870,0.000518,0.000424,-0.000073
60.947871,-0.000064,0.005279,-9.809351,0.000327,0.000289,0.000027
60.961674,0.000123,-0.000005,-9.810270,0.000277,0.000304,0.000027
60.968655,0.000007,-0.000032,-9.809997,0.000277,0.000304,0.000027
60.975593,0.000007,-0.000029,-9.810001,0.000277,0.000304,0.000027
60.982596,0.000006,-0.000029,-9.809999,0.000277,0.000304,0.000027
60.996406,-0.000096,-0.000105,-9.809680,0.000279,0.000287,0.000027
61.003423,0.000130,0.000053,-9.810171,0.000274,0.000299,0.000028
61.010338,0.000027,0.002159,-9.809814,0.000158,0.000193,0.000062
61.017279,-0.000289,-0.008035,-9.810207,0.000519,0.000424,-0.000073
61.024413,-0.000165,0.005327,-9.809716,0.000297,0.000271,0.000027
61.038151,0.000017,-0.000032,-9.809995,0.000280,0.000287,0.000027
61.045082,0.000135,0.000052,-9.810169,0.000274,0.000299,0.000028
61.052034,-0.000118,-0.000111,-9.809830,0.000280,0.000287,0.000027
61.058952,0.000111,-0.000191,-9.809644,0.000310,0.000304,0.000027
61.065876,0.000034,0.000324,-9.811324,0.000243,0.000309,0.000027
61.079766,-0.000301,-0.008207,-9.810210,0.000519,0.000424,-0.000074
61.086801,-0.000063,0.005234,-9.809355,0.000328,0.000289,0.000027
61.093659,0.000210,0.000382,-9.810472,0.000281,0.000286,0.000027
61.100602,0.000122,-0.000005,-9.810267,0.000277,0.000303,0.000027
61.114488,0.000007,-0.000029,-9.810000,0.000277,0.000304,0.000027
61.121641,-0.000088,-0.000046,-9.809738,0.000280,0.000287,0.000027
61.128395,0.000138,0.000058,-9.810177,0.000274,0.000299,0.000028
61.135381,-0.000117,-0.000111,-9.809829,0.000280,0.000287,0.000027
61.142257,0.000004,-0.000026,-9.810002,0.000280,0.000287,0.000027
61.156197,0.000027,0.002159,-9.809816,0.000158,0.000193,0.000061
61.163112,-0.000291,-0.008065,-9.810207,0.000519,0.000424,-0.000074
61.170116,-0.000064,0.005256,-9.809351,0.000328,0.000289,0.000027
61.176952,0.000211,0.000384,-9.810474,0.000281,0.000286,0.000027
61.190909,0.000134,0.000052,-9.810169,0.000275,0.000298,0.000028
61.197843,-0.000118,-0.000112,-9.809828,0.000280,0.000287,0.000027
61.204832,0.000004,-0.000026,-9.810002,0.000280,0.000287,0.000027
61.211706,0.000136,0.000053,-9.810172,0.000275,0.000299,0.000028
61.225587,-0.000295,-0.008176,-9.810209,0.000519,0.000424,-0.000074
61.232564,-0.000063,0.005277,-9.809348,0.000328,0.000289,0.000027
61.239491,0.000208,0.000378,-9.810468,0.000281,0.000286,0.000027
61.246435,0.000122,-0.000005,-9.810266,0.000278,0.000303,0.000027
61.260346,-0.000100,0.000143,-9.810365,0.000247,0.000286,0.000027
61.267251,0.000024,-0.000209,-9.809365,0.000280,0.000287,0.000027
61.274283,0.000095,-0.000017,-9.810266,0.000278,0.000303,0.000027
61.281154,0.000007,-0.000031,-9.809999,0.000278,0.000303,0.000027
61.295035,0.000038,0.000035,-9.809900,0.000275,0.000298,0.000027
61.302001,0.000026,0.002146,-9.809819,0.000159,0.000192,0.000061
61.309012,-0.000286,-0.007955,-9.810205,0.000520,0.000424,-0.000074
61.315944,-0.000224,0.005492,-9.809646,0.000299,0.000265,0.000027
61.322919,0.000374,0.000207,-9.810168,0.000281,0.000286,0.000027
61.336773,-0.000116,-0.000111,-9.809831,0.000281,0.000287,0.000027
61.343712,0.000004,-0.000026,-9.810002,0.000281,0.000286,0.000027
61.350635,0.000007,-0.000028,-9.810001,0.000281,0.000286,0.000027
61.357587,0.000294,-0.000128,-9.809869,0.000305,0.000322,0.000027
61.364469,-0.000143,0.002340,-9.810115,0.000160,0.000192,0.000061
61.378391,0.000051,0.005184,-9.808975,0.000329,0.000289,0.000027
61.385350,0.000199,0.000368,-9.810464,0.000282,0.000286,0.000027
61.392319,0.000124,0.000020,-9.810286,0.000276,0.000303,0.000027
61.399201,0.000006,-0.000056,-9.809978,0.000279,0.000303,0.000027
61.413162,0.000007,-0.000029,-9.810001,0.000279,0.000303,0.000027
61.420125,-0.000099,0.000142,-9.810362,0.000248,0.000286,0.000027
61.427016,0.000024,-0.000210,-9.809364,0.000281,0.000287,0.000027
61.433954,0.000097,-0.000010,-9.810275,0.000278,0.000303,0.000027
61.447836,0.000026,0.002167,-9.809815,0.000160,0.000192,0.000061
61.454824,-0.000287,-0.007980,-9.810205,0.000520,0.000424,-0.000074
61.461739,-0.000224,0.005506,-9.809645,0.000300,0.000265,0.000027
61.468747,0.000373,0.000211,-9.810172,0.000281,0.000286,0.000027
61.475671,0.000144,0.000042,-9.810160,0.000276,0.000298,0.000027
61.489569,0.000004,-0.000027,-9.810002,0.000282,0.000286,0.000027
61.496455,0.000136,0.000053,-9.810171,0.000276,0.000298,0.000027
61.503471,-0.000116,-0.000111,-9.809831,0.000282,0.000286,0.000027
61.510367,0.000203,0.002241,-9.810054,0.000159,0.000199,0.000060
61.524366,-0.000062,0.005227,-9.809356,0.000330,0.000288,0.000026
61.531182,0.000211,0.000385,-9.810476,0.000283,0.000286,0.000027
61.538178,0.000151,0.000057,-9.810164,0.000276,0.000298,0.000027
61.545069,-0.000119,-0.000112,-9.809826,0.000282,0.000286,0.000027
61.552040,0.000004,-0.000027,-9.810002,0.000282,0.000286,0.000027
61.565868,-0.000119,-0.000112,-9.809826,0.000282,0.000286,0.000027
61.572924,0.000004,-0.000027,-9.810003,0.000282,0.000286,0.000027
61.579801,0.000105,-0.000010,-9.810273,0.000279,0.000303,0.000027
61.586819,0.000038,0.000033,-9.809900,0.000276,0.000298,0.000027
61.600598,-0.000292,-0.008096,-9.810209,0.000521,0.000424,-0.000074
61.607621,-0.000221,0.005421,-9.809650,0.000301,0.000265,0.000027
61.614600,0.000374,0.000207,-9.810167,0.000282,0.000286,0.000027
61.621520,0.000144,0.000048,-9.810164,0.000276,0.000298,0.000027
61.635327,0.000004,-0.000026,-9.810002,0.000282,0.000286,0.000027
61.642432,0.000132,0.000051,-9.810166,0.000276,0.000298,0.000027
61.649272,-0.000120,-0.000113,-9.809826,0.000282,0.000286,0.000027
61.656233,0.000004,-0.000027,-9.810002,0.000282,0.000286,0.000027
61.670214,-0.000376,-0.007904,-9.809934,0.000522,0.000424,-0.000074
61.677069,-0.000173,0.005548,-9.809706,0.000300,0.000271,0.000026
61.683983,0.000323,0.000217,-9.810106,0.000283,0.000286,0.000027
61.690980,0.000144,0.000050,-9.810164,0.000276,0.000298,0.000027
61.697837,-0.000119,-0.000115,-9.809824,0.000283,0.000286,0.000027
61.711776,0.000136,0.000053,-9.810172,0.000277,0.000298,0.000027
61.718710,-0.000118,-0.000112,-9.809828,0.000283,0.000286,0.000027
61.725673,0.000100,-0.000009,-9.810272,0.000280,0.000303,0.000027
61.732643,0.000152,0.002221,-9.809987,0.000158,0.000209,0.000061
61.739564,-0.000491,-0.007907,-9.810297,0.000491,0.000406,-0.000074
61.753562,0.000196,0.000362,-9.810457,0.000283,0.000285,0.000027
61.760349,0.000155,0.000059,-9.810170,0.000277,0.000298,0.000027
61.767302,-0.000117,-0.000111,-9.809829,0.000283,0.000286,0.000027
61.774278,0.000004,-0.000027,-9.810002,0.000283,0.000286,0.000027
61.788162,-0.000117,-0.000111,-9.809829,0.000283,0.000286,0.000027
61.795102,0.000101,-0.000009,-9.810273,0.000280,0.000303,0.000027
61.802058,-0.000099,0.000139,-9.810360,0.000250,0.000286,0.000027
61.809031,0.000168,0.002044,-9.809361,0.000161,0.000192,0.000061
61.815972,-0.000294,-0.008042,-9.810204,0.000522,0.000424,-0.000074
61.829818,0.000511,0.000294,-9.810344,0.000277,0.000298,0.000027
61.836783,-0.000108,-0.000116,-9.809822,0.000283,0.000286,0.000026
61.843740,0.000003,-0.000027,-9.810001,0.000283,0.000286,0.000027
61.850638,0.000135,0.000053,-9.810172,0.000277,0.000298,0.000027
61.864502,0.000102,-0.000009,-9.810274,0.000281,0.000303,0.000027
61.871587,0.000149,0.002185,-9.809988,0.000159,0.000209,0.000061
61.878438,-0.000496,-0.007987,-9.810302,0.000492,0.000406,-0.000074
61.885337,0.000050,0.005176,-9.808978,0.000331,0.000288,0.000026
61.892413,0.000196,0.000362,-9.810456,0.000284,0.000285,0.000027
61.906323,-0.000115,-0.000111,-9.809831,0.000284,0.000286,0.000026
61.913128,0.000134,0.000056,-9.810176,0.000278,0.000298,0.000027
61.920153,-0.000116,-0.000111,-9.809830,0.000284,0.000286,0.000026
61.927039,0.000003,-0.000027,-9.810002,0.000284,0.000286,0.000026
61.940976,-0.000098,0.000139,-9.810359,0.000250,0.000286,0.000026
61.947909,0.000266,0.002074,-9.809628,0.000158,0.000209,0.000061
61.954870,-0.000496,-0.007869,-9.810294,0.000492,0.000406,-0.000074
61.961819,0.000049,0.005140,-9.808986,0.000331,0.000288,0.000026
61.975717,0.000151,0.000057,-9.810165,0.000278,0.000298,0.000027
61.982651,-0.000118,-0.000112,-9.809827,0.000284,0.000286,0.000026
61.989626,-0.000019,0.000045,-9.809841,0.000282,0.000275,0.000027
61.996458,0.000048,0.000020,-9.810975,0.000252,0.000297,0.000025
62.010423,0.000027,0.002155,-9.809816,0.000130,0.000203,0.000060
62.017287,-0.000400,-0.007951,-9.810577,0.000461,0.000417,-0.000076
62.024303,0.000036,0.004972,-9.808205,0.000331,0.000289,0.000026
62.031187,0.000196,0.000368,-9.810470,0.000285,0.000285,0.000027
62.038247,0.000149,0.000056,-9.810163,0.000278,0.000298,0.000027
62.052015,0.000004,-0.000027,-9.810003,0.000284,0.000286,0.000026
62.059012,0.000134,0.000052,-9.810169,0.000278,0.000298,0.000027
62.065953,-0.000118,-0.000112,-9.809827,0.000284,0.000286,0.000026
62.072913,-0.000005,0.000162,-9.810635,0.000251,0.000286,0.000026
62.086828,-0.000292,-0.007973,-9.810202,0.000523,0.000423,-0.000074
62.093718,-0.000226,0.005525,-9.809644,0.000303,0.000264,0.000026
62.100630,0.000505,0.000291,-9.810341,0.000279,0.000297,0.000027
62.107632,-0.000107,-0.000111,-9.809827,0.000284,0.000286,0.000026
62.114583,0.000130,0.000049,-9.810168,0.000279,0.000298,0.000027
62.128449,0.000003,-0.000027,-9.810003,0.000284,0.000286,0.000026
62.135355,0.000135,0.000053,-9.810172,0.000279,0.000298,0.000027
62.142344,0.000027,0.002136,-9.809817,0.000163,0.000192,0.000060
62.149284,-0.000396,-0.007864,-9.810569,0.000493,0.000406,-0.000075
62.156283,0.000050,0.005101,-9.808992,0.000332,0.000288,0.000026
62.170180,0.000233,-0.000165,-9.809907,0.000281,0.000303,0.000026
62.177038,-0.000000,-0.000041,-9.809996,0.000282,0.000303,0.000026
62.184028,0.000006,-0.000029,-9.810000,0.000282,0.000303,0.000026
62.191061,-0.000098,0.000140,-9.810359,0.000252,0.000286,0.000026
62.204878,-0.000001,-0.000038,-9.809998,0.000282,0.000303,0.000026
62.211759,-0.000124,0.000217,-9.810203,0.000250,0.000274,0.000027
62.218736,0.000194,0.001974,-9.809523,0.000162,0.000192,0.000060
62.225699,-0.000297,-0.008020,-9.810204,0.000524,0.000423,-0.000075
62.232603,-0.000225,0.005514,-9.809644,0.000304,0.000264,0.000026
62.246492,-0.000109,-0.000117,-9.809820,0.000285,0.000286,0.000026
62.253472,0.000003,-0.000028,-9.810001,0.000285,0.000286,0.000026
62.260428,0.000134,0.000052,-9.810172,0.000279,0.000298,0.000027
62.267282,-0.000119,-0.000113,-9.809825,0.000285,0.000286,0.000026
62.281224,-0.000100,0.000141,-9.810366,0.000252,0.000286,0.000026
62.288222,0.000264,0.002055,-9.809630,0.000160,0.000209,0.000060
62.295094,-0.000502,-0.007971,-9.810298,0.000494,0.000406,-0.000075
62.302004,0.000050,0.005170,-9.808980,0.000333,0.000288,0.000026
62.309103,0.000187,0.000544,-9.811074,0.000253,0.000285,0.000026
62.322918,0.000125,0.000045,-9.810168,0.000279,0.000298,0.000027
62.329805,-0.000119,-0.000112,-9.809828,0.000285,0.000286,0.000026
62.336871,0.000099,-0.000009,-9.810268,0.000283,0.000303,0.000026
62.343717,-0.000124,0.000215,-9.810202,0.000250,0.000274,0.000027
62.357642,-0.000297,-0.008030,-9.810203,0.000524,0.000423,-0.000075
62.364603,-0.000223,0.005469,-9.809649,0.000304,0.000264,0.000026
62.371568,0.000471,0.000225,-9.810437,0.000283,0.000302,0.000026
62.378475,0.000047,0.000026,-9.809889,0.000280,0.000298,0.000026
62.392358,0.000004,-0.000027,-9.810002,0.000286,0.000286,0.000026
62.399312,0.000134,0.000052,-9.810170,0.000280,0.000298,0.000026
62.406252,-0.000118,-0.000111,-9.809828,0.000286,0.000286,0.000026
62.413185,-0.000005,0.000162,-9.810637,0.000252,0.000285,0.000026
62.420183,0.000264,0.002052,-9.809628,0.000161,0.000209,0.000060
62.433990,-0.000058,0.005410,-9.809338,0.000303,0.000271,0.000026
62.441069,0.000308,0.000203,-9.810101,0.000286,0.000285,0.000026
62.447876,0.000147,0.000051,-9.810168,0.000280,0.000298,0.000026
62.454919,-0.000116,-0.000111,-9.809830,0.000286,0.000286,0.000026
62.461772,0.000102,-0.000009,-9.810277,0.000283,0.000303,0.000026
62.468729,-0.000098,0.000140,-9.810362,0.000253,0.000285,0.000026
62.482655,0.000274,0.002330,-9.810160,0.000158,0.000203,0.000061
62.489582,-0.000572,-0.007956,-9.810334,0.000496,0.000400,-0.000074
62.496540,0.000101,0.005125,-9.809052,0.000333,0.000288,0.000026
62.503541,0.000198,0.000364,-9.810460,0.000287,0.000285,0.000026
62.510423,0.000153,0.000058,-9.810167,0.000280,0.000298,0.000026
62.524310,-0.000028,0.000234,-9.810472,0.000251,0.000274,0.000027
62.531224,0.000051,-0.000282,-9.809528,0.000286,0.000286,0.000026
62.538225,0.000092,-0.000019,-9.810266,0.000283,0.000303,0.000026
62.545167,0.000152,0.002230,-9.809987,0.000162,0.000208,0.000060
62.552044,-0.000548,-0.007948,-9.810238,0.000496,0.000399,-0.000074
62.565971,0.000413,0.000224,-9.810373,0.000284,0.000302,0.000026
62.572956,0.000047,0.000028,-9.809894,0.000281,0.000298,0.000026
62.579841,-0.000119,-0.000110,-9.809828,0.000286,0.000286,0.000026
62.586965,-0.000005,0.000157,-9.810620,0.000253,0.000285,0.000026
62.600686,0.000127,0.000046,-9.810171,0.000281,0.000298,0.000026
62.607736,-0.000116,-0.000110,-9.809830,0.000287,0.000286,0.000026
62.614568,0.000102,-0.000009,-9.810278,0.000284,0.000302,0.000026
62.621569,0.000023,0.002453,-9.810185,0.000130,0.000180,0.000061
62.635397,-0.000235,0.005463,-9.809646,0.000305,0.000264,0.000026
62.642365,0.000374,0.000208,-9.810169,0.000287,0.000285,0.000026
62.649295,0.000144,0.000047,-9.810163,0.000281,0.000298,0.000026
62.656282,-0.000117,-0.000112,-9.809829,0.000287,0.000286,0.000026
62.663186,0.000132,0.000055,-9.810173,0.000281,0.000298,0.000026
62.677079,0.000264,0.002082,-9.809628,0.000164,0.000192,0.000060
62.684024,-0.000294,-0.008040,-9.810201,0.000526,0.000423,-0.000075
62.691027,-0.000222,0.005436,-9.809650,0.000306,0.000264,0.000026
62.697958,0.000504,0.000290,-9.810340,0.000281,0.000297,0.000026
62.704883,-0.000109,-0.000117,-9.809820,0.000287,0.000286,0.000026
62.718690,-0.000225,0.000060,-9.810192,0.000257,0.000268,0.000026
62.725767,0.000116,-0.000185,-9.809649,0.000286,0.000286,0.000026
62.732598,0.000129,0.000045,-9.810171,0.000281,0.000298,0.000026
62.739587,-0.000117,-0.000111,-9.809829,0.000287,0.000286,0.000026
62.753492,0.000172,0.002474,-9.810518,0.000129,0.000186,0.000060
62.760461,-0.000295,-0.008248,-9.809672,0.000526,0.000423,-0.000075
62.767321,-0.000238,0.005542,-9.809642,0.000306,0.000264,0.000026
62.774344,0.000371,0.000205,-9.810167,0.000287,0.000285,0.000026
62.781405,0.000141,0.000046,-9.810160,0.000281,0.000297,0.000026
62.795088,0.000134,0.000056,-9.810177,0.000282,0.000297,0.000026
62.802044,-0.000223,0.000060,-9.810191,0.000257,0.000268,0.000025
62.809085,0.000259,0.002044,-9.809634,0.000165,0.000192,0.000060
62.815969,-0.000403,-0.007938,-9.810570,0.000496,0.000406,-0.000075
62.829813,0.000194,0.000567,-9.811116,0.000255,0.000284,0.000026
62.836850,0.000137,-0.000186,-9.809638,0.000284,0.000303,0.000026
62.843788,-0.000076,0.000196,-9.810262,0.000251,0.000280,0.000026
62.850695,-0.000004,-0.000271,-9.809466,0.000287,0.000286,0.000026
62.864537,0.000135,0.000053,-9.810172,0.000282,0.000297,0.000026
62.871573,-0.000169,-0.000101,-9.809770,0.000289,0.000279,0.000026
62.878471,0.000201,0.000165,-9.811038,0.000250,0.000308,0.000025
62.885393,-0.000074,0.002330,-9.810180,0.000103,0.000185,0.000059
62.899252,-0.000240,0.005561,-9.809638,0.000306,0.000264,0.000026
62.906350,0.000492,0.000282,-9.810331,0.000282,0.000297,0.000026
62.913161,-0.000110,-0.000118,-9.809817,0.000288,0.000286,0.000025
62.920176,0.000099,-0.000010,-9.810270,0.000285,0.000302,0.000026
62.933989,0.000207,-0.000136,-9.809600,0.000282,0.000298,0.000026
62.941056,-0.000124,-0.000118,-9.809829,0.000288,0.000286,0.000025
62.948067,0.000085,0.002409,-9.810556,0.000134,0.000184,0.000060
62.954901,-0.000218,-0.008352,-9.809629,0.000526,0.000423,-0.000075
62.961802,-0.000234,0.005509,-9.809643,0.000307,0.000264,0.000026
62.975760,-0.000011,-0.000098,-9.810091,0.000285,0.000302,0.000025
62.982663,-0.000157,0.000151,-9.810303,0.000256,0.000279,0.000026
62.989647,0.000204,-0.000134,-9.809605,0.000282,0.000298,0.000026
62.996506,-0.000128,-0.000121,-9.809825,0.000288,0.000285,0.000025
63.003449,-0.000006,0.000162,-9.810635,0.000255,0.000285,0.000025
63.017351,-0.000555,-0.007936,-9.810236,0.000498,0.000399,-0.000075
63.024386,0.000102,0.005069,-9.809060,0.000336,0.000288,0.000025
63.031205,0.000170,0.000639,-9.810952,0.000254,0.000273,0.000027
63.038224,0.000067,-0.000272,-9.809531,0.000288,0.000286,0.000025
63.052032,-0.000119,-0.000112,-9.809827,0.000289,0.000285,0.000025
63.059066,-0.000005,0.000160,-9.810628,0.000255,0.000285,0.000025
63.066011,0.000266,0.002067,-9.809626,0.000163,0.000208,0.000060
63.072978,-0.000549,-0.007855,-9.810233,0.000498,0.000399,-0.000075
63.086823,0.000440,0.000285,-9.810270,0.000283,0.000297,0.000026
63.093778,-0.000108,-0.000115,-9.809823,0.000289,0.000285,0.000025
63.100725,0.000131,0.000054,-9.810173,0.000283,0.000297,0.000026
63.107667,-0.000224,0.000059,-9.810191,0.000258,0.000268,0.000025
63.114631,0.000117,-0.000187,-9.809642,0.000288,0.000286,0.000025
63.128461,-0.000119,-0.000112,-9.809828,0.000289,0.000285,0.000025
63.135448,-0.000028,0.000233,-9.810472,0.000254,0.000274,0.000026
63.142426,0.000194,0.001971,-9.809520,0.000166,0.000191,0.000060
63.149320,-0.000406,-0.007928,-9.810571,0.000497,0.000405,-0.000076
63.163182,0.000222,0.000621,-9.811000,0.000253,0.000279,0.000026
63.170124,0.000014,-0.000267,-9.809464,0.000288,0.000286,0.000025
63.177203,-0.000004,-0.000036,-9.809999,0.000289,0.000285,0.000025
63.184150,0.000028,0.000223,-9.810534,0.000253,0.000280,0.000026
63.197914,0.000143,0.002267,-9.809989,0.000167,0.000191,0.000060
63.204929,-0.000441,-0.007774,-9.810501,0.000499,0.000399,-0.000075
63.211777,0.000096,0.005397,-9.809675,0.000303,0.000287,0.000025
63.218733,0.000344,0.000264,-9.810000,0.000284,0.000297,0.000026
63.225727,-0.000108,-0.000112,-9.809826,0.000289,0.000285,0.000025
63.239667,0.000120,-0.000192,-9.809641,0.000286,0.000302,0.000025
63.246532,-0.000132,0.000208,-9.810201,0.000254,0.000274,0.000026
63.253482,0.000050,-0.000277,-9.809532,0.000289,0.000286,0.000025
63.260470,0.000236,0.002227,-9.810257,0.000165,0.000208,0.000060
63.274363,-0.000003,0.005269,-9.809408,0.000306,0.000270,0.000025
63.281275,0.000443,0.000286,-9.810273,0.000284,0.000297,0.000026
63.288280,-0.000107,-0.000114,-9.809824,0.000289,0.000285,0.000025
63.295150,0.000025,0.000227,-9.810541,0.000253,0.000280,0.000026
63.302048,-0.000003,-0.000274,-9.809464,0.000289,0.000286,0.000025
63.315995,-0.000122,0.000212,-9.810199,0.000255,0.000274,0.000026
63.322999,0.000193,0.001967,-9.809525,0.000167,0.000191,0.000059
63.329876,-0.000407,-0.007947,-9.810573,0.000498,0.000405,-0.000076
63.336793,-0.000057,0.005332,-9.809345,0.000306,0.000270,0.000025
63.343843,0.000405,0.000220,-9.810368,0.000287,0.000302,0.000025
63.357695,-0.000004,-0.000270,-9.809471,0.000289,0.000286,0.000025
63.364565,-0.000004,-0.000035,-9.809999,0.000290,0.000285,0.000025
63.371624,0.000028,0.000219,-9.810526,0.000253,0.000280,0.000025
63.385438,0.000093,-0.000018,-9.810271,0.000287,0.000302,0.000025
63.392457,0.000023,0.002447,-9.810185,0.000133,0.000179,0.000060
63.399286,-0.000247,-0.008421,-9.809732,0.000528,0.000423,-0.000076
63.406332,-0.000231,0.005393,-9.809650,0.000309,0.000264,0.000025
63.420137,-0.000142,0.000143,-9.810292,0.000258,0.000278,0.000026
63.427168,0.000202,-0.000134,-9.809608,0.000284,0.000297,0.000025
63.434054,-0.000127,-0.000120,-9.809825,0.000290,0.000285,0.000025
63.441029,-0.000028,0.000233,-9.810472,0.000255,0.000273,0.000026
63.454871,-0.000410,-0.007997,-9.810575,0.000499,0.000405,-0.000076
63.461840,-0.000056,0.005292,-9.809350,0.000307,0.000270,0.000025
63.468731,0.000414,0.000227,-9.810376,0.000288,0.000302,0.000025
63.475756,-0.000058,0.000200,-9.810256,0.000254,0.000280,0.000025
63.482652,-0.000005,-0.000276,-9.809461,0.000290,0.000285,0.000025
63.496559,-0.000123,0.000213,-9.810202,0.000255,0.000273,0.000026
63.503457,0.000050,-0.000279,-9.809528,0.000290,0.000285,0.000025
63.510497,0.000091,-0.000020,-9.810266,0.000288,0.000302,0.000025
63.517423,0.000023,0.002480,-9.810189,0.000133,0.000179,0.000060
63.531280,-0.000235,0.005468,-9.809645,0.000309,0.000263,0.000025
63.538194,0.000474,0.000228,-9.810441,0.000288,0.000301,0.000025
63.545153,-0.000112,0.000206,-9.810191,0.000256,0.000273,0.000026
63.552064,0.000050,-0.000280,-9.809530,0.000290,0.000285,0.000025
63.559091,0.000122,0.000042,-9.810166,0.000285,0.000297,0.000025
63.573054,0.000438,0.002114,-9.809865,0.000162,0.000203,0.000060
63.579892,-0.000533,-0.008079,-9.810398,0.000499,0.000405,-0.000076
63.586779,-0.000060,0.005357,-9.809344,0.000308,0.000270,0.000024
63.593803,0.000310,0.000204,-9.810102,0.000291,0.000285,0.000025
63.600705,0.000114,-0.000014,-9.810266,0.000288,0.000302,0.000025
63.614606,0.000051,-0.000284,-9.809521,0.000290,0.000285,0.000025
63.621643,0.000122,0.000042,-9.810167,0.000285,0.000297,0.000025
63.628526,-0.000280,0.000070,-9.810130,0.000262,0.000261,0.000025
63.635423,0.000447,0.002161,-9.809863,0.000162,0.000203,0.000060
63.649344,-0.000059,0.005306,-9.809351,0.000308,0.000270,0.000024
63.656306,0.000313,0.000206,-9.810102,0.000291,0.000284,0.000025
63.663178,0.000038,0.000223,-9.810534,0.000255,0.000280,0.000025
63.670127,-0.000004,-0.000274,-9.809467,0.000291,0.000285,0.000025
63.677139,-0.000004,-0.000035,-9.810001,0.000291,0.000285,0.000025
63.691041,0.000050,-0.000278,-9.809534,0.000291,0.000285,0.000025
63.697945,0.000270,0.002318,-9.810159,0.000163,0.000203,0.000059
63.704831,-0.000575,-0.008002,-9.810336,0.000501,0.000399,-0.000076
63.711877,-0.000005,0.005229,-9.809422,0.000308,0.000270,0.000024
63.725741,-0.000112,0.000206,-9.810191,0.000256,0.000273,0.000026
63.732655,0.000050,-0.000279,-9.809530,0.000291,0.000285,0.000025
63.739659,0.000122,0.000043,-9.810168,0.000286,0.000297,0.000025
63.746558,-0.000226,0.000060,-9.810192,0.000261,0.000268,0.000025
63.753457,0.000119,-0.000189,-9.809640,0.000291,0.000285,0.000025
63.767337,0.000143,0.002023,-9.809445,0.000169,0.000191,0.000059
63.774387,-0.000397,-0.007752,-9.810560,0.000500,0.000405,-0.000076
63.781285,-0.000057,0.005347,-9.809342,0.000308,0.000270,0.000024
63.788316,0.000406,0.000222,-9.810369,0.000289,0.000301,0.000025
63.802057,0.000050,-0.000279,-9.809529,0.000291,0.000285,0.000025
63.809077,0.000122,0.000042,-9.810167,0.000286,0.000297,0.000025
63.815994,-0.000279,0.000069,-9.810129,0.000262,0.000261,0.000025
63.823013,0.000440,0.002123,-9.809865,0.000163,0.000203,0.000059
63.829894,-0.000529,-0.008028,-9.810397,0.000500,0.000405,-0.000076
63.836814,-0.000060,0.005332,-9.809347,0.000309,0.000270,0.000024
63.850778,-0.000016,0.000229,-9.810466,0.000257,0.000273,0.000026
63.857707,0.000050,-0.000281,-9.809529,0.000291,0.000285,0.000025
63.864629,0.000123,0.000044,-9.810170,0.000286,0.000297,0.000025
63.871594,-0.000277,0.000068,-9.810128,0.000263,0.000261,0.000025
63.885394,-0.000127,-0.000123,-9.809823,0.000292,0.000285,0.000025
63.892440,0.000167,0.002450,-9.810516,0.000134,0.000185,0.000059
63.899303,-0.000438,-0.008264,-9.810137,0.000503,0.000410,-0.000077
63.906343,-0.000091,0.005302,-9.809196,0.000310,0.000263,0.000025
63.913309,0.000496,0.000283,-9.810336,0.000286,0.000296,0.000025
63.927194,0.000116,-0.000189,-9.809647,0.000289,0.000302,0.000025
63.934025,-0.000132,0.000209,-9.810203,0.000257,0.000273,0.000026
63.941110,0.000049,-0.000273,-9.809541,0.000292,0.000285,0.000025
63.947957,0.000125,0.000044,-9.810172,0.000287,0.000297,0.000025
63.954831,-0.000134,0.002354,-9.810119,0.000141,0.000167,0.000059
63.968846,-0.000064,0.005272,-9.809347,0.000309,0.000270,0.000024
63.975726,0.000445,0.000290,-9.810276,0.000287,0.000296,0.000025
63.982667,-0.000215,0.000056,-9.810185,0.000262,0.000268,0.000024
63.989693,0.000212,-0.000169,-9.809914,0.000289,0.000302,0.000025
63.996519,-0.000132,0.000206,-9.810200,0.000258,0.000273,0.000025
64.010530,0.000123,0.000043,-9.810167,0.000287,0.000297,0.000025
64.017401,-0.000134,0.002355,-9.810119,0.000141,0.000167,0.000059
64.024429,-0.000120,-0.008102,-9.809910,0.000531,0.000422,-0.000076
64.031307,-0.000234,0.005523,-9.809639,0.000311,0.000263,0.000025
64.038294,0.000500,0.000287,-9.810337,0.000287,0.000296,0.000025
64.052094,0.000204,-0.000137,-9.809599,0.000286,0.000297,0.000025
64.059133,-0.000282,0.000060,-9.810126,0.000264,0.000261,0.000025
64.066021,0.000301,-0.000116,-9.809873,0.000286,0.000297,0.000025
64.073063,-0.000124,-0.000121,-9.809828,0.000293,0.000285,0.000024
64.086841,-0.000350,-0.008151,-9.810098,0.000501,0.000405,-0.000076
64.093826,-0.000067,0.005271,-9.809351,0.000310,0.000270,0.000024
64.100719,0.000413,0.000227,-9.810375,0.000290,0.000301,0.000025
64.107762,-0.000088,0.000134,-9.810351,0.000260,0.000284,0.000024
64.121768,-0.000011,-0.000273,-9.809480,0.000292,0.000285,0.000024
64.128539,-0.000168,0.000148,-9.810310,0.000264,0.000261,0.000025
64.135433,0.000450,0.002161,-9.809858,0.000165,0.000203,0.000059
64.142459,-0.000519,-0.007864,-9.810388,0.000502,0.000405,-0.000077
64.156325,0.000409,0.000224,-9.810372,0.000290,0.000301,0.000025
64.163245,-0.000113,0.000208,-9.810193,0.000258,0.000273,0.000025
64.170208,0.000050,-0.000277,-9.809533,0.000293,0.000285,0.000024
64.177193,-0.000036,0.000222,-9.810468,0.000258,0.000273,0.000025
64.184102,0.000050,-0.000282,-9.809527,0.000293,0.000285,0.000024
64.197961,-0.000278,0.000069,-9.810129,0.000264,0.000261,0.000025
64.204881,0.000446,0.002154,-9.809862,0.000165,0.000203,0.000059
64.211953,-0.000568,-0.007803,-9.810324,0.000503,0.000398,-0.000076
64.218767,-0.000001,0.005444,-9.809434,0.000307,0.000269,0.000024
64.225780,0.000433,0.000247,-9.810238,0.000288,0.000296,0.000025
64.239727,0.000211,-0.000169,-9.809913,0.000290,0.000302,0.000024
64.246599,-0.000131,0.000205,-9.810198,0.000259,0.000273,0.000025
64.253560,0.000050,-0.000277,-9.809534,0.000293,0.000285,0.000024
64.260510,0.000017,0.000214,-9.810533,0.000257,0.000279,0.000025
64.274461,-0.000448,-0.007710,-9.810495,0.000503,0.000398,-0.000076
64.281343,-0.000056,0.005362,-9.809342,0.000312,0.000263,0.000025
64.288248,0.000498,0.000280,-9.810337,0.000288,0.000296,0.000025
64.295277,-0.000116,0.000070,-9.810451,0.000261,0.000284,0.000024
64.309121,-0.000285,0.000063,-9.810129,0.000265,0.000261,0.000025
64.316059,0.000300,-0.000115,-9.809875,0.000287,0.000297,0.000025
64.323046,-0.000230,0.000048,-9.810186,0.000263,0.000267,0.000024
64.329936,0.000362,0.002107,-9.809900,0.000169,0.000207,0.000059
64.343844,0.000041,0.005284,-9.809625,0.000309,0.000280,0.000024
64.350759,0.000293,0.000430,-9.810428,0.000258,0.000279,0.000025
64.357750,0.000005,-0.000274,-9.809466,0.000293,0.000285,0.000024
64.364679,-0.000036,0.000225,-9.810472,0.000259,0.000273,0.000025
64.371708,0.000050,-0.000277,-9.809536,0.000293,0.000285,0.000024
64.385474,-0.000280,0.000070,-9.810130,0.000265,0.000261,0.000025
64.392531,0.000437,0.002112,-9.809867,0.000166,0.000203,0.000059
64.399366,-0.000587,-0.008073,-9.810334,0.000504,0.000398,-0.000076
64.406436,-0.000058,0.005220,-9.809362,0.000312,0.000263,0.000024
64.420192,-0.000118,0.000073,-9.810456,0.000261,0.000284,0.000024
64.427221,0.000012,-0.000022,-9.810002,0.000261,0.000284,0.000024
64.434140,0.000144,-0.000137,-9.809535,0.000288,0.000297,0.000025
64.441048,-0.000287,0.000063,-9.810129,0.000265,0.000261,0.000025
64.454994,-0.000135,0.002355,-9.810149,0.000140,0.000166,0.000059
64.461930,-0.000125,-0.008241,-9.809875,0.000533,0.000422,-0.000077
64.468836,-0.000234,0.005501,-9.809642,0.000313,0.000263,0.000024
64.475826,0.000394,0.000457,-9.810697,0.000258,0.000279,0.000025
64.482926,0.000101,-0.000256,-9.809736,0.000291,0.000302,0.000024
64.496649,0.000049,-0.000276,-9.809536,0.000294,0.000285,0.000024
64.503534,-0.000037,0.000226,-9.810474,0.000260,0.000273,0.000025
64.510583,0.000288,0.001969,-9.809793,0.000169,0.000208,0.000058
64.517440,-0.000561,-0.007983,-9.810235,0.000504,0.000398,-0.000076
64.531382,0.000493,0.000278,-9.810334,0.000289,0.000296,0.000025
64.538317,-0.000141,0.000144,-9.810292,0.000260,0.000273,0.000025
64.545283,0.000144,-0.000260,-9.809803,0.000291,0.000302,0.000024
64.552154,-0.000165,0.000142,-9.810303,0.000263,0.000278,0.000025
64.566055,-0.000012,-0.000284,-9.809461,0.000294,0.000285,0.000024
64.573118,-0.000035,0.000221,-9.810463,0.000260,0.000273,0.000025
64.579987,0.000197,0.002003,-9.809514,0.000172,0.000191,0.000058
64.586888,-0.000460,-0.007911,-9.810508,0.000505,0.000398,-0.000076
64.600810,0.000239,0.000437,-9.810365,0.000259,0.000279,0.000024
64.607819,0.000005,-0.000271,-9.809467,0.000295,0.000285,0.000024
64.614673,-0.000037,0.000228,-9.810477,0.000260,0.000273,0.000025
64.621600,0.000050,-0.000281,-9.809529,0.000295,0.000285,0.000024
64.635524,0.000196,0.001992,-9.809516,0.000173,0.000191,0.000058
64.642484,-0.000456,-0.007844,-9.810503,0.000505,0.000398,-0.000076
64.649581,0.000093,0.005208,-9.809688,0.000309,0.000286,0.000024
64.656416,0.000242,0.000443,-9.810369,0.000259,0.000279,0.000024
64.670200,-0.000037,0.000227,-9.810475,0.000260,0.000273,0.000025
64.677253,0.000145,-0.000259,-9.809804,0.000292,0.000302,0.000024
64.684142,-0.000134,0.000204,-9.810199,0.000260,0.000273,0.000025
64.691157,0.000049,-0.000275,-9.809537,0.000295,0.000285,0.000024
64.698028,-0.000037,0.000226,-9.810475,0.000260,0.000273,0.000025
64.711931,-0.000452,-0.007771,-9.810498,0.000505,0.000398,-0.000076
64.718855,0.000072,0.005410,-9.809517,0.000308,0.000275,0.000025
64.725847,0.000241,0.000114,-9.809993,0.000296,0.000284,0.000024
64.732800,-0.000019,0.000228,-9.810468,0.000260,0.000273,0.000025
64.746597,-0.000238,0.000051,-9.810193,0.000265,0.000267,0.000024
64.753623,0.000107,-0.000000,-9.810272,0.000262,0.000284,0.000024
64.760555,0.000259,0.002063,-9.809623,0.000171,0.000207,0.000058
64.767441,-0.000556,-0.007946,-9.810234,0.000506,0.000398,-0.000077
64.774518,0.000041,0.005233,-9.809628,0.000311,0.000280,0.000024
64.788272,0.000187,-0.000203,-9.809694,0.000289,0.000297,0.000024
64.795271,-0.000286,0.000059,-9.810128,0.000267,0.000261,0.000024
64.802199,0.000300,-0.000115,-9.809874,0.000289,0.000296,0.000024
64.809204,-0.000283,0.000057,-9.810125,0.000267,0.000261,0.000024
64.823061,-0.000575,-0.007912,-9.810328,0.000506,0.000398,-0.000077
64.830027,-0.000059,0.005299,-9.809352,0.000314,0.000263,0.000024
64.836909,0.000499,0.000281,-9.810339,0.000290,0.000296,0.000024
64.843930,-0.000139,0.000142,-9.810288,0.000261,0.000273,0.000025
64.850824,0.000047,-0.000281,-9.809529,0.000296,0.000285,0.000024
64.864677,0.000051,-0.000284,-9.809525,0.000296,0.000285,0.000024
64.871687,-0.000036,0.000221,-9.810467,0.000261,0.000273,0.000025
64.878610,0.000293,0.002005,-9.809788,0.000171,0.000207,0.000058
64.885491,-0.000559,-0.007955,-9.810235,0.000506,0.000398,-0.000077
64.892560,0.000040,0.005239,-9.809628,0.000312,0.000280,0.000024
64.906429,0.000154,-0.000262,-9.809799,0.000293,0.000301,0.000024
64.913331,-0.000134,0.000204,-9.810199,0.000261,0.000273,0.000025
64.920262,0.000147,-0.000260,-9.809802,0.000293,0.000301,0.000024
64.927205,-0.000133,0.000203,-9.810198,0.000262,0.000273,0.000025
64.941160,0.000431,0.002112,-9.809861,0.000168,0.000202,0.000058
64.948050,-0.000583,-0.008009,-9.810331,0.000506,0.000398,-0.000077
64.954960,-0.000059,0.005342,-9.809348,0.000315,0.000263,0.000024
64.962031,0.000486,0.000273,-9.810329,0.000291,0.000296,0.000024
64.975831,0.000047,-0.000278,-9.809535,0.000296,0.000284,0.000024
64.982749,-0.000036,0.000225,-9.810472,0.000262,0.000272,0.000025
64.989732,0.000291,0.001988,-9.809790,0.000171,0.000207,0.000058
64.996637,-0.000557,-0.007927,-9.810234,0.000507,0.000398,-0.000077
65.003607,-0.000056,0.005296,-9.809353,0.000315,0.000263,0.000024
65.017452,0.000135,-0.000200,-9.809624,0.000290,0.000296,0.000024
65.024516,-0.000283,0.000060,-9.810128,0.000268,0.000261,0.000024
65.031385,0.000302,-0.000116,-9.809873,0.000290,0.000296,0.000024
65.038314,-0.000286,0.000058,-9.810127,0.000268,0.000261,0.000024
65.052232,-0.000188,0.000076,-9.810397,0.000265,0.000277,0.000024
65.059232,0.000186,0.002287,-9.809892,0.000139,0.000179,0.000059
65.066095,-0.000254,-0.008391,-9.809731,0.000535,0.000422,-0.000077
65.073091,-0.000234,0.005432,-9.809648,0.000316,0.000262,0.000024
65.086917,0.000188,-0.000207,-9.809690,0.000291,0.000296,0.000024
65.093947,-0.000285,0.000058,-9.810126,0.000268,0.000261,0.000024
65.100767,0.000196,0.000058,-9.810243,0.000260,0.000279,0.000024
65.107827,0.000131,0.001944,-9.809462,0.000175,0.000190,0.000058
65.121651,0.000042,0.005337,-9.809618,0.000312,0.000280,0.000024
65.128641,0.000237,0.000434,-9.810361,0.000262,0.000272,0.000025
65.135563,0.000187,-0.000203,-9.809694,0.000291,0.000296,0.000024
65.142522,-0.000288,0.000059,-9.810128,0.000268,0.000260,0.000024
65.156407,-0.000188,0.000083,-9.810403,0.000265,0.000277,0.000024
65.163363,0.000201,-0.000143,-9.809597,0.000291,0.000296,0.000024
65.170221,-0.000290,0.000062,-9.810130,0.000268,0.000260,0.000024
65.177242,0.000334,0.002291,-9.810224,0.000138,0.000185,0.000058
65.184144,-0.000467,-0.008158,-9.809969,0.000507,0.000398,-0.000077
65.198016,0.000500,0.000282,-9.810339,0.000292,0.000296,0.000024
65.204975,-0.000237,0.000126,-9.810022,0.000265,0.000256,0.000024
65.211949,0.000157,-0.000141,-9.810598,0.000265,0.000295,0.000022
65.218849,0.000023,0.000216,-9.810534,0.000230,0.000290,0.000023
65.232799,-0.000024,0.002402,-9.810289,0.000144,0.000183,0.000058
65.239742,-0.000278,-0.008023,-9.810207,0.000504,0.000415,-0.000077
65.246653,-0.000161,0.005309,-9.809071,0.000316,0.000263,0.000024
65.253636,0.000333,0.000459,-9.810635,0.000263,0.000272,0.000025
65.260593,0.000187,-0.000205,-9.809694,0.000291,0.000296,0.000024
65.274422,0.000097,0.000035,-9.809966,0.000261,0.000279,0.000024
65.281378,-0.000012,-0.000281,-9.809465,0.000297,0.000284,0.000023
65.288309,-0.000037,0.000225,-9.810473,0.000263,0.000272,0.000024
65.295318,0.000088,0.002132,-9.809883,0.000145,0.000173,0.000058
65.309193,-0.000063,0.005266,-9.809351,0.000316,0.000263,0.000024
65.316070,0.000499,0.000281,-9.810338,0.000292,0.000295,0.000024
65.323135,-0.000138,0.000141,-9.810287,0.000263,0.000272,0.000024
65.336881,-0.000290,0.000055,-9.810125,0.000269,0.000260,0.000024
65.343909,0.000295,-0.000114,-9.809877,0.000292,0.000296,0.000024
65.350808,-0.000043,0.002353,-9.810386,0.000144,0.000183,0.000058
65.357928,-0.000368,-0.007842,-9.809941,0.000507,0.000398,-0.000077
65.364722,0.000034,0.005442,-9.809608,0.000313,0.000279,0.000024
65.378627,0.000185,-0.000201,-9.809697,0.000292,0.000296,0.000024
65.385590,-0.000288,0.000059,-9.810128,0.000269,0.000260,0.000024
65.392532,0.000299,-0.000115,-9.809875,0.000292,0.000296,0.000024
65.399453,-0.000158,0.000140,-9.810297,0.000263,0.000272,0.000024
65.413367,0.000108,0.002479,-9.810457,0.000141,0.000178,0.000058
65.420260,-0.000405,-0.008165,-9.810036,0.000507,0.000398,-0.000077
65.427274,-0.000066,0.005251,-9.809355,0.000316,0.000263,0.000023
65.434149,0.000500,0.000281,-9.810338,0.000293,0.000295,0.000024
65.441154,-0.000139,0.000143,-9.810290,0.000263,0.000272,0.000024
65.454943,-0.000037,0.000225,-9.810472,0.000264,0.000272,0.000024
65.461912,0.000041,-0.000091,-9.810163,0.000265,0.000284,0.000023
65.475884,-0.000283,-0.007969,-9.810208,0.000505,0.000415,-0.000077
65.482761,-0.000163,0.005327,-9.809062,0.000317,0.000263,0.000023
65.489804,0.000384,0.000455,-9.810699,0.000262,0.000278,0.000024
65.496717,0.000133,-0.000208,-9.809620,0.000292,0.000296,0.000024
65.503607,-0.000291,0.000062,-9.810130,0.000270,0.000260,0.000024
65.517501,-0.000012,-0.000290,-9.809451,0.000298,0.000284,0.000023
65.524490,-0.000036,0.000223,-9.810468,0.000264,0.000272,0.000024
65.531402,0.000187,0.002180,-9.810153,0.000143,0.000190,0.000057
65.538351,-0.000439,-0.008039,-9.809871,0.000508,0.000398,-0.000077
65.552222,0.000498,0.000281,-9.810337,0.000293,0.000295,0.000024
65.559271,-0.000138,0.000141,-9.810287,0.000264,0.000272,0.000024
65.566103,0.000015,-0.000018,-9.810003,0.000263,0.000272,0.000024
65.573054,0.000039,-0.000289,-9.809529,0.000299,0.000284,0.000023
65.580037,-0.000036,0.000222,-9.810469,0.000264,0.000272,0.000024
65.593979,-0.000546,-0.007775,-9.810228,0.000509,0.000397,-0.000077
65.600832,0.000042,0.005405,-9.809616,0.000315,0.000279,0.000023
65.607893,0.000235,0.000430,-9.810358,0.000264,0.000272,0.000024
65.614745,0.000028,-0.000022,-9.809997,0.000264,0.000272,0.000024
65.628679,-0.000133,0.000201,-9.810198,0.000265,0.000272,0.000024
65.635520,-0.000112,-0.000098,-9.809831,0.000270,0.000260,0.000024
65.642549,0.000288,-0.000124,-9.809873,0.000293,0.000296,0.000023
65.649434,-0.000014,0.002420,-9.810287,0.000142,0.000178,0.000058
65.663425,-0.000066,0.005259,-9.809353,0.000318,0.000262,0.000023
65.670286,0.000504,0.000312,-9.810364,0.000291,0.000295,0.000024
65.677298,-0.000141,0.000113,-9.810265,0.000265,0.000272,0.000024
65.684191,-0.000114,-0.000100,-9.809833,0.000270,0.000260,0.000024
65.691225,0.000287,-0.000125,-9.809873,0.000293,0.000296,0.000023
65.704992,0.000242,0.002307,-9.809955,0.000141,0.000185,0.000058
65.712030,-0.000458,-0.007997,-9.809971,0.000509,0.000398,-0.000077
65.718919,-0.000067,0.005350,-9.809343,0.000318,0.000262,0.000023
65.725913,0.000491,0.000276,-9.810332,0.000294,0.000295,0.000024
65.739799,0.000043,0.000044,-9.809903,0.000264,0.000272,0.000024
65.746736,0.000033,-0.000100,-9.810163,0.000266,0.000284,0.000023
65.753621,-0.000019,0.000041,-9.809835,0.000264,0.000272,0.000024
65.760597,0.000186,0.001965,-9.809521,0.000177,0.000190,0.000057
65.767536,-0.000458,-0.007868,-9.810505,0.000510,0.000397,-0.000077
65.781429,0.000215,0.000383,-9.810472,0.000265,0.000272,0.000024
65.788353,0.000056,-0.000285,-9.809524,0.000299,0.000284,0.000023
65.795320,-0.000037,0.000222,-9.810469,0.000265,0.000272,0.000024
65.802248,0.000018,-0.000019,-9.810001,0.000264,0.000272,0.000024
65.816167,-0.000037,0.000226,-9.810474,0.000265,0.000272,0.000024
65.823128,0.000190,0.002194,-9.810184,0.000142,0.000189,0.000057
65.830109,-0.000440,-0.008031,-9.809840,0.000509,0.000398,-0.000077
65.837036,-0.000065,0.005320,-9.809346,0.000318,0.000262,0.000023
65.850914,-0.000141,0.000145,-9.810294,0.000265,0.000272,0.000024
65.857884,0.000015,-0.000019,-9.810001,0.000265,0.000272,0.000024
65.864797,0.000039,-0.000290,-9.809529,0.000300,0.000284,0.000023
65.871711,-0.000035,0.000241,-9.810485,0.000264,0.000272,0.000024
65.878718,0.000040,-0.000107,-9.810149,0.000266,0.000284,0.000023
65.892694,-0.000402,-0.007945,-9.810035,0.000510,0.000398,-0.000077
65.899576,-0.000068,0.005353,-9.809342,0.000319,0.000262,0.000023
65.906420,0.000502,0.000283,-9.810341,0.000295,0.000295,0.000023
65.913433,-0.000139,0.000142,-9.810288,0.000266,0.000272,0.000024
65.927367,0.000290,-0.000125,-9.809872,0.000294,0.000296,0.000023
65.934235,-0.000191,0.000077,-9.810401,0.000269,0.000277,0.000023
65.941247,0.000186,0.002283,-9.809893,0.000143,0.000178,0.000058
65.948118,-0.000361,-0.008208,-9.810098,0.000508,0.000404,-0.000078
65.962075,0.000386,0.000447,-9.810696,0.000264,0.000278,0.000023
65.969007,-0.000003,-0.000090,-9.810093,0.000267,0.000284,0.000023
65.975995,-0.000019,0.000042,-9.809839,0.000265,0.000272,0.000024
65.982862,0.000141,-0.000271,-9.809798,0.000298,0.000301,0.000023
65.996792,-0.000013,-0.000079,-9.810103,0.000268,0.000277,0.000023
66.003649,0.000182,0.002324,-9.809887,0.000143,0.000178,0.000058
66.010713,-0.000404,-0.007975,-9.810032,0.000510,0.000398,-0.000078
66.017592,-0.000068,0.005355,-9.809341,0.000319,0.000262,0.000023
66.024659,0.000486,0.000273,-9.810330,0.000295,0.000295,0.000023
66.038376,0.000015,-0.000018,-9.810004,0.000265,0.000272,0.000024
66.045512,0.000038,-0.000282,-9.809542,0.000301,0.000284,0.000023
66.052303,-0.000038,0.000229,-9.810481,0.000266,0.000272,0.000024
66.059325,0.000184,0.002145,-9.810150,0.000145,0.000189,0.000057
66.073092,0.000033,0.005332,-9.809617,0.000316,0.000279,0.000023
66.080064,0.000238,0.000435,-9.810363,0.000266,0.000271,0.000024
66.087005,0.000080,-0.000031,-9.810060,0.000264,0.000279,0.000023
66.094032,-0.000120,-0.000110,-9.809830,0.000270,0.000267,0.000022
66.100918,0.000133,0.000055,-9.810174,0.000264,0.000278,0.000023
66.114808,-0.000037,0.000226,-9.810473,0.000266,0.000272,0.000024
66.121717,0.000036,0.002172,-9.809819,0.000150,0.000166,0.000057
66.128771,-0.000158,-0.007825,-9.810370,0.000505,0.000409,-0.000077
66.135615,-0.000191,0.005296,-9.809161,0.000319,0.000262,0.000023
66.142674,0.000483,0.000275,-9.810331,0.000296,0.000295,0.000023
66.156461,0.000127,0.000120,-9.811075,0.000234,0.000283,0.000023
66.163430,0.000045,-0.000288,-9.809530,0.000269,0.000295,0.000021
66.170371,-0.000037,0.000223,-9.810470,0.000235,0.000283,0.000022
66.177369,0.000185,0.002153,-9.810152,0.000114,0.000200,0.000056
66.191323,-0.000068,0.005211,-9.809360,0.000320,0.000262,0.000023
66.198138,0.000341,0.000467,-9.810648,0.000267,0.000271,0.000024
66.205037,0.000081,-0.000034,-9.810057,0.000265,0.000278,0.000023
66.212066,-0.000023,-0.000093,-9.810098,0.000268,0.000283,0.000022
66.226097,0.000041,-0.000280,-9.809542,0.000301,0.000284,0.000022
66.232858,-0.000038,0.000230,-9.810483,0.000267,0.000272,0.000023
66.239777,0.000164,0.002250,-9.809990,0.000144,0.000178,0.000058
66.246794,-0.000409,-0.008030,-9.810034,0.000511,0.000397,-0.000078
66.260691,0.000492,0.000276,-9.810334,0.000296,0.000295,0.000023
66.267564,-0.000142,0.000146,-9.810296,0.000267,0.000272,0.000023
66.274585,-0.000111,-0.000098,-9.809834,0.000272,0.000260,0.000023
66.281570,0.000184,0.000045,-9.810233,0.000265,0.000278,0.000023
66.288393,-0.000021,-0.000096,-9.810099,0.000268,0.000283,0.000022
66.302294,-0.000361,-0.008205,-9.810099,0.000510,0.000404,-0.000079
66.309315,-0.000120,0.005254,-9.809293,0.000320,0.000262,0.000023
66.316206,0.000338,0.000464,-9.810642,0.000267,0.000271,0.000024
66.323135,0.000187,-0.000206,-9.809691,0.000296,0.000296,0.000023
66.330098,-0.000288,0.000060,-9.810128,0.000273,0.000260,0.000023
66.344060,0.000063,-0.000040,-9.810059,0.000265,0.000278,0.000023
66.350928,0.000024,0.002174,-9.809815,0.000149,0.000172,0.000056
66.357893,-0.000342,-0.007998,-9.810144,0.000512,0.000397,-0.000078
66.364838,0.000034,0.005322,-9.809617,0.000318,0.000279,0.000023
66.371809,0.000237,0.000436,-9.810362,0.000267,0.000271,0.000023
66.385714,-0.000094,0.000252,-9.811168,0.000236,0.000283,0.000022
66.392784,0.000042,-0.000088,-9.810163,0.000237,0.000294,0.000021
66.399704,-0.000051,-0.000038,-9.809218,0.000262,0.000275,0.000024
66.406640,0.000222,0.002190,-9.809871,0.000144,0.000184,0.000057
66.420503,-0.000067,0.005323,-9.809346,0.000321,0.000262,0.000022
66.427513,0.000332,0.000454,-9.810630,0.000268,0.000271,0.000023
66.434319,0.000191,-0.000209,-9.809688,0.000296,0.000296,0.000023
66.441301,-0.000191,0.000077,-9.810396,0.000271,0.000277,0.000023
66.448255,0.000043,0.000045,-9.809904,0.000267,0.000272,0.000023
66.462228,0.000178,0.002283,-9.809890,0.000145,0.000178,0.000058
66.469110,-0.000346,-0.008069,-9.810905,0.000479,0.000415,-0.000080
66.476146,-0.000129,0.005122,-9.808504,0.000321,0.000262,0.000022
66.483051,0.000332,0.000460,-9.810641,0.000268,0.000271,0.000023
66.497085,-0.000091,0.000244,-9.811136,0.000236,0.000283,0.000022
66.503951,0.000062,0.000061,-9.810275,0.000225,0.000291,0.000023
66.510936,-0.000022,-0.000292,-9.809101,0.000269,0.000284,0.000022
66.517820,0.000118,0.002318,-9.809826,0.000146,0.000178,0.000057
66.524984,-0.000384,-0.007748,-9.810805,0.000481,0.000408,-0.000079
66.538645,0.000393,0.000455,-9.810709,0.000235,0.000289,0.000022
66.545610,-0.000041,-0.000134,-9.809136,0.000267,0.000272,0.000023
66.552550,0.000034,-0.000291,-9.809529,0.000303,0.000283,0.000022
66.566410,0.000018,-0.000019,-9.810001,0.000268,0.000272,0.000023
66.573424,0.000174,0.002138,-9.810151,0.000147,0.000189,0.000056
66.580495,-0.000432,-0.007901,-9.809874,0.000513,0.000397,-0.000078
66.587238,0.000034,0.005484,-9.809606,0.000319,0.000279,0.000022
66.601176,0.000027,-0.000022,-9.809997,0.000268,0.000272,0.000023
66.608214,0.000007,-0.000029,-9.809999,0.000268,0.000272,0.000023
66.615076,-0.000068,-0.000120,-9.809892,0.000272,0.000266,0.000022
66.622023,0.000131,0.000053,-9.810171,0.000267,0.000278,0.000022
66.628958,0.000027,0.002153,-9.809816,0.000151,0.000172,0.000056
66.642906,0.000034,0.005241,-9.809622,0.000319,0.000279,0.000022
66.649763,0.000241,0.000443,-9.810370,0.000269,0.000271,0.000023
66.656697,0.000027,-0.000022,-9.809997,0.000268,0.000272,0.000023
66.663729,0.000165,-0.000207,-9.809703,0.000297,0.000295,0.000022
66.677629,0.000042,0.000044,-9.809904,0.000268,0.000272,0.000023
66.684477,0.000126,0.002201,-9.810090,0.000149,0.000183,0.000057
66.691492,-0.000286,-0.007954,-9.810203,0.000510,0.000414,-0.000078
66.698436,-0.000060,0.005336,-9.809373,0.000316,0.000278,0.000023
66.705445,0.000233,0.000404,-9.810336,0.000269,0.000271,0.000023
66.719217,0.000007,-0.000029,-9.810000,0.000268,0.000272,0.000023
66.726336,-0.000118,-0.000107,-9.809834,0.000274,0.000260,0.000023
66.733166,0.000301,-0.000079,-9.809910,0.000293,0.000294,0.000023
66.740075,-0.000162,0.000092,-9.810258,0.000269,0.000272,0.000023
66.754018,0.000085,0.001287,-9.810063,0.000273,0.000281,0.000022
66.760987,0.000040,0.000074,-9.809834,0.000269,0.000272,0.000023
66.767900,-0.000019,-0.000089,-9.810102,0.000271,0.000277,0.000023
66.774930,0.000036,0.000045,-9.809913,0.000267,0.000271,0.000023
66.788778,-0.000290,0.000048,-9.810119,0.000275,0.000259,0.000022
66.795706,0.000139,0.000065,-9.810176,0.000268,0.000272,0.000023
66.802617,0.000010,-0.000030,-9.809998,0.000268,0.000272,0.000023
66.809651,0.000030,-0.000100,-9.810162,0.000270,0.000283,0.000022
66.816505,-0.000051,-0.000023,-9.809937,0.000272,0.000277,0.000023
66.830414,0.000116,-0.000198,-9.809638,0.000299,0.000289,0.000023
66.837332,-0.000094,0.000251,-9.811163,0.000238,0.000282,0.000022
66.844305,-0.000107,-0.000097,-9.809833,0.000243,0.000271,0.000021
66.851191,0.000333,0.002326,-9.810225,0.000114,0.000195,0.000056
66.865102,0.000025,0.005360,-9.809617,0.000320,0.000278,0.000022
66.872021,0.000239,0.000437,-9.810364,0.000270,0.000271,0.000023
66.878990,0.000027,-0.000022,-9.809998,0.000269,0.000272,0.000023
66.885910,0.000061,-0.000038,-9.810061,0.000268,0.000278,0.000022
66.892925,-0.000173,-0.000102,-9.809770,0.000275,0.000260,0.000022
66.899810,0.000333,0.002329,-9.810225,0.000146,0.000184,0.000057
66.913899,-0.000064,0.005135,-9.809369,0.000323,0.000262,0.000022
66.920640,0.000345,0.000473,-9.810657,0.000270,0.000271,0.000023
66.927622,0.000133,-0.000195,-9.809632,0.000300,0.000289,0.000023
66.934515,-0.000094,0.000252,-9.811167,0.000238,0.000282,0.000022
66.948461,0.000080,0.002178,-9.809888,0.000119,0.000183,0.000055
66.955366,-0.000360,-0.008194,-9.809336,0.000514,0.000397,-0.000078
66.962346,0.000058,0.005354,-9.809519,0.000317,0.000274,0.000022
66.969269,0.000181,0.000314,-9.810567,0.000273,0.000276,0.000023
66.976288,0.000052,0.000038,-9.809897,0.000269,0.000271,0.000023
66.990096,0.000174,0.002147,-9.810150,0.000149,0.000189,0.000056
66.997088,-0.000437,-0.007989,-9.809873,0.000514,0.000397,-0.000079
67.004010,0.000033,0.005343,-9.809617,0.000320,0.000278,0.000022
67.010980,0.000237,0.000436,-9.810362,0.000270,0.000271,0.000023
67.024911,0.000007,-0.000029,-9.809999,0.000269,0.000272,0.000023
67.031822,0.000011,0.000001,-9.810026,0.000267,0.000271,0.000023
67.038732,0.000076,0.002124,-9.809856,0.000152,0.000172,0.000056
67.045736,-0.000341,-0.007956,-9.810142,0.000514,0.000397,-0.000079
67.052593,0.000065,0.005455,-9.809510,0.000317,0.000274,0.000022
67.066557,-0.000006,-0.000086,-9.810098,0.000273,0.000276,0.000022
67.073454,0.000035,0.000033,-9.809899,0.000270,0.000271,0.000023
67.080449,0.000176,0.002146,-9.810150,0.000150,0.000189,0.000056
67.087297,-0.000446,-0.008156,-9.809870,0.000515,0.000397,-0.000079
67.101263,0.000212,0.000378,-9.810466,0.000270,0.000271,0.000023
67.108215,-0.000006,-0.000085,-9.810098,0.000273,0.000276,0.000022
67.115085,0.000035,0.000034,-9.809899,0.000270,0.000271,0.000023
67.122102,0.000009,-0.000028,-9.809999,0.000270,0.000271,0.000023
67.135960,-0.000023,0.001312,-9.809937,0.000276,0.000274,0.000022
67.142936,0.000094,0.000068,-9.809899,0.000270,0.000271,0.000023
67.149877,0.000064,-0.000038,-9.810061,0.000269,0.000278,0.000022
67.156803,-0.000175,-0.000102,-9.809767,0.000276,0.000260,0.000022
67.163772,0.000132,0.000065,-9.810179,0.000269,0.000271,0.000023
67.170715,0.000139,-0.000277,-9.809795,0.000302,0.000300,0.000022
67.184745,0.000017,-0.000017,-9.810002,0.000270,0.000271,0.000023
67.191586,0.000007,-0.000029,-9.810000,0.000270,0.000271,0.000023
67.198473,-0.000122,-0.000110,-9.809829,0.000276,0.000260,0.000022
67.212393,0.000207,0.002203,-9.810050,0.000147,0.000184,0.000056
67.219354,-0.000467,-0.008087,-9.809970,0.000515,0.000397,-0.000079
67.226261,-0.000067,0.005335,-9.809345,0.000324,0.000261,0.000022
67.233167,0.000337,0.000461,-9.810639,0.000271,0.000271,0.000023
67.240077,0.000028,-0.000025,-9.809995,0.000270,0.000271,0.000023
67.253979,0.000177,0.002191,-9.810154,0.000150,0.000189,0.000056
67.261000,-0.000435,-0.007957,-9.809872,0.000515,0.000397,-0.000079
67.267884,0.000034,0.005372,-9.809615,0.000321,0.000278,0.000022
67.274987,0.000233,0.000427,-9.810355,0.000271,0.000271,0.000023
67.281856,0.000027,-0.000022,-9.809997,0.000271,0.000271,0.000022
67.295785,0.000007,-0.000028,-9.810001,0.000271,0.000271,0.000022
67.302736,-0.000108,-0.001450,-9.810104,0.000280,0.000210,-0.000010
67.309652,0.000085,0.001295,-9.810064,0.000275,0.000280,0.000022
67.316575,0.000040,0.000074,-9.809834,0.000271,0.000271,0.000022
67.330478,0.000034,0.000032,-9.809900,0.000271,0.000271,0.000022
67.337344,0.000010,-0.000027,-9.809999,0.000271,0.000271,0.000022
67.344353,0.000030,-0.000100,-9.810163,0.000273,0.000283,0.000021
67.351229,-0.000020,0.000042,-9.809835,0.000271,0.000271,0.000022
67.358189,-0.000020,-0.000089,-9.810102,0.000274,0.000276,0.000022
67.372055,0.000010,-0.000028,-9.809999,0.000271,0.000271,0.000022
67.379146,0.000029,-0.000099,-9.810159,0.000273,0.000283,0.000021
67.385986,0.000128,0.002344,-9.809831,0.000149,0.000177,0.000057
67.393005,-0.000393,-0.007916,-9.810815,0.000484,0.000408,-0.000080
67.406811,0.000337,0.000462,-9.810640,0.000240,0.000282,0.000022
67.413817,0.000027,-0.000025,-9.809995,0.000239,0.000283,0.000021
67.420708,0.000007,-0.000029,-9.810000,0.000239,0.000282,0.000021
67.427729,0.000203,0.002199,-9.810050,0.000116,0.000195,0.000055
67.441540,-0.000072,0.005303,-9.809349,0.000325,0.000261,0.000022
67.448523,0.000348,0.000572,-9.811424,0.000240,0.000281,0.000022
67.455456,0.000033,-0.000022,-9.809995,0.000239,0.000282,0.000021
67.462418,0.000007,-0.000029,-9.809999,0.000240,0.000282,0.000021
67.476280,-0.000051,-0.001326,-9.809905,0.000246,0.000216,-0.000011
67.483221,0.000060,0.001230,-9.810163,0.000244,0.000292,0.000020
67.490159,0.000023,-0.000044,-9.809036,0.000271,0.000271,0.000022
67.497155,-0.000024,-0.000092,-9.810100,0.000274,0.000276,0.000022
67.511033,0.000009,-0.000028,-9.809999,0.000271,0.000271,0.000022
67.517940,-0.000024,-0.000092,-9.810102,0.000275,0.000276,0.000022
67.524868,0.000035,0.000034,-9.809900,0.000272,0.000271,0.000022
67.531836,0.000009,-0.000028,-9.809999,0.000272,0.000271,0.000022
67.538773,-0.000015,-0.000280,-9.809467,0.000308,0.000277,0.000022
67.552644,0.000024,-0.000018,-9.810000,0.000240,0.000282,0.000021
67.559671,0.000150,0.002206,-9.809989,0.000118,0.000188,0.000055
67.566510,-0.000420,-0.008238,-9.810034,0.000485,0.000408,-0.000080
67.573484,-0.000067,0.005282,-9.809351,0.000294,0.000272,0.000020
67.587348,0.000028,-0.000025,-9.809994,0.000240,0.000282,0.000021
67.594357,0.000007,-0.000029,-9.810000,0.000240,0.000282,0.000021
67.601320,0.000151,0.002227,-9.809988,0.000118,0.000188,0.000055
67.608306,-0.000411,-0.008065,-9.810035,0.000485,0.000408,-0.000080
67.622087,0.000238,0.000437,-9.810365,0.000241,0.000282,0.000021
67.629146,0.000027,-0.000022,-9.809997,0.000240,0.000282,0.000021
67.636007,0.000007,-0.000029,-9.809999,0.000240,0.000282,0.000021
67.642957,0.000007,-0.000028,-9.809999,0.000240,0.000282,0.000021
67.649860,-0.000109,-0.001460,-9.810106,0.000249,0.000221,-0.000012
67.663893,0.000087,0.000062,-9.809899,0.000272,0.000271,0.000022
67.670724,0.000011,-0.000028,-9.809999,0.000272,0.000271,0.000022
67.677748,0.000007,-0.000029,-9.809999,0.000272,0.000271,0.000022
67.684600,-0.000123,-0.000111,-9.809829,0.000278,0.000259,0.000022
67.698516,-0.000044,-0.000023,-9.809935,0.000272,0.000271,0.000022
67.705384,-0.000023,-0.000090,-9.810103,0.000275,0.000276,0.000022
67.712427,0.000034,0.000033,-9.809901,0.000272,0.000271,0.000022
67.719320,0.000010,-0.000028,-9.809999,0.000272,0.000271,0.000022
67.726385,0.000030,-0.000099,-9.810161,0.000274,0.000283,0.000021
67.740146,-0.000399,-0.008043,-9.810837,0.000486,0.000408,-0.000080
67.747135,-0.000061,0.005274,-9.809352,0.000294,0.000272,0.000020
67.754066,0.000335,0.000459,-9.810638,0.000241,0.000281,0.000021
67.761062,0.000028,-0.000025,-9.809994,0.000241,0.000282,0.000021
67.774880,0.000152,0.002234,-9.809989,0.000119,0.000188,0.000055
67.781844,-0.000412,-0.008090,-9.810036,0.000486,0.000408,-0.000080
67.788811,-0.000067,0.005287,-9.809349,0.000295,0.000272,0.000020
67.795758,0.000335,0.000458,-9.810637,0.000242,0.000281,0.000021
67.809648,0.000007,-0.000029,-9.810000,0.000241,0.000282,0.000021
67.816579,0.000152,0.002237,-9.809990,0.000119,0.000188,0.000055
67.823450,-0.000418,-0.008200,-9.810034,0.000486,0.000408,-0.000080
67.830482,-0.000098,0.005495,-9.809821,0.000260,0.000261,0.000021
67.844430,0.000068,-0.000043,-9.810055,0.000240,0.000289,0.000020
67.851313,-0.000191,-0.000221,-9.808961,0.000279,0.000259,0.000021
67.858168,0.000275,0.002345,-9.810164,0.000151,0.000177,0.000056
67.865219,-0.000390,-0.007878,-9.810815,0.000486,0.000407,-0.000080
67.879102,0.000331,0.000452,-9.810628,0.000242,0.000281,0.000021
67.885967,0.000028,-0.000025,-9.809994,0.000241,0.000282,0.000021
67.892978,0.000007,-0.000028,-9.809999,0.000241,0.000282,0.000021
67.899921,0.000151,0.002232,-9.809989,0.000119,0.000188,0.000055
67.913784,0.000061,0.005433,-9.809513,0.000289,0.000284,0.000021
67.920734,0.000210,0.000375,-9.810464,0.000242,0.000281,0.000021
67.927680,0.000024,-0.000023,-9.809997,0.000241,0.000282,0.000021
67.934626,-0.000023,-0.000092,-9.810100,0.000245,0.000287,0.000020
67.941510,0.000181,0.002315,-9.809888,0.000120,0.000188,0.000055
67.955394,-0.000230,0.005559,-9.809644,0.000266,0.000248,0.000021
67.962429,0.000497,0.000285,-9.810334,0.000242,0.000282,0.000021
67.969350,0.000020,-0.000036,-9.809992,0.000242,0.000282,0.000021
67.976310,0.000006,-0.000029,-9.810000,0.000242,0.000282,0.000021
67.983222,0.000152,0.002243,-9.809988,0.000120,0.000188,0.000055
67.997168,0.000060,0.005316,-9.809524,0.000290,0.000284,0.000020
68.004056,0.000212,0.000379,-9.810468,0.000242,0.000281,0.000021
68.011100,0.000024,-0.000023,-9.809997,0.000242,0.000282,0.000021
68.017976,-0.000023,-0.000092,-9.810102,0.000245,0.000287,0.000020
68.031888,-0.000415,-0.008185,-9.810035,0.000487,0.000408,-0.000080
68.038817,-0.000130,0.005515,-9.809919,0.000264,0.000265,0.000021
68.045788,0.000405,0.000267,-9.810065,0.000242,0.000282,0.000021
68.052654,0.000019,-0.000033,-9.809993,0.000242,0.000282,0.000021
68.059703,0.000007,-0.000029,-9.809999,0.000242,0.000282,0.000021
68.073500,-0.000414,-0.008124,-9.810035,0.000487,0.000408,-0.000081
68.080444,-0.000067,0.005305,-9.809346,0.000296,0.000272,0.000020
68.087387,0.000335,0.000458,-9.810637,0.000243,0.000281,0.000021
68.094374,0.000028,-0.000025,-9.809995,0.000242,0.000282,0.000021
68.101255,0.000007,-0.000029,-9.809999,0.000242,0.000282,0.000021
68.115210,-0.000410,-0.008043,-9.810035,0.000487,0.000408,-0.000081
68.122073,-0.000100,0.005632,-9.809815,0.000261,0.000260,0.000021
68.129194,0.000370,0.000201,-9.810163,0.000242,0.000282,0.000021
68.135972,0.000016,-0.000034,-9.809994,0.000242,0.000282,0.000021
68.149895,0.000181,0.002314,-9.809888,0.000121,0.000188,0.000055
68.156826,-0.000412,-0.008127,-9.810034,0.000487,0.000407,-0.000081
68.163789,0.000060,0.005371,-9.809518,0.000290,0.000284,0.000020
68.170743,0.000211,0.000375,-9.810463,0.000243,0.000281,0.000021
68.184611,-0.000024,-0.000093,-9.810102,0.000246,0.000287,0.000020
68.191526,-0.000157,-0.001160,-9.810268,0.000218,0.000198,-0.000012
68.198551,0.000009,0.000931,-9.808688,0.000282,0.000257,0.000021
68.205425,0.000177,0.000075,-9.810169,0.000274,0.000271,0.000022
68.212514,0.000011,-0.000031,-9.809997,0.000274,0.000271,0.000022
68.226308,-0.000024,-0.000091,-9.810100,0.000278,0.000276,0.000021
68.233288,0.000034,0.000033,-9.809900,0.000275,0.000271,0.000022
68.240155,0.000010,-0.000027,-9.810000,0.000274,0.000271,0.000022
68.247137,0.000007,-0.000029,-9.810001,0.000275,0.000271,0.000022
68.261195,-0.000049,-0.001297,-9.809906,0.000281,0.000204,-0.000011
68.268088,0.000037,0.001310,-9.809999,0.000277,0.000269,0.000022
68.274966,0.000064,0.000004,-9.809998,0.000275,0.000271,0.000022
68.281873,-0.000120,-0.000111,-9.809829,0.000281,0.000259,0.000021
68.295808,0.000010,-0.000031,-9.809999,0.000275,0.000271,0.000022
68.302703,0.000007,-0.000029,-9.810000,0.000275,0.000271,0.000022
68.309632,0.000007,-0.000029,-9.810000,0.000275,0.000271,0.000022
68.316584,-0.000121,-0.000109,-9.809830,0.000281,0.000259,0.000021
68.330497,-0.000393,-0.007936,-9.810822,0.000488,0.000407,-0.000081
68.337423,0.000066,0.005403,-9.809516,0.000291,0.000284,0.000020
68.344403,0.000209,0.000373,-9.810462,0.000244,0.000281,0.000021
68.351341,0.000025,-0.000023,-9.809997,0.000243,0.000282,0.000020
68.358311,-0.000078,-0.001384,-9.810003,0.000249,0.000215,-0.000012
68.372220,0.000092,0.000066,-9.809897,0.000243,0.000282,0.000021
68.379187,0.000011,-0.000029,-9.809998,0.000243,0.000282,0.000020
68.386107,0.000007,-0.000029,-9.810000,0.000243,0.000282,0.000020
68.393034,-0.000023,-0.000091,-9.810101,0.000246,0.000287,0.000020
68.399987,-0.000125,0.000212,-9.810202,0.000214,0.000258,0.000021
68.413803,-0.000001,-0.000039,-9.809997,0.000243,0.000282,0.000020
68.420721,-0.000122,-0.000110,-9.809830,0.000249,0.000270,0.000020
68.427776,0.000046,-0.001286,-9.810173,0.000249,0.000215,-0.000012
68.434633,0.000092,0.001306,-9.810061,0.000245,0.000286,0.000020
68.441521,-0.000035,-0.000170,-9.809232,0.000278,0.000276,0.000021
68.455419,0.000010,-0.000028,-9.810000,0.000275,0.000271,0.000021
68.462469,0.000007,-0.000028,-9.810000,0.000275,0.000271,0.000021
68.469380,-0.000121,-0.000108,-9.809832,0.000281,0.000259,0.000021
68.476271,0.000132,0.000054,-9.810173,0.000275,0.000271,0.000021
68.483300,0.000010,-0.000031,-9.809997,0.000275,0.000271,0.000021
68.497203,-0.000001,0.001163,-9.810058,0.000281,0.000273,0.000021
68.504076,0.000090,0.000065,-9.809896,0.000276,0.000270,0.000021
68.511102,0.000011,-0.000028,-9.809999,0.000276,0.000271,0.000021
68.518011,0.000007,-0.000029,-9.810000,0.000276,0.000271,0.000021
68.531885,-0.000120,-0.000109,-9.809832,0.000282,0.000259,0.000021
68.538804,0.000146,0.000171,-9.810973,0.000244,0.000281,0.000020
68.545863,0.000015,-0.000027,-9.809998,0.000244,0.000282,0.000020
68.552742,0.000007,-0.000029,-9.809999,0.000244,0.000282,0.000020
68.566602,-0.000095,0.001231,-9.809830,0.000253,0.000268,0.000020
68.573507,0.000189,0.000087,-9.810170,0.000244,0.000282,0.000020
68.580508,0.000011,-0.000032,-9.809997,0.000244,0.000282,0.000020
68.587411,0.000006,-0.000029,-9.809999,0.000244,0.000282,0.000020
68.601316,0.000006,-0.000029,-9.809999,0.000244,0.000282,0.000020
68.608269,-0.000121,-0.000109,-9.809831,0.000250,0.000270,0.000020
68.615260,0.000130,0.000053,-9.810172,0.000244,0.000282,0.000020
68.622147,-0.000076,-0.001401,-9.810001,0.000250,0.000215,-0.000012
68.629194,0.000003,0.001219,-9.810100,0.000250,0.000284,0.000020
68.643031,0.000110,-0.000305,-9.808849,0.000275,0.000271,0.000021
68.649973,-0.000006,-0.000041,-9.809999,0.000276,0.000271,0.000021
68.656904,-0.000010,0.000025,-9.810898,0.000248,0.000286,0.000020
68.663902,0.000039,0.000036,-9.809901,0.000245,0.000282,0.000020
68.677789,0.000007,-0.000029,-9.809999,0.000245,0.000282,0.000020
68.684675,0.000007,-0.000028,-9.809999,0.000245,0.000282,0.000020
68.691595,-0.000109,-0.001457,-9.810104,0.000254,0.000220,-0.000013
68.698627,0.000061,0.001345,-9.809902,0.000248,0.000279,0.000020
68.705472,0.000067,0.000005,-9.809997,0.000245,0.000282,0.000020
68.719363,-0.000127,0.000216,-9.810203,0.000215,0.000258,0.000021
68.726344,0.000177,-0.000196,-9.809703,0.000244,0.000282,0.000020
68.733291,-0.000001,-0.000040,-9.809998,0.000245,0.000282,0.000020
68.740217,-0.000091,-0.000047,-9.809730,0.000248,0.000265,0.000020
68.754120,0.000186,0.002345,-9.809920,0.000120,0.000187,0.000055
68.761169,-0.000408,-0.008027,-9.809999,0.000490,0.000407,-0.000081
68.768077,-0.000047,0.005584,-9.809880,0.000262,0.000266,0.000020
68.774926,0.000329,0.000217,-9.810103,0.000245,0.000281,0.000020
68.781919,0.000016,-0.000032,-9.809995,0.000245,0.000282,0.000020
68.795819,-0.000205,-0.001465,-9.809834,0.000257,0.000203,-0.000013
68.802728,0.000159,0.001390,-9.810173,0.000248,0.000279,0.000020
68.809696,0.000067,0.000002,-9.809996,0.000245,0.000282,0.000020
68.816685,0.000008,-0.000030,-9.809999,0.000245,0.000282,0.000020
68.830676,-0.000023,-0.000090,-9.810099,0.000248,0.000287,0.000020
68.837458,-0.000068,0.000248,-9.810297,0.000212,0.000263,0.000020
68.844529,0.000075,-0.000398,-9.808936,0.000279,0.000276,0.000021
68.851395,0.000020,0.000021,-9.809897,0.000277,0.000270,0.000021
68.858323,0.000169,0.002357,-9.810786,0.000124,0.000187,0.000054
68.872209,-0.000045,0.005592,-9.809881,0.000264,0.000260,0.000020
68.879308,0.000370,0.000200,-9.810162,0.000245,0.000281,0.000020
68.886126,0.000016,-0.000035,-9.809994,0.000245,0.000282,0.000020
68.893061,0.000152,0.002235,-9.809988,0.000124,0.000187,0.000054
68.906947,-0.000132,0.005510,-9.809902,0.000267,0.000265,0.000020
68.913997,0.000399,0.000263,-9.810066,0.000246,0.000281,0.000020
68.920880,0.000019,-0.000033,-9.809992,0.000246,0.000282,0.000020
68.927893,0.000007,-0.000029,-9.809999,0.000246,0.000282,0.000020
68.934817,-0.000074,-0.001352,-9.810032,0.000249,0.000214,-0.000012
68.948670,0.000062,0.000003,-9.809998,0.000246,0.000282,0.000020
68.955612,0.000008,-0.000029,-9.809999,0.000246,0.000282,0.000020
68.962574,-0.000119,-0.000099,-9.809840,0.000251,0.000269,0.000020
68.976455,0.000110,-0.000310,-9.808835,0.000277,0.000271,0.000021
68.983445,0.000008,0.000076,-9.810790,0.000246,0.000281,0.000020
68.990337,0.000012,-0.000025,-9.810000,0.000246,0.000282,0.000020
68.997382,0.000120,0.002138,-9.810088,0.000127,0.000192,0.000054
69.004244,-0.000552,-0.007965,-9.810238,0.000461,0.000383,-0.000081
69.018124,0.000205,0.000370,-9.810467,0.000247,0.000281,0.000020
69.025011,0.000024,-0.000023,-9.809997,0.000246,0.000282,0.000020
69.032150,-0.000179,-0.001185,-9.810356,0.000221,0.000198,-0.000013
69.038984,0.000006,0.000956,-9.808652,0.000286,0.000257,0.000021
69.046016,0.000187,0.000188,-9.810953,0.000246,0.000281,0.000020
69.059744,0.000006,-0.000037,-9.809994,0.000246,0.000282,0.000020
69.066753,0.000006,-0.000029,-9.809999,0.000246,0.000282,0.000020
69.073672,0.000007,-0.000029,-9.810000,0.000246,0.000282,0.000020
69.080688,0.000007,-0.000028,-9.810000,0.000246,0.000281,0.000020
69.094549,0.000131,0.000054,-9.810173,0.000246,0.000281,0.000020
69.101502,-0.000181,-0.001218,-9.810365,0.000222,0.000198,-0.000013
69.108401,0.000104,0.000965,-9.808936,0.000283,0.000273,0.000021
69.115366,0.000078,0.000053,-9.809896,0.000278,0.000270,0.000021
69.129334,0.000012,-0.000026,-9.810000,0.000246,0.000281,0.000020
69.136198,0.000007,-0.000029,-9.809999,0.000246,0.000281,0.000020
69.143121,0.000007,-0.000029,-9.810001,0.000246,0.000281,0.000020
69.150093,-0.000152,0.000151,-9.810299,0.000217,0.000258,0.000020
69.156986,0.000145,-0.000263,-9.809802,0.000249,0.000287,0.000019
69.170905,0.000006,0.001241,-9.810101,0.000252,0.000284,0.000020
69.177897,0.000091,0.000065,-9.809898,0.000247,0.000281,0.000020
69.184803,-0.000094,0.000155,-9.810372,0.000215,0.000264,0.000020
69.191749,0.000106,-0.000318,-9.808835,0.000277,0.000271,0.000021
69.205614,0.000012,-0.000025,-9.810000,0.000247,0.000281,0.000020
69.212612,-0.000120,-0.000109,-9.809832,0.000253,0.000269,0.000019
69.219534,0.000131,0.000054,-9.810174,0.000247,0.000281,0.000020
69.226463,0.000010,-0.000030,-9.809997,0.000247,0.000281,0.000020
69.233494,-0.000182,-0.001203,-9.810363,0.000222,0.000197,-0.000013
69.240373,0.000104,0.000968,-9.808933,0.000284,0.000273,0.000021
69.254257,0.000025,0.000089,-9.810804,0.000247,0.000281,0.000020
69.261262,0.000012,-0.000025,-9.810000,0.000247,0.000281,0.000020
69.268123,-0.000047,-0.000020,-9.809937,0.000248,0.000275,0.000020
69.275102,0.000061,-0.000036,-9.810062,0.000247,0.000281,0.000020
69.288949,0.000062,-0.000036,-9.810064,0.000247,0.000281,0.000020
69.295961,-0.000183,-0.001208,-9.810363,0.000222,0.000197,-0.000013
69.302849,0.000006,0.000949,-9.808663,0.000287,0.000256,0.000020
69.309778,0.000190,0.000191,-9.810966,0.000247,0.000281,0.000020
69.323653,0.000007,-0.000029,-9.809999,0.000247,0.000281,0.000020
69.330717,0.000007,-0.000028,-9.809999,0.000247,0.000281,0.000020
69.337570,0.000007,-0.000029,-9.810001,0.000247,0.000281,0.000020
69.344573,-0.000278,0.000070,-9.810130,0.000224,0.000246,0.000020
69.358411,0.000002,-0.000042,-9.809995,0.000247,0.000281,0.000020
69.365392,-0.000078,-0.001382,-9.810003,0.000253,0.000215,-0.000013
69.372345,0.000034,0.001299,-9.810001,0.000250,0.000279,0.000020
69.379384,0.000063,0.000004,-9.809998,0.000247,0.000281,0.000020
69.386252,0.000015,0.000030,-9.810044,0.000243,0.000280,0.000020
69.400205,0.000127,0.000051,-9.810170,0.000247,0.000281,0.000020
69.407073,-0.000151,0.000151,-9.810303,0.000218,0.000258,0.000020
69.414032,0.000175,-0.000198,-9.809702,0.000247,0.000282,0.000020
69.420964,-0.000001,-0.000039,-9.809997,0.000248,0.000281,0.000020
69.434913,0.000006,0.001255,-9.810114,0.000252,0.000283,0.000020
69.441785,0.000091,0.000048,-9.809883,0.000248,0.000281,0.000020
69.448831,-0.000095,0.000139,-9.810357,0.000217,0.000264,0.000019
69.455677,0.000108,-0.000311,-9.808825,0.000279,0.000271,0.000021
69.462664,-0.000022,0.000013,-9.810889,0.000251,0.000286,0.000019
69.476484,-0.000151,0.000153,-9.810303,0.000218,0.000258,0.000020
69.483525,0.000173,-0.000195,-9.809707,0.000247,0.000282,0.000020
69.490397,-0.000002,-0.000040,-9.809997,0.000248,0.000281,0.000019
69.497411,-0.000078,-0.001375,-9.810004,0.000254,0.000215,-0.000013
69.511277,0.000187,0.000085,-9.810167,0.000248,0.000281,0.000020
69.518197,0.000011,-0.000031,-9.809998,0.000248,0.000281,0.000019
69.525151,-0.000152,0.000151,-9.810301,0.000219,0.000258,0.000020
69.532181,0.000173,-0.000196,-9.809706,0.000247,0.000281,0.000020
69.546045,0.000006,-0.000028,-9.809999,0.000248,0.000281,0.000019
69.552905,0.000008,-0.000024,-9.810004,0.000248,0.000281,0.000019
69.559875,-0.000109,-0.001451,-9.810101,0.000257,0.000219,-0.000013
69.566863,-0.000044,0.001523,-9.810263,0.000220,0.000262,0.000020
69.573762,0.000182,-0.000158,-9.809634,0.000248,0.000281,0.000019
69.587707,-0.000126,0.000214,-9.810201,0.000219,0.000257,0.000020
69.594815,0.000174,-0.000193,-9.809710,0.000248,0.000281,0.000019
69.601561,0.000005,0.000016,-9.810039,0.000244,0.000280,0.000020
69.608496,0.000002,-0.000082,-9.809959,0.000248,0.000281,0.000019
69.622452,0.000007,-0.000029,-9.810001,0.000248,0.000281,0.000019
69.629461,-0.000207,-0.001224,-9.810491,0.000224,0.000202,-0.000013
69.636345,0.000128,0.000986,-9.808805,0.000285,0.000273,0.000020
69.643257,0.000079,0.000054,-9.809895,0.000280,0.000270,0.000020
69.650330,-0.000080,0.000254,-9.811138,0.000218,0.000264,0.000019
69.664141,-0.000001,-0.000037,-9.809998,0.000248,0.000281,0.000019
69.671060,0.000007,-0.000029,-9.810000,0.000249,0.000281,0.000019
69.678098,-0.000151,0.000149,-9.810296,0.000219,0.000257,0.000020
69.691844,-0.000059,-0.001344,-9.809900,0.000255,0.000214,-0.000013
69.698868,0.000036,0.001286,-9.810000,0.000251,0.000279,0.000019
69.705814,-0.000042,0.000174,-9.810362,0.000218,0.000264,0.000019
69.712878,0.000090,-0.000250,-9.809742,0.000251,0.000286,0.000019
69.726557,-0.000097,0.000144,-9.810366,0.000218,0.000264,0.000019
69.733564,0.000120,-0.000189,-9.809643,0.000248,0.000281,0.000019
69.740491,-0.000001,-0.000037,-9.809998,0.000249,0.000281,0.000019
69.747485,-0.000090,-0.000047,-9.809731,0.000252,0.000264,0.000019
69.754386,0.000104,-0.000008,-9.810274,0.000249,0.000281,0.000019
69.768313,0.000131,0.001023,-9.808841,0.000286,0.000273,0.000020
69.775199,0.000082,0.000055,-9.809894,0.000281,0.000270,0.000020
69.782229,-0.000133,0.000265,-9.811084,0.000220,0.000257,0.000020
69.789097,0.000182,-0.000196,-9.809698,0.000248,0.000281,0.000019
69.796163,-0.000001,-0.000040,-9.809997,0.000249,0.000281,0.000019
69.809911,-0.000047,-0.000019,-9.809937,0.000250,0.000275,0.000020
69.816925,-0.000045,0.000133,-9.810423,0.000219,0.000264,0.000019
69.823844,0.000267,0.002077,-9.809625,0.000127,0.000187,0.000053
69.830988,-0.000410,-0.007896,-9.810032,0.000494,0.000406,-0.000082
69.844792,0.000394,0.000453,-9.810694,0.000216,0.000280,0.000019
69.851663,0.000022,-0.000336,-9.808549,0.000280,0.000270,0.000020
69.858602,0.000007,0.000079,-9.810796,0.000250,0.000281,0.000019
69.865535,-0.000233,-0.001207,-9.810308,0.000226,0.000191,-0.000013
69.872441,0.000203,0.001137,-9.809700,0.000251,0.000279,0.000019
69.886334,0.000007,-0.000030,-9.809999,0.000249,0.000281,0.000019
69.893263,0.000007,-0.000029,-9.810000,0.000250,0.000281,0.000019
69.900243,-0.000129,0.000079,-9.810462,0.000222,0.000269,0.000019
69.907172,0.000135,-0.000246,-9.808740,0.000281,0.000270,0.000020
69.914172,0.000011,0.000076,-9.810788,0.000250,0.000281,0.000019
69.928056,0.000317,0.002047,-9.809693,0.000127,0.000187,0.000053
69.934962,-0.000424,-0.008169,-9.810031,0.000494,0.000406,-0.000082
69.941891,-0.000227,0.005497,-9.809649,0.000274,0.000247,0.000019
69.948871,0.000531,0.000350,-9.810236,0.000247,0.000275,0.000020
69.962790,-0.000186,-0.001211,-9.810366,0.000225,0.000197,-0.000013
69.969728,0.000118,0.001077,-9.809739,0.000255,0.000284,0.000019
69.976583,0.000085,0.000058,-9.809895,0.000250,0.000281,0.000019
69.983643,-0.000094,0.000140,-9.810356,0.000219,0.000264,0.000019
69.990466,0.000123,-0.000194,-9.809632,0.000249,0.000281,0.000019
70.004432,0.000007,-0.000028,-9.809999,0.000250,0.000281,0.000019
70.011315,-0.000154,0.000153,-9.810304,0.000221,0.000257,0.000020
70.018367,0.000172,-0.000195,-9.809708,0.000249,0.000281,0.000019
70.025192,-0.000100,-0.000058,-9.809722,0.000253,0.000264,0.000019
70.032292,0.000018,-0.001339,-9.810269,0.000256,0.000214,-0.000013
70.046107,0.000082,0.000258,-9.810533,0.000219,0.000263,0.000019
70.052994,0.000127,-0.000194,-9.809633,0.000249,0.000281,0.000019
70.059961,-0.000001,-0.000038,-9.809997,0.000250,0.000281,0.000019
70.066971,-0.000047,-0.000020,-9.809940,0.000251,0.000275,0.000020
70.080860,-0.000151,0.000147,-9.810297,0.000221,0.000257,0.000020
70.087746,0.000176,-0.000199,-9.809698,0.000250,0.000281,0.000019
70.094835,-0.000085,-0.001372,-9.810001,0.000256,0.000214,-0.000014
70.101670,0.000003,0.001258,-9.810103,0.000256,0.000284,0.000019
70.108542,-0.000069,0.000249,-9.810201,0.000221,0.000257,0.000020
70.122578,-0.000001,-0.000040,-9.809996,0.000250,0.000281,0.000019
70.129460,-0.000101,0.000144,-9.810368,0.000220,0.000264,0.000019
70.136300,0.000123,-0.000193,-9.809633,0.000250,0.000281,0.000019
70.143252,-0.000001,-0.000038,-9.809999,0.000250,0.000281,0.000019
70.150313,-0.000150,0.000149,-9.810297,0.000221,0.000257,0.000019
70.164229,-0.000115,-0.001437,-9.810099,0.000259,0.000219,-0.000014
70.171105,0.000062,0.001376,-9.809900,0.000253,0.000278,0.000019
70.178087,-0.000093,0.000184,-9.810297,0.000221,0.000257,0.000019
70.185051,0.000182,-0.000150,-9.809737,0.000246,0.000280,0.000019
70.199067,0.000004,-0.000030,-9.809999,0.000251,0.000281,0.000019
70.205807,-0.000158,0.000157,-9.810311,0.000221,0.000257,0.000019
70.212851,0.000173,-0.000196,-9.809706,0.000250,0.000281,0.000019
70.219737,-0.000032,-0.000103,-9.810098,0.000254,0.000286,0.000018
70.233661,0.000149,0.001123,-9.809643,0.000253,0.000279,0.000019
70.240614,0.000056,-0.000006,-9.809996,0.000251,0.000281,0.000019
70.247471,-0.000100,0.000143,-9.810369,0.000220,0.000264,0.000019
70.254528,-0.000007,-0.000267,-9.809478,0.000256,0.000269,0.000018
70.261518,0.000129,0.000102,-9.810212,0.000246,0.000279,0.000019
70.275348,-0.000154,0.000149,-9.810300,0.000222,0.000257,0.000019
70.282370,0.000173,-0.000196,-9.809706,0.000250,0.000281,0.000019
70.289192,0.000004,0.000004,-9.810029,0.000248,0.000280,0.000019
70.296219,-0.000186,-0.001245,-9.810331,0.000226,0.000197,-0.000014
70.310092,0.000180,0.000078,-9.810168,0.000251,0.000281,0.000019
70.316999,0.000011,-0.000031,-9.809997,0.000251,0.000281,0.000019
70.323941,-0.000153,0.000151,-9.810301,0.000222,0.000257,0.000019
70.331000,0.000172,-0.000195,-9.809708,0.000251,0.000281,0.000019
70.344812,-0.000100,0.000143,-9.810367,0.000221,0.000263,0.000019
70.351801,0.000120,-0.000189,-9.809640,0.000251,0.000281,0.000019
70.358653,0.000146,0.002254,-9.809986,0.000129,0.000187,0.000053
70.365777,-0.000559,-0.007734,-9.810328,0.000467,0.000382,-0.000082
70.372567,0.000071,0.005519,-9.809509,0.000269,0.000259,0.000019
70.386509,0.000029,0.000076,-9.810076,0.000243,0.000278,0.000020
70.393500,0.000142,0.002114,-9.809910,0.000129,0.000187,0.000053
70.400497,-0.000573,-0.007877,-9.810334,0.000467,0.000383,-0.000082
70.407344,0.000124,0.005464,-9.809576,0.000268,0.000266,0.000018
70.421302,0.000016,-0.000032,-9.809995,0.000252,0.000281,0.000019
70.428234,-0.000008,0.002417,-9.810290,0.000100,0.000163,0.000053
70.435199,-0.000244,-0.008257,-9.809738,0.000496,0.000406,-0.000083
70.442086,-0.000108,0.005601,-9.809813,0.000270,0.000259,0.000019
70.449144,0.000372,0.000203,-9.810164,0.000252,0.000280,0.000019
70.462984,0.000317,0.002039,-9.809687,0.000129,0.000187,0.000053
70.469955,-0.000293,-0.008013,-9.810201,0.000491,0.000418,-0.000082
70.476799,-0.000357,0.005482,-9.809469,0.000276,0.000247,0.000018
70.483800,0.000391,0.000458,-9.810699,0.000221,0.000263,0.000019
70.490712,0.000135,-0.000198,-9.809628,0.000251,0.000281,0.000019
70.504653,-0.000449,-0.007913,-9.810514,0.000461,0.000394,-0.000082
70.511626,-0.000183,0.005201,-9.809176,0.000276,0.000247,0.000018
70.518565,0.000492,0.000280,-9.810340,0.000252,0.000280,0.000019
70.525406,0.000019,-0.000036,-9.809990,0.000252,0.000281,0.000019
70.539393,0.000052,0.003136,-9.808668,0.000297,0.000252,0.000020
70.546527,0.000373,0.000260,-9.811199,0.000250,0.000297,0.000019
70.553244,-0.000246,0.000135,-9.810025,0.000223,0.000257,0.000019
70.560154,0.000175,-0.000196,-9.809703,0.000252,0.000281,0.000019
70.574113,0.000034,0.001305,-9.810000,0.000255,0.000278,0.000019
70.581056,-0.000096,0.000184,-9.810299,0.000223,0.000257,0.000019
70.587954,0.000178,-0.000199,-9.809699,0.000252,0.000281,0.000019
70.594919,-0.000002,-0.000040,-9.809999,0.000252,0.000281,0.000018
70.601891,-0.000152,0.000151,-9.810299,0.000223,0.000257,0.000019
70.615847,-0.000001,-0.000039,-9.809998,0.000252,0.000281,0.000018
70.622649,-0.000156,0.000155,-9.810307,0.000223,0.000257,0.000019
70.629669,0.000317,0.002041,-9.809694,0.000130,0.000187,0.000053
70.637017,-0.000549,-0.007511,-9.810314,0.000468,0.000382,-0.000082
70.643483,0.000245,0.005603,-9.809161,0.000300,0.000283,0.000018
70.657400,0.000193,-0.000193,-9.809697,0.000252,0.000281,0.000018
70.664399,0.000143,0.002204,-9.809985,0.000131,0.000186,0.000053
70.671300,-0.000449,-0.007901,-9.810510,0.000462,0.000394,-0.000082
70.685200,0.000498,0.000284,-9.810343,0.000253,0.000280,0.000019
70.692096,0.000019,-0.000036,-9.809991,0.000253,0.000280,0.000018
70.699150,-0.000377,-0.003417,-9.810312,0.000351,0.000284,-0.000048
70.705978,0.000252,0.003391,-9.809689,0.000260,0.000275,0.000019
70.712990,0.000150,0.000052,-9.809992,0.000253,0.000280,0.000018
70.726791,-0.000154,0.000153,-9.810305,0.000224,0.000257,0.000019
70.733825,0.000089,-0.001539,-9.809710,0.000258,0.000214,-0.000014
70.740699,0.000026,0.001303,-9.809999,0.000256,0.000278,0.000019
70.747908,-0.000092,0.000176,-9.810287,0.000224,0.000257,0.000019
70.761591,-0.000001,-0.000040,-9.809998,0.000253,0.000280,0.000018
70.768523,-0.000100,0.000142,-9.810365,0.000223,0.000263,0.000018
70.775403,0.000122,-0.000191,-9.809635,0.000252,0.000281,0.000018
70.782468,-0.000135,0.000068,-9.810454,0.000226,0.000268,0.000018
70.789333,0.000136,-0.000247,-9.808728,0.000284,0.000270,0.000019
70.803218,-0.000244,-0.008386,-9.809733,0.000497,0.000406,-0.000083
70.810202,-0.000106,0.005522,-9.809816,0.000272,0.000259,0.000019
70.817193,0.000270,0.000375,-9.810526,0.000223,0.000263,0.000018
70.824076,0.000132,-0.000197,-9.809628,0.000253,0.000281,0.000018
70.831112,0.000037,0.002362,-9.810345,0.000101,0.000169,0.000052
70.844914,-0.000107,0.005562,-9.809816,0.000272,0.000259,0.000019
70.851921,0.000270,0.000374,-9.810525,0.000223,0.000263,0.000018
70.858806,0.000131,-0.000197,-9.809629,0.000253,0.000281,0.000018
70.865850,0.000037,0.002359,-9.810345,0.000101,0.000169,0.000052
70.879708,-0.000105,0.005504,-9.809818,0.000272,0.000259,0.000018
70.886547,0.000222,0.000393,-9.810473,0.000224,0.000256,0.000019
70.893457,0.000185,-0.000204,-9.809694,0.000253,0.000281,0.000018
70.900583,0.000140,0.002164,-9.809985,0.000132,0.000186,0.000052
70.914355,-0.000182,0.005200,-9.809183,0.000277,0.000247,0.000018
70.921332,0.000586,0.000297,-9.810605,0.000251,0.000297,0.000019
70.928247,-0.000238,0.000124,-9.810020,0.000225,0.000257,0.000019
70.935205,0.000319,0.002062,-9.809693,0.000131,0.000186,0.000053
70.942107,-0.000456,-0.007911,-9.810505,0.000463,0.000394,-0.000082
70.956037,0.000334,0.000154,-9.809188,0.000285,0.000269,0.000019
70.963017,-0.000131,0.000261,-9.811085,0.000225,0.000256,0.000019
70.969918,0.000327,0.002079,-9.809689,0.000131,0.000186,0.000052
70.976794,-0.000458,-0.007942,-9.810508,0.000464,0.000394,-0.000082
70.990755,0.000328,0.000151,-9.809203,0.000286,0.000269,0.000019
70.997908,-0.000127,0.000255,-9.811060,0.000225,0.000256,0.000019
71.004627,0.000336,0.002137,-9.809680,0.000131,0.000186,0.000052
71.011619,-0.000450,-0.007810,-9.810499,0.000464,0.000394,-0.000082
71.018622,-0.000033,0.005196,-9.809515,0.000274,0.000270,0.000017
71.032470,-0.000131,0.000260,-9.811084,0.000225,0.000256,0.000019
71.039326,0.000329,0.002094,-9.809686,0.000131,0.000186,0.000052
71.046363,-0.000447,-0.007760,-9.810495,0.000464,0.000394,-0.000082
71.053302,-0.000184,0.005236,-9.809177,0.000278,0.000247,0.000018
71.067196,-0.000234,0.000122,-9.810020,0.000225,0.000257,0.000019
71.074144,-0.000055,-0.003802,-9.809728,0.000381,0.000308,-0.000048
71.081087,0.000071,0.003480,-9.809982,0.000262,0.000274,0.000018
71.088073,0.000105,0.000071,-9.809935,0.000256,0.000274,0.000019
71.101904,0.000180,-0.000206,-9.809691,0.000254,0.000281,0.000018
71.108781,-0.000195,-0.001240,-9.810368,0.000230,0.000196,-0.000014
71.115838,0.000146,0.001120,-9.809645,0.000257,0.000278,0.000018
71.122682,0.000057,-0.000005,-9.809996,0.000254,0.000280,0.000018
71.136584,0.000175,-0.000198,-9.809702,0.000254,0.000281,0.000018
71.143494,-0.000108,0.000132,-9.810362,0.000224,0.000263,0.000018
71.150516,0.000119,-0.000189,-9.809643,0.000254,0.000281,0.000018
71.157392,-0.000162,0.000144,-9.810302,0.000225,0.000257,0.000019
71.164529,0.000170,-0.000193,-9.809711,0.000254,0.000281,0.000018
71.178241,-0.000580,-0.008017,-9.810339,0.000470,0.000382,-0.000083
71.185208,0.000069,0.005378,-9.809522,0.000273,0.000259,0.000018
71.192146,0.000371,0.000196,-9.810163,0.000255,0.000280,0.000018
71.199162,-0.000142,0.000144,-9.810292,0.000225,0.000257,0.000019
71.213059,-0.000448,-0.007770,-9.810496,0.000465,0.000394,-0.000082
71.219940,-0.000185,0.005281,-9.809171,0.000279,0.000247,0.000018
71.226846,0.000592,0.000300,-9.810612,0.000252,0.000297,0.000018
71.233888,-0.000234,0.000121,-9.810019,0.000226,0.000257,0.000018
71.247758,0.000071,0.003463,-9.809990,0.000263,0.000274,0.000018
71.254693,0.000000,0.000244,-9.810297,0.000226,0.000256,0.000019
71.261544,0.000181,-0.000202,-9.809695,0.000254,0.000280,0.000018
71.268588,-0.000001,-0.000039,-9.809998,0.000255,0.000280,0.000018
71.275468,-0.000241,-0.001220,-9.810308,0.000232,0.000190,-0.000014
71.289391,0.000002,0.000003,-9.809929,0.000256,0.000274,0.000019
71.296337,-0.000098,0.000143,-9.810365,0.000226,0.000257,0.000018
71.303235,0.000176,-0.000200,-9.809699,0.000255,0.000280,0.000018
71.310163,-0.000108,0.000131,-9.810361,0.000225,0.000263,0.000018
71.317183,0.000119,-0.000189,-9.809644,0.000255,0.000280,0.000018
71.331089,0.000173,-0.000196,-9.809705,0.000255,0.000280,0.000018
71.337973,0.000038,0.002414,-9.810352,0.000103,0.000169,0.000052
71.344982,-0.000297,-0.008199,-9.809676,0.000500,0.000406,-0.000083
71.351886,-0.000107,0.005589,-9.809815,0.000274,0.000258,0.000018
71.358799,0.000220,0.000389,-9.810470,0.000226,0.000256,0.000019
71.372712,0.000037,0.002396,-9.810349,0.000103,0.000169,0.000052
71.379785,-0.000273,-0.007878,-9.810203,0.000463,0.000401,-0.000083
71.386618,-0.000263,0.005198,-9.808289,0.000311,0.000236,0.000019
71.393489,0.000506,0.000400,-9.811149,0.000256,0.000279,0.000018
71.400494,0.000015,0.000155,-9.810619,0.000222,0.000280,0.000018
71.414435,0.000133,0.001116,-9.809644,0.000290,0.000267,0.000019
71.421302,-0.000091,0.000295,-9.811105,0.000227,0.000256,0.000018
71.428202,0.000182,-0.000196,-9.809699,0.000255,0.000280,0.000018
71.435297,-0.000001,-0.000040,-9.809997,0.000256,0.000280,0.000018
71.449164,0.000174,-0.000197,-9.809702,0.000255,0.000280,0.000018
71.456004,-0.000164,0.000143,-9.810305,0.000227,0.000256,0.000018
71.463037,0.000173,-0.000196,-9.809705,0.000255,0.000280,0.000018
71.469978,-0.000016,0.002403,-9.810287,0.000105,0.000162,0.000053
71.483885,-0.000216,0.005360,-9.808758,0.000306,0.000247,0.000019
71.490735,0.000230,0.000510,-9.811283,0.000227,0.000256,0.000019
71.497800,0.000187,-0.000196,-9.809701,0.000255,0.000280,0.000018
71.504675,-0.000249,-0.001232,-9.810305,0.000233,0.000190,-0.000014
71.511597,0.000202,0.001135,-9.809702,0.000258,0.000278,0.000018
71.525473,-0.000153,0.000152,-9.810303,0.000227,0.000256,0.000018
71.532507,0.000173,-0.000196,-9.809706,0.000255,0.000280,0.000018
71.539378,-0.000163,0.000143,-9.810300,0.000227,0.000256,0.000018
71.546392,0.000173,-0.000196,-9.809706,0.000255,0.000280,0.000018
71.560212,0.000174,-0.000227,-9.809680,0.000255,0.000280,0.000018
71.567235,-0.000388,-0.003443,-9.810309,0.000355,0.000284,-0.000049
71.574099,0.000250,0.003372,-9.809691,0.000263,0.000274,0.000018
71.581150,0.000150,0.000051,-9.809992,0.000256,0.000280,0.000018
71.594945,0.000175,-0.000198,-9.809703,0.000256,0.000280,0.000018
71.601957,-0.000191,-0.001217,-9.810360,0.000232,0.000196,-0.000015
71.608808,0.000149,0.001154,-9.809635,0.000259,0.000278,0.000018
71.615825,-0.000102,0.000173,-9.810294,0.000227,0.000256,0.000018
71.622788,0.000175,-0.000198,-9.809701,0.000256,0.000280,0.000018
71.636594,0.000177,-0.000200,-9.809698,0.000256,0.000280,0.000018
71.643566,-0.000107,0.000130,-9.810358,0.000226,0.000263,0.000017
71.650595,0.000119,-0.000189,-9.809645,0.000256,0.000280,0.000018
71.657404,-0.000164,0.000146,-9.810306,0.000227,0.000256,0.000018
71.664471,0.000314,0.002028,-9.809695,0.000134,0.000186,0.000052
71.678297,-0.000042,0.005252,-9.808455,0.000306,0.000248,0.000019
71.685276,0.000271,0.000480,-9.811318,0.000226,0.000262,0.000018
71.692133,0.000137,-0.000195,-9.809628,0.000256,0.000280,0.000018
71.699193,-0.000242,-0.001198,-9.810296,0.000233,0.000190,-0.000014
71.713052,-0.000050,0.000163,-9.810358,0.000226,0.000263,0.000017
71.720015,0.000122,-0.000191,-9.809638,0.000256,0.000280,0.000018
71.726879,-0.000163,0.000145,-9.810304,0.000228,0.000256,0.000018
71.733881,0.000173,-0.000196,-9.809705,0.000256,0.000280,0.000018
71.740761,-0.000163,0.000142,-9.810301,0.000228,0.000256,0.000018
71.754667,-0.000162,0.000142,-9.810300,0.000228,0.000256,0.000018
71.761624,0.000089,-0.001555,-9.809707,0.000262,0.000213,-0.000015
71.768632,-0.000133,0.001456,-9.810295,0.000231,0.000254,0.000018
71.775517,0.000233,-0.000167,-9.809698,0.000256,0.000280,0.000018
71.789413,0.000181,-0.000204,-9.809690,0.000256,0.000280,0.000017
71.796346,-0.000108,0.000131,-9.810361,0.000227,0.000263,0.000017
71.803389,0.000119,-0.000188,-9.809645,0.000257,0.000280,0.000017
71.810251,-0.000162,0.000144,-9.810304,0.000228,0.000256,0.000018
71.817209,0.000174,-0.000198,-9.809702,0.000257,0.000280,0.000017
71.831171,-0.000220,-0.007871,-9.810264,0.000465,0.000400,-0.000083
71.838049,-0.000262,0.005162,-9.808300,0.000313,0.000236,0.000018
71.844948,0.000602,0.000417,-9.811414,0.000255,0.000296,0.000018
71.851975,-0.000229,0.000125,-9.810020,0.000228,0.000256,0.000018
71.858832,0.000090,-0.001575,-9.809704,0.000263,0.000213,-0.000015
71.872761,0.000332,-0.000149,-9.809969,0.000254,0.000297,0.000018
71.879725,-0.000256,0.000118,-9.810024,0.000228,0.000256,0.000018
71.886669,0.000068,-0.000024,-9.810068,0.000226,0.000263,0.000017
71.893599,0.000113,-0.000201,-9.809636,0.000257,0.000280,0.000017
71.907460,0.000175,-0.000198,-9.809701,0.000257,0.000280,0.000017
71.914437,-0.000160,0.000139,-9.810298,0.000228,0.000256,0.000018
71.921389,-0.000017,-0.001385,-9.810070,0.000232,0.000196,-0.000015
71.928274,0.000141,0.001137,-9.809632,0.000260,0.000278,0.000018
71.935240,-0.000104,0.000174,-9.810295,0.000228,0.000256,0.000018
71.949186,-0.000054,-0.000030,-9.809937,0.000259,0.000273,0.000018
71.956087,-0.000002,0.000163,-9.810638,0.000226,0.000273,0.000018
71.963041,-0.000028,-0.000050,-9.809793,0.000227,0.000263,0.000017
71.970013,0.000112,-0.000198,-9.809639,0.000257,0.000280,0.000017
71.976871,-0.000163,0.000145,-9.810304,0.000229,0.000256,0.000018
71.990808,-0.000452,-0.007842,-9.810501,0.000468,0.000394,-0.000083
71.997777,-0.000086,0.005233,-9.809451,0.000279,0.000263,0.000017
72.004713,0.000333,0.000458,-9.810637,0.000226,0.000272,0.000018
72.011623,-0.000016,-0.000052,-9.809785,0.000227,0.000263,0.000017
72.018638,0.000027,-0.001544,-9.809645,0.000263,0.000213,-0.000015
72.032511,0.000071,0.000013,-9.809999,0.000227,0.000263,0.000017
72.039417,0.000115,-0.000201,-9.809634,0.000258,0.000280,0.000017
72.046329,-0.000162,0.000143,-9.810301,0.000229,0.000256,0.000018
72.053337,0.000173,-0.000196,-9.809706,0.000258,0.000280,0.000017
72.060215,-0.000163,0.000142,-9.810300,0.000229,0.000256,0.000018
72.074128,-0.000161,0.000141,-9.810299,0.000229,0.000256,0.000018
72.081118,-0.000017,-0.001378,-9.810069,0.000233,0.000196,-0.000015
72.088051,0.000140,0.001129,-9.809635,0.000260,0.000278,0.000017
72.094921,-0.000105,0.000177,-9.810300,0.000229,0.000256,0.000018
72.101922,0.000174,-0.000197,-9.809704,0.000258,0.000280,0.000017
72.115901,0.000173,-0.000195,-9.809707,0.000258,0.000280,0.000017
72.122816,-0.000162,0.000141,-9.810300,0.000229,0.000256,0.000018
72.129821,0.000173,-0.000196,-9.809706,0.000258,0.000280,0.000017
72.136664,-0.000164,0.000143,-9.810302,0.000229,0.000256,0.000018
72.143565,0.000042,-0.003824,-9.809988,0.000383,0.000324,-0.000049
72.157455,0.000330,-0.000104,-9.809696,0.000258,0.000280,0.000017
72.164461,-0.000156,0.000137,-9.810294,0.000229,0.000256,0.000018
72.171350,0.000122,-0.000190,-9.809637,0.000259,0.000273,0.000018
72.178263,-0.000193,-0.001232,-9.810367,0.000235,0.000189,-0.000015
72.192164,-0.000105,0.000174,-9.810297,0.000229,0.000256,0.000018
72.199207,0.000173,-0.000196,-9.809705,0.000258,0.000280,0.000017
72.206062,-0.000162,0.000154,-9.810310,0.000229,0.000256,0.000018
72.213167,0.000265,-0.000187,-9.809965,0.000255,0.000297,0.000017
72.220025,-0.000262,0.000121,-9.810027,0.000230,0.000256,0.000018
72.233945,0.000165,-0.000206,-9.809703,0.000258,0.000280,0.000017
72.240797,-0.000298,-0.003508,-9.810592,0.000355,0.000300,-0.000049
72.247860,0.000148,0.003257,-9.809433,0.000266,0.000274,0.000018
72.254698,-0.000008,0.000239,-9.810300,0.000230,0.000256,0.000018
72.261678,0.000177,-0.000199,-9.809701,0.000258,0.000280,0.000017
72.275529,-0.000017,-0.001404,-9.810071,0.000234,0.000196,-0.000015
72.282629,0.000137,0.001102,-9.809643,0.000261,0.000278,0.000017
72.289401,-0.000107,0.000180,-9.810305,0.000230,0.000256,0.000018
72.296309,0.000177,-0.000199,-9.809699,0.000258,0.000280,0.000017
72.310232,0.000177,-0.000200,-9.809697,0.000258,0.000280,0.000017
72.317266,-0.000159,0.000138,-9.810294,0.000230,0.000256,0.000018
72.324143,0.000069,-0.000027,-9.810066,0.000228,0.000263,0.000017
72.331118,0.000112,-0.000201,-9.809637,0.000259,0.000280,0.000017
72.345065,0.000245,0.003304,-9.809697,0.000266,0.000274,0.000017
72.352012,-0.000006,0.000242,-9.810301,0.000229,0.000255,0.000018
72.358863,0.000179,-0.000213,-9.809688,0.000259,0.000280,0.000017
72.365863,-0.000160,0.000139,-9.810297,0.000230,0.000256,0.000018
72.372740,-0.000017,-0.001400,-9.810068,0.000234,0.000196,-0.000015
72.386667,-0.000104,0.000175,-9.810298,0.000230,0.000256,0.000018
72.393601,0.000176,-0.000199,-9.809700,0.000259,0.000280,0.000017
72.400632,-0.000159,0.000139,-9.810295,0.000230,0.000256,0.000017
72.407460,0.000168,-0.000009,-9.810342,0.000226,0.000279,0.000017
72.414562,0.000002,-0.000332,-9.808599,0.000291,0.000269,0.000018
72.428310,0.000020,-0.000014,-9.810003,0.000230,0.000256,0.000018
72.435316,-0.000062,-0.003796,-9.809716,0.000387,0.000307,-0.000050
72.442204,0.000071,0.003520,-9.809990,0.000268,0.000273,0.000017
72.449244,0.000000,0.000240,-9.810292,0.000230,0.000256,0.000018
72.463017,0.000167,-0.000209,-9.809699,0.000259,0.000280,0.000017
72.470056,-0.000243,-0.001203,-9.810297,0.000236,0.000189,-0.000015
72.476975,0.000202,0.001135,-9.809703,0.000262,0.000277,0.000017
72.483971,-0.000103,0.000172,-9.810293,0.000231,0.000256,0.000017
72.490855,0.000177,-0.000200,-9.809698,0.000259,0.000280,0.000017
72.504734,0.000167,-0.000009,-9.810339,0.000226,0.000279,0.000017
72.511689,-0.000158,-0.000159,-9.808869,0.000262,0.000245,0.000018
72.518687,0.000174,-0.000090,-9.810495,0.000260,0.000280,0.000017
72.525543,-0.000157,0.000155,-9.810308,0.000230,0.000256,0.000017
72.532591,-0.000064,-0.003586,-9.810340,0.000354,0.000307,-0.000050
72.546411,0.000253,0.000513,-9.811433,0.000225,0.000267,0.000018
72.553382,0.000062,-0.000280,-9.809527,0.000259,0.000280,0.000017
72.560271,-0.000165,0.000143,-9.810302,0.000231,0.000256,0.000017
72.567289,-0.000016,-0.001373,-9.810068,0.000235,0.000196,-0.000016
72.574175,0.000141,0.001137,-9.809633,0.000262,0.000277,0.000017
72.588109,0.000020,0.000005,-9.810021,0.000228,0.000256,0.000018
72.594966,0.000167,-0.000234,-9.809677,0.000260,0.000280,0.000017
72.602027,-0.000160,0.000137,-9.810293,0.000231,0.000256,0.000017
72.608909,0.000176,-0.000200,-9.809699,0.000260,0.000280,0.000017
72.615895,-0.000160,0.000140,-9.810298,0.000231,0.000256,0.000017
72.629742,0.000034,-0.003827,-9.809984,0.000385,0.000324,-0.000050
72.636761,-0.000184,0.003611,-9.810020,0.000239,0.000250,0.000018
72.643697,0.000328,-0.000103,-9.809696,0.000260,0.000279,0.000017
72.650627,-0.000158,0.000138,-9.810297,0.000231,0.000256,0.000017
72.664529,-0.000094,-0.001198,-9.810630,0.000234,0.000206,-0.000015
72.671441,0.000105,0.001113,-9.809425,0.000263,0.000277,0.000017
72.678350,-0.000105,0.000177,-9.810300,0.000231,0.000256,0.000017
72.685312,0.000017,-0.000019,-9.810003,0.000231,0.000256,0.000017
72.692253,0.000294,-0.000128,-9.809869,0.000254,0.000292,0.000017
72.706127,0.000012,-0.000016,-9.810005,0.000231,0.000256,0.000017
72.713108,0.000166,-0.000208,-9.809702,0.000260,0.000280,0.000017
72.720064,-0.000158,0.000164,-9.810314,0.000230,0.000255,0.000017
72.727008,0.000317,0.002040,-9.809674,0.000138,0.000185,0.000051
72.740848,-0.000087,0.005306,-9.809442,0.000282,0.000263,0.000016
72.747921,0.000327,0.000448,-9.810627,0.000229,0.000272,0.000017
72.754868,0.000029,-0.000011,-9.810004,0.000227,0.000273,0.000017
72.761718,-0.000179,-0.001438,-9.809719,0.000237,0.000189,-0.000015
72.768777,0.000190,0.001103,-9.809707,0.000263,0.000277,0.000017
72.782590,-0.000080,-0.000039,-9.809732,0.000231,0.000256,0.000017
72.789562,0.000165,-0.000206,-9.809702,0.000260,0.000280,0.000017
72.796452,-0.000162,0.000142,-9.810302,0.000232,0.000256,0.000017
72.803410,0.000143,0.000063,-9.810172,0.000225,0.000268,0.000018
72.817464,-0.000160,0.000138,-9.810291,0.000232,0.000256,0.000017
72.824214,-0.000017,-0.001426,-9.810072,0.000236,0.000196,-0.000016
72.831292,0.000137,0.001106,-9.809643,0.000263,0.000277,0.000017
72.838140,-0.000106,0.000178,-9.810301,0.000232,0.000256,0.000017
72.852106,0.000165,-0.000206,-9.809702,0.000261,0.000280,0.000017
72.858939,-0.000164,0.000143,-9.810304,0.000232,0.000256,0.000017
72.865971,0.000068,-0.000027,-9.810065,0.000230,0.000262,0.000017
72.872832,0.000114,-0.000203,-9.809632,0.000261,0.000280,0.000017
72.879783,-0.000161,0.000142,-9.810298,0.000232,0.000256,0.000017
72.893661,0.000143,0.003312,-9.809419,0.000269,0.000273,0.000017
72.900656,-0.000009,0.000233,-9.810292,0.000232,0.000255,0.000017
72.907528,0.000019,-0.000020,-9.810000,0.000232,0.000256,0.000017
72.914620,0.000164,-0.000205,-9.809706,0.000261,0.000279,0.000016
72.921493,-0.000249,-0.001231,-9.810305,0.000238,0.000189,-0.000015
72.935444,-0.000102,0.000169,-9.810291,0.000232,0.000256,0.000017
72.942286,0.000146,0.000064,-9.810175,0.000226,0.000268,0.000018
72.949292,0.000042,-0.000289,-9.809531,0.000261,0.000280,0.000016
72.956168,-0.000166,0.000145,-9.810304,0.000232,0.000255,0.000017
72.970101,0.000165,-0.000206,-9.809703,0.000261,0.000279,0.000016
72.976977,-0.000163,0.000143,-9.810302,0.000232,0.000256,0.000017
72.984031,-0.000159,-0.003592,-9.810080,0.000358,0.000290,-0.000050
72.990897,0.000188,0.003368,-9.809624,0.000269,0.000273,0.000017
72.998007,-0.000007,0.000228,-9.810287,0.000233,0.000255,0.000017
73.011737,0.000165,-0.000227,-9.809687,0.000261,0.000279,0.000016
73.018707,-0.000247,-0.001217,-9.810299,0.000239,0.000189,-0.000016
73.025670,0.000201,0.001128,-9.809704,0.000264,0.000277,0.000017
73.032629,-0.000104,0.000172,-9.810295,0.000233,0.000255,0.000017
73.046466,0.000042,-0.000292,-9.809526,0.000261,0.000280,0.000016
73.053472,-0.000163,0.000141,-9.810299,0.000233,0.000255,0.000017
73.060361,0.000015,-0.000017,-9.810002,0.000232,0.000256,0.000017
73.067353,0.000166,-0.000207,-9.809701,0.000261,0.000279,0.000016
73.081295,-0.000211,-0.003576,-9.810019,0.000360,0.000283,-0.000050
73.088205,0.000242,0.003354,-9.809702,0.000268,0.000273,0.000017
73.095065,-0.000009,0.000221,-9.810285,0.000233,0.000255,0.000017
73.102102,0.000175,-0.000198,-9.809704,0.000262,0.000279,0.000016
73.108964,-0.000163,0.000143,-9.810302,0.000233,0.000255,0.000017
73.122846,0.000100,0.001127,-9.809423,0.000264,0.000277,0.000017
73.129833,-0.000105,0.000167,-9.810289,0.000233,0.000255,0.000017
73.136788,0.000113,-0.000001,-9.810273,0.000230,0.000273,0.000017
73.143692,-0.000091,-0.000050,-9.809726,0.000233,0.000256,0.000017
73.157628,-0.000260,0.000121,-9.810027,0.000233,0.000255,0.000017
73.164606,0.000111,0.000003,-9.810274,0.000230,0.000273,0.000017
73.171511,-0.000090,-0.000050,-9.809727,0.000233,0.000256,0.000017
73.178430,-0.000073,-0.003651,-9.810351,0.000356,0.000306,-0.000050
73.185408,-0.000053,0.003096,-9.808398,0.000307,0.000250,0.000017
