sim_time_ns,gyro_x,gyro_y,gyro_z,accel_x,accel_y,accel_z
26379072000,0.0,0.0,-0.0,-2.9992222785949707,-0.0023180246353149414,-9.340276718139648
26385964000,0.0,0.0,-0.0,-2.9992222785949707,-0.0023180246353149414,-9.340276718139648
26392868000,0.0,0.0,-0.0,-2.9992222785949707,-0.0023180246353149414,-9.340276718139648
26399813000,0.0,0.0,-0.0,-2.9992222785949707,-0.0023180246353149414,-9.340276718139648
26413687000,0.0,0.0,-0.0,-2.9992222785949707,-0.0023180246353149414,-9.340276718139648
26420627000,0.0,0.0,-0.0,-2.9992222785949707,-0.0023180246353149414,-9.340276718139648
26427556000,0.0,0.0,-0.0,-2.9992222785949707,-0.0023180246353149414,-9.340276718139648
26434678000,0.0,0.0,-0.0,-2.9992222785949707,-0.0023180246353149414,-9.340276718139648
26441494000,0.0,0.0,-0.0,-2.9992222785949707,-0.0023180246353149414,-9.340276718139648
26455403000,0.0,0.0,-0.0,-2.9992222785949707,-0.0023180246353149414,-9.340276718139648
26462306000,0.0,0.0,-0.0,-2.9992222785949707,-0.0023180246353149414,-9.340276718139648
26469306000,0.0,0.0,-0.0,-2.9992222785949707,-0.0023180246353149414,-9.340276718139648
26476267000,0.0,0.0,-0.0,-2.9992222785949707,-0.0023180246353149414,-9.340276718139648
26490150000,0.0,0.0,-0.0,-2.9992222785949707,-0.0023180246353149414,-9.340276718139648
26497086000,0.0,0.0,-0.0,-2.9992222785949707,-0.0023180246353149414,-9.340276718139648
26504070000,0.0,0.0,-0.0,-2.9992222785949707,-0.0023180246353149414,-9.340276718139648
26511252000,0.0,0.0,-0.0,-2.9992222785949707,-0.0023180246353149414,-9.340276718139648
26518329000,0.0,0.0,-0.0,-2.9992222785949707,-0.0023180246353149414,-9.340276718139648
26531805000,0.0,0.0,-0.0,-2.9992222785949707,-0.0023180246353149414,-9.340276718139648
26538764000,0.0,0.0,-0.0,-2.9992222785949707,-0.0023180246353149414,-9.340276718139648
26545684000,0.0,0.0,-0.0,-2.9992222785949707,-0.0023180246353149414,-9.340276718139648
26552667000,0.0,0.0,-0.0,-2.9992222785949707,-0.0023180246353149414,-9.340276718139648
26566559000,0.0,0.0,-0.0,-2.9992222785949707,-0.0023180246353149414,-9.340276718139648
26573489000,0.0,0.0,-0.0,-2.9992222785949707,-0.0023180246353149414,-9.340276718139648
26580419000,0.0,0.0,-0.0,-2.9992222785949707,-0.0023180246353149414,-9.340276718139648
26587433000,0.0,0.0,-0.0,-2.9992222785949707,-0.0023180246353149414,-9.340276718139648
26594321000,0.0,0.0,-0.0,-2.9992222785949707,-0.0023180246353149414,-9.340276718139648
26608209000,0.0,0.0,-0.0,-2.9992222785949707,-0.0023180246353149414,-9.340276718139648
26615150000,0.0,0.0,-0.0,-2.9992222785949707,-0.0023180246353149414,-9.340276718139648
26622188000,0.0,0.0,-0.0,-2.9992222785949707,-0.0023180246353149414,-9.340276718139648
26629023000,0.0,0.0,-0.0,-2.9992222785949707,-0.0023180246353149414,-9.340276718139648
26642936000,0.0,0.0,-0.0,-2.9992222785949707,-0.0023180246353149414,-9.340276718139648
26649992000,0.0,0.0,-0.0,-2.9992222785949707,-0.0023180246353149414,-9.340276718139648
26656837000,0.0,0.0,-0.0,-2.9992222785949707,-0.0023180246353149414,-9.340276718139648
26663758000,0.0,0.0,-0.0,-2.9992222785949707,-0.0023180246353149414,-9.340276718139648
26677648000,0.0,0.0,-0.0,-2.9992222785949707,-0.0023180246353149414,-9.340276718139648
26684705000,0.0,0.0,-0.0,-2.9992222785949707,-0.0023180246353149414,-9.340276718139648
26691527000,0.0,0.0,-0.0,-2.9992222785949707,-0.0023180246353149414,-9.340276718139648
26698461000,0.0,0.0,-0.0,-2.9992222785949707,-0.0023180246353149414,-9.340276718139648
26705492000,0.0,0.0,-0.0,-2.9992222785949707,-0.0023180246353149414,-9.340276718139648
26719331000,0.0,0.0,-0.0,-2.9992222785949707,-0.0023180246353149414,-9.340276718139648
26726264000,0.0,0.0,-0.0,-2.9992222785949707,-0.0023180246353149414,-9.340276718139648
26733196000,0.0,0.0,-0.0,-2.9992222785949707,-0.0023180246353149414,-9.340276718139648
26740222000,0.0,0.0,-0.0,-2.9992222785949707,-0.0023180246353149414,-9.340276718139648
26754055000,0.0,0.0,-0.0,-2.9992222785949707,-0.0023180246353149414,-9.340276718139648
26761037000,0.0,0.0,-0.0,-2.9992222785949707,-0.0023180246353149414,-9.340276718139648
26767989000,0.0,0.0,-0.0,-2.9992222785949707,-0.0023180246353149414,-9.340276718139648
26774918000,0.0,0.0,-0.0,-2.9992222785949707,-0.0023180246353149414,-9.340276718139648
26781806000,0.0,0.0,-0.0,-2.9992222785949707,-0.0023180246353149414,-9.340276718139648
26795721000,0.0,0.0,-0.0,-2.9992222785949707,-0.0023180246353149414,-9.340276718139648
26802669000,0.0,0.0,-0.0,-2.9992222785949707,-0.0023180246353149414,-9.340276718139648
26809626000,0.0,0.0,-0.0,-2.9992222785949707,-0.0023180246353149414,-9.340276718139648
26816679000,0.0,0.0,-0.0,-2.9992222785949707,-0.0023180246353149414,-9.340276718139648
26823651000,0.0,0.0,-0.0,-2.9992222785949707,-0.0023180246353149414,-9.340276718139648
26837512000,0.0,0.0,-0.0,-2.9992222785949707,-0.0023180246353149414,-9.340276718139648
26844467000,0.0,0.0,-0.0,-2.9992222785949707,-0.0023180246353149414,-9.340276718139648
26851477000,0.0,0.0,-0.0,-2.9992222785949707,-0.0023180246353149414,-9.340276718139648
26858350000,0.0,0.0,-0.0,-2.9992222785949707,-0.0023180246353149414,-9.340276718139648
26872264000,0.0,0.0,-0.0,-2.9992222785949707,-0.0023180246353149414,-9.340276718139648
26879222000,0.0,0.0,-0.0,-2.9992222785949707,-0.0023180246353149414,-9.340276718139648
26886104000,0.0,0.0,-0.0,-2.9992222785949707,-0.0023180246353149414,-9.340276718139648
26893171000,0.0,0.0,-0.0,-2.9992222785949707,-0.0023180246353149414,-9.340276718139648
26900085000,0.0,0.0,-0.0,-2.9992222785949707,-0.0023180246353149414,-9.340276718139648
26913997000,0.0,0.0,-0.0,-2.9992222785949707,-0.0023180246353149414,-9.340276718139648
26920932000,0.0,0.0,-0.0,-2.9992222785949707,-0.0023180246353149414,-9.340276718139648
26927859000,0.0,0.0,-0.0,-2.9992222785949707,-0.0023180246353149414,-9.340276718139648
26934847000,0.0,0.0,-0.0,-2.9992222785949707,-0.0023180246353149414,-9.340276718139648
26948672000,0.0,0.0,-0.0,-2.9992222785949707,-0.0023180246353149414,-9.340276718139648
26955637000,0.0,0.0,-0.0,-2.9992222785949707,-0.0023180246353149414,-9.340276718139648
26962588000,0.0,0.0,-0.0,-2.9992222785949707,-0.0023180246353149414,-9.340276718139648
26969523000,0.0,0.0,-0.0,-2.9992222785949707,-0.0023180246353149414,-9.340276718139648
26983410000,0.0,0.0,-0.0,-2.9992222785949707,-0.0023180246353149414,-9.340276718139648
26990413000,0.0,0.0,-0.0,-2.9992222785949707,-0.0023180246353149414,-9.340276718139648
26997317000,0.0,0.0,-0.0,-2.9992222785949707,-0.0023180246353149414,-9.340276718139648
27004282000,0.0,0.0,-0.0,-2.9992222785949707,-0.0023180246353149414,-9.340276718139648
27011234000,0.0,0.0,-0.0,-2.9992222785949707,-0.0023180246353149414,-9.340276718139648
27025121000,0.0,0.0,-0.0,-2.9992222785949707,-0.0023180246353149414,-9.340276718139648
27032050000,0.0,0.0,-0.0,-2.9992222785949707,-0.0023180246353149414,-9.340276718139648
27038992000,0.0,0.0,-0.0,-2.9992222785949707,-0.0023180246353149414,-9.340276718139648
27045957000,0.0,0.0,-0.0,-2.9992222785949707,-0.0023180246353149414,-9.340276718139648
27052928000,0.0,0.0,-0.0,-2.9992222785949707,-0.0023180246353149414,-9.340276718139648
27066767000,0.0,0.0,-0.0,-2.9992222785949707,-0.0023180246353149414,-9.340276718139648
27073699000,0.0,0.0,-0.0,-2.9992222785949707,-0.0023180246353149414,-9.340276718139648
27080632000,0.0,0.0,-0.0,-2.9992222785949707,-0.0023180246353149414,-9.340276718139648
27087642000,0.0,0.0,-0.0,-2.9992222785949707,-0.0023180246353149414,-9.340276718139648
27101446000,0.0,0.0,-0.0,-2.9992222785949707,-0.0023180246353149414,-9.340276718139648
27108506000,0.0,0.0,-0.0,-2.9992222785949707,-0.0023180246353149414,-9.340276718139648
27115370000,0.0,0.0,-0.0,-2.9992222785949707,-0.0023180246353149414,-9.340276718139648
27122318000,0.0,0.0,-0.0,-2.9992222785949707,-0.0023180246353149414,-9.340276718139648
27136255000,0.0,0.0,-0.0,-2.9992222785949707,-0.0023180246353149414,-9.340276718139648
27143168000,0.0,0.0,-0.0,-2.9992222785949707,-0.0023180246353149414,-9.340276718139648
27150083000,0.0,0.0,-0.0,-2.9992222785949707,-0.0023180246353149414,-9.340276718139648
27157073000,0.0,0.0,-0.0,-2.9992222785949707,-0.0023180246353149414,-9.340276718139648
27171058000,0.0,0.0,-0.0,-2.9992222785949707,-0.0023180246353149414,-9.340276718139648
27178012000,0.0,0.0,-0.0,-2.9992222785949707,-0.0023180246353149414,-9.340276718139648
27184934000,0.0,0.0,-0.0,-2.9992222785949707,-0.0023180246353149414,-9.340276718139648
27191893000,0.0,0.0,-0.0,-2.9992222785949707,-0.0023180246353149414,-9.340276718139648
27198751000,0.0,0.0,-0.0,-2.9992222785949707,-0.0023180246353149414,-9.340276718139648
27212841000,0.0,0.0,-0.0,-2.9992222785949707,-0.0023180246353149414,-9.340276718139648
27219658000,0.0,0.0,-0.0,-2.9992222785949707,-0.0023180246353149414,-9.340276718139648
27226565000,0.0,0.0,-0.0,-2.9992222785949707,-0.0023180246353149414,-9.340276718139648
27233467000,0.0,0.0,-0.0,-2.9992222785949707,-0.0023180246353149414,-9.340276718139648
27247441000,0.0,0.0,-0.0,-2.9992222785949707,-0.0023180246353149414,-9.340276718139648
27254430000,0.0,0.0,-0.0,-2.9992222785949707,-0.0023180246353149414,-9.340276718139648
27261316000,0.0,0.0,-0.0,-2.9992222785949707,-0.0023180246353149414,-9.340276718139648
27268248000,0.0,0.0,-0.0,-2.9992222785949707,-0.0023180246353149414,-9.340276718139648
27275191000,0.0,0.0,-0.0,-2.9992222785949707,-0.0023180246353149414,-9.340276718139648
27289065000,0.0,0.0,-0.0,-2.9992222785949707,-0.0023180246353149414,-9.340276718139648
27295961000,0.0,0.0,-0.0,-2.9992222785949707,-0.0023180246353149414,-9.340276718139648
27302998000,0.0,0.0,-0.0,-2.9992222785949707,-0.0023180246353149414,-9.340276718139648
27309901000,0.0,0.0,-0.0,-2.9992222785949707,-0.0023180246353149414,-9.340276718139648
27323825000,0.0,0.0,-0.0,-2.9992222785949707,-0.0023180246353149414,-9.340276718139648
27330715000,0.0,0.0,-0.0,-2.9992222785949707,-0.0023180246353149414,-9.340276718139648
27337733000,0.0,0.0,-0.0,-2.9992222785949707,-0.0023180246353149414,-9.340276718139648
27344602000,0.0,0.0,-0.0,-2.9992222785949707,-0.0023180246353149414,-9.340276718139648
27351601000,0.0,0.0,-0.0,-2.9992222785949707,-0.0023180246353149414,-9.340276718139648
27365417000,0.0,0.0,-0.0,-2.9992222785949707,-0.0023180246353149414,-9.340276718139648
27372454000,0.0,0.0,-0.0,-2.9992222785949707,-0.0023180246353149414,-9.340276718139648
27379483000,0.0,0.0,-0.0,-2.9992222785949707,-0.0023180246353149414,-9.340276718139648
27386469000,0.0,0.0,-0.0,-2.9992222785949707,-0.0023180246353149414,-9.340276718139648
27400357000,0.0,0.0,-0.0,-2.9992222785949707,-0.0023180246353149414,-9.340276718139648
27407256000,0.0,0.0,-0.0,-2.9992222785949707,-0.0023180246353149414,-9.340276718139648
27414153000,0.0,0.0,-0.0,-2.9992222785949707,-0.0023180246353149414,-9.340276718139648
27421249000,0.0,0.0,-0.0,-2.9992222785949707,-0.0023180246353149414,-9.340276718139648
27435135000,0.0,0.0,-0.0,-2.9992222785949707,-0.0023180246353149414,-9.340276718139648
27442098000,0.0,0.0,-0.0,-2.9992222785949707,-0.0023180246353149414,-9.340276718139648
27449069000,0.0,0.0,-0.0,-2.9992222785949707,-0.0023180246353149414,-9.340276718139648
27455997000,0.0,0.0,-0.0,-2.9992222785949707,-0.0023180246353149414,-9.340276718139648
27462900000,0.0,0.0,-0.0,-2.9992222785949707,-0.0023180246353149414,-9.340276718139648
27476730000,0.0,0.0,-0.0,-2.9992222785949707,-0.0023180246353149414,-9.340276718139648
27483842000,0.0,0.0,-0.0,-2.9992222785949707,-0.0023180246353149414,-9.340276718139648
27490653000,0.0,0.0,-0.0,-2.9992222785949707,-0.0023180246353149414,-9.340276718139648
27497683000,0.0,0.0,-0.0,-2.9992222785949707,-0.0023180246353149414,-9.340276718139648
27511480000,0.0,0.0,-0.0,-2.9992222785949707,-0.0023180246353149414,-9.340276718139648
27518551000,0.0,0.0,-0.0,-2.9992222785949707,-0.0023180246353149414,-9.340276718139648
27525385000,0.0,0.0,-0.0,-2.9992222785949707,-0.0023180246353149414,-9.340276718139648
27532287000,0.0,0.0,-0.0,-2.9992222785949707,-0.0023180246353149414,-9.340276718139648
27546106000,0.0,0.0,-0.0,-2.9992222785949707,-0.0023180246353149414,-9.340276718139648
27553094000,0.0,0.0,-0.0,-2.9992222785949707,-0.0023180246353149414,-9.340276718139648
27560008000,0.0,0.0,-0.0,-2.9992222785949707,-0.0023180246353149414,-9.340276718139648
27566966000,0.0,0.0,-0.0,-2.9992222785949707,-0.0023180246353149414,-9.340276718139648
27573961000,0.0,0.0,-0.0,-2.9992222785949707,-0.0023180246353149414,-9.340276718139648
27587837000,0.0,0.0,-0.0,-2.9992222785949707,-0.0023180246353149414,-9.340276718139648
27594739000,0.0,0.0,-0.0,-2.9992222785949707,-0.0023180246353149414,-9.340276718139648
27601730000,0.0,0.0,-0.0,-2.9992222785949707,-0.0023180246353149414,-9.340276718139648
27608660000,0.0,0.0,-0.0,-2.9992222785949707,-0.0023180246353149414,-9.340276718139648
27615591000,0.0,0.0,-0.0,-2.9992222785949707,-0.0023180246353149414,-9.340276718139648
27629477000,0.0,0.0,-0.0,-2.9992222785949707,-0.0023180246353149414,-9.340276718139648
27636493000,0.0,0.0,-0.0,-2.9992222785949707,-0.0023180246353149414,-9.340276718139648
27643485000,0.0,0.0,-0.0,-2.9992222785949707,-0.0023180246353149414,-9.340276718139648
27650453000,0.0,0.0,-0.0,-2.9992222785949707,-0.0023180246353149414,-9.340276718139648
27657454000,0.0,0.0,-0.0,-2.9992222785949707,-0.0023180246353149414,-9.340276718139648
27672071000,0.0,0.0,-0.0,-2.9992222785949707,-0.0023180246353149414,-9.340276718139648
27672071000,0.0,0.0,-0.0,-2.9992222785949707,-0.0023180246353149414,-9.340276718139648
27686918000,0.0,0.0,-0.0,-2.9992222785949707,-0.0023180246353149414,-9.340276718139648
27693719000,0.0,0.0,-0.0,-2.9992222785949707,-0.0023180246353149414,-9.340276718139648
27700615000,0.0,0.0,-0.0,-2.9992222785949707,-0.0023180246353149414,-9.340276718139648
27714511000,0.0,0.0,-0.0,-2.9992222785949707,-0.0023180246353149414,-9.340276718139648
27721478000,0.0,0.0,-0.0,-2.9992222785949707,-0.0023180246353149414,-9.340276718139648
27728472000,0.0,0.0,-0.0,-2.9992222785949707,-0.0023180246353149414,-9.340276718139648
27735394000,0.0,0.0,-0.0,-2.9992222785949707,-0.0023180246353149414,-9.340276718139648
27749220000,0.0,0.0,-0.0,-2.9992222785949707,-0.0023180246353149414,-9.340276718139648
27756196000,0.0,0.0,-0.0,-2.9992222785949707,-0.0023180246353149414,-9.340276718139648
27763103000,0.0,0.0,-0.0,-2.9992222785949707,-0.0023180246353149414,-9.340276718139648
27770113000,0.0,0.0,-0.0,-2.9992222785949707,-0.0023180246353149414,-9.340276718139648
27777075000,0.0,0.0,-0.0,-2.9992222785949707,-0.0023180246353149414,-9.340276718139648
27790977000,0.0,0.0,-0.0,-2.9992222785949707,-0.0023180246353149414,-9.340276718139648
27797840000,0.0,0.0,-0.0,-2.9992222785949707,-0.0023180246353149414,-9.340276718139648
27804811000,0.0,0.0,-0.0,-2.9992222785949707,-0.0023180246353149414,-9.340276718139648
27811728000,0.0,0.0,-0.0,-2.9992222785949707,-0.0023180246353149414,-9.340276718139648
27818764000,0.0,0.0,-0.0,-2.9992222785949707,-0.0023180246353149414,-9.340276718139648
27832557000,0.0,0.0,-0.0,-2.9992222785949707,-0.0023180246353149414,-9.340276718139648
27839526000,0.0,0.0,-0.0,-2.9992222785949707,-0.0023180246353149414,-9.340276718139648
27846481000,0.0,0.0,-0.0,-2.9992222785949707,-0.0023180246353149414,-9.340276718139648
27853500000,0.0,0.0,-0.0,-2.9992222785949707,-0.0023180246353149414,-9.340276718139648
27867320000,0.0,0.0,-0.0,-2.9992222785949707,-0.0023180246353149414,-9.340276718139648
27874248000,0.0,0.0,-0.0,-2.9992222785949707,-0.0023180246353149414,-9.340276718139648
27881181000,0.0,0.0,-0.0,-2.9992222785949707,-0.0023180246353149414,-9.340276718139648
27888155000,0.0,0.0,-0.0,-2.9992222785949707,-0.0023180246353149414,-9.340276718139648
27902037000,0.0,0.0,-0.0,-2.9992222785949707,-0.0023180246353149414,-9.340276718139648
27908963000,0.0,0.0,-0.0,-2.9992222785949707,-0.0023180246353149414,-9.340276718139648
27915899000,0.0,0.0,-0.0,-2.9992222785949707,-0.0023180246353149414,-9.340276718139648
27922917000,0.0,0.0,-0.0,-2.9992222785949707,-0.0023180246353149414,-9.340276718139648
27929790000,0.0,0.0,-0.0,-2.9992222785949707,-0.0023180246353149414,-9.340276718139648
27943717000,0.0,0.0,-0.0,-2.9992222785949707,-0.0023180246353149414,-9.340276718139648
27950867000,0.0,0.0,-0.0,-2.9992222785949707,-0.0023180246353149414,-9.340276718139648
27957640000,0.0,0.0,-0.0,-2.9992222785949707,-0.0023180246353149414,-9.340276718139648
27964514000,0.0,0.0,-0.0,-2.9992222785949707,-0.0023180246353149414,-9.340276718139648
27971554000,0.0,0.0,-0.0,-2.9992222785949707,-0.0023180246353149414,-9.340276718139648
27985489000,0.0,0.0,-0.0,-2.9992222785949707,-0.0023180246353149414,-9.340276718139648
27992402000,0.0,0.0,-0.0,-2.9992222785949707,-0.0023180246353149414,-9.340276718139648
27999294000,0.0,0.0,-0.0,-2.9992222785949707,-0.0023180246353149414,-9.340276718139648
28006269000,0.0,0.0,-0.0,-2.9992222785949707,-0.0023180246353149414,-9.340276718139648
28020117000,0.0,0.0,-0.0,-2.9992222785949707,-0.0023180246353149414,-9.340276718139648
28027040000,0.0,0.0,-0.0,-2.9992222785949707,-0.0023180246353149414,-9.340276718139648
28034015000,0.0,0.0,-0.0,-2.9992222785949707,-0.0023180246353149414,-9.340276718139648
28040950000,0.0,0.0,-0.0,-2.9992222785949707,-0.0023180246353149414,-9.340276718139648
28054853000,0.0,0.0,-0.0,-2.9992222785949707,-0.0023180246353149414,-9.340276718139648
28061764000,0.0,0.0,-0.0,-2.9992222785949707,-0.0023180246353149414,-9.340276718139648
28068816000,0.0,0.0,-0.0,-2.9992222785949707,-0.0023180246353149414,-9.340276718139648
28075694000,0.0,0.0,-0.0,-2.9992222785949707,-0.0023180246353149414,-9.340276718139648
28082637000,0.0,0.0,-0.0,-2.9992222785949707,-0.0023180246353149414,-9.340276718139648
28096529000,0.0,0.0,-0.0,-2.9992222785949707,-0.0023180246353149414,-9.340276718139648
28103497000,0.0,0.0,-0.0,-2.9992222785949707,-0.0023180246353149414,-9.340276718139648
28110480000,0.0,0.0,-0.0,-2.9992222785949707,-0.0023180246353149414,-9.340276718139648
28117350000,0.0,0.0,-0.0,-2.9992222785949707,-0.0023180246353149414,-9.340276718139648
28124347000,0.0,0.0,-0.0,-2.9992222785949707,-0.0023180246353149414,-9.340276718139648
28138276000,0.0,0.0,-0.0,-2.9992222785949707,-0.0023180246353149414,-9.340276718139648
28145203000,0.0,0.0,-0.0,-2.9992222785949707,-0.0023180246353149414,-9.340276718139648
28152164000,0.0,0.0,-0.0,-2.9992222785949707,-0.0023180246353149414,-9.340276718139648
28159019000,0.0,0.0,-0.0,-2.9992222785949707,-0.0023180246353149414,-9.340276718139648
28165971000,0.0,0.0,-0.0,-2.9992222785949707,-0.0023180246353149414,-9.340276718139648
28179915000,0.0,0.0,-0.0,-2.9992222785949707,-0.0023180246353149414,-9.340276718139648
28186861000,0.0,0.0,-0.0,-2.9992222785949707,-0.0023180246353149414,-9.340276718139648
28193778000,0.0,0.0,-0.0,-2.9992222785949707,-0.0023180246353149414,-9.340276718139648
28200684000,0.0,0.0,-0.0,-2.9992222785949707,-0.0023180246353149414,-9.340276718139648
28214591000,0.0,0.0,-0.0,-2.9992222785949707,-0.0023180246353149414,-9.340276718139648
28221591000,0.0,0.0,-0.0,-2.9992222785949707,-0.0023180246353149414,-9.340276718139648
28228539000,0.0,0.0,-0.0,-2.9992222785949707,-0.0023180246353149414,-9.340276718139648
28235498000,0.0,0.0,-0.0,-2.9992222785949707,-0.0023180246353149414,-9.340276718139648
28242378000,0.0,0.0,-0.0,-2.9992222785949707,-0.0023180246353149414,-9.340276718139648
28256283000,0.0,0.0,-0.0,-2.9992222785949707,-0.0023180246353149414,-9.340276718139648
28263249000,0.0,0.0,-0.0,-2.9992222785949707,-0.0023180246353149414,-9.340276718139648
28270242000,0.0,0.0,-0.0,-2.9992222785949707,-0.0023180246353149414,-9.340276718139648
28277107000,0.0,0.0,-0.0,-2.9992222785949707,-0.0023180246353149414,-9.340276718139648
28291062000,0.0,0.0,-0.0,-2.9992222785949707,-0.0023180246353149414,-9.340276718139648
28297922000,0.0,0.0,-0.0,-2.9992222785949707,-0.0023180246353149414,-9.340276718139648
28304904000,0.0,0.0,-0.0,-2.9992222785949707,-0.0023180246353149414,-9.340276718139648
28311818000,0.0,0.0,-0.0,-2.9992222785949707,-0.0023180246353149414,-9.340276718139648
28325709000,0.0,0.0,-0.0,-2.9992222785949707,-0.0023180246353149414,-9.340276718139648
28332634000,0.0,0.0,-0.0,-2.9992222785949707,-0.0023180246353149414,-9.340276718139648
28339613000,0.0,0.0,-0.0,-2.9992222785949707,-0.0023180246353149414,-9.340276718139648
28346527000,0.0,0.0,-0.0,-2.9992222785949707,-0.0023180246353149414,-9.340276718139648
28353576000,0.0,0.0,-0.0,-2.9992222785949707,-0.0023180246353149414,-9.340276718139648
28367394000,0.0,0.0,-0.0,-2.9992222785949707,-0.0023180246353149414,-9.340276718139648
28374334000,0.0,0.0,-0.0,-2.9992222785949707,-0.0023180246353149414,-9.340276718139648
28381259000,0.0,0.0,-0.0,-2.9992222785949707,-0.0023180246353149414,-9.340276718139648
28388248000,0.0,0.0,-0.0,-2.9992222785949707,-0.0023180246353149414,-9.340276718139648
28402233000,0.0,0.0,-0.0,-2.9992222785949707,-0.0023180246353149414,-9.340276718139648
28409069000,0.0,0.0,-0.0,-2.9992222785949707,-0.0023180246353149414,-9.340276718139648
28415997000,0.0,0.0,-0.0,-2.9992222785949707,-0.0023180246353149414,-9.340276718139648
28422992000,0.0,0.0,-0.0,-2.9992222785949707,-0.0023180246353149414,-9.340276718139648
28436896000,0.0,0.0,-0.0,-2.9992222785949707,-0.0023180246353149414,-9.340276718139648
28443760000,0.0,0.0,-0.0,-2.9992222785949707,-0.0023180246353149414,-9.340276718139648
28450706000,0.0,0.0,-0.0,-2.9992222785949707,-0.0023180246353149414,-9.340276718139648
28457673000,0.0,0.0,-0.0,-2.9992222785949707,-0.0023180246353149414,-9.340276718139648
28464609000,0.0,0.0,-0.0,-2.9992222785949707,-0.0023180246353149414,-9.340276718139648
28478514000,0.0,0.0,-0.0,-2.9992222785949707,-0.0023180246353149414,-9.340276718139648
28485571000,0.0,0.0,-0.0,-2.9992222785949707,-0.0023180246353149414,-9.340276718139648
28492387000,0.0,0.0,-0.0,-2.9992222785949707,-0.0023180246353149414,-9.340276718139648
28499308000,0.0,0.0,-0.0,-2.9992222785949707,-0.0023180246353149414,-9.340276718139648
28513212000,0.0,0.0,-0.0,-2.9992222785949707,-0.0023180246353149414,-9.340276718139648
28520196000,0.0,0.0,-0.0,-2.9992222785949707,-0.0023180246353149414,-9.340276718139648
28527089000,0.0,0.0,-0.0,-2.9992222785949707,-0.0023180246353149414,-9.340276718139648
28534066000,0.0,0.0,-0.0,-2.9992222785949707,-0.0023180246353149414,-9.340276718139648
28541078000,0.0,0.0,-0.0,-2.9992222785949707,-0.0023180246353149414,-9.340276718139648
28554903000,0.0,0.0,-0.0,-2.9992222785949707,-0.0023180246353149414,-9.340276718139648
28561820000,0.0,0.0,-0.0,-2.9992222785949707,-0.0023180246353149414,-9.340276718139648
28568830000,0.0,0.0,-0.0,-2.9992222785949707,-0.0023180246353149414,-9.340276718139648
28575725000,0.0,0.0,-0.0,-2.9992222785949707,-0.0023180246353149414,-9.340276718139648
28582680000,0.0,0.0,-0.0,-2.9992222785949707,-0.0023180246353149414,-9.340276718139648
28596540000,0.0,0.0,-0.0,-2.9992222785949707,-0.0023180246353149414,-9.340276718139648
28603523000,0.0,0.0,-0.0,-2.9992222785949707,-0.0023180246353149414,-9.340276718139648
28610449000,0.0,0.0,-0.0,-2.9992222785949707,-0.0023180246353149414,-9.340276718139648
28617381000,0.0,0.0,-0.0,-2.9992222785949707,-0.0023180246353149414,-9.340276718139648
28624373000,0.0,0.0,-0.0,-2.9992222785949707,-0.0023180246353149414,-9.340276718139648
28638276000,0.0,0.0,-0.0,-2.9992222785949707,-0.0023180246353149414,-9.340276718139648
28645198000,0.0,0.0,-0.0,-2.9992222785949707,-0.0023180246353149414,-9.340276718139648
28652088000,0.0,0.0,-0.0,-2.9992222785949707,-0.0023180246353149414,-9.340276718139648
28659137000,0.0,0.0,-0.0,-2.9992222785949707,-0.0023180246353149414,-9.340276718139648
28672997000,0.0,0.0,-0.0,-2.9992222785949707,-0.0023180246353149414,-9.340276718139648
28679941000,0.0,0.0,-0.0,-2.9992222785949707,-0.0023180246353149414,-9.340276718139648
28686909000,0.0,0.0,-0.0,-2.9992222785949707,-0.0023180246353149414,-9.340276718139648
28693795000,0.0,0.0,-0.0,-2.9992222785949707,-0.0023180246353149414,-9.340276718139648
28700713000,0.0,0.0,-0.0,-2.9992222785949707,-0.0023180246353149414,-9.340276718139648
28714700000,0.0,0.0,-0.0,-2.9992222785949707,-0.0023180246353149414,-9.340276718139648
28721654000,0.0,0.0,-0.0,-2.9992222785949707,-0.0023180246353149414,-9.340276718139648
28728562000,0.0,0.0,-0.0,-2.9992222785949707,-0.0023180246353149414,-9.340276718139648
28735520000,0.0,0.0,-0.0,-2.9992222785949707,-0.0023180246353149414,-9.340276718139648
28749421000,0.0,0.0,-0.0,-2.9992222785949707,-0.0023180246353149414,-9.340276718139648
28756345000,0.0,0.0,-0.0,-2.9992222785949707,-0.0023180246353149414,-9.340276718139648
28763254000,0.0,0.0,-0.0,-2.9992222785949707,-0.0023180246353149414,-9.340276718139648
28770233000,0.0,0.0,-0.0,-2.9992222785949707,-0.0023180246353149414,-9.340276718139648
28777423000,0.0,0.0,-0.0,-2.9992222785949707,-0.0023180246353149414,-9.340276718139648
28791131000,0.0,0.0,-0.0,-2.9992222785949707,-0.0023180246353149414,-9.340276718139648
28797938000,0.0,0.0,-0.0,-2.9992222785949707,-0.0023180246353149414,-9.340276718139648
28804994000,0.0,0.0,-0.0,-2.9992222785949707,-0.0023180246353149414,-9.340276718139648
28811893000,0.0,0.0,-0.0,-2.9992222785949707,-0.0023180246353149414,-9.340276718139648
28825776000,0.0,0.0,-0.0,-2.9992222785949707,-0.0023180246353149414,-9.340276718139648
28832685000,0.0,0.0,-0.0,-2.9992222785949707,-0.0023180246353149414,-9.340276718139648
28839673000,0.0,0.0,-0.0,-2.9992222785949707,-0.0023180246353149414,-9.340276718139648
28846585000,0.0,0.0,-0.0,-2.9992222785949707,-0.0023180246353149414,-9.340276718139648
28853571000,0.0,0.0,-0.0,-2.9992222785949707,-0.0023180246353149414,-9.340276718139648
28867445000,0.0,0.0,-0.0,-2.9992222785949707,-0.0023180246353149414,-9.340276718139648
28874373000,0.0,0.0,-0.0,-2.9992222785949707,-0.0023180246353149414,-9.340276718139648
28881325000,0.0,0.0,-0.0,-2.9992222785949707,-0.0023180246353149414,-9.340276718139648
28888301000,0.0,0.0,-0.0,-2.9992222785949707,-0.0023180246353149414,-9.340276718139648
28902157000,0.0,0.0,-0.0,-2.9992222785949707,-0.0023180246353149414,-9.340276718139648
28909074000,0.0,0.0,-0.0,-2.9992222785949707,-0.0023180246353149414,-9.340276718139648
28916032000,0.0,0.0,-0.0,-2.9992222785949707,-0.0023180246353149414,-9.340276718139648
28922980000,0.0,0.0,-0.0,-2.9992222785949707,-0.0023180246353149414,-9.340276718139648
28929905000,0.0,0.0,-0.0,-2.9992222785949707,-0.0023180246353149414,-9.340276718139648
28943813000,0.0,0.0,-0.0,-2.9992222785949707,-0.0023180246353149414,-9.340276718139648
28950758000,0.0,0.0,-0.0,-2.9992222785949707,-0.0023180246353149414,-9.340276718139648
28957758000,0.0,0.0,-0.0,-2.9992222785949707,-0.0023180246353149414,-9.340276718139648
28964615000,0.0,0.0,-0.0,-2.9992222785949707,-0.0023180246353149414,-9.340276718139648
28971575000,0.0,0.0,-0.0,-2.9992222785949707,-0.0023180246353149414,-9.340276718139648
28985494000,0.0,0.0,-0.0,-2.9992222785949707,-0.0023180246353149414,-9.340276718139648
28992414000,0.0,0.0,-0.0,-2.9992222785949707,-0.0023180246353149414,-9.340276718139648
28999434000,0.0,0.0,-0.0,-2.9992222785949707,-0.0023180246353149414,-9.340276718139648
29006295000,0.0,0.0,-0.0,-2.9992222785949707,-0.0023180246353149414,-9.340276718139648
29020241000,0.0,0.0,-0.0,-2.9992222785949707,-0.0023180246353149414,-9.340276718139648
29027104000,0.0,0.0,-0.0,-2.9992222785949707,-0.0023180246353149414,-9.340276718139648
29034043000,0.0,0.0,-0.0,-2.9992222785949707,-0.0023180246353149414,-9.340276718139648
29041055000,0.0,0.0,-0.0,-2.9992222785949707,-0.0023180246353149414,-9.340276718139648
29047984000,0.0,0.0,-0.0,-2.9992222785949707,-0.0023180246353149414,-9.340276718139648
29061843000,0.0,0.0,-0.0,-2.9992222785949707,-0.0023180246353149414,-9.340276718139648
29068826000,0.0,0.0,-0.0,-2.9992222785949707,-0.0023180246353149414,-9.340276718139648
29075740000,0.0,0.0,-0.0,-2.9992222785949707,-0.0023180246353149414,-9.340276718139648
29082723000,0.0,0.0,-0.0,-2.9992222785949707,-0.0023180246353149414,-9.340276718139648
29096550000,0.0,0.0,-0.0,-2.9992222785949707,-0.0023180246353149414,-9.340276718139648
29103572000,0.0,0.0,-0.0,-2.9992222785949707,-0.0023180246353149414,-9.340276718139648
29110478000,0.0,0.0,-0.0,-2.9992222785949707,-0.0023180246353149414,-9.340276718139648
29117418000,0.0,0.0,-0.0,-2.9992222785949707,-0.0023180246353149414,-9.340276718139648
29124389000,0.0,0.0,-0.0,-2.9992222785949707,-0.0023180246353149414,-9.340276718139648
29138259000,0.0,0.0,-0.0,-2.9992222785949707,-0.0023180246353149414,-9.340276718139648
29145174000,0.0,0.0,-0.0,-2.9992222785949707,-0.0023180246353149414,-9.340276718139648
29152121000,0.0,0.0,-0.0,-2.9992222785949707,-0.0023180246353149414,-9.340276718139648
29159091000,0.0,0.0,-0.0,-2.9992222785949707,-0.0023180246353149414,-9.340276718139648
29166001000,0.0,0.0,-0.0,-2.9992222785949707,-0.0023180246353149414,-9.340276718139648
29179953000,0.0,0.0,-0.0,-2.9992222785949707,-0.0023180246353149414,-9.340276718139648
29186913000,0.0,0.0,-0.0,-2.9992222785949707,-0.0023180246353149414,-9.340276718139648
29193820000,0.0,0.0,-0.0,-2.9992222785949707,-0.0023180246353149414,-9.340276718139648
29200768000,0.0,0.0,-0.0,-2.9992222785949707,-0.0023180246353149414,-9.340276718139648
29207709000,0.0,0.0,-0.0,-2.9992222785949707,-0.0023180246353149414,-9.340276718139648
29221636000,0.0,0.0,-0.0,-2.9992222785949707,-0.0023180246353149414,-9.340276718139648
29228548000,0.0,0.0,-0.0,-2.9992222785949707,-0.0023180246353149414,-9.340276718139648
29235563000,0.0,0.0,-0.0,-2.9992222785949707,-0.0023180246353149414,-9.340276718139648
29242476000,0.0,0.0,-0.0,-2.9992222785949707,-0.0023180246353149414,-9.340276718139648
29256315000,0.0,0.0,-0.0,-2.9992222785949707,-0.0023180246353149414,-9.340276718139648
29263301000,0.0,0.0,-0.0,-2.9992222785949707,-0.0023180246353149414,-9.340276718139648
29270665000,0.0,0.0,-0.0,-2.9992222785949707,-0.0023180246353149414,-9.340276718139648
29277106000,0.0,0.0,-0.0,-2.9992222785949707,-0.0023180246353149414,-9.340276718139648
29284052000,0.0,0.0,-0.0,-2.9992222785949707,-0.0023180246353149414,-9.340276718139648
29297966000,0.0,0.0,-0.0,-2.9992222785949707,-0.0023180246353149414,-9.340276718139648
29304933000,0.0,0.0,-0.0,-2.9992222785949707,-0.0023180246353149414,-9.340276718139648
29311872000,0.0,0.0,-0.0,-2.9992222785949707,-0.0023180246353149414,-9.340276718139648
29318789000,0.0,0.0,-0.0,-2.9992222785949707,-0.0023180246353149414,-9.340276718139648
29332683000,0.0,0.0,-0.0,-2.9992222785949707,-0.0023180246353149414,-9.340276718139648
29339650000,0.0,0.0,-0.0,-2.9992222785949707,-0.0023180246353149414,-9.340276718139648
29346598000,0.0,0.0,-0.0,-2.9992222785949707,-0.0023180246353149414,-9.340276718139648
29353627000,0.0,0.0,-0.0,-2.9992222785949707,-0.0023180246353149414,-9.340276718139648
29360450000,0.0,0.0,-0.0,-2.9992222785949707,-0.0023180246353149414,-9.340276718139648
29374409000,0.0,0.0,-0.0,-2.9992222785949707,-0.0023180246353149414,-9.340276718139648
29381348000,0.0,0.0,-0.0,-2.9992222785949707,-0.0023180246353149414,-9.340276718139648
29388263000,0.0,0.0,-0.0,-2.9992222785949707,-0.0023180246353149414,-9.340276718139648
29395182000,0.0,0.0,-0.0,-2.9992222785949707,-0.0023180246353149414,-9.340276718139648
29409117000,0.0,0.0,-0.0,-2.9992222785949707,-0.0023180246353149414,-9.340276718139648
29416055000,0.0,0.0,-0.0,-2.9992222785949707,-0.0023180246353149414,-9.340276718139648
29422990000,0.0,0.0,-0.0,-2.9992222785949707,-0.0023180246353149414,-9.340276718139648
29429920000,0.0,0.0,-0.0,-2.9992222785949707,-0.0023180246353149414,-9.340276718139648
29443855000,0.0,0.0,-0.0,-2.9992222785949707,-0.0023180246353149414,-9.340276718139648
29450983000,0.0,0.0,-0.0,-2.9992222785949707,-0.0023180246353149414,-9.340276718139648
29457740000,0.0,0.0,-0.0,-2.9992222785949707,-0.0023180246353149414,-9.340276718139648
29464668000,0.0,0.0,-0.0,-2.9992222785949707,-0.0023180246353149414,-9.340276718139648
29478614000,0.0,0.0,-0.0,-2.9992222785949707,-0.0023180246353149414,-9.340276718139648
29485498000,0.0,0.0,-0.0,-2.9992222785949707,-0.0023180246353149414,-9.340276718139648
29492479000,0.0,0.0,-0.0,-2.9992222785949707,-0.0023180246353149414,-9.340276718139648
29499425000,0.0,0.0,-0.0,-2.9992222785949707,-0.0023180246353149414,-9.340276718139648
29513283000,0.0,0.0,-0.0,-2.9992222785949707,-0.0023180246353149414,-9.340276718139648
29520284000,0.0,0.0,-0.0,-2.9992222785949707,-0.0023180246353149414,-9.340276718139648
29527179000,0.0,0.0,-0.0,-2.9992222785949707,-0.0023180246353149414,-9.340276718139648
29534125000,0.0,0.0,-0.0,-2.9992222785949707,-0.0023180246353149414,-9.340276718139648
29541115000,0.0,0.0,-0.0,-2.9992222785949707,-0.0023180246353149414,-9.340276718139648
29555005000,0.0,0.0,-0.0,-2.9992222785949707,-0.0023180246353149414,-9.340276718139648
29561952000,0.0,0.0,-0.0,-2.9992222785949707,-0.0023180246353149414,-9.340276718139648
29568835000,0.0,0.0,-0.0,-2.9992222785949707,-0.0023180246353149414,-9.340276718139648
29575807000,0.0,0.0,-0.0,-2.9992222785949707,-0.0023180246353149414,-9.340276718139648
29582737000,0.0,0.0,-0.0,-2.9992222785949707,-0.0023180246353149414,-9.340276718139648
29596644000,0.0,0.0,-0.0,-2.9992222785949707,-0.0023180246353149414,-9.340276718139648
29603647000,0.0,0.0,-0.0,-2.9992222785949707,-0.0023180246353149414,-9.340276718139648
29610513000,0.0,0.0,-0.0,-2.9992222785949707,-0.0023180246353149414,-9.340276718139648
29617448000,0.0,0.0,-0.0,-2.9992222785949707,-0.0023180246353149414,-9.340276718139648
29631349000,0.0,0.0,-0.0,-2.9992222785949707,-0.0023180246353149414,-9.340276718139648
29638342000,0.0,0.0,-0.0,-2.9992222785949707,-0.0023180246353149414,-9.340276718139648
29645244000,0.0,0.0,-0.0,-2.9992222785949707,-0.0023180246353149414,-9.340276718139648
29652189000,0.0,0.0,-0.0,-2.9992222785949707,-0.0023180246353149414,-9.340276718139648
29659147000,0.0,0.0,-0.0,-2.9992222785949707,-0.0023180246353149414,-9.340276718139648
29673052000,0.0,0.0,-0.0,-2.9992222785949707,-0.0023180246353149414,-9.340276718139648
29680131000,0.0,0.0,-0.0,-2.9992222785949707,-0.0023180246353149414,-9.340276718139648
29687029000,0.0,0.0,-0.0,-2.9992222785949707,-0.0023180246353149414,-9.340276718139648
29693948000,0.0,0.0,-0.0,-2.9992222785949707,-0.0023180246353149414,-9.340276718139648
29707828000,0.0,0.0,-0.0,-2.9992222785949707,-0.0023180246353149414,-9.340276718139648
29714757000,0.0,0.0,-0.0,-2.9992222785949707,-0.0023180246353149414,-9.340276718139648
29721729000,0.0,0.0,-0.0,-2.9992222785949707,-0.0023180246353149414,-9.340276718139648
29728639000,0.0,0.0,-0.0,-2.9992222785949707,-0.0023180246353149414,-9.340276718139648
29735593000,0.0,0.0,-0.0,-2.9992222785949707,-0.0023180246353149414,-9.340276718139648
29749489000,0.0,0.0,-0.0,-2.9992222785949707,-0.0023180246353149414,-9.340276718139648
29756398000,0.0,0.0,-0.0,-2.9992222785949707,-0.0023180246353149414,-9.340276718139648
29763324000,0.0,0.0,-0.0,-2.9992222785949707,-0.0023180246353149414,-9.340276718139648
29770379000,0.0,0.0,-0.0,-2.9992222785949707,-0.0023180246353149414,-9.340276718139648
29777277000,0.0,0.0,-0.0,-2.9992222785949707,-0.0023180246353149414,-9.340276718139648
29791124000,0.0,0.0,-0.0,-2.9992222785949707,-0.0023180246353149414,-9.340276718139648
29798057000,0.0,0.0,-0.0,-2.9992222785949707,-0.0023180246353149414,-9.340276718139648
29805005000,0.0,0.0,-0.0,-2.9992222785949707,-0.0023180246353149414,-9.340276718139648
29811949000,0.0,0.0,-0.0,-2.9992222785949707,-0.0023180246353149414,-9.340276718139648
29818869000,0.0,0.0,-0.0,-2.9992222785949707,-0.0023180246353149414,-9.340276718139648
29832773000,0.0,0.0,-0.0,-2.9992222785949707,-0.0023180246353149414,-9.340276718139648
29839734000,0.0,0.0,-0.0,-2.9992222785949707,-0.0023180246353149414,-9.340276718139648
29846892000,0.0,0.0,-0.0,-2.9992222785949707,-0.0023180246353149414,-9.340276718139648
29854120000,0.0,0.0,-0.0,-2.9992222785949707,-0.0023180246353149414,-9.340276718139648
29867676000,0.0,0.0,-0.0,-2.9992222785949707,-0.0023180246353149414,-9.340276718139648
29874654000,0.0,0.0,-0.0,-2.9992222785949707,-0.0023180246353149414,-9.340276718139648
29881550000,0.0,0.0,-0.0,-2.9992222785949707,-0.0023180246353149414,-9.340276718139648
29888580000,0.0,0.0,-0.0,-2.9992222785949707,-0.0023180246353149414,-9.340276718139648
29902339000,0.0,0.0,-0.0,-2.9992222785949707,-0.0023180246353149414,-9.340276718139648
29909357000,0.0,0.0,-0.0,-2.9992222785949707,-0.0023180246353149414,-9.340276718139648
29916138000,0.0,0.0,-0.0,-2.9992222785949707,-0.0023180246353149414,-9.340276718139648
29923228000,0.0,0.0,-0.0,-2.9992222785949707,-0.0023180246353149414,-9.340276718139648
29930013000,0.0,0.0,-0.0,-2.9992222785949707,-0.0023180246353149414,-9.340276718139648
29943928000,0.0,0.0,-0.0,-2.9992222785949707,-0.0023180246353149414,-9.340276718139648
29950886000,0.0,0.0,-0.0,-2.9992222785949707,-0.0023180246353149414,-9.340276718139648
29957818000,0.0,0.0,-0.0,-2.9992222785949707,-0.0023180246353149414,-9.340276718139648
29964701000,0.0,0.0,-0.0,-2.9992222785949707,-0.0023180246353149414,-9.340276718139648
29971720000,0.0,0.0,-0.0,-2.9992222785949707,-0.0023180246353149414,-9.340276718139648
29985550000,0.0,0.0,-0.0,-2.9992222785949707,-0.0023180246353149414,-9.340276718139648
29992560000,0.0,0.0,-0.0,-2.9992222785949707,-0.0023180246353149414,-9.340276718139648
29999467000,0.0,0.0,-0.0,-2.9992222785949707,-0.0023180246353149414,-9.340276718139648
30006410000,0.0,0.0,-0.0,-2.9992222785949707,-0.0023180246353149414,-9.340276718139648
30020309000,0.0,0.0,-0.0,-2.9992222785949707,-0.0023180246353149414,-9.340276718139648
30027237000,0.0,0.0,-0.0,-2.9992222785949707,-0.0023180246353149414,-9.340276718139648
30034186000,0.0,0.0,-0.0,-2.9992222785949707,-0.0023180246353149414,-9.340276718139648
30041145000,0.0,0.0,-0.0,-2.9992222785949707,-0.0023180246353149414,-9.340276718139648
30055052000,0.0,0.0,-0.0,-2.9992222785949707,-0.0023180246353149414,-9.340276718139648
30061936000,0.0,0.0,-0.0,-2.9992222785949707,-0.0023180246353149414,-9.340276718139648
30068891000,0.0,0.0,-0.0,-2.9992222785949707,-0.0023180246353149414,-9.340276718139648
30075839000,0.0,0.0,-0.0,-2.9992222785949707,-0.0023180246353149414,-9.340276718139648
30089775000,0.0,0.0,-0.0,-2.9992222785949707,-0.0023180246353149414,-9.340276718139648
30096645000,0.0,0.0,-0.0,-2.9992222785949707,-0.0023180246353149414,-9.340276718139648
30103656000,0.0,0.0,-0.0,-2.9992222785949707,-0.0023180246353149414,-9.340276718139648
30110550000,0.0,0.0,-0.0,-2.9992222785949707,-0.0023180246353149414,-9.340276718139648
30117515000,0.0,0.0,-0.0,-2.9992222785949707,-0.0023180246353149414,-9.340276718139648
30131379000,0.0,0.0,-0.0,-2.9992222785949707,-0.0023180246353149414,-9.340276718139648
30138397000,0.0,0.0,-0.0,-2.9992222785949707,-0.0023180246353149414,-9.340276718139648
30145422000,0.0,0.0,-0.0,-2.9992222785949707,-0.0023180246353149414,-9.340276718139648
30152200000,0.0,0.0,-0.0,-2.9992222785949707,-0.0023180246353149414,-9.340276718139648
30166117000,0.0,0.0,-0.0,-2.9992222785949707,-0.0023180246353149414,-9.340276718139648
30173080000,0.0,0.0,-0.0,-2.9992222785949707,-0.0023180246353149414,-9.340276718139648
30180014000,0.0,0.0,-0.0,-2.9992222785949707,-0.0023180246353149414,-9.340276718139648
30187095000,0.0,0.0,-0.0,-2.9992222785949707,-0.0023180246353149414,-9.340276718139648
30193956000,0.0,0.0,-0.0,-2.9992222785949707,-0.0023180246353149414,-9.340276718139648
30207842000,0.0,0.0,-0.0,-2.9992222785949707,-0.0023180246353149414,-9.340276718139648
30214712000,0.0,0.0,-0.0,-2.9992222785949707,-0.0023180246353149414,-9.340276718139648
30221725000,0.0,0.0,-0.0,-2.9992222785949707,-0.0023180246353149414,-9.340276718139648
30228606000,0.0,0.0,-0.0,-2.9992222785949707,-0.0023180246353149414,-9.340276718139648
30235561000,0.0,0.0,-0.0,-2.9992222785949707,-0.0023180246353149414,-9.340276718139648
30249451000,0.0,0.0,-0.0,-2.9992222785949707,-0.0023180246353149414,-9.340276718139648
30256426000,0.0,0.0,-0.0,-2.9992222785949707,-0.0023180246353149414,-9.340276718139648
30263340000,0.0,0.0,-0.0,-2.9992222785949707,-0.0023180246353149414,-9.340276718139648
30270271000,0.0,0.0,-0.0,-2.9992222785949707,-0.0023180246353149414,-9.340276718139648
30284207000,0.0,0.0,-0.0,-2.9992222785949707,-0.0023180246353149414,-9.340276718139648
30291230000,0.0,0.0,-0.0,-2.9992222785949707,-0.0023180246353149414,-9.340276718139648
30298061000,0.0,0.0,-0.0,-2.9992222785949707,-0.0023180246353149414,-9.340276718139648
30305106000,0.0,0.0,-0.0,-2.9992222785949707,-0.0023180246353149414,-9.340276718139648
30318943000,0.0,0.0,-0.0,-2.9992222785949707,-0.0023180246353149414,-9.340276718139648
30325874000,0.0,0.0,-0.0,-2.9992222785949707,-0.0023180246353149414,-9.340276718139648
30332768000,0.0,0.0,-0.0,-2.9992222785949707,-0.0023180246353149414,-9.340276718139648
30339795000,0.0,0.0,-0.0,-2.9992222785949707,-0.0023180246353149414,-9.340276718139648
30346701000,0.0,0.0,-0.0,-2.9992222785949707,-0.0023180246353149414,-9.340276718139648
30360579000,0.0,0.0,-0.0,-2.9992222785949707,-0.0023180246353149414,-9.340276718139648
30367509000,0.0,0.0,-0.0,-2.9992222785949707,-0.0023180246353149414,-9.340276718139648
30374468000,0.0,0.0,-0.0,-2.9992222785949707,-0.0023180246353149414,-9.340276718139648
30381425000,0.0,0.0,-0.0,-2.9992222785949707,-0.0023180246353149414,-9.340276718139648
30395917000,0.0,0.0,-0.0,-2.9992222785949707,-0.0023180246353149414,-9.340276718139648
30402903000,0.0,0.0,-0.0,-2.9992222785949707,-0.0023180246353149414,-9.340276718139648
30416377000,0.0,0.0,-0.0,-2.9992222785949707,-0.0023180246353149414,-9.340276718139648
30424186000,0.0,0.0,-0.0,-2.9992222785949707,-0.0023180246353149414,-9.340276718139648
30430313000,0.0,0.0,-0.0,-2.9992222785949707,-0.0023180246353149414,-9.340276718139648
30437371000,0.0,0.0,-0.0,-2.9992222785949707,-0.0023180246353149414,-9.340276718139648
30451136000,0.0,0.0,-0.0,-2.9992222785949707,-0.0023180246353149414,-9.340276718139648
30458123000,0.0,0.0,-0.0,-2.9992222785949707,-0.0023180246353149414,-9.340276718139648
30465031000,0.0,0.0,-0.0,-2.9992222785949707,-0.0023180246353149414,-9.340276718139648
30472088000,0.0,0.0,-0.0,-2.9992222785949707,-0.0023180246353149414,-9.340276718139648
30485880000,0.0,0.0,-0.0,-2.9992222785949707,-0.0023180246353149414,-9.340276718139648
30492851000,0.0,0.0,-0.0,-2.9992222785949707,-0.0023180246353149414,-9.340276718139648
30499834000,0.0,0.0,-0.0,-2.9992222785949707,-0.0023180246353149414,-9.340276718139648
30506755000,0.0,0.0,-0.0,-2.9992222785949707,-0.0023180246353149414,-9.340276718139648
30513651000,0.0,0.0,-0.0,-2.9992222785949707,-0.0023180246353149414,-9.340276718139648
30527518000,0.0,0.0,-0.0,-2.9992222785949707,-0.0023180246353149414,-9.340276718139648
30534450000,0.0,0.0,-0.0,-2.9992222785949707,-0.0023180246353149414,-9.340276718139648
30541486000,0.0,0.0,-0.0,-2.9992222785949707,-0.0023180246353149414,-9.340276718139648
30548409000,0.0,0.0,-0.0,-2.9992222785949707,-0.0023180246353149414,-9.340276718139648
30562301000,0.0,0.0,-0.0,-2.9992222785949707,-0.0023180246353149414,-9.340276718139648
30569182000,0.0,0.0,-0.0,-2.9992222785949707,-0.0023180246353149414,-9.340276718139648
30576147000,0.0,0.0,-0.0,-2.9992222785949707,-0.0023180246353149414,-9.340276718139648
30583104000,0.0,0.0,-0.0,-2.9992222785949707,-0.0023180246353149414,-9.340276718139648
30597014000,0.0,0.0,-0.0,-2.9992222785949707,-0.0023180246353149414,-9.340276718139648
30604055000,0.0,0.0,-0.0,-2.9992222785949707,-0.0023180246353149414,-9.340276718139648
30610970000,0.0,0.0,-0.0,-2.9992222785949707,-0.0023180246353149414,-9.340276718139648
30617834000,0.0,0.0,-0.0,-2.9992222785949707,-0.0023180246353149414,-9.340276718139648
30624810000,0.0,0.0,-0.0,-2.9992222785949707,-0.0023180246353149414,-9.340276718139648
30638702000,0.0,0.0,-0.0,-2.9992222785949707,-0.0023180246353149414,-9.340276718139648
30645580000,0.0,0.0,-0.0,-2.9992222785949707,-0.0023180246353149414,-9.340276718139648
30652496000,0.0,0.0,-0.0,-2.9992222785949707,-0.0023180246353149414,-9.340276718139648
30659499000,0.0,0.0,-0.0,-2.9992222785949707,-0.0023180246353149414,-9.340276718139648
30673393000,0.0,0.0,-0.0,-2.9992222785949707,-0.0023180246353149414,-9.340276718139648
30680283000,0.0,0.0,-0.0,-2.9992222785949707,-0.0023180246353149414,-9.340276718139648
30687319000,0.0,0.0,-0.0,-2.9992222785949707,-0.0023180246353149414,-9.340276718139648
30694298000,0.0,0.0,-0.0,-2.9992222785949707,-0.0023180246353149414,-9.340276718139648
30701213000,0.0,0.0,-0.0,-2.9992222785949707,-0.0023180246353149414,-9.340276718139648
30715131000,0.0,0.0,-0.0,-2.9992222785949707,-0.0023180246353149414,-9.340276718139648
30722137000,0.0,0.0,-0.0,-2.9992222785949707,-0.0023180246353149414,-9.340276718139648
30729027000,0.0,0.0,-0.0,-2.9992222785949707,-0.0023180246353149414,-9.340276718139648
30735942000,0.0,0.0,-0.0,-2.9992222785949707,-0.0023180246353149414,-9.340276718139648
30742938000,0.0,0.0,-0.0,-2.9992222785949707,-0.0023180246353149414,-9.340276718139648
30756803000,0.0,0.0,-0.0,-2.9992222785949707,-0.0023180246353149414,-9.340276718139648
30763705000,0.0,0.0,-0.0,-2.9992222785949707,-0.0023180246353149414,-9.340276718139648
30770690000,0.0,0.0,-0.0,-2.9992222785949707,-0.0023180246353149414,-9.340276718139648
30777666000,0.0,0.0,-0.0,-2.9992222785949707,-0.0023180246353149414,-9.340276718139648
30791523000,0.0,0.0,-0.0,-2.9992222785949707,-0.0023180246353149414,-9.340276718139648
30798443000,0.0,0.0,-0.0,-2.9992222785949707,-0.0023180246353149414,-9.340276718139648
30805422000,0.0,0.0,-0.0,-2.9992222785949707,-0.0023180246353149414,-9.340276718139648
30812321000,0.0,0.0,-0.0,-2.9992222785949707,-0.0023180246353149414,-9.340276718139648
30819268000,0.0,0.0,-0.0,-2.9992222785949707,-0.0023180246353149414,-9.340276718139648
30833165000,0.0,0.0,-0.0,-2.9992222785949707,-0.0023180246353149414,-9.340276718139648
30840148000,0.0,0.0,-0.0,-2.9992222785949707,-0.0023180246353149414,-9.340276718139648
30847057000,0.0,0.0,-0.0,-2.9992222785949707,-0.0023180246353149414,-9.340276718139648
30854017000,0.0,0.0,-0.0,-2.9992222785949707,-0.0023180246353149414,-9.340276718139648
30861043000,0.0,0.0,-0.0,-2.9992222785949707,-0.0023180246353149414,-9.340276718139648
30874947000,0.0,0.0,-0.0,-2.9992222785949707,-0.0023180246353149414,-9.340276718139648
30881817000,0.0,0.0,-0.0,-2.9992222785949707,-0.0023180246353149414,-9.340276718139648
30888944000,0.0,0.0,-0.0,-2.9992222785949707,-0.0023180246353149414,-9.340276718139648
30895737000,0.0,0.0,-0.0,-2.9992222785949707,-0.0023180246353149414,-9.340276718139648
30909721000,0.0,0.0,-0.0,-2.9992222785949707,-0.0023180246353149414,-9.340276718139648
30916510000,0.0,0.0,-0.0,-2.9992222785949707,-0.0023180246353149414,-9.340276718139648
30923574000,0.0,0.0,-0.0,-2.9992222785949707,-0.0023180246353149414,-9.340276718139648
30930379000,0.0,0.0,-0.0,-2.9992222785949707,-0.0023180246353149414,-9.340276718139648
30944311000,0.0,0.0,-0.0,-2.9992222785949707,-0.0023180246353149414,-9.340276718139648
30951253000,0.0,0.0,-0.0,-2.9992222785949707,-0.0023180246353149414,-9.340276718139648
30958206000,0.0,0.0,-0.0,-2.9992222785949707,-0.0023180246353149414,-9.340276718139648
30965114000,0.0,0.0,-0.0,-2.9992222785949707,-0.0023180246353149414,-9.340276718139648
30972077000,0.0,0.0,-0.0,-2.9992222785949707,-0.0023180246353149414,-9.340276718139648
30985943000,0.0,0.0,-0.0,-2.9992222785949707,-0.0023180246353149414,-9.340276718139648
30992923000,0.0,0.0,-0.0,-2.9992222785949707,-0.0023180246353149414,-9.340276718139648
30999828000,0.0,0.0,-0.0,-2.9992222785949707,-0.0023180246353149414,-9.340276718139648
31006791000,0.0,0.0,-0.0,-2.9992222785949707,-0.0023180246353149414,-9.340276718139648
31013755000,0.0,0.0,-0.0,-2.9992222785949707,-0.0023180246353149414,-9.340276718139648
31027677000,0.0,0.0,-0.0,-2.9992222785949707,-0.0023180246353149414,-9.340276718139648
31034541000,0.0,0.0,-0.0,-2.9992222785949707,-0.0023180246353149414,-9.340276718139648
31041541000,0.0,0.0,-0.0,-2.9992222785949707,-0.0023180246353149414,-9.340276718139648
31048461000,0.0,0.0,-0.0,-2.9992222785949707,-0.0023180246353149414,-9.340276718139648
31062322000,0.0,0.0,-0.0,-2.9992222785949707,-0.0023180246353149414,-9.340276718139648
31069252000,0.0,0.0,-0.0,-2.9992222785949707,-0.0023180246353149414,-9.340276718139648
31076248000,0.0,0.0,-0.0,-2.9992222785949707,-0.0023180246353149414,-9.340276718139648
31083157000,0.0,0.0,-0.0,-2.9992222785949707,-0.0023180246353149414,-9.340276718139648
31090131000,0.0,0.0,-0.0,-2.9992222785949707,-0.0023180246353149414,-9.340276718139648
31103996000,0.0,0.0,-0.0,-2.9992222785949707,-0.0023180246353149414,-9.340276718139648
31111007000,0.0,0.0,-0.0,-2.9992222785949707,-0.0023180246353149414,-9.340276718139648
31117894000,0.0,0.0,-0.0,-2.9992222785949707,-0.0023180246353149414,-9.340276718139648
31124898000,0.0,0.0,-0.0,-2.9992222785949707,-0.0023180246353149414,-9.340276718139648
31131805000,0.0,0.0,-0.0,-2.9992222785949707,-0.0023180246353149414,-9.340276718139648
31145715000,0.0,0.0,-0.0,-2.9992222785949707,-0.0023180246353149414,-9.340276718139648
31152624000,0.0,0.0,-0.0,-2.9992222785949707,-0.0023180246353149414,-9.340276718139648
31159576000,0.0,0.0,-0.0,-2.9992222785949707,-0.0023180246353149414,-9.340276718139648
31166496000,0.0,0.0,-0.0,-2.9992222785949707,-0.0023180246353149414,-9.340276718139648
31180383000,0.0,0.0,-0.0,-2.9992222785949707,-0.0023180246353149414,-9.340276718139648
31187323000,0.0,0.0,-0.0,-2.9992222785949707,-0.0023180246353149414,-9.340276718139648
31194366000,0.0,0.0,-0.0,-2.9992222785949707,-0.0023180246353149414,-9.340276718139648
31201258000,0.0,0.0,-0.0,-2.9992222785949707,-0.0023180246353149414,-9.340276718139648
31215101000,0.0,0.0,-0.0,-2.9992222785949707,-0.0023180246353149414,-9.340276718139648
31222139000,0.0,0.0,-0.0,-2.9992222785949707,-0.0023180246353149414,-9.340276718139648
31229010000,0.0,0.0,-0.0,-2.9992222785949707,-0.0023180246353149414,-9.340276718139648
31235930000,0.0,0.0,-0.0,-2.9992222785949707,-0.0023180246353149414,-9.340276718139648
31249833000,0.0,0.0,-0.0,-2.9992222785949707,-0.0023180246353149414,-9.340276718139648
31256873000,0.0,0.0,-0.0,-2.9992222785949707,-0.0023180246353149414,-9.340276718139648
31263714000,0.0,0.0,-0.0,-2.9992222785949707,-0.0023180246353149414,-9.340276718139648
31270658000,0.0,0.0,-0.0,-2.9992222785949707,-0.0023180246353149414,-9.340276718139648
31277627000,0.0,0.0,-0.0,-2.9992222785949707,-0.0023180246353149414,-9.340276718139648
31291576000,0.0,0.0,-0.0,-2.9992222785949707,-0.0023180246353149414,-9.340276718139648
31298433000,0.0,0.0,-0.0,-2.9992222785949707,-0.0023180246353149414,-9.340276718139648
31305558000,0.0,0.0,-0.0,-2.9992222785949707,-0.0023180246353149414,-9.340276718139648
31312344000,0.0,0.0,-0.0,-2.9992222785949707,-0.0023180246353149414,-9.340276718139648
31319299000,0.0,0.0,-0.0,-2.9992222785949707,-0.0023180246353149414,-9.340276718139648
31333185000,0.0,0.0,-0.0,-2.9992222785949707,-0.0023180246353149414,-9.340276718139648
31340158000,0.0,0.0,-0.0,-2.9992222785949707,-0.0023180246353149414,-9.340276718139648
31347059000,0.0,0.0,-0.0,-2.9992222785949707,-0.0023180246353149414,-9.340276718139648
31353992000,0.0,0.0,-0.0,-2.9992222785949707,-0.0023180246353149414,-9.340276718139648
31360968000,0.0,0.0,-0.0,-2.9992222785949707,-0.0023180246353149414,-9.340276718139648
31374921000,0.0,0.0,-0.0,-2.9992222785949707,-0.0023180246353149414,-9.340276718139648
31381793000,0.0,0.0,-0.0,-2.9992222785949707,-0.0023180246353149414,-9.340276718139648
31388755000,0.0,0.0,-0.0,-2.9992222785949707,-0.0023180246353149414,-9.340276718139648
31395706000,0.0,0.0,-0.0,-2.9992222785949707,-0.0023180246353149414,-9.340276718139648
31409634000,0.0,0.0,-0.0,-2.9992222785949707,-0.0023180246353149414,-9.340276718139648
31416551000,0.0,0.0,-0.0,-2.9992222785949707,-0.0023180246353149414,-9.340276718139648
31423553000,0.0,0.0,-0.0,-2.9992222785949707,-0.0023180246353149414,-9.340276718139648
31430410000,0.0,0.0,-0.0,-2.9992222785949707,-0.0023180246353149414,-9.340276718139648
31444313000,0.0,0.0,-0.0,-2.9992222785949707,-0.0023180246353149414,-9.340276718139648
31451231000,0.0,0.0,-0.0,-2.9992222785949707,-0.0023180246353149414,-9.340276718139648
31458221000,0.0,0.0,-0.0,-2.9992222785949707,-0.0023180246353149414,-9.340276718139648
31465161000,0.0,0.0,-0.0,-2.9992222785949707,-0.0023180246353149414,-9.340276718139648
31472095000,0.0,0.0,-0.0,-2.9992222785949707,-0.0023180246353149414,-9.340276718139648
31485948000,0.0,0.0,-0.0,-2.9992222785949707,-0.0023180246353149414,-9.340276718139648
31492950000,0.0,0.0,-0.0,-2.9992222785949707,-0.0023180246353149414,-9.340276718139648
31499843000,0.0,0.0,-0.0,-2.9992222785949707,-0.0023180246353149414,-9.340276718139648
31506868000,0.0,0.0,-0.0,-2.9992222785949707,-0.0023180246353149414,-9.340276718139648
31513792000,0.0,0.0,-0.0,-2.9992222785949707,-0.0023180246353149414,-9.340276718139648
31527658000,0.0,0.0,-0.0,-2.9992222785949707,-0.0023180246353149414,-9.340276718139648
31534583000,0.0,0.0,-0.0,-2.9992222785949707,-0.0023180246353149414,-9.340276718139648
31541598000,0.0,0.0,-0.0,-2.9992222785949707,-0.0023180246353149414,-9.340276718139648
31548498000,0.0,0.0,-0.0,-2.9992222785949707,-0.0023180246353149414,-9.340276718139648
31562364000,0.0,0.0,-0.0,-2.9992222785949707,-0.0023180246353149414,-9.340276718139648
31569308000,0.0,0.0,-0.0,-2.9992222785949707,-0.0023180246353149414,-9.340276718139648
31576277000,0.0,0.0,-0.0,-2.9992222785949707,-0.0023180246353149414,-9.340276718139648
31583201000,0.0,0.0,-0.0,-2.9992222785949707,-0.0023180246353149414,-9.340276718139648
31597083000,0.0,0.0,-0.0,-2.9992222785949707,-0.0023180246353149414,-9.340276718139648
31604006000,0.0,0.0,-0.0,-2.9992222785949707,-0.0023180246353149414,-9.340276718139648
31611041000,0.0,0.0,-0.0,-2.9992222785949707,-0.0023180246353149414,-9.340276718139648
31617917000,0.0,0.0,-0.0,-2.9992222785949707,-0.0023180246353149414,-9.340276718139648
31624928000,0.0,0.0,-0.0,-2.9992222785949707,-0.0023180246353149414,-9.340276718139648
31631811000,0.0,0.0,-0.0,-2.9992222785949707,-0.0023180246353149414,-9.340276718139648
31645697000,0.0,0.0,-0.0,-2.9992222785949707,-0.0023180246353149414,-9.340276718139648
31652618000,0.0,0.0,-0.0,-2.9992222785949707,-0.0023180246353149414,-9.340276718139648
31659655000,0.0,0.0,-0.0,-2.9992222785949707,-0.0023180246353149414,-9.340276718139648
31666551000,0.0,0.0,-0.0,-2.9992222785949707,-0.0023180246353149414,-9.340276718139648
31680412000,0.0,0.0,-0.0,-2.9992222785949707,-0.0023180246353149414,-9.340276718139648
31687341000,0.0,0.0,-0.0,-2.9992222785949707,-0.0023180246353149414,-9.340276718139648
31694338000,0.0,0.0,-0.0,-2.9992222785949707,-0.0023180246353149414,-9.340276718139648
31701248000,0.0,0.0,-0.0,-2.9992222785949707,-0.0023180246353149414,-9.340276718139648
31708218000,0.0,0.0,-0.0,-2.9992222785949707,-0.0023180246353149414,-9.340276718139648
31722143000,0.0,0.0,-0.0,-2.9992222785949707,-0.0023180246353149414,-9.340276718139648
31729052000,0.0,0.0,-0.0,-2.9992222785949707,-0.0023180246353149414,-9.340276718139648
31735979000,0.0,0.0,-0.0,-2.9992222785949707,-0.0023180246353149414,-9.340276718139648
31742946000,0.0,0.0,-0.0,-2.9992222785949707,-0.0023180246353149414,-9.340276718139648
31756892000,0.0,0.0,-0.0,-2.9992222785949707,-0.0023180246353149414,-9.340276718139648
31763748000,0.0,0.0,-0.0,-2.9992222785949707,-0.0023180246353149414,-9.340276718139648
31770685000,0.0,0.0,-0.0,-2.9992222785949707,-0.0023180246353149414,-9.340276718139648
31777696000,0.0,0.0,-0.0,-2.9992222785949707,-0.0023180246353149414,-9.340276718139648
31784582000,0.0,0.0,-0.0,-2.9992222785949707,-0.0023180246353149414,-9.340276718139648
31798464000,0.0,0.0,-0.0,-2.9992222785949707,-0.0023180246353149414,-9.340276718139648
31805437000,0.0,0.0,-0.0,-2.9992222785949707,-0.0023180246353149414,-9.340276718139648
31812371000,0.0,0.0,-0.0,-2.9992222785949707,-0.0023180246353149414,-9.340276718139648
31819316000,0.0,0.0,-0.0,-2.9992222785949707,-0.0023180246353149414,-9.340276718139648
31833180000,0.0,0.0,-0.0,-2.9992222785949707,-0.0023180246353149414,-9.340276718139648
31840189000,0.0,0.0,-0.0,-2.9992222785949707,-0.0023180246353149414,-9.340276718139648
31847084000,0.0,0.0,-0.0,-2.9992222785949707,-0.0023180246353149414,-9.340276718139648
31854015000,0.0,0.0,-0.0,-2.9992222785949707,-0.0023180246353149414,-9.340276718139648
31861010000,0.0,0.0,-0.0,-2.9992222785949707,-0.0023180246353149414,-9.340276718139648
31874889000,0.0,0.0,-0.0,-2.9992222785949707,-0.0023180246353149414,-9.340276718139648
31881808000,0.0,0.0,-0.0,-2.9992222785949707,-0.0023180246353149414,-9.340276718139648
31888802000,0.0,0.0,-0.0,-2.9992222785949707,-0.0023180246353149414,-9.340276718139648
31895711000,0.0,0.0,-0.0,-2.9992222785949707,-0.0023180246353149414,-9.340276718139648
31902633000,0.0,0.0,-0.0,-2.9992222785949707,-0.0023180246353149414,-9.340276718139648
31916533000,0.0,0.0,-0.0,-2.9992222785949707,-0.0023180246353149414,-9.340276718139648
31923582000,0.0,0.0,-0.0,-2.9992222785949707,-0.0023180246353149414,-9.340276718139648
31930479000,0.0,0.0,-0.0,-2.9992222785949707,-0.0023180246353149414,-9.340276718139648
31937350000,0.0,0.0,-0.0,-2.9992222785949707,-0.0023180246353149414,-9.340276718139648
31951252000,0.0,0.0,-0.0,-2.9992222785949707,-0.0023180246353149414,-9.340276718139648
31958277000,0.0,0.0,-0.0,-2.9992222785949707,-0.0023180246353149414,-9.340276718139648
31965157000,0.0,0.0,-0.0,-2.9992222785949707,-0.0023180246353149414,-9.340276718139648
31972080000,0.0,0.0,-0.0,-2.9992222785949707,-0.0023180246353149414,-9.340276718139648
31979059000,0.0,0.0,-0.0,-2.9992222785949707,-0.0023180246353149414,-9.340276718139648
31992962000,0.0,0.0,-0.0,-2.9992222785949707,-0.0023180246353149414,-9.340276718139648
31999884000,0.0,0.0,-0.0,-2.9992222785949707,-0.0023180246353149414,-9.340276718139648
32006866000,0.0,0.0,-0.0,-2.9992222785949707,-0.0023180246353149414,-9.340276718139648
32013762000,0.0,0.0,-0.0,-2.9992222785949707,-0.0023180246353149414,-9.340276718139648
32027681000,0.0,0.0,-0.0,-2.9992222785949707,-0.0023180246353149414,-9.340276718139648
32034593000,0.0,0.0,-0.0,-2.9992222785949707,-0.0023180246353149414,-9.340276718139648
32041575000,0.0,0.0,-0.0,-2.9992222785949707,-0.0023180246353149414,-9.340276718139648
32048523000,0.0,0.0,-0.0,-2.9992222785949707,-0.0023180246353149414,-9.340276718139648
32055473000,0.0,0.0,-0.0,-2.9992222785949707,-0.0023180246353149414,-9.340276718139648
32069306000,0.0,0.0,-0.0,-2.9992222785949707,-0.0023180246353149414,-9.340276718139648
32076346000,0.0,0.0,-0.0,-2.9992222785949707,-0.0023180246353149414,-9.340276718139648
32083210000,0.0,0.0,-0.0,-2.9992222785949707,-0.0023180246353149414,-9.340276718139648
32090200000,0.0,0.0,-0.0,-2.9992222785949707,-0.0023180246353149414,-9.340276718139648
32097124000,0.0,0.0,-0.0,-2.9992222785949707,-0.0023180246353149414,-9.340276718139648
32111061000,0.0,0.0,-0.0,-2.9992222785949707,-0.0023180246353149414,-9.340276718139648
32117946000,0.0,0.0,-0.0,-2.9992222785949707,-0.0023180246353149414,-9.340276718139648
32124957000,0.0,0.0,-0.0,-2.9992222785949707,-0.0023180246353149414,-9.340276718139648
32131856000,0.0,0.0,-0.0,-2.9992222785949707,-0.0023180246353149414,-9.340276718139648
32145741000,0.0,0.0,-0.0,-2.9992222785949707,-0.0023180246353149414,-9.340276718139648
32152658000,0.0,0.0,-0.0,-2.9992222785949707,-0.0023180246353149414,-9.340276718139648
32159694000,0.0,0.0,-0.0,-2.9992222785949707,-0.0023180246353149414,-9.340276718139648
32166602000,0.0,0.0,-0.0,-2.9992222785949707,-0.0023180246353149414,-9.340276718139648
32173516000,0.0,0.0,-0.0,-2.9992222785949707,-0.0023180246353149414,-9.340276718139648
32187390000,0.0,0.0,-0.0,-2.9992222785949707,-0.0023180246353149414,-9.340276718139648
32194358000,0.0,0.0,-0.0,-2.9992222785949707,-0.0023180246353149414,-9.340276718139648
32201306000,0.0,0.0,-0.0,-2.9992222785949707,-0.0023180246353149414,-9.340276718139648
32208269000,0.0,0.0,-0.0,-2.9992222785949707,-0.0023180246353149414,-9.340276718139648
32215198000,0.0,0.0,-0.0,-2.9992222785949707,-0.0023180246353149414,-9.340276718139648
32229138000,0.0,0.0,-0.0,-2.9992222785949707,-0.0023180246353149414,-9.340276718139648
32235991000,0.0,0.0,-0.0,-2.9992222785949707,-0.0023180246353149414,-9.340276718139648
32242975000,0.0,0.0,-0.0,-2.9992222785949707,-0.0023180246353149414,-9.340276718139648
32249925000,0.0,0.0,-0.0,-2.9992222785949707,-0.0023180246353149414,-9.340276718139648
32256879000,0.0,0.0,-0.0,-2.9992222785949707,-0.0023180246353149414,-9.340276718139648
32270705000,0.0,0.0,-0.0,-2.9992222785949707,-0.0023180246353149414,-9.340276718139648
32277683000,0.0,0.0,-0.0,-2.9992222785949707,-0.0023180246353149414,-9.340276718139648
32284596000,0.0,0.0,-0.0,-2.9992222785949707,-0.0023180246353149414,-9.340276718139648
32291613000,0.0,0.0,-0.0,-2.9992222785949707,-0.0023180246353149414,-9.340276718139648
32298494000,0.0,0.0,-0.0,-2.9992222785949707,-0.0023180246353149414,-9.340276718139648
32312431000,0.0,0.0,-0.0,-2.9992222785949707,-0.0023180246353149414,-9.340276718139648
32319341000,0.0,0.0,-0.0,-2.9992222785949707,-0.0023180246353149414,-9.340276718139648
32326308000,0.0,0.0,-0.0,-2.9992222785949707,-0.0023180246353149414,-9.340276718139648
32333220000,0.0,0.0,-0.0,-2.9992222785949707,-0.0023180246353149414,-9.340276718139648
32340187000,0.0,0.0,-0.0,-2.9992222785949707,-0.0023180246353149414,-9.340276718139648
32354050000,0.0,0.0,-0.0,-2.9992222785949707,-0.0023180246353149414,-9.340276718139648
32361065000,0.0,0.0,-0.0,-2.9992222785949707,-0.0023180246353149414,-9.340276718139648
32367956000,0.0,0.0,-0.0,-2.9992222785949707,-0.0023180246353149414,-9.340276718139648
32374979000,0.0,0.0,-0.0,-2.9992222785949707,-0.0023180246353149414,-9.340276718139648
32388764000,0.0,0.0,-0.0,-2.9992222785949707,-0.0023180246353149414,-9.340276718139648
32395759000,0.0,0.0,-0.0,-2.9992222785949707,-0.0023180246353149414,-9.340276718139648
32402722000,0.0,0.0,-0.0,-2.9992222785949707,-0.0023180246353149414,-9.340276718139648
32409656000,0.0,0.0,-0.0,-2.9992222785949707,-0.0023180246353149414,-9.340276718139648
32416605000,0.0,0.0,-0.0,-2.9992222785949707,-0.0023180246353149414,-9.340276718139648
32430454000,0.0,0.0,-0.0,-2.9992222785949707,-0.0023180246353149414,-9.340276718139648
32437375000,0.0,0.0,-0.0,-2.9992222785949707,-0.0023180246353149414,-9.340276718139648
32444377000,0.0,0.0,-0.0,-2.9992222785949707,-0.0023180246353149414,-9.340276718139648
32451285000,0.0,0.0,-0.0,-2.9992222785949707,-0.0023180246353149414,-9.340276718139648
32465190000,0.0,0.0,-0.0,-2.9992222785949707,-0.0023180246353149414,-9.340276718139648
32472117000,0.0,0.0,-0.0,-2.9992222785949707,-0.0023180246353149414,-9.340276718139648
32479177000,0.0,0.0,-0.0,-2.9992222785949707,-0.0023180246353149414,-9.340276718139648
32486012000,0.0,0.0,-0.0,-2.9992222785949707,-0.0023180246353149414,-9.340276718139648
32493034000,0.0,0.0,-0.0,-2.9992222785949707,-0.0023180246353149414,-9.340276718139648
32506933000,0.0,0.0,-0.0,-2.9992222785949707,-0.0023180246353149414,-9.340276718139648
32513798000,0.0,0.0,-0.0,-2.9992222785949707,-0.0023180246353149414,-9.340276718139648
32520720000,0.0,0.0,-0.0,-2.9992222785949707,-0.0023180246353149414,-9.340276718139648
32527735000,0.0,0.0,-0.0,-2.9992222785949707,-0.0023180246353149414,-9.340276718139648
32541644000,0.0,0.0,-0.0,-2.9992222785949707,-0.0023180246353149414,-9.340276718139648
32548518000,0.0,0.0,-0.0,-2.9992222785949707,-0.0023180246353149414,-9.340276718139648
32555441000,0.0,0.0,-0.0,-2.9992222785949707,-0.0023180246353149414,-9.340276718139648
32562457000,0.0,0.0,-0.0,-2.9992222785949707,-0.0023180246353149414,-9.340276718139648
32576395000,0.0,0.0,-0.0,-2.9992222785949707,-0.0023180246353149414,-9.340276718139648
32583276000,0.0,0.0,-0.0,-2.9992222785949707,-0.0023180246353149414,-9.340276718139648
32590245000,0.0,0.0,-0.0,-2.9992222785949707,-0.0023180246353149414,-9.340276718139648
32597141000,0.0,0.0,-0.0,-2.9992222785949707,-0.0023180246353149414,-9.340276718139648
32604080000,0.0,0.0,-0.0,-2.9992222785949707,-0.0023180246353149414,-9.340276718139648
32617997000,0.0,0.0,-0.0,-2.9992222785949707,-0.0023180246353149414,-9.340276718139648
32625034000,0.0,0.0,-0.0,-2.9992222785949707,-0.0023180246353149414,-9.340276718139648
32631859000,0.0,0.0,-0.0,-2.9992222785949707,-0.0023180246353149414,-9.340276718139648
32638771000,0.0,0.0,-0.0,-2.9992222785949707,-0.0023180246353149414,-9.340276718139648
32652675000,0.0,0.0,-0.0,-2.9992222785949707,-0.0023180246353149414,-9.340276718139648
32659667000,0.0,0.0,-0.0,-2.9992222785949707,-0.0023180246353149414,-9.340276718139648
32666563000,0.0,0.0,-0.0,-2.9992222785949707,-0.0023180246353149414,-9.340276718139648
32673599000,0.0,0.0,-0.0,-2.9992222785949707,-0.0023180246353149414,-9.340276718139648
32680487000,0.0,0.0,-0.0,-2.9992222785949707,-0.0023180246353149414,-9.340276718139648
32694385000,0.0,0.0,-0.0,-2.9992222785949707,-0.0023180246353149414,-9.340276718139648
32701288000,0.0,0.0,-0.0,-2.9992222785949707,-0.0023180246353149414,-9.340276718139648
32708382000,0.0,0.0,-0.0,-2.9992222785949707,-0.0023180246353149414,-9.340276718139648
32715180000,0.0,0.0,-0.0,-2.9992222785949707,-0.0023180246353149414,-9.340276718139648
32722118000,0.0,0.0,-0.0,-2.9992222785949707,-0.0023180246353149414,-9.340276718139648
32736016000,0.0,0.0,-0.0,-2.9992222785949707,-0.0023180246353149414,-9.340276718139648
32743090000,0.0,0.0,-0.0,-2.9992222785949707,-0.0023180246353149414,-9.340276718139648
32749974000,0.0,0.0,-0.0,-2.9992222785949707,-0.0023180246353149414,-9.340276718139648
32756947000,0.0,0.0,-0.0,-2.9992222785949707,-0.0023180246353149414,-9.340276718139648
32770787000,0.0,0.0,-0.0,-2.9992222785949707,-0.0023180246353149414,-9.340276718139648
32777757000,0.0,0.0,-0.0,-2.9992222785949707,-0.0023180246353149414,-9.340276718139648
32784701000,0.0,0.0,-0.0,-2.9992222785949707,-0.0023180246353149414,-9.340276718139648
32791699000,0.0,0.0,-0.0,-2.9992222785949707,-0.0023180246353149414,-9.340276718139648
32798624000,0.0,0.0,-0.0,-2.9992222785949707,-0.0023180246353149414,-9.340276718139648
32812489000,0.0,0.0,-0.0,-2.9992222785949707,-0.0023180246353149414,-9.340276718139648
32819434000,0.0,0.0,-0.0,-2.9992222785949707,-0.0023180246353149414,-9.340276718139648
32826467000,0.0,0.0,-0.0,-2.9992222785949707,-0.0023180246353149414,-9.340276718139648
32833305000,0.0,0.0,-0.0,-2.9992222785949707,-0.0023180246353149414,-9.340276718139648
32840277000,0.0,0.0,-0.0,-2.9992222785949707,-0.0023180246353149414,-9.340276718139648
32854114000,0.0,0.0,-0.0,-2.9992222785949707,-0.0023180246353149414,-9.340276718139648
32861121000,0.0,0.0,-0.0,-2.9992222785949707,-0.0023180246353149414,-9.340276718139648
32868032000,0.0,0.0,-0.0,-2.9992222785949707,-0.0023180246353149414,-9.340276718139648
32875037000,0.0,0.0,-0.0,-2.9992222785949707,-0.0023180246353149414,-9.340276718139648
32888851000,0.0,0.0,-0.0,-2.9992222785949707,-0.0023180246353149414,-9.340276718139648
32895839000,0.0,0.0,-0.0,-2.9992222785949707,-0.0023180246353149414,-9.340276718139648
32902733000,0.0,0.0,-0.0,-2.9992222785949707,-0.0023180246353149414,-9.340276718139648
32909762000,0.0,0.0,-0.0,-2.9992222785949707,-0.0023180246353149414,-9.340276718139648
32916662000,0.0,0.0,-0.0,-2.9992222785949707,-0.0023180246353149414,-9.340276718139648
32930578000,0.0,0.0,-0.0,-2.9992222785949707,-0.0023180246353149414,-9.340276718139648
32937531000,0.0,0.0,-0.0,-2.9992222785949707,-0.0023180246353149414,-9.340276718139648
32944537000,0.0,0.0,-0.0,-2.9992222785949707,-0.0023180246353149414,-9.340276718139648
32951369000,0.0,0.0,-0.0,-2.9992222785949707,-0.0023180246353149414,-9.340276718139648
32958416000,0.0,0.0,-0.0,-2.9992222785949707,-0.0023180246353149414,-9.340276718139648
32972181000,0.0,0.0,-0.0,-2.9992222785949707,-0.0023180246353149414,-9.340276718139648
32979193000,0.0,0.0,-0.0,-2.9992222785949707,-0.0023180246353149414,-9.340276718139648
32986135000,0.0,0.0,-0.0,-2.9992222785949707,-0.0023180246353149414,-9.340276718139648
32993072000,0.0,0.0,-0.0,-2.9992222785949707,-0.0023180246353149414,-9.340276718139648
33006968000,0.0,0.0,-0.0,-2.9992222785949707,-0.0023180246353149414,-9.340276718139648
33013926000,0.0,0.0,-0.0,-2.9992222785949707,-0.0023180246353149414,-9.340276718139648
33020800000,0.0,0.0,-0.0,-2.9992222785949707,-0.0023180246353149414,-9.340276718139648
33027827000,0.0,0.0,-0.0,-2.9992222785949707,-0.0023180246353149414,-9.340276718139648
33041809000,0.0,0.0,-0.0,-2.9992222785949707,-0.0023180246353149414,-9.340276718139648
33048598000,0.0,0.0,-0.0,-2.9992222785949707,-0.0023180246353149414,-9.340276718139648
33055523000,0.0,0.0,-0.0,-2.9992222785949707,-0.0023180246353149414,-9.340276718139648
33062533000,0.0,0.0,-0.0,-2.9992222785949707,-0.0023180246353149414,-9.340276718139648
33069417000,0.0,0.0,-0.0,-2.9992222785949707,-0.0023180246353149414,-9.340276718139648
33083337000,0.0,0.0,-0.0,-2.9992222785949707,-0.0023180246353149414,-9.340276718139648
33090284000,0.0,0.0,-0.0,-2.9992222785949707,-0.0023180246353149414,-9.340276718139648
33097259000,0.0,0.0,-0.0,-2.9992222785949707,-0.0023180246353149414,-9.340276718139648
33104124000,0.0,0.0,-0.0,-2.9992222785949707,-0.0023180246353149414,-9.340276718139648
33118030000,0.0,0.0,-0.0,-2.9992222785949707,-0.0023180246353149414,-9.340276718139648
33125188000,0.0,0.0,-0.0,-2.9992222785949707,-0.0023180246353149414,-9.340276718139648
33132031000,0.0,0.0,-0.0,-2.9992222785949707,-0.0023180246353149414,-9.340276718139648
33138980000,0.0,0.0,-0.0,-2.9992222785949707,-0.0023180246353149414,-9.340276718139648
33152754000,0.0,0.0,-0.0,-2.9992222785949707,-0.0023180246353149414,-9.340276718139648
33159855000,0.0,0.0,-0.0,-2.9992222785949707,-0.0023180246353149414,-9.340276718139648
33166648000,0.0,0.0,-0.0,-2.9992222785949707,-0.0023180246353149414,-9.340276718139648
33173686000,0.0,0.0,-0.0,-2.9992222785949707,-0.0023180246353149414,-9.340276718139648
33180549000,0.0,0.0,-0.0,-2.9992222785949707,-0.0023180246353149414,-9.340276718139648
33194516000,0.0,0.0,-0.0,-2.9992222785949707,-0.0023180246353149414,-9.340276718139648
33201388000,0.0,0.0,-0.0,-2.9992222785949707,-0.0023180246353149414,-9.340276718139648
33208469000,0.0,0.0,-0.0,-2.9992222785949707,-0.0023180246353149414,-9.340276718139648
33215255000,0.0,0.0,-0.0,-2.9992222785949707,-0.0023180246353149414,-9.340276718139648
33229187000,0.0,0.0,-0.0,-2.9992222785949707,-0.0023180246353149414,-9.340276718139648
33236124000,0.0,0.0,-0.0,-2.9992222785949707,-0.0023180246353149414,-9.340276718139648
33243087000,0.0,0.0,-0.0,-2.9992222785949707,-0.0023180246353149414,-9.340276718139648
33249987000,0.0,0.0,-0.0,-2.9992222785949707,-0.0023180246353149414,-9.340276718139648
33256976000,0.0,0.0,-0.0,-2.9992222785949707,-0.0023180246353149414,-9.340276718139648
33270808000,0.0,0.0,-0.0,-2.9992222785949707,-0.0023180246353149414,-9.340276718139648
33277800000,0.0,0.0,-0.0,-2.9992222785949707,-0.0023180246353149414,-9.340276718139648
33284737000,0.0,0.0,-0.0,-2.9992222785949707,-0.0023180246353149414,-9.340276718139648
33291700000,0.0,0.0,-0.0,-2.9992222785949707,-0.0023180246353149414,-9.340276718139648
33305516000,0.0,0.0,-0.0,-2.9992222785949707,-0.0023180246353149414,-9.340276718139648
33312606000,0.0,0.0,-0.0,-2.9992222785949707,-0.0023180246353149414,-9.340276718139648
33319415000,0.0,0.0,-0.0,-2.9992222785949707,-0.0023180246353149414,-9.340276718139648
33326428000,0.0,0.0,-0.0,-2.9992222785949707,-0.0023180246353149414,-9.340276718139648
33333302000,0.0,0.0,-0.0,-2.9992222785949707,-0.0023180246353149414,-9.340276718139648
33347235000,0.0,0.0,-0.0,-2.9992222785949707,-0.0023180246353149414,-9.340276718139648
33354149000,0.0,0.0,-0.0,-2.9992222785949707,-0.0023180246353149414,-9.340276718139648
33361164000,0.0,0.0,-0.0,-2.9992222785949707,-0.0023180246353149414,-9.340276718139648
33368062000,0.0,0.0,-0.0,-2.9992222785949707,-0.0023180246353149414,-9.340276718139648
33375060000,0.0,0.0,-0.0,-2.9992222785949707,-0.0023180246353149414,-9.340276718139648
33388856000,0.0,0.0,-0.0,-2.9992222785949707,-0.0023180246353149414,-9.340276718139648
33395841000,0.0,0.0,-0.0,-2.9992222785949707,-0.0023180246353149414,-9.340276718139648
33402780000,0.0,0.0,-0.0,-2.9992222785949707,-0.0023180246353149414,-9.340276718139648
33409743000,0.0,0.0,-0.0,-2.9992222785949707,-0.0023180246353149414,-9.340276718139648
33416678000,0.0,0.0,-0.0,-2.9992222785949707,-0.0023180246353149414,-9.340276718139648
33430567000,0.0,0.0,-0.0,-2.9992222785949707,-0.0023180246353149414,-9.340276718139648
33437510000,0.0,0.0,-0.0,-2.9992222785949707,-0.0023180246353149414,-9.340276718139648
33444510000,0.0,0.0,-0.0,-2.9992222785949707,-0.0023180246353149414,-9.340276718139648
33451360000,0.0,0.0,-0.0,-2.9992222785949707,-0.0023180246353149414,-9.340276718139648
33465280000,0.0,0.0,-0.0,-2.9992222785949707,-0.0023180246353149414,-9.340276718139648
33472181000,0.0,0.0,-0.0,-2.9992222785949707,-0.0023180246353149414,-9.340276718139648
33479168000,0.0,0.0,-0.0,-2.9992222785949707,-0.0023180246353149414,-9.340276718139648
33486080000,0.0,0.0,-0.0,-2.9992222785949707,-0.0023180246353149414,-9.340276718139648
33493079000,0.0,0.0,-0.0,-2.9992222785949707,-0.0023180246353149414,-9.340276718139648
33506960000,0.0,0.0,-0.0,-2.9992222785949707,-0.0023180246353149414,-9.340276718139648
33513895000,0.0,0.0,-0.0,-2.9992222785949707,-0.0023180246353149414,-9.340276718139648
33520824000,0.0,0.0,-0.0,-2.9992222785949707,-0.0023180246353149414,-9.340276718139648
33527791000,0.0,0.0,-0.0,-2.9992222785949707,-0.0023180246353149414,-9.340276718139648
33541714000,0.0,0.0,-0.0,-2.9992222785949707,-0.0023180246353149414,-9.340276718139648
33548675000,0.0,0.0,-0.0,-2.9992222785949707,-0.0023180246353149414,-9.340276718139648
33555524000,0.0,0.0,-0.0,-2.9992222785949707,-0.0023180246353149414,-9.340276718139648
33562532000,0.0,0.0,-0.0,-2.9992222785949707,-0.0023180246353149414,-9.340276718139648
33569414000,0.0,0.0,-0.0,-2.9992222785949707,-0.0023180246353149414,-9.340276718139648
33583320000,0.0,0.0,-0.0,-2.9992222785949707,-0.0023180246353149414,-9.340276718139648
33590266000,0.0,0.0,-0.0,-2.9992222785949707,-0.0023180246353149414,-9.340276718139648
33597211000,0.0,0.0,-0.0,-2.9992222785949707,-0.0023180246353149414,-9.340276718139648
33604137000,0.0,0.0,-0.0,-2.9992222785949707,-0.0023180246353149414,-9.340276718139648
33611153000,0.0,0.0,-0.0,-2.9992222785949707,-0.0023180246353149414,-9.340276718139648
33625041000,0.0,0.0,-0.0,-2.9992222785949707,-0.0023180246353149414,-9.340276718139648
33631926000,0.0,0.0,-0.0,-2.9992222785949707,-0.0023180246353149414,-9.340276718139648
33638862000,0.0,0.0,-0.0,-2.9992222785949707,-0.0023180246353149414,-9.340276718139648
33652773000,0.0,0.0,-0.0,-2.9992222785949707,-0.0023180246353149414,-9.340276718139648
33659820000,0.0,0.0,-0.0,-2.9992222785949707,-0.0023180246353149414,-9.340276718139648
33666662000,0.0,0.0,-0.0,-2.9992222785949707,-0.0023180246353149414,-9.340276718139648
33673634000,0.0,0.0,-0.0,-2.9992222785949707,-0.0023180246353149414,-9.340276718139648
33680605000,0.0,0.0,-0.0,-2.9992222785949707,-0.0023180246353149414,-9.340276718139648
33694459000,0.0,0.0,-0.0,-2.9992222785949707,-0.0023180246353149414,-9.340276718139648
33701397000,0.0,0.0,-0.0,-2.9992222785949707,-0.0023180246353149414,-9.340276718139648
33708420000,0.0,0.0,-0.0,-2.9992222785949707,-0.0023180246353149414,-9.340276718139648
33715321000,0.0,0.0,-0.0,-2.9992222785949707,-0.0023180246353149414,-9.340276718139648
33722230000,0.0,0.0,-0.0,-2.9992222785949707,-0.0023180246353149414,-9.340276718139648
33736124000,0.0,0.0,-0.0,-2.9992222785949707,-0.0023180246353149414,-9.340276718139648
33743124000,0.0,0.0,-0.0,-2.9992222785949707,-0.0023180246353149414,-9.340276718139648
33750027000,0.0,0.0,-0.0,-2.9992222785949707,-0.0023180246353149414,-9.340276718139648
33756953000,0.0,0.0,-0.0,-2.9992222785949707,-0.0023180246353149414,-9.340276718139648
33770844000,0.0,0.0,-0.0,-2.9992222785949707,-0.0023180246353149414,-9.340276718139648
33777848000,0.0,0.0,-0.0,-2.9992222785949707,-0.0023180246353149414,-9.340276718139648
33784733000,0.0,0.0,-0.0,-2.9992222785949707,-0.0023180246353149414,-9.340276718139648
33791778000,0.0,0.0,-0.0,-2.9992222785949707,-0.0023180246353149414,-9.340276718139648
33805620000,0.0,0.0,-0.0,-2.9992222785949707,-0.0023180246353149414,-9.340276718139648
33812533000,0.0,0.0,-0.0,-2.9992222785949707,-0.0023180246353149414,-9.340276718139648
33819462000,0.0,0.0,-0.0,-2.9992222785949707,-0.0023180246353149414,-9.340276718139648
33826424000,0.0,0.0,-0.0,-2.9992222785949707,-0.0023180246353149414,-9.340276718139648
33833349000,0.0,0.0,-0.0,-2.9992222785949707,-0.0023180246353149414,-9.340276718139648
33847360000,0.0,0.0,-0.0,-2.9992222785949707,-0.0023180246353149414,-9.340276718139648
33854253000,0.0,0.0,-0.0,-2.9992222785949707,-0.0023180246353149414,-9.340276718139648
33861189000,0.0,0.0,-0.0,-2.9992222785949707,-0.0023180246353149414,-9.340276718139648
33868078000,0.0,0.0,-0.0,-2.9992222785949707,-0.0023180246353149414,-9.340276718139648
33881983000,0.0,0.0,-0.0,-2.9992222785949707,-0.0023180246353149414,-9.340276718139648
33888896000,0.0,0.0,-0.0,-2.9992222785949707,-0.0023180246353149414,-9.340276718139648
33895923000,0.0,0.0,-0.0,-2.9992222785949707,-0.0023180246353149414,-9.340276718139648
33902808000,0.0,0.0,-0.0,-2.9992222785949707,-0.0023180246353149414,-9.340276718139648
33916681000,0.0,0.0,-0.0,-2.9992222785949707,-0.0023180246353149414,-9.340276718139648
33923622000,0.0,0.0,-0.0,-2.9992222785949707,-0.0023180246353149414,-9.340276718139648
33930602000,0.0,0.0,-0.0,-2.9992222785949707,-0.0023180246353149414,-9.340276718139648
33937567000,0.0,0.0,-0.0,-2.9992222785949707,-0.0023180246353149414,-9.340276718139648
33944518000,0.0,0.0,-0.0,-2.9992222785949707,-0.0023180246353149414,-9.340276718139648
33958558000,0.0,0.0,-0.0,-2.9992222785949707,-0.0023180246353149414,-9.340276718139648
33965359000,0.0,0.0,-0.0,-2.9992222785949707,-0.0023180246353149414,-9.340276718139648
33972260000,0.0,0.0,-0.0,-2.9992222785949707,-0.0023180246353149414,-9.340276718139648
33979244000,0.0,0.0,-0.0,-2.9992222785949707,-0.0023180246353149414,-9.340276718139648
33993121000,0.0,0.0,-0.0,-2.9992222785949707,-0.0023180246353149414,-9.340276718139648
34000053000,0.0,0.0,-0.0,-2.9992222785949707,-0.0023180246353149414,-9.340276718139648
34006977000,0.0,0.0,-0.0,-2.9992222785949707,-0.0023180246353149414,-9.340276718139648
34014004000,0.0,0.0,-0.0,-2.9992222785949707,-0.0023180246353149414,-9.340276718139648
34027902000,0.0,0.0,-0.0,-2.9992222785949707,-0.0023180246353149414,-9.340276718139648
34034766000,0.0,0.0,-0.0,-2.9992222785949707,-0.0023180246353149414,-9.340276718139648
34041780000,0.0,0.0,-0.0,-2.9992222785949707,-0.0023180246353149414,-9.340276718139648
34048655000,0.0,0.0,-0.0,-2.9992222785949707,-0.0023180246353149414,-9.340276718139648
34055612000,0.0,0.0,-0.0,-2.9992222785949707,-0.0023180246353149414,-9.340276718139648
34069491000,0.0,0.0,-0.0,-2.9992222785949707,-0.0023180246353149414,-9.340276718139648
34076455000,0.0,0.0,-0.0,-2.9992222785949707,-0.0023180246353149414,-9.340276718139648
34083391000,0.0,0.0,-0.0,-2.9992222785949707,-0.0023180246353149414,-9.340276718139648
34090360000,0.0,0.0,-0.0,-2.9992222785949707,-0.0023180246353149414,-9.340276718139648
34104209000,0.0,0.0,-0.0,-2.9992222785949707,-0.0023180246353149414,-9.340276718139648
34111225000,0.0,0.0,-0.0,-2.9992222785949707,-0.0023180246353149414,-9.340276718139648
34118127000,0.0,0.0,-0.0,-2.9992222785949707,-0.0023180246353149414,-9.340276718139648
34125237000,0.0,0.0,-0.0,-2.9992222785949707,-0.0023180246353149414,-9.340276718139648
34139103000,0.0,0.0,-0.0,-2.9992222785949707,-0.0023180246353149414,-9.340276718139648
34146021000,0.0,0.0,-0.0,-2.9992222785949707,-0.0023180246353149414,-9.340276718139648
34152924000,0.0,0.0,-0.0,-2.9992222785949707,-0.0023180246353149414,-9.340276718139648
34160017000,0.0,0.0,-0.0,-2.9992222785949707,-0.0023180246353149414,-9.340276718139648
34173851000,0.0,0.0,-0.0,-2.9992222785949707,-0.0023180246353149414,-9.340276718139648
34180793000,0.0,0.0,-0.0,-2.9992222785949707,-0.0023180246353149414,-9.340276718139648
34187732000,0.0,0.0,-0.0,-2.9992222785949707,-0.0023180246353149414,-9.340276718139648
34194678000,0.0,0.0,-0.0,-2.9992222785949707,-0.0023180246353149414,-9.340276718139648
34201628000,0.0,0.0,-0.0,-2.9992222785949707,-0.0023180246353149414,-9.340276718139648
34215521000,0.0,0.0,-0.0,-2.9992222785949707,-0.0023180246353149414,-9.340276718139648
34222416000,0.0,0.0,-0.0,-2.9992222785949707,-0.0023180246353149414,-9.340276718139648
34229485000,0.0,0.0,-0.0,-2.9992222785949707,-0.0023180246353149414,-9.340276718139648
34236337000,0.0,0.0,-0.0,-2.9992222785949707,-0.0023180246353149414,-9.340276718139648
34250227000,0.0,0.0,-0.0,-2.9992222785949707,-0.0023180246353149414,-9.340276718139648
34257213000,0.0,0.0,-0.0,-2.9992222785949707,-0.0023180246353149414,-9.340276718139648
34264210000,0.0,0.0,-0.0,-2.9992222785949707,-0.0023180246353149414,-9.340276718139648
34271062000,0.0,0.0,-0.0,-2.9992222785949707,-0.0023180246353149414,-9.340276718139648
34284930000,0.0,0.0,-0.0,-2.9992222785949707,-0.0023180246353149414,-9.340276718139648
34292013000,0.0,0.0,-0.0,-2.9992222785949707,-0.0023180246353149414,-9.340276718139648
34298887000,0.0,0.0,-0.0,-2.9992222785949707,-0.0023180246353149414,-9.340276718139648
34305763000,0.0,0.0,-0.0,-2.9992222785949707,-0.0023180246353149414,-9.340276718139648
34319722000,0.0,0.0,-0.0,-2.9992222785949707,-0.0023180246353149414,-9.340276718139648
34326722000,0.0,0.0,-0.0,-2.9992222785949707,-0.0023180246353149414,-9.340276718139648
34333578000,0.0,0.0,-0.0,-2.9992222785949707,-0.0023180246353149414,-9.340276718139648
34340585000,0.0,0.0,-0.0,-2.9992222785949707,-0.0023180246353149414,-9.340276718139648
34347573000,0.0,0.0,-0.0,-2.9992222785949707,-0.0023180246353149414,-9.340276718139648
34361433000,0.0,0.0,-0.0,-2.9992222785949707,-0.0023180246353149414,-9.340276718139648
34368316000,0.0,0.0,-0.0,-2.9992222785949707,-0.0023180246353149414,-9.340276718139648
34375364000,0.0,0.0,-0.0,-2.9992222785949707,-0.0023180246353149414,-9.340276718139648
34382188000,0.0,0.0,-0.0,-2.9992222785949707,-0.0023180246353149414,-9.340276718139648
34396106000,0.0,0.0,-0.0,-2.9992222785949707,-0.0023180246353149414,-9.340276718139648
34403037000,0.0,0.0,-0.0,-2.9992222785949707,-0.0023180246353149414,-9.340276718139648
34409986000,0.0,0.0,-0.0,-2.9992222785949707,-0.0023180246353149414,-9.340276718139648
34416905000,0.0,0.0,-0.0,-2.9992222785949707,-0.0023180246353149414,-9.340276718139648
34423833000,0.0,0.0,-0.0,-2.9992222785949707,-0.0023180246353149414,-9.340276718139648
34437702000,0.0,0.0,-0.0,-2.9992222785949707,-0.0023180246353149414,-9.340276718139648
34444750000,0.0,0.0,-0.0,-2.9992222785949707,-0.0023180246353149414,-9.340276718139648
34451593000,0.0,0.0,-0.0,-2.9992222785949707,-0.0023180246353149414,-9.340276718139648
34458629000,0.0,0.0,-0.0,-2.9992222785949707,-0.0023180246353149414,-9.340276718139648
34465502000,0.0,0.0,-0.0,-2.9992222785949707,-0.0023180246353149414,-9.340276718139648
34479425000,0.0,0.0,-0.0,-2.9992222785949707,-0.0023180246353149414,-9.340276718139648
34486298000,0.0,0.0,-0.0,-2.9992222785949707,-0.0023180246353149414,-9.340276718139648
34493422000,0.0,0.0,-0.0,-2.9992222785949707,-0.0023180246353149414,-9.340276718139648
34500208000,0.0,0.0,-0.0,-2.9992222785949707,-0.0023180246353149414,-9.340276718139648
34514102000,0.0,0.0,-0.0,-2.9992222785949707,-0.0023180246353149414,-9.340276718139648
34521024000,0.0,0.0,-0.0,-2.9992222785949707,-0.0023180246353149414,-9.340276718139648
34528045000,0.0,0.0,-0.0,-2.9992222785949707,-0.0023180246353149414,-9.340276718139648
34534929000,0.0,0.0,-0.0,-2.9992222785949707,-0.0023180246353149414,-9.340276718139648
34548819000,0.0,0.0,-0.0,-2.9992222785949707,-0.0023180246353149414,-9.340276718139648
34555736000,0.0,0.0,-0.0,-2.9992222785949707,-0.0023180246353149414,-9.340276718139648
34562716000,0.0,0.0,-0.0,-2.9992222785949707,-0.0023180246353149414,-9.340276718139648
34569661000,0.0,0.0,-0.0,-2.9992222785949707,-0.0023180246353149414,-9.340276718139648
34576666000,0.0,0.0,-0.0,-2.9992222785949707,-0.0023180246353149414,-9.340276718139648
34590502000,0.0,0.0,-0.0,-2.9992222785949707,-0.0023180246353149414,-9.340276718139648
34597435000,0.0,0.0,-0.0,-2.9992222785949707,-0.0023180246353149414,-9.340276718139648
34604372000,0.0,0.0,-0.0,-2.9992222785949707,-0.0023180246353149414,-9.340276718139648
34611341000,0.0,0.0,-0.0,-2.9992222785949707,-0.0023180246353149414,-9.340276718139648
34618254000,0.0,0.0,-0.0,-2.9992222785949707,-0.0023180246353149414,-9.340276718139648
34632152000,0.0,0.0,-0.0,-2.9992222785949707,-0.0023180246353149414,-9.340276718139648
34639069000,0.0,0.0,-0.0,-2.9992222785949707,-0.0023180246353149414,-9.340276718139648
34646064000,0.0,0.0,-0.0,-2.9992222785949707,-0.0023180246353149414,-9.340276718139648
34652988000,0.0,0.0,-0.0,-2.9992222785949707,-0.0023180246353149414,-9.340276718139648
34659950000,0.0,0.0,-0.0,-2.9992222785949707,-0.0023180246353149414,-9.340276718139648
34673792000,0.0,0.0,-0.0,-2.9992222785949707,-0.0023180246353149414,-9.340276718139648
34680815000,0.0,0.0,-0.0,-2.9992222785949707,-0.0023180246353149414,-9.340276718139648
34687735000,0.0,0.0,-0.0,-2.9992222785949707,-0.0023180246353149414,-9.340276718139648
34694715000,0.0,0.0,-0.0,-2.9992222785949707,-0.0023180246353149414,-9.340276718139648
34708588000,0.0,0.0,-0.0,-2.9992222785949707,-0.0023180246353149414,-9.340276718139648
34715498000,0.0,0.0,-0.0,-2.9992222785949707,-0.0023180246353149414,-9.340276718139648
34722443000,0.0,0.0,-0.0,-2.9992222785949707,-0.0023180246353149414,-9.340276718139648
34729427000,0.0,0.0,-0.0,-2.9992222785949707,-0.0023180246353149414,-9.340276718139648
34736419000,0.0,0.0,-0.0,-2.9992222785949707,-0.0023180246353149414,-9.340276718139648
34750225000,0.0,0.0,-0.0,-2.9992222785949707,-0.0023180246353149414,-9.340276718139648
34757156000,0.0,0.0,-0.0,-2.9992222785949707,-0.0023180246353149414,-9.340276718139648
34764185000,0.0,0.0,-0.0,-2.9992222785949707,-0.0023180246353149414,-9.340276718139648
34771042000,0.0,0.0,-0.0,-2.9992222785949707,-0.0023180246353149414,-9.340276718139648
34778024000,0.0,0.0,-0.0,-2.9992222785949707,-0.0023180246353149414,-9.340276718139648
34791919000,0.0,0.0,-0.0,-2.9992222785949707,-0.0023180246353149414,-9.340276718139648
34798839000,0.0,0.0,-0.0,-2.9992222785949707,-0.0023180246353149414,-9.340276718139648
34805800000,0.0,0.0,-0.0,-2.9992222785949707,-0.0023180246353149414,-9.340276718139648
34812748000,0.0,0.0,-0.0,-2.9992222785949707,-0.0023180246353149414,-9.340276718139648
34826691000,0.0,0.0,-0.0,-2.9992222785949707,-0.0023180246353149414,-9.340276718139648
34833550000,0.0,0.0,-0.0,-2.9992222785949707,-0.0023180246353149414,-9.340276718139648
34840479000,0.0,0.0,-0.0,-2.9992222785949707,-0.0023180246353149414,-9.340276718139648
34847508000,0.0,0.0,-0.0,-2.9992222785949707,-0.0023180246353149414,-9.340276718139648
34854408000,0.0,0.0,-0.0,-2.9992222785949707,-0.0023180246353149414,-9.340276718139648
34868306000,0.0,0.0,-0.0,-2.9992222785949707,-0.0023180246353149414,-9.340276718139648
34875263000,0.0,0.0,-0.0,-2.9992222785949707,-0.0023180246353149414,-9.340276718139648
34882245000,0.0,0.0,-0.0,-2.9992222785949707,-0.0023180246353149414,-9.340276718139648
34896095000,0.0,0.0,-0.0,-2.9992222785949707,-0.0023180246353149414,-9.340276718139648
34903017000,0.0,0.0,-0.0,-2.9992222785949707,-0.0023180246353149414,-9.340276718139648
34910016000,0.0,0.0,-0.0,-2.9992222785949707,-0.0023180246353149414,-9.340276718139648
34916885000,0.0,0.0,-0.0,-2.9992222785949707,-0.0023180246353149414,-9.340276718139648
34923822000,0.0,0.0,-0.0,-2.9992222785949707,-0.0023180246353149414,-9.340276718139648
34937762000,0.0,0.0,-0.0,-2.9992222785949707,-0.0023180246353149414,-9.340276718139648
34944957000,0.0,0.0,-0.0,-2.9992222785949707,-0.0023180246353149414,-9.340276718139648
34951741000,0.0,0.0,-0.0,-2.9992222785949707,-0.0023180246353149414,-9.340276718139648
34958911000,0.0,0.0,-0.0,-2.9992222785949707,-0.0023180246353149414,-9.340276718139648
34978258000,0.0,0.0,-0.0,-2.9992222785949707,-0.0023180246353149414,-9.340276718139648
34998030000,0.0,0.0,-0.0,-2.9992222785949707,-0.0023180246353149414,-9.340276718139648
35003090000,0.0,0.0,-0.0,-2.9992222785949707,-0.0023180246353149414,-9.340276718139648
35009986000,0.0,0.0,-0.0,-2.9992222785949707,-0.0023180246353149414,-9.340276718139648
35020807000,0.0,0.0,-0.0,-2.9992222785949707,-0.0023180246353149414,-9.340276718139648
35032927000,0.0,0.0,-0.0,-2.9992222785949707,-0.0023180246353149414,-9.340276718139648
35041272000,0.0,0.0,-0.0,-2.9992222785949707,-0.0023180246353149414,-9.340276718139648
35041272000,0.0,0.0,-0.0,-2.9992222785949707,-0.0023180246353149414,-9.340276718139648
35052259000,0.0,0.0,-0.0,-2.9992222785949707,-0.0023180246353149414,-9.340276718139648
35059214000,0.0,0.0,-0.0,-2.9992222785949707,-0.0023180246353149414,-9.340276718139648
35079249000,0.0,0.0,-0.0,-2.9992222785949707,-0.0023180246353149414,-9.340276718139648
35086116000,0.0,0.0,-0.0,-2.9992222785949707,-0.0023180246353149414,-9.340276718139648
35093122000,0.0,0.0,-0.0,-2.9992222785949707,-0.0023180246353149414,-9.340276718139648
35099994000,0.0,0.0,-0.0,-2.9992222785949707,-0.0023180246353149414,-9.340276718139648
35113896000,0.0,0.0,-0.0,-2.9992222785949707,-0.0023180246353149414,-9.340276718139648
35120837000,0.0,0.0,-0.0,-2.9992222785949707,-0.0023180246353149414,-9.340276718139648
35127879000,0.0,0.0,-0.0,-2.9992222785949707,-0.0023180246353149414,-9.340276718139648
35134713000,0.0,0.0,-0.0,-2.9992222785949707,-0.0023180246353149414,-9.340276718139648
35141639000,0.0,0.0,-0.0,-2.9992222785949707,-0.0023180246353149414,-9.340276718139648
35155553000,0.0,0.0,-0.0,-2.9992222785949707,-0.0023180246353149414,-9.340276718139648
35162566000,0.0,0.0,-0.0,-2.9992222785949707,-0.0023180246353149414,-9.340276718139648
35169432000,0.0,0.0,-0.0,-2.9992222785949707,-0.0023180246353149414,-9.340276718139648
35176489000,0.0,0.0,-0.0,-2.9992222785949707,-0.0023180246353149414,-9.340276718139648
35190284000,0.0,0.0,-0.0,-2.9992222785949707,-0.0023180246353149414,-9.340276718139648
35197262000,0.0,0.0,-0.0,-2.9992222785949707,-0.0023180246353149414,-9.340276718139648
35204157000,0.0,0.0,-0.0,-2.9992222785949707,-0.0023180246353149414,-9.340276718139648
35211393000,0.0,0.0,-0.0,-2.9992222785949707,-0.0023180246353149414,-9.340276718139648
35218057000,0.0,0.0,-0.0,-2.9992222785949707,-0.0023180246353149414,-9.340276718139648
35232024000,0.0,0.0,-0.0,-2.9992222785949707,-0.0023180246353149414,-9.340276718139648
35238883000,0.0,0.0,-0.0,-2.9992222785949707,-0.0023180246353149414,-9.340276718139648
35245876000,0.0,0.0,-0.0,-2.9992222785949707,-0.0023180246353149414,-9.340276718139648
35252772000,0.0,0.0,-0.0,-2.9992222785949707,-0.0023180246353149414,-9.340276718139648
35259755000,0.0,0.0,-0.0,-2.9992222785949707,-0.0023180246353149414,-9.340276718139648
35273618000,0.0,0.0,-0.0,-2.9992222785949707,-0.0023180246353149414,-9.340276718139648
35280631000,0.0,0.0,-0.0,-2.9992222785949707,-0.0023180246353149414,-9.340276718139648
35287522000,0.0,0.0,-0.0,-2.9992222785949707,-0.0023180246353149414,-9.340276718139648
35294529000,0.0,0.0,-0.0,-2.9992222785949707,-0.0023180246353149414,-9.340276718139648
35301438000,0.0,0.0,-0.0,-2.9992222785949707,-0.0023180246353149414,-9.340276718139648
35315311000,0.0,0.0,-0.0,-2.9992222785949707,-0.0023180246353149414,-9.340276718139648
35322247000,0.0,0.0,-0.0,-2.9992222785949707,-0.0023180246353149414,-9.340276718139648
35329227000,0.0,0.0,-0.0,-2.9992222785949707,-0.0023180246353149414,-9.340276718139648
35336166000,0.0,0.0,-0.0,-2.9992222785949707,-0.0023180246353149414,-9.340276718139648
35350081000,0.0,0.0,-0.0,-2.9992222785949707,-0.0023180246353149414,-9.340276718139648
35356948000,0.0,0.0,-0.0,-2.9992222785949707,-0.0023180246353149414,-9.340276718139648
35364027000,0.0,0.0,-0.0,-2.9992222785949707,-0.0023180246353149414,-9.340276718139648
35370844000,0.0,0.0,-0.0,-2.9992222785949707,-0.0023180246353149414,-9.340276718139648
35377873000,0.0,0.0,-0.0,-2.9992222785949707,-0.0023180246353149414,-9.340276718139648
35391650000,0.0,0.0,-0.0,-2.9992222785949707,-0.0023180246353149414,-9.340276718139648
35398659000,0.0,0.0,-0.0,-2.9992222785949707,-0.0023180246353149414,-9.340276718139648
35405554000,0.0,0.0,-0.0,-2.9992222785949707,-0.0023180246353149414,-9.340276718139648
35412616000,0.0,0.0,-0.0,-2.9992222785949707,-0.0023180246353149414,-9.340276718139648
35426522000,0.0,0.0,-0.0,-2.9992222785949707,-0.0023180246353149414,-9.340276718139648
35433409000,0.0,0.0,-0.0,-2.9992222785949707,-0.0023180246353149414,-9.340276718139648
35440276000,0.0,0.0,-0.0,-2.9992222785949707,-0.0023180246353149414,-9.340276718139648
35447295000,0.0,0.0,-0.0,-2.9992222785949707,-0.0023180246353149414,-9.340276718139648
35461187000,0.0,0.0,-0.0,-2.9992222785949707,-0.0023180246353149414,-9.340276718139648
35468071000,0.0,0.0,-0.0,-2.9992222785949707,-0.0023180246353149414,-9.340276718139648
35475003000,0.0,0.0,-0.0,-2.9992222785949707,-0.0023180246353149414,-9.340276718139648
35481983000,0.0,0.0,-0.0,-2.9992222785949707,-0.0023180246353149414,-9.340276718139648
35495861000,0.0,0.0,-0.0,-2.9992222785949707,-0.0023180246353149414,-9.340276718139648
35502779000,0.0,0.0,-0.0,-2.9992222785949707,-0.0023180246353149414,-9.340276718139648
35509770000,0.0,0.0,-0.0,-2.9992222785949707,-0.0023180246353149414,-9.340276718139648
35516709000,0.0,0.0,-0.0,-2.9992222785949707,-0.0023180246353149414,-9.340276718139648
35530593000,0.0,0.0,-0.0,-2.9992222785949707,-0.0023180246353149414,-9.340276718139648
35537560000,0.0,0.0,-0.0,-2.9992222785949707,-0.0023180246353149414,-9.340276718139648
35544511000,0.0,0.0,-0.0,-2.9992222785949707,-0.0023180246353149414,-9.340276718139648
35551416000,0.0,0.0,-0.0,-2.9992222785949707,-0.0023180246353149414,-9.340276718139648
35565353000,0.0,0.0,-0.0,-2.9992222785949707,-0.0023180246353149414,-9.340276718139648
35572267000,0.0,0.0,-0.0,-2.9992222785949707,-0.0023180246353149414,-9.340276718139648
35579320000,0.0,0.0,-0.0,-2.9992222785949707,-0.0023180246353149414,-9.340276718139648
35586132000,0.0,0.0,-0.0,-2.9992222785949707,-0.0023180246353149414,-9.340276718139648
35593290000,0.0,0.0,-0.0,-2.9992222785949707,-0.0023180246353149414,-9.340276718139648
35607023000,0.0,0.0,-0.0,-2.9992222785949707,-0.0023180246353149414,-9.340276718139648
35613993000,0.0,0.0,-0.0,-2.9992222785949707,-0.0023180246353149414,-9.340276718139648
35620855000,0.0,0.0,-0.0,-2.9992222785949707,-0.0023180246353149414,-9.340276718139648
35627801000,0.0,0.0,-0.0,-2.9992222785949707,-0.0023180246353149414,-9.340276718139648
35634740000,0.0,0.0,-0.0,-2.9992222785949707,-0.0023180246353149414,-9.340276718139648
35648690000,0.0,0.0,-0.0,-2.9992222785949707,-0.0023180246353149414,-9.340276718139648
35655594000,0.0,0.0,-0.0,-2.9992222785949707,-0.0023180246353149414,-9.340276718139648
35662579000,0.0,0.0,-0.0,-2.9992222785949707,-0.0023180246353149414,-9.340276718139648
35669490000,0.0,0.0,-0.0,-2.9992222785949707,-0.0023180246353149414,-9.340276718139648
35683363000,0.0,0.0,-0.0,-2.9992222785949707,-0.0023180246353149414,-9.340276718139648
35690274000,0.0,0.0,-0.0,-2.9992222785949707,-0.0023180246353149414,-9.340276718139648
35697283000,0.0,0.0,-0.0,-2.9992222785949707,-0.0023180246353149414,-9.340276718139648
35704173000,0.0,0.0,-0.0,-2.9992222785949707,-0.0023180246353149414,-9.340276718139648
35711383000,0.0,0.0,-0.0,-2.9992222785949707,-0.0023180246353149414,-9.340276718139648
35725021000,0.0,0.0,-0.0,-2.9992222785949707,-0.0023180246353149414,-9.340276718139648
35731994000,0.0,0.0,-0.0,-2.9992222785949707,-0.0023180246353149414,-9.340276718139648
35738916000,0.0,0.0,-0.0,-2.9992222785949707,-0.0023180246353149414,-9.340276718139648
35745970000,0.0,0.0,-0.0,-2.9992222785949707,-0.0023180246353149414,-9.340276718139648
35759826000,0.0,0.0,-0.0,-2.9992222785949707,-0.0023180246353149414,-9.340276718139648
35766707000,0.0,0.0,-0.0,-2.9992222785949707,-0.0023180246353149414,-9.340276718139648
35773678000,0.0,0.0,-0.0,-2.9992222785949707,-0.0023180246353149414,-9.340276718139648
35780660000,0.0,0.0,-0.0,-2.9992222785949707,-0.0023180246353149414,-9.340276718139648
35794525000,0.0,0.0,-0.0,-2.9992222785949707,-0.0023180246353149414,-9.340276718139648
35801408000,0.0,0.0,-0.0,-2.9992222785949707,-0.0023180246353149414,-9.340276718139648
35808376000,0.0,0.0,-0.0,-2.9992222785949707,-0.0023180246353149414,-9.340276718139648
35815326000,0.0,0.0,-0.0,-2.9992222785949707,-0.0023180246353149414,-9.340276718139648
35822272000,0.0,0.0,-0.0,-2.9992222785949707,-0.0023180246353149414,-9.340276718139648
35836161000,0.0,0.0,-0.0,-2.9992222785949707,-0.0023180246353149414,-9.340276718139648
35843182000,0.0,0.0,-0.0,-2.9992222785949707,-0.0023180246353149414,-9.340276718139648
35850085000,0.0,0.0,-0.0,-2.9992222785949707,-0.0023180246353149414,-9.340276718139648
35856976000,0.0,0.0,-0.0,-2.9992222785949707,-0.0023180246353149414,-9.340276718139648
35870934000,0.0,0.0,-0.0,-2.9992222785949707,-0.0023180246353149414,-9.340276718139648
35877981000,0.0,0.0,-0.0,-2.9992222785949707,-0.0023180246353149414,-9.340276718139648
35884824000,0.0,0.0,-0.0,-2.9992222785949707,-0.0023180246353149414,-9.340276718139648
35891724000,0.0,0.0,-0.0,-2.9992222785949707,-0.0023180246353149414,-9.340276718139648
35905624000,0.0,0.0,-0.0,-2.9992222785949707,-0.0023180246353149414,-9.340276718139648
35912592000,0.0,0.0,-0.0,-2.9992222785949707,-0.0023180246353149414,-9.340276718139648
35919531000,0.0,0.0,-0.0,-2.9992222785949707,-0.0023180246353149414,-9.340276718139648
35926485000,0.0,0.0,-0.0,-2.9992222785949707,-0.0023180246353149414,-9.340276718139648
35933488000,0.0,0.0,-0.0,-2.9992222785949707,-0.0023180246353149414,-9.340276718139648
35947393000,0.0,0.0,-0.0,-2.9992222785949707,-0.0023180246353149414,-9.340276718139648
35954261000,0.0,0.0,-0.0,-2.9992222785949707,-0.0023180246353149414,-9.340276718139648
35961248000,0.0,0.0,-0.0,-2.9992222785949707,-0.0023180246353149414,-9.340276718139648
35968159000,0.0,0.0,-0.0,-2.9992222785949707,-0.0023180246353149414,-9.340276718139648
35975128000,0.0,0.0,-0.0,-2.9992222785949707,-0.0023180246353149414,-9.340276718139648
35989009000,0.0,0.0,-0.0,-2.9992222785949707,-0.0023180246353149414,-9.340276718139648
35995986000,0.0,0.0,-0.0,-2.9992222785949707,-0.0023180246353149414,-9.340276718139648
36002893000,0.0,0.0,-0.0,-2.9992222785949707,-0.0023180246353149414,-9.340276718139648
36009892000,0.0,0.0,-0.0,-2.9992222785949707,-0.0023180246353149414,-9.340276718139648
36023783000,0.0,0.0,-0.0,-2.9992222785949707,-0.0023180246353149414,-9.340276718139648
36030775000,0.0,0.0,-0.0,-2.9992222785949707,-0.0023180246353149414,-9.340276718139648
36037670000,0.0,0.0,-0.0,-2.9992222785949707,-0.0023180246353149414,-9.340276718139648
36044607000,0.0,0.0,-0.0,-2.9992222785949707,-0.0023180246353149414,-9.340276718139648
36051503000,0.0,0.0,-0.0,-2.9992222785949707,-0.0023180246353149414,-9.340276718139648
36065441000,0.0,0.0,-0.0,-2.9992222785949707,-0.0023180246353149414,-9.340276718139648
36072343000,0.0,0.0,-0.0,-2.9992222785949707,-0.0023180246353149414,-9.340276718139648
36079489000,0.0,0.0,-0.0,-2.9992222785949707,-0.0023180246353149414,-9.340276718139648
36086232000,0.0,0.0,-0.0,-2.9992222785949707,-0.0023180246353149414,-9.340276718139648
36093178000,0.0,0.0,-0.0,-2.9992222785949707,-0.0023180246353149414,-9.340276718139648
36107063000,0.0,0.0,-0.0,-2.9992222785949707,-0.0023180246353149414,-9.340276718139648
36114061000,0.0,0.0,-0.0,-2.9992222785949707,-0.0023180246353149414,-9.340276718139648
36120957000,0.0,0.0,-0.0,-2.9992222785949707,-0.0023180246353149414,-9.340276718139648
36128014000,0.0,0.0,-0.0,-2.9992222785949707,-0.0023180246353149414,-9.340276718139648
36141752000,0.0,0.0,-0.0,-2.9992222785949707,-0.0023180246353149414,-9.340276718139648
36148785000,0.0,0.0,-0.0,-2.9992222785949707,-0.0023180246353149414,-9.340276718139648
36155657000,0.0,0.0,-0.0,-2.9992222785949707,-0.0023180246353149414,-9.340276718139648
36162712000,0.0,0.0,-0.0,-2.9992222785949707,-0.0023180246353149414,-9.340276718139648
36169611000,0.0,0.0,-0.0,-2.9992222785949707,-0.0023180246353149414,-9.340276718139648
36183501000,0.0,0.0,-0.0,-2.9992222785949707,-0.0023180246353149414,-9.340276718139648
36190416000,0.0,0.0,-0.0,-2.9992222785949707,-0.0023180246353149414,-9.340276718139648
36197395000,0.0,0.0,-0.0,-2.9992222785949707,-0.0023180246353149414,-9.340276718139648
36204273000,0.0,0.0,-0.0,-2.9992222785949707,-0.0023180246353149414,-9.340276718139648
36218185000,0.0,0.0,-0.0,-2.9992222785949707,-0.0023180246353149414,-9.340276718139648
36225131000,0.0,0.0,-0.0,-2.9992222785949707,-0.0023180246353149414,-9.340276718139648
36232123000,0.0,0.0,-0.0,-2.9992222785949707,-0.0023180246353149414,-9.340276718139648
36239000000,0.0,0.0,-0.0,-2.9992222785949707,-0.0023180246353149414,-9.340276718139648
36246057000,0.0,0.0,-0.0,-2.9992222785949707,-0.0023180246353149414,-9.340276718139648
36259858000,0.0,0.0,-0.0,-2.9992222785949707,-0.0023180246353149414,-9.340276718139648
36266801000,0.0,0.0,-0.0,-2.9992222785949707,-0.0023180246353149414,-9.340276718139648
36273708000,0.0,0.0,-0.0,-2.9992222785949707,-0.0023180246353149414,-9.340276718139648
36280730000,0.0,0.0,-0.0,-2.9992222785949707,-0.0023180246353149414,-9.340276718139648
36287639000,0.0,0.0,-0.0,-2.9992222785949707,-0.0023180246353149414,-9.340276718139648
36301508000,0.0,0.0,-0.0,-2.9992222785949707,-0.0023180246353149414,-9.340276718139648
36308434000,0.0,0.0,-0.0,-2.9992222785949707,-0.0023180246353149414,-9.340276718139648
36315428000,0.0,0.0,-0.0,-2.9992222785949707,-0.0023180246353149414,-9.340276718139648
36322337000,0.0,0.0,-0.0,-2.9992222785949707,-0.0023180246353149414,-9.340276718139648
36336238000,0.0,0.0,-0.0,-2.9992222785949707,-0.0023180246353149414,-9.340276718139648
36343197000,0.0,0.0,-0.0,-2.9992222785949707,-0.0023180246353149414,-9.340276718139648
36350185000,0.0,0.0,-0.0,-2.9992222785949707,-0.0023180246353149414,-9.340276718139648
36357060000,0.0,0.0,-0.0,-2.9992222785949707,-0.0023180246353149414,-9.340276718139648
36364069000,0.0,0.0,-0.0,-2.9992222785949707,-0.0023180246353149414,-9.340276718139648
36370952000,0.0,0.0,-0.0,-2.9992222785949707,-0.0023180246353149414,-9.340276718139648
36384852000,0.0,0.0,-0.0,-2.9992222785949707,-0.0023180246353149414,-9.340276718139648
36391767000,0.0,0.0,-0.0,-2.9992222785949707,-0.0023180246353149414,-9.340276718139648
36398791000,0.0,0.0,-0.0,-2.9992222785949707,-0.0023180246353149414,-9.340276718139648
36412810000,0.0,0.0,-0.0,-2.9992222785949707,-0.0023180246353149414,-9.340276718139648
36419577000,0.0,0.0,-0.0,-2.9992222785949707,-0.0023180246353149414,-9.340276718139648
36426590000,0.0,0.0,-0.0,-2.9992222785949707,-0.0023180246353149414,-9.340276718139648
36433515000,0.0,0.0,-0.0,-2.9992222785949707,-0.0023180246353149414,-9.340276718139648
36440440000,0.0,0.0,-0.0,-2.9992222785949707,-0.0023180246353149414,-9.340276718139648
36454303000,0.0,0.0,-0.0,-2.9992222785949707,-0.0023180246353149414,-9.340276718139648
36461338000,0.0,0.0,-0.0,-2.9992222785949707,-0.0023180246353149414,-9.340276718139648
36468202000,0.0,0.0,-0.0,-2.9992222785949707,-0.0023180246353149414,-9.340276718139648
36475145000,0.0,0.0,-0.0,-2.9992222785949707,-0.0023180246353149414,-9.340276718139648
36482167000,0.0,0.0,-0.0,-2.9992222785949707,-0.0023180246353149414,-9.340276718139648
36496071000,0.0,0.0,-0.0,-2.9992222785949707,-0.0023180246353149414,-9.340276718139648
36502945000,0.0,0.0,-0.0,-2.9992222785949707,-0.0023180246353149414,-9.340276718139648
36509886000,0.0,0.0,-0.0,-2.9992222785949707,-0.0023180246353149414,-9.340276718139648
36516849000,0.0,0.0,-0.0,-2.9992222785949707,-0.0023180246353149414,-9.340276718139648
36530791000,0.0,0.0,-0.0,-2.9992222785949707,-0.0023180246353149414,-9.340276718139648
36537706000,0.0,0.0,-0.0,-2.9992222785949707,-0.0023180246353149414,-9.340276718139648
36544665000,0.0,0.0,-0.0,-2.9992222785949707,-0.0023180246353149414,-9.340276718139648
36551562000,0.0,0.0,-0.0,-2.9992222785949707,-0.0023180246353149414,-9.340276718139648
36558506000,0.0,0.0,-0.0,-2.9992222785949707,-0.0023180246353149414,-9.340276718139648
36572379000,0.0,0.0,-0.0,-2.9992222785949707,-0.0023180246353149414,-9.340276718139648
36579373000,0.0,0.0,-0.0,-2.9992222785949707,-0.0023180246353149414,-9.340276718139648
36586274000,0.0,0.0,-0.0,-2.9992222785949707,-0.0023180246353149414,-9.340276718139648
36593214000,0.0,0.0,-0.0,-2.9992222785949707,-0.0023180246353149414,-9.340276718139648
36600189000,0.0,0.0,-0.0,-2.9992222785949707,-0.0023180246353149414,-9.340276718139648
36614174000,0.0,0.0,-0.0,-2.9992222785949707,-0.0023180246353149414,-9.340276718139648
36621051000,0.0,0.0,-0.0,-2.9992222785949707,-0.0023180246353149414,-9.340276718139648
36628019000,0.0,0.0,-0.0,-2.9992222785949707,-0.0023180246353149414,-9.340276718139648
36634931000,0.0,0.0,-0.0,-2.9992222785949707,-0.0023180246353149414,-9.340276718139648
36641880000,0.0,0.0,-0.0,-2.9992222785949707,-0.0023180246353149414,-9.340276718139648
36655779000,0.0,0.0,-0.0,-2.9992222785949707,-0.0023180246353149414,-9.340276718139648
36662782000,0.0,0.0,-0.0,-2.9992222785949707,-0.0023180246353149414,-9.340276718139648
36669696000,0.0,0.0,-0.0,-2.9992222785949707,-0.0023180246353149414,-9.340276718139648
36676598000,0.0,0.0,-0.0,-2.9992222785949707,-0.0023180246353149414,-9.340276718139648
36690504000,0.0,0.0,-0.0,-2.9992222785949707,-0.0023180246353149414,-9.340276718139648
36697519000,0.0,0.0,-0.0,-2.9992222785949707,-0.0023180246353149414,-9.340276718139648
36704380000,0.0,0.0,-0.0,-2.9992222785949707,-0.0023180246353149414,-9.340276718139648
36711393000,0.0,0.0,-0.0,-2.9992222785949707,-0.0023180246353149414,-9.340276718139648
36718272000,0.0,0.0,-0.0,-2.9992222785949707,-0.0023180246353149414,-9.340276718139648
36732186000,0.0,0.0,-0.0,-2.9992222785949707,-0.0023180246353149414,-9.340276718139648
36739151000,0.0,0.0,-0.0,-2.9992222785949707,-0.0023180246353149414,-9.340276718139648
36746089000,0.0,0.0,-0.0,-2.9992222785949707,-0.0023180246353149414,-9.340276718139648
36752998000,0.0,0.0,-0.0,-2.9992222785949707,-0.0023180246353149414,-9.340276718139648
36759935000,0.0,0.0,-0.0,-2.9992222785949707,-0.0023180246353149414,-9.340276718139648
36773834000,0.0,0.0,-0.0,-2.9992222785949707,-0.0023180246353149414,-9.340276718139648
36780804000,0.0,0.0,-0.0,-2.9992222785949707,-0.0023180246353149414,-9.340276718139648
36787739000,0.0,0.0,-0.0,-2.9992222785949707,-0.0023180246353149414,-9.340276718139648
36794704000,0.0,0.0,-0.0,-2.9992222785949707,-0.0023180246353149414,-9.340276718139648
36808540000,0.0,0.0,-0.0,-2.9992222785949707,-0.0023180246353149414,-9.340276718139648
36815522000,0.0,0.0,-0.0,-2.9992222785949707,-0.0023180246353149414,-9.340276718139648
36822439000,0.0,0.0,-0.0,-2.9992222785949707,-0.0023180246353149414,-9.340276718139648
36829455000,0.0,0.0,-0.0,-2.9992222785949707,-0.0023180246353149414,-9.340276718139648
36836339000,0.0,0.0,-0.0,-2.9992222785949707,-0.0023180246353149414,-9.340276718139648
36850263000,0.0,0.0,-0.0,-2.9992222785949707,-0.0023180246353149414,-9.340276718139648
36857163000,0.0,0.0,-0.0,-2.9992222785949707,-0.0023180246353149414,-9.340276718139648
36864183000,0.0,0.0,-0.0,-2.9992222785949707,-0.0023180246353149414,-9.340276718139648
36871049000,0.0,0.0,-0.0,-2.9992222785949707,-0.0023180246353149414,-9.340276718139648
36878053000,0.0,0.0,-0.0,-2.9992222785949707,-0.0023180246353149414,-9.340276718139648
36891885000,0.0,0.0,-0.0,-2.9992222785949707,-0.0023180246353149414,-9.340276718139648
36898880000,0.0,0.0,-0.0,-2.9992222785949707,-0.0023180246353149414,-9.340276718139648
36905785000,0.0,0.0,-0.0,-2.9992222785949707,-0.0023180246353149414,-9.340276718139648
36912817000,0.0,0.0,-0.0,-2.9992222785949707,-0.0023180246353149414,-9.340276718139648
36926597000,0.0,0.0,-0.0,-2.9992222785949707,-0.0023180246353149414,-9.340276718139648
36933580000,0.0,0.0,-0.0,-2.9992222785949707,-0.0023180246353149414,-9.340276718139648
36940524000,0.0,0.0,-0.0,-2.9992222785949707,-0.0023180246353149414,-9.340276718139648
36947475000,0.0,0.0,-0.0,-2.9992222785949707,-0.0023180246353149414,-9.340276718139648
36954386000,0.0,0.0,-0.0,-2.9992222785949707,-0.0023180246353149414,-9.340276718139648
36968329000,0.0,0.0,-0.0,-2.9992222785949707,-0.0023180246353149414,-9.340276718139648
36975221000,0.0,0.0,-0.0,-2.9992222785949707,-0.0023180246353149414,-9.340276718139648
36982204000,0.0,0.0,-0.0,-2.9992222785949707,-0.0023180246353149414,-9.340276718139648
36989126000,0.0,0.0,-0.0,-2.9992222785949707,-0.0023180246353149414,-9.340276718139648
36996171000,0.0,0.0,-0.0,-2.9992222785949707,-0.0023180246353149414,-9.340276718139648
37009938000,0.0,0.0,-0.0,-2.9992222785949707,-0.0023180246353149414,-9.340276718139648
37016936000,0.0,0.0,-0.0,-2.9992222785949707,-0.0023180246353149414,-9.340276718139648
37023826000,0.0,0.0,-0.0,-2.9992222785949707,-0.0023180246353149414,-9.340276718139648
37030814000,0.0,0.0,-0.0,-2.9992222785949707,-0.0023180246353149414,-9.340276718139648
37044731000,0.0,0.0,-0.0,-2.9992222785949707,-0.0023180246353149414,-9.340276718139648
37051619000,0.0,0.0,-0.0,-2.9992222785949707,-0.0023180246353149414,-9.340276718139648
37058553000,0.0,0.0,-0.0,-2.9992222785949707,-0.0023180246353149414,-9.340276718139648
37065526000,0.0,0.0,-0.0,-2.9992222785949707,-0.0023180246353149414,-9.340276718139648
37079469000,0.0,0.0,-0.0,-2.9992222785949707,-0.0023180246353149414,-9.340276718139648
37086332000,0.0,0.0,-0.0,-2.9992222785949707,-0.0023180246353149414,-9.340276718139648
37093274000,0.0,0.0,-0.0,-2.9992222785949707,-0.0023180246353149414,-9.340276718139648
37100251000,0.0,0.0,-0.0,-2.9992222785949707,-0.0023180246353149414,-9.340276718139648
37114145000,0.0,0.0,-0.0,-2.9992222785949707,-0.0023180246353149414,-9.340276718139648
37121071000,0.0,0.0,-0.0,-2.9992222785949707,-0.0023180246353149414,-9.340276718139648
37128060000,0.0,0.0,-0.0,-2.9992222785949707,-0.0023180246353149414,-9.340276718139648
37134999000,0.0,0.0,-0.0,-2.9992222785949707,-0.0023180246353149414,-9.340276718139648
37141884000,0.0,0.0,-0.0,-2.9992222785949707,-0.0023180246353149414,-9.340276718139648
37155789000,0.0,0.0,-0.0,-2.9992222785949707,-0.0023180246353149414,-9.340276718139648
37162792000,0.0,0.0,-0.0,-2.9992222785949707,-0.0023180246353149414,-9.340276718139648
37169672000,0.0,0.0,-0.0,-2.9992222785949707,-0.0023180246353149414,-9.340276718139648
37176606000,0.0,0.0,-0.0,-2.9992222785949707,-0.0023180246353149414,-9.340276718139648
37183610000,0.0,0.0,-0.0,-2.9992222785949707,-0.0023180246353149414,-9.340276718139648
37197480000,0.0,0.0,-0.0,-2.9992222785949707,-0.0023180246353149414,-9.340276718139648
37204405000,0.0,0.0,-0.0,-2.9992222785949707,-0.0023180246353149414,-9.340276718139648
37211431000,0.0,0.0,-0.0,-2.9992222785949707,-0.0023180246353149414,-9.340276718139648
37218332000,0.0,0.0,-0.0,-2.9992222785949707,-0.0023180246353149414,-9.340276718139648
37225225000,0.0,0.0,-0.0,-2.9992222785949707,-0.0023180246353149414,-9.340276718139648
37239132000,0.0,0.0,-0.0,-2.9992222785949707,-0.0023180246353149414,-9.340276718139648
37246145000,0.0,0.0,-0.0,-2.9992222785949707,-0.0023180246353149414,-9.340276718139648
37253059000,0.0,0.0,-0.0,-2.9992222785949707,-0.0023180246353149414,-9.340276718139648
37259949000,0.0,0.0,-0.0,-2.9992222785949707,-0.0023180246353149414,-9.340276718139648
37273847000,0.0,0.0,-0.0,-2.9992222785949707,-0.0023180246353149414,-9.340276718139648
37280911000,0.0,0.0,-0.0,-2.9992222785949707,-0.0023180246353149414,-9.340276718139648
37287744000,0.0,0.0,-0.0,-2.9992222785949707,-0.0023180246353149414,-9.340276718139648
37294671000,0.0,0.0,-0.0,-2.9992222785949707,-0.0023180246353149414,-9.340276718139648
37308600000,0.0,0.0,-0.0,-2.9992222785949707,-0.0023180246353149414,-9.340276718139648
37315514000,0.0,0.0,-0.0,-2.9992222785949707,-0.0023180246353149414,-9.340276718139648
37322523000,0.0,0.0,-0.0,-2.9992222785949707,-0.0023180246353149414,-9.340276718139648
37329425000,0.0,0.0,-0.0,-2.9992222785949707,-0.0023180246353149414,-9.340276718139648
37336449000,0.0,0.0,-0.0,-2.9992222785949707,-0.0023180246353149414,-9.340276718139648
37350257000,0.0,0.0,-0.0,-2.9992222785949707,-0.0023180246353149414,-9.340276718139648
37357238000,0.0,0.0,-0.0,-2.9992222785949707,-0.0023180246353149414,-9.340276718139648
37364132000,0.0,0.0,-0.0,-2.9992222785949707,-0.0023180246353149414,-9.340276718139648
37371183000,0.0,0.0,-0.0,-2.9992222785949707,-0.0023180246353149414,-9.340276718139648
37385136000,0.0,0.0,-0.0,-2.9992222785949707,-0.0023180246353149414,-9.340276718139648
37391978000,0.0,0.0,-0.0,-2.9992222785949707,-0.0023180246353149414,-9.340276718139648
37399020000,0.0,0.0,-0.0,-2.9992222785949707,-0.0023180246353149414,-9.340276718139648
37405892000,0.0,0.0,-0.0,-2.9992222785949707,-0.0023180246353149414,-9.340276718139648
37412821000,0.0,0.0,-0.0,-2.9992222785949707,-0.0023180246353149414,-9.340276718139648
37426697000,0.0,0.0,-0.0,-2.9992222785949707,-0.0023180246353149414,-9.340276718139648
37433648000,0.0,0.0,-0.0,-2.9992222785949707,-0.0023180246353149414,-9.340276718139648
37440568000,0.0,0.0,-0.0,-2.9992222785949707,-0.0023180246353149414,-9.340276718139648
37447497000,0.0,0.0,-0.0,-2.9992222785949707,-0.0023180246353149414,-9.340276718139648
37454546000,0.0,0.0,-0.0,-2.9992222785949707,-0.0023180246353149414,-9.340276718139648
37468420000,0.0,0.0,-0.0,-2.9992222785949707,-0.0023180246353149414,-9.340276718139648
37475236000,0.0,0.0,-0.0,-2.9992222785949707,-0.0023180246353149414,-9.340276718139648
37482311000,0.0,0.0,-0.0,-2.9992222785949707,-0.0023180246353149414,-9.340276718139648
37489223000,0.0,0.0,-0.0,-2.9992222785949707,-0.0023180246353149414,-9.340276718139648
37496204000,0.0,0.0,-0.0,-2.9992222785949707,-0.0023180246353149414,-9.340276718139648
37510044000,0.0,0.0,-0.0,-2.9992222785949707,-0.0023180246353149414,-9.340276718139648
37517084000,0.0,0.0,-0.0,-2.9992222785949707,-0.0023180246353149414,-9.340276718139648
37523920000,0.0,0.0,-0.0,-2.9992222785949707,-0.0023180246353149414,-9.340276718139648
37530877000,0.0,0.0,-0.0,-2.9992222785949707,-0.0023180246353149414,-9.340276718139648
37544863000,0.0,0.0,-0.0,-2.9992222785949707,-0.0023180246353149414,-9.340276718139648
37551757000,0.0,0.0,-0.0,-2.9992222785949707,-0.0023180246353149414,-9.340276718139648
37558799000,0.0,0.0,-0.0,-2.9992222785949707,-0.0023180246353149414,-9.340276718139648
37565670000,0.0,0.0,-0.0,-2.9992222785949707,-0.0023180246353149414,-9.340276718139648
37579642000,0.0,0.0,-0.0,-2.9992222785949707,-0.0023180246353149414,-9.340276718139648
37586507000,0.0,0.0,-0.0,-2.9992222785949707,-0.0023180246353149414,-9.340276718139648
37593689000,0.0,0.0,-0.0,-2.9992222785949707,-0.0023180246353149414,-9.340276718139648
37603210000,0.0,0.0,-0.0,-2.9992222785949707,-0.0023180246353149414,-9.340276718139648
37620070000,0.0,0.0,-0.0,-2.9992222785949707,-0.0023180246353149414,-9.340276718139648
37627001000,0.0,0.0,-0.0,-2.9992222785949707,-0.0023180246353149414,-9.340276718139648
37633971000,0.0,0.0,-0.0,-2.9992222785949707,-0.0023180246353149414,-9.340276718139648
37640832000,0.0,0.0,-0.0,-2.9992222785949707,-0.0023180246353149414,-9.340276718139648
37654706000,0.0,0.0,-0.0,-2.9992222785949707,-0.0023180246353149414,-9.340276718139648
37661687000,0.0,0.0,-0.0,-2.9992222785949707,-0.0023180246353149414,-9.340276718139648
37668606000,0.0,0.0,-0.0,-2.9992222785949707,-0.0023180246353149414,-9.340276718139648
37675565000,0.0,0.0,-0.0,-2.9992222785949707,-0.0023180246353149414,-9.340276718139648
37684593000,0.0,0.0,-0.0,-2.9992222785949707,-0.0023180246353149414,-9.340276718139648
37696471000,0.0,0.0,-0.0,-2.9992222785949707,-0.0023180246353149414,-9.340276718139648
37703546000,0.0,0.0,-0.0,-2.9992222785949707,-0.0023180246353149414,-9.340276718139648
37710311000,0.0,0.0,-0.0,-2.9992222785949707,-0.0023180246353149414,-9.340276718139648
37717713000,0.0,0.0,-0.0,-2.9992222785949707,-0.0023180246353149414,-9.340276718139648
37728838000,0.0,0.0,-0.0,-2.9992222785949707,-0.0023180246353149414,-9.340276718139648
37728838000,0.0,0.0,-0.0,-2.9992222785949707,-0.0023180246353149414,-9.340276718139648
37728838000,0.0,0.0,-0.0,-2.9992222785949707,-0.0023180246353149414,-9.340276718139648
37728838000,0.0,0.0,-0.0,-2.9992222785949707,-0.0023180246353149414,-9.340276718139648
37762526000,0.0,0.0,-0.0,-2.9992222785949707,-0.0023180246353149414,-9.340276718139648
37762526000,0.0,0.0,-0.0,-2.9992222785949707,-0.0023180246353149414,-9.340276718139648
37762526000,0.0,0.0,-0.0,-2.9992222785949707,-0.0023180246353149414,-9.340276718139648
37762526000,0.0,0.0,-0.0,-2.9992222785949707,-0.0023180246353149414,-9.340276718139648
37762526000,0.0,0.0,-0.0,-2.9992222785949707,-0.0023180246353149414,-9.340276718139648
37762526000,0.0,0.0,-0.0,-2.9992222785949707,-0.0023180246353149414,-9.340276718139648
37816703000,0.0,0.0,-0.0,-2.9992222785949707,-0.0023180246353149414,-9.340276718139648
37825757000,0.0,0.0,-0.0,-2.9992222785949707,-0.0023180246353149414,-9.340276718139648
37832797000,0.0,0.0,-0.0,-2.9992222785949707,-0.0023180246353149414,-9.340276718139648
37839717000,0.0,0.0,-0.0,-2.9992222785949707,-0.0023180246353149414,-9.340276718139648
37846871000,0.0,0.0,-0.0,-2.9992222785949707,-0.0023180246353149414,-9.340276718139648
37853596000,0.0,0.0,-0.0,-2.9992222785949707,-0.0023180246353149414,-9.340276718139648
37867482000,0.0,0.0,-0.0,-2.9992222785949707,-0.0023180246353149414,-9.340276718139648
37874433000,0.0,0.0,-0.0,-2.9992222785949707,-0.0023180246353149414,-9.340276718139648
37881411000,0.0,0.0,-0.0,-2.9992222785949707,-0.0023180246353149414,-9.340276718139648
37888305000,0.0,0.0,-0.0,-2.9992222785949707,-0.0023180246353149414,-9.340276718139648
37902224000,0.0,0.0,-0.0,-2.9992222785949707,-0.0023180246353149414,-9.340276718139648
37909064000,0.0,0.0,-0.0,-2.9992222785949707,-0.0023180246353149414,-9.340276718139648
37916284000,0.0,0.0,-0.0,-2.9992222785949707,-0.0023180246353149414,-9.340276718139648
37923013000,0.0,0.0,-0.0,-2.9992222785949707,-0.0023180246353149414,-9.340276718139648
37936857000,0.0,0.0,-0.0,-2.9992222785949707,-0.0023180246353149414,-9.340276718139648
37943810000,0.0,0.0,-0.0,-2.9992222785949707,-0.0023180246353149414,-9.340276718139648
37950773000,0.0,0.0,-0.0,-2.9992222785949707,-0.0023180246353149414,-9.340276718139648
37957675000,0.0,0.0,-0.0,-2.9992222785949707,-0.0023180246353149414,-9.340276718139648
37964712000,0.0,0.0,-0.0,-2.9992222785949707,-0.0023180246353149414,-9.340276718139648
37978643000,0.0,0.0,-0.0,-2.9992222785949707,-0.0023180246353149414,-9.340276718139648
37985487000,0.0,0.0,-0.0,-2.9992222785949707,-0.0023180246353149414,-9.340276718139648
37992410000,0.0,0.0,-0.0,-2.9992222785949707,-0.0023180246353149414,-9.340276718139648
37999423000,0.0,0.0,-0.0,-2.9992222785949707,-0.0023180246353149414,-9.340276718139648
38013321000,0.0,0.0,-0.0,-2.9992222785949707,-0.0023180246353149414,-9.340276718139648
38020237000,0.0,0.0,-0.0,-2.9992222785949707,-0.0023180246353149414,-9.340276718139648
38027167000,0.0,0.0,-0.0,-2.9992222785949707,-0.0023180246353149414,-9.340276718139648
38034113000,0.0,0.0,-0.0,-2.9992222785949707,-0.0023180246353149414,-9.340276718139648
38041030000,0.0,0.0,-0.0,-2.9992222785949707,-0.0023180246353149414,-9.340276718139648
38054928000,0.0,0.0,-0.0,-2.9992222785949707,-0.0023180246353149414,-9.340276718139648
38061916000,0.0,0.0,-0.0,-2.9992222785949707,-0.0023180246353149414,-9.340276718139648
38068869000,0.0,0.0,-0.0,-2.9992222785949707,-0.0023180246353149414,-9.340276718139648
38075748000,0.0,0.0,-0.0,-2.9992222785949707,-0.0023180246353149414,-9.340276718139648
38089656000,0.0,0.0,-0.0,-2.9992222785949707,-0.0023180246353149414,-9.340276718139648
38096657000,0.0,0.0,-0.0,-2.9992222785949707,-0.0023180246353149414,-9.340276718139648
38103524000,0.0,0.0,-0.0,-2.9992222785949707,-0.0023180246353149414,-9.340276718139648
38110526000,0.0,0.0,-0.0,-2.9992222785949707,-0.0023180246353149414,-9.340276718139648
38117517000,0.0,0.0,-0.0,-2.9992222785949707,-0.0023180246353149414,-9.340276718139648
38131349000,0.0,0.0,-0.0,-2.9992222785949707,-0.0023180246353149414,-9.340276718139648
38138266000,0.0,0.0,-0.0,-2.9992222785949707,-0.0023180246353149414,-9.340276718139648
38145259000,0.0,0.0,-0.0,-2.9992222785949707,-0.0023180246353149414,-9.340276718139648
38152202000,0.0,0.0,-0.0,-2.9992222785949707,-0.0023180246353149414,-9.340276718139648
38166094000,0.0,0.0,-0.0,-2.9992222785949707,-0.0023180246353149414,-9.340276718139648
38173038000,0.0,0.0,-0.0,-2.9992222785949707,-0.0023180246353149414,-9.340276718139648
38180099000,0.0,0.0,-0.0,-2.9992222785949707,-0.0023180246353149414,-9.340276718139648
38186883000,0.0,0.0,-0.0,-2.9992222785949707,-0.0023180246353149414,-9.340276718139648
38193865000,0.0,0.0,-0.0,-2.9992222785949707,-0.0023180246353149414,-9.340276718139648
38207704000,0.0,0.0,-0.0,-2.9992222785949707,-0.0023180246353149414,-9.340276718139648
38214924000,0.0,0.0,-0.0,-2.9992222785949707,-0.0023180246353149414,-9.340276718139648
38221638000,0.0,0.0,-0.0,-2.9992222785949707,-0.0023180246353149414,-9.340276718139648
38228572000,0.0,0.0,-0.0,-2.9992222785949707,-0.0023180246353149414,-9.340276718139648
38242426000,0.0,0.0,-0.0,-2.9992222785949707,-0.0023180246353149414,-9.340276718139648
38249422000,0.0,0.0,-0.0,-2.9992222785949707,-0.0023180246353149414,-9.340276718139648
38256344000,0.0,0.0,-0.0,-2.9992222785949707,-0.0023180246353149414,-9.340276718139648
38263343000,0.0,0.0,-0.0,-2.9992222785949707,-0.0023180246353149414,-9.340276718139648
38270228000,0.0,0.0,-0.0,-2.9992222785949707,-0.0023180246353149414,-9.340276718139648
38284141000,0.0,0.0,-0.0,-2.9992222785949707,-0.0023180246353149414,-9.340276718139648
38291069000,0.0,0.0,-0.0,-2.9992222785949707,-0.0023180246353149414,-9.340276718139648
38298299000,0.0,0.0,-0.0,-2.9992222785949707,-0.0023180246353149414,-9.340276718139648
38304951000,0.0,0.0,-0.0,-2.9992222785949707,-0.0023180246353149414,-9.340276718139648
38318854000,0.0,0.0,-0.0,-2.9992222785949707,-0.0023180246353149414,-9.340276718139648
38325772000,0.0,0.0,-0.0,-2.9992222785949707,-0.0023180246353149414,-9.340276718139648
38332786000,0.0,0.0,-0.0,-2.9992222785949707,-0.0023180246353149414,-9.340276718139648
38339656000,0.0,0.0,-0.0,-2.9992222785949707,-0.0023180246353149414,-9.340276718139648
38346682000,0.0,0.0,-0.0,-2.9992222785949707,-0.0023180246353149414,-9.340276718139648
38360477000,0.0,0.0,-0.0,-2.9992222785949707,-0.0023180246353149414,-9.340276718139648
38367463000,0.0,0.0,-0.0,-2.9992222785949707,-0.0023180246353149414,-9.340276718139648
38374379000,0.0,0.0,-0.0,-2.9992222785949707,-0.0023180246353149414,-9.340276718139648
38381612000,0.0,0.0,-0.0,-2.9992222785949707,-0.0023180246353149414,-9.340276718139648
38395346000,0.0,0.0,-0.0,-2.9992222785949707,-0.0023180246353149414,-9.340276718139648
38402174000,0.0,0.0,-0.0,-2.9992222785949707,-0.0023180246353149414,-9.340276718139648
38409113000,0.0,0.0,-0.0,-2.9992222785949707,-0.0023180246353149414,-9.340276718139648
38416110000,0.0,0.0,-0.0,-2.9992222785949707,-0.0023180246353149414,-9.340276718139648
38423080000,0.0,0.0,-0.0,-2.9992222785949707,-0.0023180246353149414,-9.340276718139648
38436915000,0.0,0.0,-0.0,-2.9992222785949707,-0.0023180246353149414,-9.340276718139648
38443819000,0.0,0.0,-0.0,-2.9992222785949707,-0.0023180246353149414,-9.340276718139648
38450799000,0.0,0.0,-0.0,-2.9992222785949707,-0.0023180246353149414,-9.340276718139648
38457755000,0.0,0.0,-0.0,-2.9992222785949707,-0.0023180246353149414,-9.340276718139648
38471661000,0.0,0.0,-0.0,-2.9992222785949707,-0.0023180246353149414,-9.340276718139648
38478604000,0.0,0.0,-0.0,-2.9992222785949707,-0.0023180246353149414,-9.340276718139648
38485571000,0.0,0.0,-0.0,-2.9992222785949707,-0.0023180246353149414,-9.340276718139648
38492492000,0.0,0.0,-0.0,-2.9992222785949707,-0.0023180246353149414,-9.340276718139648
38506357000,0.0,0.0,-0.0,-2.9992222785949707,-0.0023180246353149414,-9.340276718139648
38513388000,0.0,0.0,-0.0,-2.9992222785949707,-0.0023180246353149414,-9.340276718139648
38520251000,0.0,0.0,-0.0,-2.9992222785949707,-0.0023180246353149414,-9.340276718139648
38527275000,0.0,0.0,-0.0,-2.9992222785949707,-0.0023180246353149414,-9.340276718139648
38541095000,0.0,0.0,-0.0,-2.9992222785949707,-0.0023180246353149414,-9.340276718139648
38548087000,0.0,0.0,-0.0,-2.9992222785949707,-0.0023180246353149414,-9.340276718139648
38555028000,0.0,0.0,-0.0,-2.9992222785949707,-0.0023180246353149414,-9.340276718139648
38561919000,0.0,0.0,-0.0,-2.9992222785949707,-0.0023180246353149414,-9.340276718139648
38575831000,0.0,0.0,-0.0,-2.9992222785949707,-0.0023180246353149414,-9.340276718139648
38582839000,0.0,0.0,-0.0,-2.9992222785949707,-0.0023180246353149414,-9.340276718139648
38589740000,0.0,0.0,-0.0,-2.9992222785949707,-0.0023180246353149414,-9.340276718139648
38596715000,0.0,0.0,-0.0,-2.9992222785949707,-0.0023180246353149414,-9.340276718139648
38603639000,0.0,0.0,-0.0,-2.9992222785949707,-0.0023180246353149414,-9.340276718139648
38617493000,0.0,0.0,-0.0,-2.9992222785949707,-0.0023180246353149414,-9.340276718139648
38624432000,0.0,0.0,-0.0,-2.9992222785949707,-0.0023180246353149414,-9.340276718139648
38631399000,0.0,0.0,-0.0,-2.9992222785949707,-0.0023180246353149414,-9.340276718139648
38638310000,0.0,0.0,-0.0,-2.9992222785949707,-0.0023180246353149414,-9.340276718139648
38652223000,0.0,0.0,-0.0,-2.9992222785949707,-0.0023180246353149414,-9.340276718139648
38659154000,0.0,0.0,-0.0,-2.9992222785949707,-0.0023180246353149414,-9.340276718139648
38666123000,0.0,0.0,-0.0,-2.9992222785949707,-0.0023180246353149414,-9.340276718139648
38673079000,0.0,0.0,-0.0,-2.9992222785949707,-0.0023180246353149414,-9.340276718139648
38680092000,0.0,0.0,-0.0,-2.9992222785949707,-0.0023180246353149414,-9.340276718139648
38693878000,0.0,0.0,-0.0,-2.9992222785949707,-0.0023180246353149414,-9.340276718139648
38700870000,0.0,0.0,-0.0,-2.9992222785949707,-0.0023180246353149414,-9.340276718139648
38707741000,0.0,0.0,-0.0,-2.9992222785949707,-0.0023180246353149414,-9.340276718139648
38714774000,0.0,0.0,-0.0,-2.9992222785949707,-0.0023180246353149414,-9.340276718139648
38728601000,0.0,0.0,-0.0,-2.9992222785949707,-0.0023180246353149414,-9.340276718139648
38735549000,0.0,0.0,-0.0,-2.9992222785949707,-0.0023180246353149414,-9.340276718139648
38742473000,0.0,0.0,-0.0,-2.9992222785949707,-0.0023180246353149414,-9.340276718139648
38749467000,0.0,0.0,-0.0,-2.9992222785949707,-0.0023180246353149414,-9.340276718139648
38756362000,0.0,0.0,-0.0,-2.9992222785949707,-0.0023180246353149414,-9.340276718139648
38770319000,0.0,0.0,-0.0,-2.9992222785949707,-0.0023180246353149414,-9.340276718139648
38777223000,0.0,0.0,-0.0,-2.9992222785949707,-0.0023180246353149414,-9.340276718139648
38784183000,0.0,0.0,-0.0,-2.9992222785949707,-0.0023180246353149414,-9.340276718139648
38791086000,0.0,0.0,-0.0,-2.9992222785949707,-0.0023180246353149414,-9.340276718139648
38804984000,0.0,0.0,-0.0,-2.9992222785949707,-0.0023180246353149414,-9.340276718139648
38811939000,0.0,0.0,-0.0,-2.9992222785949707,-0.0023180246353149414,-9.340276718139648
38818909000,0.0,0.0,-0.0,-2.9992222785949707,-0.0023180246353149414,-9.340276718139648
38825858000,0.0,0.0,-0.0,-2.9992222785949707,-0.0023180246353149414,-9.340276718139648
38832816000,0.0,0.0,-0.0,-2.9992222785949707,-0.0023180246353149414,-9.340276718139648
38846721000,0.0,0.0,-0.0,-2.9992222785949707,-0.0023180246353149414,-9.340276718139648
38853593000,0.0,0.0,-0.0,-2.9992222785949707,-0.0023180246353149414,-9.340276718139648
38860521000,0.0,0.0,-0.0,-2.9992222785949707,-0.0023180246353149414,-9.340276718139648
38867495000,0.0,0.0,-0.0,-2.9992222785949707,-0.0023180246353149414,-9.340276718139648
38881417000,0.0,0.0,-0.0,-2.9992222785949707,-0.0023180246353149414,-9.340276718139648
38888344000,0.0,0.0,-0.0,-2.9992222785949707,-0.0023180246353149414,-9.340276718139648
38895249000,0.0,0.0,-0.0,-2.9992222785949707,-0.0023180246353149414,-9.340276718139648
38902232000,0.0,0.0,-0.0,-2.9992222785949707,-0.0023180246353149414,-9.340276718139648
38909133000,0.0,0.0,-0.0,-2.9992222785949707,-0.0023180246353149414,-9.340276718139648
38923044000,0.0,0.0,-0.0,-2.9992222785949707,-0.0023180246353149414,-9.340276718139648
38930053000,0.0,0.0,-0.0,-2.9992222785949707,-0.0023180246353149414,-9.340276718139648
38936979000,0.0,0.0,-0.0,-2.9992222785949707,-0.0023180246353149414,-9.340276718139648
38943873000,0.0,0.0,-0.0,-2.9992222785949707,-0.0023180246353149414,-9.340276718139648
38950854000,0.0,0.0,-0.0,-2.9992222785949707,-0.0023180246353149414,-9.340276718139648
38964760000,0.0,0.0,-0.0,-2.9992222785949707,-0.0023180246353149414,-9.340276718139648
38971751000,0.0,0.0,-0.0,-2.9992222785949707,-0.0023180246353149414,-9.340276718139648
38978583000,0.0,0.0,-0.0,-2.9992222785949707,-0.0023180246353149414,-9.340276718139648
38985562000,0.0,0.0,-0.0,-2.9992222785949707,-0.0023180246353149414,-9.340276718139648
38999453000,0.0,0.0,-0.0,-2.9992222785949707,-0.0023180246353149414,-9.340276718139648
39006372000,0.0,0.0,-0.0,-2.9992222785949707,-0.0023180246353149414,-9.340276718139648
39013468000,0.0,0.0,-0.0,-2.9992222785949707,-0.0023180246353149414,-9.340276718139648
39020279000,0.0,0.0,-0.0,-2.9992222785949707,-0.0023180246353149414,-9.340276718139648
39027240000,0.0,0.0,-0.0,-2.9992222785949707,-0.0023180246353149414,-9.340276718139648
39041125000,0.0,0.0,-0.0,-2.9992222785949707,-0.0023180246353149414,-9.340276718139648
39048111000,0.0,0.0,-0.0,-2.9992222785949707,-0.0023180246353149414,-9.340276718139648
39055000000,0.0,0.0,-0.0,-2.9992222785949707,-0.0023180246353149414,-9.340276718139648
39061938000,0.0,0.0,-0.0,-2.9992222785949707,-0.0023180246353149414,-9.340276718139648
39075929000,0.0,0.0,-0.0,-2.9992222785949707,-0.0023180246353149414,-9.340276718139648
39082794000,0.0,0.0,-0.0,-2.9992222785949707,-0.0023180246353149414,-9.340276718139648
39089755000,0.0,0.0,-0.0,-2.9992222785949707,-0.0023180246353149414,-9.340276718139648
39096747000,0.0,0.0,-0.0,-2.9992222785949707,-0.0023180246353149414,-9.340276718139648
39103627000,0.0,0.0,-0.0,-2.9992222785949707,-0.0023180246353149414,-9.340276718139648
39117579000,0.0,0.0,-0.0,-2.9992222785949707,-0.0023180246353149414,-9.340276718139648
39124455000,0.0,0.0,-0.0,-2.9992222785949707,-0.0023180246353149414,-9.340276718139648
39131391000,0.0,0.0,-0.0,-2.9992222785949707,-0.0023180246353149414,-9.340276718139648
39138411000,0.0,0.0,-0.0,-2.9992222785949707,-0.0023180246353149414,-9.340276718139648
39145295000,0.0,0.0,-0.0,-2.9992222785949707,-0.0023180246353149414,-9.340276718139648
39159174000,0.0,0.0,-0.0,-2.9992222785949707,-0.0023180246353149414,-9.340276718139648
39166154000,0.0,0.0,-0.0,-2.9992222785949707,-0.0023180246353149414,-9.340276718139648
39173080000,0.0,0.0,-0.0,-2.9992222785949707,-0.0023180246353149414,-9.340276718139648
39180063000,0.0,0.0,-0.0,-2.9992222785949707,-0.0023180246353149414,-9.340276718139648
39193920000,0.0,0.0,-0.0,-2.9992222785949707,-0.0023180246353149414,-9.340276718139648
39200915000,0.0,0.0,-0.0,-2.9992222785949707,-0.0023180246353149414,-9.340276718139648
39207789000,0.0,0.0,-0.0,-2.9992222785949707,-0.0023180246353149414,-9.340276718139648
39214831000,0.0,0.0,-0.0,-2.9992222785949707,-0.0023180246353149414,-9.340276718139648
39221680000,0.0,0.0,-0.0,-2.9992222785949707,-0.0023180246353149414,-9.340276718139648
39235593000,0.0,0.0,-0.0,-2.9992222785949707,-0.0023180246353149414,-9.340276718139648
39242553000,0.0,0.0,-0.0,-2.9992222785949707,-0.0023180246353149414,-9.340276718139648
39249518000,0.0,0.0,-0.0,-2.9992222785949707,-0.0023180246353149414,-9.340276718139648
39256403000,0.0,0.0,-0.0,-2.9992222785949707,-0.0023180246353149414,-9.340276718139648
39263416000,0.0,0.0,-0.0,-2.9992222785949707,-0.0023180246353149414,-9.340276718139648
39277312000,0.0,0.0,-0.0,-2.9992222785949707,-0.0023180246353149414,-9.340276718139648
39284207000,0.0,0.0,-0.0,-2.9992222785949707,-0.0023180246353149414,-9.340276718139648
39291134000,0.0,0.0,-0.0,-2.9992222785949707,-0.0023180246353149414,-9.340276718139648
39298138000,0.0,0.0,-0.0,-2.9992222785949707,-0.0023180246353149414,-9.340276718139648
39305009000,0.0,0.0,-0.0,-2.9992222785949707,-0.0023180246353149414,-9.340276718139648
39319016000,0.0,0.0,-0.0,-2.9992222785949707,-0.0023180246353149414,-9.340276718139648
39325851000,0.0,0.0,-0.0,-2.9992222785949707,-0.0023180246353149414,-9.340276718139648
39332821000,0.0,0.0,-0.0,-2.9992222785949707,-0.0023180246353149414,-9.340276718139648
39339799000,0.0,0.0,-0.0,-2.9992222785949707,-0.0023180246353149414,-9.340276718139648
39353642000,0.0,0.0,-0.0,-2.9992222785949707,-0.0023180246353149414,-9.340276718139648
39360560000,0.0,0.0,-0.0,-2.9992222785949707,-0.0023180246353149414,-9.340276718139648
39367557000,0.0,0.0,-0.0,-2.9992222785949707,-0.0023180246353149414,-9.340276718139648
39374496000,0.0,0.0,-0.0,-2.9992222785949707,-0.0023180246353149414,-9.340276718139648
39388353000,0.0,0.0,-0.0,-2.9992222785949707,-0.0023180246353149414,-9.340276718139648
39395294000,0.0,0.0,-0.0,-2.9992222785949707,-0.0023180246353149414,-9.340276718139648
39402316000,0.0,0.0,-0.0,-2.9992222785949707,-0.0023180246353149414,-9.340276718139648
39409184000,0.0,0.0,-0.0,-2.9992222785949707,-0.0023180246353149414,-9.340276718139648
39416224000,0.0,0.0,-0.0,-2.9992222785949707,-0.0023180246353149414,-9.340276718139648
39430120000,0.0,0.0,-0.0,-2.9992222785949707,-0.0023180246353149414,-9.340276718139648
39436981000,0.0,0.0,-0.0,-2.9992222785949707,-0.0023180246353149414,-9.340276718139648
39443902000,0.0,0.0,-0.0,-2.9992222785949707,-0.0023180246353149414,-9.340276718139648
39450878000,0.0,0.0,-0.0,-2.9992222785949707,-0.0023180246353149414,-9.340276718139648
39457809000,0.0,0.0,-0.0,-2.9992222785949707,-0.0023180246353149414,-9.340276718139648
39471672000,0.0,0.0,-0.0,-2.9992222785949707,-0.0023180246353149414,-9.340276718139648
39478659000,0.0,0.0,-0.0,-2.9992222785949707,-0.0023180246353149414,-9.340276718139648
39485608000,0.0,0.0,-0.0,-2.9992222785949707,-0.0023180246353149414,-9.340276718139648
39492509000,0.0,0.0,-0.0,-2.9992222785949707,-0.0023180246353149414,-9.340276718139648
39506415000,0.0,0.0,-0.0,-2.9992222785949707,-0.0023180246353149414,-9.340276718139648
39513357000,0.0,0.0,-0.0,-2.9992222785949707,-0.0023180246353149414,-9.340276718139648
39520320000,0.0,0.0,-0.0,-2.9992222785949707,-0.0023180246353149414,-9.340276718139648
39527235000,0.0,0.0,-0.0,-2.9992222785949707,-0.0023180246353149414,-9.340276718139648
39541153000,0.0,0.0,-0.0,-2.9992222785949707,-0.0023180246353149414,-9.340276718139648
39548078000,0.0,0.0,-0.0,-2.9992222785949707,-0.0023180246353149414,-9.340276718139648
39555076000,0.0,0.0,-0.0,-2.9992222785949707,-0.0023180246353149414,-9.340276718139648
39561979000,0.0,0.0,-0.0,-2.9992222785949707,-0.0023180246353149414,-9.340276718139648
39575848000,0.0,0.0,-0.0,-2.9992222785949707,-0.0023180246353149414,-9.340276718139648
39582848000,0.0,0.0,-0.0,-2.9992222785949707,-0.0023180246353149414,-9.340276718139648
39589771000,0.0,0.0,-0.0,-2.9992222785949707,-0.0023180246353149414,-9.340276718139648
39596703000,0.0,0.0,-0.0,-2.9992222785949707,-0.0023180246353149414,-9.340276718139648
39603656000,0.0,0.0,-0.0,-2.9992222785949707,-0.0023180246353149414,-9.340276718139648
39617576000,0.0,0.0,-0.0,-2.9992222785949707,-0.0023180246353149414,-9.340276718139648
39624467000,0.0,0.0,-0.0,-2.9992222785949707,-0.0023180246353149414,-9.340276718139648
39631409000,0.0,0.0,-0.0,-2.9992222785949707,-0.0023180246353149414,-9.340276718139648
39638372000,0.0,0.0,-0.0,-2.9992222785949707,-0.0023180246353149414,-9.340276718139648
39645296000,0.0,0.0,-0.0,-2.9992222785949707,-0.0023180246353149414,-9.340276718139648
39659184000,0.0,0.0,-0.0,-2.9992222785949707,-0.0023180246353149414,-9.340276718139648
39666169000,0.0,0.0,-0.0,-2.9992222785949707,-0.0023180246353149414,-9.340276718139648
39673085000,0.0,0.0,-0.0,-2.9992222785949707,-0.0023180246353149414,-9.340276718139648
39680072000,0.0,0.0,-0.0,-2.9992222785949707,-0.0023180246353149414,-9.340276718139648
39693919000,0.0,0.0,-0.0,-2.9992222785949707,-0.0023180246353149414,-9.340276718139648
39700885000,0.0,0.0,-0.0,-2.9992222785949707,-0.0023180246353149414,-9.340276718139648
39707791000,0.0,0.0,-0.0,-2.9992222785949707,-0.0023180246353149414,-9.340276718139648
39714949000,0.0,0.0,-0.0,-2.9992222785949707,-0.0023180246353149414,-9.340276718139648
39721787000,0.0,0.0,-0.0,-2.9992222785949707,-0.0023180246353149414,-9.340276718139648
39735607000,0.0,0.0,-0.0,-2.9992222785949707,-0.0023180246353149414,-9.340276718139648
39742536000,0.0,0.0,-0.0,-2.9992222785949707,-0.0023180246353149414,-9.340276718139648
39749546000,0.0,0.0,-0.0,-2.9992222785949707,-0.0023180246353149414,-9.340276718139648
39756413000,0.0,0.0,-0.0,-2.9992222785949707,-0.0023180246353149414,-9.340276718139648
39763372000,0.0,0.0,-0.0,-2.9992222785949707,-0.0023180246353149414,-9.340276718139648
39777304000,0.0,0.0,-0.0,-2.9992222785949707,-0.0023180246353149414,-9.340276718139648
39784230000,0.0,0.0,-0.0,-2.9992222785949707,-0.0023180246353149414,-9.340276718139648
39791197000,0.0,0.0,-0.0,-2.9992222785949707,-0.0023180246353149414,-9.340276718139648
39798174000,0.0,0.0,-0.0,-2.9992222785949707,-0.0023180246353149414,-9.340276718139648
39812047000,0.0,0.0,-0.0,-2.9992222785949707,-0.0023180246353149414,-9.340276718139648
39818997000,0.0,0.0,-0.0,-2.9992222785949707,-0.0023180246353149414,-9.340276718139648
39825902000,0.0,0.0,-0.0,-2.9992222785949707,-0.0023180246353149414,-9.340276718139648
39832903000,0.0,0.0,-0.0,-2.9992222785949707,-0.0023180246353149414,-9.340276718139648
39846685000,0.0,0.0,-0.0,-2.9992222785949707,-0.0023180246353149414,-9.340276718139648
39853679000,0.0,0.0,-0.0,-2.9992222785949707,-0.0023180246353149414,-9.340276718139648
39860641000,0.0,0.0,-0.0,-2.9992222785949707,-0.0023180246353149414,-9.340276718139648
39867599000,0.0,0.0,-0.0,-2.9992222785949707,-0.0023180246353149414,-9.340276718139648
39874472000,0.0,0.0,-0.0,-2.9992222785949707,-0.0023180246353149414,-9.340276718139648
39888373000,0.0,0.0,-0.0,-2.9992222785949707,-0.0023180246353149414,-9.340276718139648
39895312000,0.0,0.0,-0.0,-2.9992222785949707,-0.0023180246353149414,-9.340276718139648
39902283000,0.0,0.0,-0.0,-2.9992222785949707,-0.0023180246353149414,-9.340276718139648
39909199000,0.0,0.0,-0.0,-2.9992222785949707,-0.0023180246353149414,-9.340276718139648
39923113000,0.0,0.0,-0.0,-2.9992222785949707,-0.0023180246353149414,-9.340276718139648
39930037000,0.0,0.0,-0.0,-2.9992222785949707,-0.0023180246353149414,-9.340276718139648
39937009000,0.0,0.0,-0.0,-2.9992222785949707,-0.0023180246353149414,-9.340276718139648
39943950000,0.0,0.0,-0.0,-2.9992222785949707,-0.0023180246353149414,-9.340276718139648
39950914000,0.0,0.0,-0.0,-2.9992222785949707,-0.0023180246353149414,-9.340276718139648
39964814000,0.0,0.0,-0.0,-2.9992222785949707,-0.0023180246353149414,-9.340276718139648
39971711000,0.0,0.0,-0.0,-2.9992222785949707,-0.0023180246353149414,-9.340276718139648
39978647000,0.0,0.0,-0.0,-2.9992222785949707,-0.0023180246353149414,-9.340276718139648
39985636000,0.0,0.0,-0.0,-2.9992222785949707,-0.0023180246353149414,-9.340276718139648
39999569000,0.0,0.0,-0.0,-2.9992222785949707,-0.0023180246353149414,-9.340276718139648
40006454000,0.0,0.0,-0.0,-2.9992222785949707,-0.0023180246353149414,-9.340276718139648
40013387000,0.0,0.0,-0.0,-2.9992222785949707,-0.0023180246353149414,-9.340276718139648
40020342000,0.0,0.0,-0.0,-2.9992222785949707,-0.0023180246353149414,-9.340276718139648
40027270000,0.0,0.0,-0.0,-2.9992222785949707,-0.0023180246353149414,-9.340276718139648
40041155000,0.0,0.0,-0.0,-2.9992222785949707,-0.0023180246353149414,-9.340276718139648
40048183000,0.0,0.0,-0.0,-2.9992222785949707,-0.0023180246353149414,-9.340276718139648
40055064000,0.0,0.0,-0.0,-2.9992222785949707,-0.0023180246353149414,-9.340276718139648
40061993000,0.0,0.0,-0.0,-2.9992222785949707,-0.0023180246353149414,-9.340276718139648
40075897000,0.0,0.0,-0.0,-2.9992222785949707,-0.0023180246353149414,-9.340276718139648
40082898000,0.0,0.0,-0.0,-2.9992222785949707,-0.0023180246353149414,-9.340276718139648
40089785000,0.0,0.0,-0.0,-2.9992222785949707,-0.0023180246353149414,-9.340276718139648
40096707000,0.0,0.0,-0.0,-2.9992222785949707,-0.0023180246353149414,-9.340276718139648
40103696000,0.0,0.0,-0.0,-2.9992222785949707,-0.0023180246353149414,-9.340276718139648
40117582000,0.0,0.0,-0.0,-2.9992222785949707,-0.0023180246353149414,-9.340276718139648
40124492000,0.0,0.0,-0.0,-2.9992222785949707,-0.0023180246353149414,-9.340276718139648
40131507000,0.0,0.0,-0.0,-2.9992222785949707,-0.0023180246353149414,-9.340276718139648
40138414000,0.0,0.0,-0.0,-2.9992222785949707,-0.0023180246353149414,-9.340276718139648
40152304000,0.0,0.0,-0.0,-2.9992222785949707,-0.0023180246353149414,-9.340276718139648
40159205000,0.0,0.0,-0.0,-2.9992222785949707,-0.0023180246353149414,-9.340276718139648
40166244000,0.0,0.0,-0.0,-2.9992222785949707,-0.0023180246353149414,-9.340276718139648
40173103000,0.0,0.0,-0.0,-2.9992222785949707,-0.0023180246353149414,-9.340276718139648
40180083000,0.0,0.0,-0.0,-2.9992222785949707,-0.0023180246353149414,-9.340276718139648
40193941000,0.0,0.0,-0.0,-2.9992222785949707,-0.0023180246353149414,-9.340276718139648
40200929000,0.0,0.0,-0.0,-2.9992222785949707,-0.0023180246353149414,-9.340276718139648
40207837000,0.0,0.0,-0.0,-2.9992222785949707,-0.0023180246353149414,-9.340276718139648
40214847000,0.0,0.0,-0.0,-2.9992222785949707,-0.0023180246353149414,-9.340276718139648
40228698000,0.0,0.0,-0.0,-2.9992222785949707,-0.0023180246353149414,-9.340276718139648
40235648000,0.0,0.0,-0.0,-2.9992222785949707,-0.0023180246353149414,-9.340276718139648
40242601000,0.0,0.0,-0.0,-2.9992222785949707,-0.0023180246353149414,-9.340276718139648
40249577000,0.0,0.0,-0.0,-2.9992222785949707,-0.0023180246353149414,-9.340276718139648
40256437000,0.0,0.0,-0.0,-2.9992222785949707,-0.0023180246353149414,-9.340276718139648
40270377000,0.0,0.0,-0.0,-2.9992222785949707,-0.0023180246353149414,-9.340276718139648
40277332000,0.0,0.0,-0.0,-2.9992222785949707,-0.0023180246353149414,-9.340276718139648
40284289000,0.0,0.0,-0.0,-2.9992222785949707,-0.0023180246353149414,-9.340276718139648
40291236000,0.0,0.0,-0.0,-2.9992222785949707,-0.0023180246353149414,-9.340276718139648
40305105000,0.0,0.0,-0.0,-2.9992222785949707,-0.0023180246353149414,-9.340276718139648
40312006000,0.0,0.0,-0.0,-2.9992222785949707,-0.0023180246353149414,-9.340276718139648
40319029000,0.0,0.0,-0.0,-2.9992222785949707,-0.0023180246353149414,-9.340276718139648
40325886000,0.0,0.0,-0.0,-2.9992222785949707,-0.0023180246353149414,-9.340276718139648
40339789000,0.0,0.0,-0.0,-2.9992222785949707,-0.0023180246353149414,-9.340276718139648
40346739000,0.0,0.0,-0.0,-2.9992222785949707,-0.0023180246353149414,-9.340276718139648
40353719000,0.0,0.0,-0.0,-2.9992222785949707,-0.0023180246353149414,-9.340276718139648
40360658000,0.0,0.0,-0.0,-2.9992222785949707,-0.0023180246353149414,-9.340276718139648
40367618000,0.0,0.0,-0.0,-2.9992222785949707,-0.0023180246353149414,-9.340276718139648
40381596000,0.0,0.0,-0.0,-2.9992222785949707,-0.0023180246353149414,-9.340276718139648
40388488000,0.0,0.0,-0.0,-2.9992222785949707,-0.0023180246353149414,-9.340276718139648
40395352000,0.0,0.0,-0.0,-2.9992222785949707,-0.0023180246353149414,-9.340276718139648
40402353000,0.0,0.0,-0.0,-2.9992222785949707,-0.0023180246353149414,-9.340276718139648
40409249000,0.0,0.0,-0.0,-2.9992222785949707,-0.0023180246353149414,-9.340276718139648
40423216000,0.0,0.0,-0.0,-2.9992222785949707,-0.0023180246353149414,-9.340276718139648
40430143000,0.0,0.0,-0.0,-2.9992222785949707,-0.0023180246353149414,-9.340276718139648
40437143000,0.0,0.0,-0.0,-2.9992222785949707,-0.0023180246353149414,-9.340276718139648
40444087000,0.0,0.0,-0.0,-2.9992222785949707,-0.0023180246353149414,-9.340276718139648
40457949000,0.0,0.0,-0.0,-2.9992222785949707,-0.0023180246353149414,-9.340276718139648
40465019000,0.0,0.0,-0.0,-2.9992222785949707,-0.0023180246353149414,-9.340276718139648
40471844000,0.0,0.0,-0.0,-2.9992222785949707,-0.0023180246353149414,-9.340276718139648
40478822000,0.0,0.0,-0.0,-2.9992222785949707,-0.0023180246353149414,-9.340276718139648
40485792000,0.0,0.0,-0.0,-2.9992222785949707,-0.0023180246353149414,-9.340276718139648
40499721000,0.0,0.0,-0.0,-2.9992222785949707,-0.0023180246353149414,-9.340276718139648
40506555000,0.0,0.0,-0.0,-2.9992222785949707,-0.0023180246353149414,-9.340276718139648
40513537000,0.0,0.0,-0.0,-2.9992222785949707,-0.0023180246353149414,-9.340276718139648
40520493000,0.0,0.0,-0.0,-2.9992222785949707,-0.0023180246353149414,-9.340276718139648
40534368000,0.0,0.0,-0.0,-2.9992222785949707,-0.0023180246353149414,-9.340276718139648
40541366000,0.0,0.0,-0.0,-2.9992222785949707,-0.0023180246353149414,-9.340276718139648
40548285000,0.0,0.0,-0.0,-2.9992222785949707,-0.0023180246353149414,-9.340276718139648
40555207000,0.0,0.0,-0.0,-2.9992222785949707,-0.0023180246353149414,-9.340276718139648
40562123000,0.0,0.0,-0.0,-2.9992222785949707,-0.0023180246353149414,-9.340276718139648
40576059000,0.0,0.0,-0.0,-2.9992222785949707,-0.0023180246353149414,-9.340276718139648
40583039000,0.0,0.0,-0.0,-2.9992222785949707,-0.0023180246353149414,-9.340276718139648
40589996000,0.0,0.0,-0.0,-2.9992222785949707,-0.0023180246353149414,-9.340276718139648
40596874000,0.0,0.0,-0.0,-2.9992222785949707,-0.0023180246353149414,-9.340276718139648
40603829000,0.0,0.0,-0.0,-2.9992222785949707,-0.0023180246353149414,-9.340276718139648
40617828000,0.0,0.0,-0.0,-2.9992222785949707,-0.0023180246353149414,-9.340276718139648
40624702000,0.0,0.0,-0.0,-2.9992222785949707,-0.0023180246353149414,-9.340276718139648
40631684000,0.0,0.0,-0.0,-2.9992222785949707,-0.0023180246353149414,-9.340276718139648
40638569000,0.0,0.0,-0.0,-2.9992222785949707,-0.0023180246353149414,-9.340276718139648
40652452000,0.0,0.0,-0.0,-2.9992222785949707,-0.0023180246353149414,-9.340276718139648
40659366000,0.0,0.0,-0.0,-2.9992222785949707,-0.0023180246353149414,-9.340276718139648
40666326000,0.0,0.0,-0.0,-2.9992222785949707,-0.0023180246353149414,-9.340276718139648
40673249000,0.0,0.0,-0.0,-2.9992222785949707,-0.0023180246353149414,-9.340276718139648
40687172000,0.0,0.0,-0.0,-2.9992222785949707,-0.0023180246353149414,-9.340276718139648
40694079000,0.0,0.0,-0.0,-2.9992222785949707,-0.0023180246353149414,-9.340276718139648
40701091000,0.0,0.0,-0.0,-2.9992222785949707,-0.0023180246353149414,-9.340276718139648
40707959000,0.0,0.0,-0.0,-2.9992222785949707,-0.0023180246353149414,-9.340276718139648
40714984000,0.0,0.0,-0.0,-2.9992222785949707,-0.0023180246353149414,-9.340276718139648
40728827000,0.0,0.0,-0.0,-2.9992222785949707,-0.0023180246353149414,-9.340276718139648
40735818000,0.0,0.0,-0.0,-2.9992222785949707,-0.0023180246353149414,-9.340276718139648
40742701000,0.0,0.0,-0.0,-2.9992222785949707,-0.0023180246353149414,-9.340276718139648
40749855000,0.0,0.0,-0.0,-2.9992222785949707,-0.0023180246353149414,-9.340276718139648
40756591000,0.0,0.0,-0.0,-2.9992222785949707,-0.0023180246353149414,-9.340276718139648
40770507000,0.0,0.0,-0.0,-2.9992222785949707,-0.0023180246353149414,-9.340276718139648
40777488000,0.0,0.0,-0.0,-2.9992222785949707,-0.0023180246353149414,-9.340276718139648
40784438000,0.0,0.0,-0.0,-2.9992222785949707,-0.0023180246353149414,-9.340276718139648
40791333000,0.0,0.0,-0.0,-2.9992222785949707,-0.0023180246353149414,-9.340276718139648
40805213000,0.0,0.0,-0.0,-2.9992222785949707,-0.0023180246353149414,-9.340276718139648
40812155000,0.0,0.0,-0.0,-2.9992222785949707,-0.0023180246353149414,-9.340276718139648
40819218000,0.0,0.0,-0.0,-2.9992222785949707,-0.0023180246353149414,-9.340276718139648
40826058000,0.0,0.0,-0.0,-2.9992222785949707,-0.0023180246353149414,-9.340276718139648
40833117000,0.0,0.0,-0.0,-2.9992222785949707,-0.0023180246353149414,-9.340276718139648
40846883000,0.0,0.0,-0.0,-2.9992222785949707,-0.0023180246353149414,-9.340276718139648
40853891000,0.0,0.0,-0.0,-2.9992222785949707,-0.0023180246353149414,-9.340276718139648
40860804000,0.0,0.0,-0.0,-2.9992222785949707,-0.0023180246353149414,-9.340276718139648
40867747000,0.0,0.0,-0.0,-2.9992222785949707,-0.0023180246353149414,-9.340276718139648
40881763000,0.0,0.0,-0.0,-2.9992222785949707,-0.0023180246353149414,-9.340276718139648
40888563000,0.0,0.0,-0.0,-2.9992222785949707,-0.0023180246353149414,-9.340276718139648
40895493000,0.0,0.0,-0.0,-2.9992222785949707,-0.0023180246353149414,-9.340276718139648
40902521000,0.0,0.0,-0.0,-2.9992222785949707,-0.0023180246353149414,-9.340276718139648
40916411000,0.0,0.0,-0.0,-2.9992222785949707,-0.0023180246353149414,-9.340276718139648
40923297000,0.0,0.0,-0.0,-2.9992222785949707,-0.0023180246353149414,-9.340276718139648
40930251000,0.0,0.0,-0.0,-2.9992222785949707,-0.0023180246353149414,-9.340276718139648
40937191000,0.0,0.0,-0.0,-2.9992222785949707,-0.0023180246353149414,-9.340276718139648
40951078000,0.0,0.0,-0.0,-2.9992222785949707,-0.0023180246353149414,-9.340276718139648
40958067000,0.0,0.0,-0.0,-2.9992222785949707,-0.0023180246353149414,-9.340276718139648
40965026000,0.0,0.0,-0.0,-2.9992222785949707,-0.0023180246353149414,-9.340276718139648
40971922000,0.0,0.0,-0.0,-2.9992222785949707,-0.0023180246353149414,-9.340276718139648
40978821000,0.0,0.0,-0.0,-2.9992222785949707,-0.0023180246353149414,-9.340276718139648
40992721000,0.0,0.0,-0.0,-2.9992222785949707,-0.0023180246353149414,-9.340276718139648
40999726000,0.0,0.0,-0.0,-2.9992222785949707,-0.0023180246353149414,-9.340276718139648
41006596000,0.0,0.0,-0.0,-2.9992222785949707,-0.0023180246353149414,-9.340276718139648
41013545000,0.0,0.0,-0.0,-2.9992222785949707,-0.0023180246353149414,-9.340276718139648
41027438000,0.0,0.0,-0.0,-2.9992222785949707,-0.0023180246353149414,-9.340276718139648
41034402000,0.0,0.0,-0.0,-2.9992222785949707,-0.0023180246353149414,-9.340276718139648
41041381000,0.0,0.0,-0.0,-2.9992222785949707,-0.0023180246353149414,-9.340276718139648
41048318000,0.0,0.0,-0.0,-2.9992222785949707,-0.0023180246353149414,-9.340276718139648
41062164000,0.0,0.0,-0.0,-2.9992222785949707,-0.0023180246353149414,-9.340276718139648
41069148000,0.0,0.0,-0.0,-2.9992222785949707,-0.0023180246353149414,-9.340276718139648
41076110000,0.0,0.0,-0.0,-2.9992222785949707,-0.0023180246353149414,-9.340276718139648
41083142000,0.0,0.0,-0.0,-2.9992222785949707,-0.0023180246353149414,-9.340276718139648
41096872000,0.0,0.0,-0.0,-2.9992222785949707,-0.0023180246353149414,-9.340276718139648
41103864000,0.0,0.0,-0.0,-2.9992222785949707,-0.0023180246353149414,-9.340276718139648
41110783000,0.0,0.0,-0.0,-2.9992222785949707,-0.0023180246353149414,-9.340276718139648
41117785000,0.0,0.0,-0.0,-2.9992222785949707,-0.0023180246353149414,-9.340276718139648
41124674000,0.0,0.0,-0.0,-2.9992222785949707,-0.0023180246353149414,-9.340276718139648
41138620000,0.0,0.0,-0.0,-2.9992222785949707,-0.0023180246353149414,-9.340276718139648
41145513000,0.0,0.0,-0.0,-2.9992222785949707,-0.0023180246353149414,-9.340276718139648
41152553000,0.0,0.0,-0.0,-2.9992222785949707,-0.0023180246353149414,-9.340276718139648
41159458000,0.0,0.0,-0.0,-2.9992222785949707,-0.0023180246353149414,-9.340276718139648
41166410000,0.0,0.0,-0.0,-2.9992222785949707,-0.0023180246353149414,-9.340276718139648
41180288000,0.0,0.0,-0.0,-2.9992222785949707,-0.0023180246353149414,-9.340276718139648
41187215000,0.0,0.0,-0.0,-2.9992222785949707,-0.0023180246353149414,-9.340276718139648
41194138000,0.0,0.0,-0.0,-2.9992222785949707,-0.0023180246353149414,-9.340276718139648
41201134000,0.0,0.0,-0.0,-2.9992222785949707,-0.0023180246353149414,-9.340276718139648
41208048000,0.0,0.0,-0.0,-2.9992222785949707,-0.0023180246353149414,-9.340276718139648
41221953000,0.0,0.0,-0.0,-2.9992222785949707,-0.0023180246353149414,-9.340276718139648
41228895000,0.0,0.0,-0.0,-2.9992222785949707,-0.0023180246353149414,-9.340276718139648
41235841000,0.0,0.0,-0.0,-2.9992222785949707,-0.0023180246353149414,-9.340276718139648
41242752000,0.0,0.0,-0.0,-2.9992222785949707,-0.0023180246353149414,-9.340276718139648
41256649000,0.0,0.0,-0.0,-2.9992222785949707,-0.0023180246353149414,-9.340276718139648
41263581000,0.0,0.0,-0.0,-2.9992222785949707,-0.0023180246353149414,-9.340276718139648
41270571000,0.0,0.0,-0.0,-2.9992222785949707,-0.0023180246353149414,-9.340276718139648
41277502000,0.0,0.0,-0.0,-2.9992222785949707,-0.0023180246353149414,-9.340276718139648
41284470000,0.0,0.0,-0.0,-2.9992222785949707,-0.0023180246353149414,-9.340276718139648
41298408000,0.0,0.0,-0.0,-2.9992222785949707,-0.0023180246353149414,-9.340276718139648
41305313000,0.0,0.0,-0.0,-2.9992222785949707,-0.0023180246353149414,-9.340276718139648
41312238000,0.0,0.0,-0.0,-2.9992222785949707,-0.0023180246353149414,-9.340276718139648
41319250000,0.0,0.0,-0.0,-2.9992222785949707,-0.0023180246353149414,-9.340276718139648
41326099000,0.0,0.0,-0.0,-2.9992222785949707,-0.0023180246353149414,-9.340276718139648
41339977000,0.0,0.0,-0.0,-2.9992222785949707,-0.0023180246353149414,-9.340276718139648
41346955000,0.0,0.0,-0.0,-2.9992222785949707,-0.0023180246353149414,-9.340276718139648
41353889000,0.0,0.0,-0.0,-2.9992222785949707,-0.0023180246353149414,-9.340276718139648
41360802000,0.0,0.0,-0.0,-2.9992222785949707,-0.0023180246353149414,-9.340276718139648
41374744000,0.0,0.0,-0.0,-2.9992222785949707,-0.0023180246353149414,-9.340276718139648
41381662000,0.0,0.0,-0.0,-2.9992222785949707,-0.0023180246353149414,-9.340276718139648
41388633000,0.0,0.0,-0.0,-2.9992222785949707,-0.0023180246353149414,-9.340276718139648
41395524000,0.0,0.0,-0.0,-2.9992222785949707,-0.0023180246353149414,-9.340276718139648
41409479000,0.0,0.0,-0.0,-2.9992222785949707,-0.0023180246353149414,-9.340276718139648
41416419000,0.0,0.0,-0.0,-2.9992222785949707,-0.0023180246353149414,-9.340276718139648
41423339000,0.0,0.0,-0.0,-2.9992222785949707,-0.0023180246353149414,-9.340276718139648
41430254000,0.0,0.0,-0.0,-2.9992222785949707,-0.0023180246353149414,-9.340276718139648
41444181000,0.0,0.0,-0.0,-2.9992222785949707,-0.0023180246353149414,-9.340276718139648
41451162000,0.0,0.0,-0.0,-2.9992222785949707,-0.0023180246353149414,-9.340276718139648
41458032000,0.0,0.0,-0.0,-2.9992222785949707,-0.0023180246353149414,-9.340276718139648
41464968000,0.0,0.0,-0.0,-2.9992222785949707,-0.0023180246353149414,-9.340276718139648
41472025000,0.0,0.0,-0.0,-2.9992222785949707,-0.0023180246353149414,-9.340276718139648
41485828000,0.0,0.0,-0.0,-2.9992222785949707,-0.0023180246353149414,-9.340276718139648
41492801000,0.0,0.0,-0.0,-2.9992222785949707,-0.0023180246353149414,-9.340276718139648
41499825000,0.0,0.0,-0.0,-2.9992222785949707,-0.0023180246353149414,-9.340276718139648
41506673000,0.0,0.0,-0.0,-2.9992222785949707,-0.0023180246353149414,-9.340276718139648
41513612000,0.0,0.0,-0.0,-2.9992222785949707,-0.0023180246353149414,-9.340276718139648
41527538000,0.0,0.0,-0.0,-2.9992222785949707,-0.0023180246353149414,-9.340276718139648
41534518000,0.0,0.0,-0.0,-2.9992222785949707,-0.0023180246353149414,-9.340276718139648
41541414000,0.0,0.0,-0.0,-2.9992222785949707,-0.0023180246353149414,-9.340276718139648
41548402000,-0.008355489932000637,-0.010871978476643562,-0.0033515701070427895,-2.975612163543701,0.07532906532287598,-8.356359481811523
41555317000,-0.0017610108479857445,-0.005082820542156696,-0.0030630885157734156,-2.9730710983276367,-0.04139745235443115,-10.11725902557373
41569276000,0.00242837006226182,-0.00048141367733478546,0.0001885666570160538,-0.6954354047775269,-0.02022373676300049,-9.373943328857422
41576129000,0.0024027612525969744,0.002130436012521386,0.0005174596444703639,-0.00014829635620117188,0.0001634359359741211,-9.795563697814941
41583211000,0.002007207600399852,0.0035140402615070343,0.0007282994920387864,-0.00036585330963134766,0.00015473365783691406,-11.076295852661133
41590075000,0.0013715068344026804,0.0037341301795095205,0.0008279760368168354,-0.0006794929504394531,0.00011754035949707031,-12.21457290649414
41596965000,0.0007092647720128298,0.0031366669572889805,0.0008317603496834636,-0.0007076263427734375,6.365776062011719e-05,-13.212625503540039
41610881000,-0.00016517506446689367,0.0011225563939660788,0.0006361464620567858,-0.0011141300201416016,-1.6689300537109375e-05,-14.820047378540039
41617839000,-0.00030537511338479817,0.00031988194677978754,0.00048206665087491274,-0.0012171268463134766,-3.361701965332031e-05,-15.453264236450195
41624751000,-0.00029423669911921024,-0.00016494444571435452,0.0003183763474225998,-0.0016601085662841797,-3.24249267578125e-05,-15.988993644714355
41631691000,-0.000197216693777591,-0.0003472849493846297,0.0001617691887076944,-0.0019600391387939453,-2.3126602172851562e-05,-16.440645217895508
41638680000,-7.410126272588968e-05,-0.0003104876959696412,2.4776123609626666e-05,-0.0024518966674804688,-8.344650268554688e-06,-16.818906784057617
41652569000,0.0001033875741995871,2.2435015125665814e-05,-0.00016255109221674502,-0.0035545825958251953,1.1682510375976562e-05,-17.396617889404297
41659518000,0.00013508058327715844,0.00017082940030377358,-0.00020898014190606773,-0.004053831100463867,-9.5367431640625e-07,-17.61357307434082
41666541000,0.00013598456280305982,0.0002621911698952317,-0.00022658836678601801,-0.004694700241088867,1.6689300537109375e-05,-17.791841506958008
41673364000,0.00011858181096613407,0.00029665519832633436,-0.00022002174227964133,-0.005366325378417969,1.3828277587890625e-05,-17.93761444091797
41687318000,7.35863286536187e-05,0.00025712326169013977,-0.0001582013355800882,-0.0068359375,-3.0994415283203125e-06,-18.15133285522461
41694187000,5.841656820848584e-05,0.00021918301354162395,-0.00011512426135595888,-0.007661581039428711,7.62939453125e-06,-18.22740936279297
41701185000,4.958064528182149e-05,0.00018607283709570765,-7.108705904101953e-05,-0.008419513702392578,4.76837158203125e-07,-18.287416458129883
41708094000,4.6675108023919165e-05,0.00016235702787525952,-3.0256735044531524e-05,-0.009465932846069336,5.245208740234375e-06,-18.333280563354492
41715031000,4.7019144403748214e-05,0.00014944589929655194,4.370598617242649e-06,-0.01018834114074707,-7.152557373046875e-07,-18.368654251098633
41728928000,5.054520443081856e-05,0.000143004726851359,4.919918137602508e-05,-0.012208938598632812,-1.430511474609375e-06,-18.411108016967773
41735881000,5.150429205968976e-05,0.00014369512791745365,5.8911246014758945e-05,-0.013317108154296875,7.867813110351562e-06,-18.42154312133789
41742899000,5.1242634071968496e-05,0.00014378664491232485,6.127227970864624e-05,-0.014484643936157227,1.430511474609375e-06,-18.426227569580078
41749864000,5.010110908187926e-05,0.00014244757767301053,5.760078056482598e-05,-0.015519857406616211,5.245208740234375e-06,-18.426834106445312
41756747000,4.837197775486857e-05,0.00013954851601738483,4.954521864419803e-05,-0.01662421226501465,-1.1920928955078125e-06,-18.42319679260254
41770652000,4.4260756112635136e-05,0.0001308107457589358,2.7003383365808986e-05,-0.019177913665771484,-1.430511474609375e-06,-18.40607261657715
41777669000,4.244783485773951e-05,0.00012565328506752849,1.5259094652719796e-05,-0.02058863639831543,-7.3909759521484375e-06,-18.393436431884766
41784504000,4.0726772567722946e-05,0.00012114818673580885,4.783358235727064e-06,-0.021912813186645508,3.5762786865234375e-06,-18.37942886352539
41791443000,3.9418067899532616e-05,0.00011686904326779768,-3.908084181603044e-06,-0.023234128952026367,-1.6689300537109375e-06,-18.36359977722168
41798392000,3.8296137063298374e-05,0.0001132005563704297,-1.028574479278177e-05,-0.024746417999267578,-6.67572021484375e-06,-18.345977783203125
41812267000,3.634286986198276e-05,0.00010633477359078825,-1.634590262256097e-05,-0.027762174606323242,-9.5367431640625e-07,-18.307762145996094
41819283000,3.5159428080078214e-05,0.00010316878615412861,-1.6346180927939713e-05,-0.029264211654663086,-5.245208740234375e-06,-18.287334442138672
41826184000,3.4144846722483635e-05,0.00010037119500339031,-1.4840334188193083e-05,-0.030803680419921875,2.86102294921875e-06,-18.266315460205078
41833211000,3.302492405055091e-05,9.738920198287815e-05,-1.2377315215417184e-05,-0.03261113166809082,-1.6689300537109375e-06,-18.243850708007812
41840085000,3.1814604881219566e-05,9.433232480660081e-05,-9.380883966514375e-06,-0.03418111801147461,-5.4836273193359375e-06,-18.221715927124023
41853984000,2.9970862669870257e-05,8.8595348643139e-05,-3.041242052859161e-06,-0.03771185874938965,-1.430511474609375e-06,-18.175119400024414
41860995000,2.919635153375566e-05,8.579269342590123e-05,-3.442992237978615e-07,-0.039533376693725586,-5.245208740234375e-06,-18.151260375976562
41867916000,2.8365568141452968e-05,8.297301974380389e-05,1.7762849893188104e-06,-0.04144406318664551,3.0994415283203125e-06,-18.12694549560547
41874747000,2.7486566978041083e-05,8.04723022156395e-05,3.3102542147389613e-06,-0.04325699806213379,-2.384185791015625e-07,-18.102693557739258
41881705000,2.6566238375380635e-05,7.824505883036181e-05,4.156682734901551e-06,-0.045289039611816406,-4.291534423828125e-06,-18.077714920043945
41895593000,2.4862551072146744e-05,7.344775076489896e-05,4.269962118996773e-06,-0.0491487979888916,1.430511474609375e-06,-18.02781867980957
41902625000,2.3983127903193235e-05,7.113890023902059e-05,3.7339164009608794e-06,-0.051337242126464844,-1.9073486328125e-06,-18.00197982788086
41909519000,2.3229185899253935e-05,6.899272557348013e-05,3.0025807973288465e-06,-0.053324222564697266,-4.76837158203125e-06,-17.976537704467773
41916480000,2.258282620459795e-05,6.706941348966211e-05,2.1792516236018855e-06,-0.05558347702026367,-8.106231689453125e-06,-17.950536727905273
41923388000,2.1861917048227042e-05,6.500362360384315e-05,1.3151893654139712e-06,-0.05768990516662598,1.9073486328125e-06,-17.924774169921875
41937283000,2.0714058337034658e-05,6.092809053370729e-05,-2.5418285076739267e-07,-0.062258005142211914,-3.5762786865234375e-06,-17.872102737426758
41944237000,2.000967288040556e-05,5.907154627493583e-05,-7.406092663586605e-07,-0.0644540786743164,-6.198883056640625e-06,-17.845905303955078
41951255000,1.94058011402376e-05,5.70630218135193e-05,-1.0602402653603349e-06,-0.0668175220489502,-8.821487426757812e-06,-17.8193302154541
41958093000,1.863794750533998e-05,5.525774759007618e-05,-1.223316758114379e-06,-0.06934237480163574,1.430511474609375e-06,-17.79224395751953
41965026000,1.8063037714455277e-05,5.371002043830231e-05,-1.2394730219966732e-06,-0.07163476943969727,-2.384185791015625e-07,-17.765830993652344
41978929000,1.7040438251569867e-05,5.031639739172533e-05,-9.578011486155447e-07,-0.07657265663146973,-5.0067901611328125e-06,-17.711814880371094
41985952000,1.6610105376457796e-05,4.897348117083311e-05,-7.16427166480571e-07,-0.07912182807922363,-7.152557373046875e-06,-17.68463706970215
41992808000,1.6157806385308504e-05,4.723852907773107e-05,-4.4424132283893414e-07,-0.08176779747009277,-8.821487426757812e-06,-17.657142639160156
41999903000,1.593681372469291e-05,4.6001259761396796e-05,-1.8877244656323455e-07,-0.08441710472106934,-1.430511474609375e-06,-17.629907608032227
42006705000,1.5330424503190443e-05,4.4440246711019427e-05,5.375568434828892e-09,-0.08709526062011719,-3.0994415283203125e-06,-17.602298736572266
42020642000,1.4210010704118758e-05,4.1954670450650156e-05,1.816856638470199e-07,-0.09259033203125,-6.9141387939453125e-06,-17.546842575073242
42027557000,1.36832422867883e-05,4.072088631801307e-05,2.1616870071738958e-07,-0.09522747993469238,-8.106231689453125e-06,-17.51959800720215
42034512000,1.3064876839052886e-05,3.941302566090599e-05,2.0289326130296104e-07,-0.0980527400970459,-1.0013580322265625e-05,-17.491687774658203
42041441000,1.2784905266016722e-05,3.8041627703933045e-05,2.8171348276373465e-07,-0.10090279579162598,-1.1444091796875e-05,-17.463726043701172
42048472000,1.2628268450498581e-05,3.694930637720972e-05,3.556936007953482e-07,-0.10405516624450684,-1.33514404296875e-05,-17.435012817382812
42062259000,1.206909291795455e-05,3.468573049758561e-05,2.2486210582428612e-07,-0.10966300964355469,-2.1457672119140625e-06,-17.379749298095703
42069287000,1.151430478785187e-05,3.348861719132401e-05,1.6541594050067943e-07,-0.11276626586914062,-3.5762786865234375e-06,-17.351102828979492
42076154000,1.1122054274892434e-05,3.262907557655126e-05,1.552573394292267e-07,-0.1157374382019043,-5.0067901611328125e-06,-17.32309913635254
42083279000,1.0535630281083286e-05,3.155866579618305e-05,1.457231064705411e-07,-0.11891698837280273,-6.67572021484375e-06,-17.294462203979492
42096972000,9.983086783904582e-06,2.96874568448402e-05,4.270214049029164e-08,-0.12508845329284668,-8.821487426757812e-06,-17.23777961730957
42103968000,9.809333278099075e-06,2.8870010282844305e-05,-5.559058990911581e-09,-0.12830376625061035,-1.0013580322265625e-05,-17.209054946899414
42110897000,9.576986485626549e-06,2.7835674700327218e-05,-5.217316356720403e-09,-0.13155078887939453,-1.1205673217773438e-05,-17.1804256439209
42117914000,9.211025826516561e-06,2.703231257328298e-05,-5.0536527851363644e-08,-0.13481593132019043,-1.2636184692382812e-05,-17.15162467956543
42124768000,8.81389860296622e-06,2.617680365801789e-05,-1.3870794646209106e-07,-0.13810276985168457,-1.1920928955078125e-06,-17.123027801513672
42138681000,8.110077033052221e-06,2.457635127939284e-05,-1.6503213373653125e-07,-0.14477896690368652,-3.0994415283203125e-06,-17.06547737121582
42145611000,7.95343476056587e-06,2.3821161448722705e-05,-1.548980890220264e-07,-0.14824604988098145,-4.0531158447265625e-06,-17.036285400390625
42152611000,7.568991350126453e-06,2.3090338800102472e-05,-1.4538568393618334e-07,-0.1516568660736084,-5.245208740234375e-06,-17.007495880126953
42159496000,7.406175427604467e-06,2.2463798813987523e-05,-1.3645831131725572e-07,-0.15512418746948242,-6.198883056640625e-06,-16.978443145751953
42173417000,7.087337507982738e-06,2.106114880007226e-05,-3.173795448674355e-08,-0.1621713638305664,-7.62939453125e-06,-16.920320510864258
42180358000,6.993246643105522e-06,2.030723771895282e-05,6.148957254481502e-08,-0.16568589210510254,-8.58306884765625e-06,-16.891305923461914
42187324000,6.912585376994684e-06,1.9577531929826364e-05,1.0335190836485708e-07,-0.1694047451019287,-9.5367431640625e-06,-16.86189079284668
42194248000,6.67666427034419e-06,1.9118708223686554e-05,9.700477221485926e-08,-0.17295289039611816,-1.0013580322265625e-05,-16.832866668701172
42201283000,6.224261596798897e-06,1.85585977305891e-05,9.104792297875974e-08,-0.17671704292297363,-1.0728836059570312e-05,-16.80360221862793
42215066000,5.658770533045754e-06,1.751185664033983e-05,-8.267647899629083e-09,-0.18424010276794434,-7.152557373046875e-07,-16.745044708251953
42222118000,5.601757948170416e-06,1.6930862329900265e-05,-7.760036169202067e-09,-0.1878986358642578,-1.430511474609375e-06,-16.7156982421875
42228928000,5.5528835218865424e-06,1.643278301344253e-05,-7.283119884959888e-09,-0.19185876846313477,-1.9073486328125e-06,-16.686132431030273
42235903000,5.427595169749111e-06,1.5922381862765178e-05,3.8803705137979705e-08,-0.1956024169921875,-2.6226043701171875e-06,-16.657041549682617
42242849000,5.403569957707077e-06,1.548481850477401e-05,8.205972790165106e-08,-0.19957709312438965,-3.5762786865234375e-06,-16.627424240112305
42256742000,5.043681085226126e-06,1.463322314521065e-05,6.948812369955704e-08,-0.20743966102600098,-4.76837158203125e-06,-16.568485260009766
42263638000,4.824284587812144e-06,1.4379609638126567e-05,1.9581193555495702e-08,-0.21131134033203125,-5.0067901611328125e-06,-16.539226531982422
42270717000,4.719582648249343e-06,1.3578513971879147e-05,-2.725960257521365e-08,-0.21546483039855957,-5.7220458984375e-06,-16.509366989135742
42277569000,4.62981824966846e-06,1.2891708138340618e-05,-7.122525857994333e-08,-0.21945691108703613,-6.4373016357421875e-06,-16.480030059814453
42284533000,4.386090949992649e-06,1.2553059605124872e-05,-1.1249107956246007e-07,-0.22349810600280762,-7.152557373046875e-06,-16.450626373291016
42298391000,3.986117008025758e-06,1.209722540806979e-05,-1.875756652225391e-07,-0.2317667007446289,-7.867813110351562e-06,-16.39148712158203
42305376000,3.834244125755504e-06,1.1705174983944744e-05,-1.7605646007723408e-07,-0.23584461212158203,-8.106231689453125e-06,-16.362085342407227
42312314000,3.7874306144658476e-06,1.1535843441379257e-05,-1.6524529655725928e-07,-0.24019289016723633,-8.344650268554688e-06,-16.332170486450195
42319318000,3.663908501039259e-06,1.1140513379359618e-05,-1.0945802841888508e-07,-0.2443699836730957,-8.821487426757812e-06,-16.302845001220703
42326183000,3.55801239493303e-06,1.080159745470155e-05,-5.7096713135251775e-08,-0.24854660034179688,-9.298324584960938e-06,-16.27341079711914
42340114000,3.4608847272465937e-06,1.0023700269812252e-05,3.817604010691866e-08,-0.25725364685058594,-1.0728836059570312e-05,-16.213958740234375
42347001000,3.5507291613612324e-06,9.844143278314732e-06,8.147208063746803e-08,-0.26165771484375,-1.0728836059570312e-05,-16.184566497802734
42354015000,3.544369974406436e-06,9.60682245931821e-06,1.2210961131131626e-07,-0.26586270332336426,-1.0728836059570312e-05,-16.155202865600586
42360889000,3.3721516956575215e-06,9.236611731466837e-06,1.6024915794332628e-07,-0.2703990936279297,-1.1444091796875e-05,-16.125316619873047
42367930000,3.0577375582652166e-06,8.835837434162386e-06,1.9604738099587848e-07,-0.27480244636535645,-1.1444091796875e-05,-16.095693588256836
42381739000,2.7238666007178836e-06,8.281065674964339e-06,2.6118590312762535e-07,-0.28377604484558105,-1.6689300537109375e-06,-16.036867141723633
42388732000,2.501958078937605e-06,7.933256711112335e-06,2.9078574925733847e-07,-0.2882709503173828,-2.384185791015625e-06,-16.007299423217773
42395602000,2.4784812922007404e-06,7.801844731147867e-06,2.2729000193066895e-07,-0.2928781509399414,-2.6226043701171875e-06,-15.977849960327148
42409507000,2.5363851818838157e-06,7.497317710658535e-06,6.611844582948834e-08,-0.302121639251709,-2.86102294921875e-06,-15.918835639953613
42416541000,2.4246128305094317e-06,7.094576176314149e-06,-2.9219791031209752e-08,-0.30678319931030273,-3.0994415283203125e-06,-15.889347076416016
42423470000,2.2454037207353394e-06,6.74929833621718e-06,-1.1870469052155386e-07,-0.31134629249572754,-3.337860107421875e-06,-15.859981536865234
42430338000,2.258535459986888e-06,6.453293281083461e-06,-2.0269322931198985e-07,-0.3159956932067871,-3.814697265625e-06,-15.830660820007324
42444391000,1.9935082491429057e-06,6.291709723882377e-06,-1.7576007849129383e-07,-0.32554197311401367,-4.0531158447265625e-06,-15.771695137023926
42451425000,1.959201199497329e-06,6.227766334632179e-06,-1.1932797860936262e-07,-0.3303959369659424,-4.291534423828125e-06,-15.742365837097168
42458122000,2.013172888837289e-06,6.172946996230166e-06,-6.636048510699766e-08,-0.3350653648376465,-5.0067901611328125e-06,-15.713323593139648
42465107000,1.8092910067935009e-06,5.875799615751021e-06,-1.6646367839712184e-08,-0.3399503231048584,-5.7220458984375e-06,-15.683845520019531
42479041000,1.4843813005427364e-06,5.402257556852419e-06,7.38905328034889e-08,-0.3448050022125244,-1.9073486328125e-06,-15.636773109436035
42485956000,1.4393376659427304e-06,5.131693797011394e-06,2.371342588958214e-08,-0.3546311855316162,-6.198883056640625e-06,-15.596192359924316
42492862000,1.484106633142801e-06,4.983123290003277e-06,-2.3382312974717934e-08,-0.35939526557922363,-6.198883056640625e-06,-15.567193031311035
42499843000,1.5224864000629168e-06,4.68899133920786e-06,-6.75848355058406e-08,-0.3645470142364502,-6.4373016357421875e-06,-15.537694931030273
42506759000,1.4720053513883613e-06,4.520206857705489e-06,-1.0907405112448032e-07,-0.36934852600097656,-6.4373016357421875e-06,-15.509044647216797
42520660000,1.3916287571191788e-06,4.25146208726801e-06,-1.8456358930052374e-07,-0.3795280456542969,-7.152557373046875e-06,-15.450519561767578
42527626000,1.3598196346720215e-06,4.14510896007414e-06,-2.1886967260797974e-07,-0.38441598415374756,-6.9141387939453125e-06,-15.421916007995605
42534677000,1.3325507097761147e-06,4.05393529945286e-06,-2.51068200896043e-07,-0.3896522521972656,-7.3909759521484375e-06,-15.392680168151855
42541450000,1.3091726032143924e-06,3.975768322561635e-06,-2.8129022666689707e-07,-0.3945695161819458,-7.3909759521484375e-06,-15.364136695861816
42555378000,1.3553328699345002e-06,3.767926955333678e-06,-3.3627850370976375e-07,-0.4049057960510254,-7.3909759521484375e-06,-15.306294441223145
42562280000,1.4120878404355608e-06,3.647190169431269e-06,-3.612668990626844e-07,-0.4100215435028076,-7.867813110351562e-06,-15.277534484863281
42569295000,1.4607446701120352e-06,3.543681486917194e-06,-3.8472083474516694e-07,-0.4153026342391968,-7.867813110351562e-06,-15.248866081237793
42576190000,1.2523044006229611e-06,3.7050967875984497e-06,-2.6981609835274867e-07,-0.4204719066619873,-8.344650268554688e-06,-15.220453262329102
42590228000,1.3135370409145253e-06,3.735757218237268e-06,-1.0638424896569632e-07,-0.43095898628234863,-8.58306884765625e-06,-15.163286209106445
42597028000,9.593427421350498e-07,3.369465957803186e-06,-8.575113952247193e-09,-0.43623554706573486,-8.940696716308594e-06,-15.13440227508545
42604040000,1.072603936336236e-06,2.972046331706224e-06,3.759140554393525e-08,-0.441511869430542,-8.940696716308594e-06,-15.106170654296875
42610969000,1.0863193438126473e-06,2.7147177661390742e-06,8.092328585007635e-08,-0.44678711891174316,-8.940696716308594e-06,-15.077866554260254
42618141000,9.313098416896537e-07,2.6608822736307047e-06,7.595374995617021e-08,-0.45223426818847656,-8.940696716308594e-06,-15.04928970336914
42631731000,9.94230276774033e-07,2.8134168132964987e-06,-1.1004280509041564e-07,-0.46291470527648926,-8.940696716308594e-06,-14.992926597595215
42638812000,1.019128831103444e-06,2.912267063948093e-06,-1.9456436461950943e-07,-0.4681469202041626,-9.059906005859375e-06,-14.964917182922363
42645633000,8.737090411159443e-07,2.6634793357516173e-06,-1.826166453611222e-07,-0.4737124443054199,-9.059906005859375e-06,-14.936661720275879
42652599000,7.490389180020429e-07,2.6169564080191776e-06,-1.714026609533903e-07,-0.47919762134552,-8.940696716308594e-06,-14.908440589904785
42666590000,8.602646630606614e-07,2.2331362288241507e-06,-6.252133744055755e-08,-0.49005448818206787,-8.821487426757812e-06,-14.852457046508789
42673436000,8.208935469156131e-07,1.997861545532942e-06,-1.3041471902397461e-08,-0.4955335855484009,-9.298324584960938e-06,-14.82480525970459
42680501000,8.705260370334145e-07,1.8795474261423806e-06,3.33991465595318e-08,-0.5010154247283936,-9.298324584960938e-06,-14.797147750854492
42687373000,7.463087285941583e-07,1.8615012322698021e-06,3.1348037055067834e-08,-0.5065995454788208,-9.417533874511719e-06,-14.769177436828613
42694275000,6.398161076504039e-07,1.8460300452716183e-06,2.9422849934235273e-08,-0.5121293067932129,-9.655952453613281e-06,-14.74151611328125
42708170000,4.702460500993766e-07,1.8928811869045603e-06,2.5919831614373834e-08,-0.5232440233230591,-9.655952453613281e-06,-14.686528205871582
42715085000,4.031444404972717e-07,1.7895470136863878e-06,2.4328031145159912e-08,-0.5288090705871582,-1.0251998901367188e-05,-14.659133911132812
42722056000,3.4561867323645856e-07,1.7843432260633563e-06,2.2833987145531864e-08,-0.5344687700271606,-1.0609626770019531e-05,-14.63143253326416
42729021000,2.963006409117952e-07,1.7798816998038092e-06,2.1431702634799876e-08,-0.5400420427322388,-1.0371208190917969e-05,-14.604331970214844
42735928000,2.5402016490261303e-07,1.859441795204475e-06,2.0115436427659006e-08,-0.5456361770629883,-1.0609626770019531e-05,-14.5772066116333
42749857000,8.061679181992076e-07,1.3666522136190906e-06,1.7721887957122817e-08,-0.5570054054260254,-1.1086463928222656e-05,-14.522783279418945
42756756000,6.911352556926431e-07,1.5051739410409937e-06,1.6633400434784562e-08,-0.5629030466079712,-1.0967254638671875e-05,-14.49545669555664
42763680000,5.925126060901675e-07,1.5405487374664517e-06,1.5611760773026617e-08,-0.5683958530426025,-1.0967254638671875e-05,-14.468732833862305
42770706000,5.07964386997628e-07,1.654260358918691e-06,1.4652840718554216e-08,-0.5742710828781128,-1.1682510375976562e-05,-14.441896438598633
42777616000,5.39711550118227e-07,1.5224379694700474e-06,1.3753165717389493e-08,-0.5794812440872192,-5.213543772697449e-06,-3.5000176429748535
42791480000,5.51544417248806e-07,1.2738230452669086e-06,5.495307675573713e-08,-0.5905169248580933,1.6689300537109375e-06,8.263856887817383
42798428000,6.396129492713953e-07,1.2588249092004844e-06,5.157848903536433e-08,-0.5958585739135742,3.0994415283203125e-06,11.143922805786133
42805390000,5.483435643327539e-07,1.0791975455504144e-06,4.84110742604571e-08,-0.6014494895935059,4.5299530029296875e-06,12.724656105041504
42812347000,4.7009916670504026e-07,1.0085877875098959e-06,2.2618628747750336e-08,-0.6070537567138672,5.245208740234375e-06,13.375490188598633
42826211000,5.122782908983936e-07,9.557453495290247e-07,-2.893060013775539e-09,-0.6184676885604858,5.245208740234375e-06,12.922937393188477
42833266000,4.3918106484852615e-07,8.193695748559549e-07,-2.715459856972302e-09,-0.6242423057556152,5.0067901611328125e-06,12.179415702819824
42840116000,4.598968530444836e-07,8.692192068338045e-07,2.027083212396974e-08,-0.6299896240234375,4.291534423828125e-06,11.255424499511719
42847054000,3.94273058645922e-07,8.702635341251153e-07,1.902591151292654e-08,-0.6357901096343994,3.814697265625e-06,10.233086585998535
42854046000,4.213964075461263e-07,8.711591021892673e-07,1.78576513576445e-08,-0.641755223274231,3.337860107421875e-06,9.170197486877441
42867915000,4.645856392926362e-07,9.083281611310667e-07,1.5731821179088e-08,-0.6533384323120117,2.2649765014648438e-06,7.0831756591796875
42874877000,3.56601105977461e-07,9.454838618694339e-07,-8.05393085556716e-09,-0.6592714786529541,1.6689300537109375e-06,6.1049299240112305
42881781000,3.474085588095477e-07,9.981836228689644e-07,-3.0378892290627846e-08,-0.6650923490524292,1.1920928955078125e-06,5.188240051269531
42888740000,2.561428118497133e-07,1.022518063109601e-06,-5.693664206773974e-09,-0.6710408329963684,5.960464477539062e-07,4.33975887298584
42902609000,2.9398819378911867e-07,8.21509843262902e-07,-5.015685644593759e-09,-0.6829155087471008,-2.384185791015625e-07,2.8531241416931152
42909541000,3.1457597060580156e-07,7.668244279557257e-07,-4.707601419795537e-09,-0.6889479160308838,-5.960464477539062e-07,2.2122483253479004
42916531000,3.2701478858143673e-07,7.147298788368062e-07,-4.418449606191643e-09,-0.6949211955070496,-9.5367431640625e-07,1.6363012790679932
42923445000,3.2725563414715e-07,6.596457069463213e-07,-2.696690870607199e-08,-0.7008358240127563,-1.1920928955078125e-06,1.1202701330184937
42930346000,2.987985112667957e-07,6.997154287091689e-07,-2.5310939122391574e-08,-0.7067921757698059,-1.430511474609375e-06,0.6602864265441895
42944253000,2.0398249489517184e-07,6.103244345467829e-07,2.193949910633819e-08,-0.7189840078353882,-2.086162567138672e-06,-0.11220907419919968
42951261000,2.8431679766072193e-07,6.326768016151618e-07,2.0592349159187506e-08,-0.7249280214309692,-2.1457672119140625e-06,-0.4331721365451813
42958140000,3.688211336339009e-07,5.840910830556822e-07,1.9328005862462305e-08,-0.7310318350791931,-2.4437904357910156e-06,-0.7174315452575684
42965164000,3.1619242690794636e-07,5.945524890194065e-07,1.8140990931669876e-08,-0.7370734810829163,-2.562999725341797e-06,-0.9675368070602417
42979035000,2.5471445042057894e-07,6.097225764278846e-07,-6.8385617169042234e-09,-0.7491360902786255,-2.682209014892578e-06,-1.3828002214431763
42986014000,2.1836797259311425e-07,6.2694959979126e-07,-6.41867359263415e-09,-0.7552211880683899,-2.86102294921875e-06,-1.5539966821670532
42992905000,2.0805430267500924e-07,6.417183726625808e-07,1.6795283386272786e-08,-0.7613232135772705,-2.9206275939941406e-06,-1.7048017978668213
42999873000,1.7836640608948073e-07,6.335336593110696e-07,1.576387376189814e-08,-0.7673699855804443,-3.0100345611572266e-06,-1.8379305601119995
43013714000,2.4129781195370015e-07,5.490278454090003e-07,1.3887380134747218e-08,-0.7795976400375366,-3.1888484954833984e-06,-2.0587966442108154
43020715000,2.0686638890765607e-07,4.7068573394426494e-07,1.303457253243323e-08,-0.7858515977859497,-3.337860107421875e-06,-2.1505825519561768
43027616000,1.773477151800762e-07,5.077524747321149e-07,1.2234046664616471e-08,-0.7918316721916199,-3.3080577850341797e-06,-2.231626510620117
43034631000,1.5204145142888592e-07,3.727622583937773e-07,1.1482800488238354e-08,-0.7979622483253479,-3.337860107421875e-06,-2.303933620452881
43041489000,1.303465637647605e-07,3.612639147831942e-07,1.0777640113701636e-08,-0.8042527437210083,-3.4868717193603516e-06,-2.368663787841797
43055438000,1.791858323940687e-07,3.965699875152495e-07,9.494637964735375e-09,-0.8164098262786865,-3.4570693969726562e-06,-2.4774749279022217
43062323000,1.5361771943389613e-07,4.6505698492183e-07,8.911516857779134e-09,-0.8226479887962341,-3.635883331298828e-06,-2.524296522140503
43069269000,1.316976181442442e-07,3.986968408753455e-07,8.36427105355142e-09,-0.8288495540618896,-3.6954879760742188e-06,-2.5665125846862793
43076191000,1.1290478596492903e-07,3.418041387703852e-07,7.850623262584122e-09,-0.8348991870880127,-3.5762786865234375e-06,-2.604661703109741
43090118000,1.3659754927175527e-07,3.0483232649203273e-07,2.8334866897239408e-08,-0.8474045991897583,-3.7848949432373047e-06,-2.6718945503234863
43097016000,1.796449851099169e-07,3.2387339388151304e-07,4.9415028513521975e-08,-0.8534010648727417,-3.6954879760742188e-06,-2.701345682144165
43103989000,1.1231817609314021e-07,2.3596598452968465e-07,4.638040707050095e-08,-0.8596137762069702,-3.725290298461914e-06,-2.7287755012512207
43110964000,9.62911883561901e-08,2.022954106450925e-07,6.635174543134781e-08,-0.8658664226531982,-3.7550926208496094e-06,-2.754532814025879
43117928000,8.255113925770274e-08,2.568130241797917e-07,6.227710258599473e-08,-0.8720418214797974,-3.814697265625e-06,-2.7784786224365234
43131737000,9.641547649152926e-08,3.0787782634433825e-07,5.486327836479177e-08,-0.8844621777534485,-3.904104232788086e-06,-2.822765350341797
43138766000,8.265749329439132e-08,3.473302285783575e-07,2.8674268293116256e-08,-0.8906458616256714,-3.844499588012695e-06,-2.84291934967041
43145688000,1.1255477261329361e-07,3.1861469551586197e-07,4.093987371334151e-09,-0.8969000577926636,-3.933906555175781e-06,-2.8626174926757812
43152679000,9.649380672271946e-08,2.7315013539919164e-07,3.842576035140155e-09,-0.9030737280845642,-3.904104232788086e-06,-2.8809447288513184
43159562000,1.2441628882697842e-07,2.7586546025304415e-07,3.6066616360130865e-09,-0.91049724817276,-5.245208740234375e-06,-2.902674913406372
43173442000,5.56724728539848e-08,1.669737628162693e-07,-4.107226914129569e-08,-0.9218318462371826,-4.082918167114258e-06,-2.933289051055908
43180399000,8.942075169215968e-08,1.8483994779217028e-07,-3.854998809060817e-08,-0.9280368089675903,-4.082918167114258e-06,-2.9494662284851074
43187367000,7.666092471936281e-08,1.5846430301280634e-07,-3.618265509430785e-08,-0.9341951608657837,-4.023313522338867e-06,-2.9652745723724365
43194256000,6.572200561549835e-08,1.7754447867446288e-07,-3.396074532702187e-08,-0.9404840469360352,-4.112720489501953e-06,-2.9808154106140137
43201264000,5.634394995013281e-08,1.313642883360444e-07,-3.187524910686079e-08,-0.9475630521774292,-5.066394805908203e-06,-2.9987945556640625
43215110000,1.1885931172628261e-07,1.114545966629521e-07,-6.6519181274316e-09,-0.9639732837677002,-9.506940841674805e-06,-3.0401670932769775
43222088000,1.0185864596223837e-07,1.79094854502182e-07,-6.242519390298185e-09,-0.9605628252029419,1.1920928955078125e-06,-3.02469801902771
43229000000,8.732396850064106e-08,2.5777012524486054e-07,-5.8592348750607925e-09,-0.9715594053268433,-4.082918167114258e-06,-3.0535500049591064
43235956000,7.486349318241992e-08,2.209882694614862e-07,-5.499426691812914e-09,-0.9779293537139893,-4.26173210144043e-06,-3.0675463676452637
43242881000,6.41808526324894e-08,2.519931285860366e-07,-5.161744809356605e-09,-0.9841032028198242,-4.172325134277344e-06,-3.080932378768921
43256808000,4.7171411665658525e-08,1.911820390887442e-07,-4.547256793330234e-09,-0.996543288230896,-4.231929779052734e-06,-3.107767105102539
43263763000,4.044039769723895e-08,2.681314299479709e-07,-4.268077447022733e-09,-1.0028445720672607,-4.291534423828125e-06,-3.120875597000122
43270681000,3.466976750132744e-08,2.715629818794696e-07,-4.005990206223942e-09,-1.0090559720993042,-4.291534423828125e-06,-3.133704900741577
43277693000,2.972254264932417e-08,2.536586691803677e-07,-3.75998610024908e-09,-1.0152528285980225,-4.291534423828125e-06,-3.146263599395752
43291512000,2.1845465880687698e-08,3.5917216223424475e-07,-3.312464968985296e-09,-1.0278453826904297,-4.410743713378906e-06,-3.1717770099639893
43298531000,1.8728172790360986e-08,3.079194925703632e-07,-3.1090294783098216e-09,-1.0340299606323242,-4.410743713378906e-06,-3.183849573135376
43305410000,5.774874978214939e-08,2.2228739737784053e-07,-2.91799651108704e-09,-1.040191888809204,-4.351139068603516e-06,-3.1958491802215576
43312336000,4.950842935613764e-08,1.9056868438838137e-07,-2.7388047385557e-09,-1.0464777946472168,-4.410743713378906e-06,-3.2080111503601074
43319340000,4.244408557951829e-08,1.6337634178853477e-07,-2.570617496644445e-09,-1.0528072118759155,-4.5299530029296875e-06,-3.220085859298706
43333240000,6.693814924574326e-08,8.433497100668319e-08,-2.3682691363546837e-08,-1.0651934146881104,-4.5299530029296875e-06,-3.243609666824341
43340174000,5.7386436935757956e-08,7.230082843534547e-08,-2.2228352491993064e-08,-1.0713908672332764,-4.5299530029296875e-06,-3.25504732131958
43347229000,4.919772322864446e-08,6.198389712608332e-08,-2.0863323513253818e-08,-1.0776712894439697,-4.5299530029296875e-06,-3.266519784927368
43354032000,4.217748283963374e-08,5.313913931104253e-08,-1.958211726105219e-08,-1.0838582515716553,-4.470348358154297e-06,-3.277698516845703
43367997000,4.8870468560835434e-08,5.692707105708905e-08,4.166928579962814e-09,-1.0963387489318848,-4.649162292480469e-06,-3.3001701831817627
43374869000,1.0443560682915631e-07,1.1134255117895009e-07,-1.890871814680395e-08,-1.1025408506393433,-4.708766937255859e-06,-3.311173915863037
43381889000,6.1483689250962925e-09,1.5799319896814268e-07,-1.774773217277925e-08,-1.1087408065795898,-4.589557647705078e-06,-3.3219447135925293
43388743000,5.271061809253297e-09,1.3544875798743305e-07,-1.6657857315749425e-08,-1.114994764328003,-4.589557647705078e-06,-3.3328871726989746
43395665000,4.518916796314443e-09,1.161209439715094e-07,-1.5634903149930324e-08,-1.1211755275726318,-4.589557647705078e-06,-3.3433725833892822
43409597000,3.3212828043360787e-09,8.53459241056953e-08,-1.3773598261934694e-08,-1.133549451828003,-4.708766937255859e-06,-3.364387273788452
43416542000,2.8473721158661647e-09,7.316769767840015e-08,-1.2927776182891648e-08,-1.1397807598114014,-4.708766937255859e-06,-3.3748083114624023
43423486000,2.4410766741311818e-09,6.272722430367139e-08,-1.2133893889654246e-08,-1.1460198163986206,-4.76837158203125e-06,-3.385028600692749
43430396000,2.0927508614931867e-09,5.377652101401509e-08,-1.1388765486231023e-08,-1.1521618366241455,-4.708766937255859e-06,-3.395171642303467
43437350000,1.7941310659352894e-09,4.610301118646021e-08,-1.0689390705920232e-08,-1.1584033966064453,-4.76837158203125e-06,-3.405174732208252
43451362000,1.3186500780193455e-09,3.3884695938013465e-08,-9.416861956879075e-09,-1.1707364320755005,-4.827976226806641e-06,-3.424936056137085
43458189000,1.1304948088763922e-09,2.904967288941407e-08,-8.838592080451235e-09,-1.176915168762207,-4.887580871582031e-06,-3.4347472190856934
43465101000,9.691838442904555e-10,2.49044997957526e-08,-8.29582358363723e-09,-1.1831684112548828,-5.0067901611328125e-06,-3.4443414211273193
43472099000,8.308838062021096e-10,2.1350766488126283e-08,-7.786378652951953e-09,-1.1892058849334717,-4.76837158203125e-06,-3.4537062644958496
43479145000,7.12326198026858e-10,1.8304170623650862e-08,-7.308226024349551e-09,-1.2281160354614258,-4.64320182800293e-05,-3.5699093341827393
43493018000,5.219336074446801e-10,1.3411727728396272e-08,-6.430417531788635e-09,-1.2078783512115479,-4.947185516357422e-06,-3.4819865226745605
43499954000,4.474571824175655e-10,1.149794748300792e-08,-6.035527633230231e-09,-1.2139098644256592,-4.887580871582031e-06,-3.4908788204193115
43506947000,3.83610476717422e-10,9.85729986524575e-09,-5.664898328205936e-09,-1.2202256917953491,-5.125999450683594e-06,-3.5002236366271973
43513895000,3.2887292888972297e-10,8.450716570962413e-09,-5.3170183811346305e-09,-1.2262418270111084,-5.066394805908203e-06,-3.509080648422241
43520884000,2.8194335754960775e-10,7.2448269605729365e-09,-4.990496904611064e-09,-1.2322907447814941,-4.887580871582031e-06,-3.5175726413726807
43534811000,2.0722312754628547e-10,5.324775287363082e-09,-4.39639524785207e-09,-1.2445330619812012,-5.0067901611328125e-06,-3.5350332260131836
43541647000,1.776556679544683e-10,4.5649799496061405e-09,-4.1264218708647604e-09,-1.2507703304290771,-5.185604095458984e-06,-3.5439107418060303
43548609000,1.5230572358859717e-10,3.913581902992291e-09,-3.873019682743006e-09,-1.2588236331939697,-7.748603820800781e-06,-3.5588490962982178
43555594000,1.3054757275199336e-10,3.3544917954486664e-09,-3.634904377491921e-09,-1.26083505153656,-2.4437904357910156e-06,-3.553917646408081
43569473000,9.595035876941438e-11,2.4654653874023325e-09,-3.2021787443881067e-09,-1.2750991582870483,-5.125999450683594e-06,-3.5769946575164795
43576350000,8.22595325189468e-11,2.1136616901173966e-09,-3.0055369304449187e-09,-1.2812063694000244,-5.245208740234375e-06,-3.585244655609131
43583313000,7.052181061339979e-11,1.8120491773743197e-09,-2.8209652391808504e-09,-1.2871086597442627,-5.066394805908203e-06,-3.5928268432617188
43590284000,6.045963729661707e-11,1.5534868946787128e-09,-2.6477355863363528e-09,-1.293388843536377,-5.304813385009766e-06,-3.600929021835327
43597212000,5.1832649283767296e-11,1.3318190994482393e-09,-2.4851436464246035e-09,-1.2993888854980469,-5.245208740234375e-06,-3.608839273452759
43604173000,4.4436898605226816e-11,1.1417782275202626e-09,-2.332533721727259e-09,-1.3054006099700928,-5.245208740234375e-06,-3.6165618896484375
43618177000,3.2660540938422855e-11,8.391755068615225e-10,-2.054850067878533e-09,-1.3174705505371094,-5.245208740234375e-06,-3.6314516067504883
43624978000,2.8000601837163686e-11,7.194330686743911e-10,-1.9286661157025264e-09,-1.3234816789627075,-5.245208740234375e-06,-3.6391725540161133
43631921000,2.4005297749596366e-11,6.167752975017038e-10,-1.8102291887700517e-09,-1.3295340538024902,-5.424022674560547e-06,-3.6463348865509033
43638934000,2.0580259718627758e-11,5.287671966947016e-10,-1.6990667761618283e-09,-1.335531234741211,-5.364418029785156e-06,-3.653787851333618
43645860000,1.7643886351947913e-11,4.5331602360754175e-10,-1.5947292375528832e-09,-1.3415801525115967,-5.4836273193359375e-06,-3.6609535217285156
43659761000,1.2968182083739066e-11,3.3317471004323806e-10,-1.404879546029747e-09,-1.3535116910934448,-5.304813385009766e-06,-3.6749770641326904
43666625000,1.1117939902050011e-11,2.8563248988255907e-10,-1.3186064462544778e-09,-1.3594334125518799,-5.364418029785156e-06,-3.681723117828369
43673649000,9.531653244465588e-12,2.448753422257255e-10,-1.237633551198769e-09,-1.3654323816299438,-5.4836273193359375e-06,-3.688725709915161
43680569000,8.171796572753465e-12,2.0993390359436148e-10,-1.1616331230257515e-09,-1.3714430332183838,-5.4836273193359375e-06,-3.6955482959747314
43694421000,6.0063343187977125e-12,1.5429590938254023e-10,-1.023343743078442e-09,-1.3833081722259521,-5.4836273193359375e-06,-3.7086992263793945
43701420000,5.14938092166517e-12,1.3227871575871575e-10,-9.605005679702572e-10,-1.3892414569854736,-5.602836608886719e-06,-3.7152822017669678
43708384000,4.414746346270704e-12,1.1340293981643157e-10,-9.015156954284009e-10,-1.3950493335723877,-5.304813385009766e-06,-3.721447229385376
43715236000,3.784944579976468e-12,9.722113392118814e-11,-8.461547018612237e-10,-1.4011139869689941,-5.602836608886719e-06,-3.72799015045166
43722261000,3.2449737341622154e-12,8.3348161705743e-11,-7.941926005727851e-10,-1.4078807830810547,-6.854534149169922e-06,-3.737297773361206
43729193000,2.7817748105007922e-12,7.144812519399579e-11,-7.453941353041671e-10,-1.4118781089782715,-4.172325134277344e-06,-3.7370121479034424
43743089000,2.0447255000277664e-12,5.2512716397501435e-11,-6.566581722822207e-10,-1.4245734214782715,-5.4836273193359375e-06,-3.7522897720336914
43750023000,1.75305603367093e-12,4.501963385417085e-11,-6.163342614051714e-10,-1.4308247566223145,-6.139278411865234e-06,-3.7595651149749756
43756963000,1.50293666401069e-12,3.859424585472837e-11,-5.784776546668979e-10,-1.4360251426696777,-5.185604095458984e-06,-3.7630529403686523
43763902000,1.2885456590616684e-12,3.3086970663287474e-11,-5.429531269030008e-10,-1.4421300888061523,-5.662441253662109e-06,-3.769690990447998
43770859000,1.1047621151227816e-12,2.836566398434215e-11,-5.096110200497606e-10,-1.4480750560760498,-5.662441253662109e-06,-3.7753922939300537
43784772000,8.121073258315903e-13,2.084805245106125e-11,-4.489436322696605e-10,-1.459576964378357,-5.543231964111328e-06,-3.7865164279937744
43791697000,6.962763698936669e-13,1.7873161284320815e-11,-4.213745741221686e-10,-1.4655042886734009,-5.781650543212891e-06,-3.791947603225708
43798583000,5.969807981287545e-13,1.5322777768833618e-11,-3.95498467309352e-10,-1.4711830615997314,-5.662441253662109e-06,-3.797269344329834
43805570000,5.118613866095245e-13,1.3136339238606354e-11,-3.712117557785888e-10,-1.477108120918274,-5.841255187988281e-06,-3.8027169704437256
43812522000,4.388781005282283e-13,1.1261831744935336e-11,-3.4841576845856537e-10,-1.4828121662139893,-5.781650543212891e-06,-3.8076670169830322
43826390000,3.226446887438783e-13,8.277132451661728e-12,-3.069377807474183e-10,-1.4943665266036987,-5.841255187988281e-06,-3.8178322315216064
43833346000,2.7665023050182924e-13,7.096014748020352e-12,-2.880888305689666e-10,-1.502314805984497,-9.357929229736328e-06,-3.8310508728027344
43840329000,2.3715057695383734e-13,6.081919690092974e-12,-2.703709200968518e-10,-1.5035462379455566,-2.384185791015625e-06,-3.819220542907715
43847244000,2.033546941948572e-13,5.214075698978249e-12,-2.5376797885279245e-10,-1.5116201639175415,-6.020069122314453e-06,-3.832472324371338
43854228000,1.7436746491128474e-13,4.470052800131796e-12,-2.381843888787927e-10,-1.5172524452209473,-5.900859832763672e-06,-3.8372232913970947
43868113000,1.2822035100334972e-13,3.2853650355768593e-12,-2.0982937609659302e-10,-1.5286765098571777,-5.900859832763672e-06,-3.8462719917297363
43875039000,1.0995024335436199e-13,2.816559485641079e-12,-1.969441970617325e-10,-1.534234881401062,-5.841255187988281e-06,-3.8507790565490723
43881936000,9.429956815409923e-14,2.4146552812798205e-12,-1.8485027397652232e-10,-1.5400961637496948,-6.079673767089844e-06,-3.855372428894043
43888992000,8.086240010918289e-14,2.0700819530761194e-12,-1.7349852110548625e-10,-1.5462039709091187,-6.9141387939453125e-06,-3.861499309539795
43895869000,6.934383622869689e-14,1.7745683394965184e-12,-1.6283989434651147e-10,-1.5506972074508667,-5.0067901611328125e-06,-3.861393928527832
43909712000,5.100954381109801e-14,1.3042605190305423e-12,-1.4345449828034873e-10,-1.5625391006469727,-6.139278411865234e-06,-3.8720216751098633
43916696000,4.3754930234563005e-14,1.1181403025695147e-12,-1.346450173578262e-10,-1.5681039094924927,-6.079673767089844e-06,-3.8794407844543457
43923648000,3.752553823233029e-14,9.5858390669612e-13,-1.263767424042328e-10,-1.57375168800354,-6.139278411865234e-06,-3.892564535140991
43930558000,3.219126354370161e-14,8.217922869979688e-13,-1.18615992028559e-10,-1.5792793035507202,-6.020069122314453e-06,-3.905271053314209
43937598000,2.7613328290598815e-14,7.045249800219366e-13,-1.113319297862958e-10,-1.5848257541656494,-6.079673767089844e-06,-3.9182605743408203
43951491000,2.0324020244544272e-14,5.177993450677931e-13,-9.807825385177438e-11,-1.595940113067627,-6.139278411865234e-06,-3.9445888996124268
43958397000,1.7438307742256853e-14,4.4390706388508505e-13,-9.20552939431829e-11,-1.6015604734420776,-6.318092346191406e-06,-3.9578230381011963
43965264000,1.496198998029996e-14,3.8056016671284e-13,-8.64022117741392e-11,-1.606999397277832,-6.258487701416016e-06,-3.9711663722991943
43972254000,1.283868844570435e-14,3.262511788504341e-13,-8.109628246710798e-11,-1.6125447750091553,-6.198883056640625e-06,-3.984361410140991
43979241000,1.1018963519404679e-14,2.796964049256445e-13,-7.611632851789452e-11,-1.6180280447006226,-6.258487701416016e-06,-3.998081922531128
43993064000,8.118505867571457e-15,2.0556126245629969e-13,-6.70548824799333e-11,-1.6290301084518433,-6.377696990966797e-06,-4.025184631347656
43999993000,6.968384202998834e-15,1.762253537540559e-13,-6.293700977044736e-11,-1.634423017501831,-6.318092346191406e-06,-4.038563251495361
44006973000,4.551914400963142e-14,1.3722356584366935e-13,-2.2878241523471843e-08,-1.640272617340088,-7.510185241699219e-06,-5.144557476043701
44014014000,4.196643033083092e-14,1.1657341758564144e-13,-2.1473317346476506e-08,-1.6656322479248047,-4.13060188293457e-05,-5.918548583984375
44021008000,7.860379014346108e-14,8.43769498715119e-14,-4.329026737082131e-08,-1.6318998336791992,2.4974346160888672e-05,-6.471433639526367
44034878000,1.4892165722812933e-07,1.489216145955652e-07,-8.237448412273807e-08,-1.6629695892333984,-9.745359420776367e-06,-7.5414719581604
44041845000,8.598080114552431e-08,8.598065903697716e-08,-1.0013528140007111e-07,-1.6685044765472412,-1.0251998901367188e-05,-7.951875686645508
44048799000,1.9878746115864487e-07,1.98787404315226e-07,-9.39859603477089e-08,-1.6739258766174316,-1.0520219802856445e-05,-8.302945137023926
44055695000,8.703993614744832e-08,1.704223393517168e-07,-8.82146409253437e-08,-1.6794403791427612,-1.0877847671508789e-05,-8.60194206237793
44062604000,7.462020334969566e-08,1.044134378958006e-07,-8.279755547846435e-08,-1.6848936080932617,-1.1116266250610352e-05,-8.855731010437012
44076565000,-1.0487116952617725e-08,1.1395244747802735e-08,-2.7094937848914924e-08,-1.6902612447738647,-2.175569534301758e-06,-9.251943588256836
44083632000,-8.990738820102706e-09,9.769230757683545e-09,2.0208615225669746e-08,-1.7010291814804077,-1.1622905731201172e-05,-9.404606819152832
44090438000,-7.707848581617327e-09,8.375255156067851e-09,1.8967648784951052e-08,-1.706242322921753,-1.1920928955078125e-05,-9.532672882080078
44097421000,-6.6080154681458225e-09,7.1801879997224205e-09,1.780288627628579e-08,-1.7116365432739258,-1.1995434761047363e-05,-9.640128135681152
44111262000,-4.856724800106349e-09,5.277255521463076e-09,1.5683504273056315e-08,-1.7221856117248535,-1.220405101776123e-05,-9.80553150177002
44118241000,-4.1637200354216475e-09,4.524241870029755e-09,1.4720413332725002e-08,-1.7274752855300903,-1.2189149856567383e-05,-9.868486404418945
44125150000,-3.5695997269158397e-09,3.8786764910980764e-09,1.3816464417004681e-08,-1.7326929569244385,-1.2367963790893555e-05,-9.921143531799316
44132114000,-3.060231623663867e-09,3.325203667969845e-09,1.2967989349021991e-08,-1.7378406524658203,-1.2189149856567383e-05,-9.965145111083984
44139080000,-2.6235618122427695e-09,2.8507223248652735e-09,1.2171642360669921e-08,-1.743039846420288,-1.239776611328125e-05,-10.001769065856934
44153022000,-1.928253112737366e-09,2.0952093393589166e-09,1.0722641441418546e-08,-1.7534544467926025,-1.2502074241638184e-05,-10.057777404785156
44159871000,-1.653107428722933e-09,1.7962389353698427e-09,1.0064177047297562e-08,-1.758613109588623,-1.265108585357666e-05,-10.078941345214844
44166793000,-1.4172192308592457e-09,1.5399261865667313e-09,9.44614075848449e-09,-1.7636783123016357,-1.239776611328125e-05,-10.096573829650879
44173798000,-1.2149937722583104e-09,1.3201904014437105e-09,8.86606432715098e-09,-1.76888108253479,-1.2487173080444336e-05,-10.111202239990234
44187724000,-8.929917361122364e-10,9.703069459021663e-10,7.81058329124562e-09,-1.7790449857711792,-1.245737075805664e-05,-10.133353233337402
44194567000,-7.655673872619673e-10,8.318499222781384e-10,7.330938522898123e-09,-1.784146785736084,-1.2546777725219727e-05,-10.14167308807373
44201585000,-6.563281029769996e-10,7.131513157787595e-10,6.880755076821288e-09,-1.7893052101135254,-1.2814998626708984e-05,-10.148526191711426
44208477000,-5.626757948462568e-10,6.113904937876669e-10,6.458216628146829e-09,-1.7942914962768555,-1.2695789337158203e-05,-10.15417194366455
44215497000,-4.823871302406246e-10,5.241498346464368e-10,6.0616258679146995e-09,-1.8096063137054443,-3.236532211303711e-05,-10.151800155639648
44229373000,-3.5401093168019315e-10,3.846583052080632e-10,5.3368509611573245e-09,-1.8089256286621094,-1.1831521987915039e-05,-10.166059494018555
44236379000,-3.0349689428277316e-10,3.2977065522743487e-10,5.009122006072175e-09,-1.8144199848175049,-1.284480094909668e-05,-10.168211936950684
44243282000,-2.6018964760510244e-10,2.827138523286976e-10,4.701508959925604e-09,-1.8194059133529663,-1.2785196304321289e-05,-10.170236587524414
44250202000,-2.230636231281835e-10,2.423736211731864e-10,4.412799015085511e-09,-1.8243962526321411,-1.2889504432678223e-05,-10.171721458435059
44264107000,-1.6394718915790918e-10,1.7813878150363394e-10,3.8874672370070584e-09,-1.8342558145523071,-1.2755393981933594e-05,-10.173971176147461
44271065000,-1.4055370756160812e-10,1.5271983677678236e-10,3.6487428634046637e-09,-1.8391880989074707,-1.2919306755065918e-05,-10.174731254577637
44278042000,-1.2049836128902314e-10,1.3092799067138117e-10,3.4246780966640245e-09,-1.8462437391281128,-1.7136335372924805e-05,-10.173660278320312
44285064000,-1.032726681948759e-10,1.1221101825498181e-10,3.2139819694521066e-09,-1.8537123203277588,-2.2172927856445312e-05,-10.172167778015137
44292015000,-8.844899812565643e-11,9.610406914717373e-11,3.0154387875569455e-09,-1.8470429182052612,5.960464477539062e-07,-10.18071174621582
44305882000,-6.500847082868688e-11,7.063433171694555e-11,2.6564590527300425e-09,-1.8636099100112915,-1.2874603271484375e-05,-10.175836563110352
44312750000,-5.573272399139739e-11,6.055567158824715e-11,2.493331319186609e-09,-1.8685569763183594,-1.3276934623718262e-05,-10.175683975219727
44319852000,-4.778047402176355e-11,5.191491680989202e-11,2.3402191295929242e-09,-1.873368263244629,-1.3262033462524414e-05,-10.175495147705078
44326628000,-4.096256667196485e-11,4.450695367808066e-11,2.1965049779026913e-09,-1.8780553340911865,-1.2978911399841309e-05,-10.17533016204834
44333646000,-3.5117797558825714e-11,3.815620042146861e-11,2.061618431525858e-09,-1.8829231262207031,-1.3172626495361328e-05,-10.174993515014648
44347519000,-2.5811186521451646e-11,2.8044039313002145e-11,1.8161899761892641e-09,-1.892496109008789,-1.3142824172973633e-05,-10.174263954162598
44354447000,-2.212832694858946e-11,2.4042406954194462e-11,1.704658414425353e-09,-1.897190809249878,-1.2934207916259766e-05,-10.173958778381348
44361379000,-1.8971088588948248e-11,2.061187331925396e-11,1.5999789271248233e-09,-1.902043104171753,-1.3530254364013672e-05,-10.173389434814453
44368346000,-1.6264198321458423e-11,1.767069823799261e-11,1.5017233012670772e-09,-1.9067329168319702,-1.3262033462524414e-05,-10.17300796508789
44375275000,-1.3943568522023497e-11,1.5149298482342033e-11,1.409502958793496e-09,-1.9113903045654297,-1.3381242752075195e-05,-10.172529220581055
44389192000,-1.0248565884829475e-11,1.1134482225116926e-11,1.2417067374315138e-09,-1.9207940101623535,-1.3440847396850586e-05,-10.171491622924805
44396085000,-8.786346650246912e-12,9.545725321302712e-12,1.1654549547657211e-09,-1.9254577159881592,-1.3440847396850586e-05,-10.170968055725098
44403108000,-7.532752199779225e-12,8.183675959116954e-12,1.09388575975089e-09,-1.9301364421844482,-1.3589859008789062e-05,-10.170432090759277
44416911000,-5.53665446823004e-12,6.014869158299518e-12,9.636605957652478e-10,-1.9393765926361084,-1.33514404296875e-05,-10.169340133666992
44423971000,-4.746716908421433e-12,5.156625126900849e-12,9.044825444171067e-10,-1.9439939260482788,-1.3440847396850586e-05,-10.168728828430176
44430835000,-4.069536374551319e-12,4.42086645069395e-12,8.489394187627397e-10,-1.9486411809921265,-1.3560056686401367e-05,-10.168094635009766
44437866000,-3.4889591216114013e-12,3.790051605889744e-12,7.968063986396601e-10,-1.9531376361846924,-1.3321638107299805e-05,-10.167559623718262
44451697000,-2.564504164581649e-12,2.785674468874788e-12,7.019492764825941e-10,-1.9622597694396973,-1.3649463653564453e-05,-10.166324615478516
44458612000,-2.1986579223920444e-12,2.388221564952886e-12,6.588434797727416e-10,-1.9669761657714844,-1.3947486877441406e-05,-10.165603637695312
44465564000,-1.8849644067842064e-12,2.0474177908624824e-12,6.183789036384724e-10,-1.9711825847625732,-1.329183578491211e-05,-10.165197372436523
44472599000,-1.6160753291138974e-12,1.7553111741896998e-12,5.804055569491595e-10,-1.9758230447769165,-1.3589859008789062e-05,-10.164485931396484
44479497000,-1.3855652736260993e-12,1.5048656765159762e-12,5.447630124777447e-10,-1.980318546295166,-1.3709068298339844e-05,-10.16382884979248
44493322000,-1.0184769694276952e-12,1.106080504964524e-12,4.79910000628081e-10,-1.9893332719802856,-1.3828277587890625e-05,-10.162484169006348
44500254000,-8.732112255493973e-13,9.482692409079618e-13,4.5043849206116704e-10,-1.993649959564209,-1.3709068298339844e-05,-10.161948204040527
44507231000,-7.486719577620704e-13,8.129885653573865e-13,4.2277800704759727e-10,-1.9988850355148315,-1.5348196029663086e-05,-10.160593032836914
44514206000,-6.418407472175147e-13,6.969147481328264e-13,3.967973727370122e-10,-2.001772880554199,-1.2278556823730469e-05,-10.16113567352295
44528076000,-4.718378465717876e-13,5.122499646681433e-13,3.495597145075635e-10,-2.0113916397094727,-1.385807991027832e-05,-10.159199714660645
44535037000,-4.0455833127950314e-13,4.3917300351914434e-13,3.2809366334873857e-10,-2.0157206058502197,-1.379847526550293e-05,-10.158531188964844
44541965000,-3.468787757032743e-13,3.7652519990771793e-13,3.079458354982023e-10,-2.020038604736328,-1.3917684555053711e-05,-10.157830238342285
44548869000,-2.9742874829707944e-13,3.2281469164452403e-13,2.8903526794188394e-10,-2.024508237838745,-1.4036893844604492e-05,-10.15715217590332
44555901000,-2.5501822875639846e-13,2.7676819169819566e-13,2.7128593815817226e-10,-2.028764009475708,-1.3917684555053711e-05,-10.156427383422852
44569781000,-1.8749932162442917e-13,2.0343796092170408e-13,2.389898556831582e-10,-2.037348985671997,-1.3947486877441406e-05,-10.15503215789795
44576648000,-1.607811106474344e-13,1.74422976062516e-13,2.2431335955364062e-10,-2.0416393280029297,-1.3917684555053711e-05,-10.1543550491333
44583595000,-1.3786888297673272e-13,1.4954357197005663e-13,2.1053855880914796e-10,-2.0459463596343994,-1.3947486877441406e-05,-10.153619766235352
44590651000,-1.1822487433477136e-13,1.2820994266249386e-13,1.97609650864905e-10,-2.0502545833587646,-1.4066696166992188e-05,-10.152885437011719
44597483000,-1.0138244410651254e-13,1.0992942667265027e-13,1.8547469116114712e-10,-2.054447889328003,-1.4126300811767578e-05,-10.15213680267334
44611403000,-7.455668027400719e-14,8.081382785185554e-14,1.6339411768040435e-10,-2.0628421306610107,-1.4096498489379883e-05,-10.150710105895996
44618407000,-6.394190732450511e-14,6.928832507746563e-14,1.533601301506593e-10,-2.0671231746673584,-1.424551010131836e-05,-10.149999618530273
44625292000,-5.484154796953078e-14,5.940734015830174e-14,1.4394260783312518e-10,-2.0712954998016357,-1.4036893844604492e-05,-10.149186134338379
44632255000,-4.703355760415917e-14,5.0938420148582964e-14,1.3510315088893776e-10,-2.0753960609436035,-1.4156103134155273e-05,-10.148482322692871
44639188000,-4.034619860426858e-14,4.367686767814405e-14,1.268064958592774e-10,-2.0796010494232178,-1.4156103134155273e-05,-10.147758483886719
44653175000,-2.968111867396317e-14,3.211320098728265e-14,1.1171084196570646e-10,-2.0898044109344482,-1.9222497940063477e-05,-10.144487380981445
44660005000,-2.545359756300769e-14,2.7528326840275952e-14,1.0483650059178728e-10,-2.0901007652282715,-9.566545486450195e-06,-10.147112846374512
44666942000,-2.1836699115596048e-14,2.3602647614140437e-14,9.839853237769702e-11,-2.0960073471069336,-1.4275312423706055e-05,-10.144725799560547
44673916000,-1.8735880902287505e-14,2.0240753517697385e-14,9.235608111612947e-11,-2.100167751312256,-1.4483928680419922e-05,-10.143879890441895
44687837000,-1.3790184272277628e-14,1.4883060062143016e-14,8.135780937834625e-11,-2.107703685760498,-1.2814998626708984e-05,-10.142866134643555
44694772000,-1.1831681467899813e-14,1.276236061276137e-14,7.636166005076106e-11,-2.1123297214508057,-1.4513731002807617e-05,-10.141603469848633
44701674000,-1.0155071228368229e-14,1.0943503048199688e-14,7.167239024497007e-11,-2.116335868835449,-1.4275312423706055e-05,-10.140779495239258
44708677000,-8.713516019831502e-15,9.387456090248492e-15,6.72710082083583e-11,-2.120274782180786,-1.4215707778930664e-05,-10.140018463134766
44715582000,-7.480127628411992e-15,8.049984290270373e-15,6.313991690598542e-11,-2.124329090118408,-1.4394521713256836e-05,-10.139272689819336
44729453000,-5.515553291868258e-15,5.924080670460796e-15,5.5623436412410854e-11,-2.1323964595794678,-1.4483928680419922e-05,-10.137567520141602
44736440000,-4.736662451154672e-15,5.0801376993980796e-15,5.220762017144054e-11,-2.1362593173980713,-1.4722347259521484e-05,-10.136796951293945
44743583000,-4.068793912903601e-15,4.3576253716537394e-15,4.900156669318534e-11,-2.140176296234131,-1.4603137969970703e-05,-10.135971069335938
44750278000,-3.4941667614862837e-15,3.738329090730019e-15,4.59923973905596e-11,-2.1441562175750732,-1.436471939086914e-05,-10.135212898254395
44764212000,-2.5777990853015353e-15,2.7525724755061987e-15,4.051720417508342e-11,-2.151927947998047,-1.4662742614746094e-05,-10.133538246154785
44771161000,-2.2169766022983595e-15,2.3613923316734287e-15,3.802909376293684e-11,-2.1557679176330566,-1.4662742614746094e-05,-10.132745742797852
44778286000,-1.9051600574915284e-15,2.026590700809905e-15,3.569380555012991e-11,-2.1693294048309326,-4.082918167114258e-05,-10.122827529907227
44785074000,-1.6362779187151233e-15,1.7355908377147955e-15,3.347661384212053e-11,-2.1538517475128174,1.1682510375976562e-05,-10.140203475952148
44792070000,-1.4072944198861848e-15,1.4901274658640773e-15,3.14208520313386e-11,-2.167381525039673,-1.4781951904296875e-05,-10.130234718322754
44805952000,-1.0430024899310553e-15,1.0976462794243247e-15,2.7680311168176708e-11,-2.175065517425537,-1.4722347259521484e-05,-10.128560066223145
44812869000,-8.977193988179977e-16,9.41521166586412e-16,2.5980497267430458e-11,-2.1788432598114014,-1.4901161193847656e-05,-10.127699851989746
44819885000,-7.723856276786734e-16,8.092485015431805e-16,2.4385044330998973e-11,-2.1826729774475098,-1.4841556549072266e-05,-10.126873970031738
44826749000,-6.654832934716026e-16,6.956241138666996e-16,2.288758939317237e-11,-2.1864399909973145,-1.4781951904296875e-05,-10.125981330871582
44833713000,-5.73976630113826e-16,5.969617161705187e-16,2.1482071330125585e-11,-2.1901514530181885,-1.4841556549072266e-05,-10.1251859664917
44847645000,-4.2695881552479165e-16,4.408366033326061e-16,1.892468820541282e-11,-2.197584629058838,-1.4901161193847656e-05,-10.123455047607422
44854614000,-3.684118982105744e-16,3.7882023906643525e-16,1.7762544907151678e-11,-2.2012741565704346,-1.5020370483398438e-05,-10.122639656066895
44861521000,-3.185385982762412e-16,3.2526065174565133e-16,1.667178547992698e-11,-2.2050411701202393,-1.4960765838623047e-05,-10.121746063232422
44868495000,-2.749536709423239e-16,2.7994100093575724e-16,1.5647993317768893e-11,-2.208677053451538,-1.5079975128173828e-05,-10.120895385742188
44875484000,-2.3744027577432547e-16,2.409097227262791e-16,1.4687055391315873e-11,-2.212432861328125,-1.5020370483398438e-05,-10.120014190673828
44889312000,-1.7802599672211983e-16,1.7824283715661693e-16,1.2938599844303234e-11,-2.219672203063965,-1.5139579772949219e-05,-10.118258476257324
44896206000,-1.5439038936193583e-16,1.5330618718945033e-16,1.214403404226072e-11,-2.223806858062744,-1.633167266845703e-05,-10.117082595825195
44903254000,-1.338989683019598e-16,1.3227266504323154e-16,1.1397864423112747e-11,-2.226414203643799,-1.3768672943115234e-05,-10.117290496826172
44910178000,-1.1633489310769463e-16,1.1405806854547507e-16,1.0697926051961293e-11,-2.2309069633483887,-1.6450881958007812e-05,-10.115802764892578
44917050000,-1.0126448291014611e-16,9.80118763926896e-17,1.0040601162997209e-11,-2.233625888824463,-1.3887882232666016e-05,-10.116035461425781
44930951000,-7.719519468096792e-17,7.3075226425523e-17,8.845302094939722e-12,-2.2411582469940186,-1.531839370727539e-05,-10.114294052124023
44937916000,-6.754579534584693e-17,6.310056643865636e-17,8.30212287805665e-12,-2.244781494140625,-1.52587890625e-05,-10.1135835647583
44944872000,-5.919743861770854e-17,5.453536927602087e-17,7.792285046381853e-12,-2.2482354640960693,-1.5139579772949219e-05,-10.11297607421875
44951795000,-5.182486384480711e-17,4.705437428587089e-17,7.31377024915103e-12,-2.2518529891967773,-1.531839370727539e-05,-10.112250328063965
44965661000,-3.979021973021801e-17,3.5128150388530344e-17,6.443079576812227e-12,-2.258751392364502,-1.537799835205078e-05,-10.11095905303955
44972651000,-3.491130995403324e-17,3.0357660829594124e-17,6.047423412730568e-12,-2.2623143196105957,-1.5497207641601562e-05,-10.11024284362793
44979593000,-3.0899761915836876e-17,2.6454533008646308e-17,5.676047739461287e-12,-2.2657790184020996,-1.52587890625e-05,-10.109624862670898
44986558000,-2.721347452938616e-17,2.293087594806842e-17,5.327484113581971e-12,-2.2691633701324463,-1.5437602996826172e-05,-10.108978271484375
45000397000,-2.1196152472091612e-17,1.745565497701662e-17,4.693265741317898e-12,-2.276083469390869,-1.5556812286376953e-05,-10.107577323913574
45007409000,-1.9081958235744878e-17,1.5124620306172787e-17,4.405054012529552e-12,-2.2794623374938965,-1.5437602996826172e-05,-10.106913566589355
45014332000,-1.691355389077387e-17,1.3227266504323154e-17,4.134544703132681e-12,-2.2835803031921387,-1.7940998077392578e-05,-10.105413436889648
45021487000,-1.5070410197548512e-17,1.1546753136970622e-17,3.880366080538655e-12,-2.2854838371276855,-1.3053417205810547e-05,-10.10639476776123
45035104000,5.960464477539063e-08,0.2538510262966156,-2.2351741790771484e-08,-2.310898780822754,-9.417533874511719e-06,-10.172721862792969
45042107000,-5.960464477539063e-08,0.48121947050094604,1.4901161193847656e-08,-2.3302180767059326,-9.238719940185547e-06,-10.197220802307129
45049062000,2.384185791015625e-07,0.6667075753211975,-3.725290298461914e-08,-2.346479654312134,-9.953975677490234e-06,-10.187870025634766
45055986000,5.960464477539063e-08,0.7911567687988281,-0.0,-2.3580996990203857,-9.119510650634766e-06,-10.156500816345215
45062917000,4.76837158203125e-07,0.8554994463920593,-8.940696716308594e-08,-2.3653745651245117,-1.0132789611816406e-05,-10.120851516723633
45076812000,-1.7881393432617188e-07,0.8566200733184814,1.341104507446289e-07,-2.3709611892700195,-9.238719940185547e-06,-10.068915367126465
45083733000,1.7881393432617188e-07,0.8257169723510742,-1.4901161193847656e-08,-2.371751070022583,-9.834766387939453e-06,-10.053414344787598
45090714000,1.1920928955078125e-07,0.7916187047958374,4.470348358154297e-08,-2.3723771572113037,-9.894371032714844e-06,-10.042076110839844
45097633000,0.0,0.7624017596244812,8.940696716308594e-08,-2.3736324310302734,-9.59634780883789e-06,-10.033202171325684
45104583000,-1.7881393432617188e-07,0.7419553995132446,8.940696716308594e-08,-2.375516414642334,-9.08970832824707e-06,-10.025858879089355
45118463000,0.0,0.7278806567192078,-1.4901161193847656e-07,-2.3817014694213867,-9.566545486450195e-06,-10.012640953063965
45125422000,1.1920928955078125e-07,0.7304404377937317,-1.7881393432617188e-07,-2.385554790496826,-9.715557098388672e-06,-10.005748748779297
45132335000,4.172325134277344e-07,0.7360949516296387,-1.341104507446289e-07,-2.389677047729492,-9.864568710327148e-06,-9.998139381408691
45139355000,3.5762786865234375e-07,0.7427443265914917,-5.960464477539063e-08,-2.3939340114593506,-1.0311603546142578e-05,-9.989832878112793
45146375000,1.1920928955078125e-07,0.7489338517189026,5.960464477539063e-08,-2.4103152751922607,-2.9712915420532227e-05,-9.972699165344238
45160200000,4.76837158203125e-07,0.7573575377464294,-5.960464477539063e-08,-2.4064528942108154,-1.0251998901367188e-05,-9.96150016784668
45167155000,1.1920928955078125e-07,0.7594363689422607,-5.960464477539063e-08,-2.410592794418335,-9.566545486450195e-06,-9.951507568359375
45174105000,1.1920928955078125e-07,0.7604941725730896,1.4901161193847656e-08,-2.4145426750183105,-1.0251998901367188e-05,-9.941460609436035
45181069000,5.960464477539063e-08,0.7609216570854187,7.450580596923828e-08,-2.4187169075012207,-1.0117888450622559e-05,-9.93129825592041
45194891000,1.7881393432617188e-07,0.7611855864524841,1.4901161193847656e-08,-2.4269165992736816,-1.023709774017334e-05,-9.910957336425781
45201851000,1.1920928955078125e-07,0.7614324688911438,-0.0,-2.430922508239746,-9.94652509689331e-06,-9.900808334350586
45208814000,2.384185791015625e-07,0.7618699073791504,-7.450580596923828e-08,-2.435357093811035,-1.0214745998382568e-05,-9.890358924865723
45215787000,0.0,0.7624945044517517,-1.4901161193847656e-08,-2.4396090507507324,-9.760260581970215e-06,-9.8799409866333
45222724000,2.384185791015625e-07,0.7632637619972229,-1.043081283569336e-07,-2.4439198970794678,-1.0117888450622559e-05,-9.869316101074219
45236702000,0.0,0.765007734298706,-4.470348358154297e-08,-2.452775716781616,-9.551644325256348e-06,-9.847665786743164
45243549000,-1.1920928955078125e-07,0.7658839821815491,-4.470348358154297e-08,-2.457404851913452,-9.924173355102539e-06,-9.836535453796387
45250451000,-1.1920928955078125e-07,0.7667199969291687,-4.470348358154297e-08,-2.462005853652954,-9.5367431640625e-06,-9.825250625610352
45257424000,0.0,0.7675026059150696,-1.4901161193847656e-08,-2.466359853744507,-9.752810001373291e-06,-9.81398868560791
45264390000,0.0,0.7682299613952637,2.9802322387695312e-08,-2.4710428714752197,-1.0058283805847168e-05,-9.802401542663574
45278271000,0.0,0.7695451974868774,5.960464477539063e-08,-2.4803829193115234,-1.0788440704345703e-05,-9.778852462768555
45285177000,5.960464477539063e-08,0.7701515555381775,8.940696716308594e-08,-2.4850218296051025,-1.0639429092407227e-05,-9.766952514648438
45292221000,5.960464477539063e-08,0.7707347273826599,4.470348358154297e-08,-2.4897384643554688,-1.0594725608825684e-05,-9.754809379577637
45299081000,1.1920928955078125e-07,0.7713005542755127,-0.0,-2.4945461750030518,-1.1160969734191895e-05,-9.742508888244629
45306065000,5.960464477539063e-08,0.7718526124954224,1.4901161193847656e-08,-2.499211072921753,-1.1414289474487305e-05,-9.730157852172852
45319954000,3.5762786865234375e-07,0.7729201316833496,-1.043081283569336e-07,-2.5089597702026367,-1.1026859283447266e-05,-9.704780578613281
45326849000,-1.1920928955078125e-07,0.7734353542327881,1.1920928955078125e-07,-2.5137510299682617,-9.298324584960938e-06,-9.691920280456543
45333817000,-5.960464477539063e-08,0.7739369869232178,1.043081283569336e-07,-2.5185928344726562,-9.655952453613281e-06,-9.678905487060547
45340783000,1.1920928955078125e-07,0.7744241952896118,4.470348358154297e-08,-2.5235559940338135,-9.834766387939453e-06,-9.665635108947754
45347705000,2.384185791015625e-07,0.7748965620994568,-1.4901161193847656e-08,-2.528472900390625,-1.0907649993896484e-05,-9.652290344238281
45361563000,1.7881393432617188e-07,0.7757962942123413,-1.7881393432617188e-07,-2.538344144821167,-1.1026859283447266e-05,-9.62507438659668
45368548000,-5.960464477539063e-08,0.6049401760101318,-5.960464477539063e-08,-2.5316991806030273,-1.049041748046875e-05,-9.595263481140137
45375496000,-1.1920928955078125e-07,0.39660215377807617,3.725290298461914e-08,-2.5249016284942627,-1.0788440704345703e-05,-9.605270385742188
45382416000,-1.1920928955078125e-07,0.20335501432418823,-6.705522537231445e-08,-2.5211846828460693,-1.1801719665527344e-05,-9.610625267028809
45389393000,-1.8998980522155762e-07,0.055240847170352936,-9.033828973770142e-08,-2.522648811340332,-1.2636184692382812e-05,-9.603811264038086
45396345000,-1.3783574104309082e-07,-0.03817156329751015,-8.102506399154663e-08,-2.52962064743042,-9.775161743164062e-06,-9.59234619140625
45410247000,5.21540641784668e-08,-0.08643191307783127,1.30385160446167e-08,-2.5552194118499756,-1.0788440704345703e-05,-9.579056739807129
45417146000,5.21540641784668e-08,-0.06776180118322372,9.313225746154785e-09,-2.571070671081543,-1.0669231414794922e-05,-9.577826499938965
45424113000,-4.0978193283081055e-08,-0.038462504744529724,1.3969838619232178e-08,-2.587256669998169,-1.0073184967041016e-05,-9.577535629272461
45431026000,-2.039596438407898e-07,-0.008409959264099598,1.792795956134796e-08,-2.603452682495117,-1.1295080184936523e-05,-9.5764741897583
45438042000,-2.086162567138672e-07,0.01631745882332325,5.9138983488082886e-08,-2.6184322834014893,-1.1593103408813477e-05,-9.574875831604004
45451879000,-1.564621925354004e-07,0.041711803525686264,5.774199962615967e-08,-2.646453857421875,-1.0758638381958008e-05,-9.569976806640625
45458844000,-4.842877388000488e-08,0.04373545199632645,5.122274160385132e-08,-2.659465789794922,-1.1205673217773438e-05,-9.567517280578613
45465725000,1.3783574104309082e-07,0.04125107079744339,4.470348358154297e-08,-2.6721980571746826,-1.1086463928222656e-05,-9.565217971801758
45472720000,1.9744038581848145e-07,0.03638331592082977,4.0046870708465576e-08,-2.6846632957458496,-1.150369644165039e-05,-9.563044548034668
45479634000,2.5331974029541016e-07,0.030861372128129005,3.725290298461914e-08,-2.6972992420196533,-1.2248754501342773e-05,-9.5609712600708
45493529000,1.471489667892456e-07,0.021966325119137764,3.818422555923462e-08,-2.7222578525543213,-1.0520219802856445e-05,-9.557270050048828
45500464000,1.341104507446289e-07,0.019364792853593826,3.026798367500305e-08,-2.735382318496704,-1.2248754501342773e-05,-9.555237770080566
45507441000,1.0989606380462646e-07,0.017907684668898582,3.259629011154175e-08,-2.7480616569519043,-1.099705696105957e-05,-9.553512573242188
45514371000,9.499490261077881e-08,0.01730070263147354,3.026798367500305e-08,-2.761178970336914,-1.1086463928222656e-05,-9.551591873168945
45528238000,6.705522537231445e-08,0.017804469913244247,2.60770320892334e-08,-2.788278341293335,-1.1920928955078125e-05,-12.638066291809082
45535180000,6.146728992462158e-08,0.018561070784926414,2.514570951461792e-08,-2.802295207977295,-1.430511474609375e-05,-14.995473861694336
45542178000,4.284083843231201e-08,0.019067715853452682,2.8405338525772095e-08,-2.816063165664673,-1.1444091796875e-05,-17.13490104675293
45549149000,3.91155481338501e-08,0.019106395542621613,2.6542693376541138e-08,-2.8296406269073486,-1.1205673217773438e-05,-19.028736114501953
45556106000,4.284083843231201e-08,0.018673446029424667,1.7229467630386353e-08,-2.8431124687194824,-2.0503997802734375e-05,-20.674053192138672
45569956000,2.421438694000244e-08,0.0170105192810297,2.1420419216156006e-08,-2.871495485305786,-1.5735626220703125e-05,-23.265432357788086
45576915000,2.0489096641540527e-08,0.01613001339137554,2.0489096641540527e-08,-2.879683017730713,-1.1444091796875e-05,-24.299524307250977
45583818000,1.7695128917694092e-08,0.01536598615348339,1.862645149230957e-08,-2.894702434539795,-1.52587890625e-05,-25.119070053100586
45590890000,1.30385160446167e-08,0.014745168387889862,1.7229467630386353e-08,-2.907561779022217,-1.3828277587890625e-05,-25.808849334716797
45597738000,1.210719347000122e-08,0.014244444668293,1.5366822481155396e-08,-2.9201793670654297,-1.621246337890625e-05,-26.37480354309082
45611610000,9.313225746154785e-09,0.013438409194350243,1.30385160446167e-08,-2.9452905654907227,-1.7642974853515625e-05,-27.205961227416992
45618564000,9.313225746154785e-09,0.013063612394034863,1.30385160446167e-08,-2.9576268196105957,-1.6689300537109375e-05,-27.501575469970703
45625519000,8.381903171539307e-09,0.012681928463280201,1.1175870895385742e-08,-2.970132827758789,-2.002716064453125e-05,-27.732627868652344
45632414000,7.450580596923828e-09,0.012292491272091866,1.0011717677116394e-08,-2.9823856353759766,-2.002716064453125e-05,-27.91163444519043
45646361000,5.587935447692871e-09,0.011512471362948418,8.614733815193176e-09,-3.006805419921875,-1.811981201171875e-05,-28.140342712402344
45653298000,5.587935447692871e-09,0.011135323904454708,8.381903171539307e-09,-3.0191283226013184,-1.71661376953125e-05,-28.203773498535156
45660238000,6.51925802230835e-09,0.01077280379831791,8.149072527885437e-09,-3.031200885772705,-2.002716064453125e-05,-28.24106216430664
45667161000,4.6566128730773926e-09,0.010424324311316013,7.450580596923828e-09,-3.043365955352783,-1.811981201171875e-05,-28.255708694458008
45674144000,-1.6205012798309326e-07,0.010090208612382412,9.802170097827911e-08,-3.0553226470947266,-1.9073486328125e-05,-28.252531051635742
45688030000,-4.041939973831177e-07,0.009460647590458393,1.7159618437290192e-07,-3.0794830322265625,-2.3365020751953125e-05,-28.199434280395508
45694964000,-3.4552067518234253e-07,0.009160976856946945,1.6111880540847778e-07,-3.0913166999816895,-2.2411346435546875e-05,-28.1567325592041
45701889000,-1.30385160446167e-07,0.008869889192283154,1.511070877313614e-07,-3.103208541870117,-2.09808349609375e-05,-28.10243797302246
45708840000,5.681067705154419e-08,0.008588140830397606,1.4132820069789886e-07,-3.1149954795837402,-2.5272369384765625e-05,-28.042688369750977
45722735000,4.190951585769653e-08,0.008051019161939621,-1.380685716867447e-07,-3.138665199279785,-2.2411346435546875e-05,-27.901050567626953
45729690000,3.585591912269592e-08,0.007794405333697796,-2.2049061954021454e-07,-3.1505227088928223,-2.384185791015625e-05,-27.821849822998047
45736623000,-3.026798367500305e-07,0.007545719388872385,-2.9848888516426086e-07,-3.162046432495117,-2.1457672119140625e-05,-27.739809036254883
45743616000,-2.5890767574310303e-07,0.0073053366504609585,-2.798624336719513e-07,-3.1755270957946777,-2.574920654296875e-05,-27.638988494873047
45750526000,-2.207234501838684e-07,0.0070722270756959915,-2.634478732943535e-07,-3.1837472915649414,-2.193450927734375e-05,-27.5797119140625
45757488000,-1.8905848264694214e-07,0.006847710348665714,-2.477318048477173e-07,-3.197047233581543,-2.5272369384765625e-05,-27.473634719848633
45771434000,1.9185245037078857e-07,0.006419986020773649,-1.2549571692943573e-07,-3.220263957977295,-1.7642974853515625e-05,-27.283658981323242
45778292000,-1.6903504729270935e-07,0.00621532928198576,-1.1734664440155029e-07,-3.2316246032714844,-1.8596649169921875e-05,-27.186969757080078
45785220000,-4.78699803352356e-07,0.006017531733959913,-1.1059455573558807e-07,-3.2430129051208496,-1.6689300537109375e-05,-27.087732315063477
45792206000,-2.430751919746399e-07,0.005826274398714304,-1.2689270079135895e-08,-3.2544097900390625,-1.7642974853515625e-05,-26.98821449279785
45806127000,-1.257285475730896e-08,0.0054613202810287476,1.6600824892520905e-07,-3.27719783782959,-1.811981201171875e-05,-26.784908294677734
45813064000,4.898756742477417e-07,0.00528772734105587,3.384193405508995e-07,-3.2884421348571777,-1.8596649169921875e-05,-26.681720733642578
45820064000,8.66129994392395e-08,0.00511956075206399,4.0850136429071426e-07,-3.2996954917907715,-1.9550323486328125e-05,-26.577898025512695
45826900000,7.450580596923828e-08,0.004956711083650589,3.834720700979233e-07,-3.310819149017334,-2.002716064453125e-05,-26.474021911621094
45833828000,6.379559636116028e-08,0.004799427464604378,2.6868656277656555e-07,-3.322213649749756,-1.9550323486328125e-05,-26.36823081970215
45840814000,5.494803190231323e-08,0.004647574853152037,1.6100239008665085e-07,-3.333242416381836,-1.9550323486328125e-05,-26.26241683959961
45854807000,-2.691522240638733e-07,0.004356104880571365,5.029141902923584e-08,-3.3552982807159424,-2.09808349609375e-05,-26.04998016357422
45861607000,-2.3096799850463867e-07,0.004217813257128,4.738103598356247e-08,-3.366514205932617,-2.0503997802734375e-05,-25.942594528198242
45868573000,-1.9790604710578918e-07,0.004084243439137936,-4.691537469625473e-08,-3.3773300647735596,-2.002716064453125e-05,-25.836009979248047
45875510000,1.6391277313232422e-07,0.0039540608413517475,-1.3550743460655212e-07,-3.388317823410034,-2.09808349609375e-05,-25.72760009765625
45882433000,3.073364496231079e-07,0.0038286112248897552,-2.1862797439098358e-07,-3.399306297302246,-2.2411346435546875e-05,-25.619779586791992
45896321000,2.260785549879074e-07,0.0035890438593924046,-1.9260914996266365e-07,-3.420835494995117,-2.1457672119140625e-05,-25.403289794921875
45903422000,1.939479261636734e-07,0.003475152887403965,-8.940696716308594e-08,-3.4501097202301025,-4.4345855712890625e-05,-25.129060745239258
45910314000,-1.708976924419403e-07,0.0033634244464337826,-8.399365469813347e-08,-3.423842430114746,4.76837158203125e-07,-25.351608276367188
45917231000,-1.46450474858284e-07,0.0032565488945692778,1.0395888239145279e-07,-3.453253746032715,-2.1457672119140625e-05,-25.074970245361328
45924251000,-1.2549571692943573e-07,0.0031534156296402216,1.889420673251152e-07,-3.463977336883545,-2.2411346435546875e-05,-24.965669631958008
45938217000,-1.3969838619232178e-07,0.002955914242193103,8.061761036515236e-08,-3.485189437866211,-2.1457672119140625e-05,-24.746679306030273
45945032000,4.6566128730773926e-08,0.002862656954675913,7.64266587793827e-08,-3.4956085681915283,-1.8596649169921875e-05,-24.637855529785156
45951959000,-2.935994416475296e-07,0.002772035775706172,-1.955777406692505e-08,-3.5061099529266357,-2.002716064453125e-05,-24.527585983276367
45958927000,-2.514570951461792e-07,0.0026840046048164368,-1.9150320440530777e-08,-3.5165345668792725,-2.2411346435546875e-05,-24.418859481811523
45972850000,3.150198608636856e-07,0.0025160321965813637,6.944173946976662e-08,-3.5373446941375732,-1.811981201171875e-05,-24.19904327392578
45979740000,6.041955202817917e-07,0.002435848815366626,-2.6833731681108475e-08,-3.5478925704956055,-2.2411346435546875e-05,-24.089008331298828
45986715000,5.173496901988983e-07,0.0023585997987538576,-2.4330802261829376e-08,-3.5586884021759033,-1.7642974853515625e-05,-23.972652435302734
45993692000,2.7706846594810486e-07,0.002283502137288451,-2.35741026699543e-08,-3.5675270557403564,-2.09808349609375e-05,-23.877168655395508
46000567000,-2.621673047542572e-07,0.002211150014773011,-2.2118911147117615e-08,-3.5784900188446045,-2.288818359375e-05,-23.76000213623047
46014517000,-4.791654646396637e-07,0.0020722600165754557,7.223570719361305e-08,-3.5988948345184326,-1.9073486328125e-05,-23.541168212890625
46021468000,-4.109460860490799e-07,0.002007036004215479,6.810296326875687e-08,-3.60882830619812,-1.7642974853515625e-05,-23.432371139526367
46028389000,-3.523891791701317e-07,0.0019442819757387042,6.373738870024681e-08,-3.6189680099487305,-2.002716064453125e-05,-23.322628021240234
46035297000,-1.3550743460655212e-07,0.0018821434350684285,1.511070877313614e-07,-3.628802537918091,-1.811981201171875e-05,-23.21424674987793
46042306000,2.1723099052906036e-07,0.0018220356432721019,1.4185206964612007e-07,-3.6388978958129883,-1.9073486328125e-05,-23.10448455810547
46056159000,5.654292181134224e-07,0.001708360854536295,1.2447708286345005e-07,-3.6586408615112305,-2.3365020751953125e-05,-22.886898040771484
46063132000,4.844041541218758e-07,0.0016545368125662208,1.1734664440155029e-07,-3.668330430984497,-1.9073486328125e-05,-22.779584884643555
46070181000,4.157191142439842e-07,0.001602392178028822,1.096632331609726e-07,-3.678433656692505,-2.3603439331054688e-05,-22.670204162597656
46076999000,3.564637154340744e-07,0.0015516828279942274,1.0291114449501038e-07,-3.6881399154663086,-2.384185791015625e-05,-22.562458038330078
46091015000,2.6170164346694946e-07,0.0014545267913490534,9.094947017729282e-08,-3.7059378623962402,-1.7404556274414062e-05,-22.360197067260742
46097866000,2.2456515580415726e-07,0.0014077407540753484,8.501228876411915e-08,-3.717055559158325,-2.4080276489257812e-05,-22.23929786682129
46104999000,1.9255094230175018e-07,0.0013629605527967215,7.977359928190708e-08,-3.7428338527679443,-4.482269287109375e-05,-21.991985321044922
46111829000,1.6437843441963196e-07,0.0013192922342568636,7.526250556111336e-08,-3.719911575317383,4.5299530029296875e-06,-22.16643524169922
46118796000,1.4097895473241806e-07,0.0012776274234056473,7.06349965184927e-08,-3.7455968856811523,-2.002716064453125e-05,-21.918182373046875
46132627000,-1.8207356333732605e-07,0.0011983010917901993,-2.9278453439474106e-08,-3.7645208835601807,-2.3126602172851562e-05,-21.70575714111328
46139676000,-1.5611294656991959e-07,0.001160392421297729,-2.727028913795948e-08,-3.7740628719329834,-2.193450927734375e-05,-21.599441528320312
46146568000,-1.3399403542280197e-07,0.0011238906299695373,-2.561137080192566e-08,-3.783273696899414,-2.002716064453125e-05,-21.494598388671875
46153467000,-1.150183379650116e-07,0.0010884287767112255,-2.3952452465891838e-08,-3.792555570602417,-1.8596649169921875e-05,-21.389373779296875
46167349000,-8.440110832452774e-08,0.0010212657507508993,-2.1100277081131935e-08,-3.8110742568969727,-2.002716064453125e-05,-21.17997169494629
46174311000,-7.241033017635345e-08,0.0009887738851830363,-1.9819708541035652e-08,-3.8202126026153564,-2.0503997802734375e-05,-21.075862884521484
46181267000,-6.199115887284279e-08,0.0009565819054841995,-1.8655555322766304e-08,-3.829266309738159,-2.1457672119140625e-05,-20.972150802612305
46188275000,-5.326000973582268e-08,0.0009254808537662029,-1.752050593495369e-08,-3.8382556438446045,-2.1696090698242188e-05,-20.869474411010742
46202127000,-3.905734047293663e-08,0.0008680270402692258,-1.535227056592703e-08,-3.8563616275787354,-2.09808349609375e-05,-20.66358184814453
46209135000,-3.341119736433029e-08,0.0008412247407250106,-1.446460373699665e-08,-3.8651609420776367,-1.9788742065429688e-05,-20.561248779296875
46215990000,-2.8638169169425964e-08,0.0008147446787916124,-1.3547833077609539e-08,-3.8741679191589355,-2.1457672119140625e-05,-20.45951271057129
46223012000,-2.4621840566396713e-08,0.0007890413980931044,-1.2718373909592628e-08,-3.8830673694610596,-2.2411346435546875e-05,-20.358095169067383
46236816000,-1.816079020500183e-08,0.0007403233903460205,-1.123407855629921e-08,-3.90059757232666,-2.09808349609375e-05,-20.1567325592041
46243930000,-1.5599653124809265e-08,0.0007165672723203897,-1.0521034710109234e-08,-3.9092788696289062,-2.0265579223632812e-05,-20.056509017944336
46250744000,-1.3271346688270569e-08,0.0006938660517334938,-9.880750440061092e-09,-3.9180283546447754,-2.09808349609375e-05,-19.95713233947754
46257695000,-1.146690919995308e-08,0.0006715696072205901,-9.284121915698051e-09,-3.9266791343688965,-2.288818359375e-05,-19.85727310180664
46271612000,-8.32369551062584e-09,0.0006289664306677878,-8.192728273570538e-09,-3.9437553882598877,-2.0503997802734375e-05,-19.66090202331543
46278484000,-7.159542292356491e-09,0.0006094267009757459,-7.668859325349331e-09,-3.952359199523926,-2.1457672119140625e-05,-19.56283187866211
46285456000,-6.28642737865448e-09,0.0005905074067413807,-7.188646122813225e-09,-3.9618101119995117,-2.3126602172851562e-05,-19.457651138305664
46292374000,-5.413312464952469e-09,0.000571940210647881,-6.752088665962219e-09,-3.9684221744537354,-2.0265579223632812e-05,-19.375978469848633
46299346000,-4.540197551250458e-09,0.0005543673178181052,-6.344635039567947e-09,-3.9777233600616455,-2.09808349609375e-05,-19.2719783782959
46313255000,-3.3178366720676422e-09,0.0005197386490181088,-5.602487362921238e-09,-3.9944424629211426,-2.2649765014648438e-05,-19.080604553222656
46320218000,-2.7939677238464355e-09,0.0005031103501096368,-5.238689482212067e-09,-4.002533912658691,-2.3126602172851562e-05,-18.98579978942871
46327135000,-2.4156179279088974e-09,0.00048668705858290195,-4.933099262416363e-09,-4.010819911956787,-2.3126602172851562e-05,-18.891132354736328
46340997000,-1.6298145055770874e-09,0.00045646255603060126,-4.4674379751086235e-09,-4.027120113372803,-2.574920654296875e-05,-18.703813552856445
46347937000,-1.5133991837501526e-09,0.0004423597129061818,-4.0745362639427185e-09,-4.035285949707031,-2.3126602172851562e-05,-18.610437393188477
46354936000,-1.280568540096283e-09,0.0004277671978343278,-3.805325832217932e-09,-4.043239116668701,-2.2172927856445312e-05,-18.51883888244629
46361865000,-1.076841726899147e-09,0.00041392334969714284,-3.601599019020796e-09,-4.051339149475098,-2.2172927856445312e-05,-18.42630386352539
46368830000,-9.313225746154785e-10,0.0004005536902695894,-3.3542164601385593e-09,-4.0594329833984375,-2.1696090698242188e-05,-18.3353214263916
46382674000,-6.984919309616089e-10,0.00037609689752571285,-2.975866664201021e-09,-4.075054168701172,-2.384185791015625e-05,-18.154069900512695
46389764000,-5.529727786779404e-10,0.00036428944440558553,-2.786691766232252e-09,-4.084831237792969,-2.765655517578125e-05,-18.049774169921875
46396535000,-4.3655745685100555e-10,0.0003533168928697705,-2.6193447411060333e-09,-4.088919162750244,-2.0742416381835938e-05,-17.98923683166504
46403450000,-3.4924596548080444e-10,0.00034209160367026925,-2.5393092073500156e-09,-4.098769187927246,-2.4557113647460938e-05,-17.886301040649414
46417349000,-2.9103830456733704e-10,0.00032011972507461905,-2.1609594114124775e-09,-4.114124298095703,-2.3126602172851562e-05,-17.710315704345703
46424364000,-2.3283064365386963e-10,0.00030979589791968465,-2.0372681319713593e-09,-4.121585369110107,-2.3245811462402344e-05,-17.623075485229492
46431310000,-1.7462298274040222e-10,0.0003004447207786143,-1.913576852530241e-09,-4.130107402801514,-2.4080276489257812e-05,-17.530122756958008
46438325000,-1.4551915228366852e-10,0.0002910870243795216,-1.7898855730891228e-09,-4.13603401184082,-2.2172927856445312e-05,-17.457326889038086
46452111000,-1.4551915228366852e-10,0.0002732209104578942,-1.57160684466362e-09,-4.15185022354126,-2.276897430419922e-05,-17.28030014038086
46459184000,-1.1641532182693481e-10,0.0002637518919073045,-1.4770193956792355e-09,-4.1591477394104,-2.3126602172851562e-05,-17.196434020996094
46466023000,-1.1641532182693481e-10,0.00025563445524312556,-1.367880031466484e-09,-4.166769981384277,-2.384185791015625e-05,-17.111906051635742
46473016000,-8.731149137020111e-11,0.0002476744120940566,-1.2951204553246498e-09,-4.174107074737549,-2.4557113647460938e-05,-17.029014587402344
46479859000,-4.3655745685100555e-11,0.00024001627753023058,-1.2223608791828156e-09,-4.181335926055908,-2.4557113647460938e-05,-16.946521759033203
46493839000,2.9103830456733704e-11,0.0002256745647173375,-1.1423253454267979e-09,-4.191440105438232,-1.6927719116210938e-05,-16.814992904663086
46500710000,-1.4551915228366852e-11,0.000218821078306064,-1.014996087178588e-09,-4.203287124633789,-2.4318695068359375e-05,-16.701200485229492
46507758000,-1.4551915228366852e-11,0.00021177811140660197,-9.531504474580288e-10,-4.2101311683654785,-2.4437904357910156e-05,-16.621339797973633
46514685000,-4.3655745685100555e-11,0.00020507306908257306,-8.803908713161945e-10,-4.217458248138428,-2.4080276489257812e-05,-16.541406631469727
46521691000,0.0,0.0001983243419090286,-8.294591680169106e-10,-4.229264259338379,-3.349781036376953e-05,-16.426733016967773
46535473000,0.0,0.00018583855126053095,-7.385096978396177e-10,-4.238555431365967,-2.4557113647460938e-05,-16.30485725402832
46542461000,0.0,0.00017983306315727532,-6.912159733474255e-10,-4.245787620544434,-2.4557113647460938e-05,-16.22705078125
46549426000,0.0,0.00017368391854688525,-6.439222488552332e-10,-4.252593040466309,-2.4557113647460938e-05,-16.150156021118164
46556383000,-1.4551915228366852e-11,0.00016807872452773154,-6.002665031701326e-10,-4.259418487548828,-2.3186206817626953e-05,-16.073863983154297
46570239000,0.0,0.00015724780678283423,-5.311449058353901e-10,-4.273200035095215,-2.4437904357910156e-05,-15.922170639038086
46577182000,0.0,0.00015265376714523882,-4.984030965715647e-10,-4.279955863952637,-2.4378299713134766e-05,-15.847870826721191
46584100000,-1.4551915228366852e-11,0.0001478815102018416,-4.69299266114831e-10,-4.286746501922607,-2.4139881134033203e-05,-15.773547172546387
46591117000,0.0,0.00014312317944131792,-4.4019543565809727e-10,-4.293398857116699,-2.3484230041503906e-05,-15.69957160949707
46605003000,0.0,0.00013456956367008388,-3.8562575355172157e-10,-4.306460380554199,-2.4616718292236328e-05,-15.554105758666992
46611955000,1.4551915228366852e-11,0.00013037648750469089,-3.601599019020796e-10,-4.315476417541504,-2.9742717742919922e-05,-15.4668607711792
46618856000,1.4551915228366852e-11,0.00012577134475577623,-3.383320290595293e-10,-4.317751884460449,-1.996755599975586e-05,-15.42624282836914
46625785000,7.275957614183426e-12,0.00012183323269709945,-3.128661774098873e-10,-4.326280117034912,-2.384185791015625e-05,-15.339887619018555
46632771000,2.1827872842550278e-11,0.00011845704284496605,-3.055902197957039e-10,-4.3326005935668945,-2.4318695068359375e-05,-15.269515991210938
46646876000,2.9103830456733704e-11,0.00011148473276989534,-2.6921043172478676e-10,-4.345767498016357,-2.4318695068359375e-05,-15.130838394165039
46653554000,0.0,0.00010758395364973694,-2.455635694786906e-10,-4.3519697189331055,-2.4825334548950195e-05,-15.062044143676758
46660555000,7.275957614183426e-12,0.00010457330063218251,-2.3101165425032377e-10,-4.358275890350342,-2.524256706237793e-05,-14.993979454040527
